farmer_id,supplier_id,registration_date,cooperative_name
1,1,2017-01-18,
2,2,2019-08-20,Kaduna Farmers Cooperative
3,3,2024-05-24,Ibadan Farmers Cooperative
4,4,2023-04-19,Kumasi Farmers Cooperative
5,5,2016-11-13,Kaduna Farmers Cooperative
6,6,2018-10-28,Uyo Farmers Cooperative
7,7,2017-05-24,Kaduna Farmers Cooperative
8,8,2023-03-11,Ibadan Farmers Cooperative
9,9,2016-08-12,
10,10,2019-05-01,Uyo Farmers Cooperative
11,11,2019-10-30,Kumasi Farmers Cooperative
12,12,2015-11-14,
13,13,2018-11-22,
14,14,2023-01-24,
15,15,2020-04-16,
16,16,2016-01-14,
17,17,2021-04-12,
18,18,2020-10-24,Uyo Farmers Cooperative
19,19,2018-02-11,
20,20,2017-04-07,Nakuru Farmers Cooperative
21,21,2023-12-18,Benue Farmers Cooperative
22,22,2016-07-02,
23,23,2025-05-20,Kumasi Farmers Cooperative
24,24,2023-02-01,Nakuru Farmers Cooperative
25,25,2015-04-15,Uyo Farmers Cooperative
26,26,2018-04-13,
27,27,2026-04-08,Enugu Farmers Cooperative
28,28,2025-10-17,
29,29,2016-10-20,Kumasi Farmers Cooperative
30,30,2016-05-19,Kaduna Farmers Cooperative
31,31,2018-10-19,
32,32,2015-06-12,Nakuru Farmers Cooperative
33,33,2021-03-28,Benue Farmers Cooperative
34,34,2020-12-20,
35,35,2022-07-16,Kaduna Farmers Cooperative
36,36,2021-11-08,Benue Farmers Cooperative
37,37,2017-10-23,Ibadan Farmers Cooperative
38,38,2015-01-19,Enugu Farmers Cooperative
39,39,2020-03-23,
40,40,2019-07-15,Enugu Farmers Cooperative
41,41,2024-06-21,Kumasi Farmers Cooperative
42,42,2022-05-23,
43,43,2019-10-28,
44,44,2016-01-16,
45,45,2015-04-22,Uyo Farmers Cooperative
46,46,2020-09-10,Kumasi Farmers Cooperative
47,47,2023-06-13,Kaduna Farmers Cooperative
48,48,2023-12-20,Kaduna Farmers Cooperative
49,49,2021-10-10,
50,50,2018-04-16,Enugu Farmers Cooperative
51,51,2021-02-23,Uyo Farmers Cooperative
52,52,2024-07-30,
53,53,2025-12-20,Kaduna Farmers Cooperative
54,54,2024-06-16,Kaduna Farmers Cooperative
55,55,2016-02-01,
56,56,2023-05-20,
57,57,2021-05-16,
58,58,2025-02-10,Nakuru Farmers Cooperative
59,59,2017-03-18,
60,60,2022-07-23,
61,61,2021-10-26,Nakuru Farmers Cooperative
62,62,2025-12-01,Kaduna Farmers Cooperative
63,63,2023-12-13,
64,64,2025-09-11,Benue Farmers Cooperative
65,65,2017-11-04,
66,66,2015-06-02,
67,67,2025-01-17,Uyo Farmers Cooperative
68,68,2019-10-01,Ibadan Farmers Cooperative
69,69,2025-12-13,
70,70,2021-12-08,
71,71,2024-08-19,Kaduna Farmers Cooperative
72,72,2015-12-02,Kaduna Farmers Cooperative
73,73,2021-01-29,Enugu Farmers Cooperative
74,74,2017-02-16,Nakuru Farmers Cooperative
75,75,2021-11-20,Kaduna Farmers Cooperative
76,76,2025-04-24,
77,77,2021-08-25,Kumasi Farmers Cooperative
78,78,2015-06-28,Uyo Farmers Cooperative
79,79,2022-10-27,Enugu Farmers Cooperative
80,80,2022-05-22,Uyo Farmers Cooperative
81,81,2017-04-09,
82,82,2025-10-01,Uyo Farmers Cooperative
83,83,2025-03-04,Enugu Farmers Cooperative
84,84,2022-11-24,Kumasi Farmers Cooperative
85,85,2023-04-20,
86,86,2016-09-23,Kumasi Farmers Cooperative
87,87,2016-11-06,
88,88,2023-09-10,Uyo Farmers Cooperative
89,89,2023-08-24,Benue Farmers Cooperative
90,90,2017-07-26,Ibadan Farmers Cooperative
91,91,2022-03-16,Uyo Farmers Cooperative
92,92,2023-09-10,
93,93,2020-08-12,
94,94,2017-07-05,
95,95,2021-03-08,
96,96,2025-10-20,Ibadan Farmers Cooperative
97,97,2022-02-26,Kumasi Farmers Cooperative
98,98,2023-08-18,
99,99,2022-06-25,
100,100,2015-03-10,Uyo Farmers Cooperative
101,101,2020-02-27,
102,102,2021-05-16,Enugu Farmers Cooperative
103,103,2024-11-29,
104,104,2015-06-16,
105,105,2018-11-25,Enugu Farmers Cooperative
106,106,2025-12-19,Uyo Farmers Cooperative
107,107,2018-07-07,
108,108,2015-10-19,
109,109,2021-05-22,Uyo Farmers Cooperative
110,110,2017-01-18,Nakuru Farmers Cooperative
111,111,2024-07-24,
112,112,2022-02-08,Kumasi Farmers Cooperative
113,113,2015-04-29,Ibadan Farmers Cooperative
114,114,2015-05-08,
115,115,2023-04-10,Uyo Farmers Cooperative
116,116,2023-10-08,
117,117,2021-03-03,
118,118,2024-02-07,Uyo Farmers Cooperative
119,119,2019-03-09,Nakuru Farmers Cooperative
120,120,2025-12-13,
121,121,2015-09-14,
122,122,2019-03-29,Ibadan Farmers Cooperative
123,123,2020-07-22,Kumasi Farmers Cooperative
124,124,2020-05-16,
125,125,2019-06-14,Ibadan Farmers Cooperative
126,126,2026-06-05,Enugu Farmers Cooperative
127,127,2016-11-11,
128,128,2025-10-11,Ibadan Farmers Cooperative
129,129,2025-01-08,Uyo Farmers Cooperative
130,130,2020-01-25,Kaduna Farmers Cooperative
131,131,2018-09-22,Kumasi Farmers Cooperative
132,132,2016-04-11,
133,133,2026-03-22,
134,134,2025-11-21,
135,135,2019-07-21,
136,136,2021-07-14,
137,137,2017-09-10,Uyo Farmers Cooperative
138,138,2021-09-22,Kaduna Farmers Cooperative
139,139,2025-12-27,Enugu Farmers Cooperative
140,140,2020-03-11,Ibadan Farmers Cooperative
141,141,2017-08-17,
142,142,2015-02-19,Kaduna Farmers Cooperative
143,143,2017-11-20,
144,144,2025-05-29,
145,145,2018-09-10,Uyo Farmers Cooperative
146,146,2017-01-05,Kaduna Farmers Cooperative
147,147,2025-01-26,Kaduna Farmers Cooperative
148,148,2018-04-19,Uyo Farmers Cooperative
149,149,2024-05-31,
150,150,2021-01-28,Ibadan Farmers Cooperative
151,151,2024-07-10,
152,152,2024-12-01,
153,153,2020-10-08,Benue Farmers Cooperative
154,154,2019-04-15,Enugu Farmers Cooperative
155,155,2024-04-18,
156,156,2025-07-31,Nakuru Farmers Cooperative
157,157,2019-10-19,Kumasi Farmers Cooperative
158,158,2020-01-05,
159,159,2024-05-23,Ibadan Farmers Cooperative
160,160,2016-07-10,
161,161,2019-11-02,Benue Farmers Cooperative
162,162,2017-03-20,
163,163,2015-12-07,Uyo Farmers Cooperative
164,164,2021-09-19,
165,165,2016-11-12,
166,166,2023-12-30,
167,167,2018-02-23,
168,168,2018-10-03,
169,169,2024-07-24,Benue Farmers Cooperative
170,170,2021-06-06,Enugu Farmers Cooperative
171,171,2021-02-02,
172,172,2025-05-11,Enugu Farmers Cooperative
173,173,2023-10-22,
174,174,2021-07-03,Benue Farmers Cooperative
175,175,2015-01-26,Enugu Farmers Cooperative
176,176,2016-10-01,Benue Farmers Cooperative
177,177,2025-06-02,
178,178,2023-10-02,Nakuru Farmers Cooperative
179,179,2020-08-07,Ibadan Farmers Cooperative
180,180,2022-09-17,
181,181,2019-01-25,
182,182,2018-12-09,Benue Farmers Cooperative
183,183,2016-11-27,
184,184,2015-04-24,
185,185,2025-03-11,
186,186,2022-08-21,
187,187,2019-12-28,Ibadan Farmers Cooperative
188,188,2016-02-12,
189,189,2026-05-04,Kaduna Farmers Cooperative
190,190,2023-04-22,Kaduna Farmers Cooperative
191,191,2020-09-05,Kumasi Farmers Cooperative
192,192,2025-10-09,
193,193,2025-02-06,Uyo Farmers Cooperative
194,194,2020-10-02,Kaduna Farmers Cooperative
195,195,2019-01-31,
196,196,2024-05-30,
197,197,2025-10-22,Nakuru Farmers Cooperative
198,198,2018-09-23,
199,199,2026-03-21,Ibadan Farmers Cooperative
200,200,2020-02-06,
201,201,2018-04-01,Nakuru Farmers Cooperative
202,202,2025-08-11,Ibadan Farmers Cooperative
203,203,2020-10-16,Kaduna Farmers Cooperative
204,204,2024-06-29,Enugu Farmers Cooperative
205,205,2017-07-06,
206,206,2020-12-18,Nakuru Farmers Cooperative
207,207,2015-12-16,Ibadan Farmers Cooperative
208,208,2026-04-21,
209,209,2025-11-24,
210,210,2015-08-17,
211,211,2023-03-16,Uyo Farmers Cooperative
212,212,2022-11-05,
213,213,2015-01-01,Kumasi Farmers Cooperative
214,214,2015-06-10,Nakuru Farmers Cooperative
215,215,2019-03-05,
216,216,2024-06-15,
217,217,2016-03-08,Uyo Farmers Cooperative
218,218,2015-09-28,
219,219,2020-01-02,
220,220,2019-02-06,
221,221,2021-02-27,Ibadan Farmers Cooperative
222,222,2024-07-04,Ibadan Farmers Cooperative
223,223,2015-10-29,Enugu Farmers Cooperative
224,224,2022-01-18,
225,225,2025-12-12,Ibadan Farmers Cooperative
226,226,2019-09-22,Ibadan Farmers Cooperative
227,227,2017-06-11,Kumasi Farmers Cooperative
228,228,2015-08-14,
229,229,2020-06-18,
230,230,2019-10-25,Kaduna Farmers Cooperative
231,231,2015-04-15,Benue Farmers Cooperative
232,232,2018-09-02,
233,233,2017-02-02,
234,234,2026-04-22,Kumasi Farmers Cooperative
235,235,2020-03-28,Nakuru Farmers Cooperative
236,236,2015-01-23,Kaduna Farmers Cooperative
237,237,2019-11-23,Uyo Farmers Cooperative
238,238,2023-02-22,Ibadan Farmers Cooperative
239,239,2016-12-02,Kaduna Farmers Cooperative
240,240,2021-04-30,Benue Farmers Cooperative
241,241,2024-08-16,
242,242,2025-06-09,Benue Farmers Cooperative
243,243,2015-05-07,Uyo Farmers Cooperative
244,244,2017-06-10,
245,245,2021-08-05,
246,246,2021-02-11,
247,247,2026-01-14,Ibadan Farmers Cooperative
248,248,2017-02-16,
249,249,2021-01-31,Kaduna Farmers Cooperative
250,250,2018-01-24,
251,251,2015-07-29,Kaduna Farmers Cooperative
252,252,2015-08-09,
253,253,2016-12-27,Kaduna Farmers Cooperative
254,254,2017-12-16,Nakuru Farmers Cooperative
255,255,2023-08-15,Ibadan Farmers Cooperative
256,256,2025-04-17,
257,257,2015-08-31,
258,258,2026-06-14,Enugu Farmers Cooperative
259,259,2018-01-08,
260,260,2015-02-04,Ibadan Farmers Cooperative
261,261,2016-10-27,Nakuru Farmers Cooperative
262,262,2022-12-07,
263,263,2024-10-19,Enugu Farmers Cooperative
264,264,2023-12-19,
265,265,2023-04-19,Kumasi Farmers Cooperative
266,266,2021-02-28,Ibadan Farmers Cooperative
267,267,2016-02-18,Kumasi Farmers Cooperative
268,268,2020-11-28,
269,269,2019-12-31,Kaduna Farmers Cooperative
270,270,2017-12-02,
271,271,2025-12-22,Enugu Farmers Cooperative
272,272,2018-03-09,Enugu Farmers Cooperative
273,273,2023-11-28,Kaduna Farmers Cooperative
274,274,2018-05-20,
275,275,2023-07-14,
276,276,2021-06-28,Enugu Farmers Cooperative
277,277,2015-07-06,Nakuru Farmers Cooperative
278,278,2020-08-06,
279,279,2016-11-06,Benue Farmers Cooperative
280,280,2022-02-05,Uyo Farmers Cooperative
281,281,2023-12-17,Ibadan Farmers Cooperative
282,282,2022-04-12,
283,283,2024-07-07,Uyo Farmers Cooperative
284,284,2023-05-25,
285,285,2017-05-08,
286,286,2018-03-30,Uyo Farmers Cooperative
287,287,2018-11-05,
288,288,2016-09-29,Kumasi Farmers Cooperative
289,289,2025-05-17,
290,290,2021-12-18,Benue Farmers Cooperative
291,291,2021-12-04,Uyo Farmers Cooperative
292,292,2026-05-16,
293,293,2025-06-18,Kaduna Farmers Cooperative
294,294,2019-12-12,Uyo Farmers Cooperative
295,295,2024-08-18,Benue Farmers Cooperative
296,296,2020-01-20,Ibadan Farmers Cooperative
297,297,2018-10-15,
298,298,2019-02-06,Ibadan Farmers Cooperative
299,299,2018-09-25,Kaduna Farmers Cooperative
300,300,2016-06-27,Kumasi Farmers Cooperative
301,301,2017-07-25,Benue Farmers Cooperative
302,302,2016-01-28,
303,303,2021-01-21,Enugu Farmers Cooperative
304,304,2020-09-11,Enugu Farmers Cooperative
305,305,2021-02-13,Enugu Farmers Cooperative
306,306,2015-04-27,
307,307,2020-09-24,Enugu Farmers Cooperative
308,308,2024-09-13,
309,309,2017-08-05,
310,310,2017-02-01,Kaduna Farmers Cooperative
311,311,2020-03-16,
312,312,2019-07-03,
313,313,2024-03-10,
314,314,2025-08-27,Enugu Farmers Cooperative
315,315,2018-11-21,
316,316,2023-08-15,
317,317,2022-11-09,Kumasi Farmers Cooperative
318,318,2020-07-29,
319,319,2024-01-19,
320,320,2018-01-13,Uyo Farmers Cooperative
321,321,2024-06-13,Benue Farmers Cooperative
322,322,2021-09-13,Nakuru Farmers Cooperative
323,323,2026-06-27,Kaduna Farmers Cooperative
324,324,2022-03-04,Nakuru Farmers Cooperative
325,325,2021-11-24,
326,326,2020-09-14,
327,327,2022-03-16,Kumasi Farmers Cooperative
328,328,2026-03-06,Enugu Farmers Cooperative
329,329,2018-03-12,Uyo Farmers Cooperative
330,330,2019-05-20,
331,331,2022-07-06,Ibadan Farmers Cooperative
332,332,2015-03-06,
333,333,2025-02-04,Benue Farmers Cooperative
334,334,2024-10-14,
335,335,2018-02-11,Uyo Farmers Cooperative
336,336,2021-06-04,Kumasi Farmers Cooperative
337,337,2020-01-09,Enugu Farmers Cooperative
338,338,2015-09-12,
339,339,2018-01-02,Uyo Farmers Cooperative
340,340,2016-02-22,
341,341,2015-01-26,
342,342,2017-02-04,Kumasi Farmers Cooperative
343,343,2020-02-29,Uyo Farmers Cooperative
344,344,2017-01-25,
345,345,2016-05-18,
346,346,2025-08-30,Benue Farmers Cooperative
347,347,2016-06-02,Uyo Farmers Cooperative
348,348,2025-12-26,Ibadan Farmers Cooperative
349,349,2023-06-04,
350,350,2025-12-04,
351,351,2024-10-24,
352,352,2015-06-24,Nakuru Farmers Cooperative
353,353,2020-03-18,
354,354,2015-04-12,
355,355,2024-04-07,
356,356,2024-06-30,Uyo Farmers Cooperative
357,357,2025-08-06,Ibadan Farmers Cooperative
358,358,2025-01-04,Nakuru Farmers Cooperative
359,359,2015-11-23,
360,360,2019-05-31,
361,361,2017-08-26,Enugu Farmers Cooperative
362,362,2026-05-19,Kumasi Farmers Cooperative
363,363,2016-12-12,Benue Farmers Cooperative
364,364,2026-03-21,Kumasi Farmers Cooperative
365,365,2019-11-28,Kumasi Farmers Cooperative
366,366,2023-10-27,
367,367,2026-01-01,
368,368,2020-12-02,
369,369,2021-05-28,
370,370,2023-04-24,Kaduna Farmers Cooperative
371,371,2026-03-17,Ibadan Farmers Cooperative
372,372,2019-12-09,Kaduna Farmers Cooperative
373,373,2020-07-22,Enugu Farmers Cooperative
374,374,2022-02-23,Nakuru Farmers Cooperative
375,375,2024-03-02,Nakuru Farmers Cooperative
376,376,2023-01-23,Enugu Farmers Cooperative
377,377,2025-03-04,Benue Farmers Cooperative
378,378,2015-01-03,Enugu Farmers Cooperative
379,379,2016-06-02,
380,380,2024-04-16,Nakuru Farmers Cooperative
381,381,2019-05-28,Benue Farmers Cooperative
382,382,2020-04-05,
383,383,2017-11-17,
384,384,2018-06-20,Nakuru Farmers Cooperative
385,385,2022-05-26,
386,386,2018-09-26,Enugu Farmers Cooperative
387,387,2021-05-31,
388,388,2024-05-25,Nakuru Farmers Cooperative
389,389,2018-08-13,
390,390,2022-08-09,Ibadan Farmers Cooperative
391,391,2016-11-03,
392,392,2019-11-16,
393,393,2023-07-03,
394,394,2018-05-19,Kumasi Farmers Cooperative
395,395,2025-05-11,Kaduna Farmers Cooperative
396,396,2015-07-19,
397,397,2022-08-21,
398,398,2016-01-27,Ibadan Farmers Cooperative
399,399,2016-11-23,
400,400,2023-07-29,Ibadan Farmers Cooperative
401,401,2017-09-03,Kumasi Farmers Cooperative
402,402,2019-06-07,
403,403,2015-06-13,Nakuru Farmers Cooperative
404,404,2020-07-25,
405,405,2026-06-20,Ibadan Farmers Cooperative
406,406,2016-10-14,
407,407,2017-01-20,Enugu Farmers Cooperative
408,408,2022-09-08,Enugu Farmers Cooperative
409,409,2022-05-02,
410,410,2020-12-29,Benue Farmers Cooperative
411,411,2018-05-22,Kumasi Farmers Cooperative
412,412,2016-09-26,
413,413,2017-11-18,
414,414,2017-11-17,Ibadan Farmers Cooperative
415,415,2026-04-24,Uyo Farmers Cooperative
416,416,2018-02-19,
417,417,2025-07-26,Uyo Farmers Cooperative
418,418,2017-05-18,
419,419,2019-05-04,
420,420,2025-02-11,Nakuru Farmers Cooperative
421,421,2015-06-06,Nakuru Farmers Cooperative
422,422,2023-04-22,Kaduna Farmers Cooperative
423,423,2016-02-20,Kumasi Farmers Cooperative
424,424,2019-08-18,Uyo Farmers Cooperative
425,425,2024-02-24,
426,426,2023-06-19,Ibadan Farmers Cooperative
427,427,2018-06-25,Ibadan Farmers Cooperative
428,428,2016-08-25,
429,429,2015-07-13,Nakuru Farmers Cooperative
430,430,2021-12-04,
431,431,2026-01-26,Benue Farmers Cooperative
432,432,2026-05-05,Kumasi Farmers Cooperative
433,433,2020-03-09,Benue Farmers Cooperative
434,434,2022-07-20,Ibadan Farmers Cooperative
435,435,2026-06-16,
436,436,2018-03-23,Nakuru Farmers Cooperative
437,437,2024-10-22,Benue Farmers Cooperative
438,438,2019-06-13,
439,439,2022-12-07,
440,440,2021-02-17,
441,441,2017-12-29,
442,442,2019-08-23,Nakuru Farmers Cooperative
443,443,2024-03-13,Uyo Farmers Cooperative
444,444,2016-11-03,
445,445,2022-12-14,
446,446,2018-03-17,Benue Farmers Cooperative
447,447,2025-07-20,Uyo Farmers Cooperative
448,448,2024-05-17,Kumasi Farmers Cooperative
449,449,2022-02-26,Kumasi Farmers Cooperative
450,450,2018-09-11,Kumasi Farmers Cooperative
451,451,2020-07-26,Nakuru Farmers Cooperative
452,452,2023-04-17,Uyo Farmers Cooperative
453,453,2017-07-14,
454,454,2024-12-01,
455,455,2022-09-02,Kaduna Farmers Cooperative
456,456,2021-04-24,Nakuru Farmers Cooperative
457,457,2018-12-25,
458,458,2020-03-02,
459,459,2016-07-28,Nakuru Farmers Cooperative
460,460,2016-12-05,Benue Farmers Cooperative
461,461,2023-09-27,
462,462,2015-09-16,
463,463,2018-03-22,
464,464,2022-01-29,Nakuru Farmers Cooperative
465,465,2025-12-20,Kaduna Farmers Cooperative
466,466,2015-08-08,Ibadan Farmers Cooperative
467,467,2026-05-10,Kumasi Farmers Cooperative
468,468,2017-11-15,Enugu Farmers Cooperative
469,469,2021-04-30,Uyo Farmers Cooperative
470,470,2022-01-14,Kumasi Farmers Cooperative
471,471,2023-04-06,Nakuru Farmers Cooperative
472,472,2021-10-25,
473,473,2023-03-24,Kumasi Farmers Cooperative
474,474,2018-09-10,
475,475,2023-08-08,Kaduna Farmers Cooperative
476,476,2022-07-10,Ibadan Farmers Cooperative
477,477,2023-07-07,
478,478,2018-08-08,Kaduna Farmers Cooperative
479,479,2016-05-23,
480,480,2016-09-03,
481,481,2023-02-05,
482,482,2020-02-13,Nakuru Farmers Cooperative
483,483,2015-05-20,Enugu Farmers Cooperative
484,484,2022-08-26,Nakuru Farmers Cooperative
485,485,2016-07-17,
486,486,2019-01-14,Kumasi Farmers Cooperative
487,487,2016-04-03,Benue Farmers Cooperative
488,488,2024-01-14,Kaduna Farmers Cooperative
489,489,2022-10-05,
490,490,2015-04-12,
491,491,2021-07-04,
492,492,2022-09-27,Kaduna Farmers Cooperative
493,493,2018-08-14,Kumasi Farmers Cooperative
494,494,2018-12-01,
495,495,2020-02-25,Nakuru Farmers Cooperative
496,496,2024-10-16,Uyo Farmers Cooperative
497,497,2016-04-11,
498,498,2018-02-27,Uyo Farmers Cooperative
499,499,2020-07-26,Ibadan Farmers Cooperative
500,500,2018-09-26,Enugu Farmers Cooperative
501,501,2018-06-26,
502,502,2026-04-05,Nakuru Farmers Cooperative
503,503,2022-07-23,
504,504,2026-01-10,Kaduna Farmers Cooperative
505,505,2023-02-16,
506,506,2018-08-18,Nakuru Farmers Cooperative
507,507,2020-11-28,Uyo Farmers Cooperative
508,508,2022-06-03,
509,509,2019-12-14,Uyo Farmers Cooperative
510,510,2017-05-29,Kumasi Farmers Cooperative
511,511,2022-10-17,Kumasi Farmers Cooperative
512,512,2015-02-17,Nakuru Farmers Cooperative
513,513,2017-03-03,Enugu Farmers Cooperative
514,514,2015-02-22,Benue Farmers Cooperative
515,515,2023-11-07,Nakuru Farmers Cooperative
516,516,2025-07-22,Enugu Farmers Cooperative
517,517,2021-07-21,Kaduna Farmers Cooperative
518,518,2015-09-25,Benue Farmers Cooperative
519,519,2025-01-25,Benue Farmers Cooperative
520,520,2017-12-09,
521,521,2018-12-04,Benue Farmers Cooperative
522,522,2019-10-31,
523,523,2016-04-06,Uyo Farmers Cooperative
524,524,2021-07-05,Kaduna Farmers Cooperative
525,525,2023-10-24,
526,526,2024-02-03,Kumasi Farmers Cooperative
527,527,2016-10-20,Enugu Farmers Cooperative
528,528,2019-09-23,
529,529,2023-11-27,Ibadan Farmers Cooperative
530,530,2017-06-01,Nakuru Farmers Cooperative
531,531,2017-03-13,Enugu Farmers Cooperative
532,532,2018-10-01,Benue Farmers Cooperative
533,533,2018-03-30,Benue Farmers Cooperative
534,534,2015-09-17,Uyo Farmers Cooperative
535,535,2021-07-21,
536,536,2016-06-04,
537,537,2024-04-25,Nakuru Farmers Cooperative
538,538,2023-03-09,Benue Farmers Cooperative
539,539,2026-03-10,
540,540,2024-07-16,
541,541,2023-09-09,Ibadan Farmers Cooperative
542,542,2016-03-19,Ibadan Farmers Cooperative
543,543,2020-08-12,Nakuru Farmers Cooperative
544,544,2016-11-27,Enugu Farmers Cooperative
545,545,2016-11-14,Enugu Farmers Cooperative
546,546,2016-03-04,
547,547,2026-06-14,
548,548,2015-11-16,Benue Farmers Cooperative
549,549,2017-06-07,
550,550,2020-09-18,Benue Farmers Cooperative
551,551,2015-09-22,
552,552,2015-05-31,Uyo Farmers Cooperative
553,553,2023-10-16,Kaduna Farmers Cooperative
554,554,2017-05-19,Kumasi Farmers Cooperative
555,555,2024-06-25,
556,556,2021-12-10,
557,557,2021-02-06,Nakuru Farmers Cooperative
558,558,2024-04-26,Uyo Farmers Cooperative
559,559,2020-12-12,Enugu Farmers Cooperative
560,560,2021-06-12,Benue Farmers Cooperative
561,561,2022-01-26,
562,562,2021-02-15,Ibadan Farmers Cooperative
563,563,2017-02-17,
564,564,2024-01-20,
565,565,2017-01-30,
566,566,2024-09-22,
567,567,2016-05-29,
568,568,2019-12-06,
569,569,2022-06-03,Nakuru Farmers Cooperative
570,570,2015-10-14,
571,571,2015-10-06,Kumasi Farmers Cooperative
572,572,2026-04-13,Benue Farmers Cooperative
573,573,2016-06-23,Ibadan Farmers Cooperative
574,574,2024-08-10,Uyo Farmers Cooperative
575,575,2022-03-15,Kumasi Farmers Cooperative
576,576,2023-05-04,Enugu Farmers Cooperative
577,577,2015-11-22,Kumasi Farmers Cooperative
578,578,2015-08-02,Benue Farmers Cooperative
579,579,2022-02-09,Uyo Farmers Cooperative
580,580,2022-03-02,Kumasi Farmers Cooperative
581,581,2016-01-01,Benue Farmers Cooperative
582,582,2019-07-12,Kumasi Farmers Cooperative
583,583,2024-06-24,
584,584,2020-04-20,Enugu Farmers Cooperative
585,585,2016-02-19,
586,586,2016-08-31,
587,587,2021-04-18,Enugu Farmers Cooperative
588,588,2024-07-17,Enugu Farmers Cooperative
589,589,2019-03-13,Kaduna Farmers Cooperative
590,590,2017-10-09,Ibadan Farmers Cooperative
591,591,2019-07-17,
592,592,2021-07-11,Uyo Farmers Cooperative
593,593,2019-12-05,Kumasi Farmers Cooperative
594,594,2021-01-14,
595,595,2015-04-30,Nakuru Farmers Cooperative
596,596,2020-10-25,
597,597,2017-06-24,
598,598,2016-12-07,
599,599,2022-07-17,Benue Farmers Cooperative
600,600,2025-07-23,Enugu Farmers Cooperative
601,601,2023-07-17,Kumasi Farmers Cooperative
602,602,2025-11-10,
603,603,2016-11-04,
604,604,2020-10-10,Uyo Farmers Cooperative
605,605,2017-05-06,
606,606,2018-01-14,Kumasi Farmers Cooperative
607,607,2017-01-28,
608,608,2023-08-01,
609,609,2015-07-03,Nakuru Farmers Cooperative
610,610,2022-10-13,Uyo Farmers Cooperative
611,611,2017-09-22,Ibadan Farmers Cooperative
612,612,2021-08-22,
613,613,2017-07-27,
614,614,2015-04-09,Nakuru Farmers Cooperative
615,615,2025-08-18,Ibadan Farmers Cooperative
616,616,2022-02-10,
617,617,2016-04-09,Benue Farmers Cooperative
618,618,2015-01-27,Nakuru Farmers Cooperative
619,619,2020-11-15,
620,620,2022-08-17,
621,621,2022-01-26,
622,622,2021-12-14,Ibadan Farmers Cooperative
623,623,2025-11-17,
624,624,2020-04-16,Kumasi Farmers Cooperative
625,625,2020-12-07,
626,626,2019-12-14,Nakuru Farmers Cooperative
627,627,2022-02-19,Enugu Farmers Cooperative
628,628,2024-09-30,
629,629,2020-01-13,Benue Farmers Cooperative
630,630,2019-02-28,
631,631,2025-03-01,Ibadan Farmers Cooperative
632,632,2017-03-18,
633,633,2020-11-05,Enugu Farmers Cooperative
634,634,2022-09-03,Kaduna Farmers Cooperative
635,635,2022-01-27,
636,636,2019-10-27,Uyo Farmers Cooperative
637,637,2022-03-11,
638,638,2026-03-23,Kaduna Farmers Cooperative
639,639,2022-01-17,Ibadan Farmers Cooperative
640,640,2015-07-15,
641,641,2019-01-04,Nakuru Farmers Cooperative
642,642,2019-05-14,Uyo Farmers Cooperative
643,643,2024-05-26,Enugu Farmers Cooperative
644,644,2023-04-09,Kumasi Farmers Cooperative
645,645,2017-08-03,Ibadan Farmers Cooperative
646,646,2019-10-13,Ibadan Farmers Cooperative
647,647,2024-12-18,Ibadan Farmers Cooperative
648,648,2026-01-26,
649,649,2018-12-18,Uyo Farmers Cooperative
650,650,2024-09-10,Ibadan Farmers Cooperative
651,651,2018-02-05,Nakuru Farmers Cooperative
652,652,2022-02-05,
653,653,2015-02-28,Benue Farmers Cooperative
654,654,2024-09-28,Kumasi Farmers Cooperative
655,655,2017-09-18,Ibadan Farmers Cooperative
656,656,2017-08-29,
657,657,2022-06-30,Kumasi Farmers Cooperative
658,658,2025-09-05,Nakuru Farmers Cooperative
659,659,2019-03-07,Ibadan Farmers Cooperative
660,660,2021-03-23,
661,661,2023-10-15,Kaduna Farmers Cooperative
662,662,2020-06-13,
663,663,2021-10-07,Enugu Farmers Cooperative
664,664,2020-07-19,
665,665,2021-01-18,
666,666,2023-07-03,Benue Farmers Cooperative
667,667,2019-05-04,
668,668,2018-12-02,
669,669,2021-06-30,Ibadan Farmers Cooperative
670,670,2020-06-28,Ibadan Farmers Cooperative
671,671,2019-02-28,
672,672,2023-04-24,Uyo Farmers Cooperative
673,673,2016-02-01,
674,674,2023-08-19,
675,675,2024-05-25,
676,676,2024-10-28,Nakuru Farmers Cooperative
677,677,2017-04-23,Uyo Farmers Cooperative
678,678,2020-08-30,Kumasi Farmers Cooperative
679,679,2019-02-23,Enugu Farmers Cooperative
680,680,2026-04-19,Enugu Farmers Cooperative
681,681,2026-03-01,
682,682,2018-07-14,
683,683,2020-01-01,Nakuru Farmers Cooperative
684,684,2026-02-09,Ibadan Farmers Cooperative
685,685,2020-12-09,Enugu Farmers Cooperative
686,686,2020-09-17,Nakuru Farmers Cooperative
687,687,2020-02-13,Kaduna Farmers Cooperative
688,688,2017-07-10,
689,689,2025-01-12,
690,690,2020-06-20,Kumasi Farmers Cooperative
691,691,2016-10-09,
692,692,2023-12-07,
693,693,2019-03-24,Ibadan Farmers Cooperative
694,694,2020-02-25,Uyo Farmers Cooperative
695,695,2018-10-04,Uyo Farmers Cooperative
696,696,2018-11-15,Kumasi Farmers Cooperative
697,697,2022-05-10,
698,698,2021-10-26,Ibadan Farmers Cooperative
699,699,2026-01-04,Kumasi Farmers Cooperative
700,700,2015-05-21,Benue Farmers Cooperative
701,701,2019-11-01,
702,702,2018-04-30,Uyo Farmers Cooperative
703,703,2020-01-09,
704,704,2021-01-31,Enugu Farmers Cooperative
705,705,2020-05-25,
706,706,2025-01-30,Uyo Farmers Cooperative
707,707,2026-02-06,
708,708,2022-10-07,
709,709,2022-12-25,
710,710,2025-07-28,Kumasi Farmers Cooperative
711,711,2021-03-02,
712,712,2026-04-03,
713,713,2017-10-31,Enugu Farmers Cooperative
714,714,2016-09-19,Nakuru Farmers Cooperative
715,715,2021-09-30,Kumasi Farmers Cooperative
716,716,2015-09-19,
717,717,2022-03-03,Benue Farmers Cooperative
718,718,2024-08-09,
719,719,2019-01-23,Enugu Farmers Cooperative
720,720,2023-09-06,Kaduna Farmers Cooperative
721,721,2015-12-24,
722,722,2024-05-01,Benue Farmers Cooperative
723,723,2019-05-19,
724,724,2022-06-23,Ibadan Farmers Cooperative
725,725,2016-10-16,
726,726,2020-03-02,
727,727,2020-11-27,Enugu Farmers Cooperative
728,728,2023-09-25,Benue Farmers Cooperative
729,729,2017-01-08,Uyo Farmers Cooperative
730,730,2018-09-02,Enugu Farmers Cooperative
731,731,2020-03-31,Kaduna Farmers Cooperative
732,732,2023-12-31,Nakuru Farmers Cooperative
733,733,2021-10-23,
734,734,2025-07-04,
735,735,2017-12-30,
736,736,2020-01-29,
737,737,2023-08-07,Ibadan Farmers Cooperative
738,738,2018-10-20,Nakuru Farmers Cooperative
739,739,2025-10-23,
740,740,2021-11-10,Enugu Farmers Cooperative
741,741,2020-02-17,
742,742,2024-11-27,Enugu Farmers Cooperative
743,743,2025-01-04,
744,744,2018-10-28,Uyo Farmers Cooperative
745,745,2024-01-16,
746,746,2026-02-27,Benue Farmers Cooperative
747,747,2015-04-02,Kumasi Farmers Cooperative
748,748,2023-03-13,
749,749,2021-06-10,
750,750,2020-10-12,Nakuru Farmers Cooperative
751,751,2023-07-03,Ibadan Farmers Cooperative
752,752,2022-12-02,Benue Farmers Cooperative
753,753,2017-08-27,Uyo Farmers Cooperative
754,754,2021-02-05,
755,755,2024-04-06,Uyo Farmers Cooperative
756,756,2019-11-03,Ibadan Farmers Cooperative
757,757,2017-09-22,Kaduna Farmers Cooperative
758,758,2021-01-14,Nakuru Farmers Cooperative
759,759,2015-07-10,Enugu Farmers Cooperative
760,760,2023-01-18,Kaduna Farmers Cooperative
761,761,2023-12-17,
762,762,2024-01-05,Kumasi Farmers Cooperative
763,763,2021-01-12,
764,764,2021-12-21,Kumasi Farmers Cooperative
765,765,2025-10-06,
766,766,2024-07-01,Enugu Farmers Cooperative
767,767,2022-10-23,
768,768,2021-01-24,
769,769,2022-01-15,
770,770,2021-05-21,
771,771,2016-08-12,Kumasi Farmers Cooperative
772,772,2025-05-13,
773,773,2018-11-03,Kaduna Farmers Cooperative
774,774,2022-04-15,
775,775,2016-03-06,
776,776,2022-06-13,Nakuru Farmers Cooperative
777,777,2022-03-03,
778,778,2016-09-02,Uyo Farmers Cooperative
779,779,2015-08-10,Uyo Farmers Cooperative
780,780,2020-07-27,Enugu Farmers Cooperative
781,781,2019-01-27,
782,782,2018-04-28,Nakuru Farmers Cooperative
783,783,2025-11-04,Kumasi Farmers Cooperative
784,784,2016-04-20,
785,785,2019-05-29,Kaduna Farmers Cooperative
786,786,2022-07-23,Ibadan Farmers Cooperative
787,787,2025-10-30,
788,788,2026-01-22,Nakuru Farmers Cooperative
789,789,2016-07-13,Uyo Farmers Cooperative
790,790,2018-07-06,
791,791,2022-04-04,Uyo Farmers Cooperative
792,792,2023-01-09,
793,793,2023-12-03,
794,794,2015-11-29,
795,795,2021-08-04,
796,796,2015-02-26,Ibadan Farmers Cooperative
797,797,2020-11-27,Enugu Farmers Cooperative
798,798,2022-03-11,Uyo Farmers Cooperative
799,799,2018-03-20,Kumasi Farmers Cooperative
800,800,2017-04-05,Uyo Farmers Cooperative
801,801,2022-07-12,Ibadan Farmers Cooperative
802,802,2026-04-25,Nakuru Farmers Cooperative
803,803,2018-01-08,
804,804,2019-07-01,Benue Farmers Cooperative
805,805,2023-09-19,
806,806,2025-12-26,
807,807,2020-01-01,Kumasi Farmers Cooperative
808,808,2018-10-14,Benue Farmers Cooperative
809,809,2015-09-01,Benue Farmers Cooperative
810,810,2022-01-02,Uyo Farmers Cooperative
811,811,2018-10-24,
812,812,2021-04-15,Nakuru Farmers Cooperative
813,813,2024-02-20,Ibadan Farmers Cooperative
814,814,2023-07-20,
815,815,2022-04-07,
816,816,2015-10-31,
817,817,2022-12-16,
818,818,2024-08-29,Uyo Farmers Cooperative
819,819,2025-07-19,Uyo Farmers Cooperative
820,820,2020-12-22,Kumasi Farmers Cooperative
821,821,2022-06-16,Kumasi Farmers Cooperative
822,822,2019-10-31,
823,823,2021-08-04,
824,824,2025-03-06,Benue Farmers Cooperative
825,825,2016-05-25,
826,826,2015-07-17,
827,827,2015-08-25,Benue Farmers Cooperative
828,828,2018-08-02,Kumasi Farmers Cooperative
829,829,2021-02-25,
830,830,2021-04-24,
831,831,2025-02-10,Uyo Farmers Cooperative
832,832,2020-01-09,
833,833,2024-09-20,
834,834,2023-10-30,
835,835,2022-11-24,Uyo Farmers Cooperative
836,836,2017-12-31,Nakuru Farmers Cooperative
837,837,2018-12-01,
838,838,2016-05-07,Enugu Farmers Cooperative
839,839,2024-12-15,Enugu Farmers Cooperative
840,840,2019-07-02,
841,841,2017-10-17,
842,842,2023-02-16,Kaduna Farmers Cooperative
843,843,2020-09-09,
844,844,2025-11-01,Nakuru Farmers Cooperative
845,845,2025-12-08,Uyo Farmers Cooperative
846,846,2024-08-30,Enugu Farmers Cooperative
847,847,2016-08-11,
848,848,2015-05-25,
849,849,2015-10-15,Uyo Farmers Cooperative
850,850,2024-06-03,Ibadan Farmers Cooperative
851,851,2024-11-11,
852,852,2024-06-16,
853,853,2025-02-24,Nakuru Farmers Cooperative
854,854,2022-05-19,Nakuru Farmers Cooperative
855,855,2021-10-14,Nakuru Farmers Cooperative
856,856,2021-02-24,Kumasi Farmers Cooperative
857,857,2022-09-12,Ibadan Farmers Cooperative
858,858,2016-06-21,Kumasi Farmers Cooperative
859,859,2016-11-26,
860,860,2024-07-04,Ibadan Farmers Cooperative
861,861,2020-07-29,
862,862,2023-03-15,
863,863,2023-04-28,Enugu Farmers Cooperative
864,864,2025-06-22,Nakuru Farmers Cooperative
865,865,2018-06-13,Uyo Farmers Cooperative
866,866,2016-04-11,Enugu Farmers Cooperative
867,867,2020-12-23,Kumasi Farmers Cooperative
868,868,2023-07-28,
869,869,2023-05-14,Kumasi Farmers Cooperative
870,870,2024-12-20,Kumasi Farmers Cooperative
871,871,2025-08-03,Uyo Farmers Cooperative
872,872,2020-12-23,Kumasi Farmers Cooperative
873,873,2019-07-29,
874,874,2026-05-30,
875,875,2021-12-25,Kaduna Farmers Cooperative
876,876,2022-12-13,
877,877,2024-01-01,
878,878,2016-05-21,
879,879,2017-07-05,Kaduna Farmers Cooperative
880,880,2020-03-02,Nakuru Farmers Cooperative
881,881,2015-06-04,Uyo Farmers Cooperative
882,882,2025-01-14,Ibadan Farmers Cooperative
883,883,2017-07-13,Enugu Farmers Cooperative
884,884,2023-11-14,
885,885,2024-01-18,Nakuru Farmers Cooperative
886,886,2017-05-22,
887,887,2016-04-03,
888,888,2022-09-13,
889,889,2019-03-12,Kumasi Farmers Cooperative
890,890,2016-03-23,
891,891,2020-12-22,
892,892,2019-07-18,Nakuru Farmers Cooperative
893,893,2019-06-20,
894,894,2022-01-05,Benue Farmers Cooperative
895,895,2015-06-16,
896,896,2016-08-11,Kaduna Farmers Cooperative
897,897,2023-08-15,Kaduna Farmers Cooperative
898,898,2023-07-13,
899,899,2019-11-27,
900,900,2015-06-05,
901,901,2016-04-27,Enugu Farmers Cooperative
902,902,2020-07-13,
903,903,2017-11-06,Kaduna Farmers Cooperative
904,904,2024-07-23,Nakuru Farmers Cooperative
905,905,2023-05-08,Kumasi Farmers Cooperative
906,906,2015-03-12,
907,907,2022-02-25,
908,908,2017-01-01,Kaduna Farmers Cooperative
909,909,2016-06-06,
910,910,2024-01-12,Nakuru Farmers Cooperative
911,911,2022-03-23,
912,912,2026-04-20,Ibadan Farmers Cooperative
913,913,2017-03-13,Benue Farmers Cooperative
914,914,2018-03-19,
915,915,2019-07-18,Benue Farmers Cooperative
916,916,2023-08-10,
917,917,2016-12-27,Kaduna Farmers Cooperative
918,918,2021-03-03,
919,919,2015-12-28,Kaduna Farmers Cooperative
920,920,2015-04-03,Nakuru Farmers Cooperative
921,921,2016-08-03,
922,922,2022-10-03,
923,923,2017-01-18,Enugu Farmers Cooperative
924,924,2024-10-01,Nakuru Farmers Cooperative
925,925,2017-11-15,
926,926,2021-04-20,Benue Farmers Cooperative
927,927,2024-07-01,Uyo Farmers Cooperative
928,928,2024-01-19,Benue Farmers Cooperative
929,929,2024-11-07,
930,930,2019-05-17,
931,931,2020-10-03,
932,932,2019-05-05,
933,933,2017-02-10,
934,934,2024-06-12,
935,935,2022-03-06,
936,936,2016-08-11,
937,937,2016-10-14,Kumasi Farmers Cooperative
938,938,2025-11-13,Enugu Farmers Cooperative
939,939,2026-01-01,
940,940,2021-02-05,Benue Farmers Cooperative
941,941,2018-09-14,
942,942,2019-12-11,Kumasi Farmers Cooperative
943,943,2020-01-22,Kumasi Farmers Cooperative
944,944,2016-09-06,
945,945,2023-12-22,
946,946,2025-11-16,Uyo Farmers Cooperative
947,947,2021-08-27,Uyo Farmers Cooperative
948,948,2017-12-12,Nakuru Farmers Cooperative
949,949,2017-06-05,Kumasi Farmers Cooperative
950,950,2024-03-02,Uyo Farmers Cooperative
951,951,2019-12-22,Kaduna Farmers Cooperative
952,952,2025-05-21,Kumasi Farmers Cooperative
953,953,2019-06-14,Enugu Farmers Cooperative
954,954,2023-09-14,Enugu Farmers Cooperative
955,955,2026-05-10,Enugu Farmers Cooperative
956,956,2025-01-18,
957,957,2023-12-23,
958,958,2016-10-14,
959,959,2015-04-18,
960,960,2021-01-04,
961,961,2024-10-09,
962,962,2020-12-16,
963,963,2020-12-29,Kumasi Farmers Cooperative
964,964,2015-07-30,Uyo Farmers Cooperative
965,965,2017-09-28,
966,966,2021-04-17,Benue Farmers Cooperative
967,967,2023-06-13,
968,968,2026-03-15,
969,969,2017-02-23,Ibadan Farmers Cooperative
970,970,2020-11-01,
971,971,2015-11-04,Nakuru Farmers Cooperative
972,972,2015-07-25,
973,973,2024-01-01,Kumasi Farmers Cooperative
974,974,2022-03-10,Benue Farmers Cooperative
975,975,2015-10-18,Uyo Farmers Cooperative
976,976,2020-04-03,Uyo Farmers Cooperative
977,977,2017-10-29,Kumasi Farmers Cooperative
978,978,2024-07-20,Kumasi Farmers Cooperative
979,979,2025-11-23,Kaduna Farmers Cooperative
980,980,2021-03-21,Benue Farmers Cooperative
981,981,2018-10-02,
982,982,2018-02-22,
983,983,2021-09-01,
984,984,2025-04-17,
985,985,2019-08-09,Nakuru Farmers Cooperative
986,986,2026-03-14,Nakuru Farmers Cooperative
987,987,2026-02-10,
988,988,2019-06-06,Uyo Farmers Cooperative
989,989,2015-06-18,Nakuru Farmers Cooperative
990,990,2022-09-11,
991,991,2020-07-01,Kumasi Farmers Cooperative
992,992,2019-10-26,Uyo Farmers Cooperative
993,993,2025-08-30,Kumasi Farmers Cooperative
994,994,2016-08-29,
995,995,2018-05-04,Enugu Farmers Cooperative
996,996,2017-08-04,
997,997,2022-10-26,Benue Farmers Cooperative
998,998,2020-08-04,
999,999,2019-05-17,
1000,1000,2015-10-20,Kaduna Farmers Cooperative
1001,1001,2020-07-31,Kumasi Farmers Cooperative
1002,1002,2024-02-06,
1003,1003,2024-03-31,
1004,1004,2024-09-21,Kumasi Farmers Cooperative
1005,1005,2022-08-07,
1006,1006,2020-12-21,Kaduna Farmers Cooperative
1007,1007,2025-01-12,Nakuru Farmers Cooperative
1008,1008,2026-02-12,Ibadan Farmers Cooperative
1009,1009,2023-04-25,Benue Farmers Cooperative
1010,1010,2017-02-07,
1011,1011,2020-07-19,Nakuru Farmers Cooperative
1012,1012,2025-08-24,Nakuru Farmers Cooperative
1013,1013,2022-08-06,
1014,1014,2022-02-08,
1015,1015,2023-05-01,Enugu Farmers Cooperative
1016,1016,2024-05-26,Kumasi Farmers Cooperative
1017,1017,2019-09-03,
1018,1018,2015-11-19,
1019,1019,2024-06-16,
1020,1020,2025-03-12,
1021,1021,2025-04-04,Nakuru Farmers Cooperative
1022,1022,2015-02-06,Kaduna Farmers Cooperative
1023,1023,2023-08-08,Enugu Farmers Cooperative
1024,1024,2025-02-02,Ibadan Farmers Cooperative
1025,1025,2018-01-16,
1026,1026,2023-10-21,Ibadan Farmers Cooperative
1027,1027,2019-10-15,
1028,1028,2019-06-04,
1029,1029,2017-01-19,
1030,1030,2015-03-13,
1031,1031,2017-06-17,Benue Farmers Cooperative
1032,1032,2024-03-14,
1033,1033,2016-02-09,Kaduna Farmers Cooperative
1034,1034,2024-06-19,
1035,1035,2023-01-23,
1036,1036,2016-12-18,
1037,1037,2023-12-23,Uyo Farmers Cooperative
1038,1038,2015-05-06,Nakuru Farmers Cooperative
1039,1039,2023-10-18,Benue Farmers Cooperative
1040,1040,2018-04-24,Kumasi Farmers Cooperative
1041,1041,2022-08-11,Kumasi Farmers Cooperative
1042,1042,2022-12-12,Benue Farmers Cooperative
1043,1043,2025-07-13,
1044,1044,2024-02-22,
1045,1045,2016-02-07,
1046,1046,2024-04-26,
1047,1047,2016-04-03,Kaduna Farmers Cooperative
1048,1048,2019-10-11,
1049,1049,2015-02-20,
1050,1050,2019-09-21,
1051,1051,2021-08-16,Kumasi Farmers Cooperative
1052,1052,2018-03-09,Uyo Farmers Cooperative
1053,1053,2025-09-22,Nakuru Farmers Cooperative
1054,1054,2015-06-06,Uyo Farmers Cooperative
1055,1055,2019-03-07,
1056,1056,2022-12-09,Uyo Farmers Cooperative
1057,1057,2018-10-01,
1058,1058,2022-12-02,
1059,1059,2018-02-03,
1060,1060,2015-03-04,Nakuru Farmers Cooperative
1061,1061,2018-04-13,
1062,1062,2016-10-14,
1063,1063,2024-01-02,Enugu Farmers Cooperative
1064,1064,2026-03-29,Benue Farmers Cooperative
1065,1065,2018-12-02,Benue Farmers Cooperative
1066,1066,2017-09-02,
1067,1067,2017-11-15,
1068,1068,2025-08-12,Kaduna Farmers Cooperative
1069,1069,2015-10-21,
1070,1070,2026-02-12,
1071,1071,2018-06-06,
1072,1072,2016-09-08,Uyo Farmers Cooperative
1073,1073,2019-05-20,Kumasi Farmers Cooperative
1074,1074,2019-02-11,Kaduna Farmers Cooperative
1075,1075,2018-02-05,Ibadan Farmers Cooperative
1076,1076,2022-12-06,
1077,1077,2017-10-22,Enugu Farmers Cooperative
1078,1078,2026-06-06,
1079,1079,2018-05-05,
1080,1080,2025-10-25,Ibadan Farmers Cooperative
1081,1081,2017-07-11,Uyo Farmers Cooperative
1082,1082,2020-03-03,
1083,1083,2016-02-08,Kumasi Farmers Cooperative
1084,1084,2021-11-17,Kaduna Farmers Cooperative
1085,1085,2023-02-08,Nakuru Farmers Cooperative
1086,1086,2018-09-17,
1087,1087,2018-10-13,Ibadan Farmers Cooperative
1088,1088,2025-03-30,
1089,1089,2024-07-08,Ibadan Farmers Cooperative
1090,1090,2025-08-29,Kumasi Farmers Cooperative
1091,1091,2023-05-22,Uyo Farmers Cooperative
1092,1092,2015-03-21,Uyo Farmers Cooperative
1093,1093,2020-11-17,
1094,1094,2024-05-06,
1095,1095,2021-09-25,
1096,1096,2016-10-28,
1097,1097,2018-01-03,
1098,1098,2015-12-21,Ibadan Farmers Cooperative
1099,1099,2022-09-03,Uyo Farmers Cooperative
1100,1100,2018-12-24,
1101,1101,2015-08-07,Nakuru Farmers Cooperative
1102,1102,2018-03-05,Uyo Farmers Cooperative
1103,1103,2020-03-15,Uyo Farmers Cooperative
1104,1104,2021-02-10,Enugu Farmers Cooperative
1105,1105,2018-09-21,Enugu Farmers Cooperative
1106,1106,2018-05-23,
1107,1107,2016-02-28,
1108,1108,2018-03-06,Nakuru Farmers Cooperative
1109,1109,2020-07-23,Uyo Farmers Cooperative
1110,1110,2018-02-10,Kaduna Farmers Cooperative
1111,1111,2018-06-15,
1112,1112,2018-11-08,
1113,1113,2018-02-21,
1114,1114,2020-11-09,
1115,1115,2019-07-25,Enugu Farmers Cooperative
1116,1116,2016-08-17,
1117,1117,2024-04-23,Ibadan Farmers Cooperative
1118,1118,2019-07-31,
1119,1119,2021-05-02,Kaduna Farmers Cooperative
1120,1120,2026-05-02,
1121,1121,2016-08-27,Kumasi Farmers Cooperative
1122,1122,2017-04-23,Kaduna Farmers Cooperative
1123,1123,2024-07-09,Kumasi Farmers Cooperative
1124,1124,2026-02-22,
1125,1125,2020-01-31,
1126,1126,2015-03-25,
1127,1127,2023-03-23,Enugu Farmers Cooperative
1128,1128,2016-04-16,
1129,1129,2020-10-08,Enugu Farmers Cooperative
1130,1130,2023-01-01,Uyo Farmers Cooperative
1131,1131,2022-05-27,
1132,1132,2016-05-29,
1133,1133,2016-01-25,Uyo Farmers Cooperative
1134,1134,2017-01-08,Enugu Farmers Cooperative
1135,1135,2015-12-22,Kumasi Farmers Cooperative
1136,1136,2021-12-03,
1137,1137,2021-05-30,
1138,1138,2024-07-14,Uyo Farmers Cooperative
1139,1139,2019-08-14,Ibadan Farmers Cooperative
1140,1140,2020-11-03,
1141,1141,2018-06-18,
1142,1142,2018-01-02,
1143,1143,2015-10-18,Kaduna Farmers Cooperative
1144,1144,2020-12-06,
1145,1145,2017-12-03,
1146,1146,2015-12-15,Kumasi Farmers Cooperative
1147,1147,2018-11-15,Kaduna Farmers Cooperative
1148,1148,2021-01-17,
1149,1149,2017-04-08,
1150,1150,2016-02-11,Ibadan Farmers Cooperative
1151,1151,2016-01-31,
1152,1152,2020-01-08,Uyo Farmers Cooperative
1153,1153,2015-11-03,Enugu Farmers Cooperative
1154,1154,2016-10-13,Enugu Farmers Cooperative
1155,1155,2023-06-06,
1156,1156,2022-06-28,
1157,1157,2026-04-25,Uyo Farmers Cooperative
1158,1158,2021-06-20,
1159,1159,2023-10-03,
1160,1160,2024-04-07,Kumasi Farmers Cooperative
1161,1161,2015-08-20,Benue Farmers Cooperative
1162,1162,2018-12-12,Benue Farmers Cooperative
1163,1163,2025-07-28,
1164,1164,2022-05-10,Ibadan Farmers Cooperative
1165,1165,2018-11-27,Benue Farmers Cooperative
1166,1166,2025-07-06,
1167,1167,2024-12-01,
1168,1168,2023-04-24,Enugu Farmers Cooperative
1169,1169,2017-05-05,
1170,1170,2022-08-06,Uyo Farmers Cooperative
1171,1171,2021-03-31,Benue Farmers Cooperative
1172,1172,2015-12-07,Kumasi Farmers Cooperative
1173,1173,2016-11-17,Uyo Farmers Cooperative
1174,1174,2020-08-03,
1175,1175,2020-12-26,Enugu Farmers Cooperative
1176,1176,2019-11-10,Ibadan Farmers Cooperative
1177,1177,2016-04-21,Nakuru Farmers Cooperative
1178,1178,2015-09-18,Nakuru Farmers Cooperative
1179,1179,2019-05-24,
1180,1180,2024-02-11,Kaduna Farmers Cooperative
1181,1181,2024-11-04,Kumasi Farmers Cooperative
1182,1182,2015-09-09,Enugu Farmers Cooperative
1183,1183,2016-09-28,
1184,1184,2019-11-23,Benue Farmers Cooperative
1185,1185,2018-09-20,Enugu Farmers Cooperative
1186,1186,2024-07-07,Kaduna Farmers Cooperative
1187,1187,2021-03-25,Ibadan Farmers Cooperative
1188,1188,2017-06-07,
1189,1189,2015-12-05,
1190,1190,2016-08-14,Enugu Farmers Cooperative
1191,1191,2023-05-14,
1192,1192,2015-12-23,
1193,1193,2023-07-02,
1194,1194,2016-04-19,Kumasi Farmers Cooperative
1195,1195,2019-03-14,
1196,1196,2020-07-25,Enugu Farmers Cooperative
1197,1197,2021-12-26,Nakuru Farmers Cooperative
1198,1198,2017-05-10,Kaduna Farmers Cooperative
1199,1199,2025-05-01,
1200,1200,2019-04-14,
1201,1201,2018-04-25,Benue Farmers Cooperative
1202,1202,2026-05-05,
1203,1203,2021-02-07,Kaduna Farmers Cooperative
1204,1204,2016-12-10,
1205,1205,2015-06-02,Kumasi Farmers Cooperative
1206,1206,2021-05-17,Kumasi Farmers Cooperative
1207,1207,2017-11-16,Benue Farmers Cooperative
1208,1208,2024-03-20,Kumasi Farmers Cooperative
1209,1209,2023-02-06,Uyo Farmers Cooperative
1210,1210,2024-08-24,
1211,1211,2016-12-05,Nakuru Farmers Cooperative
1212,1212,2018-11-07,
1213,1213,2017-07-22,Benue Farmers Cooperative
1214,1214,2025-08-06,Uyo Farmers Cooperative
1215,1215,2016-10-08,Ibadan Farmers Cooperative
1216,1216,2021-06-29,Kaduna Farmers Cooperative
1217,1217,2023-01-24,
1218,1218,2018-08-04,Enugu Farmers Cooperative
1219,1219,2026-04-06,Ibadan Farmers Cooperative
1220,1220,2024-07-28,Nakuru Farmers Cooperative
1221,1221,2020-11-07,
1222,1222,2018-02-28,Nakuru Farmers Cooperative
1223,1223,2020-12-24,
1224,1224,2023-01-31,Kumasi Farmers Cooperative
1225,1225,2021-07-15,
1226,1226,2021-11-24,
1227,1227,2022-10-24,Uyo Farmers Cooperative
1228,1228,2018-10-31,Benue Farmers Cooperative
1229,1229,2016-08-18,Enugu Farmers Cooperative
1230,1230,2023-05-18,
1231,1231,2020-10-12,Enugu Farmers Cooperative
1232,1232,2025-10-31,Benue Farmers Cooperative
1233,1233,2019-05-21,
1234,1234,2022-07-28,Kaduna Farmers Cooperative
1235,1235,2025-02-05,Kumasi Farmers Cooperative
1236,1236,2018-04-22,Kaduna Farmers Cooperative
1237,1237,2024-05-23,Ibadan Farmers Cooperative
1238,1238,2025-07-01,
1239,1239,2017-04-29,
1240,1240,2022-02-12,
1241,1241,2016-11-26,Nakuru Farmers Cooperative
1242,1242,2017-03-26,
1243,1243,2022-04-04,Benue Farmers Cooperative
1244,1244,2023-07-01,
1245,1245,2020-06-20,Uyo Farmers Cooperative
1246,1246,2022-11-22,
1247,1247,2021-02-21,Uyo Farmers Cooperative
1248,1248,2017-06-28,
1249,1249,2017-10-11,Kumasi Farmers Cooperative
1250,1250,2019-03-20,Benue Farmers Cooperative
1251,1251,2016-04-19,Kaduna Farmers Cooperative
1252,1252,2018-03-07,Ibadan Farmers Cooperative
1253,1253,2025-07-09,Kaduna Farmers Cooperative
1254,1254,2023-07-23,Uyo Farmers Cooperative
1255,1255,2018-07-28,
1256,1256,2019-04-01,Enugu Farmers Cooperative
1257,1257,2022-04-13,
1258,1258,2026-04-25,Benue Farmers Cooperative
1259,1259,2024-01-24,
1260,1260,2016-09-06,Kumasi Farmers Cooperative
1261,1261,2020-11-01,Nakuru Farmers Cooperative
1262,1262,2021-08-26,Enugu Farmers Cooperative
1263,1263,2026-03-24,
1264,1264,2019-08-08,Benue Farmers Cooperative
1265,1265,2022-01-16,Benue Farmers Cooperative
1266,1266,2022-03-10,Kumasi Farmers Cooperative
1267,1267,2015-05-26,Ibadan Farmers Cooperative
1268,1268,2025-01-26,Enugu Farmers Cooperative
1269,1269,2020-07-03,Benue Farmers Cooperative
1270,1270,2019-02-19,
1271,1271,2019-05-12,Nakuru Farmers Cooperative
1272,1272,2023-09-04,
1273,1273,2025-05-04,
1274,1274,2015-12-20,
1275,1275,2015-08-02,
1276,1276,2016-01-23,Benue Farmers Cooperative
1277,1277,2026-05-27,
1278,1278,2020-03-20,
1279,1279,2018-05-08,Ibadan Farmers Cooperative
1280,1280,2017-02-05,
1281,1281,2020-07-21,
1282,1282,2015-05-21,Nakuru Farmers Cooperative
1283,1283,2023-07-16,
1284,1284,2024-10-01,
1285,1285,2016-09-20,Ibadan Farmers Cooperative
1286,1286,2018-04-22,
1287,1287,2019-09-13,Kaduna Farmers Cooperative
1288,1288,2024-07-06,
1289,1289,2015-05-11,Enugu Farmers Cooperative
1290,1290,2019-12-17,
1291,1291,2022-04-07,Benue Farmers Cooperative
1292,1292,2024-12-02,Kaduna Farmers Cooperative
1293,1293,2023-05-31,Benue Farmers Cooperative
1294,1294,2021-10-16,Kaduna Farmers Cooperative
1295,1295,2015-12-22,Enugu Farmers Cooperative
1296,1296,2022-03-15,Kaduna Farmers Cooperative
1297,1297,2025-05-04,
1298,1298,2022-12-14,
1299,1299,2017-08-18,Kumasi Farmers Cooperative
1300,1300,2018-01-02,Kumasi Farmers Cooperative
1301,1301,2015-08-14,Ibadan Farmers Cooperative
1302,1302,2015-10-20,
1303,1303,2022-06-19,Nakuru Farmers Cooperative
1304,1304,2019-06-07,Uyo Farmers Cooperative
1305,1305,2017-03-14,
1306,1306,2015-07-13,
1307,1307,2018-01-27,
1308,1308,2024-11-11,Kaduna Farmers Cooperative
1309,1309,2015-07-21,Enugu Farmers Cooperative
1310,1310,2025-08-02,Enugu Farmers Cooperative
1311,1311,2024-08-04,Enugu Farmers Cooperative
1312,1312,2025-10-14,Uyo Farmers Cooperative
1313,1313,2015-01-10,Benue Farmers Cooperative
1314,1314,2025-06-03,
1315,1315,2024-11-15,Uyo Farmers Cooperative
1316,1316,2015-11-13,
1317,1317,2018-03-27,
1318,1318,2023-03-11,
1319,1319,2021-07-09,
1320,1320,2024-04-24,Ibadan Farmers Cooperative
1321,1321,2023-08-04,Ibadan Farmers Cooperative
1322,1322,2015-10-22,Ibadan Farmers Cooperative
1323,1323,2023-07-07,Enugu Farmers Cooperative
1324,1324,2025-02-10,Ibadan Farmers Cooperative
1325,1325,2015-08-15,Kumasi Farmers Cooperative
1326,1326,2025-11-13,Ibadan Farmers Cooperative
1327,1327,2015-03-30,Ibadan Farmers Cooperative
1328,1328,2020-02-03,Benue Farmers Cooperative
1329,1329,2024-02-03,Benue Farmers Cooperative
1330,1330,2017-01-17,
1331,1331,2016-10-20,
1332,1332,2019-12-01,Nakuru Farmers Cooperative
1333,1333,2018-10-13,
1334,1334,2026-03-07,Nakuru Farmers Cooperative
1335,1335,2024-05-07,Benue Farmers Cooperative
1336,1336,2015-06-03,Enugu Farmers Cooperative
1337,1337,2023-01-09,Kaduna Farmers Cooperative
1338,1338,2015-08-04,
1339,1339,2017-04-15,Enugu Farmers Cooperative
1340,1340,2024-08-26,Kaduna Farmers Cooperative
1341,1341,2023-07-08,Uyo Farmers Cooperative
1342,1342,2019-01-21,
1343,1343,2020-01-22,
1344,1344,2018-01-08,Benue Farmers Cooperative
1345,1345,2023-09-10,Kumasi Farmers Cooperative
1346,1346,2023-09-08,Kumasi Farmers Cooperative
1347,1347,2017-11-08,
1348,1348,2022-02-22,
1349,1349,2025-02-15,Enugu Farmers Cooperative
1350,1350,2021-03-29,Kaduna Farmers Cooperative
1351,1351,2016-11-19,Enugu Farmers Cooperative
1352,1352,2023-05-12,
1353,1353,2018-06-07,
1354,1354,2022-03-21,
1355,1355,2022-01-06,Ibadan Farmers Cooperative
1356,1356,2018-05-27,Benue Farmers Cooperative
1357,1357,2025-04-24,
1358,1358,2020-05-30,
1359,1359,2020-09-08,Benue Farmers Cooperative
1360,1360,2016-05-04,Kaduna Farmers Cooperative
1361,1361,2016-06-12,
1362,1362,2015-02-06,
1363,1363,2021-09-10,Kaduna Farmers Cooperative
1364,1364,2023-05-04,
1365,1365,2026-01-23,
1366,1366,2019-10-19,Enugu Farmers Cooperative
1367,1367,2016-01-10,Kaduna Farmers Cooperative
1368,1368,2020-08-30,
1369,1369,2025-02-24,
1370,1370,2021-03-18,Enugu Farmers Cooperative
1371,1371,2017-03-04,Benue Farmers Cooperative
1372,1372,2017-06-02,Enugu Farmers Cooperative
1373,1373,2026-06-28,Enugu Farmers Cooperative
1374,1374,2026-05-30,
1375,1375,2016-09-22,
1376,1376,2025-02-09,
1377,1377,2024-05-15,
1378,1378,2026-04-25,Enugu Farmers Cooperative
1379,1379,2020-09-30,Ibadan Farmers Cooperative
1380,1380,2021-01-20,Uyo Farmers Cooperative
1381,1381,2025-08-06,Uyo Farmers Cooperative
1382,1382,2018-01-02,
1383,1383,2018-12-16,Kaduna Farmers Cooperative
1384,1384,2020-03-01,Enugu Farmers Cooperative
1385,1385,2021-04-19,Kumasi Farmers Cooperative
1386,1386,2024-02-07,Kaduna Farmers Cooperative
1387,1387,2022-06-24,
1388,1388,2022-06-09,
1389,1389,2020-05-12,
1390,1390,2025-11-19,
1391,1391,2023-01-09,
1392,1392,2019-05-27,
1393,1393,2026-01-30,Kaduna Farmers Cooperative
1394,1394,2024-03-18,Kaduna Farmers Cooperative
1395,1395,2020-08-26,Kaduna Farmers Cooperative
1396,1396,2016-06-22,Uyo Farmers Cooperative
1397,1397,2021-07-21,Benue Farmers Cooperative
1398,1398,2025-05-06,Uyo Farmers Cooperative
1399,1399,2018-10-12,
1400,1400,2019-05-19,
1401,1401,2018-12-04,
1402,1402,2019-04-16,
1403,1403,2019-03-26,Uyo Farmers Cooperative
1404,1404,2024-08-16,Kumasi Farmers Cooperative
1405,1405,2025-02-13,Uyo Farmers Cooperative
1406,1406,2020-11-07,
1407,1407,2025-09-10,
1408,1408,2023-05-28,Ibadan Farmers Cooperative
1409,1409,2016-11-03,Uyo Farmers Cooperative
1410,1410,2025-01-09,
1411,1411,2023-03-13,Ibadan Farmers Cooperative
1412,1412,2016-04-16,Kumasi Farmers Cooperative
1413,1413,2021-08-27,
1414,1414,2017-09-07,
1415,1415,2023-10-15,
1416,1416,2025-10-18,Kumasi Farmers Cooperative
1417,1417,2021-12-16,
1418,1418,2016-07-06,Uyo Farmers Cooperative
1419,1419,2024-06-10,
1420,1420,2016-05-09,Nakuru Farmers Cooperative
1421,1421,2025-08-11,Ibadan Farmers Cooperative
1422,1422,2017-05-08,
1423,1423,2021-12-17,Uyo Farmers Cooperative
1424,1424,2016-09-03,Kumasi Farmers Cooperative
1425,1425,2024-07-29,Enugu Farmers Cooperative
1426,1426,2024-09-09,Ibadan Farmers Cooperative
1427,1427,2023-06-29,
1428,1428,2023-05-22,Benue Farmers Cooperative
1429,1429,2024-01-27,Enugu Farmers Cooperative
1430,1430,2023-10-22,
1431,1431,2026-01-14,Uyo Farmers Cooperative
1432,1432,2022-01-02,Kumasi Farmers Cooperative
1433,1433,2026-01-27,Kumasi Farmers Cooperative
1434,1434,2021-03-16,Ibadan Farmers Cooperative
1435,1435,2016-09-30,Kaduna Farmers Cooperative
1436,1436,2026-02-19,
1437,1437,2019-01-22,Ibadan Farmers Cooperative
1438,1438,2026-01-10,Kaduna Farmers Cooperative
1439,1439,2022-03-27,Kumasi Farmers Cooperative
1440,1440,2015-10-30,Kumasi Farmers Cooperative
1441,1441,2015-05-05,Nakuru Farmers Cooperative
1442,1442,2023-10-27,Uyo Farmers Cooperative
1443,1443,2015-05-11,Kumasi Farmers Cooperative
1444,1444,2021-11-05,Nakuru Farmers Cooperative
1445,1445,2017-09-26,
1446,1446,2024-11-16,Kaduna Farmers Cooperative
1447,1447,2019-07-23,Nakuru Farmers Cooperative
1448,1448,2020-05-02,Kaduna Farmers Cooperative
1449,1449,2022-11-27,Ibadan Farmers Cooperative
1450,1450,2018-06-17,
1451,1451,2022-01-02,Kumasi Farmers Cooperative
1452,1452,2024-05-23,Kaduna Farmers Cooperative
1453,1453,2017-03-25,
1454,1454,2025-08-15,Kaduna Farmers Cooperative
1455,1455,2015-01-06,
1456,1456,2025-05-17,Benue Farmers Cooperative
1457,1457,2016-01-19,
1458,1458,2020-12-03,
1459,1459,2017-03-23,
1460,1460,2023-04-19,
1461,1461,2025-07-04,Kumasi Farmers Cooperative
1462,1462,2023-07-14,
1463,1463,2019-10-01,
1464,1464,2016-02-03,Kumasi Farmers Cooperative
1465,1465,2019-12-20,Ibadan Farmers Cooperative
1466,1466,2024-01-10,Nakuru Farmers Cooperative
1467,1467,2023-11-10,Ibadan Farmers Cooperative
1468,1468,2020-07-24,Benue Farmers Cooperative
1469,1469,2016-03-07,
1470,1470,2025-05-27,
1471,1471,2023-06-29,
1472,1472,2016-05-07,
1473,1473,2025-02-07,
1474,1474,2025-09-30,Nakuru Farmers Cooperative
1475,1475,2016-05-22,Ibadan Farmers Cooperative
1476,1476,2022-11-11,Kumasi Farmers Cooperative
1477,1477,2025-12-09,
1478,1478,2016-08-25,Uyo Farmers Cooperative
1479,1479,2020-09-26,
1480,1480,2024-12-05,
1481,1481,2025-11-16,Ibadan Farmers Cooperative
1482,1482,2025-12-15,
1483,1483,2025-02-28,Ibadan Farmers Cooperative
1484,1484,2018-06-23,
1485,1485,2025-04-10,
1486,1486,2026-02-11,Enugu Farmers Cooperative
1487,1487,2015-07-02,Uyo Farmers Cooperative
1488,1488,2020-11-15,Enugu Farmers Cooperative
1489,1489,2016-08-08,
1490,1490,2026-03-19,Kumasi Farmers Cooperative
1491,1491,2015-04-03,
1492,1492,2022-08-30,
1493,1493,2020-06-06,Kaduna Farmers Cooperative
1494,1494,2022-09-15,Nakuru Farmers Cooperative
1495,1495,2020-03-19,
1496,1496,2020-01-12,
1497,1497,2025-05-08,
1498,1498,2019-03-20,Enugu Farmers Cooperative
1499,1499,2017-02-06,Enugu Farmers Cooperative
1500,1500,2018-05-25,Ibadan Farmers Cooperative
1501,1501,2025-10-18,
1502,1502,2023-03-10,
1503,1503,2016-03-05,
1504,1504,2016-05-24,
1505,1505,2026-02-15,Uyo Farmers Cooperative
1506,1506,2026-05-18,
1507,1507,2018-10-12,
1508,1508,2023-11-29,
1509,1509,2025-07-17,
1510,1510,2024-09-01,Nakuru Farmers Cooperative
1511,1511,2026-06-19,Benue Farmers Cooperative
1512,1512,2021-05-12,Kaduna Farmers Cooperative
1513,1513,2019-10-13,Benue Farmers Cooperative
1514,1514,2019-02-13,
1515,1515,2023-04-11,Kumasi Farmers Cooperative
1516,1516,2025-03-18,
1517,1517,2025-03-09,Kumasi Farmers Cooperative
1518,1518,2022-11-15,Kaduna Farmers Cooperative
1519,1519,2018-12-11,Nakuru Farmers Cooperative
1520,1520,2018-10-02,Nakuru Farmers Cooperative
1521,1521,2016-12-29,Kumasi Farmers Cooperative
1522,1522,2015-10-02,Ibadan Farmers Cooperative
1523,1523,2015-08-07,Ibadan Farmers Cooperative
1524,1524,2022-07-07,
1525,1525,2021-11-06,Enugu Farmers Cooperative
1526,1526,2020-10-29,Kaduna Farmers Cooperative
1527,1527,2025-04-17,
1528,1528,2017-09-25,Kaduna Farmers Cooperative
1529,1529,2021-05-02,
1530,1530,2018-09-10,Kumasi Farmers Cooperative
1531,1531,2024-12-12,Kaduna Farmers Cooperative
1532,1532,2025-04-07,Nakuru Farmers Cooperative
1533,1533,2022-11-12,Kumasi Farmers Cooperative
1534,1534,2015-09-25,
1535,1535,2020-11-01,Enugu Farmers Cooperative
1536,1536,2017-08-08,Enugu Farmers Cooperative
1537,1537,2021-06-19,Uyo Farmers Cooperative
1538,1538,2021-05-11,Nakuru Farmers Cooperative
1539,1539,2023-02-26,Enugu Farmers Cooperative
1540,1540,2017-12-09,Kaduna Farmers Cooperative
1541,1541,2018-08-25,Benue Farmers Cooperative
1542,1542,2026-04-08,Nakuru Farmers Cooperative
1543,1543,2024-10-30,
1544,1544,2022-09-06,
1545,1545,2021-01-22,Kumasi Farmers Cooperative
1546,1546,2015-01-19,Uyo Farmers Cooperative
1547,1547,2024-09-21,
1548,1548,2019-02-09,Nakuru Farmers Cooperative
1549,1549,2025-04-02,
1550,1550,2016-07-23,Ibadan Farmers Cooperative
1551,1551,2025-09-11,
1552,1552,2021-07-16,
1553,1553,2026-01-23,Enugu Farmers Cooperative
1554,1554,2018-06-14,
1555,1555,2017-07-10,Ibadan Farmers Cooperative
1556,1556,2017-02-13,Enugu Farmers Cooperative
1557,1557,2022-06-08,Enugu Farmers Cooperative
1558,1558,2015-01-23,
1559,1559,2015-11-15,Uyo Farmers Cooperative
1560,1560,2025-08-28,
1561,1561,2021-04-14,Enugu Farmers Cooperative
1562,1562,2024-08-17,Enugu Farmers Cooperative
1563,1563,2016-11-29,
1564,1564,2016-02-25,Enugu Farmers Cooperative
1565,1565,2022-03-26,Ibadan Farmers Cooperative
1566,1566,2017-02-13,Benue Farmers Cooperative
1567,1567,2021-11-27,
1568,1568,2020-10-28,Nakuru Farmers Cooperative
1569,1569,2021-07-05,Kumasi Farmers Cooperative
1570,1570,2018-06-09,Kaduna Farmers Cooperative
1571,1571,2019-04-30,
1572,1572,2017-02-18,
1573,1573,2026-04-27,Benue Farmers Cooperative
1574,1574,2024-06-17,Ibadan Farmers Cooperative
1575,1575,2021-03-23,Ibadan Farmers Cooperative
1576,1576,2016-05-21,
1577,1577,2016-11-23,
1578,1578,2020-02-18,Benue Farmers Cooperative
1579,1579,2021-11-05,
1580,1580,2020-08-25,
1581,1581,2015-03-24,
1582,1582,2020-12-13,
1583,1583,2016-10-21,Enugu Farmers Cooperative
1584,1584,2026-05-28,
1585,1585,2026-01-16,
1586,1586,2015-09-27,
1587,1587,2025-05-29,Uyo Farmers Cooperative
1588,1588,2017-10-19,
1589,1589,2019-01-04,Kumasi Farmers Cooperative
1590,1590,2015-12-26,
1591,1591,2015-01-03,Uyo Farmers Cooperative
1592,1592,2019-12-15,Ibadan Farmers Cooperative
1593,1593,2025-03-17,
1594,1594,2021-08-23,Kumasi Farmers Cooperative
1595,1595,2025-07-29,Kaduna Farmers Cooperative
1596,1596,2019-11-12,
1597,1597,2015-04-25,
1598,1598,2019-12-02,Nakuru Farmers Cooperative
1599,1599,2017-09-04,
1600,1600,2025-08-18,
1601,1601,2015-10-10,
1602,1602,2019-03-20,Benue Farmers Cooperative
1603,1603,2024-04-03,Kaduna Farmers Cooperative
1604,1604,2023-06-24,
1605,1605,2023-06-18,Ibadan Farmers Cooperative
1606,1606,2019-04-09,Kaduna Farmers Cooperative
1607,1607,2024-12-03,Uyo Farmers Cooperative
1608,1608,2018-03-15,Kumasi Farmers Cooperative
1609,1609,2024-11-23,Enugu Farmers Cooperative
1610,1610,2015-11-24,Enugu Farmers Cooperative
1611,1611,2019-02-25,
1612,1612,2019-11-30,Uyo Farmers Cooperative
1613,1613,2015-12-26,Kaduna Farmers Cooperative
1614,1614,2019-05-18,Nakuru Farmers Cooperative
1615,1615,2015-02-14,Enugu Farmers Cooperative
1616,1616,2025-02-01,
1617,1617,2023-10-26,Benue Farmers Cooperative
1618,1618,2025-01-04,Ibadan Farmers Cooperative
1619,1619,2026-03-11,Kumasi Farmers Cooperative
1620,1620,2017-09-03,Nakuru Farmers Cooperative
1621,1621,2025-06-25,
1622,1622,2018-07-24,Kaduna Farmers Cooperative
1623,1623,2020-09-06,Ibadan Farmers Cooperative
1624,1624,2017-01-05,
1625,1625,2025-07-08,
1626,1626,2024-08-03,Kumasi Farmers Cooperative
1627,1627,2024-02-20,Nakuru Farmers Cooperative
1628,1628,2022-07-28,Uyo Farmers Cooperative
1629,1629,2024-09-26,Kumasi Farmers Cooperative
1630,1630,2016-04-28,
1631,1631,2024-01-06,
1632,1632,2020-12-08,Benue Farmers Cooperative
1633,1633,2015-08-06,Kaduna Farmers Cooperative
1634,1634,2019-03-27,
1635,1635,2023-07-23,Enugu Farmers Cooperative
1636,1636,2024-11-06,
1637,1637,2021-10-02,Uyo Farmers Cooperative
1638,1638,2020-04-22,Ibadan Farmers Cooperative
1639,1639,2015-06-16,Kaduna Farmers Cooperative
1640,1640,2022-12-07,
1641,1641,2023-07-12,Uyo Farmers Cooperative
1642,1642,2021-07-01,Kaduna Farmers Cooperative
1643,1643,2021-07-21,Ibadan Farmers Cooperative
1644,1644,2022-06-21,Nakuru Farmers Cooperative
1645,1645,2016-05-02,Ibadan Farmers Cooperative
1646,1646,2025-02-11,Kaduna Farmers Cooperative
1647,1647,2015-04-25,Enugu Farmers Cooperative
1648,1648,2015-05-10,
1649,1649,2025-07-02,Nakuru Farmers Cooperative
1650,1650,2018-12-23,
1651,1651,2019-12-01,Benue Farmers Cooperative
1652,1652,2017-02-14,Kaduna Farmers Cooperative
1653,1653,2022-05-19,
1654,1654,2018-06-24,Ibadan Farmers Cooperative
1655,1655,2026-03-30,
1656,1656,2024-07-09,Uyo Farmers Cooperative
1657,1657,2020-04-11,
1658,1658,2021-07-28,Benue Farmers Cooperative
1659,1659,2017-04-22,Uyo Farmers Cooperative
1660,1660,2025-06-12,Ibadan Farmers Cooperative
1661,1661,2016-12-05,Nakuru Farmers Cooperative
1662,1662,2023-05-16,
1663,1663,2025-09-27,
1664,1664,2024-08-17,Enugu Farmers Cooperative
1665,1665,2016-01-30,
1666,1666,2018-11-11,Uyo Farmers Cooperative
1667,1667,2016-05-14,Kaduna Farmers Cooperative
1668,1668,2023-07-02,Nakuru Farmers Cooperative
1669,1669,2024-07-22,Kumasi Farmers Cooperative
1670,1670,2015-05-16,
1671,1671,2016-09-29,Enugu Farmers Cooperative
1672,1672,2023-09-02,Benue Farmers Cooperative
1673,1673,2016-05-29,Kumasi Farmers Cooperative
1674,1674,2019-04-07,
1675,1675,2015-01-25,
1676,1676,2023-02-15,Kumasi Farmers Cooperative
1677,1677,2016-08-21,
1678,1678,2016-11-29,Ibadan Farmers Cooperative
1679,1679,2021-11-25,Uyo Farmers Cooperative
1680,1680,2024-12-11,Uyo Farmers Cooperative
1681,1681,2024-01-24,Kumasi Farmers Cooperative
1682,1682,2020-10-22,Enugu Farmers Cooperative
1683,1683,2023-05-02,Nakuru Farmers Cooperative
1684,1684,2022-08-26,
1685,1685,2017-02-16,
1686,1686,2021-03-23,Ibadan Farmers Cooperative
1687,1687,2023-01-14,Kaduna Farmers Cooperative
1688,1688,2022-01-16,
1689,1689,2021-01-19,Kumasi Farmers Cooperative
1690,1690,2017-11-26,
1691,1691,2021-02-08,Kaduna Farmers Cooperative
1692,1692,2026-01-28,
1693,1693,2016-12-15,Ibadan Farmers Cooperative
1694,1694,2015-10-29,Kaduna Farmers Cooperative
1695,1695,2022-01-12,
1696,1696,2017-08-15,Kumasi Farmers Cooperative
1697,1697,2020-05-22,Enugu Farmers Cooperative
1698,1698,2023-07-31,
1699,1699,2022-09-28,Uyo Farmers Cooperative
1700,1700,2017-04-06,
1701,1701,2019-07-25,Uyo Farmers Cooperative
1702,1702,2024-04-03,
1703,1703,2018-01-31,Enugu Farmers Cooperative
1704,1704,2016-07-09,Ibadan Farmers Cooperative
1705,1705,2023-11-24,Benue Farmers Cooperative
1706,1706,2016-12-24,
1707,1707,2019-04-30,Kumasi Farmers Cooperative
1708,1708,2022-07-06,Ibadan Farmers Cooperative
1709,1709,2020-11-02,Kumasi Farmers Cooperative
1710,1710,2018-10-04,
1711,1711,2016-12-08,Benue Farmers Cooperative
1712,1712,2018-01-21,
1713,1713,2015-01-22,Ibadan Farmers Cooperative
1714,1714,2018-11-01,Kaduna Farmers Cooperative
1715,1715,2015-10-17,Kaduna Farmers Cooperative
1716,1716,2018-10-24,Enugu Farmers Cooperative
1717,1717,2024-02-19,Enugu Farmers Cooperative
1718,1718,2016-03-12,Benue Farmers Cooperative
1719,1719,2016-01-25,Kaduna Farmers Cooperative
1720,1720,2019-04-30,
1721,1721,2022-02-03,Uyo Farmers Cooperative
1722,1722,2023-04-10,Kaduna Farmers Cooperative
1723,1723,2019-10-20,Ibadan Farmers Cooperative
1724,1724,2024-11-22,Uyo Farmers Cooperative
1725,1725,2026-05-29,Nakuru Farmers Cooperative
1726,1726,2016-02-21,Kumasi Farmers Cooperative
1727,1727,2016-03-04,
1728,1728,2019-12-08,
1729,1729,2021-11-29,
1730,1730,2025-01-01,Kaduna Farmers Cooperative
1731,1731,2025-10-28,Benue Farmers Cooperative
1732,1732,2019-03-11,
1733,1733,2019-11-07,Nakuru Farmers Cooperative
1734,1734,2016-12-31,Benue Farmers Cooperative
1735,1735,2019-07-10,Uyo Farmers Cooperative
1736,1736,2016-06-05,Kumasi Farmers Cooperative
1737,1737,2020-04-22,Uyo Farmers Cooperative
1738,1738,2025-10-02,Nakuru Farmers Cooperative
1739,1739,2018-04-07,Enugu Farmers Cooperative
1740,1740,2017-09-24,Kaduna Farmers Cooperative
1741,1741,2018-06-29,Uyo Farmers Cooperative
1742,1742,2017-02-07,
1743,1743,2022-03-24,Benue Farmers Cooperative
1744,1744,2015-04-07,Ibadan Farmers Cooperative
1745,1745,2016-10-26,
1746,1746,2024-08-23,
1747,1747,2017-05-08,
1748,1748,2026-04-16,
1749,1749,2015-03-10,
1750,1750,2024-10-02,Kumasi Farmers Cooperative
1751,1751,2016-06-02,Nakuru Farmers Cooperative
1752,1752,2016-12-31,Uyo Farmers Cooperative
1753,1753,2016-01-19,
1754,1754,2018-11-02,
1755,1755,2022-02-03,Uyo Farmers Cooperative
1756,1756,2021-01-15,
1757,1757,2018-08-01,
1758,1758,2024-11-23,
1759,1759,2023-10-18,
1760,1760,2017-08-09,Nakuru Farmers Cooperative
1761,1761,2019-04-12,Kumasi Farmers Cooperative
1762,1762,2019-11-11,
1763,1763,2024-03-22,Uyo Farmers Cooperative
1764,1764,2023-05-18,Kumasi Farmers Cooperative
1765,1765,2023-11-17,Ibadan Farmers Cooperative
1766,1766,2019-02-21,
1767,1767,2020-10-28,Kumasi Farmers Cooperative
1768,1768,2022-03-06,Benue Farmers Cooperative
1769,1769,2017-02-22,
1770,1770,2018-05-20,
1771,1771,2016-11-02,Nakuru Farmers Cooperative
1772,1772,2017-10-25,Nakuru Farmers Cooperative
1773,1773,2019-07-01,
1774,1774,2024-01-31,Ibadan Farmers Cooperative
1775,1775,2025-08-14,Kumasi Farmers Cooperative
1776,1776,2019-04-03,
1777,1777,2015-01-09,Kumasi Farmers Cooperative
1778,1778,2025-09-05,Kaduna Farmers Cooperative
1779,1779,2018-02-18,Benue Farmers Cooperative
1780,1780,2020-03-10,
1781,1781,2018-03-18,Nakuru Farmers Cooperative
1782,1782,2015-11-09,
1783,1783,2020-01-08,Benue Farmers Cooperative
1784,1784,2016-08-13,Ibadan Farmers Cooperative
1785,1785,2020-12-23,
1786,1786,2015-05-28,Kumasi Farmers Cooperative
1787,1787,2024-12-15,Ibadan Farmers Cooperative
1788,1788,2018-02-04,Nakuru Farmers Cooperative
1789,1789,2023-01-08,
1790,1790,2023-03-26,Kumasi Farmers Cooperative
1791,1791,2016-10-25,
1792,1792,2020-06-21,
1793,1793,2019-11-13,
1794,1794,2025-10-06,
1795,1795,2015-08-29,
1796,1796,2017-05-25,
1797,1797,2019-05-15,Kumasi Farmers Cooperative
1798,1798,2020-12-09,Ibadan Farmers Cooperative
1799,1799,2016-04-05,
1800,1800,2025-12-15,Nakuru Farmers Cooperative
1801,1801,2015-10-11,Enugu Farmers Cooperative
1802,1802,2022-10-12,
1803,1803,2023-05-01,
1804,1804,2024-10-09,Enugu Farmers Cooperative
1805,1805,2017-11-01,
1806,1806,2017-04-04,Enugu Farmers Cooperative
1807,1807,2015-10-15,
1808,1808,2022-12-09,Enugu Farmers Cooperative
1809,1809,2024-09-11,Nakuru Farmers Cooperative
1810,1810,2020-05-04,
1811,1811,2016-05-06,Uyo Farmers Cooperative
1812,1812,2023-06-12,Uyo Farmers Cooperative
1813,1813,2026-03-14,Enugu Farmers Cooperative
1814,1814,2022-07-17,
1815,1815,2017-10-12,
1816,1816,2017-06-27,Kaduna Farmers Cooperative
1817,1817,2019-02-26,Uyo Farmers Cooperative
1818,1818,2025-05-20,Kumasi Farmers Cooperative
1819,1819,2019-09-29,Enugu Farmers Cooperative
1820,1820,2023-07-03,Nakuru Farmers Cooperative
1821,1821,2019-12-14,Benue Farmers Cooperative
1822,1822,2017-07-27,Nakuru Farmers Cooperative
1823,1823,2017-09-20,Benue Farmers Cooperative
1824,1824,2019-09-04,Benue Farmers Cooperative
1825,1825,2023-03-28,
1826,1826,2017-11-23,
1827,1827,2022-07-09,Ibadan Farmers Cooperative
1828,1828,2023-03-01,Kumasi Farmers Cooperative
1829,1829,2016-05-17,Benue Farmers Cooperative
1830,1830,2017-12-26,Kumasi Farmers Cooperative
1831,1831,2017-01-03,
1832,1832,2020-05-08,
1833,1833,2018-01-15,Uyo Farmers Cooperative
1834,1834,2020-09-14,
1835,1835,2016-03-19,Benue Farmers Cooperative
1836,1836,2023-07-21,
1837,1837,2025-10-05,
1838,1838,2016-12-17,
1839,1839,2015-11-28,
1840,1840,2025-07-11,Kumasi Farmers Cooperative
1841,1841,2017-12-27,Uyo Farmers Cooperative
1842,1842,2022-03-13,Benue Farmers Cooperative
1843,1843,2024-02-19,Ibadan Farmers Cooperative
1844,1844,2017-02-28,
1845,1845,2016-09-08,Kumasi Farmers Cooperative
1846,1846,2015-10-20,Kaduna Farmers Cooperative
1847,1847,2019-08-19,Uyo Farmers Cooperative
1848,1848,2022-05-17,Nakuru Farmers Cooperative
1849,1849,2021-10-28,Nakuru Farmers Cooperative
1850,1850,2020-09-18,
1851,1851,2025-03-12,
1852,1852,2016-04-24,
1853,1853,2022-09-07,Kaduna Farmers Cooperative
1854,1854,2025-05-02,Ibadan Farmers Cooperative
1855,1855,2021-05-07,Enugu Farmers Cooperative
1856,1856,2015-01-18,
1857,1857,2015-02-14,Kaduna Farmers Cooperative
1858,1858,2021-01-07,Ibadan Farmers Cooperative
1859,1859,2022-09-19,Kaduna Farmers Cooperative
1860,1860,2015-07-12,Nakuru Farmers Cooperative
1861,1861,2018-07-13,
1862,1862,2019-03-31,Ibadan Farmers Cooperative
1863,1863,2026-03-16,Ibadan Farmers Cooperative
1864,1864,2017-05-23,
1865,1865,2024-08-14,Kumasi Farmers Cooperative
1866,1866,2018-10-01,Benue Farmers Cooperative
1867,1867,2024-08-18,Kaduna Farmers Cooperative
1868,1868,2015-08-02,
1869,1869,2015-08-11,Uyo Farmers Cooperative
1870,1870,2016-10-24,Ibadan Farmers Cooperative
1871,1871,2021-04-07,Uyo Farmers Cooperative
1872,1872,2021-02-11,Uyo Farmers Cooperative
1873,1873,2026-04-17,Kumasi Farmers Cooperative
1874,1874,2017-10-16,Kaduna Farmers Cooperative
1875,1875,2015-02-04,Enugu Farmers Cooperative
1876,1876,2022-12-01,
1877,1877,2025-12-21,Ibadan Farmers Cooperative
1878,1878,2016-05-15,Benue Farmers Cooperative
1879,1879,2021-09-28,
1880,1880,2026-04-30,Ibadan Farmers Cooperative
1881,1881,2024-09-09,Uyo Farmers Cooperative
1882,1882,2021-01-20,
1883,1883,2016-09-29,Enugu Farmers Cooperative
1884,1884,2019-12-17,Kumasi Farmers Cooperative
1885,1885,2023-12-01,Uyo Farmers Cooperative
1886,1886,2016-04-22,
1887,1887,2019-12-28,Kumasi Farmers Cooperative
1888,1888,2020-06-05,Benue Farmers Cooperative
1889,1889,2022-01-12,
1890,1890,2023-10-05,Uyo Farmers Cooperative
1891,1891,2015-04-16,
1892,1892,2015-08-29,Kumasi Farmers Cooperative
1893,1893,2025-03-31,
1894,1894,2025-04-23,
1895,1895,2021-07-15,
1896,1896,2021-09-02,
1897,1897,2015-02-11,Nakuru Farmers Cooperative
1898,1898,2025-04-28,Uyo Farmers Cooperative
1899,1899,2022-02-08,Nakuru Farmers Cooperative
1900,1900,2021-05-28,
1901,1901,2015-02-13,
1902,1902,2022-01-02,
1903,1903,2024-11-07,Kumasi Farmers Cooperative
1904,1904,2016-01-01,
1905,1905,2019-05-17,
1906,1906,2019-04-02,
1907,1907,2025-01-04,Enugu Farmers Cooperative
1908,1908,2015-07-01,
1909,1909,2019-08-29,
1910,1910,2020-07-30,
1911,1911,2023-03-17,Kaduna Farmers Cooperative
1912,1912,2023-03-22,Ibadan Farmers Cooperative
1913,1913,2016-03-04,
1914,1914,2025-01-06,
1915,1915,2015-12-31,Uyo Farmers Cooperative
1916,1916,2023-12-07,Enugu Farmers Cooperative
1917,1917,2019-04-09,
1918,1918,2023-11-23,Ibadan Farmers Cooperative
1919,1919,2019-10-27,
1920,1920,2022-07-10,
1921,1921,2025-08-27,Benue Farmers Cooperative
1922,1922,2020-10-05,
1923,1923,2019-07-31,Nakuru Farmers Cooperative
1924,1924,2020-08-26,
1925,1925,2024-11-23,Ibadan Farmers Cooperative
1926,1926,2023-05-11,
1927,1927,2016-12-27,
1928,1928,2016-08-17,
1929,1929,2023-01-01,
1930,1930,2018-01-19,Kumasi Farmers Cooperative
1931,1931,2024-02-05,Ibadan Farmers Cooperative
1932,1932,2025-07-10,Kaduna Farmers Cooperative
1933,1933,2022-08-18,Kaduna Farmers Cooperative
1934,1934,2022-04-28,Uyo Farmers Cooperative
1935,1935,2016-04-13,
1936,1936,2017-01-10,
1937,1937,2018-04-21,Benue Farmers Cooperative
1938,1938,2020-11-24,Kaduna Farmers Cooperative
1939,1939,2016-04-14,
1940,1940,2020-04-01,Kaduna Farmers Cooperative
1941,1941,2015-03-21,Ibadan Farmers Cooperative
1942,1942,2022-08-04,
1943,1943,2022-08-24,
1944,1944,2016-03-17,
1945,1945,2023-11-23,Kumasi Farmers Cooperative
1946,1946,2024-01-24,
1947,1947,2020-10-19,Kumasi Farmers Cooperative
1948,1948,2017-01-17,Kaduna Farmers Cooperative
1949,1949,2020-04-15,Ibadan Farmers Cooperative
1950,1950,2020-09-15,Benue Farmers Cooperative
1951,1951,2018-11-17,Kumasi Farmers Cooperative
1952,1952,2016-11-03,Benue Farmers Cooperative
1953,1953,2018-12-22,
1954,1954,2024-08-23,
1955,1955,2020-04-03,Nakuru Farmers Cooperative
1956,1956,2023-12-01,
1957,1957,2020-11-08,Uyo Farmers Cooperative
1958,1958,2025-09-27,
1959,1959,2026-04-26,Kumasi Farmers Cooperative
1960,1960,2023-06-11,Ibadan Farmers Cooperative
1961,1961,2018-10-07,
1962,1962,2023-09-07,Kaduna Farmers Cooperative
1963,1963,2018-11-03,Benue Farmers Cooperative
1964,1964,2016-04-04,Kumasi Farmers Cooperative
1965,1965,2015-10-09,Nakuru Farmers Cooperative
1966,1966,2020-08-26,
1967,1967,2018-03-25,
1968,1968,2017-05-23,Ibadan Farmers Cooperative
1969,1969,2024-04-24,
1970,1970,2024-08-13,
1971,1971,2023-10-08,Uyo Farmers Cooperative
1972,1972,2015-08-11,
1973,1973,2017-07-08,
1974,1974,2025-02-02,
1975,1975,2015-01-08,Uyo Farmers Cooperative
1976,1976,2015-07-03,
1977,1977,2025-09-17,
1978,1978,2025-10-19,Kaduna Farmers Cooperative
1979,1979,2016-06-10,Benue Farmers Cooperative
1980,1980,2018-11-16,Kumasi Farmers Cooperative
1981,1981,2015-09-18,
1982,1982,2018-04-06,Kaduna Farmers Cooperative
1983,1983,2015-12-25,Ibadan Farmers Cooperative
1984,1984,2017-11-22,Ibadan Farmers Cooperative
1985,1985,2018-01-24,Uyo Farmers Cooperative
1986,1986,2018-06-15,Kaduna Farmers Cooperative
1987,1987,2018-05-03,
1988,1988,2016-02-13,Nakuru Farmers Cooperative
1989,1989,2025-07-27,
1990,1990,2015-01-27,Ibadan Farmers Cooperative
1991,1991,2026-06-11,Nakuru Farmers Cooperative
1992,1992,2020-10-30,
1993,1993,2016-01-23,Nakuru Farmers Cooperative
1994,1994,2016-10-24,
1995,1995,2024-08-04,
1996,1996,2024-10-01,
1997,1997,2016-06-05,
1998,1998,2025-04-23,Ibadan Farmers Cooperative
1999,1999,2025-07-14,
2000,2000,2023-10-03,Uyo Farmers Cooperative
2001,2001,2017-05-27,Ibadan Farmers Cooperative
2002,2002,2023-03-14,
2003,2003,2022-10-23,Benue Farmers Cooperative
2004,2004,2018-07-01,Kumasi Farmers Cooperative
2005,2005,2017-12-28,
2006,2006,2022-12-09,Uyo Farmers Cooperative
2007,2007,2017-12-23,
2008,2008,2017-04-16,Kaduna Farmers Cooperative
2009,2009,2021-04-27,Enugu Farmers Cooperative
2010,2010,2025-10-02,Kumasi Farmers Cooperative
2011,2011,2019-09-16,
2012,2012,2018-03-30,Kaduna Farmers Cooperative
2013,2013,2023-12-12,
2014,2014,2018-02-24,Kumasi Farmers Cooperative
2015,2015,2019-03-07,Kumasi Farmers Cooperative
2016,2016,2020-08-23,Nakuru Farmers Cooperative
2017,2017,2022-07-22,
2018,2018,2018-11-02,
2019,2019,2019-12-09,Benue Farmers Cooperative
2020,2020,2025-12-16,
2021,2021,2017-06-22,Enugu Farmers Cooperative
2022,2022,2015-01-19,
2023,2023,2015-04-06,Benue Farmers Cooperative
2024,2024,2019-08-25,Nakuru Farmers Cooperative
2025,2025,2025-07-23,Benue Farmers Cooperative
2026,2026,2015-04-24,
2027,2027,2023-05-23,Nakuru Farmers Cooperative
2028,2028,2017-07-14,Enugu Farmers Cooperative
2029,2029,2020-01-30,
2030,2030,2024-02-02,Uyo Farmers Cooperative
2031,2031,2018-03-14,Kumasi Farmers Cooperative
2032,2032,2019-09-21,
2033,2033,2024-09-18,Enugu Farmers Cooperative
2034,2034,2018-05-14,
2035,2035,2021-12-09,
2036,2036,2020-08-18,Nakuru Farmers Cooperative
2037,2037,2016-01-03,Enugu Farmers Cooperative
2038,2038,2019-11-24,
2039,2039,2023-10-26,Kumasi Farmers Cooperative
2040,2040,2015-10-30,Nakuru Farmers Cooperative
2041,2041,2025-08-24,
2042,2042,2015-12-13,Ibadan Farmers Cooperative
2043,2043,2015-07-27,
2044,2044,2021-08-10,Nakuru Farmers Cooperative
2045,2045,2020-12-29,
2046,2046,2023-01-03,Benue Farmers Cooperative
2047,2047,2024-05-30,Benue Farmers Cooperative
2048,2048,2021-09-13,Benue Farmers Cooperative
2049,2049,2015-11-23,Kumasi Farmers Cooperative
2050,2050,2015-05-03,
2051,2051,2022-12-30,
2052,2052,2025-11-08,Ibadan Farmers Cooperative
2053,2053,2018-01-27,
2054,2054,2024-07-03,
2055,2055,2020-08-01,Enugu Farmers Cooperative
2056,2056,2020-07-08,Benue Farmers Cooperative
2057,2057,2016-09-29,Nakuru Farmers Cooperative
2058,2058,2025-01-25,Ibadan Farmers Cooperative
2059,2059,2025-04-25,
2060,2060,2017-11-13,
2061,2061,2021-11-27,Kaduna Farmers Cooperative
2062,2062,2018-08-22,
2063,2063,2021-09-18,
2064,2064,2015-09-06,Uyo Farmers Cooperative
2065,2065,2024-06-15,
2066,2066,2023-02-15,
2067,2067,2026-05-23,
2068,2068,2020-03-20,
2069,2069,2023-05-27,
2070,2070,2024-12-16,Uyo Farmers Cooperative
2071,2071,2018-09-03,Benue Farmers Cooperative
2072,2072,2025-03-19,Benue Farmers Cooperative
2073,2073,2019-01-30,Nakuru Farmers Cooperative
2074,2074,2024-09-19,
2075,2075,2023-05-23,
2076,2076,2020-01-30,Uyo Farmers Cooperative
2077,2077,2017-03-19,
2078,2078,2017-06-16,Kaduna Farmers Cooperative
2079,2079,2023-04-05,Benue Farmers Cooperative
2080,2080,2021-05-28,Uyo Farmers Cooperative
2081,2081,2025-08-19,Kumasi Farmers Cooperative
2082,2082,2025-08-20,Kumasi Farmers Cooperative
2083,2083,2016-06-01,Kumasi Farmers Cooperative
2084,2084,2020-08-05,Kaduna Farmers Cooperative
2085,2085,2019-05-19,Nakuru Farmers Cooperative
2086,2086,2022-03-31,Benue Farmers Cooperative
2087,2087,2018-12-04,Ibadan Farmers Cooperative
2088,2088,2016-10-22,Kaduna Farmers Cooperative
2089,2089,2020-04-30,Benue Farmers Cooperative
2090,2090,2016-01-22,
2091,2091,2026-04-06,Benue Farmers Cooperative
2092,2092,2020-09-07,Uyo Farmers Cooperative
2093,2093,2015-03-09,Benue Farmers Cooperative
2094,2094,2018-11-28,
2095,2095,2015-11-11,
2096,2096,2018-07-16,Benue Farmers Cooperative
2097,2097,2020-10-21,
2098,2098,2018-09-08,Kaduna Farmers Cooperative
2099,2099,2015-04-05,Nakuru Farmers Cooperative
2100,2100,2023-01-15,
2101,2101,2019-06-20,
2102,2102,2021-08-12,
2103,2103,2017-08-25,Benue Farmers Cooperative
2104,2104,2022-05-01,Ibadan Farmers Cooperative
2105,2105,2017-03-16,Enugu Farmers Cooperative
2106,2106,2026-02-16,Kumasi Farmers Cooperative
2107,2107,2019-10-17,Kumasi Farmers Cooperative
2108,2108,2015-06-25,Benue Farmers Cooperative
2109,2109,2018-10-07,Kaduna Farmers Cooperative
2110,2110,2022-03-26,Benue Farmers Cooperative
2111,2111,2018-07-27,Kumasi Farmers Cooperative
2112,2112,2025-09-02,Nakuru Farmers Cooperative
2113,2113,2022-12-17,
2114,2114,2024-02-16,Kaduna Farmers Cooperative
2115,2115,2020-09-13,
2116,2116,2017-06-16,
2117,2117,2024-05-12,
2118,2118,2021-11-02,Kumasi Farmers Cooperative
2119,2119,2018-08-13,Nakuru Farmers Cooperative
2120,2120,2015-11-06,Nakuru Farmers Cooperative
2121,2121,2025-07-20,
2122,2122,2016-04-25,Benue Farmers Cooperative
2123,2123,2024-01-18,Uyo Farmers Cooperative
2124,2124,2019-11-17,
2125,2125,2021-12-16,
2126,2126,2020-04-27,
2127,2127,2023-05-06,
2128,2128,2019-03-18,Kaduna Farmers Cooperative
2129,2129,2015-04-07,Kumasi Farmers Cooperative
2130,2130,2026-02-27,
2131,2131,2017-08-11,
2132,2132,2022-04-20,Nakuru Farmers Cooperative
2133,2133,2025-08-23,Nakuru Farmers Cooperative
2134,2134,2023-05-18,
2135,2135,2020-04-28,
2136,2136,2018-03-28,Enugu Farmers Cooperative
2137,2137,2025-10-22,
2138,2138,2024-02-20,
2139,2139,2025-12-04,
2140,2140,2021-04-09,
2141,2141,2026-05-28,Enugu Farmers Cooperative
2142,2142,2018-10-18,
2143,2143,2019-08-06,Benue Farmers Cooperative
2144,2144,2020-06-06,Ibadan Farmers Cooperative
2145,2145,2015-01-08,Kumasi Farmers Cooperative
2146,2146,2025-11-22,
2147,2147,2021-01-20,Ibadan Farmers Cooperative
2148,2148,2023-09-07,
2149,2149,2017-12-27,Enugu Farmers Cooperative
2150,2150,2025-08-11,Ibadan Farmers Cooperative
2151,2151,2023-08-18,
2152,2152,2022-12-13,
2153,2153,2017-12-06,
2154,2154,2019-01-27,
2155,2155,2023-04-06,Kaduna Farmers Cooperative
2156,2156,2025-09-15,
2157,2157,2022-10-22,Nakuru Farmers Cooperative
2158,2158,2024-07-26,Nakuru Farmers Cooperative
2159,2159,2019-12-13,Nakuru Farmers Cooperative
2160,2160,2015-02-21,Nakuru Farmers Cooperative
2161,2161,2016-06-25,Nakuru Farmers Cooperative
2162,2162,2021-10-14,Uyo Farmers Cooperative
2163,2163,2017-10-22,
2164,2164,2020-10-28,
2165,2165,2017-06-08,Nakuru Farmers Cooperative
2166,2166,2016-01-03,
2167,2167,2017-06-19,Uyo Farmers Cooperative
2168,2168,2020-06-29,Ibadan Farmers Cooperative
2169,2169,2016-10-25,
2170,2170,2017-03-22,Kumasi Farmers Cooperative
2171,2171,2023-09-25,
2172,2172,2017-12-16,Enugu Farmers Cooperative
2173,2173,2015-10-27,Benue Farmers Cooperative
2174,2174,2023-11-25,Nakuru Farmers Cooperative
2175,2175,2025-08-15,Kaduna Farmers Cooperative
2176,2176,2025-02-23,Enugu Farmers Cooperative
2177,2177,2019-10-29,
2178,2178,2017-04-19,Kaduna Farmers Cooperative
2179,2179,2025-09-21,
2180,2180,2015-11-27,Kaduna Farmers Cooperative
2181,2181,2016-11-10,Nakuru Farmers Cooperative
2182,2182,2024-02-12,Ibadan Farmers Cooperative
2183,2183,2023-04-20,
2184,2184,2016-06-24,Kumasi Farmers Cooperative
2185,2185,2015-12-06,Ibadan Farmers Cooperative
2186,2186,2021-02-25,
2187,2187,2024-10-24,Nakuru Farmers Cooperative
2188,2188,2016-03-18,Benue Farmers Cooperative
2189,2189,2023-03-26,
2190,2190,2020-03-20,Ibadan Farmers Cooperative
2191,2191,2018-02-17,Enugu Farmers Cooperative
2192,2192,2020-11-12,Kumasi Farmers Cooperative
2193,2193,2018-08-13,
2194,2194,2026-01-08,Enugu Farmers Cooperative
2195,2195,2015-03-04,Uyo Farmers Cooperative
2196,2196,2024-05-10,
2197,2197,2019-09-10,Enugu Farmers Cooperative
2198,2198,2019-04-25,
2199,2199,2015-06-15,Kaduna Farmers Cooperative
2200,2200,2026-03-14,Ibadan Farmers Cooperative
2201,2201,2017-06-12,
2202,2202,2016-08-22,Benue Farmers Cooperative
2203,2203,2023-08-07,
2204,2204,2025-10-28,Benue Farmers Cooperative
2205,2205,2016-04-14,
2206,2206,2018-07-01,Enugu Farmers Cooperative
2207,2207,2018-03-23,Uyo Farmers Cooperative
2208,2208,2019-02-20,Ibadan Farmers Cooperative
2209,2209,2026-02-03,
2210,2210,2021-01-18,
2211,2211,2015-02-04,
2212,2212,2025-10-22,Nakuru Farmers Cooperative
2213,2213,2017-09-10,
2214,2214,2023-05-08,Kaduna Farmers Cooperative
2215,2215,2023-07-04,Kumasi Farmers Cooperative
2216,2216,2018-09-01,
2217,2217,2025-07-04,Kaduna Farmers Cooperative
2218,2218,2022-10-16,Kumasi Farmers Cooperative
2219,2219,2015-03-01,Kumasi Farmers Cooperative
2220,2220,2019-05-19,
2221,2221,2018-12-11,
2222,2222,2024-11-06,
2223,2223,2017-05-11,
2224,2224,2020-08-23,Enugu Farmers Cooperative
2225,2225,2024-11-27,
2226,2226,2019-09-26,Kumasi Farmers Cooperative
2227,2227,2018-10-27,Kumasi Farmers Cooperative
2228,2228,2016-04-05,Benue Farmers Cooperative
2229,2229,2016-07-07,
2230,2230,2018-10-22,
2231,2231,2021-03-27,
2232,2232,2020-12-07,Nakuru Farmers Cooperative
2233,2233,2021-08-16,
2234,2234,2019-12-09,Kumasi Farmers Cooperative
2235,2235,2017-04-25,Enugu Farmers Cooperative
2236,2236,2019-08-29,Nakuru Farmers Cooperative
2237,2237,2018-06-23,Nakuru Farmers Cooperative
2238,2238,2019-05-19,Uyo Farmers Cooperative
2239,2239,2022-07-05,Kumasi Farmers Cooperative
2240,2240,2023-08-24,Benue Farmers Cooperative
2241,2241,2026-06-16,
2242,2242,2018-10-26,Kaduna Farmers Cooperative
2243,2243,2015-12-12,Ibadan Farmers Cooperative
2244,2244,2018-08-29,Nakuru Farmers Cooperative
2245,2245,2016-12-09,Kumasi Farmers Cooperative
2246,2246,2026-06-14,Enugu Farmers Cooperative
2247,2247,2016-02-02,
2248,2248,2025-10-08,
2249,2249,2022-07-14,
2250,2250,2026-05-23,Ibadan Farmers Cooperative
2251,2251,2022-11-06,Benue Farmers Cooperative
2252,2252,2025-07-28,Kumasi Farmers Cooperative
2253,2253,2020-10-22,Enugu Farmers Cooperative
2254,2254,2015-08-06,Ibadan Farmers Cooperative
2255,2255,2016-02-07,
2256,2256,2018-12-04,
2257,2257,2022-01-03,Enugu Farmers Cooperative
2258,2258,2016-04-15,Enugu Farmers Cooperative
2259,2259,2022-04-29,
2260,2260,2022-11-06,Kumasi Farmers Cooperative
2261,2261,2018-01-19,
2262,2262,2018-03-26,Nakuru Farmers Cooperative
2263,2263,2020-11-15,
2264,2264,2026-01-11,
2265,2265,2022-05-24,Nakuru Farmers Cooperative
2266,2266,2017-08-09,
2267,2267,2026-01-05,Benue Farmers Cooperative
2268,2268,2024-10-15,
2269,2269,2021-08-24,Benue Farmers Cooperative
2270,2270,2020-11-30,Uyo Farmers Cooperative
2271,2271,2016-05-03,Uyo Farmers Cooperative
2272,2272,2025-03-29,Ibadan Farmers Cooperative
2273,2273,2021-02-07,Kaduna Farmers Cooperative
2274,2274,2022-02-10,
2275,2275,2022-12-21,Ibadan Farmers Cooperative
2276,2276,2021-02-05,
2277,2277,2018-11-20,Uyo Farmers Cooperative
2278,2278,2015-07-14,Benue Farmers Cooperative
2279,2279,2022-11-07,
2280,2280,2015-11-16,Enugu Farmers Cooperative
2281,2281,2020-04-16,
2282,2282,2024-01-20,Ibadan Farmers Cooperative
2283,2283,2026-02-06,Kumasi Farmers Cooperative
2284,2284,2025-12-05,Kumasi Farmers Cooperative
2285,2285,2022-01-26,Kumasi Farmers Cooperative
2286,2286,2017-11-04,Nakuru Farmers Cooperative
2287,2287,2021-04-24,Nakuru Farmers Cooperative
2288,2288,2017-06-21,
2289,2289,2024-12-26,
2290,2290,2024-06-16,Kaduna Farmers Cooperative
2291,2291,2022-02-06,Nakuru Farmers Cooperative
2292,2292,2021-01-02,
2293,2293,2020-02-19,
2294,2294,2026-06-17,
2295,2295,2018-04-19,
2296,2296,2018-01-07,Enugu Farmers Cooperative
2297,2297,2023-08-05,
2298,2298,2018-08-13,Benue Farmers Cooperative
2299,2299,2024-05-07,Kaduna Farmers Cooperative
2300,2300,2019-10-24,
2301,2301,2026-06-01,Kumasi Farmers Cooperative
2302,2302,2022-02-19,Enugu Farmers Cooperative
2303,2303,2016-01-10,Nakuru Farmers Cooperative
2304,2304,2018-06-10,
2305,2305,2024-08-08,Kaduna Farmers Cooperative
2306,2306,2022-04-23,Kaduna Farmers Cooperative
2307,2307,2023-09-19,
2308,2308,2016-01-26,Enugu Farmers Cooperative
2309,2309,2021-01-21,Ibadan Farmers Cooperative
2310,2310,2015-01-30,Kaduna Farmers Cooperative
2311,2311,2026-05-31,
2312,2312,2019-06-17,
2313,2313,2026-06-25,Benue Farmers Cooperative
2314,2314,2024-01-29,Ibadan Farmers Cooperative
2315,2315,2017-03-09,Kaduna Farmers Cooperative
2316,2316,2023-01-25,Uyo Farmers Cooperative
2317,2317,2018-06-25,
2318,2318,2020-01-20,Nakuru Farmers Cooperative
2319,2319,2019-04-03,Nakuru Farmers Cooperative
2320,2320,2025-11-09,Nakuru Farmers Cooperative
2321,2321,2016-09-10,Ibadan Farmers Cooperative
2322,2322,2025-01-29,Kumasi Farmers Cooperative
2323,2323,2018-07-29,
2324,2324,2015-05-24,
2325,2325,2023-08-22,
2326,2326,2015-02-19,
2327,2327,2015-12-19,
2328,2328,2025-05-13,Enugu Farmers Cooperative
2329,2329,2019-10-28,Enugu Farmers Cooperative
2330,2330,2023-08-25,
2331,2331,2022-02-04,
2332,2332,2020-11-08,Kumasi Farmers Cooperative
2333,2333,2019-05-28,Kumasi Farmers Cooperative
2334,2334,2026-01-29,Ibadan Farmers Cooperative
2335,2335,2023-11-28,Uyo Farmers Cooperative
2336,2336,2016-12-19,
2337,2337,2019-07-24,
2338,2338,2022-05-23,
2339,2339,2019-01-08,Kumasi Farmers Cooperative
2340,2340,2023-11-19,Uyo Farmers Cooperative
2341,2341,2023-12-28,
2342,2342,2015-02-01,Ibadan Farmers Cooperative
2343,2343,2024-10-25,
2344,2344,2019-02-02,Ibadan Farmers Cooperative
2345,2345,2022-07-01,Ibadan Farmers Cooperative
2346,2346,2022-02-04,
2347,2347,2021-03-22,Benue Farmers Cooperative
2348,2348,2019-10-14,
2349,2349,2019-12-21,Benue Farmers Cooperative
2350,2350,2015-12-13,
2351,2351,2023-08-24,Enugu Farmers Cooperative
2352,2352,2017-09-06,
2353,2353,2022-05-30,
2354,2354,2015-10-14,Nakuru Farmers Cooperative
2355,2355,2015-04-23,Ibadan Farmers Cooperative
2356,2356,2018-07-03,
2357,2357,2020-04-09,Benue Farmers Cooperative
2358,2358,2018-02-08,
2359,2359,2025-09-19,
2360,2360,2019-02-06,
2361,2361,2022-04-16,Ibadan Farmers Cooperative
2362,2362,2023-04-17,Ibadan Farmers Cooperative
2363,2363,2018-02-14,Uyo Farmers Cooperative
2364,2364,2021-07-23,
2365,2365,2017-09-22,Ibadan Farmers Cooperative
2366,2366,2019-05-21,Benue Farmers Cooperative
2367,2367,2015-01-11,
2368,2368,2024-05-08,Nakuru Farmers Cooperative
2369,2369,2019-11-02,Kumasi Farmers Cooperative
2370,2370,2019-05-25,Benue Farmers Cooperative
2371,2371,2019-08-16,
2372,2372,2020-11-11,Kumasi Farmers Cooperative
2373,2373,2015-11-27,Ibadan Farmers Cooperative
2374,2374,2017-09-30,
2375,2375,2018-11-12,
2376,2376,2021-07-05,Benue Farmers Cooperative
2377,2377,2015-11-14,Enugu Farmers Cooperative
2378,2378,2023-01-20,Uyo Farmers Cooperative
2379,2379,2018-07-17,Nakuru Farmers Cooperative
2380,2380,2017-11-27,Kaduna Farmers Cooperative
2381,2381,2024-06-09,Kaduna Farmers Cooperative
2382,2382,2025-08-05,
2383,2383,2018-08-22,Ibadan Farmers Cooperative
2384,2384,2015-10-16,
2385,2385,2020-12-28,
2386,2386,2019-12-09,
2387,2387,2015-05-01,Uyo Farmers Cooperative
2388,2388,2026-05-25,
2389,2389,2019-11-19,Nakuru Farmers Cooperative
2390,2390,2025-09-09,
2391,2391,2018-02-06,
2392,2392,2021-06-19,Kumasi Farmers Cooperative
2393,2393,2024-10-21,Kaduna Farmers Cooperative
2394,2394,2024-04-06,Uyo Farmers Cooperative
2395,2395,2025-05-04,Uyo Farmers Cooperative
2396,2396,2019-12-12,Nakuru Farmers Cooperative
2397,2397,2018-03-23,
2398,2398,2018-07-07,Ibadan Farmers Cooperative
2399,2399,2023-11-02,Uyo Farmers Cooperative
2400,2400,2024-05-13,Ibadan Farmers Cooperative
2401,2401,2018-12-01,
2402,2402,2016-12-26,Uyo Farmers Cooperative
2403,2403,2022-04-16,Kumasi Farmers Cooperative
2404,2404,2020-01-20,
2405,2405,2018-01-24,
2406,2406,2020-10-06,
2407,2407,2015-01-26,
2408,2408,2022-12-25,
2409,2409,2025-12-23,Ibadan Farmers Cooperative
2410,2410,2018-11-27,Kumasi Farmers Cooperative
2411,2411,2023-11-07,
2412,2412,2023-08-27,
2413,2413,2019-11-12,
2414,2414,2019-04-01,Nakuru Farmers Cooperative
2415,2415,2021-09-26,Benue Farmers Cooperative
2416,2416,2018-09-03,
2417,2417,2021-08-06,Kaduna Farmers Cooperative
2418,2418,2021-12-06,Nakuru Farmers Cooperative
2419,2419,2015-11-16,Nakuru Farmers Cooperative
2420,2420,2016-12-21,
2421,2421,2016-02-08,Uyo Farmers Cooperative
2422,2422,2019-02-28,Uyo Farmers Cooperative
2423,2423,2015-08-18,
2424,2424,2023-10-07,Benue Farmers Cooperative
2425,2425,2025-04-15,Nakuru Farmers Cooperative
2426,2426,2021-10-28,Kumasi Farmers Cooperative
2427,2427,2020-02-29,Kumasi Farmers Cooperative
2428,2428,2022-12-30,
2429,2429,2017-02-21,Kaduna Farmers Cooperative
2430,2430,2021-12-02,Benue Farmers Cooperative
2431,2431,2021-12-09,
2432,2432,2015-08-10,
2433,2433,2024-10-18,Kumasi Farmers Cooperative
2434,2434,2015-02-23,Enugu Farmers Cooperative
2435,2435,2019-10-12,Benue Farmers Cooperative
2436,2436,2019-10-02,Uyo Farmers Cooperative
2437,2437,2018-12-08,Benue Farmers Cooperative
2438,2438,2016-10-20,Kaduna Farmers Cooperative
2439,2439,2019-11-13,Benue Farmers Cooperative
2440,2440,2018-01-30,
2441,2441,2018-07-28,
2442,2442,2016-09-19,Benue Farmers Cooperative
2443,2443,2018-01-27,
2444,2444,2024-09-18,
2445,2445,2026-03-28,Benue Farmers Cooperative
2446,2446,2024-06-09,Kumasi Farmers Cooperative
2447,2447,2016-06-14,Benue Farmers Cooperative
2448,2448,2025-03-15,Enugu Farmers Cooperative
2449,2449,2018-05-12,
2450,2450,2015-11-22,Benue Farmers Cooperative
2451,2451,2020-11-10,
2452,2452,2025-08-28,Ibadan Farmers Cooperative
2453,2453,2025-12-16,
2454,2454,2018-09-18,Nakuru Farmers Cooperative
2455,2455,2015-10-01,
2456,2456,2022-02-06,
2457,2457,2017-06-17,
2458,2458,2021-12-06,Benue Farmers Cooperative
2459,2459,2018-09-27,Uyo Farmers Cooperative
2460,2460,2024-01-22,Uyo Farmers Cooperative
2461,2461,2026-04-28,
2462,2462,2015-09-16,
2463,2463,2020-02-27,
2464,2464,2025-07-17,Benue Farmers Cooperative
2465,2465,2022-03-23,Uyo Farmers Cooperative
2466,2466,2023-01-11,Ibadan Farmers Cooperative
2467,2467,2017-12-15,
2468,2468,2019-12-17,Ibadan Farmers Cooperative
2469,2469,2020-01-17,Nakuru Farmers Cooperative
2470,2470,2025-01-04,
2471,2471,2016-06-23,Enugu Farmers Cooperative
2472,2472,2018-12-05,
2473,2473,2016-05-16,
2474,2474,2016-05-28,Benue Farmers Cooperative
2475,2475,2024-02-02,Ibadan Farmers Cooperative
2476,2476,2025-02-05,
2477,2477,2022-04-02,Nakuru Farmers Cooperative
2478,2478,2017-07-06,Uyo Farmers Cooperative
2479,2479,2021-01-10,Nakuru Farmers Cooperative
2480,2480,2026-02-26,Uyo Farmers Cooperative
2481,2481,2016-07-22,Uyo Farmers Cooperative
2482,2482,2021-05-14,Nakuru Farmers Cooperative
2483,2483,2018-08-22,Nakuru Farmers Cooperative
2484,2484,2020-04-16,Benue Farmers Cooperative
2485,2485,2016-03-10,Kumasi Farmers Cooperative
2486,2486,2019-08-16,
2487,2487,2016-02-01,Nakuru Farmers Cooperative
2488,2488,2024-03-10,
2489,2489,2025-05-23,Nakuru Farmers Cooperative
2490,2490,2017-04-28,Enugu Farmers Cooperative
2491,2491,2020-01-09,Uyo Farmers Cooperative
2492,2492,2025-08-13,Kaduna Farmers Cooperative
2493,2493,2021-11-13,Kumasi Farmers Cooperative
2494,2494,2021-08-26,
2495,2495,2023-05-16,Ibadan Farmers Cooperative
2496,2496,2021-06-19,Enugu Farmers Cooperative
2497,2497,2022-02-11,Ibadan Farmers Cooperative
2498,2498,2016-01-17,Kaduna Farmers Cooperative
2499,2499,2017-03-31,Benue Farmers Cooperative
2500,2500,2026-01-13,
2501,2501,2020-07-15,Ibadan Farmers Cooperative
2502,2502,2017-05-25,Enugu Farmers Cooperative
2503,2503,2017-01-16,
2504,2504,2024-05-28,Benue Farmers Cooperative
2505,2505,2024-01-10,Uyo Farmers Cooperative
2506,2506,2018-03-24,Uyo Farmers Cooperative
2507,2507,2015-04-01,
2508,2508,2015-12-16,
2509,2509,2020-12-05,
2510,2510,2018-04-10,Nakuru Farmers Cooperative
2511,2511,2020-01-30,Enugu Farmers Cooperative
2512,2512,2015-01-15,
2513,2513,2015-10-05,Kumasi Farmers Cooperative
2514,2514,2016-09-25,
2515,2515,2024-07-31,Kaduna Farmers Cooperative
2516,2516,2018-06-11,Kaduna Farmers Cooperative
2517,2517,2016-09-18,
2518,2518,2017-05-24,Ibadan Farmers Cooperative
2519,2519,2026-06-28,Kaduna Farmers Cooperative
2520,2520,2025-12-10,Uyo Farmers Cooperative
2521,2521,2019-01-31,
2522,2522,2024-10-11,Enugu Farmers Cooperative
2523,2523,2024-02-24,Kumasi Farmers Cooperative
2524,2524,2023-08-14,Kaduna Farmers Cooperative
2525,2525,2024-02-23,
2526,2526,2024-07-23,Kaduna Farmers Cooperative
2527,2527,2017-08-09,Kaduna Farmers Cooperative
2528,2528,2025-03-31,Kaduna Farmers Cooperative
2529,2529,2018-08-01,Nakuru Farmers Cooperative
2530,2530,2022-03-26,Benue Farmers Cooperative
2531,2531,2016-03-22,
2532,2532,2022-08-05,Benue Farmers Cooperative
2533,2533,2021-07-03,Kumasi Farmers Cooperative
2534,2534,2015-08-30,Kumasi Farmers Cooperative
2535,2535,2015-01-26,
2536,2536,2017-04-27,
2537,2537,2017-11-06,Kumasi Farmers Cooperative
2538,2538,2022-05-24,Enugu Farmers Cooperative
2539,2539,2018-01-13,Kaduna Farmers Cooperative
2540,2540,2019-12-10,
2541,2541,2024-11-23,Kumasi Farmers Cooperative
2542,2542,2024-12-24,Uyo Farmers Cooperative
2543,2543,2018-05-22,
2544,2544,2019-11-27,Uyo Farmers Cooperative
2545,2545,2016-09-04,Benue Farmers Cooperative
2546,2546,2024-08-18,
2547,2547,2024-05-14,Ibadan Farmers Cooperative
2548,2548,2018-03-25,Kaduna Farmers Cooperative
2549,2549,2015-06-13,
2550,2550,2022-03-29,
2551,2551,2021-07-18,
2552,2552,2024-05-19,
2553,2553,2022-07-20,Kaduna Farmers Cooperative
2554,2554,2022-08-06,
2555,2555,2025-08-23,Nakuru Farmers Cooperative
2556,2556,2015-06-01,Ibadan Farmers Cooperative
2557,2557,2019-04-14,Benue Farmers Cooperative
2558,2558,2015-12-20,Uyo Farmers Cooperative
2559,2559,2026-04-22,Kumasi Farmers Cooperative
2560,2560,2021-03-22,Benue Farmers Cooperative
2561,2561,2019-09-20,Ibadan Farmers Cooperative
2562,2562,2019-07-05,
2563,2563,2025-03-14,
2564,2564,2022-11-23,
2565,2565,2025-07-06,Nakuru Farmers Cooperative
2566,2566,2017-05-12,Kumasi Farmers Cooperative
2567,2567,2019-11-12,
2568,2568,2016-06-23,Uyo Farmers Cooperative
2569,2569,2015-05-17,
2570,2570,2024-12-04,
2571,2571,2025-07-28,Benue Farmers Cooperative
2572,2572,2022-01-08,Kumasi Farmers Cooperative
2573,2573,2023-05-07,
2574,2574,2026-04-28,Benue Farmers Cooperative
2575,2575,2023-02-12,
2576,2576,2025-11-10,
2577,2577,2021-06-19,
2578,2578,2017-08-08,
2579,2579,2025-11-01,
2580,2580,2026-06-20,
2581,2581,2023-04-09,Benue Farmers Cooperative
2582,2582,2022-09-30,
2583,2583,2022-08-31,Nakuru Farmers Cooperative
2584,2584,2016-03-28,Ibadan Farmers Cooperative
2585,2585,2017-01-24,Enugu Farmers Cooperative
2586,2586,2024-06-20,
2587,2587,2025-01-08,Uyo Farmers Cooperative
2588,2588,2016-08-16,Benue Farmers Cooperative
2589,2589,2025-10-24,
2590,2590,2018-09-09,Benue Farmers Cooperative
2591,2591,2018-07-13,
2592,2592,2017-09-15,Ibadan Farmers Cooperative
2593,2593,2019-05-07,
2594,2594,2015-12-21,Nakuru Farmers Cooperative
2595,2595,2026-01-15,
2596,2596,2024-06-17,Uyo Farmers Cooperative
2597,2597,2017-12-03,Uyo Farmers Cooperative
2598,2598,2020-04-08,Kaduna Farmers Cooperative
2599,2599,2024-08-15,Kaduna Farmers Cooperative
2600,2600,2023-07-13,Benue Farmers Cooperative
2601,2601,2020-04-27,Kaduna Farmers Cooperative
2602,2602,2022-08-28,Kumasi Farmers Cooperative
2603,2603,2020-07-01,Kaduna Farmers Cooperative
2604,2604,2019-07-17,Uyo Farmers Cooperative
2605,2605,2022-02-12,Enugu Farmers Cooperative
2606,2606,2016-12-14,
2607,2607,2016-02-01,
2608,2608,2015-03-06,
2609,2609,2021-05-24,
2610,2610,2022-09-01,Enugu Farmers Cooperative
2611,2611,2018-04-13,Kaduna Farmers Cooperative
2612,2612,2022-01-02,Benue Farmers Cooperative
2613,2613,2023-08-11,Kaduna Farmers Cooperative
2614,2614,2023-02-01,Uyo Farmers Cooperative
2615,2615,2017-03-11,Kumasi Farmers Cooperative
2616,2616,2026-02-07,Kaduna Farmers Cooperative
2617,2617,2021-10-28,
2618,2618,2022-12-23,Kaduna Farmers Cooperative
2619,2619,2020-06-25,
2620,2620,2019-08-01,Kaduna Farmers Cooperative
2621,2621,2016-07-04,Kumasi Farmers Cooperative
2622,2622,2025-01-10,Kumasi Farmers Cooperative
2623,2623,2021-07-15,
2624,2624,2016-08-10,
2625,2625,2016-05-07,Nakuru Farmers Cooperative
2626,2626,2017-01-18,
2627,2627,2021-12-21,
2628,2628,2016-03-24,Uyo Farmers Cooperative
2629,2629,2021-02-20,
2630,2630,2018-11-06,Kaduna Farmers Cooperative
2631,2631,2026-01-18,
2632,2632,2023-11-04,Enugu Farmers Cooperative
2633,2633,2022-02-03,Benue Farmers Cooperative
2634,2634,2018-05-25,Kumasi Farmers Cooperative
2635,2635,2023-10-01,Ibadan Farmers Cooperative
2636,2636,2020-05-01,
2637,2637,2020-02-19,Benue Farmers Cooperative
2638,2638,2019-09-19,Kumasi Farmers Cooperative
2639,2639,2015-06-15,Nakuru Farmers Cooperative
2640,2640,2016-02-02,
2641,2641,2022-09-06,Ibadan Farmers Cooperative
2642,2642,2016-01-24,Enugu Farmers Cooperative
2643,2643,2020-12-14,Enugu Farmers Cooperative
2644,2644,2022-09-01,Uyo Farmers Cooperative
2645,2645,2023-12-31,
2646,2646,2018-10-07,Uyo Farmers Cooperative
2647,2647,2024-05-06,Enugu Farmers Cooperative
2648,2648,2018-10-12,
2649,2649,2026-02-08,
2650,2650,2019-12-27,Uyo Farmers Cooperative
2651,2651,2017-01-17,Benue Farmers Cooperative
2652,2652,2022-05-08,
2653,2653,2022-01-10,
2654,2654,2020-01-11,Enugu Farmers Cooperative
2655,2655,2015-04-09,
2656,2656,2018-07-01,Enugu Farmers Cooperative
2657,2657,2018-10-03,Nakuru Farmers Cooperative
2658,2658,2020-04-09,Enugu Farmers Cooperative
2659,2659,2021-01-29,
2660,2660,2020-07-06,
2661,2661,2022-05-26,Kumasi Farmers Cooperative
2662,2662,2022-09-24,Benue Farmers Cooperative
2663,2663,2021-04-22,Kumasi Farmers Cooperative
2664,2664,2025-12-29,Ibadan Farmers Cooperative
2665,2665,2024-04-21,
2666,2666,2017-08-26,Nakuru Farmers Cooperative
2667,2667,2017-08-07,Kumasi Farmers Cooperative
2668,2668,2023-02-14,
2669,2669,2019-07-20,Kumasi Farmers Cooperative
2670,2670,2020-12-09,Uyo Farmers Cooperative
2671,2671,2019-10-09,Benue Farmers Cooperative
2672,2672,2022-01-21,Uyo Farmers Cooperative
2673,2673,2018-10-08,
2674,2674,2021-04-21,Nakuru Farmers Cooperative
2675,2675,2022-09-03,Ibadan Farmers Cooperative
2676,2676,2016-05-27,Ibadan Farmers Cooperative
2677,2677,2018-05-23,Kaduna Farmers Cooperative
2678,2678,2017-05-06,Kaduna Farmers Cooperative
2679,2679,2023-10-01,Kaduna Farmers Cooperative
2680,2680,2021-03-12,
2681,2681,2022-06-15,
2682,2682,2018-01-02,
2683,2683,2020-10-21,Enugu Farmers Cooperative
2684,2684,2022-07-10,Benue Farmers Cooperative
2685,2685,2019-02-03,Benue Farmers Cooperative
2686,2686,2025-03-25,Nakuru Farmers Cooperative
2687,2687,2020-04-04,Uyo Farmers Cooperative
2688,2688,2023-03-16,
2689,2689,2022-05-27,Enugu Farmers Cooperative
2690,2690,2016-03-27,Ibadan Farmers Cooperative
2691,2691,2022-08-06,Uyo Farmers Cooperative
2692,2692,2018-11-21,Kaduna Farmers Cooperative
2693,2693,2024-03-18,
2694,2694,2015-05-20,Benue Farmers Cooperative
2695,2695,2021-09-04,Ibadan Farmers Cooperative
2696,2696,2022-11-24,
2697,2697,2020-09-14,Nakuru Farmers Cooperative
2698,2698,2019-05-17,Enugu Farmers Cooperative
2699,2699,2023-02-15,Kumasi Farmers Cooperative
2700,2700,2020-11-28,
2701,2701,2020-09-11,
2702,2702,2026-06-21,Benue Farmers Cooperative
2703,2703,2020-05-17,
2704,2704,2025-07-27,Kaduna Farmers Cooperative
2705,2705,2021-03-08,Uyo Farmers Cooperative
2706,2706,2018-03-27,Benue Farmers Cooperative
2707,2707,2015-07-18,Uyo Farmers Cooperative
2708,2708,2024-10-11,
2709,2709,2015-03-11,
2710,2710,2020-08-30,
2711,2711,2024-12-24,Uyo Farmers Cooperative
2712,2712,2025-09-06,Uyo Farmers Cooperative
2713,2713,2025-01-11,
2714,2714,2025-05-10,
2715,2715,2020-08-19,
2716,2716,2024-11-10,Enugu Farmers Cooperative
2717,2717,2019-01-06,
2718,2718,2024-11-24,Enugu Farmers Cooperative
2719,2719,2023-09-15,Kaduna Farmers Cooperative
2720,2720,2019-04-11,Nakuru Farmers Cooperative
2721,2721,2024-12-03,
2722,2722,2026-04-01,
2723,2723,2026-05-08,Benue Farmers Cooperative
2724,2724,2017-10-14,Uyo Farmers Cooperative
2725,2725,2018-07-12,Enugu Farmers Cooperative
2726,2726,2019-02-16,Uyo Farmers Cooperative
2727,2727,2018-12-05,
2728,2728,2016-07-14,
2729,2729,2022-06-17,
2730,2730,2025-05-06,Ibadan Farmers Cooperative
2731,2731,2019-11-19,
2732,2732,2018-02-04,Kaduna Farmers Cooperative
2733,2733,2020-04-25,Kumasi Farmers Cooperative
2734,2734,2022-04-02,Benue Farmers Cooperative
2735,2735,2015-05-05,
2736,2736,2018-05-16,
2737,2737,2017-04-02,Benue Farmers Cooperative
2738,2738,2020-08-02,Benue Farmers Cooperative
2739,2739,2023-06-24,Enugu Farmers Cooperative
2740,2740,2015-11-26,Enugu Farmers Cooperative
2741,2741,2015-11-02,
2742,2742,2022-10-02,Uyo Farmers Cooperative
2743,2743,2019-05-21,
2744,2744,2022-03-04,
2745,2745,2022-07-05,
2746,2746,2024-09-07,
2747,2747,2017-04-02,Kumasi Farmers Cooperative
2748,2748,2016-03-10,
2749,2749,2022-02-09,
2750,2750,2022-01-05,Enugu Farmers Cooperative
2751,2751,2026-06-05,Benue Farmers Cooperative
2752,2752,2025-02-14,
2753,2753,2018-05-17,Uyo Farmers Cooperative
2754,2754,2016-12-21,Uyo Farmers Cooperative
2755,2755,2024-02-02,Uyo Farmers Cooperative
2756,2756,2020-07-22,
2757,2757,2017-12-06,
2758,2758,2024-04-15,
2759,2759,2024-07-09,Uyo Farmers Cooperative
2760,2760,2020-01-27,Benue Farmers Cooperative
2761,2761,2021-04-27,Uyo Farmers Cooperative
2762,2762,2025-08-24,Kaduna Farmers Cooperative
2763,2763,2019-08-07,
2764,2764,2018-02-19,Enugu Farmers Cooperative
2765,2765,2025-04-20,
2766,2766,2023-12-30,Enugu Farmers Cooperative
2767,2767,2019-05-23,Nakuru Farmers Cooperative
2768,2768,2026-06-15,Ibadan Farmers Cooperative
2769,2769,2019-04-07,
2770,2770,2019-11-30,Kaduna Farmers Cooperative
2771,2771,2019-04-03,
2772,2772,2022-12-13,Nakuru Farmers Cooperative
2773,2773,2025-09-14,Enugu Farmers Cooperative
2774,2774,2016-12-21,Enugu Farmers Cooperative
2775,2775,2024-09-22,
2776,2776,2021-10-27,Benue Farmers Cooperative
2777,2777,2016-10-28,Nakuru Farmers Cooperative
2778,2778,2019-06-13,Benue Farmers Cooperative
2779,2779,2021-04-13,
2780,2780,2025-04-15,Kumasi Farmers Cooperative
2781,2781,2017-03-16,
2782,2782,2021-01-05,
2783,2783,2021-08-23,Benue Farmers Cooperative
2784,2784,2025-12-10,Ibadan Farmers Cooperative
2785,2785,2024-10-23,Uyo Farmers Cooperative
2786,2786,2018-12-06,Uyo Farmers Cooperative
2787,2787,2023-03-12,Kaduna Farmers Cooperative
2788,2788,2015-02-26,Nakuru Farmers Cooperative
2789,2789,2017-12-22,Nakuru Farmers Cooperative
2790,2790,2024-03-09,Benue Farmers Cooperative
2791,2791,2021-08-01,
2792,2792,2017-01-03,
2793,2793,2025-09-22,Benue Farmers Cooperative
2794,2794,2022-07-11,Ibadan Farmers Cooperative
2795,2795,2022-01-04,
2796,2796,2025-10-20,Uyo Farmers Cooperative
2797,2797,2024-01-31,
2798,2798,2018-01-21,
2799,2799,2020-01-08,
2800,2800,2024-10-25,Nakuru Farmers Cooperative
2801,2801,2021-05-31,Benue Farmers Cooperative
2802,2802,2017-08-06,
2803,2803,2018-06-19,
2804,2804,2024-03-30,
2805,2805,2018-09-06,Nakuru Farmers Cooperative
2806,2806,2019-12-12,
2807,2807,2017-03-16,
2808,2808,2022-02-07,Enugu Farmers Cooperative
2809,2809,2025-06-28,Nakuru Farmers Cooperative
2810,2810,2019-02-20,
2811,2811,2023-08-28,Kumasi Farmers Cooperative
2812,2812,2020-12-23,Nakuru Farmers Cooperative
2813,2813,2015-10-03,Enugu Farmers Cooperative
2814,2814,2022-11-05,
2815,2815,2018-06-28,Benue Farmers Cooperative
2816,2816,2021-11-19,
2817,2817,2025-05-22,Kaduna Farmers Cooperative
2818,2818,2026-05-06,Kumasi Farmers Cooperative
2819,2819,2022-11-19,Kaduna Farmers Cooperative
2820,2820,2015-07-08,
2821,2821,2022-05-26,Enugu Farmers Cooperative
2822,2822,2023-05-02,
2823,2823,2016-06-26,
2824,2824,2018-06-11,Nakuru Farmers Cooperative
2825,2825,2026-01-08,
2826,2826,2025-07-13,Kumasi Farmers Cooperative
2827,2827,2017-10-05,Kumasi Farmers Cooperative
2828,2828,2023-12-24,
2829,2829,2018-05-05,Benue Farmers Cooperative
2830,2830,2017-11-25,
2831,2831,2023-09-24,Nakuru Farmers Cooperative
2832,2832,2022-04-22,Kumasi Farmers Cooperative
2833,2833,2016-11-30,
2834,2834,2025-04-18,
2835,2835,2015-06-27,Uyo Farmers Cooperative
2836,2836,2023-10-19,
2837,2837,2023-04-08,
2838,2838,2019-03-11,Kaduna Farmers Cooperative
2839,2839,2015-12-15,
2840,2840,2025-11-20,Uyo Farmers Cooperative
2841,2841,2023-06-12,Benue Farmers Cooperative
2842,2842,2021-09-01,
2843,2843,2015-04-07,Uyo Farmers Cooperative
2844,2844,2022-03-01,Kaduna Farmers Cooperative
2845,2845,2025-01-22,
2846,2846,2026-06-06,
2847,2847,2022-08-13,
2848,2848,2022-01-06,
2849,2849,2015-10-18,Nakuru Farmers Cooperative
2850,2850,2021-07-05,Enugu Farmers Cooperative
2851,2851,2025-03-11,
2852,2852,2016-03-14,Kumasi Farmers Cooperative
2853,2853,2020-11-17,Enugu Farmers Cooperative
2854,2854,2016-12-13,Ibadan Farmers Cooperative
2855,2855,2022-08-13,
2856,2856,2025-10-24,Uyo Farmers Cooperative
2857,2857,2021-12-03,
2858,2858,2018-04-27,Kaduna Farmers Cooperative
2859,2859,2015-03-25,
2860,2860,2016-02-27,Nakuru Farmers Cooperative
2861,2861,2020-07-24,
2862,2862,2018-03-28,Benue Farmers Cooperative
2863,2863,2021-02-01,Kumasi Farmers Cooperative
2864,2864,2020-03-29,Kaduna Farmers Cooperative
2865,2865,2015-10-06,Kumasi Farmers Cooperative
2866,2866,2021-04-01,Enugu Farmers Cooperative
2867,2867,2026-05-04,Uyo Farmers Cooperative
2868,2868,2015-01-22,
2869,2869,2021-06-03,Kaduna Farmers Cooperative
2870,2870,2020-09-24,Kumasi Farmers Cooperative
2871,2871,2015-07-17,Nakuru Farmers Cooperative
2872,2872,2016-02-26,
2873,2873,2023-03-31,
2874,2874,2016-02-28,
2875,2875,2022-03-01,
2876,2876,2024-02-06,
2877,2877,2024-06-05,Enugu Farmers Cooperative
2878,2878,2018-07-23,Uyo Farmers Cooperative
2879,2879,2016-09-23,
2880,2880,2015-10-29,Nakuru Farmers Cooperative
2881,2881,2019-11-19,
2882,2882,2019-05-03,Enugu Farmers Cooperative
2883,2883,2015-01-26,Kumasi Farmers Cooperative
2884,2884,2024-08-21,Benue Farmers Cooperative
2885,2885,2019-02-27,Benue Farmers Cooperative
2886,2886,2018-09-11,Uyo Farmers Cooperative
2887,2887,2019-04-03,Uyo Farmers Cooperative
2888,2888,2018-06-16,Enugu Farmers Cooperative
2889,2889,2017-01-22,
2890,2890,2026-01-24,
2891,2891,2022-09-22,Benue Farmers Cooperative
2892,2892,2024-07-07,
2893,2893,2023-12-13,Ibadan Farmers Cooperative
2894,2894,2016-05-21,
2895,2895,2021-07-06,
2896,2896,2019-06-26,
2897,2897,2021-09-26,Kaduna Farmers Cooperative
2898,2898,2023-06-02,Benue Farmers Cooperative
2899,2899,2020-08-29,
2900,2900,2025-07-27,Uyo Farmers Cooperative
2901,2901,2024-10-16,Benue Farmers Cooperative
2902,2902,2015-08-02,
2903,2903,2023-06-28,
2904,2904,2025-03-15,Nakuru Farmers Cooperative
2905,2905,2019-04-05,Benue Farmers Cooperative
2906,2906,2018-07-22,Nakuru Farmers Cooperative
2907,2907,2019-10-15,
2908,2908,2025-12-07,Kaduna Farmers Cooperative
2909,2909,2022-04-10,Enugu Farmers Cooperative
2910,2910,2020-01-09,
2911,2911,2025-04-24,
2912,2912,2016-05-15,
2913,2913,2016-01-10,
2914,2914,2016-09-24,
2915,2915,2025-06-02,
2916,2916,2021-06-14,
2917,2917,2022-11-21,
2918,2918,2024-02-22,Kumasi Farmers Cooperative
2919,2919,2022-06-01,
2920,2920,2023-11-16,
2921,2921,2019-05-06,Uyo Farmers Cooperative
2922,2922,2018-01-15,Kumasi Farmers Cooperative
2923,2923,2025-01-10,
2924,2924,2024-01-13,
2925,2925,2022-08-15,Kumasi Farmers Cooperative
2926,2926,2021-10-22,
2927,2927,2024-07-24,Kaduna Farmers Cooperative
2928,2928,2017-07-14,Kumasi Farmers Cooperative
2929,2929,2018-01-09,
2930,2930,2024-02-19,Kumasi Farmers Cooperative
2931,2931,2017-08-01,Nakuru Farmers Cooperative
2932,2932,2024-04-15,Enugu Farmers Cooperative
2933,2933,2026-03-08,Kumasi Farmers Cooperative
2934,2934,2020-05-05,Uyo Farmers Cooperative
2935,2935,2015-01-19,
2936,2936,2019-05-06,Benue Farmers Cooperative
2937,2937,2017-11-13,
2938,2938,2016-03-11,
2939,2939,2017-08-14,Ibadan Farmers Cooperative
2940,2940,2022-09-04,Enugu Farmers Cooperative
2941,2941,2022-03-17,
2942,2942,2018-06-01,
2943,2943,2022-01-23,
2944,2944,2025-04-19,Benue Farmers Cooperative
2945,2945,2015-02-08,Kaduna Farmers Cooperative
2946,2946,2018-10-30,Kaduna Farmers Cooperative
2947,2947,2025-06-10,
2948,2948,2022-06-23,
2949,2949,2023-11-25,
2950,2950,2019-03-31,
2951,2951,2022-06-05,Enugu Farmers Cooperative
2952,2952,2024-08-29,Benue Farmers Cooperative
2953,2953,2023-10-31,Nakuru Farmers Cooperative
2954,2954,2022-07-04,Nakuru Farmers Cooperative
2955,2955,2021-01-05,
2956,2956,2024-08-11,Kaduna Farmers Cooperative
2957,2957,2019-06-03,Benue Farmers Cooperative
2958,2958,2019-12-07,Enugu Farmers Cooperative
2959,2959,2023-06-08,Uyo Farmers Cooperative
2960,2960,2018-08-23,Kaduna Farmers Cooperative
2961,2961,2025-04-06,Enugu Farmers Cooperative
2962,2962,2019-10-08,Enugu Farmers Cooperative
2963,2963,2016-01-29,Ibadan Farmers Cooperative
2964,2964,2019-09-16,Enugu Farmers Cooperative
2965,2965,2023-05-24,Ibadan Farmers Cooperative
2966,2966,2022-03-27,Benue Farmers Cooperative
2967,2967,2020-10-05,Nakuru Farmers Cooperative
2968,2968,2023-10-20,
2969,2969,2017-09-07,Uyo Farmers Cooperative
2970,2970,2026-02-13,
2971,2971,2024-10-28,Nakuru Farmers Cooperative
2972,2972,2022-05-13,Nakuru Farmers Cooperative
2973,2973,2024-11-27,
2974,2974,2017-03-30,
2975,2975,2026-05-24,
2976,2976,2018-11-28,Kumasi Farmers Cooperative
2977,2977,2019-09-22,Ibadan Farmers Cooperative
2978,2978,2021-02-05,Uyo Farmers Cooperative
2979,2979,2020-09-17,
2980,2980,2019-07-02,Nakuru Farmers Cooperative
2981,2981,2022-07-28,Ibadan Farmers Cooperative
2982,2982,2023-07-15,Enugu Farmers Cooperative
2983,2983,2016-11-23,
2984,2984,2024-07-02,Kumasi Farmers Cooperative
2985,2985,2016-06-15,Nakuru Farmers Cooperative
2986,2986,2025-12-08,Kumasi Farmers Cooperative
2987,2987,2020-05-22,Enugu Farmers Cooperative
2988,2988,2017-11-04,Enugu Farmers Cooperative
2989,2989,2026-04-07,
2990,2990,2015-11-02,
2991,2991,2016-01-27,Ibadan Farmers Cooperative
2992,2992,2016-06-14,Kaduna Farmers Cooperative
2993,2993,2025-06-30,
2994,2994,2023-06-03,
2995,2995,2021-03-02,
2996,2996,2016-08-21,Ibadan Farmers Cooperative
2997,2997,2017-10-15,
2998,2998,2022-12-17,Enugu Farmers Cooperative
2999,2999,2017-03-23,
3000,3000,2017-07-13,Uyo Farmers Cooperative
3001,3001,2017-08-04,
3002,3002,2023-08-16,Kaduna Farmers Cooperative
3003,3003,2022-06-30,
3004,3004,2017-12-22,Nakuru Farmers Cooperative
3005,3005,2022-04-06,Kaduna Farmers Cooperative
3006,3006,2018-07-03,
3007,3007,2026-06-16,
3008,3008,2017-10-10,Enugu Farmers Cooperative
3009,3009,2021-03-06,Kumasi Farmers Cooperative
3010,3010,2020-09-01,
3011,3011,2024-07-03,
3012,3012,2022-07-31,
3013,3013,2017-03-10,
3014,3014,2022-11-06,Kumasi Farmers Cooperative
3015,3015,2015-08-08,
3016,3016,2022-08-23,Uyo Farmers Cooperative
3017,3017,2023-04-18,Kaduna Farmers Cooperative
3018,3018,2016-09-13,Uyo Farmers Cooperative
3019,3019,2018-01-08,Benue Farmers Cooperative
3020,3020,2018-07-29,
3021,3021,2019-02-16,Kaduna Farmers Cooperative
3022,3022,2019-02-02,Enugu Farmers Cooperative
3023,3023,2024-11-19,Uyo Farmers Cooperative
3024,3024,2017-09-29,Nakuru Farmers Cooperative
3025,3025,2017-07-17,Ibadan Farmers Cooperative
3026,3026,2022-12-30,Enugu Farmers Cooperative
3027,3027,2017-02-03,Benue Farmers Cooperative
3028,3028,2024-06-22,Nakuru Farmers Cooperative
3029,3029,2022-08-16,Nakuru Farmers Cooperative
3030,3030,2017-04-23,Enugu Farmers Cooperative
3031,3031,2019-07-18,Nakuru Farmers Cooperative
3032,3032,2021-03-02,
3033,3033,2026-04-28,Enugu Farmers Cooperative
3034,3034,2016-01-05,Nakuru Farmers Cooperative
3035,3035,2026-03-28,Benue Farmers Cooperative
3036,3036,2019-03-22,Enugu Farmers Cooperative
3037,3037,2015-04-09,Kumasi Farmers Cooperative
3038,3038,2016-08-19,Kumasi Farmers Cooperative
3039,3039,2020-11-26,Nakuru Farmers Cooperative
3040,3040,2017-07-20,
3041,3041,2017-12-02,Ibadan Farmers Cooperative
3042,3042,2016-03-28,Kumasi Farmers Cooperative
3043,3043,2018-08-07,Kaduna Farmers Cooperative
3044,3044,2017-05-05,
3045,3045,2023-07-13,Benue Farmers Cooperative
3046,3046,2021-01-14,Ibadan Farmers Cooperative
3047,3047,2018-11-11,Benue Farmers Cooperative
3048,3048,2020-08-22,
3049,3049,2024-11-04,
3050,3050,2023-04-25,Kumasi Farmers Cooperative
3051,3051,2021-08-28,Kumasi Farmers Cooperative
3052,3052,2023-04-24,Ibadan Farmers Cooperative
3053,3053,2026-05-12,Uyo Farmers Cooperative
3054,3054,2021-01-07,
3055,3055,2020-06-08,Ibadan Farmers Cooperative
3056,3056,2023-08-06,Ibadan Farmers Cooperative
3057,3057,2018-03-25,
3058,3058,2022-12-23,Kumasi Farmers Cooperative
3059,3059,2018-08-16,Uyo Farmers Cooperative
3060,3060,2020-06-14,Uyo Farmers Cooperative
3061,3061,2023-03-23,Enugu Farmers Cooperative
3062,3062,2015-07-25,
3063,3063,2024-10-18,Kumasi Farmers Cooperative
3064,3064,2017-02-04,
3065,3065,2026-01-27,
3066,3066,2024-12-25,
3067,3067,2022-06-29,Enugu Farmers Cooperative
3068,3068,2024-03-09,
3069,3069,2020-01-27,
3070,3070,2021-04-28,Kaduna Farmers Cooperative
3071,3071,2024-03-01,Uyo Farmers Cooperative
3072,3072,2017-03-04,Kumasi Farmers Cooperative
3073,3073,2018-08-31,Ibadan Farmers Cooperative
3074,3074,2016-11-21,
3075,3075,2022-04-23,
3076,3076,2018-09-21,Ibadan Farmers Cooperative
3077,3077,2024-11-01,
3078,3078,2022-06-07,Benue Farmers Cooperative
3079,3079,2022-09-23,
3080,3080,2015-07-24,Kumasi Farmers Cooperative
3081,3081,2026-02-05,Enugu Farmers Cooperative
3082,3082,2017-12-17,Nakuru Farmers Cooperative
3083,3083,2025-11-28,Kumasi Farmers Cooperative
3084,3084,2022-08-07,Kumasi Farmers Cooperative
3085,3085,2018-10-23,
3086,3086,2026-02-21,Benue Farmers Cooperative
3087,3087,2022-12-19,
3088,3088,2025-11-19,Ibadan Farmers Cooperative
3089,3089,2019-08-02,Enugu Farmers Cooperative
3090,3090,2020-09-19,Kaduna Farmers Cooperative
3091,3091,2015-01-02,
3092,3092,2015-10-17,Enugu Farmers Cooperative
3093,3093,2020-08-06,
3094,3094,2022-04-14,Kaduna Farmers Cooperative
3095,3095,2023-12-17,Kaduna Farmers Cooperative
3096,3096,2020-05-22,Ibadan Farmers Cooperative
3097,3097,2020-02-15,
3098,3098,2019-09-08,
3099,3099,2018-02-13,Enugu Farmers Cooperative
3100,3100,2022-01-30,
3101,3101,2020-08-26,Ibadan Farmers Cooperative
3102,3102,2022-04-23,Kumasi Farmers Cooperative
3103,3103,2020-05-22,
3104,3104,2017-06-06,
3105,3105,2016-01-13,
3106,3106,2016-07-25,
3107,3107,2023-07-05,Enugu Farmers Cooperative
3108,3108,2021-10-30,Kumasi Farmers Cooperative
3109,3109,2026-05-17,
3110,3110,2020-05-15,
3111,3111,2024-05-22,Kumasi Farmers Cooperative
3112,3112,2020-08-01,Kumasi Farmers Cooperative
3113,3113,2021-02-04,Enugu Farmers Cooperative
3114,3114,2016-08-01,Benue Farmers Cooperative
3115,3115,2015-08-19,
3116,3116,2020-07-01,
3117,3117,2015-02-02,Benue Farmers Cooperative
3118,3118,2016-02-04,
3119,3119,2024-05-03,Benue Farmers Cooperative
3120,3120,2022-10-06,
3121,3121,2026-02-21,Ibadan Farmers Cooperative
3122,3122,2026-06-06,Kaduna Farmers Cooperative
3123,3123,2022-07-10,
3124,3124,2023-12-17,
3125,3125,2017-05-03,Uyo Farmers Cooperative
3126,3126,2022-10-26,Nakuru Farmers Cooperative
3127,3127,2022-05-04,Kaduna Farmers Cooperative
3128,3128,2022-04-22,
3129,3129,2021-08-24,
3130,3130,2019-04-24,
3131,3131,2021-02-21,Benue Farmers Cooperative
3132,3132,2025-01-01,Uyo Farmers Cooperative
3133,3133,2026-04-07,
3134,3134,2022-12-16,
3135,3135,2016-02-16,Ibadan Farmers Cooperative
3136,3136,2022-02-17,Uyo Farmers Cooperative
3137,3137,2019-05-20,
3138,3138,2023-03-19,
3139,3139,2023-11-27,
3140,3140,2021-06-08,Kumasi Farmers Cooperative
3141,3141,2020-04-23,Ibadan Farmers Cooperative
3142,3142,2024-05-10,Kumasi Farmers Cooperative
3143,3143,2023-07-03,Benue Farmers Cooperative
3144,3144,2025-07-09,Kaduna Farmers Cooperative
3145,3145,2025-03-08,Nakuru Farmers Cooperative
3146,3146,2024-04-10,Enugu Farmers Cooperative
3147,3147,2022-03-27,Enugu Farmers Cooperative
3148,3148,2022-04-09,Nakuru Farmers Cooperative
3149,3149,2021-12-14,Benue Farmers Cooperative
3150,3150,2021-05-10,Ibadan Farmers Cooperative
3151,3151,2015-07-04,
3152,3152,2022-06-01,Uyo Farmers Cooperative
3153,3153,2020-10-19,
3154,3154,2017-02-18,
3155,3155,2020-06-28,Enugu Farmers Cooperative
3156,3156,2017-09-15,Nakuru Farmers Cooperative
3157,3157,2020-08-05,Kumasi Farmers Cooperative
3158,3158,2017-01-18,
3159,3159,2022-08-08,Kaduna Farmers Cooperative
3160,3160,2020-06-05,
3161,3161,2017-04-24,Uyo Farmers Cooperative
3162,3162,2020-10-22,Enugu Farmers Cooperative
3163,3163,2021-04-08,Benue Farmers Cooperative
3164,3164,2019-10-09,Ibadan Farmers Cooperative
3165,3165,2024-05-13,
3166,3166,2023-05-29,Benue Farmers Cooperative
3167,3167,2017-09-13,
3168,3168,2024-11-24,Uyo Farmers Cooperative
3169,3169,2016-01-22,Kaduna Farmers Cooperative
3170,3170,2019-06-09,Ibadan Farmers Cooperative
3171,3171,2025-07-16,
3172,3172,2021-03-02,
3173,3173,2015-09-09,Enugu Farmers Cooperative
3174,3174,2026-01-23,
3175,3175,2024-11-05,Kumasi Farmers Cooperative
3176,3176,2015-05-01,Ibadan Farmers Cooperative
3177,3177,2017-11-15,
3178,3178,2022-10-10,Kaduna Farmers Cooperative
3179,3179,2015-07-17,Kaduna Farmers Cooperative
3180,3180,2021-07-11,Kaduna Farmers Cooperative
3181,3181,2019-12-03,
3182,3182,2020-11-23,Kumasi Farmers Cooperative
3183,3183,2016-11-02,Uyo Farmers Cooperative
3184,3184,2020-09-20,Kaduna Farmers Cooperative
3185,3185,2018-06-09,Benue Farmers Cooperative
3186,3186,2024-11-05,Nakuru Farmers Cooperative
3187,3187,2019-04-23,
3188,3188,2015-05-10,Benue Farmers Cooperative
3189,3189,2024-07-30,Kaduna Farmers Cooperative
3190,3190,2019-06-30,Benue Farmers Cooperative
3191,3191,2015-05-22,Nakuru Farmers Cooperative
3192,3192,2024-07-30,Benue Farmers Cooperative
3193,3193,2017-04-12,Kaduna Farmers Cooperative
3194,3194,2023-05-23,Enugu Farmers Cooperative
3195,3195,2023-06-06,Enugu Farmers Cooperative
3196,3196,2017-06-28,Kumasi Farmers Cooperative
3197,3197,2022-01-20,Enugu Farmers Cooperative
3198,3198,2022-04-22,
3199,3199,2017-07-11,Uyo Farmers Cooperative
3200,3200,2025-01-16,
3201,3201,2019-01-04,Nakuru Farmers Cooperative
3202,3202,2025-06-16,Benue Farmers Cooperative
3203,3203,2016-12-02,Nakuru Farmers Cooperative
3204,3204,2025-08-24,Nakuru Farmers Cooperative
3205,3205,2018-09-11,Uyo Farmers Cooperative
3206,3206,2016-03-28,
3207,3207,2016-06-28,Enugu Farmers Cooperative
3208,3208,2018-07-20,Nakuru Farmers Cooperative
3209,3209,2025-03-20,
3210,3210,2019-03-02,
3211,3211,2019-09-07,Kumasi Farmers Cooperative
3212,3212,2015-07-21,
3213,3213,2024-03-01,Ibadan Farmers Cooperative
3214,3214,2025-04-09,
3215,3215,2025-04-11,
3216,3216,2015-05-31,Uyo Farmers Cooperative
3217,3217,2026-06-03,
3218,3218,2016-02-16,Benue Farmers Cooperative
3219,3219,2019-05-12,
3220,3220,2023-04-28,
3221,3221,2023-05-17,
3222,3222,2020-09-27,
3223,3223,2017-02-06,
3224,3224,2023-12-18,
3225,3225,2023-06-14,
3226,3226,2017-11-28,Kaduna Farmers Cooperative
3227,3227,2023-06-11,
3228,3228,2023-11-26,Kumasi Farmers Cooperative
3229,3229,2019-04-19,Nakuru Farmers Cooperative
3230,3230,2017-08-28,Benue Farmers Cooperative
3231,3231,2022-08-29,
3232,3232,2016-07-21,
3233,3233,2016-07-26,Benue Farmers Cooperative
3234,3234,2019-09-30,
3235,3235,2019-12-13,Uyo Farmers Cooperative
3236,3236,2020-01-23,
3237,3237,2018-08-11,
3238,3238,2019-10-26,Benue Farmers Cooperative
3239,3239,2015-01-18,Kumasi Farmers Cooperative
3240,3240,2022-03-26,Kumasi Farmers Cooperative
3241,3241,2017-12-03,Uyo Farmers Cooperative
3242,3242,2015-04-26,Benue Farmers Cooperative
3243,3243,2015-06-16,Nakuru Farmers Cooperative
3244,3244,2025-11-02,Kumasi Farmers Cooperative
3245,3245,2021-07-24,Nakuru Farmers Cooperative
3246,3246,2019-09-05,Enugu Farmers Cooperative
3247,3247,2022-10-27,
3248,3248,2020-12-14,Enugu Farmers Cooperative
3249,3249,2018-07-17,Kumasi Farmers Cooperative
3250,3250,2017-10-08,
3251,3251,2018-09-12,Nakuru Farmers Cooperative
3252,3252,2023-02-28,Enugu Farmers Cooperative
3253,3253,2017-09-30,
3254,3254,2018-03-13,Enugu Farmers Cooperative
3255,3255,2017-03-16,Benue Farmers Cooperative
3256,3256,2022-10-18,Nakuru Farmers Cooperative
3257,3257,2017-12-03,
3258,3258,2025-01-17,Nakuru Farmers Cooperative
3259,3259,2023-11-01,Kumasi Farmers Cooperative
3260,3260,2021-08-02,Benue Farmers Cooperative
3261,3261,2021-04-27,
3262,3262,2022-04-10,Ibadan Farmers Cooperative
3263,3263,2023-12-22,Nakuru Farmers Cooperative
3264,3264,2024-03-21,Ibadan Farmers Cooperative
3265,3265,2025-07-14,Benue Farmers Cooperative
3266,3266,2024-09-16,Ibadan Farmers Cooperative
3267,3267,2020-12-30,Kaduna Farmers Cooperative
3268,3268,2019-02-21,
3269,3269,2018-10-08,Kaduna Farmers Cooperative
3270,3270,2022-10-12,Nakuru Farmers Cooperative
3271,3271,2016-05-09,Kumasi Farmers Cooperative
3272,3272,2017-06-29,
3273,3273,2020-12-24,Ibadan Farmers Cooperative
3274,3274,2021-03-16,Kumasi Farmers Cooperative
3275,3275,2021-07-30,Nakuru Farmers Cooperative
3276,3276,2024-06-29,Kumasi Farmers Cooperative
3277,3277,2023-01-15,Nakuru Farmers Cooperative
3278,3278,2017-07-30,Uyo Farmers Cooperative
3279,3279,2019-01-14,Kaduna Farmers Cooperative
3280,3280,2024-02-10,Enugu Farmers Cooperative
3281,3281,2021-11-30,Ibadan Farmers Cooperative
3282,3282,2022-03-26,Enugu Farmers Cooperative
3283,3283,2020-08-29,Benue Farmers Cooperative
3284,3284,2016-11-24,Ibadan Farmers Cooperative
3285,3285,2019-04-19,Enugu Farmers Cooperative
3286,3286,2023-03-16,Uyo Farmers Cooperative
3287,3287,2022-04-15,Enugu Farmers Cooperative
3288,3288,2015-04-28,
3289,3289,2016-06-13,Kaduna Farmers Cooperative
3290,3290,2019-11-23,
3291,3291,2022-11-15,
3292,3292,2023-03-17,Nakuru Farmers Cooperative
3293,3293,2017-12-18,Uyo Farmers Cooperative
3294,3294,2018-06-16,
3295,3295,2022-05-21,Uyo Farmers Cooperative
3296,3296,2016-05-11,
3297,3297,2020-06-15,Benue Farmers Cooperative
3298,3298,2018-11-30,
3299,3299,2024-09-19,
3300,3300,2021-04-11,Nakuru Farmers Cooperative
3301,3301,2024-09-08,Kumasi Farmers Cooperative
3302,3302,2021-01-18,
3303,3303,2016-07-11,
3304,3304,2023-08-23,Kaduna Farmers Cooperative
3305,3305,2017-10-18,Kaduna Farmers Cooperative
3306,3306,2018-07-19,Kumasi Farmers Cooperative
3307,3307,2026-02-10,Enugu Farmers Cooperative
3308,3308,2020-11-04,
3309,3309,2017-03-15,Nakuru Farmers Cooperative
3310,3310,2025-12-02,Nakuru Farmers Cooperative
3311,3311,2023-09-30,
3312,3312,2022-05-13,
3313,3313,2025-12-01,Enugu Farmers Cooperative
3314,3314,2021-06-08,
3315,3315,2018-06-18,
3316,3316,2024-09-09,
3317,3317,2020-04-06,Benue Farmers Cooperative
3318,3318,2020-04-24,
3319,3319,2023-09-15,
3320,3320,2021-01-14,Kaduna Farmers Cooperative
3321,3321,2021-04-26,Kaduna Farmers Cooperative
3322,3322,2018-02-14,Kaduna Farmers Cooperative
3323,3323,2022-02-12,
3324,3324,2016-07-02,
3325,3325,2021-01-26,Kumasi Farmers Cooperative
3326,3326,2016-05-24,Uyo Farmers Cooperative
3327,3327,2024-07-15,Enugu Farmers Cooperative
3328,3328,2019-06-21,Nakuru Farmers Cooperative
3329,3329,2017-02-01,Kumasi Farmers Cooperative
3330,3330,2016-12-06,
3331,3331,2020-06-14,Enugu Farmers Cooperative
3332,3332,2022-12-11,Nakuru Farmers Cooperative
3333,3333,2017-01-11,Enugu Farmers Cooperative
3334,3334,2025-06-24,Kumasi Farmers Cooperative
3335,3335,2018-01-02,
3336,3336,2023-10-24,Uyo Farmers Cooperative
3337,3337,2015-04-13,
3338,3338,2022-08-12,Kumasi Farmers Cooperative
3339,3339,2023-05-28,Nakuru Farmers Cooperative
3340,3340,2022-07-07,
3341,3341,2017-06-07,Enugu Farmers Cooperative
3342,3342,2019-05-18,
3343,3343,2023-05-10,Benue Farmers Cooperative
3344,3344,2024-11-19,
3345,3345,2025-12-06,
3346,3346,2024-05-29,Kaduna Farmers Cooperative
3347,3347,2024-09-13,Nakuru Farmers Cooperative
3348,3348,2022-11-06,Uyo Farmers Cooperative
3349,3349,2019-07-13,
3350,3350,2021-04-15,Uyo Farmers Cooperative
3351,3351,2023-11-16,
3352,3352,2026-02-24,Uyo Farmers Cooperative
3353,3353,2021-10-29,Kaduna Farmers Cooperative
3354,3354,2026-04-08,Ibadan Farmers Cooperative
3355,3355,2023-01-15,Ibadan Farmers Cooperative
3356,3356,2019-07-05,Nakuru Farmers Cooperative
3357,3357,2016-09-30,Enugu Farmers Cooperative
3358,3358,2016-07-15,Benue Farmers Cooperative
3359,3359,2021-03-13,
3360,3360,2025-01-28,
3361,3361,2020-02-21,Benue Farmers Cooperative
3362,3362,2019-07-10,Kumasi Farmers Cooperative
3363,3363,2020-06-02,
3364,3364,2019-05-12,
3365,3365,2021-01-15,Nakuru Farmers Cooperative
3366,3366,2019-03-14,
3367,3367,2022-12-08,Ibadan Farmers Cooperative
3368,3368,2022-11-06,Kumasi Farmers Cooperative
3369,3369,2018-11-04,Kumasi Farmers Cooperative
3370,3370,2020-09-28,Ibadan Farmers Cooperative
3371,3371,2021-04-25,
3372,3372,2025-12-16,Benue Farmers Cooperative
3373,3373,2021-10-05,Uyo Farmers Cooperative
3374,3374,2019-08-18,
3375,3375,2020-04-05,Nakuru Farmers Cooperative
3376,3376,2020-11-15,
3377,3377,2023-04-17,Benue Farmers Cooperative
3378,3378,2022-03-03,Uyo Farmers Cooperative
3379,3379,2025-05-20,Uyo Farmers Cooperative
3380,3380,2018-02-01,Benue Farmers Cooperative
3381,3381,2025-08-25,
3382,3382,2024-03-25,
3383,3383,2025-10-29,Benue Farmers Cooperative
3384,3384,2015-05-13,
3385,3385,2019-04-14,Kumasi Farmers Cooperative
3386,3386,2018-11-17,Kaduna Farmers Cooperative
3387,3387,2022-05-21,
3388,3388,2016-03-16,
3389,3389,2016-11-22,
3390,3390,2025-10-15,Kumasi Farmers Cooperative
3391,3391,2022-08-03,Ibadan Farmers Cooperative
3392,3392,2021-10-28,Enugu Farmers Cooperative
3393,3393,2021-05-13,Uyo Farmers Cooperative
3394,3394,2024-08-09,Kumasi Farmers Cooperative
3395,3395,2015-03-28,
3396,3396,2022-01-13,Nakuru Farmers Cooperative
3397,3397,2019-02-23,Kumasi Farmers Cooperative
3398,3398,2015-01-19,
3399,3399,2018-10-11,Enugu Farmers Cooperative
3400,3400,2020-05-08,Kumasi Farmers Cooperative
3401,3401,2024-05-09,Ibadan Farmers Cooperative
3402,3402,2020-03-23,
3403,3403,2022-10-26,Kumasi Farmers Cooperative
3404,3404,2026-05-19,
3405,3405,2022-12-30,Nakuru Farmers Cooperative
3406,3406,2016-09-06,
3407,3407,2015-08-02,Uyo Farmers Cooperative
3408,3408,2019-10-19,
3409,3409,2016-06-19,
3410,3410,2024-07-22,Kaduna Farmers Cooperative
3411,3411,2016-06-14,Nakuru Farmers Cooperative
3412,3412,2020-08-27,Kumasi Farmers Cooperative
3413,3413,2024-01-09,
3414,3414,2018-02-09,
3415,3415,2026-01-20,Kumasi Farmers Cooperative
3416,3416,2020-10-30,
3417,3417,2018-03-12,Uyo Farmers Cooperative
3418,3418,2018-06-21,Kaduna Farmers Cooperative
3419,3419,2018-01-25,
3420,3420,2024-12-30,Benue Farmers Cooperative
3421,3421,2018-03-10,
3422,3422,2020-12-24,
3423,3423,2017-04-03,
3424,3424,2022-04-17,Enugu Farmers Cooperative
3425,3425,2021-03-07,Benue Farmers Cooperative
3426,3426,2015-12-06,Kaduna Farmers Cooperative
3427,3427,2020-04-07,Kumasi Farmers Cooperative
3428,3428,2015-07-26,Uyo Farmers Cooperative
3429,3429,2016-04-14,Kaduna Farmers Cooperative
3430,3430,2020-05-30,
3431,3431,2016-05-19,Kaduna Farmers Cooperative
3432,3432,2025-12-15,
3433,3433,2019-09-10,Benue Farmers Cooperative
3434,3434,2015-04-07,Kaduna Farmers Cooperative
3435,3435,2018-05-16,
3436,3436,2026-02-26,
3437,3437,2025-10-14,
3438,3438,2020-02-01,Uyo Farmers Cooperative
3439,3439,2018-10-11,Ibadan Farmers Cooperative
3440,3440,2019-05-28,
3441,3441,2021-05-27,Benue Farmers Cooperative
3442,3442,2021-10-26,
3443,3443,2016-09-25,Ibadan Farmers Cooperative
3444,3444,2023-05-16,
3445,3445,2019-04-05,Uyo Farmers Cooperative
3446,3446,2019-07-14,
3447,3447,2018-09-26,Benue Farmers Cooperative
3448,3448,2026-05-16,Uyo Farmers Cooperative
3449,3449,2018-11-13,Ibadan Farmers Cooperative
3450,3450,2021-07-28,Nakuru Farmers Cooperative
3451,3451,2016-04-21,
3452,3452,2019-12-23,Kumasi Farmers Cooperative
3453,3453,2022-02-27,Ibadan Farmers Cooperative
3454,3454,2023-07-02,
3455,3455,2015-03-14,
3456,3456,2018-08-28,Uyo Farmers Cooperative
3457,3457,2023-11-08,Uyo Farmers Cooperative
3458,3458,2020-07-20,
3459,3459,2021-05-18,Uyo Farmers Cooperative
3460,3460,2018-07-13,
3461,3461,2023-06-24,Enugu Farmers Cooperative
3462,3462,2021-03-09,
3463,3463,2023-12-15,Benue Farmers Cooperative
3464,3464,2022-12-14,Ibadan Farmers Cooperative
3465,3465,2018-09-30,
3466,3466,2020-11-28,Nakuru Farmers Cooperative
3467,3467,2017-06-07,Benue Farmers Cooperative
3468,3468,2022-12-24,Uyo Farmers Cooperative
3469,3469,2016-07-22,
3470,3470,2019-04-19,Kumasi Farmers Cooperative
3471,3471,2025-02-21,Ibadan Farmers Cooperative
3472,3472,2021-04-29,Enugu Farmers Cooperative
3473,3473,2020-05-01,Nakuru Farmers Cooperative
3474,3474,2026-01-13,
3475,3475,2024-08-31,
3476,3476,2026-04-16,Enugu Farmers Cooperative
3477,3477,2021-06-11,Enugu Farmers Cooperative
3478,3478,2023-10-21,
3479,3479,2020-10-02,
3480,3480,2016-12-19,
3481,3481,2022-03-22,Enugu Farmers Cooperative
3482,3482,2025-06-01,Ibadan Farmers Cooperative
3483,3483,2021-12-25,
3484,3484,2023-01-17,
3485,3485,2022-05-13,
3486,3486,2019-05-13,Enugu Farmers Cooperative
3487,3487,2019-09-09,Ibadan Farmers Cooperative
3488,3488,2021-05-24,Ibadan Farmers Cooperative
3489,3489,2020-06-12,
3490,3490,2023-03-25,
3491,3491,2025-02-24,
3492,3492,2017-08-13,Benue Farmers Cooperative
3493,3493,2022-11-21,Kumasi Farmers Cooperative
3494,3494,2015-05-14,Uyo Farmers Cooperative
3495,3495,2023-10-11,Kaduna Farmers Cooperative
3496,3496,2026-05-03,
3497,3497,2019-07-13,Benue Farmers Cooperative
3498,3498,2024-06-10,
3499,3499,2019-12-17,Benue Farmers Cooperative
3500,3500,2016-05-09,
3501,3501,2023-03-27,
3502,3502,2020-08-23,Uyo Farmers Cooperative
3503,3503,2021-04-24,Nakuru Farmers Cooperative
3504,3504,2017-07-22,Kaduna Farmers Cooperative
3505,3505,2018-09-11,
3506,3506,2022-12-06,
3507,3507,2020-02-16,
3508,3508,2025-02-02,Uyo Farmers Cooperative
3509,3509,2026-02-28,Uyo Farmers Cooperative
3510,3510,2015-05-07,Kumasi Farmers Cooperative
3511,3511,2015-05-29,
3512,3512,2020-03-19,Benue Farmers Cooperative
3513,3513,2022-08-29,Enugu Farmers Cooperative
3514,3514,2021-02-24,
3515,3515,2015-12-05,
3516,3516,2018-04-22,Kaduna Farmers Cooperative
3517,3517,2025-12-05,
3518,3518,2018-11-13,
3519,3519,2016-05-22,Kaduna Farmers Cooperative
3520,3520,2016-05-14,
3521,3521,2019-12-14,Kaduna Farmers Cooperative
3522,3522,2016-03-22,
3523,3523,2022-01-16,
3524,3524,2021-07-22,
3525,3525,2018-03-31,
3526,3526,2024-07-11,Benue Farmers Cooperative
3527,3527,2025-03-26,Enugu Farmers Cooperative
3528,3528,2024-08-10,
3529,3529,2025-06-14,
3530,3530,2017-04-02,Kaduna Farmers Cooperative
3531,3531,2026-03-14,
3532,3532,2020-06-28,
3533,3533,2024-02-03,Benue Farmers Cooperative
3534,3534,2018-03-27,
3535,3535,2018-01-12,
3536,3536,2020-04-21,Benue Farmers Cooperative
3537,3537,2019-08-13,Ibadan Farmers Cooperative
3538,3538,2025-12-19,
3539,3539,2016-12-22,
3540,3540,2023-11-25,
3541,3541,2015-03-02,Uyo Farmers Cooperative
3542,3542,2024-07-21,Enugu Farmers Cooperative
3543,3543,2019-12-21,
3544,3544,2022-11-24,Kaduna Farmers Cooperative
3545,3545,2023-05-14,Nakuru Farmers Cooperative
3546,3546,2018-01-22,Uyo Farmers Cooperative
3547,3547,2019-07-16,Nakuru Farmers Cooperative
3548,3548,2016-04-18,Kaduna Farmers Cooperative
3549,3549,2018-09-05,Kumasi Farmers Cooperative
3550,3550,2025-05-08,Uyo Farmers Cooperative
3551,3551,2024-01-21,
3552,3552,2026-05-07,
3553,3553,2023-11-10,
3554,3554,2024-12-16,Nakuru Farmers Cooperative
3555,3555,2017-06-08,Benue Farmers Cooperative
3556,3556,2018-01-20,
3557,3557,2019-11-09,
3558,3558,2017-11-21,
3559,3559,2016-04-21,
3560,3560,2026-03-18,
3561,3561,2020-02-15,Kumasi Farmers Cooperative
3562,3562,2017-11-21,
3563,3563,2018-02-25,Ibadan Farmers Cooperative
3564,3564,2021-10-25,Enugu Farmers Cooperative
3565,3565,2018-10-03,
3566,3566,2020-04-17,
3567,3567,2016-03-20,
3568,3568,2024-11-02,
3569,3569,2022-04-16,
3570,3570,2023-12-13,Benue Farmers Cooperative
3571,3571,2016-11-27,Benue Farmers Cooperative
3572,3572,2026-04-11,
3573,3573,2020-10-28,Kaduna Farmers Cooperative
3574,3574,2019-06-06,Enugu Farmers Cooperative
3575,3575,2019-05-04,
3576,3576,2019-06-07,
3577,3577,2017-06-05,Benue Farmers Cooperative
3578,3578,2018-07-26,
3579,3579,2022-12-09,Uyo Farmers Cooperative
3580,3580,2019-07-29,Ibadan Farmers Cooperative
3581,3581,2024-10-01,
3582,3582,2015-05-03,
3583,3583,2022-10-02,
3584,3584,2022-08-27,Kumasi Farmers Cooperative
3585,3585,2022-07-30,
3586,3586,2015-01-22,Ibadan Farmers Cooperative
3587,3587,2024-01-31,Nakuru Farmers Cooperative
3588,3588,2016-04-07,Enugu Farmers Cooperative
3589,3589,2024-07-05,Kumasi Farmers Cooperative
3590,3590,2015-01-18,
3591,3591,2018-03-06,
3592,3592,2018-01-02,Uyo Farmers Cooperative
3593,3593,2019-10-31,
3594,3594,2026-02-06,
3595,3595,2022-12-04,Uyo Farmers Cooperative
3596,3596,2018-02-26,Kumasi Farmers Cooperative
3597,3597,2023-07-05,
3598,3598,2025-08-15,
3599,3599,2023-07-30,
3600,3600,2021-08-04,
3601,3601,2016-06-24,Uyo Farmers Cooperative
3602,3602,2024-07-12,
3603,3603,2015-02-19,
3604,3604,2022-11-03,
3605,3605,2015-04-19,Benue Farmers Cooperative
3606,3606,2018-07-17,
3607,3607,2016-05-07,Benue Farmers Cooperative
3608,3608,2020-05-20,Uyo Farmers Cooperative
3609,3609,2018-02-17,Ibadan Farmers Cooperative
3610,3610,2021-02-07,Nakuru Farmers Cooperative
3611,3611,2025-05-19,Kaduna Farmers Cooperative
3612,3612,2020-10-02,
3613,3613,2023-05-09,Uyo Farmers Cooperative
3614,3614,2024-07-06,Enugu Farmers Cooperative
3615,3615,2018-06-16,
3616,3616,2021-10-16,Benue Farmers Cooperative
3617,3617,2022-01-09,Kaduna Farmers Cooperative
3618,3618,2026-03-08,Ibadan Farmers Cooperative
3619,3619,2016-07-28,
3620,3620,2022-12-24,Enugu Farmers Cooperative
3621,3621,2015-08-05,
3622,3622,2021-09-27,Kaduna Farmers Cooperative
3623,3623,2025-03-08,
3624,3624,2017-07-14,
3625,3625,2015-07-14,Nakuru Farmers Cooperative
3626,3626,2020-12-17,
3627,3627,2020-06-06,
3628,3628,2015-10-16,Kaduna Farmers Cooperative
3629,3629,2020-04-10,Benue Farmers Cooperative
3630,3630,2021-06-27,
3631,3631,2021-03-30,
3632,3632,2019-10-02,
3633,3633,2018-02-11,Benue Farmers Cooperative
3634,3634,2025-05-10,Enugu Farmers Cooperative
3635,3635,2017-05-31,Nakuru Farmers Cooperative
3636,3636,2025-04-05,
3637,3637,2019-02-01,
3638,3638,2022-12-30,
3639,3639,2026-01-14,
3640,3640,2023-10-13,Benue Farmers Cooperative
3641,3641,2022-11-03,
3642,3642,2026-06-26,Kumasi Farmers Cooperative
3643,3643,2017-03-21,
3644,3644,2017-08-07,Benue Farmers Cooperative
3645,3645,2021-10-22,Benue Farmers Cooperative
3646,3646,2016-04-09,Kumasi Farmers Cooperative
3647,3647,2016-04-29,Benue Farmers Cooperative
3648,3648,2023-09-20,
3649,3649,2019-05-19,Nakuru Farmers Cooperative
3650,3650,2017-04-04,
3651,3651,2026-05-14,
3652,3652,2023-10-04,
3653,3653,2021-06-27,Kumasi Farmers Cooperative
3654,3654,2018-03-08,Benue Farmers Cooperative
3655,3655,2021-10-22,Nakuru Farmers Cooperative
3656,3656,2022-11-20,Kaduna Farmers Cooperative
3657,3657,2022-11-30,Enugu Farmers Cooperative
3658,3658,2021-03-09,Uyo Farmers Cooperative
3659,3659,2017-01-17,Benue Farmers Cooperative
3660,3660,2016-10-18,Benue Farmers Cooperative
3661,3661,2021-01-10,
3662,3662,2016-05-20,Kumasi Farmers Cooperative
3663,3663,2019-08-16,Uyo Farmers Cooperative
3664,3664,2019-05-12,
3665,3665,2017-08-04,
3666,3666,2020-05-18,Ibadan Farmers Cooperative
3667,3667,2020-09-26,Benue Farmers Cooperative
3668,3668,2021-05-20,Kumasi Farmers Cooperative
3669,3669,2019-06-24,Kumasi Farmers Cooperative
3670,3670,2016-03-19,Benue Farmers Cooperative
3671,3671,2017-01-02,Nakuru Farmers Cooperative
3672,3672,2015-07-04,Nakuru Farmers Cooperative
3673,3673,2019-03-05,
3674,3674,2017-01-21,
3675,3675,2016-11-25,Kaduna Farmers Cooperative
3676,3676,2016-06-29,Benue Farmers Cooperative
3677,3677,2023-01-29,Enugu Farmers Cooperative
3678,3678,2016-05-01,
3679,3679,2020-07-10,Kumasi Farmers Cooperative
3680,3680,2025-03-17,Kaduna Farmers Cooperative
3681,3681,2023-12-06,
3682,3682,2016-10-01,Kaduna Farmers Cooperative
3683,3683,2022-06-29,Uyo Farmers Cooperative
3684,3684,2021-06-18,
3685,3685,2020-04-05,Uyo Farmers Cooperative
3686,3686,2022-09-25,
3687,3687,2024-07-08,Kumasi Farmers Cooperative
3688,3688,2023-10-16,
3689,3689,2016-07-02,Ibadan Farmers Cooperative
3690,3690,2020-03-25,Benue Farmers Cooperative
3691,3691,2018-09-09,Nakuru Farmers Cooperative
3692,3692,2023-11-17,
3693,3693,2026-04-19,Kumasi Farmers Cooperative
3694,3694,2023-11-13,Kaduna Farmers Cooperative
3695,3695,2024-02-07,Kaduna Farmers Cooperative
3696,3696,2018-08-28,Uyo Farmers Cooperative
3697,3697,2020-06-25,
3698,3698,2020-05-20,
3699,3699,2024-12-18,Ibadan Farmers Cooperative
3700,3700,2017-10-29,Nakuru Farmers Cooperative
3701,3701,2020-12-30,Benue Farmers Cooperative
3702,3702,2018-12-13,
3703,3703,2016-05-07,Kaduna Farmers Cooperative
3704,3704,2018-10-12,
3705,3705,2025-03-08,Uyo Farmers Cooperative
3706,3706,2025-11-02,Benue Farmers Cooperative
3707,3707,2017-03-12,
3708,3708,2023-10-23,Nakuru Farmers Cooperative
3709,3709,2018-08-07,
3710,3710,2016-09-30,Ibadan Farmers Cooperative
3711,3711,2015-11-11,
3712,3712,2022-01-08,Benue Farmers Cooperative
3713,3713,2019-06-19,Kumasi Farmers Cooperative
3714,3714,2025-05-18,Kumasi Farmers Cooperative
3715,3715,2021-11-30,
3716,3716,2015-10-18,Uyo Farmers Cooperative
3717,3717,2022-10-16,
3718,3718,2020-09-05,Uyo Farmers Cooperative
3719,3719,2024-04-19,Benue Farmers Cooperative
3720,3720,2020-01-26,Benue Farmers Cooperative
3721,3721,2017-11-05,
3722,3722,2019-12-03,Kaduna Farmers Cooperative
3723,3723,2022-05-28,Ibadan Farmers Cooperative
3724,3724,2017-07-13,
3725,3725,2024-06-25,Enugu Farmers Cooperative
3726,3726,2023-08-24,Nakuru Farmers Cooperative
3727,3727,2020-12-30,
3728,3728,2016-03-26,Benue Farmers Cooperative
3729,3729,2022-06-20,Uyo Farmers Cooperative
3730,3730,2019-07-27,Benue Farmers Cooperative
3731,3731,2020-05-02,Benue Farmers Cooperative
3732,3732,2025-12-17,
3733,3733,2020-12-10,
3734,3734,2025-01-27,
3735,3735,2023-03-29,
3736,3736,2025-05-18,Benue Farmers Cooperative
3737,3737,2022-01-30,
3738,3738,2016-03-24,
3739,3739,2018-02-24,
3740,3740,2021-09-20,
3741,3741,2017-09-06,
3742,3742,2021-10-19,
3743,3743,2026-05-04,Benue Farmers Cooperative
3744,3744,2026-06-24,Ibadan Farmers Cooperative
3745,3745,2023-10-28,Kaduna Farmers Cooperative
3746,3746,2021-04-17,Uyo Farmers Cooperative
3747,3747,2021-06-18,
3748,3748,2015-03-02,Nakuru Farmers Cooperative
3749,3749,2024-08-24,
3750,3750,2022-10-10,Kumasi Farmers Cooperative
3751,3751,2016-12-03,Benue Farmers Cooperative
3752,3752,2020-07-05,Kumasi Farmers Cooperative
3753,3753,2018-10-23,Ibadan Farmers Cooperative
3754,3754,2019-03-22,
3755,3755,2023-10-07,Enugu Farmers Cooperative
3756,3756,2023-04-06,
3757,3757,2016-11-10,Kaduna Farmers Cooperative
3758,3758,2022-09-26,
3759,3759,2020-07-23,
3760,3760,2018-04-13,
3761,3761,2018-05-13,Ibadan Farmers Cooperative
3762,3762,2024-05-13,Ibadan Farmers Cooperative
3763,3763,2022-08-09,Kumasi Farmers Cooperative
3764,3764,2019-04-11,Nakuru Farmers Cooperative
3765,3765,2024-03-09,
3766,3766,2018-05-26,
3767,3767,2017-04-20,
3768,3768,2018-10-16,
3769,3769,2017-12-30,Ibadan Farmers Cooperative
3770,3770,2023-06-01,
3771,3771,2022-08-04,
3772,3772,2020-11-04,
3773,3773,2015-12-04,Enugu Farmers Cooperative
3774,3774,2017-08-31,Kumasi Farmers Cooperative
3775,3775,2019-02-27,Ibadan Farmers Cooperative
3776,3776,2022-10-03,
3777,3777,2020-10-26,Kumasi Farmers Cooperative
3778,3778,2022-04-14,Kumasi Farmers Cooperative
3779,3779,2020-06-24,
3780,3780,2019-03-23,Enugu Farmers Cooperative
3781,3781,2022-06-11,
3782,3782,2015-08-31,Benue Farmers Cooperative
3783,3783,2021-03-30,
3784,3784,2016-02-13,Nakuru Farmers Cooperative
3785,3785,2018-09-04,Kumasi Farmers Cooperative
3786,3786,2022-02-15,Kumasi Farmers Cooperative
3787,3787,2023-04-14,Enugu Farmers Cooperative
3788,3788,2016-08-08,
3789,3789,2015-09-01,Kumasi Farmers Cooperative
3790,3790,2016-04-12,
3791,3791,2020-02-22,Kaduna Farmers Cooperative
3792,3792,2019-06-06,Nakuru Farmers Cooperative
3793,3793,2025-07-24,
3794,3794,2015-06-04,Kumasi Farmers Cooperative
3795,3795,2023-08-06,
3796,3796,2026-05-08,Enugu Farmers Cooperative
3797,3797,2019-05-18,
3798,3798,2022-11-01,
3799,3799,2019-04-19,Enugu Farmers Cooperative
3800,3800,2025-05-13,Nakuru Farmers Cooperative
3801,3801,2018-09-18,Kumasi Farmers Cooperative
3802,3802,2017-03-08,Enugu Farmers Cooperative
3803,3803,2019-05-18,Benue Farmers Cooperative
3804,3804,2017-04-01,
3805,3805,2022-05-13,
3806,3806,2022-09-15,Kumasi Farmers Cooperative
3807,3807,2023-10-13,Benue Farmers Cooperative
3808,3808,2024-04-13,
3809,3809,2018-07-30,
3810,3810,2020-10-04,
3811,3811,2022-06-23,Kaduna Farmers Cooperative
3812,3812,2025-08-18,Enugu Farmers Cooperative
3813,3813,2017-08-28,Nakuru Farmers Cooperative
3814,3814,2023-01-04,Uyo Farmers Cooperative
3815,3815,2026-02-09,Kumasi Farmers Cooperative
3816,3816,2015-06-21,Uyo Farmers Cooperative
3817,3817,2019-11-27,Nakuru Farmers Cooperative
3818,3818,2023-09-09,
3819,3819,2016-09-14,Kumasi Farmers Cooperative
3820,3820,2017-02-05,
3821,3821,2020-01-26,Kumasi Farmers Cooperative
3822,3822,2024-12-19,
3823,3823,2023-04-09,Ibadan Farmers Cooperative
3824,3824,2021-03-13,Kaduna Farmers Cooperative
3825,3825,2022-08-12,Nakuru Farmers Cooperative
3826,3826,2020-09-10,Ibadan Farmers Cooperative
3827,3827,2022-01-02,
3828,3828,2019-03-12,
3829,3829,2023-08-27,Kaduna Farmers Cooperative
3830,3830,2020-08-27,Kaduna Farmers Cooperative
3831,3831,2024-12-05,
3832,3832,2021-11-15,Uyo Farmers Cooperative
3833,3833,2020-01-22,
3834,3834,2021-12-02,Benue Farmers Cooperative
3835,3835,2025-11-12,
3836,3836,2017-02-21,Benue Farmers Cooperative
3837,3837,2018-01-20,
3838,3838,2019-01-15,Uyo Farmers Cooperative
3839,3839,2026-03-11,Nakuru Farmers Cooperative
3840,3840,2023-09-13,
3841,3841,2018-09-27,
3842,3842,2024-03-04,
3843,3843,2025-01-21,
3844,3844,2018-03-14,
3845,3845,2016-06-30,
3846,3846,2019-11-18,
3847,3847,2020-06-28,
3848,3848,2025-08-18,Kaduna Farmers Cooperative
3849,3849,2020-12-01,Benue Farmers Cooperative
3850,3850,2020-10-29,Nakuru Farmers Cooperative
3851,3851,2019-08-07,
3852,3852,2019-11-20,
3853,3853,2024-08-08,Enugu Farmers Cooperative
3854,3854,2015-07-06,
3855,3855,2020-05-31,Nakuru Farmers Cooperative
3856,3856,2020-09-14,
3857,3857,2022-03-02,Nakuru Farmers Cooperative
3858,3858,2015-07-27,Benue Farmers Cooperative
3859,3859,2025-04-20,
3860,3860,2020-10-26,
3861,3861,2024-09-28,Enugu Farmers Cooperative
3862,3862,2015-12-18,Enugu Farmers Cooperative
3863,3863,2021-07-28,Nakuru Farmers Cooperative
3864,3864,2019-06-24,Kaduna Farmers Cooperative
3865,3865,2018-09-06,Enugu Farmers Cooperative
3866,3866,2024-01-01,Kumasi Farmers Cooperative
3867,3867,2022-07-05,Enugu Farmers Cooperative
3868,3868,2025-06-09,Enugu Farmers Cooperative
3869,3869,2022-04-10,Uyo Farmers Cooperative
3870,3870,2021-07-30,Enugu Farmers Cooperative
3871,3871,2024-05-19,
3872,3872,2016-01-04,Enugu Farmers Cooperative
3873,3873,2015-09-09,
3874,3874,2018-08-30,
3875,3875,2024-12-04,
3876,3876,2018-12-12,Nakuru Farmers Cooperative
3877,3877,2015-09-11,Kumasi Farmers Cooperative
3878,3878,2016-12-05,Kumasi Farmers Cooperative
3879,3879,2016-07-26,Kumasi Farmers Cooperative
3880,3880,2018-08-16,Ibadan Farmers Cooperative
3881,3881,2022-08-09,Ibadan Farmers Cooperative
3882,3882,2022-02-24,Nakuru Farmers Cooperative
3883,3883,2015-05-10,
3884,3884,2015-07-16,
3885,3885,2022-12-18,
3886,3886,2020-11-11,
3887,3887,2026-06-04,Ibadan Farmers Cooperative
3888,3888,2025-08-29,Kaduna Farmers Cooperative
3889,3889,2019-10-30,
3890,3890,2023-12-06,
3891,3891,2016-06-16,Benue Farmers Cooperative
3892,3892,2016-03-30,Enugu Farmers Cooperative
3893,3893,2018-04-25,
3894,3894,2024-05-08,Ibadan Farmers Cooperative
3895,3895,2024-11-28,Enugu Farmers Cooperative
3896,3896,2023-06-03,Uyo Farmers Cooperative
3897,3897,2016-06-26,
3898,3898,2017-08-07,
3899,3899,2016-04-04,Kumasi Farmers Cooperative
3900,3900,2015-09-22,Ibadan Farmers Cooperative
3901,3901,2025-07-11,
3902,3902,2024-04-12,
3903,3903,2022-11-16,Enugu Farmers Cooperative
3904,3904,2026-06-10,Kumasi Farmers Cooperative
3905,3905,2024-03-31,Benue Farmers Cooperative
3906,3906,2020-09-16,Enugu Farmers Cooperative
3907,3907,2021-06-17,Kumasi Farmers Cooperative
3908,3908,2020-11-05,
3909,3909,2020-11-13,Kaduna Farmers Cooperative
3910,3910,2015-04-13,Benue Farmers Cooperative
3911,3911,2015-07-14,
3912,3912,2024-03-13,Benue Farmers Cooperative
3913,3913,2024-11-05,
3914,3914,2017-01-25,Nakuru Farmers Cooperative
3915,3915,2025-11-06,
3916,3916,2022-07-07,
3917,3917,2023-02-25,
3918,3918,2024-01-10,Kumasi Farmers Cooperative
3919,3919,2023-07-22,
3920,3920,2023-10-18,Uyo Farmers Cooperative
3921,3921,2016-01-04,Enugu Farmers Cooperative
3922,3922,2016-07-03,Kaduna Farmers Cooperative
3923,3923,2017-04-09,Kaduna Farmers Cooperative
3924,3924,2020-03-10,
3925,3925,2015-08-28,
3926,3926,2024-05-02,
3927,3927,2019-08-29,Uyo Farmers Cooperative
3928,3928,2019-10-23,
3929,3929,2017-02-12,Ibadan Farmers Cooperative
3930,3930,2019-08-18,Enugu Farmers Cooperative
3931,3931,2017-08-16,
3932,3932,2016-12-25,Kaduna Farmers Cooperative
3933,3933,2019-03-24,
3934,3934,2015-08-18,
3935,3935,2015-10-19,Ibadan Farmers Cooperative
3936,3936,2019-04-23,Uyo Farmers Cooperative
3937,3937,2017-10-04,
3938,3938,2023-10-15,Benue Farmers Cooperative
3939,3939,2024-05-18,Ibadan Farmers Cooperative
3940,3940,2019-09-02,Ibadan Farmers Cooperative
3941,3941,2015-12-29,
3942,3942,2020-02-28,Benue Farmers Cooperative
3943,3943,2017-09-06,Nakuru Farmers Cooperative
3944,3944,2024-12-31,Kumasi Farmers Cooperative
3945,3945,2016-09-12,
3946,3946,2018-09-27,
3947,3947,2025-09-14,
3948,3948,2023-10-29,Enugu Farmers Cooperative
3949,3949,2015-11-30,
3950,3950,2025-12-23,
3951,3951,2015-11-06,Kaduna Farmers Cooperative
3952,3952,2023-01-30,Ibadan Farmers Cooperative
3953,3953,2025-02-10,
3954,3954,2026-02-08,Kaduna Farmers Cooperative
3955,3955,2022-07-01,
3956,3956,2024-08-12,Uyo Farmers Cooperative
3957,3957,2016-06-12,
3958,3958,2018-09-11,Enugu Farmers Cooperative
3959,3959,2021-07-07,Kaduna Farmers Cooperative
3960,3960,2017-05-02,Ibadan Farmers Cooperative
3961,3961,2025-03-16,
3962,3962,2020-10-09,Benue Farmers Cooperative
3963,3963,2022-12-02,Enugu Farmers Cooperative
3964,3964,2018-09-13,Kaduna Farmers Cooperative
3965,3965,2025-05-15,Uyo Farmers Cooperative
3966,3966,2020-03-20,Ibadan Farmers Cooperative
3967,3967,2025-01-21,
3968,3968,2017-01-03,
3969,3969,2023-04-16,Uyo Farmers Cooperative
3970,3970,2025-05-14,Nakuru Farmers Cooperative
3971,3971,2019-02-04,
3972,3972,2018-01-04,Uyo Farmers Cooperative
3973,3973,2024-12-15,
3974,3974,2026-03-26,Nakuru Farmers Cooperative
3975,3975,2015-10-02,
3976,3976,2017-05-16,
3977,3977,2025-06-06,Enugu Farmers Cooperative
3978,3978,2021-07-23,Enugu Farmers Cooperative
3979,3979,2025-05-20,Nakuru Farmers Cooperative
3980,3980,2015-05-02,Benue Farmers Cooperative
3981,3981,2017-12-10,Nakuru Farmers Cooperative
3982,3982,2020-10-20,Kaduna Farmers Cooperative
3983,3983,2018-10-05,
3984,3984,2022-11-19,
3985,3985,2019-07-17,Kaduna Farmers Cooperative
3986,3986,2015-04-19,Nakuru Farmers Cooperative
3987,3987,2018-08-13,
3988,3988,2023-05-26,Kumasi Farmers Cooperative
3989,3989,2024-01-30,Nakuru Farmers Cooperative
3990,3990,2023-07-11,Benue Farmers Cooperative
3991,3991,2017-08-27,
3992,3992,2025-03-30,Benue Farmers Cooperative
3993,3993,2019-10-31,
3994,3994,2017-08-25,
3995,3995,2024-09-23,
3996,3996,2021-12-20,Kumasi Farmers Cooperative
3997,3997,2024-05-07,
3998,3998,2015-01-06,Benue Farmers Cooperative
3999,3999,2024-04-30,
4000,4000,2025-05-22,Ibadan Farmers Cooperative
4001,4001,2015-07-23,Kumasi Farmers Cooperative
4002,4002,2016-04-29,
4003,4003,2025-01-22,Kumasi Farmers Cooperative
4004,4004,2021-02-08,Benue Farmers Cooperative
4005,4005,2023-10-14,
4006,4006,2021-12-21,Nakuru Farmers Cooperative
4007,4007,2015-03-02,
4008,4008,2023-09-25,
4009,4009,2018-09-16,Ibadan Farmers Cooperative
4010,4010,2026-01-18,
4011,4011,2021-10-03,Kumasi Farmers Cooperative
4012,4012,2020-12-15,Uyo Farmers Cooperative
4013,4013,2022-12-29,Nakuru Farmers Cooperative
4014,4014,2017-12-15,Benue Farmers Cooperative
4015,4015,2026-05-30,Enugu Farmers Cooperative
4016,4016,2021-05-13,Kaduna Farmers Cooperative
4017,4017,2022-07-31,Kaduna Farmers Cooperative
4018,4018,2015-09-03,Kumasi Farmers Cooperative
4019,4019,2025-11-07,Ibadan Farmers Cooperative
4020,4020,2021-06-14,
4021,4021,2026-01-13,Nakuru Farmers Cooperative
4022,4022,2016-07-04,Ibadan Farmers Cooperative
4023,4023,2015-12-23,
4024,4024,2019-12-17,Kumasi Farmers Cooperative
4025,4025,2019-04-24,Benue Farmers Cooperative
4026,4026,2016-07-13,
4027,4027,2021-12-05,Enugu Farmers Cooperative
4028,4028,2016-08-03,
4029,4029,2022-09-07,
4030,4030,2020-04-18,Kaduna Farmers Cooperative
4031,4031,2023-12-15,Enugu Farmers Cooperative
4032,4032,2023-05-18,Enugu Farmers Cooperative
4033,4033,2016-05-08,Enugu Farmers Cooperative
4034,4034,2015-03-08,
4035,4035,2022-09-04,
4036,4036,2024-08-12,Uyo Farmers Cooperative
4037,4037,2017-05-15,
4038,4038,2025-08-20,Kaduna Farmers Cooperative
4039,4039,2023-07-25,
4040,4040,2024-02-06,Uyo Farmers Cooperative
4041,4041,2019-06-15,Enugu Farmers Cooperative
4042,4042,2026-06-22,Nakuru Farmers Cooperative
4043,4043,2021-11-01,Nakuru Farmers Cooperative
4044,4044,2017-08-15,
4045,4045,2024-01-15,Kumasi Farmers Cooperative
4046,4046,2017-05-11,
4047,4047,2015-12-23,
4048,4048,2022-02-20,Enugu Farmers Cooperative
4049,4049,2017-01-14,Enugu Farmers Cooperative
4050,4050,2017-09-14,
4051,4051,2022-11-23,Kumasi Farmers Cooperative
4052,4052,2020-12-29,
4053,4053,2024-07-27,Enugu Farmers Cooperative
4054,4054,2015-03-09,
4055,4055,2021-04-07,Ibadan Farmers Cooperative
4056,4056,2025-09-26,
4057,4057,2025-02-23,Kaduna Farmers Cooperative
4058,4058,2023-04-06,
4059,4059,2021-07-23,Uyo Farmers Cooperative
4060,4060,2023-10-17,
4061,4061,2024-01-21,Kaduna Farmers Cooperative
4062,4062,2022-03-18,Kaduna Farmers Cooperative
4063,4063,2025-11-11,Nakuru Farmers Cooperative
4064,4064,2021-02-28,Kumasi Farmers Cooperative
4065,4065,2015-10-01,
4066,4066,2017-06-09,Nakuru Farmers Cooperative
4067,4067,2023-07-16,
4068,4068,2015-11-17,
4069,4069,2016-12-19,
4070,4070,2025-01-13,
4071,4071,2022-07-26,Enugu Farmers Cooperative
4072,4072,2015-03-26,
4073,4073,2017-05-10,Uyo Farmers Cooperative
4074,4074,2025-02-12,Benue Farmers Cooperative
4075,4075,2018-06-04,
4076,4076,2017-04-02,Enugu Farmers Cooperative
4077,4077,2017-12-01,Kaduna Farmers Cooperative
4078,4078,2020-05-13,Nakuru Farmers Cooperative
4079,4079,2016-10-05,
4080,4080,2019-09-12,
4081,4081,2021-05-28,
4082,4082,2019-05-03,Kaduna Farmers Cooperative
4083,4083,2025-10-28,
4084,4084,2024-07-11,Enugu Farmers Cooperative
4085,4085,2023-07-11,
4086,4086,2015-11-07,
4087,4087,2019-05-17,Kaduna Farmers Cooperative
4088,4088,2015-01-23,Kumasi Farmers Cooperative
4089,4089,2018-01-30,
4090,4090,2015-03-15,Kaduna Farmers Cooperative
4091,4091,2023-08-21,Benue Farmers Cooperative
4092,4092,2016-07-02,
4093,4093,2020-01-25,Enugu Farmers Cooperative
4094,4094,2015-09-23,
4095,4095,2026-06-20,
4096,4096,2021-11-16,Kaduna Farmers Cooperative
4097,4097,2020-03-29,
4098,4098,2022-05-23,
4099,4099,2019-09-02,Kumasi Farmers Cooperative
4100,4100,2019-07-21,Uyo Farmers Cooperative
4101,4101,2017-04-25,
4102,4102,2023-12-08,Benue Farmers Cooperative
4103,4103,2023-12-05,Kaduna Farmers Cooperative
4104,4104,2026-05-08,Kumasi Farmers Cooperative
4105,4105,2020-02-14,
4106,4106,2018-03-10,Enugu Farmers Cooperative
4107,4107,2016-06-02,Kaduna Farmers Cooperative
4108,4108,2023-01-07,Ibadan Farmers Cooperative
4109,4109,2015-08-05,Kaduna Farmers Cooperative
4110,4110,2016-03-13,Enugu Farmers Cooperative
4111,4111,2018-08-11,Kaduna Farmers Cooperative
4112,4112,2019-08-03,
4113,4113,2021-04-27,Nakuru Farmers Cooperative
4114,4114,2017-07-13,
4115,4115,2016-05-07,Nakuru Farmers Cooperative
4116,4116,2017-06-07,Nakuru Farmers Cooperative
4117,4117,2016-02-22,Benue Farmers Cooperative
4118,4118,2023-09-23,
4119,4119,2015-05-02,
4120,4120,2019-10-23,
4121,4121,2023-01-20,
4122,4122,2015-03-25,Ibadan Farmers Cooperative
4123,4123,2022-12-16,
4124,4124,2018-07-31,Nakuru Farmers Cooperative
4125,4125,2022-04-07,
4126,4126,2023-06-27,
4127,4127,2015-04-09,
4128,4128,2020-01-10,Kumasi Farmers Cooperative
4129,4129,2015-05-07,
4130,4130,2016-05-13,Kaduna Farmers Cooperative
4131,4131,2018-03-30,Nakuru Farmers Cooperative
4132,4132,2016-10-15,Nakuru Farmers Cooperative
4133,4133,2017-01-11,Enugu Farmers Cooperative
4134,4134,2025-10-07,
4135,4135,2015-06-23,
4136,4136,2025-04-20,Enugu Farmers Cooperative
4137,4137,2025-08-16,Uyo Farmers Cooperative
4138,4138,2018-12-29,
4139,4139,2022-01-08,Enugu Farmers Cooperative
4140,4140,2022-02-21,
4141,4141,2018-01-27,
4142,4142,2017-03-30,
4143,4143,2026-01-03,
4144,4144,2024-10-01,Uyo Farmers Cooperative
4145,4145,2023-05-14,
4146,4146,2023-11-15,Nakuru Farmers Cooperative
4147,4147,2016-02-18,Benue Farmers Cooperative
4148,4148,2015-02-05,Benue Farmers Cooperative
4149,4149,2021-03-09,Enugu Farmers Cooperative
4150,4150,2020-07-04,
4151,4151,2023-05-14,Ibadan Farmers Cooperative
4152,4152,2023-05-25,Kumasi Farmers Cooperative
4153,4153,2021-06-09,Ibadan Farmers Cooperative
4154,4154,2018-11-17,
4155,4155,2025-11-06,Ibadan Farmers Cooperative
4156,4156,2017-02-08,
4157,4157,2025-07-09,Uyo Farmers Cooperative
4158,4158,2017-11-14,Enugu Farmers Cooperative
4159,4159,2017-03-16,
4160,4160,2024-05-28,Kumasi Farmers Cooperative
4161,4161,2018-01-17,
4162,4162,2025-04-12,
4163,4163,2015-05-08,Nakuru Farmers Cooperative
4164,4164,2016-02-19,Enugu Farmers Cooperative
4165,4165,2023-08-29,
4166,4166,2025-12-05,Benue Farmers Cooperative
4167,4167,2023-03-06,Nakuru Farmers Cooperative
4168,4168,2019-09-30,
4169,4169,2020-12-24,Ibadan Farmers Cooperative
4170,4170,2025-09-28,Ibadan Farmers Cooperative
4171,4171,2018-06-01,Ibadan Farmers Cooperative
4172,4172,2024-04-26,Nakuru Farmers Cooperative
4173,4173,2022-12-07,Ibadan Farmers Cooperative
4174,4174,2016-09-22,
4175,4175,2017-01-31,Enugu Farmers Cooperative
4176,4176,2025-07-25,Uyo Farmers Cooperative
4177,4177,2022-12-30,Kaduna Farmers Cooperative
4178,4178,2017-09-20,Benue Farmers Cooperative
4179,4179,2026-04-02,Uyo Farmers Cooperative
4180,4180,2016-01-29,Ibadan Farmers Cooperative
4181,4181,2019-03-21,Enugu Farmers Cooperative
4182,4182,2017-02-19,Kumasi Farmers Cooperative
4183,4183,2023-05-23,
4184,4184,2020-07-09,Kaduna Farmers Cooperative
4185,4185,2024-04-15,Enugu Farmers Cooperative
4186,4186,2017-06-14,
4187,4187,2015-07-22,
4188,4188,2021-09-07,
4189,4189,2019-07-26,Uyo Farmers Cooperative
4190,4190,2022-04-22,
4191,4191,2025-10-16,Benue Farmers Cooperative
4192,4192,2017-06-03,
4193,4193,2020-09-27,
4194,4194,2023-05-02,Nakuru Farmers Cooperative
4195,4195,2021-06-27,Kaduna Farmers Cooperative
4196,4196,2022-12-15,Kumasi Farmers Cooperative
4197,4197,2026-03-07,Kaduna Farmers Cooperative
4198,4198,2017-06-11,
4199,4199,2015-01-01,Benue Farmers Cooperative
4200,4200,2019-09-06,Ibadan Farmers Cooperative
4201,4201,2024-07-30,Kumasi Farmers Cooperative
4202,4202,2015-05-28,Uyo Farmers Cooperative
4203,4203,2018-06-01,Nakuru Farmers Cooperative
4204,4204,2025-10-21,Kumasi Farmers Cooperative
4205,4205,2015-09-13,Benue Farmers Cooperative
4206,4206,2021-07-25,
4207,4207,2018-04-15,Kumasi Farmers Cooperative
4208,4208,2021-03-24,Nakuru Farmers Cooperative
4209,4209,2024-02-05,Uyo Farmers Cooperative
4210,4210,2021-10-17,Enugu Farmers Cooperative
4211,4211,2015-07-16,
4212,4212,2025-06-13,Nakuru Farmers Cooperative
4213,4213,2026-03-20,Kaduna Farmers Cooperative
4214,4214,2015-07-17,Nakuru Farmers Cooperative
4215,4215,2019-03-22,Kumasi Farmers Cooperative
4216,4216,2017-03-05,Benue Farmers Cooperative
4217,4217,2020-04-03,
4218,4218,2016-06-24,
4219,4219,2019-03-30,
4220,4220,2021-07-23,Enugu Farmers Cooperative
4221,4221,2021-10-11,Nakuru Farmers Cooperative
4222,4222,2019-03-10,
4223,4223,2019-09-19,Kumasi Farmers Cooperative
4224,4224,2025-06-26,Ibadan Farmers Cooperative
4225,4225,2015-12-22,Ibadan Farmers Cooperative
4226,4226,2017-07-30,Benue Farmers Cooperative
4227,4227,2023-08-26,Nakuru Farmers Cooperative
4228,4228,2016-02-14,
4229,4229,2016-01-07,
4230,4230,2016-01-03,
4231,4231,2026-05-25,Kaduna Farmers Cooperative
4232,4232,2018-07-03,Enugu Farmers Cooperative
4233,4233,2024-11-19,
4234,4234,2015-10-16,Benue Farmers Cooperative
4235,4235,2023-03-07,Enugu Farmers Cooperative
4236,4236,2019-11-07,Kaduna Farmers Cooperative
4237,4237,2017-05-05,Ibadan Farmers Cooperative
4238,4238,2026-04-09,
4239,4239,2019-04-29,
4240,4240,2025-12-10,Uyo Farmers Cooperative
4241,4241,2018-09-05,Enugu Farmers Cooperative
4242,4242,2025-12-06,
4243,4243,2016-10-21,Nakuru Farmers Cooperative
4244,4244,2016-05-04,
4245,4245,2015-05-17,Ibadan Farmers Cooperative
4246,4246,2016-09-04,Ibadan Farmers Cooperative
4247,4247,2023-03-01,Nakuru Farmers Cooperative
4248,4248,2017-01-03,
4249,4249,2021-07-23,
4250,4250,2016-08-30,Ibadan Farmers Cooperative
4251,4251,2024-06-10,Benue Farmers Cooperative
4252,4252,2019-03-04,Enugu Farmers Cooperative
4253,4253,2021-08-15,Ibadan Farmers Cooperative
4254,4254,2024-10-03,Kaduna Farmers Cooperative
4255,4255,2016-10-22,Enugu Farmers Cooperative
4256,4256,2024-07-02,Kumasi Farmers Cooperative
4257,4257,2017-10-31,Ibadan Farmers Cooperative
4258,4258,2023-04-09,
4259,4259,2015-09-01,Ibadan Farmers Cooperative
4260,4260,2017-05-18,
4261,4261,2016-01-20,Uyo Farmers Cooperative
4262,4262,2021-09-01,Kumasi Farmers Cooperative
4263,4263,2020-04-08,
4264,4264,2020-04-22,Kaduna Farmers Cooperative
4265,4265,2021-11-18,
4266,4266,2017-01-21,Kumasi Farmers Cooperative
4267,4267,2024-05-01,Ibadan Farmers Cooperative
4268,4268,2019-11-12,
4269,4269,2016-09-07,Uyo Farmers Cooperative
4270,4270,2024-02-23,Kaduna Farmers Cooperative
4271,4271,2017-05-09,
4272,4272,2025-12-10,Benue Farmers Cooperative
4273,4273,2015-02-20,Nakuru Farmers Cooperative
4274,4274,2016-11-06,Enugu Farmers Cooperative
4275,4275,2016-02-06,Benue Farmers Cooperative
4276,4276,2021-02-09,Ibadan Farmers Cooperative
4277,4277,2015-05-28,Enugu Farmers Cooperative
4278,4278,2020-07-26,
4279,4279,2017-05-31,
4280,4280,2024-06-24,Uyo Farmers Cooperative
4281,4281,2024-02-15,Kumasi Farmers Cooperative
4282,4282,2015-04-30,Enugu Farmers Cooperative
4283,4283,2021-04-01,
4284,4284,2016-04-24,Uyo Farmers Cooperative
4285,4285,2015-06-06,
4286,4286,2025-12-22,Benue Farmers Cooperative
4287,4287,2023-04-22,Benue Farmers Cooperative
4288,4288,2017-01-18,
4289,4289,2019-10-06,Ibadan Farmers Cooperative
4290,4290,2025-12-27,
4291,4291,2019-06-10,
4292,4292,2016-06-15,Kaduna Farmers Cooperative
4293,4293,2022-05-15,
4294,4294,2017-10-16,Nakuru Farmers Cooperative
4295,4295,2017-03-23,Ibadan Farmers Cooperative
4296,4296,2021-07-17,
4297,4297,2015-10-12,Kaduna Farmers Cooperative
4298,4298,2025-12-13,Ibadan Farmers Cooperative
4299,4299,2015-08-19,Benue Farmers Cooperative
4300,4300,2015-05-30,
4301,4301,2019-07-17,Benue Farmers Cooperative
4302,4302,2022-09-17,
4303,4303,2024-06-18,
4304,4304,2023-10-05,
4305,4305,2017-06-22,Ibadan Farmers Cooperative
4306,4306,2022-05-27,Enugu Farmers Cooperative
4307,4307,2022-01-27,Kumasi Farmers Cooperative
4308,4308,2023-04-02,Benue Farmers Cooperative
4309,4309,2020-06-28,
4310,4310,2015-07-27,
4311,4311,2023-10-20,Kumasi Farmers Cooperative
4312,4312,2016-01-27,Ibadan Farmers Cooperative
4313,4313,2026-04-05,Enugu Farmers Cooperative
4314,4314,2024-06-29,Kumasi Farmers Cooperative
4315,4315,2025-09-08,Enugu Farmers Cooperative
4316,4316,2017-07-24,
4317,4317,2015-08-27,Nakuru Farmers Cooperative
4318,4318,2019-10-14,Uyo Farmers Cooperative
4319,4319,2026-01-27,Benue Farmers Cooperative
4320,4320,2019-01-30,Nakuru Farmers Cooperative
4321,4321,2024-11-04,Uyo Farmers Cooperative
4322,4322,2025-09-25,Enugu Farmers Cooperative
4323,4323,2025-04-06,
4324,4324,2020-08-18,
4325,4325,2023-09-19,Ibadan Farmers Cooperative
4326,4326,2026-05-12,
4327,4327,2020-08-23,Ibadan Farmers Cooperative
4328,4328,2025-02-14,Kaduna Farmers Cooperative
4329,4329,2021-12-03,Kumasi Farmers Cooperative
4330,4330,2018-04-23,
4331,4331,2026-01-24,Ibadan Farmers Cooperative
4332,4332,2015-02-12,Kaduna Farmers Cooperative
4333,4333,2024-08-22,Nakuru Farmers Cooperative
4334,4334,2017-02-15,
4335,4335,2020-02-14,Ibadan Farmers Cooperative
4336,4336,2020-09-04,Kumasi Farmers Cooperative
4337,4337,2022-08-03,
4338,4338,2017-01-25,Nakuru Farmers Cooperative
4339,4339,2021-07-04,Benue Farmers Cooperative
4340,4340,2021-12-16,Kaduna Farmers Cooperative
4341,4341,2022-03-30,
4342,4342,2016-08-17,
4343,4343,2025-11-23,Ibadan Farmers Cooperative
4344,4344,2015-10-25,
4345,4345,2024-10-17,
4346,4346,2015-01-29,
4347,4347,2024-07-16,Ibadan Farmers Cooperative
4348,4348,2017-02-01,Ibadan Farmers Cooperative
4349,4349,2018-06-20,
4350,4350,2018-11-28,
4351,4351,2015-04-11,
4352,4352,2025-02-27,Kumasi Farmers Cooperative
4353,4353,2020-08-04,Ibadan Farmers Cooperative
4354,4354,2021-11-17,
4355,4355,2017-12-08,
4356,4356,2023-11-15,Ibadan Farmers Cooperative
4357,4357,2022-08-07,Nakuru Farmers Cooperative
4358,4358,2019-01-06,
4359,4359,2023-06-18,Benue Farmers Cooperative
4360,4360,2026-02-06,Uyo Farmers Cooperative
4361,4361,2018-08-11,Enugu Farmers Cooperative
4362,4362,2023-12-27,Kaduna Farmers Cooperative
4363,4363,2019-11-14,Benue Farmers Cooperative
4364,4364,2018-12-09,
4365,4365,2015-06-11,
4366,4366,2023-02-07,Kaduna Farmers Cooperative
4367,4367,2023-09-07,Kaduna Farmers Cooperative
4368,4368,2024-09-16,Benue Farmers Cooperative
4369,4369,2017-11-17,Benue Farmers Cooperative
4370,4370,2015-10-23,
4371,4371,2015-06-17,
4372,4372,2019-04-13,
4373,4373,2016-07-19,Nakuru Farmers Cooperative
4374,4374,2021-07-23,Uyo Farmers Cooperative
4375,4375,2021-09-27,Nakuru Farmers Cooperative
4376,4376,2022-08-31,
4377,4377,2018-06-17,
4378,4378,2023-02-28,Ibadan Farmers Cooperative
4379,4379,2016-11-17,Kumasi Farmers Cooperative
4380,4380,2016-08-16,
4381,4381,2025-06-08,Enugu Farmers Cooperative
4382,4382,2024-01-14,Enugu Farmers Cooperative
4383,4383,2025-09-14,Ibadan Farmers Cooperative
4384,4384,2020-04-01,Ibadan Farmers Cooperative
4385,4385,2022-05-16,
4386,4386,2021-04-11,Benue Farmers Cooperative
4387,4387,2020-04-27,
4388,4388,2021-08-06,Uyo Farmers Cooperative
4389,4389,2020-12-03,Uyo Farmers Cooperative
4390,4390,2016-07-02,
4391,4391,2023-02-03,
4392,4392,2016-06-24,Enugu Farmers Cooperative
4393,4393,2016-11-23,Kumasi Farmers Cooperative
4394,4394,2019-01-18,Benue Farmers Cooperative
4395,4395,2022-09-18,Ibadan Farmers Cooperative
4396,4396,2024-12-19,
4397,4397,2022-08-20,
4398,4398,2019-04-25,
4399,4399,2020-08-22,
4400,4400,2018-09-22,
4401,4401,2026-03-30,
4402,4402,2019-09-01,
4403,4403,2022-01-14,Benue Farmers Cooperative
4404,4404,2019-02-06,Kaduna Farmers Cooperative
4405,4405,2017-07-10,Benue Farmers Cooperative
4406,4406,2025-01-31,
4407,4407,2020-09-24,Kumasi Farmers Cooperative
4408,4408,2026-05-04,Nakuru Farmers Cooperative
4409,4409,2020-01-03,Kaduna Farmers Cooperative
4410,4410,2024-12-25,Kumasi Farmers Cooperative
4411,4411,2015-11-04,Nakuru Farmers Cooperative
4412,4412,2019-09-17,Benue Farmers Cooperative
4413,4413,2021-01-30,Nakuru Farmers Cooperative
4414,4414,2020-05-07,Uyo Farmers Cooperative
4415,4415,2015-08-08,Nakuru Farmers Cooperative
4416,4416,2017-10-18,
4417,4417,2021-07-12,Nakuru Farmers Cooperative
4418,4418,2017-03-24,
4419,4419,2021-06-11,Kaduna Farmers Cooperative
4420,4420,2019-03-18,Benue Farmers Cooperative
4421,4421,2024-01-18,
4422,4422,2022-01-21,
4423,4423,2024-11-06,Kaduna Farmers Cooperative
4424,4424,2019-03-31,Nakuru Farmers Cooperative
4425,4425,2017-11-02,
4426,4426,2020-04-17,
4427,4427,2017-01-02,Uyo Farmers Cooperative
4428,4428,2026-06-26,Nakuru Farmers Cooperative
4429,4429,2022-04-14,
4430,4430,2025-07-02,Kaduna Farmers Cooperative
4431,4431,2016-07-22,Ibadan Farmers Cooperative
4432,4432,2017-11-30,
4433,4433,2020-04-26,
4434,4434,2022-08-12,
4435,4435,2021-09-02,Kumasi Farmers Cooperative
4436,4436,2018-03-01,Ibadan Farmers Cooperative
4437,4437,2022-01-01,Kumasi Farmers Cooperative
4438,4438,2016-05-28,Kumasi Farmers Cooperative
4439,4439,2022-07-08,Uyo Farmers Cooperative
4440,4440,2024-03-26,Ibadan Farmers Cooperative
4441,4441,2019-01-16,Benue Farmers Cooperative
4442,4442,2020-07-09,Benue Farmers Cooperative
4443,4443,2017-02-01,Kaduna Farmers Cooperative
4444,4444,2017-08-21,
4445,4445,2023-10-24,Ibadan Farmers Cooperative
4446,4446,2024-12-06,
4447,4447,2016-11-22,Nakuru Farmers Cooperative
4448,4448,2026-01-24,Ibadan Farmers Cooperative
4449,4449,2017-05-26,Enugu Farmers Cooperative
4450,4450,2017-06-04,Enugu Farmers Cooperative
4451,4451,2018-11-05,Ibadan Farmers Cooperative
4452,4452,2023-02-06,Benue Farmers Cooperative
4453,4453,2025-10-13,Kaduna Farmers Cooperative
4454,4454,2015-10-24,
4455,4455,2018-05-15,Enugu Farmers Cooperative
4456,4456,2025-08-30,
4457,4457,2021-05-04,Nakuru Farmers Cooperative
4458,4458,2025-03-18,
4459,4459,2015-06-01,
4460,4460,2015-02-25,Kumasi Farmers Cooperative
4461,4461,2023-08-15,Ibadan Farmers Cooperative
4462,4462,2026-01-13,Nakuru Farmers Cooperative
4463,4463,2025-08-13,Benue Farmers Cooperative
4464,4464,2016-09-07,Uyo Farmers Cooperative
4465,4465,2020-08-23,Kumasi Farmers Cooperative
4466,4466,2020-05-13,
4467,4467,2017-07-09,Uyo Farmers Cooperative
4468,4468,2020-02-20,Kaduna Farmers Cooperative
4469,4469,2016-07-05,
4470,4470,2017-04-18,Kaduna Farmers Cooperative
4471,4471,2025-01-12,Benue Farmers Cooperative
4472,4472,2019-08-07,
4473,4473,2018-10-05,Kaduna Farmers Cooperative
4474,4474,2016-04-14,Nakuru Farmers Cooperative
4475,4475,2026-05-02,Enugu Farmers Cooperative
4476,4476,2020-10-05,Nakuru Farmers Cooperative
4477,4477,2024-01-05,Kumasi Farmers Cooperative
4478,4478,2015-07-15,Nakuru Farmers Cooperative
4479,4479,2020-03-19,
4480,4480,2021-09-26,Kumasi Farmers Cooperative
4481,4481,2018-08-04,Kaduna Farmers Cooperative
4482,4482,2015-02-04,Nakuru Farmers Cooperative
4483,4483,2019-03-09,
4484,4484,2015-12-24,Ibadan Farmers Cooperative
4485,4485,2021-04-01,Nakuru Farmers Cooperative
4486,4486,2022-08-04,Kaduna Farmers Cooperative
4487,4487,2023-02-09,Enugu Farmers Cooperative
4488,4488,2025-05-08,Benue Farmers Cooperative
4489,4489,2016-12-31,Ibadan Farmers Cooperative
4490,4490,2020-09-02,Kaduna Farmers Cooperative
4491,4491,2021-08-05,Kumasi Farmers Cooperative
4492,4492,2017-12-14,Kaduna Farmers Cooperative
4493,4493,2016-11-18,Uyo Farmers Cooperative
4494,4494,2019-03-30,Kaduna Farmers Cooperative
4495,4495,2015-04-17,Ibadan Farmers Cooperative
4496,4496,2024-05-06,
4497,4497,2024-09-04,
4498,4498,2016-08-10,Kaduna Farmers Cooperative
4499,4499,2018-01-04,Kaduna Farmers Cooperative
4500,4500,2018-06-10,
4501,4501,2024-01-11,Ibadan Farmers Cooperative
4502,4502,2022-08-19,
4503,4503,2015-04-21,
4504,4504,2019-10-29,Kumasi Farmers Cooperative
4505,4505,2018-06-05,Uyo Farmers Cooperative
4506,4506,2024-11-19,Kumasi Farmers Cooperative
4507,4507,2018-03-03,Ibadan Farmers Cooperative
4508,4508,2023-09-23,Ibadan Farmers Cooperative
4509,4509,2017-08-31,
4510,4510,2019-06-10,Kumasi Farmers Cooperative
4511,4511,2020-08-24,Benue Farmers Cooperative
4512,4512,2025-08-01,
4513,4513,2021-08-01,Uyo Farmers Cooperative
4514,4514,2020-11-06,Nakuru Farmers Cooperative
4515,4515,2022-05-25,
4516,4516,2016-11-25,Uyo Farmers Cooperative
4517,4517,2020-06-01,Ibadan Farmers Cooperative
4518,4518,2024-04-24,Benue Farmers Cooperative
4519,4519,2018-09-03,Enugu Farmers Cooperative
4520,4520,2019-01-21,
4521,4521,2015-10-24,
4522,4522,2026-03-17,Benue Farmers Cooperative
4523,4523,2015-03-07,Benue Farmers Cooperative
4524,4524,2019-07-27,Nakuru Farmers Cooperative
4525,4525,2020-01-24,
4526,4526,2017-01-08,Kumasi Farmers Cooperative
4527,4527,2021-01-10,Ibadan Farmers Cooperative
4528,4528,2021-02-07,
4529,4529,2023-06-02,Kaduna Farmers Cooperative
4530,4530,2026-04-16,Uyo Farmers Cooperative
4531,4531,2015-05-31,
4532,4532,2016-08-17,
4533,4533,2025-05-19,Nakuru Farmers Cooperative
4534,4534,2020-01-20,Ibadan Farmers Cooperative
4535,4535,2025-05-25,Uyo Farmers Cooperative
4536,4536,2025-05-24,Benue Farmers Cooperative
4537,4537,2015-10-06,Ibadan Farmers Cooperative
4538,4538,2020-11-28,Uyo Farmers Cooperative
4539,4539,2023-02-20,Benue Farmers Cooperative
4540,4540,2017-12-07,
4541,4541,2023-07-30,Kumasi Farmers Cooperative
4542,4542,2015-04-14,Enugu Farmers Cooperative
4543,4543,2017-11-09,Uyo Farmers Cooperative
4544,4544,2020-06-26,
4545,4545,2021-12-18,Enugu Farmers Cooperative
4546,4546,2021-01-09,Kumasi Farmers Cooperative
4547,4547,2020-08-05,Nakuru Farmers Cooperative
4548,4548,2015-04-30,Uyo Farmers Cooperative
4549,4549,2019-11-30,Kaduna Farmers Cooperative
4550,4550,2021-08-15,Nakuru Farmers Cooperative
4551,4551,2026-05-07,
4552,4552,2023-02-12,
4553,4553,2022-11-13,Benue Farmers Cooperative
4554,4554,2021-02-02,Kumasi Farmers Cooperative
4555,4555,2018-04-12,Kumasi Farmers Cooperative
4556,4556,2020-05-22,
4557,4557,2024-02-03,Benue Farmers Cooperative
4558,4558,2026-01-03,Enugu Farmers Cooperative
4559,4559,2020-08-24,Uyo Farmers Cooperative
4560,4560,2020-05-07,Ibadan Farmers Cooperative
4561,4561,2020-09-27,Benue Farmers Cooperative
4562,4562,2024-05-31,Kumasi Farmers Cooperative
4563,4563,2025-11-26,Benue Farmers Cooperative
4564,4564,2015-11-20,Uyo Farmers Cooperative
4565,4565,2019-09-13,Nakuru Farmers Cooperative
4566,4566,2020-01-31,
4567,4567,2020-12-20,
4568,4568,2016-11-16,
4569,4569,2024-05-08,Uyo Farmers Cooperative
4570,4570,2019-08-30,
4571,4571,2025-05-24,
4572,4572,2017-12-14,
4573,4573,2020-07-01,Kumasi Farmers Cooperative
4574,4574,2021-03-27,Kaduna Farmers Cooperative
4575,4575,2023-01-12,Uyo Farmers Cooperative
4576,4576,2019-09-01,
4577,4577,2024-07-04,Ibadan Farmers Cooperative
4578,4578,2021-11-25,Kumasi Farmers Cooperative
4579,4579,2024-03-19,
4580,4580,2019-01-04,Ibadan Farmers Cooperative
4581,4581,2018-03-08,
4582,4582,2023-09-22,
4583,4583,2022-01-10,
4584,4584,2024-03-29,Nakuru Farmers Cooperative
4585,4585,2023-08-10,
4586,4586,2015-10-23,Ibadan Farmers Cooperative
4587,4587,2023-08-06,
4588,4588,2026-03-20,
4589,4589,2016-10-14,Kumasi Farmers Cooperative
4590,4590,2015-01-24,Enugu Farmers Cooperative
4591,4591,2022-12-23,
4592,4592,2021-04-23,
4593,4593,2019-11-29,
4594,4594,2018-01-14,Kaduna Farmers Cooperative
4595,4595,2018-07-14,Kaduna Farmers Cooperative
4596,4596,2017-01-02,Kumasi Farmers Cooperative
4597,4597,2023-03-26,Uyo Farmers Cooperative
4598,4598,2023-03-01,Kumasi Farmers Cooperative
4599,4599,2025-12-12,Benue Farmers Cooperative
4600,4600,2018-09-09,
4601,4601,2020-09-18,
4602,4602,2016-12-28,
4603,4603,2017-02-18,Ibadan Farmers Cooperative
4604,4604,2016-03-23,Nakuru Farmers Cooperative
4605,4605,2018-02-28,
4606,4606,2024-01-27,Uyo Farmers Cooperative
4607,4607,2019-06-10,Kumasi Farmers Cooperative
4608,4608,2021-12-22,Kumasi Farmers Cooperative
4609,4609,2025-10-19,Ibadan Farmers Cooperative
4610,4610,2019-05-16,
4611,4611,2022-07-20,
4612,4612,2024-08-17,Uyo Farmers Cooperative
4613,4613,2019-10-07,
4614,4614,2017-12-21,
4615,4615,2025-02-13,Kumasi Farmers Cooperative
4616,4616,2024-09-11,Benue Farmers Cooperative
4617,4617,2015-04-04,Ibadan Farmers Cooperative
4618,4618,2023-12-15,
4619,4619,2025-10-06,Uyo Farmers Cooperative
4620,4620,2015-02-26,
4621,4621,2022-01-02,Kaduna Farmers Cooperative
4622,4622,2016-05-28,Uyo Farmers Cooperative
4623,4623,2025-09-07,
4624,4624,2025-01-08,
4625,4625,2023-01-01,Ibadan Farmers Cooperative
4626,4626,2019-04-29,Kaduna Farmers Cooperative
4627,4627,2018-03-09,
4628,4628,2022-06-25,Kaduna Farmers Cooperative
4629,4629,2018-05-29,Ibadan Farmers Cooperative
4630,4630,2024-02-06,Kumasi Farmers Cooperative
4631,4631,2024-01-29,
4632,4632,2023-11-21,
4633,4633,2025-06-14,Benue Farmers Cooperative
4634,4634,2023-09-01,Benue Farmers Cooperative
4635,4635,2022-12-21,
4636,4636,2023-01-08,
4637,4637,2016-06-07,
4638,4638,2018-06-14,
4639,4639,2026-03-09,
4640,4640,2018-04-04,
4641,4641,2019-03-25,Enugu Farmers Cooperative
4642,4642,2018-02-09,Kumasi Farmers Cooperative
4643,4643,2016-01-22,Enugu Farmers Cooperative
4644,4644,2025-07-04,Enugu Farmers Cooperative
4645,4645,2019-11-07,Enugu Farmers Cooperative
4646,4646,2020-09-20,Kumasi Farmers Cooperative
4647,4647,2017-09-01,
4648,4648,2024-05-08,Nakuru Farmers Cooperative
4649,4649,2020-03-03,Kaduna Farmers Cooperative
4650,4650,2023-12-28,Enugu Farmers Cooperative
4651,4651,2020-05-15,
4652,4652,2016-05-18,Benue Farmers Cooperative
4653,4653,2025-01-01,Nakuru Farmers Cooperative
4654,4654,2025-01-01,
4655,4655,2017-06-08,Benue Farmers Cooperative
4656,4656,2025-12-19,Kaduna Farmers Cooperative
4657,4657,2017-11-01,Enugu Farmers Cooperative
4658,4658,2016-01-01,Kumasi Farmers Cooperative
4659,4659,2023-11-10,
4660,4660,2022-10-30,
4661,4661,2022-08-22,
4662,4662,2023-08-20,Uyo Farmers Cooperative
4663,4663,2025-05-08,Kaduna Farmers Cooperative
4664,4664,2016-06-10,Kaduna Farmers Cooperative
4665,4665,2021-12-23,Nakuru Farmers Cooperative
4666,4666,2015-11-24,
4667,4667,2015-03-27,Benue Farmers Cooperative
4668,4668,2023-08-25,
4669,4669,2024-12-13,
4670,4670,2020-05-09,Kaduna Farmers Cooperative
4671,4671,2015-02-16,Nakuru Farmers Cooperative
4672,4672,2019-09-17,Benue Farmers Cooperative
4673,4673,2019-12-14,Nakuru Farmers Cooperative
4674,4674,2023-08-02,Kumasi Farmers Cooperative
4675,4675,2017-01-12,Kaduna Farmers Cooperative
4676,4676,2018-04-21,
4677,4677,2016-02-17,
4678,4678,2024-01-18,
4679,4679,2025-03-26,Uyo Farmers Cooperative
4680,4680,2016-02-18,Kaduna Farmers Cooperative
4681,4681,2020-10-23,Benue Farmers Cooperative
4682,4682,2021-04-20,Enugu Farmers Cooperative
4683,4683,2016-02-17,Ibadan Farmers Cooperative
4684,4684,2023-08-12,
4685,4685,2023-10-07,Benue Farmers Cooperative
4686,4686,2021-04-29,
4687,4687,2024-07-17,
4688,4688,2019-08-29,
4689,4689,2018-05-11,
4690,4690,2019-04-01,Kumasi Farmers Cooperative
4691,4691,2016-05-29,Enugu Farmers Cooperative
4692,4692,2016-05-23,Enugu Farmers Cooperative
4693,4693,2020-08-13,
4694,4694,2016-07-13,Kumasi Farmers Cooperative
4695,4695,2018-02-24,
4696,4696,2024-10-21,Kumasi Farmers Cooperative
4697,4697,2022-04-18,Kaduna Farmers Cooperative
4698,4698,2017-05-02,
4699,4699,2021-02-23,Uyo Farmers Cooperative
4700,4700,2015-11-07,
4701,4701,2015-11-26,Benue Farmers Cooperative
4702,4702,2017-05-18,Kaduna Farmers Cooperative
4703,4703,2025-05-03,Enugu Farmers Cooperative
4704,4704,2015-01-06,
4705,4705,2017-09-10,
4706,4706,2018-12-15,Kaduna Farmers Cooperative
4707,4707,2026-02-06,Ibadan Farmers Cooperative
4708,4708,2016-07-21,Kaduna Farmers Cooperative
4709,4709,2020-03-15,Nakuru Farmers Cooperative
4710,4710,2023-08-02,
4711,4711,2017-04-11,
4712,4712,2020-07-23,Uyo Farmers Cooperative
4713,4713,2015-09-11,
4714,4714,2020-11-30,Benue Farmers Cooperative
4715,4715,2024-09-12,
4716,4716,2021-01-06,Kumasi Farmers Cooperative
4717,4717,2016-07-14,Kaduna Farmers Cooperative
4718,4718,2022-01-23,
4719,4719,2015-10-07,Kaduna Farmers Cooperative
4720,4720,2019-06-14,Ibadan Farmers Cooperative
4721,4721,2024-01-18,Enugu Farmers Cooperative
4722,4722,2024-11-19,Uyo Farmers Cooperative
4723,4723,2015-11-18,
4724,4724,2022-07-11,Uyo Farmers Cooperative
4725,4725,2026-06-15,Kumasi Farmers Cooperative
4726,4726,2016-09-30,Kaduna Farmers Cooperative
4727,4727,2016-09-02,
4728,4728,2015-10-15,Benue Farmers Cooperative
4729,4729,2016-12-16,Kumasi Farmers Cooperative
4730,4730,2021-04-07,Kaduna Farmers Cooperative
4731,4731,2016-11-17,Ibadan Farmers Cooperative
4732,4732,2017-10-25,
4733,4733,2019-04-04,Ibadan Farmers Cooperative
4734,4734,2022-09-27,Kaduna Farmers Cooperative
4735,4735,2023-11-16,Ibadan Farmers Cooperative
4736,4736,2022-07-09,Enugu Farmers Cooperative
4737,4737,2019-11-08,Kaduna Farmers Cooperative
4738,4738,2019-10-01,Kaduna Farmers Cooperative
4739,4739,2022-12-25,Enugu Farmers Cooperative
4740,4740,2022-06-18,Ibadan Farmers Cooperative
4741,4741,2024-08-29,
4742,4742,2024-06-22,
4743,4743,2018-10-17,Nakuru Farmers Cooperative
4744,4744,2016-10-07,Uyo Farmers Cooperative
4745,4745,2019-06-20,Uyo Farmers Cooperative
4746,4746,2018-09-01,Enugu Farmers Cooperative
4747,4747,2024-03-09,
4748,4748,2026-03-09,Kumasi Farmers Cooperative
4749,4749,2020-12-10,Uyo Farmers Cooperative
4750,4750,2025-09-21,
4751,4751,2019-01-17,
4752,4752,2021-06-21,Ibadan Farmers Cooperative
4753,4753,2019-10-07,
4754,4754,2019-09-20,
4755,4755,2022-12-01,Ibadan Farmers Cooperative
4756,4756,2016-12-12,Uyo Farmers Cooperative
4757,4757,2018-10-23,Benue Farmers Cooperative
4758,4758,2015-04-23,Kumasi Farmers Cooperative
4759,4759,2015-07-11,
4760,4760,2020-04-27,
4761,4761,2017-04-29,Enugu Farmers Cooperative
4762,4762,2022-11-29,Kumasi Farmers Cooperative
4763,4763,2025-02-18,
4764,4764,2022-12-31,Nakuru Farmers Cooperative
4765,4765,2020-04-06,Nakuru Farmers Cooperative
4766,4766,2016-06-04,
4767,4767,2024-06-28,
4768,4768,2016-10-09,
4769,4769,2016-03-02,Ibadan Farmers Cooperative
4770,4770,2018-01-24,Kumasi Farmers Cooperative
4771,4771,2024-12-09,Kumasi Farmers Cooperative
4772,4772,2025-07-03,Kaduna Farmers Cooperative
4773,4773,2016-12-25,
4774,4774,2017-05-25,
4775,4775,2024-12-27,Nakuru Farmers Cooperative
4776,4776,2022-01-30,Enugu Farmers Cooperative
4777,4777,2015-02-06,Enugu Farmers Cooperative
4778,4778,2025-11-04,
4779,4779,2024-12-25,
4780,4780,2022-01-10,
4781,4781,2017-12-20,Kaduna Farmers Cooperative
4782,4782,2021-11-08,Nakuru Farmers Cooperative
4783,4783,2016-04-08,Benue Farmers Cooperative
4784,4784,2023-03-13,
4785,4785,2018-01-06,
4786,4786,2016-09-19,Kaduna Farmers Cooperative
4787,4787,2016-08-29,Kumasi Farmers Cooperative
4788,4788,2025-04-14,Kumasi Farmers Cooperative
4789,4789,2021-10-27,Kaduna Farmers Cooperative
4790,4790,2015-07-29,Enugu Farmers Cooperative
4791,4791,2019-06-24,Kaduna Farmers Cooperative
4792,4792,2023-09-19,Kumasi Farmers Cooperative
4793,4793,2016-11-12,
4794,4794,2018-04-27,
4795,4795,2024-02-03,
4796,4796,2023-10-30,
4797,4797,2022-03-31,Kaduna Farmers Cooperative
4798,4798,2020-07-14,Nakuru Farmers Cooperative
4799,4799,2020-08-02,Kumasi Farmers Cooperative
4800,4800,2021-04-17,
4801,4801,2019-05-22,
4802,4802,2022-03-28,Uyo Farmers Cooperative
4803,4803,2022-02-18,
4804,4804,2021-08-18,Kaduna Farmers Cooperative
4805,4805,2024-04-05,Benue Farmers Cooperative
4806,4806,2024-11-23,
4807,4807,2016-08-03,
4808,4808,2024-06-11,Nakuru Farmers Cooperative
4809,4809,2021-05-03,Enugu Farmers Cooperative
4810,4810,2022-12-30,Ibadan Farmers Cooperative
4811,4811,2021-12-08,Kaduna Farmers Cooperative
4812,4812,2025-11-01,Nakuru Farmers Cooperative
4813,4813,2019-03-15,
4814,4814,2020-11-05,Kumasi Farmers Cooperative
4815,4815,2018-10-16,
4816,4816,2022-08-13,
4817,4817,2016-06-11,Uyo Farmers Cooperative
4818,4818,2025-08-10,Nakuru Farmers Cooperative
4819,4819,2019-09-12,Nakuru Farmers Cooperative
4820,4820,2022-04-20,Benue Farmers Cooperative
4821,4821,2023-05-22,Nakuru Farmers Cooperative
4822,4822,2017-03-23,Ibadan Farmers Cooperative
4823,4823,2026-01-22,Nakuru Farmers Cooperative
4824,4824,2023-11-02,Uyo Farmers Cooperative
4825,4825,2021-11-10,Benue Farmers Cooperative
4826,4826,2023-12-04,Uyo Farmers Cooperative
4827,4827,2019-10-04,Kumasi Farmers Cooperative
4828,4828,2024-05-15,Uyo Farmers Cooperative
4829,4829,2021-08-04,Enugu Farmers Cooperative
4830,4830,2018-10-29,
4831,4831,2025-11-29,Kumasi Farmers Cooperative
4832,4832,2023-11-08,Uyo Farmers Cooperative
4833,4833,2026-03-02,Ibadan Farmers Cooperative
4834,4834,2022-01-11,Enugu Farmers Cooperative
4835,4835,2018-01-14,Uyo Farmers Cooperative
4836,4836,2019-07-04,Kumasi Farmers Cooperative
4837,4837,2017-11-15,Nakuru Farmers Cooperative
4838,4838,2021-04-17,
4839,4839,2015-03-17,
4840,4840,2018-02-12,
4841,4841,2025-03-16,
4842,4842,2019-04-03,Kumasi Farmers Cooperative
4843,4843,2021-03-05,
4844,4844,2018-04-11,Ibadan Farmers Cooperative
4845,4845,2016-01-03,Nakuru Farmers Cooperative
4846,4846,2022-04-29,
4847,4847,2022-01-20,Enugu Farmers Cooperative
4848,4848,2018-09-18,
4849,4849,2016-09-24,Ibadan Farmers Cooperative
4850,4850,2025-09-03,Uyo Farmers Cooperative
4851,4851,2020-01-07,Nakuru Farmers Cooperative
4852,4852,2023-05-09,
4853,4853,2025-08-28,
4854,4854,2019-02-20,Kumasi Farmers Cooperative
4855,4855,2018-01-31,Enugu Farmers Cooperative
4856,4856,2018-04-06,Nakuru Farmers Cooperative
4857,4857,2018-12-23,
4858,4858,2020-12-28,Benue Farmers Cooperative
4859,4859,2022-12-27,
4860,4860,2015-02-26,Ibadan Farmers Cooperative
4861,4861,2017-11-21,
4862,4862,2026-02-23,
4863,4863,2022-07-30,Nakuru Farmers Cooperative
4864,4864,2025-11-04,
4865,4865,2019-01-20,Enugu Farmers Cooperative
4866,4866,2019-09-13,Kumasi Farmers Cooperative
4867,4867,2018-09-06,
4868,4868,2023-12-06,
4869,4869,2020-07-01,
4870,4870,2022-08-17,
4871,4871,2016-06-10,Kumasi Farmers Cooperative
4872,4872,2025-09-20,
4873,4873,2017-07-16,Enugu Farmers Cooperative
4874,4874,2015-02-08,Kumasi Farmers Cooperative
4875,4875,2018-07-12,
4876,4876,2016-02-22,
4877,4877,2018-05-12,
4878,4878,2023-05-25,Nakuru Farmers Cooperative
4879,4879,2024-04-16,Enugu Farmers Cooperative
4880,4880,2018-03-11,
4881,4881,2019-07-21,
4882,4882,2016-11-21,Uyo Farmers Cooperative
4883,4883,2020-05-09,
4884,4884,2016-02-12,Uyo Farmers Cooperative
4885,4885,2016-08-03,Uyo Farmers Cooperative
4886,4886,2020-11-05,
4887,4887,2025-10-21,Nakuru Farmers Cooperative
4888,4888,2025-01-19,Nakuru Farmers Cooperative
4889,4889,2024-10-05,Benue Farmers Cooperative
4890,4890,2025-10-11,
4891,4891,2018-10-28,Benue Farmers Cooperative
4892,4892,2019-11-08,Benue Farmers Cooperative
4893,4893,2022-04-22,
4894,4894,2026-03-11,Benue Farmers Cooperative
4895,4895,2024-01-24,
4896,4896,2021-07-07,Kaduna Farmers Cooperative
4897,4897,2019-11-07,Ibadan Farmers Cooperative
4898,4898,2022-02-27,
4899,4899,2022-03-26,Kaduna Farmers Cooperative
4900,4900,2024-11-25,
4901,4901,2023-01-10,Benue Farmers Cooperative
4902,4902,2024-05-28,
4903,4903,2019-02-11,Ibadan Farmers Cooperative
4904,4904,2022-08-02,
4905,4905,2022-01-22,Kaduna Farmers Cooperative
4906,4906,2024-08-12,Enugu Farmers Cooperative
4907,4907,2018-10-01,
4908,4908,2021-11-22,
4909,4909,2019-08-30,
4910,4910,2015-03-07,
4911,4911,2020-10-11,
4912,4912,2018-07-23,
4913,4913,2016-09-09,Nakuru Farmers Cooperative
4914,4914,2015-05-23,Nakuru Farmers Cooperative
4915,4915,2026-01-21,
4916,4916,2026-01-29,Ibadan Farmers Cooperative
4917,4917,2022-04-20,
4918,4918,2017-03-31,Kaduna Farmers Cooperative
4919,4919,2018-06-01,
4920,4920,2017-10-17,
4921,4921,2019-03-07,
4922,4922,2017-02-05,
4923,4923,2024-12-31,Kumasi Farmers Cooperative
4924,4924,2023-10-31,Kaduna Farmers Cooperative
4925,4925,2016-06-06,Ibadan Farmers Cooperative
4926,4926,2025-01-31,Benue Farmers Cooperative
4927,4927,2022-04-15,Ibadan Farmers Cooperative
4928,4928,2017-12-01,Ibadan Farmers Cooperative
4929,4929,2021-09-12,Benue Farmers Cooperative
4930,4930,2019-11-27,Kaduna Farmers Cooperative
4931,4931,2023-12-03,Nakuru Farmers Cooperative
4932,4932,2019-12-16,
4933,4933,2018-08-13,Uyo Farmers Cooperative
4934,4934,2021-04-17,Nakuru Farmers Cooperative
4935,4935,2024-07-18,Enugu Farmers Cooperative
4936,4936,2022-07-13,
4937,4937,2019-05-03,Kaduna Farmers Cooperative
4938,4938,2015-12-09,Enugu Farmers Cooperative
4939,4939,2018-10-04,
4940,4940,2021-01-18,
4941,4941,2016-02-04,Benue Farmers Cooperative
4942,4942,2023-07-18,
4943,4943,2020-11-16,Enugu Farmers Cooperative
4944,4944,2019-09-06,Uyo Farmers Cooperative
4945,4945,2023-08-10,Kaduna Farmers Cooperative
4946,4946,2025-07-17,Kumasi Farmers Cooperative
4947,4947,2019-05-03,
4948,4948,2018-07-21,
4949,4949,2020-06-04,
4950,4950,2019-03-30,
4951,4951,2026-03-12,
4952,4952,2024-01-05,Uyo Farmers Cooperative
4953,4953,2024-07-15,Benue Farmers Cooperative
4954,4954,2016-05-02,
4955,4955,2017-08-23,Enugu Farmers Cooperative
4956,4956,2020-11-12,Benue Farmers Cooperative
4957,4957,2016-12-01,Benue Farmers Cooperative
4958,4958,2016-04-23,
4959,4959,2023-10-11,
4960,4960,2017-10-20,
4961,4961,2018-07-13,
4962,4962,2022-07-19,Nakuru Farmers Cooperative
4963,4963,2025-01-26,Kumasi Farmers Cooperative
4964,4964,2025-01-28,
4965,4965,2023-04-08,Uyo Farmers Cooperative
4966,4966,2019-07-27,
4967,4967,2021-01-01,
4968,4968,2016-09-26,Kaduna Farmers Cooperative
4969,4969,2019-05-07,Enugu Farmers Cooperative
4970,4970,2019-12-29,
4971,4971,2022-06-23,Uyo Farmers Cooperative
4972,4972,2024-04-07,
4973,4973,2022-11-10,
4974,4974,2025-06-02,Uyo Farmers Cooperative
4975,4975,2018-12-06,Nakuru Farmers Cooperative
4976,4976,2020-09-28,Nakuru Farmers Cooperative
4977,4977,2019-11-16,Ibadan Farmers Cooperative
4978,4978,2024-10-05,
4979,4979,2017-05-16,Nakuru Farmers Cooperative
4980,4980,2025-05-05,Uyo Farmers Cooperative
4981,4981,2023-04-26,
4982,4982,2016-01-30,
4983,4983,2016-11-16,Kaduna Farmers Cooperative
4984,4984,2026-03-23,Uyo Farmers Cooperative
4985,4985,2021-08-06,
4986,4986,2020-08-28,
4987,4987,2018-05-17,Benue Farmers Cooperative
4988,4988,2016-04-09,Nakuru Farmers Cooperative
4989,4989,2021-03-05,Enugu Farmers Cooperative
4990,4990,2018-09-03,Uyo Farmers Cooperative
4991,4991,2022-07-06,
4992,4992,2018-05-07,Nakuru Farmers Cooperative
4993,4993,2016-06-02,Benue Farmers Cooperative
4994,4994,2018-07-17,Enugu Farmers Cooperative
4995,4995,2021-07-25,Kaduna Farmers Cooperative
4996,4996,2019-06-20,Kaduna Farmers Cooperative
4997,4997,2022-08-12,
4998,4998,2024-02-22,
4999,4999,2025-06-19,Uyo Farmers Cooperative
5000,5000,2024-05-25,Kaduna Farmers Cooperative
5001,5001,2020-05-21,Enugu Farmers Cooperative
5002,5002,2023-05-18,Kumasi Farmers Cooperative
5003,5003,2023-06-29,
5004,5004,2023-12-08,
5005,5005,2020-09-24,
5006,5006,2017-05-10,Uyo Farmers Cooperative
5007,5007,2015-01-15,Kumasi Farmers Cooperative
5008,5008,2018-04-29,Kaduna Farmers Cooperative
5009,5009,2017-10-15,Kaduna Farmers Cooperative
5010,5010,2022-01-21,Uyo Farmers Cooperative
5011,5011,2024-07-22,
5012,5012,2017-07-13,Enugu Farmers Cooperative
5013,5013,2025-07-07,
5014,5014,2017-02-09,
5015,5015,2026-05-20,
5016,5016,2024-01-01,
5017,5017,2017-08-23,
5018,5018,2020-10-29,Nakuru Farmers Cooperative
5019,5019,2023-02-27,Kumasi Farmers Cooperative
5020,5020,2019-09-15,
5021,5021,2020-04-03,Uyo Farmers Cooperative
5022,5022,2019-06-21,
5023,5023,2020-11-16,Benue Farmers Cooperative
5024,5024,2019-02-12,Ibadan Farmers Cooperative
5025,5025,2023-07-21,Benue Farmers Cooperative
5026,5026,2026-02-02,Benue Farmers Cooperative
5027,5027,2023-07-10,
5028,5028,2022-02-20,
5029,5029,2023-10-14,
5030,5030,2021-08-26,Enugu Farmers Cooperative
5031,5031,2016-05-26,Kumasi Farmers Cooperative
5032,5032,2020-10-27,
5033,5033,2015-08-20,Ibadan Farmers Cooperative
5034,5034,2018-07-19,Uyo Farmers Cooperative
5035,5035,2023-11-12,Kumasi Farmers Cooperative
5036,5036,2023-12-23,Kaduna Farmers Cooperative
5037,5037,2025-12-05,Nakuru Farmers Cooperative
5038,5038,2022-09-24,Enugu Farmers Cooperative
5039,5039,2018-05-30,Ibadan Farmers Cooperative
5040,5040,2018-08-18,Benue Farmers Cooperative
5041,5041,2018-04-01,Ibadan Farmers Cooperative
5042,5042,2017-08-18,Kaduna Farmers Cooperative
5043,5043,2020-12-14,Enugu Farmers Cooperative
5044,5044,2016-01-19,
5045,5045,2020-12-23,Kumasi Farmers Cooperative
5046,5046,2022-12-19,Kaduna Farmers Cooperative
5047,5047,2026-04-11,Ibadan Farmers Cooperative
5048,5048,2022-02-03,Uyo Farmers Cooperative
5049,5049,2020-02-05,Kaduna Farmers Cooperative
5050,5050,2016-01-08,Kaduna Farmers Cooperative
5051,5051,2021-03-31,
5052,5052,2016-09-02,Uyo Farmers Cooperative
5053,5053,2024-07-05,Benue Farmers Cooperative
5054,5054,2017-04-17,Kumasi Farmers Cooperative
5055,5055,2025-08-21,
5056,5056,2025-12-19,Nakuru Farmers Cooperative
5057,5057,2025-04-07,
5058,5058,2021-02-04,Benue Farmers Cooperative
5059,5059,2016-08-12,Benue Farmers Cooperative
5060,5060,2021-02-13,
5061,5061,2023-07-28,
5062,5062,2024-02-26,Nakuru Farmers Cooperative
5063,5063,2018-08-16,Ibadan Farmers Cooperative
5064,5064,2020-11-28,Nakuru Farmers Cooperative
5065,5065,2015-11-20,Enugu Farmers Cooperative
5066,5066,2020-07-18,
5067,5067,2015-07-16,Kaduna Farmers Cooperative
5068,5068,2020-03-31,
5069,5069,2015-06-27,Ibadan Farmers Cooperative
5070,5070,2024-02-25,Nakuru Farmers Cooperative
5071,5071,2025-07-17,
5072,5072,2023-01-17,
5073,5073,2019-03-25,Kaduna Farmers Cooperative
5074,5074,2019-12-05,
5075,5075,2016-06-29,
5076,5076,2020-05-31,Benue Farmers Cooperative
5077,5077,2026-06-23,
5078,5078,2025-03-03,Ibadan Farmers Cooperative
5079,5079,2024-08-15,
5080,5080,2017-03-22,
5081,5081,2017-04-20,Kumasi Farmers Cooperative
5082,5082,2015-01-17,Enugu Farmers Cooperative
5083,5083,2016-11-09,Enugu Farmers Cooperative
5084,5084,2019-04-25,Ibadan Farmers Cooperative
5085,5085,2023-04-02,
5086,5086,2020-04-12,Ibadan Farmers Cooperative
5087,5087,2023-09-10,Enugu Farmers Cooperative
5088,5088,2019-10-03,Uyo Farmers Cooperative
5089,5089,2015-08-04,
5090,5090,2020-11-23,
5091,5091,2024-03-11,
5092,5092,2017-11-14,
5093,5093,2021-05-30,
5094,5094,2022-05-23,
5095,5095,2016-09-23,
5096,5096,2022-03-23,
5097,5097,2022-10-30,
5098,5098,2017-10-19,
5099,5099,2018-11-29,Benue Farmers Cooperative
5100,5100,2023-11-13,
5101,5101,2017-08-27,Benue Farmers Cooperative
5102,5102,2017-01-02,Nakuru Farmers Cooperative
5103,5103,2026-05-14,
5104,5104,2016-04-26,Benue Farmers Cooperative
5105,5105,2025-04-13,Kumasi Farmers Cooperative
5106,5106,2023-09-23,Uyo Farmers Cooperative
5107,5107,2024-03-12,
5108,5108,2018-05-28,Enugu Farmers Cooperative
5109,5109,2017-11-19,Uyo Farmers Cooperative
5110,5110,2016-08-18,Kumasi Farmers Cooperative
5111,5111,2017-03-06,Ibadan Farmers Cooperative
5112,5112,2020-05-24,Kaduna Farmers Cooperative
5113,5113,2015-08-07,Ibadan Farmers Cooperative
5114,5114,2021-10-16,Enugu Farmers Cooperative
5115,5115,2021-10-11,Benue Farmers Cooperative
5116,5116,2023-07-19,Kumasi Farmers Cooperative
5117,5117,2017-03-17,
5118,5118,2019-01-27,Uyo Farmers Cooperative
5119,5119,2017-01-15,
5120,5120,2019-01-25,
5121,5121,2026-03-22,Enugu Farmers Cooperative
5122,5122,2020-01-05,
5123,5123,2020-11-16,Kumasi Farmers Cooperative
5124,5124,2020-09-18,
5125,5125,2018-02-28,Ibadan Farmers Cooperative
5126,5126,2015-04-22,Kumasi Farmers Cooperative
5127,5127,2024-04-08,
5128,5128,2015-08-26,Uyo Farmers Cooperative
5129,5129,2025-11-06,
5130,5130,2026-01-24,Enugu Farmers Cooperative
5131,5131,2018-04-04,Kumasi Farmers Cooperative
5132,5132,2015-08-13,
5133,5133,2018-06-01,Enugu Farmers Cooperative
5134,5134,2021-12-12,Enugu Farmers Cooperative
5135,5135,2022-06-12,
5136,5136,2018-03-27,Benue Farmers Cooperative
5137,5137,2016-01-29,
5138,5138,2019-12-24,Kaduna Farmers Cooperative
5139,5139,2023-05-29,
5140,5140,2025-08-08,Kumasi Farmers Cooperative
5141,5141,2018-04-09,Enugu Farmers Cooperative
5142,5142,2021-09-21,
5143,5143,2025-01-05,Ibadan Farmers Cooperative
5144,5144,2022-09-09,
5145,5145,2015-01-25,Enugu Farmers Cooperative
5146,5146,2020-12-25,Kumasi Farmers Cooperative
5147,5147,2026-04-01,Benue Farmers Cooperative
5148,5148,2020-11-06,Nakuru Farmers Cooperative
5149,5149,2021-03-29,
5150,5150,2023-03-17,Kumasi Farmers Cooperative
5151,5151,2021-04-18,
5152,5152,2016-09-12,
5153,5153,2022-05-17,Uyo Farmers Cooperative
5154,5154,2015-03-22,
5155,5155,2017-05-12,
5156,5156,2022-08-14,Kaduna Farmers Cooperative
5157,5157,2016-12-28,Nakuru Farmers Cooperative
5158,5158,2024-08-25,
5159,5159,2025-01-15,
5160,5160,2024-03-13,Kumasi Farmers Cooperative
5161,5161,2018-04-03,Uyo Farmers Cooperative
5162,5162,2025-10-15,
5163,5163,2018-01-23,
5164,5164,2019-11-24,
5165,5165,2016-02-11,Enugu Farmers Cooperative
5166,5166,2025-01-11,Uyo Farmers Cooperative
5167,5167,2024-12-16,
5168,5168,2015-10-09,Nakuru Farmers Cooperative
5169,5169,2017-10-23,
5170,5170,2015-01-07,Kaduna Farmers Cooperative
5171,5171,2025-05-12,
5172,5172,2015-11-03,
5173,5173,2017-01-29,Nakuru Farmers Cooperative
5174,5174,2018-03-03,Kumasi Farmers Cooperative
5175,5175,2025-06-13,Kaduna Farmers Cooperative
5176,5176,2021-10-14,Kaduna Farmers Cooperative
5177,5177,2022-01-19,Ibadan Farmers Cooperative
5178,5178,2019-02-28,
5179,5179,2018-05-21,
5180,5180,2015-07-02,
5181,5181,2015-05-15,Nakuru Farmers Cooperative
5182,5182,2024-01-07,Benue Farmers Cooperative
5183,5183,2025-03-12,Enugu Farmers Cooperative
5184,5184,2024-03-16,
5185,5185,2019-07-25,Enugu Farmers Cooperative
5186,5186,2024-12-05,Benue Farmers Cooperative
5187,5187,2020-08-20,
5188,5188,2018-06-01,
5189,5189,2015-03-24,Benue Farmers Cooperative
5190,5190,2019-08-23,
5191,5191,2016-05-19,
5192,5192,2017-12-26,
5193,5193,2019-07-18,Uyo Farmers Cooperative
5194,5194,2022-05-29,Uyo Farmers Cooperative
5195,5195,2025-03-05,
5196,5196,2025-04-24,Kaduna Farmers Cooperative
5197,5197,2019-01-15,Kumasi Farmers Cooperative
5198,5198,2022-10-17,Kaduna Farmers Cooperative
5199,5199,2023-03-03,
5200,5200,2018-11-04,
5201,5201,2024-10-10,Kaduna Farmers Cooperative
5202,5202,2024-08-10,Kaduna Farmers Cooperative
5203,5203,2024-04-13,
5204,5204,2020-01-26,Nakuru Farmers Cooperative
5205,5205,2026-02-08,
5206,5206,2021-10-28,
5207,5207,2022-03-18,
5208,5208,2018-02-14,Benue Farmers Cooperative
5209,5209,2023-04-15,Benue Farmers Cooperative
5210,5210,2018-10-17,
5211,5211,2016-06-21,
5212,5212,2020-10-03,
5213,5213,2018-06-10,Enugu Farmers Cooperative
5214,5214,2019-08-11,Kaduna Farmers Cooperative
5215,5215,2021-06-24,
5216,5216,2016-11-19,
5217,5217,2021-10-06,
5218,5218,2022-12-27,Ibadan Farmers Cooperative
5219,5219,2026-04-16,Enugu Farmers Cooperative
5220,5220,2018-07-01,Ibadan Farmers Cooperative
5221,5221,2021-05-05,Ibadan Farmers Cooperative
5222,5222,2021-03-30,
5223,5223,2016-08-24,Ibadan Farmers Cooperative
5224,5224,2017-12-21,Ibadan Farmers Cooperative
5225,5225,2020-09-16,
5226,5226,2018-12-23,Nakuru Farmers Cooperative
5227,5227,2017-05-31,Ibadan Farmers Cooperative
5228,5228,2022-10-11,
5229,5229,2024-08-28,
5230,5230,2025-11-18,
5231,5231,2026-06-14,Kumasi Farmers Cooperative
5232,5232,2025-01-17,Enugu Farmers Cooperative
5233,5233,2019-09-30,Kaduna Farmers Cooperative
5234,5234,2016-10-04,
5235,5235,2019-02-11,
5236,5236,2016-05-08,
5237,5237,2017-05-11,
5238,5238,2025-01-15,
5239,5239,2019-01-21,
5240,5240,2015-03-27,Kaduna Farmers Cooperative
5241,5241,2021-06-30,Ibadan Farmers Cooperative
5242,5242,2016-09-22,Kumasi Farmers Cooperative
5243,5243,2017-04-10,
5244,5244,2015-09-18,Ibadan Farmers Cooperative
5245,5245,2022-03-06,Ibadan Farmers Cooperative
5246,5246,2022-11-12,
5247,5247,2021-01-20,
5248,5248,2019-09-03,Uyo Farmers Cooperative
5249,5249,2021-04-06,
5250,5250,2020-07-02,Benue Farmers Cooperative
5251,5251,2022-07-26,Enugu Farmers Cooperative
5252,5252,2021-01-04,Uyo Farmers Cooperative
5253,5253,2026-02-19,
5254,5254,2020-06-22,
5255,5255,2016-06-08,Enugu Farmers Cooperative
5256,5256,2021-12-04,
5257,5257,2015-05-20,Kaduna Farmers Cooperative
5258,5258,2015-11-03,Benue Farmers Cooperative
5259,5259,2026-02-23,
5260,5260,2022-06-14,Kumasi Farmers Cooperative
5261,5261,2024-08-16,Enugu Farmers Cooperative
5262,5262,2015-09-13,Benue Farmers Cooperative
5263,5263,2015-05-04,
5264,5264,2021-07-15,Benue Farmers Cooperative
5265,5265,2015-11-12,Kumasi Farmers Cooperative
5266,5266,2017-05-24,
5267,5267,2020-07-13,Ibadan Farmers Cooperative
5268,5268,2017-01-23,Ibadan Farmers Cooperative
5269,5269,2016-01-01,Kaduna Farmers Cooperative
5270,5270,2017-10-18,Enugu Farmers Cooperative
5271,5271,2025-06-15,
5272,5272,2022-02-09,Kaduna Farmers Cooperative
5273,5273,2021-02-16,
5274,5274,2017-03-03,
5275,5275,2018-01-29,
5276,5276,2024-06-29,Kumasi Farmers Cooperative
5277,5277,2022-08-10,Enugu Farmers Cooperative
5278,5278,2021-05-08,Ibadan Farmers Cooperative
5279,5279,2016-11-13,
5280,5280,2015-02-27,Uyo Farmers Cooperative
5281,5281,2026-03-26,Kumasi Farmers Cooperative
5282,5282,2018-07-29,Uyo Farmers Cooperative
5283,5283,2016-11-23,
5284,5284,2015-06-14,Benue Farmers Cooperative
5285,5285,2020-05-25,Benue Farmers Cooperative
5286,5286,2015-11-29,Kaduna Farmers Cooperative
5287,5287,2019-11-16,Kaduna Farmers Cooperative
5288,5288,2025-02-10,Kumasi Farmers Cooperative
5289,5289,2025-08-14,
5290,5290,2024-10-13,Kumasi Farmers Cooperative
5291,5291,2016-09-09,
5292,5292,2017-12-09,Ibadan Farmers Cooperative
5293,5293,2020-01-19,
5294,5294,2018-09-29,
5295,5295,2022-11-30,Uyo Farmers Cooperative
5296,5296,2025-09-04,Kaduna Farmers Cooperative
5297,5297,2016-01-15,Nakuru Farmers Cooperative
5298,5298,2023-08-10,
5299,5299,2024-12-25,Enugu Farmers Cooperative
5300,5300,2023-04-02,
5301,5301,2020-11-23,
5302,5302,2021-02-14,Kaduna Farmers Cooperative
5303,5303,2024-08-09,Nakuru Farmers Cooperative
5304,5304,2026-02-11,Benue Farmers Cooperative
5305,5305,2015-12-23,Enugu Farmers Cooperative
5306,5306,2016-09-16,
5307,5307,2020-05-09,
5308,5308,2016-12-24,
5309,5309,2021-09-21,
5310,5310,2021-04-16,Kaduna Farmers Cooperative
5311,5311,2016-05-06,Uyo Farmers Cooperative
5312,5312,2016-03-03,
5313,5313,2019-06-25,Kaduna Farmers Cooperative
5314,5314,2023-06-07,
5315,5315,2024-07-11,
5316,5316,2016-06-27,Nakuru Farmers Cooperative
5317,5317,2017-08-30,Enugu Farmers Cooperative
5318,5318,2022-04-09,Kaduna Farmers Cooperative
5319,5319,2024-10-07,
5320,5320,2019-10-26,Uyo Farmers Cooperative
5321,5321,2018-06-29,
5322,5322,2018-12-13,Kumasi Farmers Cooperative
5323,5323,2023-11-01,
5324,5324,2016-09-09,
5325,5325,2019-06-28,
5326,5326,2026-01-31,
5327,5327,2022-05-28,Uyo Farmers Cooperative
5328,5328,2023-03-13,Kumasi Farmers Cooperative
5329,5329,2020-07-26,Kumasi Farmers Cooperative
5330,5330,2022-01-08,
5331,5331,2020-01-15,Kaduna Farmers Cooperative
5332,5332,2015-03-08,Ibadan Farmers Cooperative
5333,5333,2018-10-31,Benue Farmers Cooperative
5334,5334,2016-01-24,Kaduna Farmers Cooperative
5335,5335,2026-06-10,
5336,5336,2015-11-25,Ibadan Farmers Cooperative
5337,5337,2020-06-03,Kaduna Farmers Cooperative
5338,5338,2016-07-10,Nakuru Farmers Cooperative
5339,5339,2019-06-01,Uyo Farmers Cooperative
5340,5340,2025-05-04,Ibadan Farmers Cooperative
5341,5341,2024-07-02,Benue Farmers Cooperative
5342,5342,2025-09-28,Uyo Farmers Cooperative
5343,5343,2022-12-09,
5344,5344,2016-01-15,
5345,5345,2016-12-15,Kaduna Farmers Cooperative
5346,5346,2020-02-02,Uyo Farmers Cooperative
5347,5347,2025-06-11,Enugu Farmers Cooperative
5348,5348,2015-06-09,Kumasi Farmers Cooperative
5349,5349,2015-01-15,
5350,5350,2022-08-22,Uyo Farmers Cooperative
5351,5351,2021-04-23,Nakuru Farmers Cooperative
5352,5352,2023-05-18,
5353,5353,2017-04-13,Ibadan Farmers Cooperative
5354,5354,2017-05-11,Nakuru Farmers Cooperative
5355,5355,2015-03-11,
5356,5356,2022-02-28,Enugu Farmers Cooperative
5357,5357,2016-01-02,Kumasi Farmers Cooperative
5358,5358,2018-07-18,
5359,5359,2022-07-22,Kumasi Farmers Cooperative
5360,5360,2019-06-19,Enugu Farmers Cooperative
5361,5361,2025-07-15,Nakuru Farmers Cooperative
5362,5362,2017-03-30,
5363,5363,2020-04-23,Ibadan Farmers Cooperative
5364,5364,2019-07-29,Benue Farmers Cooperative
5365,5365,2018-12-28,Benue Farmers Cooperative
5366,5366,2016-07-03,
5367,5367,2016-07-06,
5368,5368,2017-04-18,Nakuru Farmers Cooperative
5369,5369,2017-03-14,
5370,5370,2016-03-18,Enugu Farmers Cooperative
5371,5371,2016-05-01,Kaduna Farmers Cooperative
5372,5372,2020-06-24,Uyo Farmers Cooperative
5373,5373,2024-06-30,Nakuru Farmers Cooperative
5374,5374,2022-03-01,Nakuru Farmers Cooperative
5375,5375,2015-09-15,
5376,5376,2026-02-19,Enugu Farmers Cooperative
5377,5377,2025-01-05,Kaduna Farmers Cooperative
5378,5378,2015-06-27,Enugu Farmers Cooperative
5379,5379,2022-02-17,
5380,5380,2022-09-11,Nakuru Farmers Cooperative
5381,5381,2025-07-23,Ibadan Farmers Cooperative
5382,5382,2017-09-25,Nakuru Farmers Cooperative
5383,5383,2025-04-10,Kaduna Farmers Cooperative
5384,5384,2021-01-20,Uyo Farmers Cooperative
5385,5385,2015-01-16,
5386,5386,2018-01-12,
5387,5387,2021-09-12,Benue Farmers Cooperative
5388,5388,2022-02-07,Nakuru Farmers Cooperative
5389,5389,2016-12-18,Ibadan Farmers Cooperative
5390,5390,2023-09-20,Uyo Farmers Cooperative
5391,5391,2019-12-30,Uyo Farmers Cooperative
5392,5392,2016-03-10,
5393,5393,2022-02-06,
5394,5394,2022-06-26,Enugu Farmers Cooperative
5395,5395,2015-12-02,Benue Farmers Cooperative
5396,5396,2017-10-30,Nakuru Farmers Cooperative
5397,5397,2015-11-30,Ibadan Farmers Cooperative
5398,5398,2026-03-25,Benue Farmers Cooperative
5399,5399,2025-05-08,
5400,5400,2018-05-09,Ibadan Farmers Cooperative
5401,5401,2017-04-06,Enugu Farmers Cooperative
5402,5402,2024-04-15,Kumasi Farmers Cooperative
5403,5403,2020-04-12,Uyo Farmers Cooperative
5404,5404,2016-02-19,Uyo Farmers Cooperative
5405,5405,2016-06-26,
5406,5406,2017-10-03,Ibadan Farmers Cooperative
5407,5407,2019-12-14,
5408,5408,2020-01-31,
5409,5409,2020-03-05,Benue Farmers Cooperative
5410,5410,2016-07-13,Benue Farmers Cooperative
5411,5411,2015-09-04,
5412,5412,2022-04-27,Uyo Farmers Cooperative
5413,5413,2022-08-04,
5414,5414,2025-09-25,Enugu Farmers Cooperative
5415,5415,2025-08-22,Ibadan Farmers Cooperative
5416,5416,2017-02-22,
5417,5417,2016-02-04,Benue Farmers Cooperative
5418,5418,2017-12-08,
5419,5419,2022-09-19,
5420,5420,2021-11-19,Nakuru Farmers Cooperative
5421,5421,2015-05-16,
5422,5422,2021-10-31,Uyo Farmers Cooperative
5423,5423,2017-10-20,
5424,5424,2016-10-18,
5425,5425,2021-01-28,
5426,5426,2016-01-09,Nakuru Farmers Cooperative
5427,5427,2023-07-29,Kaduna Farmers Cooperative
5428,5428,2016-12-29,Uyo Farmers Cooperative
5429,5429,2015-09-10,Benue Farmers Cooperative
5430,5430,2024-07-01,Kumasi Farmers Cooperative
5431,5431,2016-02-13,Kumasi Farmers Cooperative
5432,5432,2017-10-24,
5433,5433,2017-08-25,Kumasi Farmers Cooperative
5434,5434,2022-11-03,Kumasi Farmers Cooperative
5435,5435,2024-03-27,Uyo Farmers Cooperative
5436,5436,2024-02-20,Benue Farmers Cooperative
5437,5437,2025-03-10,Nakuru Farmers Cooperative
5438,5438,2017-02-09,Benue Farmers Cooperative
5439,5439,2023-01-14,
5440,5440,2022-01-02,Enugu Farmers Cooperative
5441,5441,2015-05-03,
5442,5442,2025-08-02,Ibadan Farmers Cooperative
5443,5443,2018-08-17,Ibadan Farmers Cooperative
5444,5444,2024-05-10,
5445,5445,2015-04-28,Uyo Farmers Cooperative
5446,5446,2016-03-13,Enugu Farmers Cooperative
5447,5447,2024-09-29,
5448,5448,2022-11-29,
5449,5449,2021-06-20,
5450,5450,2017-04-15,
5451,5451,2017-04-20,Nakuru Farmers Cooperative
5452,5452,2025-06-03,
5453,5453,2023-09-03,
5454,5454,2018-05-10,Enugu Farmers Cooperative
5455,5455,2019-09-13,
5456,5456,2025-10-10,
5457,5457,2015-09-19,Kaduna Farmers Cooperative
5458,5458,2018-12-10,
5459,5459,2022-02-02,
5460,5460,2018-12-29,Benue Farmers Cooperative
5461,5461,2022-12-01,Benue Farmers Cooperative
5462,5462,2025-01-20,Kaduna Farmers Cooperative
5463,5463,2016-03-11,
5464,5464,2020-03-27,Benue Farmers Cooperative
5465,5465,2025-03-31,
5466,5466,2015-07-19,Ibadan Farmers Cooperative
5467,5467,2016-05-23,
5468,5468,2020-08-17,
5469,5469,2025-07-21,Kumasi Farmers Cooperative
5470,5470,2024-01-17,
5471,5471,2017-06-15,Kumasi Farmers Cooperative
5472,5472,2016-09-30,Kumasi Farmers Cooperative
5473,5473,2016-02-17,
5474,5474,2021-08-28,
5475,5475,2016-03-19,
5476,5476,2020-03-06,
5477,5477,2023-06-09,
5478,5478,2018-09-02,Uyo Farmers Cooperative
5479,5479,2021-01-04,Ibadan Farmers Cooperative
5480,5480,2017-01-15,
5481,5481,2019-05-04,Benue Farmers Cooperative
5482,5482,2025-03-09,
5483,5483,2016-12-23,Nakuru Farmers Cooperative
5484,5484,2015-03-26,Enugu Farmers Cooperative
5485,5485,2019-09-27,
5486,5486,2018-10-21,
5487,5487,2015-08-31,
5488,5488,2017-08-11,Nakuru Farmers Cooperative
5489,5489,2018-08-30,Nakuru Farmers Cooperative
5490,5490,2024-11-21,Benue Farmers Cooperative
5491,5491,2020-06-21,Ibadan Farmers Cooperative
5492,5492,2020-12-11,Ibadan Farmers Cooperative
5493,5493,2025-05-04,Ibadan Farmers Cooperative
5494,5494,2018-01-08,
5495,5495,2016-10-30,
5496,5496,2016-03-10,Enugu Farmers Cooperative
5497,5497,2020-01-06,
5498,5498,2025-10-14,
5499,5499,2023-03-08,Kaduna Farmers Cooperative
5500,5500,2022-01-08,Kaduna Farmers Cooperative
5501,5501,2016-10-26,Benue Farmers Cooperative
5502,5502,2025-12-16,
5503,5503,2021-05-25,
5504,5504,2016-04-26,
5505,5505,2023-07-02,Kumasi Farmers Cooperative
5506,5506,2022-07-11,
5507,5507,2016-08-13,
5508,5508,2019-03-23,
5509,5509,2018-05-24,Enugu Farmers Cooperative
5510,5510,2016-02-23,
5511,5511,2021-05-04,Enugu Farmers Cooperative
5512,5512,2016-02-18,Benue Farmers Cooperative
5513,5513,2016-05-29,Uyo Farmers Cooperative
5514,5514,2018-12-04,
5515,5515,2025-11-11,
5516,5516,2020-09-25,Kumasi Farmers Cooperative
5517,5517,2016-12-31,Uyo Farmers Cooperative
5518,5518,2016-09-23,Benue Farmers Cooperative
5519,5519,2018-08-24,Kaduna Farmers Cooperative
5520,5520,2023-08-30,
5521,5521,2016-12-28,
5522,5522,2025-12-28,
5523,5523,2026-05-17,Kaduna Farmers Cooperative
5524,5524,2016-08-10,Kaduna Farmers Cooperative
5525,5525,2015-04-11,Benue Farmers Cooperative
5526,5526,2017-02-06,Ibadan Farmers Cooperative
5527,5527,2020-02-09,
5528,5528,2023-11-05,Kumasi Farmers Cooperative
5529,5529,2019-04-09,
5530,5530,2022-05-05,Ibadan Farmers Cooperative
5531,5531,2020-10-21,
5532,5532,2024-10-08,
5533,5533,2023-08-07,Nakuru Farmers Cooperative
5534,5534,2021-09-17,
5535,5535,2021-08-10,Kaduna Farmers Cooperative
5536,5536,2017-03-01,Ibadan Farmers Cooperative
5537,5537,2024-05-27,
5538,5538,2018-03-15,Nakuru Farmers Cooperative
5539,5539,2024-10-26,
5540,5540,2021-01-07,Kaduna Farmers Cooperative
5541,5541,2020-08-27,
5542,5542,2016-02-25,
5543,5543,2022-06-10,Kumasi Farmers Cooperative
5544,5544,2016-06-16,
5545,5545,2021-06-14,Kumasi Farmers Cooperative
5546,5546,2024-06-11,
5547,5547,2022-12-29,Kumasi Farmers Cooperative
5548,5548,2021-10-13,Enugu Farmers Cooperative
5549,5549,2019-06-15,Enugu Farmers Cooperative
5550,5550,2025-07-04,Uyo Farmers Cooperative
5551,5551,2017-05-12,
5552,5552,2025-06-11,Uyo Farmers Cooperative
5553,5553,2021-10-18,Kumasi Farmers Cooperative
5554,5554,2021-10-06,
5555,5555,2026-04-11,Kaduna Farmers Cooperative
5556,5556,2021-12-03,
5557,5557,2017-10-27,Ibadan Farmers Cooperative
5558,5558,2021-08-28,
5559,5559,2021-08-10,Ibadan Farmers Cooperative
5560,5560,2022-07-29,Enugu Farmers Cooperative
5561,5561,2016-08-12,
5562,5562,2019-11-22,Uyo Farmers Cooperative
5563,5563,2021-08-02,
5564,5564,2017-12-10,Nakuru Farmers Cooperative
5565,5565,2023-07-04,
5566,5566,2021-07-09,Enugu Farmers Cooperative
5567,5567,2024-06-20,
5568,5568,2021-10-31,Uyo Farmers Cooperative
5569,5569,2025-06-13,Kumasi Farmers Cooperative
5570,5570,2023-02-06,
5571,5571,2023-01-06,Nakuru Farmers Cooperative
5572,5572,2018-12-08,
5573,5573,2016-05-23,Enugu Farmers Cooperative
5574,5574,2026-05-25,Benue Farmers Cooperative
5575,5575,2018-03-01,
5576,5576,2022-04-08,Kumasi Farmers Cooperative
5577,5577,2022-11-03,
5578,5578,2015-01-23,Kaduna Farmers Cooperative
5579,5579,2015-07-15,Enugu Farmers Cooperative
5580,5580,2020-05-06,Benue Farmers Cooperative
5581,5581,2021-06-27,
5582,5582,2025-11-23,
5583,5583,2022-11-25,Kumasi Farmers Cooperative
5584,5584,2025-05-05,Enugu Farmers Cooperative
5585,5585,2022-11-16,Enugu Farmers Cooperative
5586,5586,2021-06-11,
5587,5587,2020-01-06,Kaduna Farmers Cooperative
5588,5588,2021-11-22,Uyo Farmers Cooperative
5589,5589,2017-11-07,Kaduna Farmers Cooperative
5590,5590,2018-06-11,
5591,5591,2015-04-19,
5592,5592,2025-12-16,Benue Farmers Cooperative
5593,5593,2016-07-06,
5594,5594,2023-12-10,Kumasi Farmers Cooperative
5595,5595,2026-03-11,Ibadan Farmers Cooperative
5596,5596,2024-01-26,Benue Farmers Cooperative
5597,5597,2016-05-20,Ibadan Farmers Cooperative
5598,5598,2018-11-19,Ibadan Farmers Cooperative
5599,5599,2019-08-22,Uyo Farmers Cooperative
5600,5600,2018-11-08,
