harvest_id,farm_id,product_id,harvest_date,volume_kg,field_agent_employee_id
1,1353,10,2026-06-30,3446.07,1097
2,5698,87,2024-10-10,5332.94,1096
3,5224,53,2024-11-16,7430.57,1078
4,6573,88,2024-09-02,4282.4,997
5,3990,122,2024-07-08,3677.21,1032
6,5524,74,2024-10-16,5876.43,1098
7,3710,35,2025-12-27,5562.53,1187
8,1498,24,2024-11-01,5100.33,1168
9,1195,6,2024-04-06,1287.43,1037
10,4592,64,2024-11-02,4602.71,947
11,758,85,2024-12-25,5826.06,1005
12,505,104,2026-06-30,2638.46,921
13,6834,67,2024-05-05,5747.97,974
14,3416,80,2024-07-11,4286.25,1126
15,849,54,2026-06-30,1236.91,964
16,2465,129,2025-05-02,1317.0,1183
17,1520,73,2024-11-08,2069.81,1140
18,5421,30,2024-03-07,5179.13,1110
19,2256,95,2026-06-30,392.2,929
20,4822,23,2026-05-10,4031.37,1166
21,3720,5,2026-06-30,6200.86,1020
22,2304,90,2026-06-03,7102.33,1097
23,1179,17,2026-06-30,822.19,968
24,3117,45,2026-06-30,7984.32,1163
25,582,21,2025-04-20,7128.41,1173
26,4824,81,2024-06-08,1927.39,1191
27,4453,109,2024-11-02,5463.81,993
28,1502,59,2024-03-23,6261.9,1051
29,6135,16,2024-05-25,7779.73,1057
30,5110,57,2025-06-05,4065.98,930
31,5108,127,2024-11-10,2926.7,1040
32,3060,70,2026-06-30,4155.98,967
33,1982,116,2026-06-30,657.52,1182
34,2727,10,2024-03-25,3364.97,1077
35,5631,2,2026-06-30,7351.38,1021
36,1393,54,2024-07-16,1616.21,950
37,3099,122,2025-06-01,3729.63,956
38,6787,46,2026-06-30,5462.39,1175
39,1521,122,2025-04-25,3867.41,1152
40,5050,137,2024-04-11,918.24,1040
41,5981,102,2024-08-21,3362.55,1121
42,1491,17,2026-02-19,400.58,1090
43,5604,57,2025-06-03,4089.57,1021
44,740,110,2025-10-17,4741.16,932
45,3717,123,2026-06-30,6331.53,1075
46,4463,105,2025-09-28,5278.41,1181
47,2649,127,2024-09-13,2327.18,1019
48,3467,43,2025-03-03,632.26,1152
49,5062,45,2026-06-30,5324.09,938
50,3066,83,2024-05-24,5890.09,1146
51,1664,32,2025-03-03,456.39,967
52,111,77,2024-10-24,3189.66,1126
53,4005,116,2025-11-04,5368.72,1110
54,707,116,2025-11-19,3441.43,983
55,1663,11,2026-04-20,3283.19,1048
56,2719,41,2024-08-04,1616.59,1149
57,578,85,2025-05-03,7489.32,910
58,3073,11,2026-03-09,5249.53,966
59,2881,64,2025-09-21,2444.84,961
60,4400,130,2024-01-12,1393.86,1081
61,6557,35,2025-11-17,3608.5,1099
62,3420,87,2025-03-08,948.87,1048
63,3459,120,2026-06-04,5432.0,1099
64,2855,41,2024-03-23,2917.22,1047
65,5334,40,2024-05-07,5196.27,1189
66,2803,120,2026-02-21,4093.98,1030
67,470,115,2026-06-07,7903.79,932
68,6297,138,2024-04-15,3222.05,1095
69,4123,67,2025-10-22,546.6,1137
70,5063,27,2026-06-30,4443.31,1180
71,3057,112,2024-04-04,5504.81,940
72,2990,137,2024-08-14,4984.99,902
73,4169,79,2026-06-30,2084.31,1179
74,3233,60,2026-06-20,569.02,1058
75,646,81,2025-09-19,3830.91,952
76,6324,35,2024-04-09,2622.48,1042
77,5242,17,2025-10-21,2383.52,935
78,1543,90,2026-05-03,6585.77,1061
79,3096,8,2024-08-16,4070.79,1067
80,3319,1,2025-09-17,6914.29,923
81,5599,79,2024-09-25,5822.61,1102
82,5213,4,2024-07-26,3561.92,998
83,4005,34,2024-03-17,568.2,1064
84,5374,31,2024-10-14,5791.64,963
85,507,101,2026-05-25,1412.08,951
86,1844,16,2025-12-17,7255.46,1146
87,5875,56,2026-06-30,7032.2,1160
88,5388,50,2024-02-13,787.59,948
89,5498,137,2025-04-03,1186.8,1187
90,4228,71,2026-06-18,4553.44,1124
91,3312,30,2024-08-06,6267.47,1005
92,2270,133,2025-03-23,1099.22,1175
93,824,28,2026-04-15,3230.71,1123
94,2550,108,2024-09-04,4028.34,976
95,6520,84,2026-06-24,7583.65,1044
96,3676,106,2024-11-02,1721.5,1012
97,1777,94,2025-10-22,375.05,974
98,4175,46,2025-05-05,4932.52,955
99,2626,66,2026-05-27,1730.59,981
100,3537,44,2024-08-12,3885.38,1021
101,5950,8,2026-06-30,3824.07,924
102,3499,23,2025-07-18,6370.58,943
103,3841,53,2024-12-20,6497.03,914
104,5942,59,2024-06-04,3584.73,1031
105,5356,59,2025-11-11,4146.72,1028
106,2685,135,2025-06-11,5261.5,1087
107,5753,124,2026-06-30,7821.43,1016
108,6659,1,2024-11-21,2929.21,1164
109,1739,118,2026-06-30,4412.86,1127
110,4703,45,2024-05-22,7746.14,1182
111,2382,108,2024-08-25,4376.96,1124
112,2683,63,2024-10-02,7441.31,1194
113,5544,44,2024-05-28,7524.44,1098
114,6415,109,2026-04-04,6919.51,1041
115,903,21,2024-09-13,1540.83,1167
116,5512,44,2025-03-03,7954.11,1048
117,5555,99,2024-04-10,4260.69,1167
118,1232,37,2026-03-16,6878.9,1049
119,4938,116,2025-06-09,3035.9,955
120,105,3,2025-11-20,715.24,949
121,1844,33,2024-06-12,6312.25,1099
122,257,70,2025-05-01,7200.86,921
123,2982,36,2025-10-28,6114.26,1106
124,5766,28,2024-04-10,3014.96,1076
125,2018,102,2025-04-09,4154.08,1055
126,1142,96,2024-03-01,7457.18,1022
127,2314,85,2026-04-25,5814.07,1152
128,2770,53,2024-03-28,4520.13,1105
129,3748,24,2024-12-09,6146.53,961
130,4580,103,2024-10-15,676.45,998
131,4147,27,2024-11-15,2261.87,1006
132,5943,69,2025-08-09,3801.08,1137
133,1873,113,2026-06-30,5574.58,933
134,1616,130,2024-01-23,7878.82,1036
135,6875,25,2026-01-28,7379.43,1099
136,2976,49,2024-04-01,3787.46,917
137,1028,21,2026-06-30,347.38,1168
138,371,88,2024-10-27,2283.63,1054
139,5675,110,2025-08-24,952.66,1110
140,4548,52,2024-04-19,1927.78,921
141,1252,133,2026-03-26,7911.24,1116
142,3830,74,2024-05-17,1470.09,1097
143,4620,19,2024-06-16,627.97,1125
144,4404,67,2026-06-30,2985.93,1112
145,26,10,2026-04-21,6429.09,1171
146,980,130,2025-11-20,1832.84,1093
147,3236,122,2024-05-20,7936.61,1188
148,4989,95,2026-04-16,1830.78,1110
149,4160,105,2025-05-19,6478.19,1085
150,1005,61,2024-09-21,2901.71,1089
151,6291,16,2024-04-28,2510.37,939
152,3288,30,2025-07-26,7099.92,1154
153,5623,86,2026-04-19,6878.73,1188
154,6655,53,2025-07-18,6014.85,1005
155,1415,11,2025-07-01,969.89,955
156,733,4,2025-10-10,5343.0,1069
157,5603,61,2024-04-18,6593.72,1022
158,435,41,2026-04-18,2992.78,957
159,29,40,2025-07-15,7763.23,1043
160,6254,20,2024-06-06,5166.68,990
161,2506,125,2024-09-26,1386.46,954
162,47,140,2025-12-27,5366.94,1146
163,3280,52,2025-02-04,5692.02,1004
164,4983,135,2024-10-17,6855.84,917
165,718,59,2026-06-30,6879.86,1065
166,2666,71,2026-06-30,6985.63,1019
167,1898,62,2024-09-21,2276.86,1129
168,2342,21,2025-11-12,1774.99,1019
169,6781,116,2026-02-05,5922.4,980
170,2935,121,2024-03-22,6496.92,937
171,5822,129,2026-06-30,659.51,1195
172,3130,90,2024-10-20,7014.07,1149
173,5428,102,2024-05-22,620.67,1180
174,1065,78,2024-10-22,2427.07,1004
175,3317,69,2026-06-30,3667.61,928
176,2690,113,2026-05-27,1600.63,983
177,5897,79,2025-04-14,6476.95,1142
178,807,136,2026-06-21,2686.93,1032
179,4460,93,2024-09-24,7471.0,1144
180,6480,52,2025-10-02,3069.07,1065
181,1459,45,2025-03-23,4033.5,979
182,6137,1,2024-09-07,1131.36,1176
183,4608,112,2026-05-11,4512.52,1143
184,3459,21,2025-04-14,2285.41,1081
185,215,132,2024-02-20,3269.36,984
186,1858,72,2024-04-19,2332.22,968
187,2672,96,2025-03-13,1640.27,1009
188,3957,54,2026-04-05,6261.33,1058
189,5593,16,2025-03-14,2540.86,919
190,6700,45,2024-01-26,2066.23,1192
191,1477,43,2026-04-06,4693.94,920
192,4757,62,2026-03-05,2252.55,1036
193,5285,94,2025-05-19,7369.28,917
194,5289,96,2025-03-28,6813.95,1197
195,2747,54,2025-03-19,6954.23,1200
196,3407,87,2026-04-10,5330.76,977
197,4970,138,2026-05-20,2231.11,990
198,5022,74,2026-05-17,2987.43,1110
199,5136,86,2026-02-28,6506.53,962
200,6010,137,2026-06-30,5916.97,1184
201,4631,90,2024-07-14,4076.08,1169
202,6354,83,2024-03-09,4395.89,903
203,2277,27,2024-12-01,7825.31,948
204,3307,6,2025-04-14,3481.97,1061
205,6197,61,2025-03-18,5689.43,994
206,5204,68,2026-06-10,3158.27,1110
207,851,4,2024-10-04,3175.6,914
208,802,56,2025-07-24,333.22,1068
209,2025,49,2026-06-11,2332.85,1117
210,2269,79,2026-05-22,5609.66,1080
211,480,122,2026-01-08,5081.49,1194
212,161,73,2026-06-30,3606.23,994
213,2242,48,2025-10-12,7566.81,1116
214,4512,81,2025-03-06,2111.12,968
215,4333,14,2024-05-23,4490.69,1130
216,4935,33,2024-09-06,2723.29,933
217,6875,6,2025-09-06,816.46,994
218,1856,130,2024-06-06,4968.92,959
219,3049,42,2026-06-09,4510.2,912
220,1139,135,2025-10-12,3093.73,1160
221,1121,124,2026-03-05,670.6,966
222,6716,125,2024-06-25,2293.04,905
223,3790,18,2025-10-16,1399.46,1152
224,1191,60,2025-03-08,1068.43,924
225,2602,119,2024-09-10,4338.75,1145
226,1592,26,2026-06-30,2833.46,977
227,6325,134,2026-06-30,2673.21,1180
228,5530,40,2024-02-03,3174.42,1053
229,2149,71,2026-04-01,4018.15,990
230,2453,61,2025-05-20,469.98,1153
231,3928,105,2024-09-16,6836.8,1102
232,2161,4,2025-11-28,4275.35,1079
233,5503,60,2025-03-02,4633.99,958
234,49,7,2026-06-30,3412.74,1183
235,1188,63,2026-05-27,641.61,1088
236,6759,63,2025-02-16,7802.83,1059
237,4488,71,2025-05-16,7973.29,905
238,5885,37,2024-07-01,6558.84,1002
239,3042,88,2026-06-30,4353.23,1155
240,2638,20,2026-01-16,808.34,1135
241,5425,130,2026-05-06,6795.85,1104
242,42,122,2024-06-17,7502.95,1100
243,380,69,2026-06-30,7126.21,1182
244,800,47,2026-06-30,7754.08,1070
245,5456,49,2025-04-18,790.87,1089
246,3103,95,2026-06-30,7521.52,1105
247,894,40,2024-01-22,6783.59,940
248,1132,57,2026-02-12,5958.29,1064
249,2898,9,2026-06-30,3825.87,915
250,1844,26,2026-06-30,2841.73,928
251,340,53,2026-05-12,3614.96,1075
252,4160,53,2025-09-24,1641.66,1089
253,5151,79,2026-05-26,6489.31,1072
254,1470,29,2026-06-30,4770.84,957
255,3237,50,2025-05-01,7441.0,1146
256,5576,81,2024-06-26,1994.72,1133
257,1406,109,2024-10-17,2376.29,1001
258,2439,65,2025-10-18,740.89,1110
259,931,36,2026-06-30,1028.48,1124
260,6687,124,2026-06-30,6015.12,907
261,2841,36,2024-10-05,289.45,978
262,610,111,2025-10-26,412.75,1170
263,6040,11,2025-05-03,1263.04,1165
264,6773,97,2026-06-30,543.58,1020
265,3021,20,2026-06-30,2362.48,999
266,6479,42,2026-06-30,5083.08,943
267,1222,22,2025-08-14,668.68,1136
268,3928,57,2024-11-23,7325.13,1053
269,2803,73,2026-02-15,5906.26,1121
270,5545,52,2025-11-08,3460.77,1081
271,2975,7,2025-07-15,5281.72,1174
272,1678,132,2025-11-14,1527.15,1132
273,4315,6,2026-06-30,2140.09,1074
274,3769,17,2025-05-04,1575.79,1010
275,243,16,2025-02-06,7726.49,949
276,2507,98,2024-09-26,7145.14,907
277,6090,39,2026-05-13,2792.74,970
278,3501,49,2024-03-22,2821.02,1148
279,2447,93,2024-06-03,319.52,981
280,6800,63,2025-11-27,389.28,1003
281,2878,68,2025-10-13,1266.46,1044
282,3310,4,2026-01-11,1976.29,1188
283,1719,68,2026-05-07,1562.3,917
284,6543,135,2026-06-30,3035.44,1036
285,160,5,2025-10-13,4276.67,1086
286,2806,26,2025-06-08,804.34,1167
287,3219,35,2026-06-30,4826.6,985
288,2313,119,2024-02-11,3792.48,1070
289,4936,96,2026-06-30,4500.96,1171
290,5836,69,2025-02-10,3336.76,928
291,6106,46,2025-06-14,4308.12,1120
292,1689,20,2024-11-25,6268.0,1178
293,5124,111,2026-06-30,6436.05,917
294,57,62,2026-06-30,6744.02,1094
295,2157,54,2026-06-03,760.13,1096
296,3727,128,2025-09-07,4610.14,1135
297,2768,117,2025-05-22,6385.47,972
298,6576,55,2025-10-03,1942.45,1056
299,6915,8,2025-11-07,6617.59,921
300,6079,60,2025-05-03,7269.33,1135
301,141,44,2025-11-27,7020.33,947
302,837,6,2026-04-18,2338.26,989
303,6862,96,2024-02-14,7157.71,1010
304,5919,73,2025-05-02,4909.04,1034
305,5642,30,2026-05-25,1333.26,953
306,5897,23,2026-04-04,3138.25,1127
307,2099,113,2026-03-02,5104.72,908
308,3960,62,2024-05-28,7654.19,992
309,5859,16,2025-01-07,7912.49,1036
310,2872,42,2024-09-15,3563.49,911
311,5408,66,2025-05-07,4917.66,1001
312,6226,117,2025-12-06,7999.19,1001
313,3418,137,2024-06-19,2064.38,1033
314,956,85,2026-06-20,7002.32,951
315,623,82,2024-11-18,5722.29,1107
316,2013,121,2024-08-04,2226.65,940
317,4574,134,2026-06-30,547.05,1180
318,1396,29,2026-06-30,6552.7,1098
319,3095,105,2024-04-10,222.22,935
320,4596,38,2026-06-30,6955.27,927
321,3365,86,2026-05-18,5487.39,950
322,5440,106,2024-08-18,7516.92,901
323,6494,136,2025-11-21,2750.8,1104
324,6364,89,2025-10-25,2373.37,909
325,3708,59,2025-04-12,1477.31,1113
326,4011,70,2024-06-21,2658.96,1162
327,402,4,2026-04-08,7158.38,1106
328,6250,102,2024-09-25,1567.02,968
329,1015,85,2024-06-24,1702.2,995
330,5203,14,2026-05-19,2777.38,1164
331,5957,54,2025-11-21,1846.16,914
332,6484,74,2025-08-08,4027.59,920
333,4595,99,2024-05-25,7423.1,965
334,5957,118,2024-11-16,7741.99,1143
335,388,7,2025-04-05,4118.22,933
336,2413,113,2024-11-01,1429.41,1099
337,4641,8,2025-09-24,4281.57,1011
338,5336,60,2025-12-07,2655.16,1083
339,589,38,2025-03-26,250.47,1104
340,2073,101,2025-05-11,4583.93,1132
341,3754,118,2025-11-13,7404.05,1120
342,2873,6,2026-03-18,7214.56,1191
343,2909,119,2026-06-30,4379.51,1097
344,905,68,2025-07-19,6841.99,1120
345,1941,22,2025-06-04,2441.36,944
346,5469,80,2024-05-03,3674.28,1193
347,4858,19,2026-03-24,3390.47,949
348,6002,87,2025-07-17,3651.48,955
349,3283,51,2024-08-24,5962.6,1046
350,6153,102,2025-05-02,201.36,1036
351,3079,31,2026-06-30,5244.84,1098
352,3960,102,2026-02-18,7422.26,1161
353,44,94,2025-09-14,5360.49,1179
354,5192,97,2026-06-30,613.45,1111
355,5100,111,2025-11-25,4184.44,1035
356,3272,109,2024-09-14,7098.73,1018
357,4454,114,2025-11-24,6802.81,911
358,535,136,2024-09-09,831.77,911
359,3582,75,2025-01-04,7280.85,976
360,1348,76,2024-10-11,358.73,929
361,1253,113,2026-05-17,2705.94,1012
362,506,25,2026-06-30,3710.49,999
363,2145,67,2025-10-03,6848.65,1123
364,1173,83,2024-06-07,7535.57,1159
365,6470,129,2026-04-19,7342.15,1073
366,3340,134,2025-12-21,6286.43,940
367,6887,124,2025-05-28,3850.41,940
368,4644,34,2026-05-01,245.78,964
369,6726,85,2026-06-30,5650.78,982
370,6787,30,2026-06-30,1042.86,1176
371,3881,42,2026-03-11,2032.29,917
372,3123,108,2025-09-01,6496.02,996
373,2127,132,2025-10-15,4364.56,1116
374,3882,49,2025-11-27,891.9,1157
375,4271,109,2026-06-30,7302.28,1092
376,340,105,2024-09-07,7026.63,1029
377,3366,79,2024-05-12,1312.0,1010
378,2221,44,2024-10-23,2462.2,1060
379,2169,89,2024-10-05,1039.93,1186
380,4646,120,2026-06-30,6901.12,977
381,2250,53,2024-10-05,7528.03,1167
382,3083,107,2026-06-30,403.12,1155
383,1412,42,2025-06-17,203.63,930
384,3111,50,2025-06-15,7792.59,1000
385,2629,97,2025-09-08,7934.55,974
386,3824,131,2024-04-11,2447.42,1030
387,2597,134,2026-06-30,2637.66,1049
388,2772,131,2025-08-13,3545.53,959
389,579,6,2024-11-13,3174.74,962
390,644,69,2025-03-24,4526.69,1198
391,644,120,2026-06-09,432.46,1186
392,3122,69,2025-06-27,1826.29,1010
393,349,1,2025-08-17,4637.66,1071
394,2247,85,2024-02-10,6607.13,1166
395,6559,42,2024-05-23,251.83,1060
396,836,127,2026-06-30,273.68,916
397,1161,127,2026-06-30,5102.95,1152
398,2174,65,2025-12-04,7331.46,1185
399,6529,78,2024-04-17,5812.74,1153
400,2999,27,2026-06-30,3788.66,1091
401,2623,21,2026-04-24,406.08,1156
402,2832,5,2024-05-22,7143.15,1182
403,6,140,2024-04-09,1541.04,1164
404,951,54,2025-04-15,7183.56,1174
405,3225,27,2024-08-01,7175.65,1062
406,4043,64,2024-02-23,6302.44,934
407,3163,18,2025-08-27,4931.47,1040
408,2434,90,2026-06-30,5657.14,955
409,1597,70,2026-03-06,3608.21,1192
410,2864,18,2026-05-14,3398.27,964
411,1660,115,2024-07-24,4358.26,919
412,2549,115,2025-12-01,7158.54,991
413,6682,47,2026-03-14,2293.33,942
414,2067,37,2025-05-01,5294.84,1132
415,3889,130,2025-09-05,2577.73,1042
416,1515,9,2025-01-04,7282.01,944
417,1064,73,2024-10-05,4686.67,911
418,1524,61,2026-06-28,3613.89,993
419,3708,99,2026-06-30,1567.07,940
420,3194,101,2024-04-12,1304.04,1016
421,6727,70,2026-06-30,3422.46,1024
422,402,137,2025-10-06,2672.58,1062
423,148,16,2025-08-09,4630.74,1030
424,2409,48,2024-05-07,303.83,1161
425,3281,84,2025-02-08,1819.08,1014
426,2204,13,2025-09-18,3250.75,1034
427,124,80,2024-08-04,1286.84,1019
428,2249,121,2024-06-11,3465.18,1132
429,68,35,2026-04-07,4447.68,1147
430,21,133,2026-06-28,4222.26,975
431,3160,44,2025-10-16,2190.35,931
432,637,121,2026-06-30,4258.83,1002
433,6442,9,2025-11-08,2730.3,915
434,6132,31,2024-11-24,5922.95,1054
435,6880,112,2026-05-17,3431.31,924
436,217,8,2026-06-30,1985.53,1025
437,6972,100,2025-04-11,7423.56,1058
438,6205,67,2024-06-15,1834.69,934
439,525,101,2025-04-21,1647.59,1000
440,4018,137,2024-02-05,4758.17,1067
441,2276,101,2024-04-13,2000.74,1175
442,2067,137,2026-06-30,2535.23,928
443,688,73,2025-06-04,1477.6,909
444,3909,58,2025-11-26,3018.01,1190
445,1233,58,2025-04-25,3597.4,1180
446,1246,3,2025-06-01,404.5,923
447,3877,10,2024-10-20,670.42,971
448,3181,19,2025-05-04,3958.54,1131
449,955,86,2026-04-17,3809.28,944
450,2488,139,2024-10-22,4732.64,1050
451,847,106,2026-02-10,3670.85,1052
452,5739,91,2025-09-19,7307.21,1032
453,4794,78,2024-08-10,2907.67,1043
454,3883,72,2026-06-30,6481.52,1044
455,5704,20,2024-06-17,4071.27,1051
456,2598,127,2026-04-04,1925.47,910
457,2776,11,2024-05-12,6087.01,1026
458,158,23,2025-08-24,4696.76,919
459,5816,64,2025-01-11,2276.4,1075
460,3529,123,2024-07-13,3048.99,922
461,3455,97,2026-06-03,7264.77,936
462,3168,134,2026-06-30,7356.56,962
463,764,68,2024-08-19,3694.75,1082
464,5208,39,2024-01-22,2065.07,1200
465,1374,91,2026-04-17,2678.07,984
466,83,40,2024-04-01,7043.07,1134
467,967,70,2026-05-26,4083.7,1168
468,549,103,2024-08-11,5964.14,904
469,781,9,2026-06-09,6340.92,1112
470,6367,66,2025-04-06,4545.16,958
471,6607,24,2024-04-28,5672.28,994
472,2453,31,2025-11-16,5722.43,967
473,5036,36,2025-05-08,448.54,1110
474,2370,96,2025-06-26,1059.59,1030
475,6516,81,2025-12-05,6651.05,1032
476,6874,56,2024-11-27,3914.22,1167
477,4045,83,2025-01-07,3841.54,1020
478,884,12,2024-04-24,655.82,1086
479,4756,60,2024-04-16,1204.97,979
480,3905,15,2026-05-05,302.79,1101
481,3725,10,2025-03-26,4182.09,1186
482,1423,18,2025-02-24,6507.49,1196
483,3607,99,2024-05-09,7083.69,1184
484,5600,125,2024-05-13,5695.91,1147
485,2016,139,2026-04-23,4170.28,981
486,5232,18,2025-05-09,544.77,1181
487,344,5,2026-06-30,1255.68,993
488,4935,58,2025-08-13,6013.4,1014
489,1299,106,2025-03-03,2344.9,1197
490,1704,88,2025-12-11,6395.0,1194
491,2305,133,2025-09-25,7038.21,1090
492,1910,122,2026-06-30,5732.75,978
493,2905,74,2025-05-06,3154.02,991
494,4479,17,2025-05-02,2647.78,962
495,4375,67,2025-11-01,5918.23,906
496,5865,73,2026-06-30,4353.75,1138
497,1346,83,2025-10-07,7708.15,971
498,5111,71,2025-10-11,2242.36,1189
499,5684,56,2026-05-14,3796.14,1098
500,1871,31,2026-06-30,6811.64,914
501,1157,134,2026-06-30,1741.8,1084
502,1246,86,2025-01-09,4790.98,1052
503,2958,46,2025-06-23,2847.62,958
504,6779,106,2025-01-23,5106.42,1180
505,3856,109,2024-01-13,5323.63,1043
506,4499,132,2026-06-13,1070.76,1148
507,139,84,2025-06-24,3112.88,1008
508,5343,82,2026-04-07,2460.01,1013
509,2173,4,2026-02-28,1619.1,1085
510,1265,17,2026-06-30,1418.48,1110
511,1311,10,2026-06-30,7568.08,1169
512,2485,12,2024-07-09,3898.38,1163
513,1290,139,2025-07-09,1768.36,1111
514,5677,66,2024-02-21,1595.54,915
515,4592,4,2025-11-08,5979.74,1117
516,6326,115,2026-06-30,3002.63,1056
517,4920,84,2024-01-09,6364.91,1179
518,2650,113,2025-10-25,1306.48,1158
519,6928,9,2025-11-21,3179.58,989
520,5257,74,2025-09-25,4074.48,1016
521,1587,86,2026-04-17,4519.67,1053
522,3249,129,2026-06-22,7353.79,1022
523,2091,7,2026-03-04,5775.75,1089
524,217,33,2026-06-30,4003.68,1053
525,2937,130,2026-06-30,1510.21,1188
526,6840,27,2026-05-21,7247.87,923
527,1747,64,2024-12-08,4758.94,1049
528,2265,28,2025-04-08,5238.66,1043
529,164,89,2025-02-11,6050.05,933
530,6550,24,2025-07-21,2094.43,1170
531,6320,35,2026-06-30,7158.89,1092
532,6348,49,2026-02-24,3964.94,1198
533,2423,88,2025-08-25,4255.14,963
534,131,129,2026-01-25,7439.68,1137
535,1760,72,2025-04-09,6463.67,982
536,4052,112,2024-10-27,2522.3,999
537,3791,105,2025-11-25,3807.84,1163
538,3603,24,2024-07-07,7496.3,1053
539,6674,85,2024-03-17,5461.04,1190
540,4018,135,2024-06-12,257.88,963
541,4719,130,2025-05-18,7900.96,955
542,963,45,2026-06-30,1203.94,919
543,4393,12,2024-04-23,1062.57,955
544,2681,132,2026-04-28,1801.34,1148
545,1205,119,2024-05-03,6975.36,947
546,3072,16,2026-04-07,1401.6,1153
547,5325,71,2025-01-15,5685.78,907
548,2619,104,2024-05-18,1668.64,1010
549,5037,60,2025-10-20,1475.02,968
550,1259,104,2026-06-30,7590.75,1063
551,3551,3,2025-01-25,4202.99,980
552,5857,63,2026-06-04,5967.86,1057
553,318,74,2024-10-09,7034.63,911
554,4509,73,2026-01-11,5472.85,1104
555,3491,92,2026-06-30,1640.44,1084
556,295,64,2026-02-03,7028.53,921
557,1486,63,2025-02-22,3375.57,1138
558,2581,62,2025-10-13,3304.51,1171
559,6726,15,2024-01-09,2724.99,1168
560,1968,54,2025-02-19,1520.26,1185
561,925,67,2024-06-22,4913.41,1070
562,6781,105,2024-11-06,5240.56,1049
563,6979,21,2025-01-01,4640.0,1200
564,1481,56,2024-05-19,5855.81,1017
565,872,20,2026-04-08,7363.28,958
566,1140,76,2026-05-06,3356.81,957
567,2859,125,2025-10-24,6157.78,1146
568,4924,137,2024-04-26,3920.26,976
569,1919,132,2024-11-08,7236.15,992
570,4541,91,2025-01-27,3904.32,968
571,871,80,2024-08-03,4158.16,1118
572,3748,80,2025-05-20,7851.9,968
573,4552,112,2025-02-22,5885.56,1068
574,1289,118,2024-10-12,5555.79,1196
575,3174,136,2026-06-30,2797.48,1168
576,3187,83,2024-04-20,1605.28,935
577,2799,13,2024-03-09,2778.67,1149
578,4070,53,2024-03-08,7240.63,1116
579,4574,91,2026-06-30,6612.35,1004
580,6047,49,2026-06-30,353.55,1053
581,1745,58,2024-11-06,6512.92,1077
582,295,88,2026-04-02,7635.63,1157
583,3283,102,2025-06-05,2970.46,1115
584,5104,35,2026-05-28,590.87,1045
585,2054,121,2025-11-22,2463.67,1138
586,3217,126,2024-06-05,7851.66,1037
587,343,18,2025-03-01,290.58,1037
588,2208,54,2026-02-11,6529.18,910
589,2214,80,2026-01-12,1864.76,1191
590,5276,6,2025-03-25,6278.57,1187
591,6926,28,2025-10-19,366.91,1161
592,3547,123,2024-08-06,2985.29,921
593,1866,75,2024-04-07,6184.66,1165
594,3599,123,2025-03-05,6789.6,911
595,2374,114,2026-04-24,5879.1,1157
596,2334,48,2024-10-06,2876.87,999
597,1629,137,2024-11-01,3328.06,976
598,6401,75,2025-04-02,6763.51,980
599,6293,12,2024-05-10,1615.46,904
600,5642,38,2025-06-22,4702.44,996
601,6566,99,2024-11-26,7591.92,925
602,937,11,2026-06-17,3419.37,1114
603,671,57,2024-11-12,6214.6,1157
604,6869,67,2025-10-03,7425.03,1195
605,4698,9,2025-05-28,806.45,990
606,2351,88,2024-04-18,3980.36,1179
607,83,29,2026-06-30,1458.13,1118
608,5560,51,2024-01-02,1468.66,984
609,6953,106,2026-04-09,2307.96,980
610,5524,80,2024-12-24,769.57,912
611,3911,4,2026-04-14,2800.61,1154
612,2970,38,2026-06-30,3016.48,1172
613,1400,115,2024-11-19,2561.59,1001
614,3754,79,2026-05-18,7077.75,1189
615,1596,47,2026-06-30,7959.74,983
616,2731,70,2024-10-01,7410.78,1061
617,5423,33,2024-01-20,412.3,1000
618,6429,82,2026-06-30,3777.44,1049
619,1804,50,2024-04-07,4811.64,1030
620,3347,31,2026-06-30,7846.48,993
621,373,138,2025-09-01,963.2,942
622,3111,19,2025-04-06,3220.03,1001
623,6548,41,2026-05-27,7327.82,1131
624,156,63,2024-06-02,6497.46,950
625,349,140,2025-09-04,3158.17,1090
626,2820,5,2026-06-30,709.31,908
627,772,110,2024-06-22,6599.86,1130
628,637,7,2024-12-07,5949.5,1096
629,45,131,2024-06-15,2391.44,1178
630,35,91,2024-06-13,739.33,1179
631,5160,53,2025-12-27,7836.78,977
632,6654,57,2026-05-18,3473.88,1027
633,2924,36,2024-02-20,3461.95,1054
634,3450,75,2024-06-18,7882.74,986
635,2197,124,2025-07-05,573.01,1098
636,2877,68,2026-06-30,3099.92,1120
637,6643,104,2025-03-13,4771.99,1122
638,1288,138,2024-03-18,1888.92,999
639,2530,28,2026-06-30,649.08,992
640,5806,106,2025-08-09,6803.57,1103
641,214,42,2026-03-22,4722.99,1154
642,6951,80,2025-11-28,703.96,1099
643,4957,133,2024-03-23,2225.03,1010
644,741,10,2026-05-22,1989.36,994
645,6479,44,2024-06-13,2647.46,913
646,897,17,2025-02-07,2122.46,1082
647,4702,121,2026-01-16,3532.69,1011
648,473,138,2024-09-10,5429.62,944
649,3299,127,2024-04-12,3123.82,940
650,579,139,2026-06-21,6602.31,1043
651,2116,66,2026-06-02,6786.98,1188
652,2471,1,2025-03-01,6837.77,1177
653,6680,5,2025-10-03,5424.69,1079
654,3547,119,2026-06-30,2921.64,1118
655,1325,118,2025-04-24,7996.29,1028
656,6552,37,2026-06-30,5164.9,966
657,3689,78,2025-06-19,2782.43,906
658,2566,100,2025-06-12,2231.03,969
659,6302,45,2025-11-11,418.07,945
660,5754,102,2024-05-15,7497.63,1074
661,4077,133,2024-11-01,7608.67,1043
662,775,69,2025-03-27,7414.98,1117
663,3362,15,2024-07-14,2966.55,1188
664,2542,121,2026-06-30,2816.0,1081
665,2686,106,2026-06-30,7232.64,916
666,5155,56,2025-04-04,7202.9,1156
667,2878,73,2024-09-24,6926.21,994
668,4292,53,2024-08-14,7892.26,917
669,3679,99,2025-10-05,4800.02,946
670,560,127,2025-04-23,4759.4,936
671,1896,67,2026-03-18,6290.45,1040
672,3638,22,2024-04-11,7108.13,1029
673,5566,11,2026-06-30,6286.39,1179
674,5232,36,2024-10-24,7302.49,909
675,4123,92,2024-09-15,7188.46,1058
676,4706,96,2025-10-18,5403.27,1114
677,5367,24,2025-05-15,5365.1,948
678,1341,54,2026-06-30,5415.4,1187
679,6293,104,2026-05-03,5184.08,956
680,2717,97,2025-06-04,1307.26,1039
681,1752,22,2026-06-30,3838.49,965
682,5699,28,2025-09-22,4983.31,971
683,1859,124,2024-05-08,1883.18,1089
684,6626,69,2026-06-30,3921.89,1025
685,5606,88,2024-10-08,7380.44,1112
686,1486,23,2025-10-05,4749.43,1118
687,1733,71,2024-04-12,6620.06,996
688,2828,35,2024-06-10,3159.2,1030
689,2473,116,2026-06-30,4086.66,1038
690,6275,137,2025-08-09,2570.58,1185
691,1543,134,2024-02-22,1801.49,1014
692,5815,78,2025-08-12,4613.46,959
693,584,7,2024-03-26,5014.32,1114
694,4329,70,2026-05-24,1399.26,973
695,4230,82,2026-03-07,913.3,980
696,2240,45,2024-11-18,7134.21,1152
697,3845,60,2026-05-25,3162.98,986
698,5918,50,2026-06-30,5330.05,1196
699,6834,131,2026-05-24,4021.29,1157
700,4217,39,2026-06-30,5448.49,1018
701,3756,129,2025-05-10,3855.35,913
702,137,99,2024-01-26,6170.56,1086
703,799,96,2025-08-08,4022.41,998
704,6754,87,2025-06-02,1047.79,1185
705,5292,43,2024-11-09,5106.26,1118
706,2846,77,2026-06-30,6954.92,1044
707,3821,49,2025-05-25,7086.66,996
708,1827,34,2024-10-10,6293.05,905
709,6272,61,2025-10-17,724.24,1154
710,4383,47,2025-05-02,4363.28,1085
711,1973,66,2026-06-30,377.09,906
712,3764,64,2024-02-02,7633.08,918
713,2404,104,2024-11-04,5634.47,1114
714,3379,30,2024-03-24,754.16,1075
715,6993,121,2025-05-26,1574.96,996
716,1659,43,2026-06-30,6616.04,1112
717,483,81,2024-05-06,891.42,995
718,2079,83,2024-04-10,2214.9,1200
719,5095,94,2025-07-02,534.24,966
720,2668,78,2026-03-03,1270.3,1083
721,1283,92,2025-11-11,6506.71,1135
722,1348,30,2026-06-30,6813.88,1095
723,5882,30,2025-12-26,1449.78,1194
724,967,5,2025-04-17,6422.07,980
725,3986,1,2026-06-30,1544.1,1002
726,1987,79,2026-03-10,3202.56,980
727,2485,73,2025-06-07,5862.17,1176
728,2036,111,2025-10-16,4753.09,953
729,4347,100,2026-06-30,1408.57,1186
730,6096,107,2025-10-14,5385.2,1128
731,1093,110,2024-04-17,6863.44,1073
732,3715,46,2026-03-09,4475.36,969
733,2722,15,2026-04-22,2008.73,1116
734,5617,61,2024-11-02,5622.39,1088
735,555,47,2026-05-19,7370.21,1198
736,5147,9,2024-09-09,7513.79,1183
737,3614,114,2025-07-16,3439.19,953
738,1098,46,2024-05-04,3585.82,1101
739,4486,37,2026-06-30,3412.95,1084
740,918,45,2025-01-09,6547.99,964
741,1926,41,2026-05-25,2953.53,1045
742,3176,120,2024-10-22,4018.06,949
743,6668,89,2024-04-15,5326.93,914
744,440,60,2024-08-20,5639.91,1054
745,2113,140,2025-05-12,1936.93,969
746,6951,103,2026-02-19,755.03,1081
747,6898,34,2026-06-30,7447.68,1180
748,1938,53,2025-08-18,5969.26,1176
749,2091,119,2025-01-11,4995.74,1091
750,273,41,2025-05-05,3867.26,1195
751,1620,28,2025-10-26,5533.39,1109
752,3027,83,2024-01-18,2373.91,1037
753,4862,45,2024-05-08,4102.4,1126
754,5183,77,2025-04-17,4602.41,1151
755,5812,86,2025-05-10,689.09,999
756,1344,97,2025-07-10,2344.19,972
757,860,118,2025-11-13,6132.82,925
758,243,94,2026-05-22,6299.77,1128
759,5938,65,2024-09-18,1081.16,979
760,6020,86,2024-05-21,5088.44,1122
761,4042,43,2024-03-15,4259.3,1038
762,5445,112,2025-06-03,6378.64,945
763,5,23,2026-06-30,1671.9,916
764,5801,46,2025-05-02,446.44,1063
765,2274,132,2026-06-30,7429.08,1081
766,2830,82,2025-06-21,7826.51,1170
767,5809,67,2025-03-16,6789.97,910
768,5152,103,2026-06-30,824.38,1127
769,6356,27,2025-01-01,7274.0,907
770,3842,59,2025-06-15,6605.83,1147
771,444,138,2024-12-13,352.03,960
772,2152,134,2026-06-30,3189.21,973
773,2884,106,2025-04-23,1882.04,1177
774,5403,57,2026-06-30,1597.9,995
775,6199,88,2025-12-25,7173.07,1114
776,4299,62,2024-04-28,7852.35,960
777,5805,113,2024-05-18,4762.33,918
778,539,57,2025-06-16,6414.96,1092
779,3344,71,2024-04-11,7488.47,950
780,2654,114,2026-05-23,3799.51,1166
781,5740,79,2026-06-30,2951.13,1072
782,1523,46,2026-03-08,6956.98,1103
783,1085,120,2026-02-13,3665.29,1133
784,1585,68,2024-09-06,7149.01,1173
785,3444,117,2024-11-19,4945.38,1098
786,4444,57,2025-10-21,4175.37,1180
787,1336,125,2025-07-20,1922.58,979
788,3005,72,2026-06-30,6193.05,906
789,3095,77,2024-05-22,6580.68,1189
790,518,68,2026-06-30,475.2,1074
791,5694,54,2024-11-27,3989.22,1033
792,6080,100,2026-02-03,2172.44,985
793,3242,104,2026-04-13,1454.45,1136
794,1398,87,2025-08-18,2212.8,932
795,1456,119,2026-06-30,7556.65,951
796,579,55,2025-05-03,2335.41,940
797,6098,106,2025-05-10,6395.62,1176
798,6209,125,2026-06-30,3141.35,1156
799,1372,84,2024-01-21,3087.77,916
800,1551,138,2024-02-10,3314.49,1128
801,3130,132,2025-12-22,1277.15,1057
802,5256,138,2025-05-15,3924.31,1067
803,4315,22,2026-05-21,3854.84,1183
804,5358,117,2026-06-30,3525.05,1029
805,5417,73,2024-01-15,3338.81,903
806,4399,55,2025-09-11,4067.13,1081
807,4832,19,2024-03-18,7529.49,1018
808,4023,9,2024-07-25,3784.26,1124
809,3087,99,2024-04-14,6261.25,998
810,3480,120,2024-08-02,5932.66,1072
811,6536,129,2025-01-13,4710.71,1004
812,1713,2,2024-09-19,4153.19,1186
813,5893,120,2025-09-16,2246.17,932
814,3942,117,2025-12-10,2917.28,998
815,3756,126,2025-04-16,7339.38,1182
816,752,42,2024-09-10,4676.16,992
817,1421,21,2026-06-10,703.73,1072
818,4580,24,2025-09-14,3441.46,1189
819,4452,48,2026-01-03,5482.46,916
820,2861,137,2024-04-17,7988.97,1106
821,6102,122,2025-09-19,7652.01,1053
822,3212,126,2024-12-21,2822.83,940
823,1360,58,2024-10-04,7406.74,1019
824,5317,23,2024-06-26,7588.11,1112
825,5365,80,2026-03-08,5075.39,944
826,4960,56,2025-06-19,1691.1,994
827,114,24,2024-04-13,1316.98,1168
828,1291,54,2024-11-27,3257.04,924
829,448,33,2026-06-30,7721.36,991
830,6960,101,2025-09-20,5490.87,982
831,2445,18,2026-06-30,1259.02,1145
832,5906,3,2025-10-24,6912.12,956
833,2520,107,2024-10-02,3743.5,994
834,6825,52,2026-06-30,5293.66,1110
835,1605,37,2025-05-08,6295.5,971
836,5035,123,2024-04-05,1812.43,1033
837,3354,43,2026-06-30,4492.86,1086
838,6410,58,2026-06-30,312.79,1041
839,4531,85,2024-05-10,6235.88,920
840,1809,129,2024-04-18,797.19,1042
841,4171,76,2024-08-14,2965.64,913
842,5811,29,2024-05-07,7615.09,1099
843,3278,74,2025-09-12,3304.36,1041
844,1394,21,2025-11-06,2147.09,1191
845,5721,27,2024-04-02,410.89,1008
846,5030,55,2024-10-22,4950.62,901
847,5771,82,2026-06-30,6345.35,1006
848,5820,38,2025-11-06,4992.97,1121
849,2176,35,2024-09-09,7846.63,1058
850,4192,83,2025-06-09,2889.83,1063
851,658,28,2024-05-08,526.42,1180
852,1515,13,2026-06-30,4901.65,1060
853,2398,126,2026-06-30,2907.42,1116
854,6515,86,2024-07-22,6989.46,1117
855,5580,55,2025-04-15,908.95,1160
856,680,45,2025-11-19,6915.67,1013
857,676,53,2025-02-04,649.68,978
858,2542,101,2024-10-23,3035.12,1154
859,1682,65,2024-02-12,6556.63,1055
860,826,2,2024-03-09,5011.19,931
861,1620,140,2024-04-14,690.64,1023
862,3593,22,2026-06-30,3864.75,941
863,5777,13,2025-09-08,777.55,1015
864,5268,77,2024-07-05,7604.13,1104
865,6691,19,2025-03-21,1574.74,925
866,1331,113,2025-06-16,6434.7,948
867,1924,8,2026-06-21,4434.81,997
868,3865,76,2025-09-18,326.55,1133
869,2129,84,2025-08-22,1344.99,915
870,3833,116,2024-12-02,7270.7,1094
871,2672,71,2025-10-14,781.55,1168
872,3595,61,2026-02-22,1761.81,1035
873,1689,128,2025-09-18,5424.11,1025
874,6299,110,2024-11-13,4959.86,1122
875,5558,15,2026-01-20,2187.13,965
876,3481,9,2025-02-15,4035.6,905
877,5204,65,2026-05-18,2980.21,965
878,1362,102,2025-03-06,2117.98,1191
879,1943,69,2025-11-27,4426.05,1024
880,4150,40,2024-09-12,6992.18,1010
881,977,52,2025-08-16,502.12,1142
882,4626,11,2026-02-20,2256.49,975
883,2020,45,2026-02-01,6757.23,1055
884,166,87,2025-10-21,7150.51,1024
885,2592,22,2024-10-13,866.72,1118
886,1809,82,2025-09-05,5077.63,1009
887,6371,38,2026-06-30,7227.45,1134
888,1438,137,2024-11-07,5027.05,904
889,2783,43,2024-09-23,5343.52,1176
890,841,27,2025-05-14,4143.93,1130
891,782,49,2024-11-05,4051.89,1172
892,5739,137,2026-06-23,6763.06,1190
893,1439,68,2026-05-14,7639.74,917
894,687,37,2024-10-17,1649.63,941
895,6174,139,2024-10-19,1892.17,1039
896,779,17,2026-06-30,7038.6,1199
897,4737,125,2026-03-01,2289.87,1079
898,6093,99,2024-06-15,5329.24,937
899,5226,131,2025-07-01,1599.28,1127
900,3639,75,2025-03-28,7061.2,1059
901,359,32,2024-08-25,6213.37,1160
902,259,67,2025-06-18,456.78,1099
903,914,80,2024-05-14,1511.53,1018
904,5636,85,2024-05-28,7518.36,1157
905,1108,36,2026-06-30,1809.86,1057
906,3692,30,2024-05-19,5274.9,1023
907,1522,35,2026-04-02,7458.66,989
908,2664,65,2025-09-09,7351.09,916
909,1628,125,2025-04-11,1202.41,1100
910,2501,107,2026-06-20,6416.46,936
911,719,68,2024-04-11,7557.8,1145
912,97,70,2025-10-17,6287.24,944
913,6386,95,2025-07-18,1813.09,911
914,3999,105,2025-04-07,4120.72,976
915,5918,113,2024-09-14,6325.53,1146
916,4779,75,2024-04-11,948.83,1022
917,2104,11,2024-07-22,2899.89,1152
918,2798,70,2025-06-28,5830.62,1082
919,6928,140,2026-06-30,3202.38,1080
920,5033,70,2024-01-19,1037.81,951
921,2381,75,2026-06-30,5994.36,1186
922,6445,57,2025-12-19,6666.94,1096
923,4352,75,2026-06-30,6311.3,997
924,3625,33,2026-06-21,7309.88,918
925,423,20,2025-05-09,3143.42,926
926,5257,111,2026-05-04,7584.1,1156
927,457,131,2026-06-30,7742.18,1008
928,6255,120,2026-06-30,7566.16,1124
929,2375,86,2025-05-26,2485.63,1197
930,2807,91,2026-06-30,6312.46,1048
931,6134,134,2025-05-20,2336.98,928
932,5348,116,2025-04-10,1395.79,960
933,4872,126,2026-05-27,1230.06,1063
934,5747,13,2026-06-30,7389.43,1141
935,1690,14,2026-04-06,3775.54,1134
936,793,61,2025-03-10,5217.32,1129
937,878,103,2026-06-10,2791.35,1167
938,2226,95,2025-10-20,683.52,1067
939,3882,48,2025-04-02,4455.94,937
940,4197,50,2024-06-11,2938.81,955
941,1199,1,2026-06-16,7351.49,1145
942,789,125,2025-03-04,3671.83,945
943,3941,122,2026-05-21,6163.21,1077
944,1167,129,2025-04-07,737.63,1118
945,3120,122,2026-06-30,4334.77,1137
946,3814,44,2024-05-28,1224.01,907
947,2522,86,2026-06-30,5837.44,1161
948,1886,133,2025-05-02,1975.38,993
949,6013,72,2024-11-27,6442.26,932
950,5339,129,2026-06-30,7173.56,1088
951,149,53,2025-10-20,3246.21,953
952,3409,45,2026-06-30,6048.8,1097
953,2727,15,2024-04-18,5507.91,1089
954,3485,74,2025-12-25,6836.37,1155
955,5793,56,2025-04-09,3159.44,992
956,4269,133,2024-10-24,2866.83,981
957,763,113,2025-11-21,1975.65,952
958,4177,20,2024-11-08,5673.08,1004
959,6540,109,2025-06-17,6242.77,1059
960,4613,63,2024-02-23,5994.05,1026
961,3553,54,2024-11-20,6236.98,1079
962,1826,51,2024-06-08,4782.53,1066
963,3149,52,2024-06-24,2220.24,1054
964,4790,20,2024-06-22,552.43,1116
965,4418,101,2024-10-11,1802.38,956
966,1795,89,2026-06-30,5080.9,1108
967,6878,72,2026-06-04,1724.67,912
968,3477,95,2025-09-28,2943.29,1075
969,3235,14,2026-04-10,3733.79,1019
970,567,4,2024-11-13,7852.41,978
971,4359,19,2024-10-08,6804.95,1134
972,1030,42,2026-06-30,2364.74,1113
973,6086,94,2025-03-04,1535.17,1017
974,874,18,2025-10-28,1698.8,1139
975,2660,56,2026-06-30,7002.27,1124
976,6732,65,2024-05-06,1204.61,925
977,3792,116,2025-09-08,4246.04,1139
978,2543,55,2025-09-28,312.96,1188
979,3412,108,2026-02-11,4586.9,1087
980,2399,108,2026-02-14,5154.88,1158
981,1338,4,2025-02-07,4512.41,988
982,4670,26,2024-04-26,7451.28,1113
983,6526,39,2024-03-24,2169.48,1061
984,2456,2,2024-09-05,1158.44,1165
985,5774,75,2024-06-20,5891.4,1125
986,376,99,2026-06-30,2980.01,980
987,5929,1,2025-05-10,6880.43,1112
988,6941,14,2026-06-30,1035.25,1130
989,648,31,2025-05-10,2934.9,928
990,669,2,2025-03-28,6528.78,1102
991,1040,107,2025-11-27,3726.41,1071
992,6920,117,2024-01-18,7088.67,936
993,2049,32,2024-07-06,1096.86,1023
994,4192,78,2026-06-30,1405.0,1092
995,690,13,2026-06-30,5939.62,1165
996,1911,102,2025-02-26,593.54,1031
997,5278,20,2026-06-10,1233.22,919
998,1181,97,2026-03-08,4150.76,1073
999,1537,15,2026-06-14,1339.91,1125
1000,4431,61,2025-05-24,5888.9,1171
1001,4867,56,2026-06-30,7311.32,1094
1002,5806,9,2026-06-30,7147.76,1182
1003,6731,128,2024-10-04,5034.92,1176
1004,6486,105,2024-05-27,3524.26,1125
1005,5759,113,2025-04-11,6122.89,968
1006,5598,60,2026-04-16,2303.8,1130
1007,60,111,2024-10-06,2890.36,1182
1008,1916,95,2025-04-20,520.81,1172
1009,2032,127,2025-11-10,6816.46,1034
1010,4014,66,2026-02-05,7840.05,1029
1011,5089,104,2026-04-22,473.38,1139
1012,48,55,2026-04-09,7664.37,998
1013,3117,97,2026-02-14,3366.58,1103
1014,5887,16,2024-12-01,7454.25,977
1015,6074,14,2024-03-24,6374.95,1024
1016,1827,76,2024-05-19,6922.56,1108
1017,2174,6,2026-04-12,952.94,921
1018,4278,42,2025-01-13,7205.42,1110
1019,1352,67,2026-06-30,1804.62,966
1020,3768,125,2024-09-02,7834.85,913
1021,3384,101,2024-08-09,3029.15,1082
1022,4957,78,2026-01-18,225.39,1057
1023,5823,140,2025-11-15,5125.94,1093
1024,3799,100,2024-01-03,5242.23,1197
1025,2618,61,2024-03-19,2812.58,913
1026,674,101,2026-06-30,1048.85,1114
1027,5445,55,2026-04-12,4629.92,1137
1028,738,60,2024-03-09,2149.3,1156
1029,4176,115,2026-06-19,5749.53,953
1030,1601,120,2026-06-30,7049.0,1007
1031,3119,130,2025-06-07,2438.91,909
1032,6565,43,2024-03-25,5583.16,915
1033,4251,74,2026-01-01,4538.47,1014
1034,4763,135,2026-06-30,1712.48,1021
1035,4331,112,2024-11-22,2525.32,1102
1036,607,55,2026-06-30,3957.46,907
1037,272,117,2024-03-25,6591.24,1013
1038,1290,11,2025-10-23,847.23,1133
1039,176,95,2026-01-27,5225.71,917
1040,2347,18,2024-08-02,6342.24,1176
1041,6317,53,2026-06-30,1032.25,1106
1042,6020,129,2024-05-13,2528.43,986
1043,1113,75,2025-11-13,5963.2,1160
1044,1369,8,2025-02-03,1863.76,1067
1045,886,52,2026-06-30,6500.7,1004
1046,412,68,2024-11-05,7878.03,1132
1047,5460,132,2026-06-30,5933.48,1183
1048,2030,50,2026-06-30,4060.93,1009
1049,2108,138,2024-10-17,2253.04,1194
1050,6572,77,2026-06-30,7865.16,920
1051,4981,106,2024-03-25,4231.28,1196
1052,5487,26,2024-06-24,681.18,1132
1053,2361,82,2025-03-10,2923.75,1175
1054,3193,48,2024-03-23,6096.25,1020
1055,2796,119,2024-05-25,5891.52,902
1056,4543,30,2026-05-17,6925.23,1009
1057,2949,132,2025-10-18,3173.25,956
1058,4036,42,2024-04-20,7423.52,924
1059,538,20,2025-02-02,5422.22,940
1060,4610,42,2024-06-03,2019.92,1016
1061,1913,122,2025-01-12,7851.0,967
1062,1735,32,2026-04-24,6819.84,1090
1063,4008,19,2025-07-02,4991.18,1078
1064,5398,128,2025-11-09,7318.61,1045
1065,2011,51,2025-02-16,6324.69,918
1066,5818,66,2024-10-14,5136.92,1107
1067,3005,118,2026-02-17,5306.52,1196
1068,1000,96,2026-06-21,1027.19,965
1069,1006,5,2026-04-07,3606.31,971
1070,275,18,2024-05-09,6657.1,1020
1071,4679,4,2025-12-28,402.83,937
1072,831,118,2025-11-04,4688.3,1168
1073,6388,86,2025-04-19,4838.62,1026
1074,973,29,2026-04-18,4740.37,1068
1075,3514,50,2026-06-30,2537.64,1181
1076,4789,133,2024-05-27,6214.53,1056
1077,3023,124,2025-10-02,4937.16,1008
1078,1347,112,2024-06-05,1220.55,964
1079,3088,74,2024-09-18,7360.81,925
1080,1491,35,2025-02-11,3585.28,1094
1081,5402,56,2026-06-30,7494.7,949
1082,5085,124,2026-06-30,2718.65,1156
1083,3120,75,2026-06-30,1175.23,917
1084,3657,103,2025-07-28,6876.39,930
1085,165,113,2026-06-30,4473.16,1097
1086,567,111,2024-09-27,7675.99,1168
1087,1871,3,2024-04-11,3077.7,1140
1088,179,88,2024-02-11,6764.47,1191
1089,1537,73,2024-11-17,5286.59,1003
1090,1240,28,2025-05-20,4400.04,1065
1091,4612,76,2024-03-15,3186.45,954
1092,5951,46,2025-09-13,3838.88,1168
1093,5893,101,2024-06-18,4848.96,958
1094,1759,131,2026-06-30,425.06,1159
1095,393,44,2026-03-14,2253.94,1041
1096,716,87,2024-11-20,4606.4,994
1097,6962,22,2026-06-30,5421.95,1131
1098,3334,138,2024-06-02,2031.19,1126
1099,1974,31,2026-04-24,7193.54,1047
1100,1093,117,2026-06-30,3729.99,1079
1101,6643,67,2025-12-26,5163.22,1075
1102,6699,11,2025-04-12,2030.41,987
1103,2109,135,2025-07-18,7152.06,983
1104,6444,103,2024-05-09,4878.8,1013
1105,3224,41,2024-11-19,4869.19,1193
1106,680,69,2025-04-14,3198.72,1065
1107,2288,121,2025-10-21,4164.47,1052
1108,1171,114,2024-06-15,4483.83,1015
1109,3872,18,2026-04-20,2461.74,1196
1110,4356,135,2026-06-13,1891.71,1159
1111,6313,109,2024-09-14,4994.33,1104
1112,6388,35,2024-02-05,2092.89,1119
1113,5370,91,2026-02-04,1337.45,1145
1114,488,108,2024-12-01,1130.29,978
1115,1492,60,2025-03-20,2946.57,1195
1116,563,89,2025-02-09,1900.28,1008
1117,6769,25,2024-05-06,4816.66,1189
1118,3126,14,2025-10-26,7009.8,948
1119,1327,24,2025-06-03,1765.9,910
1120,3495,56,2025-04-07,234.75,918
1121,4132,140,2026-05-09,6102.82,912
1122,5911,125,2025-12-17,2827.83,1048
1123,1722,64,2025-12-08,7382.91,1155
1124,4468,80,2025-08-11,2864.64,1081
1125,3557,119,2025-08-07,3135.92,914
1126,2698,105,2025-11-06,7286.78,1032
1127,4261,131,2024-04-12,3782.61,1009
1128,1469,114,2025-09-08,6898.64,1095
1129,5251,104,2025-10-19,3720.7,1103
1130,356,114,2024-06-16,2664.36,952
1131,978,41,2025-04-06,4038.42,1063
1132,2140,13,2026-05-17,6824.29,1140
1133,275,69,2026-06-30,2724.33,993
1134,5377,133,2025-11-01,7580.83,997
1135,223,120,2026-03-14,7641.8,1029
1136,5689,138,2026-05-09,2625.59,962
1137,871,57,2024-06-11,4933.99,1044
1138,1561,121,2025-03-17,4521.13,1032
1139,1055,63,2025-06-27,4341.4,1103
1140,1938,109,2025-05-07,3978.38,1070
1141,2913,9,2024-07-19,206.24,932
1142,3803,57,2026-06-30,6250.61,1187
1143,5146,100,2026-01-09,4283.05,972
1144,6241,51,2025-04-23,6824.82,919
1145,119,111,2024-03-10,2864.04,935
1146,599,47,2025-03-19,6856.1,940
1147,2008,83,2026-06-30,893.63,1126
1148,1941,8,2025-04-05,2735.17,1197
1149,2507,63,2025-05-09,3144.11,1179
1150,439,23,2025-01-18,2712.73,1094
1151,3388,35,2025-08-04,7385.25,952
1152,6202,10,2024-09-28,6985.69,1123
1153,4738,112,2024-08-09,4518.2,923
1154,6380,31,2024-12-17,2976.52,995
1155,2416,84,2026-04-11,5074.91,950
1156,6049,97,2026-04-12,6739.34,1172
1157,4764,3,2025-03-26,1085.41,1021
1158,4831,27,2025-09-16,2854.64,1014
1159,5201,140,2026-03-23,5983.35,1055
1160,212,54,2024-11-17,1327.44,1084
1161,368,66,2026-04-20,2010.78,1134
1162,2900,100,2026-06-30,3734.86,1093
1163,559,31,2024-04-21,467.86,1164
1164,3363,136,2025-04-22,6421.91,980
1165,5116,75,2025-04-16,7543.28,1062
1166,5299,52,2025-04-13,2743.5,994
1167,6341,71,2025-02-12,1615.35,1047
1168,4433,18,2025-05-05,2592.01,1114
1169,1363,127,2026-06-30,6885.77,919
1170,5305,62,2025-11-13,1526.38,1035
1171,6758,14,2026-05-13,5056.53,1117
1172,6230,101,2024-12-04,7478.08,1141
1173,1224,62,2025-09-23,6941.8,1184
1174,1955,67,2026-06-30,1615.41,926
1175,4388,84,2024-05-22,913.25,1165
1176,1282,102,2024-05-23,2807.61,1139
1177,3930,102,2025-11-03,4333.33,1170
1178,1202,2,2025-10-15,2541.42,1058
1179,2752,88,2025-03-17,3194.49,976
1180,2223,19,2024-06-15,1193.65,1122
1181,6030,114,2024-10-02,2569.65,923
1182,6280,35,2026-06-30,2696.34,1165
1183,2338,54,2026-04-03,6920.05,1163
1184,6726,55,2024-06-02,6084.06,1087
1185,2036,136,2026-06-30,2223.72,1175
1186,2167,128,2024-09-18,3462.33,1020
1187,6775,102,2025-05-15,1412.59,937
1188,1518,119,2025-08-28,6026.58,919
1189,166,58,2024-05-22,3756.72,1077
1190,6364,107,2025-09-24,5114.11,1123
1191,1695,68,2026-04-14,507.08,1031
1192,3695,113,2024-10-04,5266.56,1121
1193,1423,40,2024-11-23,2213.43,1184
1194,4628,66,2024-07-03,995.04,1188
1195,4173,130,2024-10-16,3736.14,913
1196,24,133,2024-02-07,6117.84,985
1197,2375,32,2025-08-15,401.8,1173
1198,5571,90,2026-06-30,1674.75,982
1199,5494,137,2024-06-01,3584.11,1025
1200,1155,3,2026-03-10,1526.9,1011
1201,205,119,2025-11-03,7890.15,1083
1202,5395,14,2026-04-10,6882.09,947
1203,6590,43,2026-05-12,4543.49,929
1204,6847,86,2025-05-11,5799.31,1141
1205,1852,5,2025-05-27,6505.56,1054
1206,5749,95,2024-06-21,990.91,986
1207,2891,117,2025-04-07,872.76,1108
1208,5397,116,2024-10-26,7685.57,902
1209,3498,79,2025-11-10,401.22,1073
1210,4235,76,2025-09-20,1888.49,1150
1211,1362,48,2026-06-04,7376.45,1035
1212,5218,37,2026-03-13,6093.72,1166
1213,4958,65,2025-09-26,4376.58,1165
1214,3490,138,2024-03-06,5473.48,1064
1215,4466,10,2025-09-23,1547.54,1072
1216,1569,122,2024-08-26,7151.41,1017
1217,303,95,2025-08-02,3106.81,1047
1218,6600,86,2025-08-12,6288.91,1169
1219,4166,131,2025-12-24,5962.67,1004
1220,26,65,2025-11-17,5791.89,978
1221,4283,78,2024-03-03,3824.4,1023
1222,5524,48,2024-10-23,4905.93,1166
1223,870,26,2024-09-19,7164.44,1033
1224,2049,10,2026-06-30,2844.5,990
1225,2675,64,2026-06-30,3953.66,993
1226,5916,139,2025-10-24,2714.27,1171
1227,5363,37,2026-06-30,5121.82,1196
1228,6371,94,2026-06-30,2290.08,920
1229,979,95,2026-06-05,5418.84,1065
1230,4639,63,2026-04-14,2088.18,989
1231,1535,82,2024-03-20,1310.4,981
1232,3806,127,2024-11-24,6597.42,1132
1233,3164,98,2024-05-17,4407.24,1175
1234,2280,129,2025-10-11,1440.84,910
1235,6256,135,2024-10-18,2677.92,1185
1236,5201,88,2024-05-23,3882.6,1180
1237,4412,4,2025-05-27,1856.18,922
1238,2276,44,2025-05-27,5535.77,985
1239,3978,139,2025-01-18,6608.58,1079
1240,1272,83,2025-11-06,1392.01,903
1241,5483,107,2026-06-30,2263.65,921
1242,2430,85,2026-06-04,7774.95,934
1243,2013,110,2026-06-30,6451.72,1005
1244,4986,61,2024-08-11,7215.78,1070
1245,3549,122,2024-04-28,3585.16,1000
1246,5182,115,2026-06-30,3084.92,1188
1247,2036,14,2026-01-07,3059.63,1183
1248,4599,127,2025-06-17,1236.5,1107
1249,3285,89,2025-08-01,7938.78,1080
1250,3814,128,2026-04-10,768.77,1158
1251,2472,67,2026-05-02,2989.99,1131
1252,2448,39,2026-06-26,3768.71,1035
1253,1186,68,2026-06-30,3077.44,967
1254,3567,116,2024-11-17,5461.1,1009
1255,6096,35,2024-07-08,3170.45,1085
1256,6645,23,2024-04-08,7546.08,907
1257,6733,130,2024-04-13,5068.73,1008
1258,4367,73,2025-10-18,7609.55,1063
1259,3853,80,2024-04-20,7457.49,1192
1260,4437,72,2025-04-09,2727.4,1184
1261,194,63,2025-03-03,5174.9,1170
1262,1704,14,2025-07-22,7855.19,966
1263,4693,29,2024-10-16,6492.97,983
1264,6551,39,2026-06-30,3911.13,1140
1265,2392,14,2024-06-11,7888.44,1073
1266,6107,34,2024-06-28,4016.99,1170
1267,333,105,2024-10-24,3005.84,1031
1268,536,140,2026-04-01,6618.43,1116
1269,3413,64,2025-11-20,2314.62,1070
1270,5373,9,2025-06-26,2243.59,1089
1271,6780,106,2026-02-26,2293.14,1155
1272,1364,45,2025-09-07,6655.37,977
1273,2565,140,2026-06-23,6865.79,980
1274,6303,8,2025-02-01,900.26,1167
1275,2114,40,2026-06-30,4269.65,1058
1276,4272,107,2026-02-09,1188.05,1044
1277,5995,8,2024-11-18,1451.69,1143
1278,286,113,2024-03-19,2791.73,924
1279,1105,60,2024-08-13,231.69,936
1280,2972,86,2026-06-30,7021.7,964
1281,1911,84,2026-06-30,5876.63,958
1282,5361,20,2024-09-11,1511.49,1060
1283,5978,36,2024-11-15,5536.91,989
1284,5050,133,2026-06-30,2723.24,1108
1285,3911,128,2026-06-30,7682.62,1165
1286,636,55,2025-03-06,3191.9,1028
1287,2411,131,2024-09-25,267.75,1082
1288,6856,50,2025-02-08,2924.39,1051
1289,4648,116,2026-06-30,2188.41,904
1290,926,92,2026-04-18,2299.53,1177
1291,3539,104,2025-06-21,4257.54,1075
1292,6029,71,2026-04-03,3103.22,1007
1293,648,34,2025-04-09,1412.4,1159
1294,1122,99,2025-07-13,1011.51,1087
1295,1273,82,2025-12-07,5863.39,1010
1296,1760,106,2024-10-26,2200.37,1200
1297,1584,90,2024-06-27,3199.23,1188
1298,4048,105,2026-06-30,5572.35,924
1299,5886,105,2024-09-28,1453.58,1176
1300,6059,51,2025-03-09,4489.34,963
1301,3720,107,2025-01-22,7538.66,998
1302,6314,14,2026-06-30,6664.42,981
1303,1424,7,2025-11-23,4308.41,999
1304,4334,27,2025-10-10,268.22,971
1305,5679,21,2026-06-17,2936.44,1123
1306,3220,95,2025-05-11,7791.24,942
1307,4720,62,2026-06-30,4336.83,1066
1308,5872,139,2026-06-23,2574.43,1009
1309,5526,105,2025-04-22,5478.85,1119
1310,3685,78,2024-01-18,7780.91,1115
1311,1580,110,2026-06-30,624.22,928
1312,5482,105,2024-10-09,5301.51,1015
1313,2172,8,2026-06-30,814.59,1119
1314,6157,96,2026-02-16,276.93,1164
1315,5328,5,2025-11-02,2894.8,949
1316,3385,43,2024-04-16,2708.89,1098
1317,888,73,2024-09-07,5997.47,1095
1318,1024,52,2026-06-30,911.49,998
1319,547,95,2025-09-03,7763.8,1090
1320,4373,103,2024-09-26,3916.25,1001
1321,1894,15,2025-04-16,7893.31,1183
1322,1620,58,2025-09-04,1642.18,1117
1323,5634,22,2025-06-23,5336.44,971
1324,5634,109,2026-03-12,5876.35,1148
1325,3467,29,2026-05-09,1484.24,1155
1326,2342,1,2026-04-28,2845.99,1080
1327,3117,136,2024-09-16,6000.64,901
1328,5535,117,2025-10-05,1080.87,1104
1329,6505,114,2025-04-06,1225.55,920
1330,362,35,2024-04-03,2469.0,1089
1331,1003,51,2026-06-30,4922.01,1086
1332,5938,25,2026-06-30,2528.12,1108
1333,6310,95,2026-02-09,2645.09,983
1334,3868,16,2026-06-30,2277.8,913
1335,5129,90,2026-03-01,5577.02,1184
1336,3520,89,2025-01-25,3159.15,1087
1337,996,19,2026-06-30,302.67,1076
1338,4487,114,2026-06-30,1824.6,1019
1339,4083,4,2025-04-14,2383.91,1130
1340,503,57,2024-11-20,5275.11,1188
1341,2167,29,2024-09-25,426.41,1062
1342,5024,71,2024-10-22,2376.25,995
1343,315,77,2026-06-30,1186.39,1081
1344,1291,27,2025-10-14,1781.88,983
1345,5296,36,2026-06-30,5204.46,1199
1346,5422,70,2024-11-06,923.77,1119
1347,49,75,2026-06-30,1559.45,931
1348,4808,41,2024-05-28,2169.28,1049
1349,2727,30,2025-09-16,1425.71,1099
1350,6351,102,2025-04-22,2418.88,1087
1351,3896,55,2024-03-21,1744.13,976
1352,6422,77,2025-01-12,1693.5,916
1353,248,115,2026-05-23,4848.98,1035
1354,3074,3,2025-05-25,5833.03,1130
1355,6196,99,2024-03-07,1735.55,1141
1356,3250,97,2025-05-16,4936.05,942
1357,3639,128,2026-05-02,5563.2,916
1358,3892,125,2026-01-20,3225.25,955
1359,6285,58,2024-04-09,3635.57,912
1360,2146,62,2026-05-08,6859.95,1087
1361,5505,96,2025-04-15,2278.86,936
1362,5342,96,2024-06-19,6210.48,1137
1363,6758,105,2026-06-30,2125.13,1177
1364,5123,93,2026-04-25,3971.48,910
1365,3780,48,2025-10-20,1258.48,1099
1366,1633,28,2024-08-23,6993.51,984
1367,2804,55,2026-05-19,2113.03,970
1368,3773,32,2025-07-22,3042.05,993
1369,3757,15,2025-06-20,4245.92,1034
1370,4478,121,2026-06-30,1770.4,1168
1371,3242,88,2024-09-15,3379.71,1082
1372,1591,39,2025-07-23,6887.14,1149
1373,3929,85,2024-09-22,7405.18,1001
1374,162,33,2026-06-30,2140.96,1092
1375,3743,75,2024-05-12,3207.98,1064
1376,6056,5,2025-08-10,1019.94,933
1377,4022,19,2025-11-15,1694.72,998
1378,875,87,2026-05-28,2040.1,1106
1379,4084,39,2024-11-16,7711.87,1081
1380,3643,121,2025-08-28,5073.79,1173
1381,3722,50,2025-01-05,6224.29,982
1382,2700,128,2026-06-27,4752.2,911
1383,1807,107,2025-01-27,859.01,1128
1384,1636,43,2025-11-21,3512.12,996
1385,5625,38,2026-06-30,5945.73,912
1386,5351,12,2024-07-20,653.36,1072
1387,3422,58,2024-11-07,3009.02,1121
1388,5700,41,2026-06-30,2599.66,1171
1389,1055,129,2026-01-17,603.87,1034
1390,383,98,2025-11-05,902.45,1157
1391,2327,47,2026-01-21,4607.5,932
1392,4164,127,2026-06-20,3639.19,1094
1393,5546,137,2024-09-15,2288.55,1195
1394,6257,60,2026-03-24,7487.33,1154
1395,5702,137,2024-10-24,4994.7,1017
1396,5783,105,2026-05-18,2936.85,928
1397,4380,14,2025-09-14,747.22,1030
1398,5112,139,2024-11-06,6834.84,936
1399,6562,125,2024-09-22,4406.8,1174
1400,6294,115,2025-01-13,3884.36,1050
1401,6982,113,2024-08-23,7957.31,1127
1402,6420,126,2024-04-16,1032.46,930
1403,3856,12,2026-06-30,4894.67,1033
1404,2363,91,2025-01-17,6483.2,1130
1405,1448,42,2026-06-30,5938.38,1068
1406,2461,39,2024-11-07,2583.31,991
1407,2979,14,2025-02-21,2972.55,1092
1408,986,35,2025-05-25,2619.29,1149
1409,2986,90,2025-11-04,765.63,981
1410,621,7,2025-11-02,2110.56,1050
1411,5458,74,2025-08-01,1928.6,1196
1412,3715,14,2024-06-10,4440.25,1128
1413,1504,65,2024-06-11,4175.08,1177
1414,3996,100,2026-05-12,1375.92,1115
1415,5791,88,2026-06-30,6315.08,1093
1416,2614,138,2025-10-11,2043.39,1087
1417,4360,138,2024-05-26,3790.85,1014
1418,1406,58,2024-11-14,6742.34,983
1419,4803,114,2025-11-16,5976.4,1192
1420,3590,39,2024-01-15,5785.34,927
1421,5757,94,2026-06-09,798.01,971
1422,1902,19,2024-05-13,2064.44,930
1423,3554,80,2026-06-05,2748.89,1003
1424,4466,44,2025-10-15,7168.87,1088
1425,3652,131,2025-03-05,3805.77,1158
1426,1174,130,2024-10-09,1623.94,1043
1427,3287,65,2024-05-11,6941.29,908
1428,4802,90,2026-05-15,1643.07,1046
1429,938,16,2025-08-16,4277.58,1183
1430,5905,44,2025-06-03,5465.11,902
1431,3158,46,2024-04-28,4358.29,979
1432,1896,118,2025-08-06,1315.9,1033
1433,2482,135,2026-06-19,832.55,1036
1434,5529,112,2026-06-30,857.35,1008
1435,800,27,2025-05-07,5981.87,1127
1436,2708,132,2024-10-26,5814.9,925
1437,3981,75,2025-10-20,1574.23,989
1438,5186,33,2024-03-25,1217.92,1105
1439,2249,95,2025-07-19,7982.55,1094
1440,3336,46,2026-06-30,2868.42,1100
1441,932,47,2026-06-30,230.32,988
1442,5358,13,2024-04-05,2377.7,910
1443,2156,80,2026-01-04,4371.09,1070
1444,4042,26,2026-04-11,790.63,937
1445,1182,84,2025-10-06,1293.22,1113
1446,4880,92,2026-06-30,343.59,961
1447,4622,3,2024-05-26,726.91,926
1448,6114,58,2026-06-30,4001.07,1078
1449,6357,111,2026-06-30,3094.82,1131
1450,5843,55,2024-04-27,2854.84,1002
1451,4143,87,2026-06-30,4625.66,989
1452,5940,73,2026-06-30,5446.37,1030
1453,5237,106,2026-06-10,2786.63,986
1454,4592,57,2025-03-24,1295.11,955
1455,5304,29,2024-07-10,6817.94,1190
1456,2222,12,2026-06-30,4051.99,1075
1457,3365,106,2026-05-15,3833.15,1095
1458,849,3,2025-12-27,2733.95,1076
1459,3873,33,2025-11-09,636.92,1121
1460,1018,38,2026-03-04,3887.16,1125
1461,3522,52,2025-05-03,6967.66,1167
1462,5189,57,2026-06-30,2815.51,1008
1463,2872,43,2025-08-16,2594.3,1031
1464,2235,94,2026-05-23,5610.01,941
1465,4259,17,2025-07-23,4123.89,987
1466,2912,107,2024-09-16,508.09,940
1467,5297,20,2025-11-08,1595.8,1025
1468,5734,36,2024-01-11,2967.18,917
1469,3385,127,2024-11-27,7573.05,1153
1470,5677,33,2025-08-19,4960.54,1018
1471,591,36,2024-09-13,5656.73,1087
1472,999,68,2024-12-25,5069.41,1170
1473,5141,96,2026-06-13,6155.43,1102
1474,2681,29,2025-06-28,2141.12,1181
1475,4856,50,2026-03-20,4940.4,1087
1476,2855,21,2025-02-08,1102.86,909
1477,5806,138,2026-04-02,1519.71,948
1478,3732,76,2026-04-23,5332.8,1119
1479,4605,21,2025-07-06,4164.22,1107
1480,4764,108,2025-09-18,5218.84,1032
1481,464,99,2026-06-30,5518.34,990
1482,6992,25,2026-06-20,7241.89,985
1483,2491,53,2025-11-06,4660.35,1025
1484,6215,132,2024-05-07,3633.21,1172
1485,6492,98,2024-05-28,3088.94,1195
1486,4413,87,2026-06-30,2687.12,1058
1487,2072,99,2026-06-04,821.93,1025
1488,6649,41,2026-01-22,4040.26,1197
1489,5871,24,2025-12-12,6395.58,1097
1490,2068,118,2026-06-08,5273.41,991
1491,5987,109,2025-05-14,6210.24,1126
1492,6965,31,2025-06-21,1499.24,1193
1493,4905,67,2026-02-11,5365.45,1049
1494,2495,71,2025-02-22,7142.24,1012
1495,2742,102,2025-10-20,1856.41,1091
1496,2437,68,2024-07-09,4739.85,1141
1497,3549,105,2026-06-30,1271.43,1102
1498,5027,32,2025-05-13,3170.3,1023
1499,5992,133,2025-10-08,4559.68,1193
1500,1663,99,2026-06-30,2799.68,1146
1501,2384,32,2025-06-21,2338.47,985
1502,2377,99,2026-06-30,4806.0,931
1503,1870,20,2025-10-03,4219.48,1121
1504,5120,100,2026-03-20,2800.24,1124
1505,2108,128,2025-07-12,2429.69,1099
1506,3193,51,2026-06-30,1440.9,923
1507,2798,114,2026-03-03,1335.09,1121
1508,5201,50,2026-06-30,5682.09,1188
1509,1163,84,2026-03-07,951.17,1031
1510,6413,135,2025-07-05,5319.58,949
1511,2714,133,2024-10-02,7062.6,1155
1512,2482,136,2026-01-10,6225.7,1060
1513,1481,117,2025-02-24,3682.98,1150
1514,2364,73,2026-04-15,2596.63,1180
1515,3968,19,2026-02-11,4498.24,1145
1516,3519,71,2024-10-22,5754.11,903
1517,2480,24,2024-05-27,2983.84,1032
1518,6266,78,2025-10-25,2836.2,1000
1519,5648,5,2024-02-25,6891.79,1106
1520,6803,111,2026-06-30,2790.76,1166
1521,972,21,2025-06-19,1771.43,930
1522,1452,129,2026-03-13,3779.06,952
1523,4998,16,2025-08-15,3883.11,1113
1524,1479,38,2025-06-08,4830.24,982
1525,1015,17,2025-09-22,3647.3,1139
1526,363,75,2026-05-03,2906.04,1053
1527,2633,13,2024-06-07,1274.4,1197
1528,1241,104,2024-11-02,4936.89,902
1529,627,19,2025-11-09,3777.44,934
1530,4564,108,2024-10-17,465.37,1187
1531,6252,63,2026-06-06,3610.02,916
1532,3967,111,2026-06-13,4179.35,1187
1533,4936,2,2025-05-05,1829.8,1105
1534,1204,138,2024-05-26,5213.25,1128
1535,6016,85,2024-11-18,633.15,1185
1536,1975,46,2025-10-21,4011.03,943
1537,4651,30,2025-03-06,1779.43,1057
1538,5316,101,2024-11-20,1073.19,998
1539,1653,19,2024-04-11,6954.25,1157
1540,3265,41,2026-05-13,7938.04,959
1541,2314,70,2025-12-27,7959.81,1011
1542,6271,33,2026-06-08,4189.27,1031
1543,6138,31,2026-06-30,3379.69,1012
1544,3479,98,2026-06-30,6015.6,1122
1545,3152,54,2025-08-11,5799.66,975
1546,4658,91,2026-06-30,555.83,1118
1547,6737,124,2024-10-15,2349.08,1165
1548,2001,52,2025-07-10,6078.81,1017
1549,6792,99,2024-03-05,4430.81,1110
1550,1968,122,2024-03-26,3148.94,1041
1551,2852,128,2026-04-10,4815.1,1019
1552,5206,16,2025-10-02,5720.27,1036
1553,462,106,2025-05-03,675.23,1186
1554,5350,58,2025-08-11,6762.08,1179
1555,822,87,2026-06-08,2634.09,1103
1556,72,49,2024-11-06,7425.57,1038
1557,1867,126,2025-09-18,1212.8,1142
1558,3987,19,2025-11-09,4611.17,970
1559,3569,98,2026-03-18,7549.8,1141
1560,2234,62,2025-09-06,1282.58,1079
1561,1143,133,2025-05-18,6413.34,1184
1562,3846,12,2024-03-15,4785.52,1172
1563,1201,33,2024-05-28,5177.89,1127
1564,1717,130,2025-06-27,4726.62,1063
1565,6077,36,2024-08-08,4734.09,1087
1566,3737,48,2026-03-22,4607.26,916
1567,5053,137,2025-04-12,4694.61,1118
1568,3859,87,2025-02-11,756.19,985
1569,1488,29,2024-11-03,1077.65,1075
1570,40,80,2026-04-17,3202.96,1122
1571,1932,69,2026-06-30,810.9,916
1572,2746,63,2025-03-19,215.77,904
1573,4214,119,2025-05-28,1694.71,946
1574,6264,20,2024-10-17,6491.06,1169
1575,3205,21,2026-03-18,4758.76,965
1576,2184,7,2026-06-30,3104.47,1120
1577,2283,15,2024-06-08,1190.91,969
1578,4081,137,2024-04-27,4272.64,913
1579,159,51,2024-05-27,5333.07,923
1580,3739,128,2025-03-05,4255.81,1114
1581,892,1,2025-10-25,1459.22,1148
1582,3945,132,2025-01-05,4255.32,910
1583,1154,50,2024-05-21,2469.45,1109
1584,582,80,2026-06-30,1092.61,969
1585,1002,59,2026-03-21,7719.35,1074
1586,2538,25,2024-12-24,7686.73,962
1587,623,95,2026-06-30,2602.57,979
1588,1197,99,2026-02-09,6298.57,1116
1589,1989,109,2026-06-05,441.86,1079
1590,3991,7,2025-06-12,666.36,1082
1591,207,104,2026-06-30,4783.88,1098
1592,1762,44,2024-12-11,2157.1,1098
1593,2978,78,2024-10-03,2306.64,928
1594,4520,126,2025-11-08,6296.18,938
1595,2569,39,2026-06-30,4943.18,1184
1596,801,54,2024-09-17,5120.18,1100
1597,2733,34,2024-04-17,3055.34,1170
1598,3314,102,2025-03-11,7982.63,934
1599,1675,70,2025-04-26,5025.03,925
1600,2748,108,2025-10-12,4736.53,1134
1601,4208,40,2024-05-02,1293.09,947
1602,421,87,2025-02-23,6488.23,1074
1603,4371,81,2025-03-22,307.74,1138
1604,5415,51,2026-05-13,2305.81,916
1605,1955,42,2025-06-22,1816.29,1012
1606,1653,124,2026-06-30,1607.77,999
1607,4646,53,2025-03-10,1399.91,914
1608,5198,123,2025-02-01,6083.07,982
1609,3971,132,2025-09-23,5169.71,1155
1610,4575,9,2026-06-30,662.26,1172
1611,3799,138,2026-04-20,3365.49,1173
1612,960,25,2024-03-15,4922.23,1023
1613,4710,70,2026-05-05,2018.81,1149
1614,1796,12,2026-03-03,5434.44,1042
1615,5306,109,2026-03-25,2218.4,937
1616,645,14,2024-11-26,350.59,1158
1617,137,84,2025-09-02,6084.94,1150
1618,816,134,2025-10-22,3011.1,952
1619,3652,44,2024-07-25,4013.07,911
1620,2743,117,2024-04-28,6708.83,973
1621,5849,85,2024-10-06,7261.57,1132
1622,1296,91,2025-11-16,3405.39,1067
1623,3204,82,2025-10-24,1339.32,1081
1624,5367,109,2025-08-13,970.49,997
1625,5752,86,2026-05-19,5195.69,1065
1626,4641,118,2026-01-22,248.17,1171
1627,6013,18,2024-09-07,1353.19,1144
1628,2572,68,2025-05-05,3316.08,1038
1629,2190,105,2026-03-18,1273.87,904
1630,1213,127,2024-11-14,4680.15,1093
1631,5301,140,2025-09-21,4553.94,1045
1632,6017,47,2024-06-10,2004.04,1200
1633,3908,10,2024-04-23,7398.27,1195
1634,4984,25,2024-06-12,4465.44,927
1635,2252,24,2025-04-22,257.07,1037
1636,4671,1,2024-06-08,2985.32,1082
1637,4079,59,2024-10-19,5085.1,1083
1638,405,31,2024-10-11,6515.8,1175
1639,6536,13,2025-11-03,4486.1,1065
1640,1990,84,2024-04-22,3145.91,1059
1641,1004,53,2026-06-30,3452.38,1022
1642,2788,68,2025-03-16,697.42,1066
1643,486,120,2024-06-09,3832.58,943
1644,5155,47,2025-01-19,3925.63,1190
1645,2004,36,2025-10-27,7423.24,953
1646,2360,18,2025-10-09,454.79,917
1647,1979,79,2026-06-30,2408.27,923
1648,1141,85,2026-03-17,4932.91,999
1649,5159,128,2025-09-14,6235.95,974
1650,4731,131,2024-03-17,1849.74,1137
1651,5635,55,2025-09-07,4151.82,1045
1652,5950,127,2024-10-02,4515.44,1078
1653,2489,53,2024-03-21,4690.34,1039
1654,4448,29,2025-04-16,5984.13,1138
1655,5735,122,2024-10-28,7166.56,939
1656,2848,59,2024-05-20,5824.78,1167
1657,4611,70,2025-05-14,4388.61,1028
1658,719,132,2025-04-01,3313.66,939
1659,4210,117,2025-10-02,5586.98,981
1660,1874,31,2024-07-19,5684.64,1111
1661,6182,118,2024-03-15,3861.75,1085
1662,2952,48,2024-03-26,5800.16,1057
1663,5207,55,2024-04-09,3906.82,972
1664,718,60,2024-07-21,4474.12,942
1665,6171,58,2025-10-08,5957.67,1007
1666,4593,125,2024-05-04,7477.86,1098
1667,5935,12,2025-01-13,4379.87,1011
1668,93,133,2025-06-11,2685.58,995
1669,1914,81,2024-03-06,2616.8,990
1670,6208,116,2026-06-30,1225.02,1048
1671,4564,118,2025-05-08,2912.75,1024
1672,2812,115,2025-03-06,3523.08,967
1673,6911,114,2025-04-16,4739.95,923
1674,4115,50,2024-12-20,2839.18,1190
1675,6038,43,2024-05-13,4130.22,1003
1676,5717,107,2024-05-24,4943.03,1131
1677,6653,127,2026-03-05,674.47,1022
1678,3959,6,2024-11-02,6175.61,1191
1679,6832,111,2025-04-08,4819.18,1174
1680,5538,11,2026-06-08,1094.08,920
1681,4895,93,2026-06-30,5081.09,921
1682,1027,63,2026-04-28,947.06,1066
1683,1132,98,2026-06-11,7877.78,1161
1684,4170,88,2024-10-04,2784.65,1049
1685,4934,15,2024-06-10,7745.7,1154
1686,4841,24,2025-03-02,6389.61,1078
1687,4657,130,2025-12-21,7269.89,1072
1688,3028,97,2026-06-13,5770.66,969
1689,4162,55,2026-05-22,2776.58,1193
1690,4110,63,2025-09-21,7091.63,1145
1691,3441,82,2026-04-21,4218.44,1069
1692,416,5,2025-08-15,737.85,1121
1693,523,13,2026-05-09,4463.54,938
1694,2124,57,2025-09-16,2906.79,941
1695,3693,132,2026-06-30,7775.84,973
1696,491,52,2025-10-13,491.43,979
1697,6045,95,2026-04-05,1276.06,1145
1698,1288,119,2026-06-30,5573.27,905
1699,3235,90,2025-04-19,2284.44,961
1700,5048,140,2024-10-19,3907.32,1184
1701,2131,27,2026-05-18,7921.62,1124
1702,4511,139,2024-09-09,3712.07,980
1703,3201,26,2026-06-30,3581.77,1183
1704,1414,117,2025-10-09,4901.38,946
1705,3043,104,2024-10-12,425.1,1021
1706,4593,2,2025-08-26,3461.35,1136
1707,1600,51,2026-06-30,1104.63,929
1708,4993,61,2024-05-27,2549.93,962
1709,5395,49,2024-05-26,5974.29,1011
1710,4034,68,2024-04-15,5347.02,1074
1711,6066,13,2024-07-01,3773.49,928
1712,642,114,2025-02-10,5343.96,1178
1713,4123,114,2024-06-10,1656.29,925
1714,3322,140,2026-06-30,5707.25,954
1715,6172,136,2025-10-13,7943.6,1065
1716,3992,59,2026-04-13,6705.08,1071
1717,1693,30,2024-09-26,3978.97,1114
1718,154,13,2024-05-04,4255.92,931
1719,1443,115,2025-12-15,7702.03,943
1720,6432,60,2025-11-23,6167.99,1101
1721,5990,57,2024-06-02,4291.79,1094
1722,5421,54,2024-02-14,3645.24,1158
1723,2505,75,2025-06-25,4719.33,1131
1724,2698,69,2026-05-07,5452.57,1192
1725,2158,13,2026-06-05,3875.62,1126
1726,648,2,2025-10-21,4486.36,1004
1727,6399,67,2024-05-11,1611.22,1054
1728,6171,5,2025-04-08,2939.93,980
1729,5842,69,2024-02-15,2069.7,929
1730,5066,23,2025-07-12,1215.22,1092
1731,5939,28,2025-10-19,1447.86,1054
1732,1286,103,2024-03-06,1885.77,944
1733,1227,120,2026-06-30,1114.56,949
1734,2418,111,2024-01-18,431.92,1192
1735,2637,61,2026-06-30,2925.51,1123
1736,2278,90,2025-05-14,5167.2,1179
1737,6225,14,2024-08-05,3620.76,975
1738,6761,103,2026-05-07,7782.21,1105
1739,5258,21,2026-05-03,6361.72,1182
1740,3153,41,2025-05-21,678.01,932
1741,6289,62,2024-05-12,1951.58,924
1742,585,28,2026-06-30,2903.35,922
1743,2180,116,2025-09-01,5207.22,1140
1744,286,107,2025-01-04,2750.88,1140
1745,4740,79,2026-06-30,6590.57,1072
1746,2352,135,2026-05-27,200.74,1112
1747,6888,73,2026-02-24,903.53,1153
1748,2840,53,2024-03-09,512.43,989
1749,501,69,2024-11-15,6507.26,986
1750,4589,22,2024-06-07,3281.13,1100
1751,3472,23,2026-06-30,2020.72,1094
1752,4668,75,2024-02-24,2513.52,917
1753,5955,92,2024-09-28,729.74,1112
1754,6129,90,2026-02-23,2226.65,915
1755,1543,4,2026-03-27,5155.84,903
1756,3061,20,2024-03-26,5340.15,931
1757,357,78,2024-05-01,7235.17,1023
1758,600,82,2026-06-19,7663.84,1176
1759,5616,19,2025-11-26,6642.94,1082
1760,431,82,2025-03-21,1417.37,1082
1761,1605,28,2024-05-01,7850.68,1050
1762,4935,9,2024-09-15,2232.29,1108
1763,4626,139,2025-08-09,5377.01,1096
1764,555,50,2024-09-09,6960.9,1153
1765,4727,67,2026-01-15,2436.07,1158
1766,5919,56,2026-06-28,234.42,911
1767,2840,126,2024-04-06,7973.92,1039
1768,2295,59,2024-04-08,3681.03,1015
1769,1772,120,2026-04-21,7138.68,1006
1770,4126,125,2025-10-23,4981.83,968
1771,475,83,2025-10-25,6863.25,1005
1772,6946,94,2026-06-18,7488.45,951
1773,5822,39,2025-04-16,5636.38,1171
1774,5627,87,2025-10-25,7556.6,1026
1775,6648,113,2024-12-07,3487.51,1083
1776,4440,138,2024-09-16,5456.48,1049
1777,194,125,2026-04-19,7529.6,1022
1778,3209,126,2025-07-01,1617.77,1064
1779,4969,70,2025-11-08,3141.52,1041
1780,6267,120,2026-06-30,5807.78,973
1781,5755,52,2026-06-30,2950.44,1080
1782,1042,71,2026-06-14,7857.43,963
1783,2768,28,2024-04-16,4081.89,945
1784,1851,37,2026-06-30,2265.31,1089
1785,4989,131,2026-05-03,6920.78,978
1786,2347,25,2024-06-15,2837.29,903
1787,5661,100,2026-06-01,3785.74,1165
1788,2373,61,2025-02-14,4120.33,1135
1789,4904,77,2025-09-02,487.98,997
1790,2456,93,2024-08-08,6407.05,1151
1791,2563,55,2024-01-11,5274.49,1140
1792,848,125,2025-11-13,831.98,967
1793,6622,126,2025-11-09,979.71,1113
1794,2427,31,2026-06-14,5628.62,979
1795,4199,75,2025-06-27,3319.97,1075
1796,3556,32,2025-12-18,7425.85,1024
1797,1875,112,2026-02-15,1823.16,1042
1798,3795,23,2025-11-02,4222.71,1162
1799,3967,77,2026-05-25,6091.94,1039
1800,34,11,2026-06-30,6070.77,1092
1801,767,67,2024-10-09,7429.34,1066
1802,2550,15,2025-04-09,7657.76,1179
1803,6986,133,2025-09-24,7248.19,1146
1804,891,84,2025-11-14,3540.55,948
1805,1316,84,2024-04-21,7889.01,1078
1806,3132,80,2024-06-04,4313.22,1139
1807,2362,26,2024-04-19,661.49,927
1808,3546,133,2026-06-30,6428.47,942
1809,6579,26,2024-03-07,2342.38,1138
1810,3382,63,2024-10-12,6482.1,1041
1811,5140,66,2026-06-30,6039.02,1046
1812,2970,14,2025-08-03,5511.19,1041
1813,3298,18,2024-06-05,4486.85,934
1814,6007,20,2024-01-26,4413.92,1159
1815,3860,2,2025-10-13,5776.67,991
1816,5327,114,2026-06-30,482.1,1117
1817,3165,31,2024-09-22,4602.73,1157
1818,2000,48,2026-05-17,7307.76,993
1819,4845,127,2026-06-30,2617.55,948
1820,4410,52,2024-08-17,2790.86,1121
1821,1208,97,2024-09-16,7275.93,1189
1822,3220,49,2026-06-30,2289.43,1049
1823,3110,28,2026-03-04,2259.95,910
1824,5083,21,2024-12-04,4866.75,1048
1825,4031,121,2026-03-16,7743.67,918
1826,2484,76,2024-11-03,6809.52,1028
1827,552,90,2025-04-24,2521.29,996
1828,6041,49,2024-09-20,5643.6,1048
1829,5398,131,2024-11-09,6106.11,968
1830,2419,110,2026-06-30,2553.51,914
1831,3212,43,2024-04-17,7388.48,904
1832,6348,49,2025-09-07,2367.11,1186
1833,5036,39,2024-01-20,1986.3,1118
1834,1840,96,2026-05-21,5220.82,1157
1835,3455,87,2026-04-06,2992.13,1128
1836,5734,9,2025-08-25,6420.79,956
1837,6371,47,2024-08-09,2371.81,1036
1838,3899,72,2025-02-13,6245.04,1037
1839,2295,106,2024-12-23,7977.75,1078
1840,3906,47,2025-03-08,5234.38,956
1841,2972,138,2024-10-19,3504.47,1015
1842,682,49,2025-11-07,1585.82,1132
1843,1657,110,2025-11-09,4385.28,1081
1844,5514,94,2026-06-30,4988.73,1029
1845,1130,69,2025-05-16,4132.28,1130
1846,5796,25,2025-03-27,2312.54,1134
1847,4992,125,2024-09-16,3519.92,1052
1848,244,79,2024-03-10,3449.77,1185
1849,2476,124,2025-05-02,4780.27,988
1850,6859,106,2025-03-24,1794.14,1024
1851,1776,26,2024-10-22,7376.38,1075
1852,6098,96,2024-12-09,3775.96,991
1853,1540,107,2024-10-12,5288.99,1097
1854,936,4,2024-02-21,1893.98,929
1855,198,89,2026-04-28,7253.85,1155
1856,144,100,2026-06-30,6767.91,1100
1857,2940,128,2026-06-30,7322.63,1080
1858,6941,128,2024-05-27,2231.33,1020
1859,4484,3,2024-08-13,5723.38,1060
1860,788,45,2025-09-10,393.18,1048
1861,2578,69,2026-06-30,3954.84,1167
1862,5815,29,2025-11-16,3071.49,970
1863,2870,82,2025-05-17,4078.12,946
1864,4301,15,2024-06-16,4410.28,1066
1865,5409,122,2026-01-20,6623.03,923
1866,1597,100,2024-09-25,4598.6,993
1867,973,5,2026-06-30,2266.01,1115
1868,5699,121,2026-04-26,5432.26,1049
1869,909,91,2025-03-02,3684.49,1119
1870,760,97,2026-05-10,607.27,1054
1871,2819,90,2025-09-25,6099.62,964
1872,6389,112,2026-04-26,4929.35,936
1873,6301,116,2026-04-14,268.03,1077
1874,3708,28,2024-10-01,3939.66,1039
1875,4610,140,2026-06-30,2757.12,1019
1876,4039,140,2026-02-23,3687.76,1123
1877,6224,89,2026-06-30,5653.15,1024
1878,5337,65,2024-08-16,5351.44,1147
1879,6115,133,2025-04-17,6678.93,1089
1880,2018,14,2024-05-25,1719.15,1033
1881,3564,70,2024-01-04,4329.58,1109
1882,1593,127,2024-06-13,572.12,1136
1883,5653,73,2024-07-27,1430.6,949
1884,5537,114,2025-09-20,5317.96,951
1885,6471,73,2025-08-24,5814.05,1049
1886,2634,82,2024-11-17,7604.68,948
1887,2559,8,2026-06-30,2273.52,935
1888,307,57,2026-04-02,3651.8,1152
1889,1983,70,2024-10-22,3223.76,1077
1890,928,1,2024-07-20,963.6,1136
1891,4971,19,2026-04-05,3573.9,1073
1892,624,97,2025-09-09,6913.63,1002
1893,1693,26,2024-05-13,742.7,1163
1894,5565,81,2024-08-18,1944.96,1096
1895,6496,40,2024-05-10,4671.59,960
1896,296,50,2026-06-30,3654.84,971
1897,3220,126,2025-04-24,7961.62,1110
1898,5279,114,2025-10-28,3786.24,945
1899,1788,20,2025-01-16,3323.47,965
1900,233,91,2025-09-19,5977.35,1063
1901,1476,97,2026-05-26,5037.14,1175
1902,4523,39,2026-05-19,3044.41,954
1903,1248,32,2026-06-30,2154.88,1026
1904,87,129,2026-01-17,4056.52,1126
1905,5923,117,2026-02-02,4214.08,1078
1906,4147,133,2025-06-07,4341.39,1148
1907,1319,75,2025-10-20,391.92,925
1908,3503,72,2024-04-19,4891.73,1083
1909,3972,87,2024-06-20,5173.43,929
1910,3804,51,2024-09-24,419.34,1185
1911,780,122,2024-05-22,4994.59,1071
1912,6806,58,2026-06-30,1496.86,1100
1913,983,37,2024-05-01,1369.51,1010
1914,1952,5,2024-07-13,3255.35,1198
1915,4989,129,2025-06-25,3193.4,902
1916,3744,81,2024-05-16,2081.52,944
1917,5268,125,2025-02-28,548.11,1125
1918,5304,84,2025-10-18,4329.9,1200
1919,2753,107,2024-03-02,262.52,1166
1920,4206,24,2025-03-05,7335.39,1131
1921,1056,103,2025-10-27,209.31,938
1922,5246,28,2024-05-08,2789.4,1169
1923,1506,103,2025-06-21,589.21,1149
1924,4189,74,2024-07-03,3637.81,1085
1925,6472,55,2025-10-01,4753.96,1056
1926,1769,42,2025-12-02,1475.08,1048
1927,656,61,2025-01-21,5179.53,958
1928,5655,29,2024-11-02,7067.08,1014
1929,3938,140,2026-06-30,5340.62,1084
1930,4093,103,2025-05-08,5245.82,963
1931,3037,33,2024-05-13,1590.95,994
1932,1964,54,2025-11-05,3110.09,969
1933,3830,137,2024-05-10,3940.58,1073
1934,1471,89,2025-04-11,7597.48,935
1935,1291,35,2026-03-21,3132.96,964
1936,2243,32,2026-06-30,7392.7,1170
1937,4193,33,2026-02-20,639.45,1063
1938,2991,78,2024-05-26,6096.5,1182
1939,5848,116,2025-12-26,3331.03,953
1940,1134,42,2026-03-05,6351.78,971
1941,3186,133,2024-08-03,4823.47,993
1942,5436,131,2026-05-14,800.42,1167
1943,3397,6,2024-05-05,4102.33,949
1944,3159,109,2024-01-09,5611.63,1074
1945,2639,13,2026-01-25,7962.73,1098
1946,454,97,2024-05-05,945.52,934
1947,2349,4,2024-09-26,6084.35,1188
1948,1697,86,2024-03-04,3411.91,946
1949,3829,75,2025-04-15,1520.27,1112
1950,6591,113,2026-06-05,5959.89,1103
1951,6261,67,2025-05-26,4656.29,913
1952,4665,120,2025-05-12,686.06,957
1953,3517,54,2025-06-20,3676.66,1133
1954,4874,96,2025-04-17,3937.97,1151
1955,701,129,2025-04-12,2932.56,1051
1956,4711,85,2024-12-16,7855.62,1181
1957,1022,95,2024-05-20,7746.76,945
1958,52,60,2025-05-16,1138.2,1052
1959,5675,9,2024-11-01,6255.94,1124
1960,6471,82,2024-10-18,5262.57,1084
1961,5002,98,2025-06-18,409.46,1184
1962,6363,129,2024-09-26,5269.95,965
1963,403,34,2025-11-04,5656.0,909
1964,3514,67,2025-08-10,3311.06,1141
1965,2878,84,2025-03-02,4756.23,945
1966,5429,4,2025-05-01,5189.42,1120
1967,5056,67,2024-04-21,328.89,934
1968,1105,27,2024-05-19,790.28,908
1969,2889,94,2026-06-18,1634.18,937
1970,1895,85,2026-06-30,6589.49,1048
1971,4808,131,2025-11-09,2244.3,1097
1972,2508,49,2025-06-12,6026.46,1012
1973,5369,74,2026-06-30,7141.8,1067
1974,112,81,2025-03-13,6750.34,1065
1975,870,132,2024-04-01,3888.7,1029
1976,920,124,2024-07-05,3865.18,975
1977,3923,54,2025-09-04,7224.58,1194
1978,47,122,2025-09-20,541.49,978
1979,3817,12,2024-09-17,6291.09,915
1980,5815,26,2025-04-24,7934.58,1137
1981,6025,13,2026-04-09,1779.45,1103
1982,306,73,2025-03-16,430.61,908
1983,4671,40,2024-10-18,801.57,1120
1984,6522,106,2025-07-15,7167.38,1144
1985,2875,89,2026-06-30,7757.65,935
1986,5879,100,2025-03-06,5202.04,1019
1987,6173,132,2026-06-30,6879.99,928
1988,552,71,2024-07-25,1745.57,1149
1989,1073,84,2024-05-26,6799.12,1169
1990,6048,55,2026-06-30,3231.41,1069
1991,1977,31,2026-06-04,2708.86,1155
1992,5241,129,2024-10-03,3266.04,1128
1993,1138,108,2025-03-19,7965.74,1078
1994,2911,16,2024-10-17,7880.66,999
1995,1411,104,2025-04-08,3281.06,1045
1996,2436,84,2024-08-10,3951.82,1053
1997,6778,97,2025-09-04,3274.77,904
1998,3071,19,2025-03-23,4341.64,939
1999,6021,84,2026-06-30,7317.18,1096
2000,1825,16,2026-03-21,4130.52,1146
2001,2470,18,2024-12-06,641.36,1137
2002,944,76,2026-06-30,2395.4,952
2003,893,131,2025-04-27,682.5,1057
2004,6207,93,2025-04-27,4682.15,1185
2005,3639,76,2024-10-09,3692.59,938
2006,1674,58,2026-06-30,7089.19,1060
2007,1044,61,2024-10-02,5252.14,1035
2008,1187,60,2025-06-28,413.59,1125
2009,6568,135,2024-04-21,6513.8,1199
2010,2493,71,2025-06-07,3983.86,944
2011,965,49,2025-01-16,4279.74,994
2012,6161,127,2024-11-28,3450.26,1148
2013,2838,65,2025-05-01,675.96,1013
2014,6775,99,2025-07-14,7263.96,1066
2015,6060,58,2024-05-09,4770.04,1028
2016,3011,95,2024-04-07,620.41,976
2017,318,54,2026-06-30,2178.84,966
2018,4197,6,2026-03-16,3338.21,915
2019,735,33,2026-06-30,7817.06,1042
2020,2390,140,2026-06-30,2012.23,983
2021,498,53,2026-06-30,2743.96,1072
2022,4604,32,2024-06-15,3215.35,1178
2023,4127,49,2024-04-14,2910.62,1189
2024,2811,107,2026-04-24,2195.48,1009
2025,862,112,2024-03-13,4691.95,1101
2026,3850,63,2025-09-01,1798.72,1116
2027,5578,75,2024-10-02,3433.18,968
2028,2935,35,2025-05-17,2856.89,1096
2029,3928,119,2025-10-21,498.41,976
2030,6809,20,2025-11-13,4455.28,1020
2031,2510,72,2026-06-25,7459.79,1185
2032,4758,47,2024-04-23,4897.36,1101
2033,820,57,2026-06-30,5616.62,1159
2034,6850,85,2025-10-07,5370.52,1115
2035,5353,113,2024-04-13,1841.88,966
2036,6598,136,2025-10-26,2062.52,1164
2037,4376,80,2026-06-09,1010.25,917
2038,5354,82,2026-01-27,2260.65,1065
2039,5204,39,2025-10-21,7614.85,1137
2040,5068,66,2024-03-02,6846.08,996
2041,678,120,2025-04-22,7614.73,1166
2042,1298,138,2026-05-18,6925.9,1099
2043,4672,1,2026-06-30,5472.54,979
2044,66,15,2025-05-19,7657.82,1010
2045,5237,111,2025-04-02,5084.56,998
2046,1161,77,2024-10-06,5947.53,1070
2047,6697,90,2025-10-02,6821.05,934
2048,4055,129,2026-03-22,6175.09,1153
2049,5511,106,2026-06-30,7623.11,1167
2050,1619,83,2024-04-14,6577.34,1138
2051,299,109,2024-06-13,5033.95,992
2052,223,91,2024-06-21,2521.46,991
2053,1762,127,2026-06-30,1499.68,1090
2054,4546,126,2026-06-30,7367.22,989
2055,1136,95,2026-02-10,606.89,1051
2056,1156,127,2025-08-20,7065.2,1139
2057,5627,86,2024-11-15,2553.97,1162
2058,5244,46,2024-04-15,885.51,1098
2059,6543,101,2025-09-08,1422.32,1186
2060,2002,44,2026-04-15,3264.57,1034
2061,6043,111,2024-04-15,4734.44,1111
2062,6417,72,2024-11-25,3236.93,947
2063,6929,71,2025-03-14,2989.17,1087
2064,692,91,2026-03-03,5166.61,918
2065,6481,90,2026-06-30,4710.18,1097
2066,1175,87,2025-06-11,4972.94,1018
2067,3983,81,2025-02-17,2401.88,1187
2068,5859,6,2024-02-13,7475.26,956
2069,5213,5,2026-01-03,6103.2,1039
2070,4336,21,2024-06-22,7437.12,1082
2071,6874,135,2025-06-05,7048.75,1162
2072,6519,104,2026-06-30,1525.09,1001
2073,6636,41,2025-05-22,4675.31,1019
2074,3148,33,2024-09-21,2143.59,952
2075,3254,86,2026-05-15,6546.14,1004
2076,6234,54,2025-11-06,883.19,1111
2077,1846,34,2025-12-06,1327.24,935
2078,6733,34,2025-05-09,2523.7,930
2079,6197,58,2026-04-23,810.54,1048
2080,5350,10,2025-01-02,1908.82,1023
2081,3745,91,2025-06-12,4769.02,1092
2082,5754,18,2026-06-30,2889.34,1013
2083,1598,134,2026-06-30,341.26,1097
2084,6021,2,2024-06-10,819.98,1124
2085,861,120,2024-09-07,7919.97,1166
2086,541,104,2024-09-04,671.33,920
2087,4053,45,2025-05-24,5440.3,1147
2088,804,112,2024-06-26,7042.44,973
2089,3352,56,2024-10-23,5490.41,1011
2090,1875,92,2025-04-04,2680.07,1178
2091,5247,66,2024-11-11,2549.56,1189
2092,2228,31,2026-06-30,7058.96,1051
2093,4437,71,2026-06-30,6196.17,1038
2094,1716,41,2024-04-09,3344.46,1045
2095,907,85,2025-05-04,5728.27,1116
2096,4740,88,2024-10-17,868.9,920
2097,5584,100,2026-06-30,4832.97,964
2098,3115,102,2025-11-24,4177.02,1124
2099,257,43,2025-04-06,1674.27,1044
2100,1975,79,2026-06-30,5756.63,1179
2101,5288,50,2024-12-15,3812.61,1145
2102,847,115,2025-11-01,6953.79,913
2103,1571,33,2025-11-12,7584.05,1182
2104,1064,26,2026-04-22,3760.48,942
2105,966,122,2026-05-05,3965.04,957
2106,3695,45,2026-06-30,860.39,1029
2107,6125,131,2025-11-12,6517.02,1039
2108,257,95,2026-05-22,5592.68,982
2109,5932,64,2025-02-24,954.63,1063
2110,268,123,2024-02-02,7516.07,1158
2111,2687,47,2026-04-25,3137.88,985
2112,5817,3,2025-02-09,6245.86,1071
2113,2497,59,2026-06-30,3719.51,1145
2114,706,95,2024-06-21,3673.78,903
2115,5508,71,2024-05-17,2877.64,1071
2116,3054,64,2026-06-12,1264.28,1166
2117,520,14,2026-05-01,203.81,1020
2118,1346,37,2025-05-18,3064.09,970
2119,3480,71,2026-06-30,4804.46,1046
2120,6789,98,2025-01-04,5764.54,1126
2121,6773,85,2026-06-30,3364.43,1034
2122,2224,60,2024-09-11,7419.37,1013
2123,1915,29,2026-06-30,7764.16,1100
2124,2142,122,2024-10-08,6320.26,1057
2125,2395,21,2024-07-25,4755.04,1187
2126,6492,100,2025-04-25,6766.06,967
2127,4517,140,2025-04-22,4442.62,1158
2128,1951,87,2026-06-30,5063.19,964
2129,3028,27,2026-06-30,5641.39,1034
2130,2159,132,2025-10-11,6989.81,997
2131,2078,3,2026-06-30,5787.91,918
2132,4719,60,2025-08-06,1427.83,976
2133,1028,69,2026-06-30,6144.05,992
2134,3153,84,2024-09-16,1208.96,1106
2135,2771,134,2026-06-30,2478.14,912
2136,2786,19,2025-10-20,2281.4,932
2137,4158,49,2024-01-17,2769.03,958
2138,3589,19,2026-03-24,762.37,1164
2139,1777,101,2025-08-02,4779.8,1095
2140,6091,68,2024-05-17,4293.84,1165
2141,1693,73,2025-10-04,1369.08,1049
2142,483,71,2024-10-22,6886.2,909
2143,5579,113,2024-12-27,2986.66,917
2144,6497,33,2026-06-30,2965.46,1060
2145,1566,121,2025-07-11,2254.4,1068
2146,835,58,2024-04-22,4932.23,962
2147,4386,76,2025-05-10,447.23,1103
2148,2501,47,2026-03-27,1642.65,1015
2149,4808,62,2024-06-14,649.2,1034
2150,153,47,2025-04-14,944.25,923
2151,6819,128,2024-05-24,4738.81,1195
2152,2837,12,2024-09-03,697.19,1027
2153,4185,33,2026-06-30,7513.15,931
2154,328,30,2026-02-06,3028.1,1177
2155,1032,19,2026-03-25,6054.72,1067
2156,978,39,2025-02-04,1705.82,1005
2157,3746,87,2026-06-30,5476.07,952
2158,4192,138,2026-06-20,840.2,907
2159,2560,84,2025-05-18,7586.84,954
2160,1895,106,2025-05-27,5590.97,977
2161,6958,59,2026-04-19,3414.89,1179
2162,6142,129,2026-04-11,5302.06,1173
2163,2549,45,2026-01-27,1987.36,1001
2164,4846,74,2025-11-01,3344.95,1051
2165,4376,107,2024-01-08,2345.35,1167
2166,4473,87,2026-06-30,258.35,1196
2167,2489,127,2024-12-21,1116.05,1009
2168,5477,82,2026-06-30,3775.31,979
2169,2940,132,2026-06-30,6740.27,1064
2170,891,63,2024-09-12,3344.11,1165
2171,4986,17,2024-04-25,2135.22,1125
2172,3427,17,2025-06-28,4462.66,934
2173,963,17,2025-07-08,7426.54,1139
2174,3910,112,2024-04-21,3256.58,945
2175,6622,67,2026-06-04,1692.99,920
2176,1321,56,2024-11-25,7752.65,1019
2177,3467,33,2024-11-11,4109.62,1188
2178,6075,46,2026-06-30,5612.01,1083
2179,6013,30,2025-11-19,7078.67,1152
2180,1785,52,2024-10-03,717.45,1139
2181,2288,14,2025-04-04,7996.29,1130
2182,5945,98,2024-11-02,6284.82,1012
2183,95,65,2026-05-06,3664.53,1106
2184,516,4,2024-10-02,7252.42,1083
2185,223,44,2025-02-09,1117.12,988
2186,4298,103,2024-03-03,821.57,1068
2187,1056,100,2026-06-30,7101.13,1068
2188,5282,6,2024-01-19,5462.54,1127
2189,1606,21,2025-10-11,5890.29,1164
2190,5669,119,2026-05-17,2680.7,1048
2191,4455,45,2025-09-06,4788.95,1062
2192,5979,25,2026-06-30,6276.31,1095
2193,3489,84,2026-06-03,5385.27,1069
2194,341,112,2025-05-08,3950.39,992
2195,3678,2,2024-05-15,6843.53,1012
2196,3009,108,2024-11-12,1970.82,1107
2197,5206,81,2024-10-15,1969.69,1135
2198,1779,112,2024-05-28,5021.44,1065
2199,4108,3,2026-02-18,2636.81,1096
2200,322,104,2024-05-10,3392.86,1070
2201,768,85,2025-09-18,6566.16,1077
2202,3338,84,2026-06-30,1907.04,1006
2203,3798,21,2025-10-12,810.76,1028
2204,4853,38,2026-06-30,1095.57,1135
2205,4216,109,2026-04-07,5126.22,1152
2206,4395,24,2025-04-28,4580.93,1086
2207,5884,15,2024-07-01,4391.46,1101
2208,4031,97,2024-03-21,4584.42,1053
2209,6504,44,2026-04-20,3298.49,1022
2210,6309,53,2025-06-27,6764.58,1111
2211,3054,30,2024-10-25,4948.02,1134
2212,2101,127,2024-09-11,5720.76,952
2213,6284,25,2026-06-30,6466.82,1106
2214,1905,59,2025-12-16,6493.18,1128
2215,2883,126,2024-03-13,6021.4,1141
2216,5369,96,2024-10-20,4262.01,1097
2217,2979,34,2025-11-25,6835.58,1047
2218,3522,72,2025-07-24,6059.93,1089
2219,5684,131,2025-06-02,2761.08,1086
2220,3683,47,2026-06-20,6784.74,963
2221,1630,71,2025-11-24,7460.7,1162
2222,4520,44,2024-02-07,6309.77,1056
2223,5182,115,2025-06-28,2452.4,1044
2224,4454,112,2026-05-21,7179.67,963
2225,493,59,2024-05-16,2734.14,1134
2226,4714,15,2026-06-30,5549.91,938
2227,1228,21,2025-10-22,4074.6,976
2228,601,114,2025-03-27,2263.02,1048
2229,2071,90,2026-06-30,4568.01,923
2230,5857,6,2026-05-11,3027.72,934
2231,4920,119,2026-06-30,1544.19,1038
2232,3512,58,2025-04-27,4107.39,1068
2233,1984,90,2025-01-13,309.42,1033
2234,198,84,2026-06-30,386.48,997
2235,5277,76,2026-06-30,5531.35,1076
2236,138,5,2025-06-28,6518.66,1153
2237,4295,81,2026-05-04,1000.14,1019
2238,3695,137,2024-09-19,7065.81,1077
2239,4982,70,2024-01-02,1076.3,905
2240,6474,20,2024-10-18,5223.39,977
2241,96,11,2025-06-09,7130.85,990
2242,2413,11,2026-06-30,7194.13,973
2243,6334,10,2025-02-28,4096.03,1022
2244,6820,66,2026-06-30,2631.3,1196
2245,1033,6,2026-03-28,2634.82,1163
2246,3303,23,2025-10-07,4696.79,975
2247,1573,75,2025-05-06,2574.53,973
2248,2633,26,2025-03-04,3416.95,1087
2249,1765,32,2025-09-14,2699.65,1113
2250,5833,103,2025-04-08,3087.46,1110
2251,4349,137,2024-11-23,2656.41,1135
2252,2488,81,2024-03-26,4326.18,1044
2253,5246,30,2024-09-24,3438.34,1178
2254,5257,22,2024-06-04,4149.76,1109
2255,2531,83,2025-02-15,1292.3,979
2256,5371,49,2026-05-23,4618.42,979
2257,6351,20,2024-09-27,2574.52,994
2258,943,57,2026-06-30,3299.43,972
2259,6044,124,2025-12-27,5894.35,1066
2260,2452,87,2025-01-22,1621.21,1194
2261,5958,71,2025-02-08,7609.96,1045
2262,2900,65,2025-03-27,7175.34,943
2263,2879,8,2025-01-27,5681.61,938
2264,6105,52,2026-06-30,4507.97,901
2265,1498,137,2026-06-08,6846.09,1078
2266,5807,8,2025-11-28,1532.68,1026
2267,5360,126,2026-02-23,3284.99,1010
2268,4676,38,2024-09-24,6549.62,1030
2269,4857,128,2025-04-09,2958.78,1194
2270,376,110,2024-07-06,694.4,918
2271,1615,46,2025-03-01,7262.41,1157
2272,5326,105,2026-06-30,3554.27,1101
2273,4468,3,2025-08-16,525.85,1072
2274,4475,73,2024-09-13,2060.14,949
2275,4642,135,2025-09-05,5500.69,1150
2276,3539,68,2026-02-02,4105.18,1107
2277,4317,121,2026-06-30,5486.14,1061
2278,173,34,2024-04-15,7047.14,1053
2279,3434,51,2025-03-03,3649.71,1163
2280,3711,111,2024-03-23,6302.68,937
2281,2611,18,2025-12-04,1717.39,1091
2282,4234,20,2026-06-24,625.99,1182
2283,6524,34,2026-03-14,6571.47,1023
2284,6038,138,2025-09-21,1738.78,1042
2285,5964,34,2024-11-12,4264.36,912
2286,628,92,2026-02-07,5335.32,980
2287,4224,88,2026-06-30,225.82,1185
2288,6342,101,2026-06-30,4387.45,977
2289,3901,28,2025-07-03,5095.67,972
2290,4037,93,2025-11-20,5404.53,1079
2291,163,68,2024-04-02,6456.82,961
2292,4437,122,2024-10-14,5811.63,908
2293,4127,38,2025-08-01,3347.43,1153
2294,3121,119,2026-03-23,4065.02,998
2295,6552,34,2024-05-22,1612.5,1167
2296,934,106,2025-03-20,3084.8,1200
2297,1392,40,2026-04-09,2466.06,1033
2298,4552,106,2026-06-30,1362.1,969
2299,1963,86,2026-06-30,4850.82,1081
2300,1235,53,2024-06-01,7633.4,1011
2301,3836,108,2024-02-26,1362.44,1139
2302,289,125,2025-04-06,1135.7,1174
2303,2532,89,2024-04-28,3765.85,1036
2304,6468,119,2026-02-07,2294.05,947
2305,2058,122,2024-01-25,6329.08,954
2306,6026,49,2025-10-28,1596.72,1035
2307,4258,64,2026-06-20,3142.68,1128
2308,364,132,2024-05-09,4416.24,1073
2309,5369,13,2024-06-19,6558.39,1013
2310,1996,13,2026-06-30,7177.65,951
2311,6804,87,2025-05-08,3297.86,903
2312,5042,123,2026-05-21,5569.19,1001
2313,6109,24,2026-03-10,7282.59,1179
2314,5143,111,2024-06-16,5347.26,923
2315,6065,73,2025-05-06,3195.81,1150
2316,6190,66,2026-06-30,7097.26,1177
2317,3551,86,2024-10-23,5083.92,941
2318,868,40,2025-04-21,2674.42,1074
2319,3871,114,2025-10-01,376.52,1070
2320,1944,101,2025-12-16,906.83,1185
2321,175,76,2024-04-11,216.36,1062
2322,1397,94,2024-06-23,4765.08,911
2323,734,26,2024-10-18,5755.69,1068
2324,1839,137,2026-06-30,5189.63,1128
2325,1287,47,2024-05-16,2400.57,1193
2326,348,101,2026-06-11,6063.66,1060
2327,3438,131,2025-05-17,926.95,1094
2328,3287,41,2026-06-25,4136.88,1083
2329,6586,94,2025-02-02,2904.45,1104
2330,5342,34,2024-09-28,7269.94,1163
2331,6126,74,2026-06-30,294.1,1057
2332,2046,51,2026-04-19,1575.81,928
2333,5107,63,2024-01-06,4258.01,1137
2334,4645,48,2024-03-23,5938.78,947
2335,6369,84,2026-06-30,6822.66,1077
2336,5499,81,2024-02-25,1144.82,1023
2337,662,61,2026-06-30,5890.59,1058
2338,2357,61,2024-10-20,243.52,1161
2339,2548,139,2025-01-26,3588.23,1131
2340,6603,41,2024-03-07,5641.87,1067
2341,2908,13,2026-04-14,6469.02,1088
2342,2882,91,2026-06-30,6859.28,1104
2343,2498,50,2026-06-30,3653.7,1047
2344,6835,95,2024-02-04,1655.6,1009
2345,5102,107,2026-06-30,6941.19,976
2346,5041,133,2026-04-28,6518.27,945
2347,5523,130,2026-06-16,4922.79,1173
2348,6174,119,2026-01-13,4743.31,1110
2349,531,8,2026-06-30,494.38,933
2350,6807,132,2024-09-01,633.72,1039
2351,1940,12,2026-05-11,4806.61,1164
2352,5378,79,2026-06-30,2192.98,1117
2353,5706,44,2024-10-15,4282.72,1098
2354,4442,45,2025-04-07,7241.29,992
2355,4073,16,2024-01-04,4086.77,955
2356,5220,83,2026-06-30,6373.26,996
2357,515,2,2025-02-07,7735.25,1042
2358,4269,117,2026-06-30,604.0,1091
2359,2603,139,2024-12-18,2219.14,1168
2360,156,85,2024-11-09,7125.08,946
2361,1726,113,2024-02-05,3088.22,1154
2362,3358,20,2025-10-03,4539.16,1117
2363,3423,126,2025-04-03,3065.69,1181
2364,951,132,2024-10-27,7964.64,961
2365,5949,107,2024-11-08,2088.87,956
2366,2330,126,2026-06-30,577.5,1096
2367,432,23,2025-04-02,1894.77,922
2368,6683,32,2026-06-30,3040.0,1043
2369,4522,65,2025-05-24,1859.1,930
2370,4230,128,2024-04-06,7086.55,1126
2371,4718,88,2025-07-11,2811.48,916
2372,6693,77,2026-06-30,1128.13,957
2373,4392,99,2024-10-15,4494.84,1196
2374,3902,18,2026-06-30,1182.33,1186
2375,6745,52,2025-09-08,2766.17,911
2376,6486,106,2025-02-10,6660.13,1079
2377,493,75,2026-05-08,3897.92,1077
2378,949,135,2026-06-30,5844.75,1078
2379,1874,111,2026-06-15,3396.39,1112
2380,6523,133,2024-06-15,2994.62,927
2381,4831,77,2026-06-30,2845.13,1100
2382,5964,113,2025-11-15,346.19,964
2383,3672,38,2024-09-18,1781.68,1141
2384,5310,14,2024-03-14,6456.55,1134
2385,6592,16,2025-11-28,5183.09,1029
2386,5044,97,2024-10-08,4208.28,1012
2387,2879,7,2025-05-27,7079.11,969
2388,1413,18,2024-02-05,3773.54,1109
2389,1536,92,2025-08-17,5974.23,1168
2390,6642,65,2024-08-04,7103.24,1087
2391,5639,71,2024-06-09,2092.97,1069
2392,4066,6,2025-06-15,3521.77,1151
2393,1979,84,2024-11-06,6042.01,986
2394,1862,138,2026-05-10,2932.74,967
2395,3097,94,2026-05-22,7301.53,1069
2396,193,70,2025-09-18,6853.7,1139
2397,2210,59,2024-05-11,1583.48,1155
2398,47,29,2025-05-26,1000.33,918
2399,5206,111,2025-11-17,2446.75,1116
2400,461,61,2025-10-23,7015.22,1070
2401,6039,137,2025-09-13,4764.14,1142
2402,5029,26,2024-10-07,6149.63,1158
2403,4667,23,2025-09-04,2664.65,1069
2404,5159,87,2024-09-25,1409.85,1086
2405,6486,138,2024-10-02,5791.28,1123
2406,1342,47,2026-06-30,3410.64,1178
2407,4584,78,2026-04-04,7635.7,1189
2408,2181,47,2025-04-02,4992.52,936
2409,6849,129,2024-11-04,1649.89,923
2410,3020,121,2024-03-07,5406.83,1086
2411,6259,23,2024-06-15,1901.01,940
2412,621,61,2026-05-12,764.7,1001
2413,3400,42,2024-04-12,7938.42,1010
2414,4714,102,2026-06-30,2338.07,1115
2415,3888,3,2025-01-18,1410.89,1068
2416,4901,43,2025-05-18,662.35,1048
2417,6477,138,2024-03-09,7527.67,963
2418,4333,68,2025-12-20,7942.46,924
2419,1270,118,2024-11-09,6492.78,1003
2420,740,128,2026-05-27,3784.94,1132
2421,6269,108,2024-03-09,7098.46,1072
2422,4186,95,2025-03-28,7287.01,1143
2423,6759,63,2024-05-10,7096.39,1180
2424,882,50,2026-06-30,3245.41,1156
2425,3323,49,2024-04-14,2726.52,1186
2426,5373,127,2025-10-28,7030.05,903
2427,281,124,2025-06-09,7871.69,1057
2428,5679,112,2026-06-30,3901.75,1052
2429,337,136,2025-03-04,2990.37,1130
2430,4027,134,2025-05-10,6400.16,1091
2431,2468,40,2026-06-08,5232.69,1140
2432,4390,86,2025-05-01,6502.2,1099
2433,3006,49,2024-03-12,1163.06,1050
2434,592,99,2025-05-18,6355.63,1157
2435,4157,121,2024-06-16,7360.51,1147
2436,5752,99,2024-10-12,1465.01,1076
2437,3393,68,2025-06-19,1042.92,993
2438,769,15,2024-02-16,3276.44,1109
2439,5215,137,2024-01-04,2615.53,1168
2440,161,24,2026-06-30,6285.49,935
2441,5477,79,2026-06-30,4836.04,1055
2442,2230,135,2025-03-06,681.55,967
2443,3078,119,2026-06-30,7321.43,958
2444,4550,122,2024-02-27,5681.91,1184
2445,164,77,2026-06-30,7166.4,932
2446,2314,127,2026-02-20,2097.39,1103
2447,2856,103,2024-04-20,3438.2,1013
2448,2823,36,2026-06-30,7753.84,1027
2449,239,63,2025-01-21,1490.24,1076
2450,152,34,2026-06-30,7178.23,1028
2451,6705,82,2026-06-30,2396.86,978
2452,4372,11,2025-10-15,7817.54,931
2453,2596,14,2026-06-30,6781.8,941
2454,3529,95,2024-09-21,325.94,937
2455,5713,86,2024-09-04,3748.67,999
2456,4520,138,2024-09-05,6009.75,1177
2457,6022,103,2026-06-30,4414.16,1051
2458,2635,131,2026-06-30,7461.55,1144
2459,3765,113,2026-06-30,5516.58,1153
2460,263,38,2026-06-30,5039.86,972
2461,1515,87,2024-05-25,7117.55,1160
2462,4220,127,2025-09-08,6562.22,984
2463,1733,19,2026-04-27,3329.83,1063
2464,1395,13,2025-09-16,3524.85,912
2465,1944,17,2024-06-03,5395.92,1013
2466,6887,83,2026-03-28,1415.68,909
2467,5657,79,2025-11-16,7149.92,1143
2468,4322,135,2024-04-01,2189.01,969
2469,3899,96,2026-06-30,3089.42,1103
2470,6515,55,2024-01-25,6308.59,1175
2471,2381,128,2024-08-02,6251.98,1027
2472,4208,57,2024-11-02,513.79,1006
2473,2157,84,2025-04-07,5957.3,914
2474,3886,18,2026-06-30,1987.49,975
2475,6676,88,2025-11-23,4871.33,1180
2476,3289,12,2024-05-18,6157.71,1143
2477,6511,43,2024-12-23,1883.15,1111
2478,842,113,2026-06-09,1841.02,916
2479,71,105,2026-04-06,572.4,1067
2480,4331,131,2026-06-22,5784.34,981
2481,720,124,2024-10-02,4339.69,1106
2482,3468,139,2024-07-11,7741.75,1056
2483,5964,133,2025-09-10,3947.62,975
2484,1285,124,2026-05-25,4117.27,1102
2485,3436,16,2025-10-21,1712.14,1155
2486,1219,139,2024-05-08,3085.25,1111
2487,3337,137,2025-10-27,4508.62,1199
2488,599,114,2026-06-30,5410.3,1129
2489,1067,3,2024-03-05,6133.24,998
2490,5409,20,2026-04-22,7699.23,1117
2491,2952,119,2024-03-16,6523.79,1057
2492,2584,98,2024-06-01,5576.61,996
2493,104,51,2025-06-01,1565.15,1014
2494,4289,135,2025-07-18,3020.91,988
2495,6948,23,2025-04-18,4176.07,1157
2496,2279,70,2026-02-06,3615.13,1121
2497,120,109,2024-06-24,5696.41,1092
2498,4769,55,2024-06-05,5306.97,1065
2499,1860,133,2025-07-15,7363.87,972
2500,4317,112,2025-03-12,1595.37,910
2501,3450,104,2025-07-04,963.99,1173
2502,2566,45,2025-03-01,6005.03,1001
2503,204,120,2025-05-20,2435.4,1148
2504,2547,59,2026-03-21,5923.57,999
2505,1449,78,2024-09-20,2327.93,1003
2506,3492,1,2024-09-24,1607.17,955
2507,4399,99,2025-10-28,4451.38,981
2508,1146,98,2026-06-01,4788.19,923
2509,1173,55,2026-04-04,5851.9,960
2510,6731,77,2026-06-30,7373.05,1044
2511,1647,30,2024-09-12,1997.78,1193
2512,5526,132,2024-06-04,630.26,1107
2513,1495,71,2024-05-06,3346.69,1050
2514,4564,29,2026-06-07,1036.8,1085
2515,205,108,2026-04-21,1190.2,909
2516,4296,131,2026-06-30,4473.33,934
2517,4605,15,2026-06-05,4218.86,982
2518,1286,75,2025-05-16,4595.73,1130
2519,756,36,2026-04-23,2180.51,1179
2520,786,6,2024-04-12,381.23,1075
2521,6519,114,2025-10-10,1113.0,1129
2522,6257,117,2024-11-27,3532.49,910
2523,2173,13,2025-07-28,2016.51,1070
2524,2912,48,2024-04-07,4835.46,1002
2525,3106,51,2026-06-30,6665.34,1142
2526,2010,76,2025-10-04,6639.26,1014
2527,1003,1,2026-06-17,2417.16,1066
2528,262,78,2025-04-13,2868.95,924
2529,5387,94,2024-08-02,3072.34,1200
2530,2817,35,2024-11-25,3334.25,1046
2531,6809,90,2026-02-08,1735.84,1185
2532,2265,88,2026-06-30,4294.5,1061
2533,1567,112,2025-05-14,1640.24,948
2534,416,93,2026-06-30,1682.66,1074
2535,1706,49,2024-05-27,2743.99,932
2536,6178,32,2024-09-21,7586.44,918
2537,5442,89,2024-09-22,7703.82,1097
2538,2958,55,2025-04-10,5508.3,1020
2539,6514,131,2025-04-13,4332.6,1168
2540,2019,98,2025-12-16,3471.89,1002
2541,4384,62,2024-02-08,3812.7,1019
2542,3660,9,2025-02-06,5033.69,1132
2543,5055,44,2026-04-10,1356.05,1158
2544,6580,105,2024-05-21,5697.04,969
2545,4127,65,2024-05-23,5389.64,1190
2546,766,136,2024-08-22,1708.48,1024
2547,6578,133,2025-03-03,6086.87,1155
2548,957,134,2026-06-30,5460.21,1015
2549,4467,74,2025-12-14,6691.3,1153
2550,2153,26,2025-08-02,1647.71,1098
2551,1079,138,2025-06-14,6794.61,1183
2552,982,139,2024-05-10,5941.24,1011
2553,1278,61,2026-06-30,2567.64,919
2554,645,26,2025-11-10,3286.91,1141
2555,6343,106,2026-06-30,5208.79,1062
2556,1408,4,2026-04-13,4616.39,1085
2557,6257,48,2026-02-14,2575.73,1162
2558,4534,94,2024-09-27,3025.77,1101
2559,4572,84,2025-05-06,1106.42,1119
2560,6685,88,2026-05-28,2639.26,1162
2561,3448,11,2026-06-30,6563.78,1150
2562,4962,51,2026-02-26,1422.28,945
2563,4936,133,2025-06-13,5297.76,1004
2564,421,134,2026-06-09,5376.72,1176
2565,2550,70,2026-06-30,2471.8,944
2566,4155,32,2024-12-06,5358.62,1020
2567,6668,6,2024-02-15,7627.71,1104
2568,6135,95,2026-05-16,2159.21,1141
2569,1589,85,2024-09-21,6886.9,1084
2570,1190,62,2026-05-10,5916.51,1137
2571,3552,103,2025-04-08,4933.92,974
2572,3521,70,2024-09-01,4423.8,962
2573,1000,11,2026-04-14,3718.47,1114
2574,125,130,2024-05-20,3819.92,1070
2575,2046,110,2026-06-30,7875.51,922
2576,3576,101,2025-07-18,4498.81,1087
2577,6616,25,2026-02-13,5917.83,1010
2578,2507,83,2026-06-30,4865.46,1019
2579,6832,92,2024-10-21,5950.65,925
2580,581,35,2025-11-26,7946.71,1158
2581,5736,70,2026-06-30,7642.53,1045
2582,147,61,2024-10-12,451.21,1032
2583,3166,73,2025-10-17,4629.15,911
2584,6114,31,2024-02-12,5114.94,906
2585,130,127,2024-01-11,2221.75,942
2586,3620,113,2026-03-23,2335.67,967
2587,5825,104,2025-11-20,3375.35,1044
2588,4253,28,2026-05-22,4065.33,1008
2589,5493,46,2025-09-04,1083.38,1027
2590,5741,123,2025-09-17,7324.37,1066
2591,2792,41,2024-12-27,6435.68,1152
2592,5143,137,2024-08-12,1660.05,1162
2593,63,27,2025-03-15,5328.04,945
2594,5212,112,2024-08-18,4886.93,1097
2595,4224,95,2025-10-14,1800.47,1029
2596,382,138,2024-05-13,5833.72,995
2597,2723,86,2024-06-12,4625.89,1094
2598,2853,67,2024-10-20,460.56,1014
2599,1436,99,2026-06-30,5393.54,909
2600,1201,66,2025-09-04,6134.46,945
2601,3734,28,2024-01-21,1578.95,1119
2602,1610,102,2024-05-01,590.45,1168
2603,241,111,2025-02-10,6056.05,941
2604,1145,96,2025-10-01,3868.01,1136
2605,2036,41,2025-09-19,7193.11,920
2606,5763,114,2025-06-17,5691.64,963
2607,6874,96,2024-03-01,6265.63,1058
2608,6638,16,2025-11-12,4582.35,1089
2609,4217,107,2024-01-24,548.27,989
2610,5694,4,2026-06-30,6022.24,1004
2611,2019,99,2025-03-22,1930.96,1197
2612,5478,122,2025-10-11,5185.2,1053
2613,2767,68,2026-04-26,7532.82,963
2614,5750,113,2024-11-22,5365.85,1046
2615,2854,91,2026-03-03,630.77,1198
2616,3441,48,2025-10-05,2364.91,1126
2617,1157,25,2025-11-19,846.37,1005
2618,2082,94,2024-04-02,7872.87,1187
2619,2382,29,2024-05-07,7341.64,1091
2620,1233,134,2024-12-07,1784.14,1117
2621,3965,53,2025-10-14,6982.61,1139
2622,1109,87,2024-10-20,6273.32,1059
2623,1082,73,2026-04-19,5098.12,949
2624,164,36,2024-05-09,230.12,926
2625,2409,2,2026-02-04,3553.55,1188
2626,2167,44,2026-02-05,4462.0,1069
2627,4428,110,2025-05-09,4653.63,1078
2628,1334,19,2026-06-08,7504.17,1056
2629,2370,133,2025-06-06,2050.28,909
2630,1456,126,2026-03-02,1621.66,1121
2631,4001,7,2024-12-03,5335.76,995
2632,3211,85,2024-02-20,6663.5,975
2633,4563,19,2025-06-09,3128.96,970
2634,5210,71,2024-05-13,3781.13,1153
2635,717,65,2026-03-09,493.0,941
2636,221,61,2026-06-30,5108.6,1025
2637,921,32,2026-02-06,7756.67,1165
2638,3111,77,2026-06-30,7781.36,1052
2639,2020,94,2024-08-20,4390.56,1027
2640,1628,89,2025-06-14,2641.83,1107
2641,534,58,2024-10-28,2703.64,923
2642,1872,40,2026-05-09,932.24,941
2643,4489,20,2024-05-21,3920.31,976
2644,5675,118,2026-04-15,2516.51,1157
2645,238,55,2025-11-06,833.0,1145
2646,6065,14,2026-06-30,468.73,975
2647,2998,84,2025-11-23,7955.29,1171
2648,3941,85,2026-03-03,5465.99,1175
2649,3897,50,2026-05-17,572.4,1093
2650,3292,75,2024-01-24,2336.34,1055
2651,3668,83,2025-05-08,3403.67,1075
2652,3124,66,2026-06-30,3092.45,1030
2653,4651,53,2025-06-19,4000.13,1108
2654,3415,96,2024-03-13,2086.98,1170
2655,4568,18,2024-09-18,5081.89,929
2656,3779,11,2026-01-23,3253.53,1025
2657,5540,28,2025-10-21,6814.33,1179
2658,493,10,2025-05-25,5897.88,947
2659,3469,4,2024-04-11,7399.84,917
2660,3053,95,2026-02-08,3587.86,922
2661,4518,112,2025-08-28,1019.4,909
2662,720,91,2026-06-30,5057.63,1198
2663,3758,108,2025-05-11,5723.16,1064
2664,665,46,2025-11-15,6063.2,1188
2665,3808,3,2026-05-16,1186.74,1048
2666,3937,77,2025-05-27,2239.85,1128
2667,4228,135,2025-11-17,3424.67,957
2668,1794,112,2024-03-15,4953.85,901
2669,3889,27,2025-04-05,7712.22,1150
2670,2829,11,2024-11-02,7833.38,1135
2671,1262,128,2025-04-19,1651.28,966
2672,6108,12,2024-06-03,3674.24,1161
2673,1196,13,2025-04-16,7738.08,999
2674,841,96,2026-06-30,4323.68,1014
2675,1709,42,2024-01-18,4212.27,950
2676,4839,91,2026-06-30,2060.14,1143
2677,5794,60,2025-10-01,297.82,903
2678,328,2,2024-09-16,4282.16,1189
2679,5009,67,2026-06-30,7791.46,972
2680,3899,140,2026-06-30,2602.97,998
2681,6663,50,2025-08-11,7190.72,1097
2682,4872,133,2026-05-17,6525.11,945
2683,29,50,2025-05-16,4904.13,1198
2684,214,28,2026-06-30,4223.86,964
2685,5605,84,2026-06-30,1225.13,1158
2686,1417,135,2025-12-06,2436.07,1182
2687,6586,68,2025-11-28,5422.09,1100
2688,4113,67,2024-04-26,939.64,1027
2689,449,53,2024-09-22,1897.22,1146
2690,3898,54,2025-01-27,2646.92,981
2691,878,50,2025-03-12,3269.37,1171
2692,1655,32,2024-03-12,7497.1,1031
2693,6510,41,2024-05-06,2370.96,1014
2694,1042,31,2024-12-17,7962.42,988
2695,1043,129,2026-05-24,1813.62,1069
2696,804,138,2025-05-05,6143.41,1030
2697,3255,58,2024-04-27,1048.68,1100
2698,2754,9,2024-07-15,5023.84,967
2699,4721,98,2025-10-15,7447.69,1138
2700,6883,119,2026-01-28,4134.69,981
2701,3663,53,2024-05-15,3844.91,1198
2702,6226,112,2026-06-30,2986.39,916
2703,6187,93,2026-05-27,2510.27,1100
2704,331,112,2026-06-30,4048.83,1099
2705,6477,71,2025-12-14,5589.7,960
2706,1399,71,2026-06-30,3598.86,907
2707,5776,116,2024-01-23,6748.21,932
2708,1113,103,2025-05-16,1511.78,948
2709,3714,71,2025-09-10,7875.74,1090
2710,1744,101,2025-04-06,7190.11,1092
2711,3285,133,2026-01-15,6767.38,1139
2712,4625,125,2025-06-13,6283.84,1131
2713,170,59,2026-04-26,7975.45,1031
2714,2069,54,2025-03-15,2776.19,1018
2715,2551,47,2026-06-03,6677.61,969
2716,943,8,2025-10-10,7226.45,931
2717,704,76,2025-04-17,5813.84,1093
2718,5323,100,2025-09-22,6647.49,943
2719,1095,116,2025-10-27,2335.44,934
2720,6621,100,2026-06-26,5299.49,1169
2721,3993,134,2024-05-07,3312.31,935
2722,5090,121,2025-11-28,2298.42,1090
2723,6671,112,2024-12-09,7672.94,942
2724,3344,55,2026-06-30,7864.09,1004
2725,4461,60,2024-06-18,2820.58,1110
2726,6201,125,2024-03-01,6675.43,1174
2727,406,84,2026-02-16,5818.56,1115
2728,4691,18,2025-09-05,347.04,1127
2729,4374,113,2026-06-30,2434.23,1188
2730,6899,94,2025-01-17,6938.29,995
2731,3057,69,2026-06-30,6237.8,1145
2732,6820,69,2026-02-26,4726.36,929
2733,6916,8,2025-08-13,781.4,983
2734,864,96,2024-04-26,6740.5,1044
2735,6594,111,2025-11-22,1873.27,921
2736,2672,18,2024-08-24,5843.34,1197
2737,888,135,2024-04-09,6953.16,1074
2738,2341,89,2026-06-16,2607.9,904
2739,1635,103,2026-01-10,429.64,935
2740,469,79,2026-01-07,6804.72,1137
2741,5332,69,2024-04-21,3242.08,1161
2742,4698,95,2026-06-10,1918.68,1009
2743,268,20,2025-06-01,483.74,1063
2744,4481,127,2024-09-17,5762.15,959
2745,3104,39,2026-05-16,4502.09,1051
2746,2017,29,2025-04-06,3216.51,1061
2747,6917,102,2025-01-27,2872.35,974
2748,630,77,2026-06-30,1986.79,1006
2749,796,82,2026-06-30,7529.18,1037
2750,902,32,2025-11-27,6954.75,1057
2751,4757,14,2024-01-17,5969.57,1043
2752,5282,136,2026-01-03,1699.83,1026
2753,588,95,2026-06-30,3045.37,1010
2754,6403,43,2026-06-30,2805.41,1135
2755,2578,82,2026-06-25,7278.51,1198
2756,6089,99,2026-03-23,724.94,941
2757,1569,79,2024-04-28,6226.79,1172
2758,5007,86,2026-06-30,7616.99,961
2759,2432,92,2026-06-30,4485.05,992
2760,1925,96,2024-05-25,4349.61,1036
2761,5397,90,2024-04-09,1060.04,967
2762,5788,117,2024-03-14,1290.35,1178
2763,6914,86,2026-06-30,6873.94,1195
2764,6951,107,2024-09-12,860.48,1040
2765,5873,126,2024-05-26,6468.84,976
2766,1325,97,2024-04-17,220.9,1038
2767,1170,52,2025-09-05,4997.27,1184
2768,5352,129,2026-06-30,6315.07,1183
2769,4087,104,2025-11-14,5188.08,916
2770,2906,121,2024-04-09,1809.69,1070
2771,3463,81,2025-11-24,2867.75,1155
2772,5637,107,2024-10-18,4787.2,1095
2773,4092,7,2024-06-21,1939.28,1059
2774,1018,16,2026-05-21,6069.08,1083
2775,6598,119,2026-06-30,3829.36,1037
2776,2161,81,2024-02-20,7164.14,952
2777,4293,57,2024-03-15,623.91,1113
2778,2659,18,2026-04-23,3198.68,1194
2779,4683,128,2025-10-16,1681.75,972
2780,6549,73,2026-04-01,744.38,1129
2781,4657,28,2025-05-21,3643.63,1045
2782,653,104,2026-01-02,2748.46,953
2783,3586,50,2026-06-30,3048.98,1131
2784,2907,96,2025-07-19,5045.62,937
2785,6814,52,2025-04-14,791.82,1124
2786,4155,115,2024-03-02,1454.89,1180
2787,900,139,2024-09-11,2212.78,1123
2788,4121,70,2026-06-10,7326.11,1062
2789,101,98,2025-01-21,1998.33,1068
2790,5720,21,2026-06-30,3116.12,1134
2791,1365,122,2024-11-16,6205.38,1035
2792,2125,10,2025-05-01,1644.81,998
2793,3518,118,2025-10-17,2490.91,958
2794,32,74,2025-06-24,7914.96,1026
2795,3890,82,2026-06-30,4304.23,1106
2796,4258,23,2025-10-12,6919.7,1080
2797,4618,80,2026-06-28,3832.95,1096
2798,5448,100,2026-01-11,4546.75,1197
2799,4862,77,2024-06-01,3635.12,1102
2800,1293,106,2025-11-05,2554.78,1160
2801,185,92,2025-07-01,7725.7,974
2802,5698,103,2025-06-16,6849.18,912
2803,6315,64,2025-04-25,1751.74,1090
2804,3373,67,2024-05-26,451.11,993
2805,1751,25,2025-10-06,3180.53,984
2806,3968,53,2025-03-18,2506.15,1022
2807,761,137,2025-11-08,5862.36,973
2808,3921,17,2024-01-17,1738.7,947
2809,5845,99,2024-05-25,4076.18,1117
2810,3117,110,2026-04-15,3790.73,1038
2811,2646,58,2024-10-02,5695.32,980
2812,3319,57,2025-08-24,5999.67,1014
2813,5588,123,2026-06-30,4242.09,1016
2814,3498,72,2025-04-06,2045.29,1006
2815,704,10,2026-06-16,1013.14,949
2816,3573,58,2024-05-17,7295.63,1004
2817,3636,53,2026-03-28,4524.31,1152
2818,1462,76,2026-01-08,4785.29,1200
2819,1700,55,2024-10-28,868.16,946
2820,1108,126,2025-11-01,4746.84,1132
2821,6368,84,2026-02-19,3283.89,1086
2822,4828,129,2024-10-11,3210.08,986
2823,1811,20,2024-11-11,6010.26,1052
2824,1094,127,2025-06-11,2883.8,1040
2825,3236,24,2024-09-11,2377.42,1001
2826,2101,9,2025-10-26,6450.81,1053
2827,6668,26,2024-11-01,6555.81,1157
2828,6508,11,2024-08-16,2863.28,1183
2829,1915,59,2025-04-22,4190.12,1024
2830,4863,75,2026-06-30,2083.83,947
2831,1240,138,2024-04-07,226.86,1067
2832,4572,121,2025-01-02,2264.8,918
2833,5434,14,2026-06-30,2717.79,1003
2834,140,105,2025-10-01,3155.32,1154
2835,4046,28,2026-06-30,3555.23,934
2836,5519,29,2024-07-04,1328.34,927
2837,2719,18,2026-06-30,2205.18,978
2838,689,29,2024-06-19,4038.32,1138
2839,2418,93,2024-12-15,4577.18,936
2840,2273,19,2025-05-07,3576.76,991
2841,6161,130,2024-06-14,6037.13,979
2842,146,32,2025-02-12,5666.51,1028
2843,1668,23,2024-05-24,3749.46,1066
2844,560,72,2026-06-30,3241.32,1030
2845,3269,84,2024-09-16,1825.38,1069
2846,6752,138,2026-06-30,3103.87,1088
2847,3404,88,2024-07-01,5687.92,1084
2848,369,112,2024-05-28,655.41,1181
2849,1747,119,2025-11-11,6227.8,1041
2850,1865,127,2024-04-03,5162.44,929
2851,5285,95,2025-02-15,2044.93,1023
2852,3944,97,2024-04-18,7262.3,1200
2853,6810,96,2025-08-08,3566.7,953
2854,1990,78,2024-09-10,3757.53,1167
2855,4456,36,2025-01-03,1663.47,1117
2856,2805,15,2026-03-11,3735.34,1191
2857,6368,119,2025-02-16,576.87,1130
2858,117,19,2025-09-21,4548.7,956
2859,6264,88,2024-11-25,5658.32,943
2860,6767,96,2026-06-30,1883.8,906
2861,6276,74,2025-11-14,7417.85,945
2862,1740,23,2025-07-12,1200.32,967
2863,1518,123,2026-01-23,5461.5,1048
2864,5013,64,2025-06-25,2420.93,913
2865,6118,44,2026-02-13,4571.77,1186
2866,6933,84,2024-11-17,5045.05,1176
2867,1853,107,2025-05-25,1235.46,1031
2868,6524,66,2026-06-30,4721.53,1045
2869,5337,127,2025-03-21,6209.96,962
2870,6421,37,2026-06-30,6404.41,1166
2871,6923,79,2026-06-30,6950.92,1119
2872,2796,138,2026-06-10,1866.56,962
2873,6018,33,2025-06-07,5616.99,1142
2874,4817,15,2025-05-11,1612.95,1144
2875,3366,120,2025-04-25,2523.2,979
2876,1384,108,2026-04-14,1782.08,1171
2877,4847,138,2026-04-18,7240.7,1162
2878,322,66,2025-04-24,3824.41,964
2879,3665,111,2026-03-08,1490.94,1125
2880,1379,85,2026-04-13,7922.16,958
2881,6761,20,2026-05-14,6799.68,958
2882,901,1,2025-10-08,6365.06,1120
2883,5591,114,2025-03-28,505.89,1084
2884,5697,67,2026-06-10,1398.44,924
2885,1875,108,2026-05-06,1198.58,925
2886,6994,122,2024-08-17,736.42,1023
2887,2149,37,2026-03-07,5974.36,905
2888,6828,139,2026-06-26,4470.82,997
2889,6658,80,2026-06-30,6839.81,1080
2890,2220,79,2025-05-25,7134.44,907
2891,3091,114,2025-10-02,7373.81,1078
2892,1784,83,2026-06-30,6176.88,1006
2893,1566,2,2025-06-23,6433.99,939
2894,1575,50,2026-05-07,7433.35,1117
2895,3666,125,2024-04-02,5886.41,915
2896,1843,32,2026-06-30,4146.83,961
2897,534,6,2025-09-28,5757.9,1102
2898,2317,7,2026-05-20,1415.54,946
2899,2619,129,2024-02-19,2683.32,985
2900,3017,115,2026-05-20,6986.5,1013
2901,698,70,2025-11-23,5297.54,1093
2902,3836,112,2026-06-30,3349.73,1081
2903,6101,1,2024-05-07,7218.18,1149
2904,366,11,2025-11-20,4007.02,924
2905,3685,13,2026-01-04,6894.63,984
2906,2630,9,2024-05-05,3147.38,1186
2907,2951,38,2026-04-22,3037.76,1141
2908,6843,9,2026-05-15,1332.65,1109
2909,5881,19,2026-06-30,2154.21,1135
2910,3716,9,2024-11-22,6856.96,930
2911,4483,26,2024-01-17,850.46,1165
2912,2788,52,2025-10-20,2395.75,1055
2913,6548,45,2024-04-05,1978.38,939
2914,4994,39,2026-04-18,7572.76,1019
2915,2661,134,2024-05-19,661.42,1138
2916,4234,119,2024-12-01,6450.13,1008
2917,4848,79,2025-08-25,3967.23,1113
2918,3200,138,2024-10-07,5715.19,967
2919,2368,114,2024-09-06,7462.58,1198
2920,4530,140,2026-06-30,6842.94,1035
2921,6913,95,2025-05-25,7586.79,1020
2922,925,84,2024-11-18,7779.2,1011
2923,1252,58,2025-11-28,7579.99,919
2924,5878,130,2025-09-18,5528.04,966
2925,2988,80,2025-04-04,4270.19,1193
2926,5343,90,2025-04-17,4826.02,1151
2927,4109,7,2024-06-07,4491.89,909
2928,6742,77,2024-06-09,777.41,1152
2929,3014,139,2025-04-23,4668.33,1176
2930,3706,76,2025-03-16,7765.45,972
2931,3695,64,2024-06-04,5924.94,964
2932,616,55,2025-10-05,5628.21,977
2933,5834,120,2025-06-14,6703.32,903
2934,3148,44,2026-06-30,6820.77,1016
2935,756,121,2024-10-18,3906.72,1070
2936,5318,31,2026-06-11,315.53,1073
2937,5357,120,2025-05-13,3225.24,1193
2938,4569,30,2026-03-15,1227.2,905
2939,3898,31,2025-10-14,2890.49,988
2940,4924,32,2024-09-14,5613.46,996
2941,6075,134,2026-06-30,7486.96,927
2942,5838,116,2026-06-21,1715.12,956
2943,4333,16,2024-10-08,883.39,1183
2944,6139,92,2024-05-14,5490.87,1072
2945,4003,88,2024-05-08,2918.01,1019
2946,4003,81,2024-12-25,4584.28,1162
2947,4132,19,2024-10-01,2457.42,902
2948,4356,126,2026-04-13,6937.55,957
2949,6477,39,2026-05-28,898.17,997
2950,1574,120,2024-10-25,2312.38,1074
2951,5270,97,2025-05-03,6772.14,1076
2952,6470,61,2024-06-02,1785.99,1113
2953,1255,21,2026-01-04,3201.74,1173
2954,4998,59,2024-06-14,2336.63,954
2955,6160,81,2026-04-23,7407.47,977
2956,3454,118,2024-09-11,2673.25,984
2957,6739,90,2026-06-30,4307.83,1007
2958,1706,17,2026-06-30,5272.61,921
2959,596,66,2024-07-24,3736.25,1064
2960,5993,123,2026-06-30,6296.0,1110
2961,3061,24,2025-05-09,4670.65,1052
2962,6312,24,2024-10-10,1788.49,1165
2963,4923,30,2024-07-12,2484.65,1098
2964,1633,91,2024-06-07,7806.07,948
2965,4838,31,2024-03-24,3817.33,919
2966,2470,69,2024-06-28,2653.18,942
2967,1730,121,2024-03-23,2884.16,1057
2968,2694,31,2025-08-26,2252.48,1090
2969,2293,20,2026-02-18,2927.8,1095
2970,991,123,2026-06-30,2199.77,989
2971,2511,116,2024-03-18,371.32,981
2972,5982,37,2025-11-10,872.4,1080
2973,6753,9,2025-06-04,1853.16,1159
2974,2371,134,2024-04-14,4810.06,1103
2975,5513,28,2025-08-20,2064.35,1032
2976,1791,115,2025-05-11,4176.74,1075
2977,3818,36,2025-04-21,6883.82,1016
2978,298,1,2025-06-17,1468.42,1059
2979,6566,25,2025-06-06,7882.45,1028
2980,4193,12,2026-01-02,7619.31,1028
2981,2537,58,2025-11-08,4536.45,1173
2982,2690,86,2024-01-18,5496.28,1088
2983,693,68,2026-05-01,4327.75,1120
2984,5411,136,2024-03-24,6681.34,916
2985,6286,56,2026-06-21,5400.42,936
2986,666,41,2025-09-08,6992.08,1080
2987,6229,67,2025-11-18,3168.87,972
2988,4945,135,2025-06-04,4575.01,1177
2989,1815,140,2024-04-16,983.45,1039
2990,4020,57,2025-04-04,3560.86,1077
2991,475,86,2026-06-05,2098.91,1087
2992,6612,23,2024-08-10,3624.38,1093
2993,3780,80,2025-05-05,3035.97,1198
2994,2678,58,2025-06-17,6500.21,992
2995,102,79,2026-06-30,4387.24,1132
2996,2437,66,2025-05-17,7330.19,1121
2997,814,26,2025-06-27,3280.58,1115
2998,1285,25,2026-04-25,5500.63,1024
2999,4614,104,2026-05-20,3386.06,1024
3000,2046,121,2026-06-30,7197.11,1179
3001,538,84,2026-06-30,3070.95,942
3002,1077,56,2025-08-12,1335.85,1131
3003,2224,10,2024-05-08,2268.0,941
3004,6813,76,2025-09-24,4153.83,1100
3005,4880,76,2026-06-30,7760.13,921
3006,1260,53,2026-06-30,5887.49,1173
3007,4452,36,2025-04-18,7317.23,1100
3008,714,37,2026-06-30,6971.45,939
3009,1327,89,2026-06-30,3008.1,1170
3010,968,44,2024-03-02,5230.27,950
3011,719,131,2025-11-11,6728.38,1194
3012,1242,108,2024-09-22,7376.25,952
3013,2582,122,2026-04-26,4398.77,1132
3014,4474,31,2025-05-22,7070.88,963
3015,3324,86,2024-01-24,1053.96,1153
3016,2960,118,2026-04-16,6889.94,1056
3017,503,130,2026-05-11,5004.98,1187
3018,407,114,2025-06-18,4259.09,942
3019,2998,22,2024-05-15,670.48,1123
3020,2462,64,2024-03-07,3597.06,1036
3021,6401,6,2026-06-30,5630.55,934
3022,766,59,2024-04-11,5125.2,1171
3023,1980,29,2024-03-26,7274.34,998
3024,558,66,2025-10-25,5078.56,1009
3025,1413,12,2026-06-30,6165.38,1068
3026,5985,130,2025-10-07,7147.77,1169
3027,2657,68,2025-03-11,7887.81,1076
3028,4457,85,2025-07-03,6915.97,1151
3029,522,11,2025-11-12,2389.68,1105
3030,2771,140,2024-09-21,3321.12,904
3031,6548,61,2026-06-23,7234.28,1003
3032,1782,26,2025-06-01,2187.89,1132
3033,2078,16,2025-01-16,6443.91,901
3034,4974,34,2025-08-07,6440.85,978
3035,2263,11,2024-06-10,7528.5,974
3036,5231,83,2025-08-25,572.2,1058
3037,5237,107,2026-04-28,2262.44,1177
3038,2988,2,2026-06-30,3331.43,945
3039,3494,85,2026-06-02,2957.58,959
3040,5680,136,2024-09-13,5025.1,1103
3041,918,106,2024-04-05,1727.13,1068
3042,2484,118,2024-11-06,4718.2,1013
3043,4015,51,2025-05-03,2963.35,908
3044,4362,63,2024-11-01,3990.32,1183
3045,6248,12,2026-03-26,2369.49,916
3046,246,136,2025-04-22,6143.61,1159
3047,2677,44,2025-09-12,1719.89,914
3048,4550,131,2024-08-27,2563.24,1176
3049,6434,50,2024-03-03,525.93,1178
3050,6035,35,2026-06-30,7898.65,1057
3051,3820,39,2025-02-07,1172.54,1129
3052,3883,48,2024-03-19,4187.85,915
3053,6034,90,2026-05-16,1358.22,1084
3054,2674,58,2025-10-19,1067.28,1016
3055,3262,12,2025-01-05,6895.58,1150
3056,4496,115,2024-08-14,7086.66,1090
3057,6401,99,2024-05-17,6076.41,1147
3058,502,86,2025-10-07,3173.37,1177
3059,6245,21,2026-06-30,2585.25,1032
3060,3992,75,2024-10-03,3774.72,1059
3061,4888,94,2024-05-13,907.39,972
3062,1752,101,2026-03-24,1453.71,1103
3063,1753,57,2026-06-30,3126.06,1160
3064,6245,128,2026-06-30,4995.97,1032
3065,1709,84,2024-11-13,5300.49,941
3066,6670,38,2025-08-05,835.6,994
3067,5447,77,2026-06-30,2383.29,1085
3068,1812,88,2025-05-23,1909.12,907
3069,1805,132,2026-04-18,2488.61,989
3070,839,60,2026-06-30,7033.04,1147
3071,3636,126,2025-10-05,674.26,1144
3072,3772,8,2024-03-06,1384.69,1185
3073,6988,36,2024-04-15,1625.08,1109
3074,6820,85,2025-06-24,1540.7,1136
3075,5043,82,2026-06-30,4794.63,952
3076,4743,42,2024-10-11,3473.33,927
3077,4675,32,2024-08-16,3033.05,1039
3078,4636,8,2024-01-20,2659.26,988
3079,232,12,2026-01-14,969.67,1002
3080,2580,63,2025-09-28,7973.44,1143
3081,2022,49,2026-05-03,7907.25,1120
3082,4788,61,2026-03-25,1288.55,992
3083,667,47,2025-12-22,6173.26,1135
3084,3258,100,2026-03-24,2741.91,1109
3085,5600,3,2026-04-11,5038.98,1030
3086,3162,20,2024-09-04,3063.88,924
3087,2917,83,2024-09-24,6579.29,1023
3088,2647,95,2025-10-08,4058.71,1162
3089,4477,54,2024-02-22,1638.46,1013
3090,1240,46,2025-11-19,4012.06,904
3091,6469,13,2026-01-15,6528.85,1120
3092,2147,30,2024-04-06,774.89,1089
3093,1720,83,2025-01-23,4554.99,909
3094,2951,49,2026-02-22,3764.31,1033
3095,2550,58,2026-04-11,686.13,1100
3096,66,28,2025-12-23,1603.91,910
3097,3291,102,2024-05-07,2080.81,999
3098,6315,83,2024-09-10,3728.54,952
3099,4044,37,2025-10-21,6504.66,986
3100,3427,88,2024-05-24,3210.83,990
3101,472,18,2026-04-07,4843.02,1001
3102,4730,74,2025-09-27,4714.74,1125
3103,2214,16,2025-11-06,907.22,1018
3104,6208,132,2026-04-19,2928.45,1186
3105,4238,129,2025-09-15,6094.94,1159
3106,1231,124,2026-01-09,6382.4,1118
3107,1624,31,2025-10-06,1814.43,1174
3108,4681,12,2026-06-30,1393.35,1188
3109,384,2,2025-06-04,6097.96,982
3110,3320,123,2026-02-04,6165.2,909
3111,4826,31,2026-06-30,7891.2,1101
3112,182,50,2025-04-18,4892.3,1024
3113,1292,33,2026-05-09,6172.56,1200
3114,6541,66,2024-02-08,5726.8,929
3115,372,100,2026-06-30,6657.49,987
3116,5752,4,2024-04-13,7111.98,1178
3117,6831,18,2025-10-19,3625.11,968
3118,359,86,2026-06-02,4662.15,1166
3119,5234,5,2026-06-30,3881.77,1192
3120,970,89,2025-11-18,7448.68,1021
3121,6170,119,2024-05-14,931.11,1083
3122,3615,50,2026-02-06,7611.66,1194
3123,2798,87,2026-06-30,4650.23,1167
3124,2191,133,2025-05-15,1632.82,922
3125,1069,60,2024-02-09,2474.11,1167
3126,5855,65,2024-07-01,4525.42,917
3127,665,57,2024-05-16,3733.52,951
3128,5791,8,2024-06-27,5792.77,941
3129,5530,133,2026-06-30,7976.85,934
3130,6023,49,2024-05-02,3628.58,973
3131,4489,123,2026-05-18,4839.79,1036
3132,4013,132,2025-07-25,5699.7,1105
3133,863,112,2024-05-12,5153.03,1102
3134,1625,87,2026-06-25,4595.05,945
3135,3251,130,2024-10-01,1834.14,1148
3136,3020,80,2025-09-04,2277.65,1076
3137,6318,119,2024-11-04,823.25,1041
3138,61,98,2024-12-13,4021.59,962
3139,4024,95,2026-06-30,5149.1,951
3140,4710,110,2024-06-02,1175.72,1068
3141,1902,115,2025-07-21,2545.67,1010
3142,5880,107,2025-11-15,5125.58,1120
3143,3605,9,2024-11-11,6154.83,946
3144,2947,53,2025-03-08,3349.72,1169
3145,2911,97,2025-01-03,334.51,1093
3146,873,135,2025-12-08,1710.42,1014
3147,5427,121,2026-05-10,5963.52,1149
3148,3404,53,2025-08-09,2885.21,940
3149,3636,116,2024-05-28,4569.74,1103
3150,1130,25,2025-09-19,6651.27,1034
3151,5570,127,2025-02-13,6812.13,1119
3152,2646,5,2026-01-20,3032.01,1183
3153,4671,12,2026-06-30,7201.73,992
3154,4255,42,2025-04-08,5044.13,1173
3155,4555,56,2024-10-13,7607.82,999
3156,3439,93,2025-06-03,6131.79,1073
3157,4132,88,2024-01-15,5241.84,1126
3158,6598,34,2026-06-30,5292.81,1086
3159,1144,55,2024-04-07,7289.1,919
3160,544,81,2026-06-30,1912.51,1192
3161,907,11,2026-06-30,624.5,1197
3162,4347,29,2026-04-22,3132.88,911
3163,4661,108,2026-06-30,5576.46,992
3164,2711,111,2024-11-10,6587.89,1023
3165,6346,50,2026-06-30,767.72,1009
3166,3312,29,2026-05-25,2294.7,1007
3167,5201,108,2024-08-16,2701.07,1106
3168,1368,30,2025-12-14,6527.25,1023
3169,1413,101,2025-03-11,6808.97,991
3170,121,44,2025-01-01,3518.11,1087
3171,1435,87,2026-06-30,5195.49,1040
3172,249,109,2025-05-09,4082.97,986
3173,3175,51,2025-08-12,5807.34,1135
3174,5700,118,2024-02-08,1833.01,1011
3175,2306,84,2026-04-28,2280.24,912
3176,735,59,2024-10-04,3634.01,908
3177,3814,116,2025-07-14,4798.76,1139
3178,4033,77,2025-04-11,6988.73,1024
3179,2950,69,2024-10-08,7519.64,1043
3180,5882,86,2026-03-01,884.08,1010
3181,2097,126,2025-11-20,720.02,1183
3182,2230,110,2026-06-03,4300.32,1128
3183,3576,77,2024-09-16,6046.56,1138
3184,2053,112,2026-06-30,7092.05,942
3185,3564,86,2026-03-28,762.32,918
3186,5633,136,2025-07-19,2317.32,1021
3187,6253,121,2026-06-30,1804.31,950
3188,4128,83,2025-11-01,1056.6,1089
3189,2220,68,2026-06-30,576.41,1029
3190,339,10,2024-12-09,1215.82,979
3191,5019,126,2026-06-30,723.49,1197
3192,2112,2,2024-10-19,5978.82,956
3193,4480,134,2026-06-30,7206.3,1082
3194,6965,105,2025-07-19,582.73,1004
3195,1070,68,2024-11-27,4454.71,1088
3196,3542,82,2025-05-20,4160.36,999
3197,6655,131,2026-03-09,6035.12,1074
3198,2695,86,2026-05-10,5769.18,980
3199,5369,4,2024-09-09,1540.98,962
3200,3928,103,2026-05-23,6411.02,989
3201,6388,115,2024-03-12,1811.46,954
3202,6586,14,2025-05-19,2163.69,1094
3203,2847,70,2024-11-24,7594.51,1003
3204,578,126,2025-04-08,2816.41,1159
3205,1914,31,2025-09-19,3629.78,1113
3206,1354,20,2024-03-22,1962.96,1163
3207,4849,57,2024-02-14,812.48,1033
3208,6846,23,2024-07-17,6962.23,1180
3209,473,53,2026-06-30,1085.63,1067
3210,907,26,2024-05-26,6579.05,1175
3211,2936,62,2024-04-08,5576.39,1197
3212,5763,117,2026-06-10,3093.38,927
3213,6910,58,2025-11-16,260.98,1125
3214,5553,71,2024-08-04,4706.31,1008
3215,4922,133,2025-07-28,7265.98,965
3216,33,128,2024-11-09,6281.11,1184
3217,23,32,2025-11-10,4078.1,1200
3218,3323,79,2025-05-27,5362.44,1037
3219,5192,32,2024-06-11,878.96,1095
3220,3628,23,2025-02-14,408.44,1153
3221,1106,93,2024-06-23,1453.92,1083
3222,939,60,2025-11-02,658.89,1010
3223,2126,47,2025-03-08,262.18,1001
3224,2772,78,2024-02-08,4659.75,1097
3225,6281,109,2025-05-09,1355.6,965
3226,1340,22,2026-05-03,615.41,914
3227,6350,5,2026-06-30,3090.06,1001
3228,2587,72,2024-09-12,1605.61,1123
3229,3776,29,2026-05-25,7491.28,1137
3230,4387,17,2025-12-02,2504.56,955
3231,6619,108,2024-04-11,7553.39,973
3232,5432,82,2026-04-01,1785.1,1070
3233,2019,66,2026-04-09,967.94,1142
3234,249,64,2026-06-16,6065.93,1104
3235,5260,81,2025-10-09,5948.67,1017
3236,2271,126,2025-10-18,1050.47,937
3237,978,17,2024-11-01,2180.77,1094
3238,4726,42,2026-06-07,5334.86,1137
3239,1674,71,2026-02-14,1842.72,1037
3240,1158,80,2024-04-11,6539.28,1009
3241,3432,63,2025-07-18,6160.87,980
3242,6248,137,2025-03-28,6025.62,1101
3243,4084,135,2024-11-01,6020.52,1157
3244,5302,108,2026-03-28,2240.84,1158
3245,6511,73,2024-01-21,5599.08,969
3246,4998,30,2025-05-26,4054.53,914
3247,3370,139,2025-01-27,3004.74,1061
3248,4620,26,2024-10-25,6499.43,1142
3249,2122,132,2024-04-19,4109.4,1147
3250,3231,75,2026-06-30,1008.61,1148
3251,6594,1,2026-04-05,1791.18,1074
3252,293,122,2024-03-08,5570.55,1021
3253,2393,109,2024-10-10,2777.98,1109
3254,5016,120,2024-04-03,4166.9,1024
3255,1300,106,2026-06-30,1951.58,1117
3256,6561,70,2024-08-28,417.79,988
3257,4619,61,2025-10-27,2634.24,1119
3258,521,13,2024-12-08,1748.64,910
3259,5112,125,2024-02-19,2750.43,963
3260,5289,1,2025-09-06,5682.6,925
3261,1807,58,2025-01-11,7827.02,948
3262,3526,43,2024-09-12,4497.55,1169
3263,1717,74,2024-10-02,2098.07,1004
3264,66,11,2024-03-07,1515.88,1110
3265,4420,33,2024-07-26,6388.86,958
3266,6528,10,2026-06-30,4620.53,1166
3267,125,69,2026-04-21,5637.08,923
3268,2643,119,2024-01-07,3000.99,931
3269,5178,109,2024-07-22,5202.42,1041
3270,4262,81,2024-10-10,4341.21,990
3271,2510,99,2026-04-04,6634.17,1081
3272,5245,33,2024-11-10,2685.72,1000
3273,1991,52,2024-02-24,5239.4,1050
3274,724,40,2025-05-22,6151.65,1006
3275,4496,135,2025-12-06,391.81,1143
3276,4716,17,2024-08-14,1116.19,1064
3277,4591,44,2024-01-01,6146.34,1175
3278,4463,17,2024-06-04,7475.7,1111
3279,3191,11,2024-02-22,6264.46,1158
3280,3091,54,2025-11-14,3394.4,1139
3281,2917,111,2026-01-02,3122.6,1031
3282,6825,126,2025-06-22,3931.94,986
3283,403,115,2025-08-15,3164.9,1000
3284,5192,122,2026-03-06,1264.36,1193
3285,2988,57,2025-03-13,5508.52,1014
3286,6462,42,2024-05-11,5248.62,950
3287,5115,86,2025-09-26,7228.42,1078
3288,949,6,2024-08-13,1897.88,1115
3289,5030,137,2026-06-28,804.99,1035
3290,4039,68,2024-05-26,630.37,1081
3291,328,22,2024-10-16,6909.16,1157
3292,2342,38,2024-10-23,920.35,1171
3293,2725,94,2025-03-02,5805.96,1038
3294,6374,61,2024-05-21,2108.54,1131
3295,189,105,2026-06-10,7922.95,1142
3296,3322,105,2024-12-05,791.42,917
3297,4438,80,2024-12-24,6448.22,1081
3298,5233,111,2026-06-30,5433.33,997
3299,1367,54,2025-05-23,7627.41,1097
3300,5497,55,2025-07-28,2328.31,1119
3301,5830,129,2026-05-09,1256.76,1053
3302,1599,130,2025-05-01,6067.21,959
3303,4471,112,2024-02-13,7485.56,1177
3304,3330,17,2025-10-05,1464.41,1077
3305,4239,110,2025-09-11,4114.02,1128
3306,4658,45,2025-05-03,6957.93,1111
3307,6527,4,2025-04-07,6977.99,1016
3308,3931,73,2026-06-30,3747.98,1097
3309,3277,86,2026-06-30,3313.59,996
3310,4338,3,2024-01-16,3068.36,1136
3311,783,63,2025-07-24,5424.35,1143
3312,4039,39,2026-06-30,7610.52,1096
3313,1157,35,2025-11-07,3665.45,1139
3314,3250,105,2024-04-15,6874.7,1002
3315,2813,88,2024-10-06,7470.27,1149
3316,493,105,2026-06-30,546.95,1001
3317,4639,18,2024-10-14,4224.82,983
3318,4969,18,2024-01-22,5396.92,1015
3319,3724,126,2025-10-05,4953.64,1010
3320,1617,31,2026-04-23,6214.33,954
3321,2114,30,2025-09-12,7075.93,982
3322,3657,89,2024-05-24,1926.86,990
3323,4327,53,2026-06-21,4184.26,987
3324,4515,25,2024-02-18,713.35,991
3325,6999,35,2025-09-09,1348.81,1191
3326,4923,1,2025-09-24,5566.06,1199
3327,5744,57,2026-04-13,5623.43,954
3328,4882,44,2026-06-30,6946.64,913
3329,2148,133,2025-10-04,1978.1,1156
3330,889,68,2024-06-18,979.81,938
3331,3274,71,2025-11-23,4012.34,1116
3332,33,73,2026-06-30,4709.17,996
3333,3879,29,2026-05-18,6306.86,1081
3334,6351,81,2024-06-19,5720.18,1187
3335,4237,34,2025-09-05,6398.79,975
3336,1255,80,2024-10-06,5502.46,942
3337,5798,112,2025-09-18,2911.43,988
3338,845,76,2025-12-20,297.66,1103
3339,4627,36,2024-04-13,7322.21,1059
3340,2549,86,2026-03-05,4989.04,1133
3341,350,107,2024-06-09,4794.04,1112
3342,3290,59,2025-02-20,1948.46,1172
3343,5389,75,2024-12-15,3418.48,1155
3344,4343,36,2025-09-15,2612.64,1037
3345,622,52,2026-06-30,605.62,1079
3346,6433,17,2025-09-09,3250.17,1080
3347,5484,70,2026-06-30,3154.24,1137
3348,4351,63,2026-02-25,4865.28,995
3349,1344,8,2026-05-28,7277.66,1099
3350,3990,43,2025-04-14,957.21,1173
3351,2569,110,2026-06-30,3781.69,1056
3352,6766,20,2024-07-05,1030.15,1091
3353,3067,27,2025-07-20,5689.69,1124
3354,3821,139,2025-02-09,499.59,1144
3355,2947,50,2024-05-11,5432.59,991
3356,4670,118,2024-05-04,4432.05,1042
3357,3801,68,2025-01-15,1309.95,991
3358,5238,128,2025-11-25,3275.83,1126
3359,2373,42,2025-08-17,1277.59,1139
3360,850,74,2025-06-23,3885.5,1073
3361,3450,73,2026-03-27,1101.55,1020
3362,3156,57,2025-09-17,7965.24,1178
3363,5198,10,2024-04-11,6905.12,981
3364,1358,88,2026-06-30,3293.73,985
3365,517,67,2026-04-11,2822.58,1010
3366,6854,21,2025-12-23,2495.78,1109
3367,5441,26,2026-01-14,1420.24,1036
3368,4348,89,2025-05-10,7813.58,1129
3369,5543,25,2024-01-12,1977.09,955
3370,2111,72,2025-12-27,4199.8,1032
3371,975,132,2026-05-24,5677.56,1063
3372,5503,65,2026-06-30,1866.93,1162
3373,6069,106,2025-05-11,3982.25,981
3374,2968,109,2026-04-05,2777.86,1045
3375,3760,40,2026-06-30,6684.62,926
3376,2674,99,2024-01-27,7996.09,1105
3377,5127,65,2024-10-05,7520.96,1071
3378,4475,140,2025-04-15,7380.59,922
3379,5815,3,2026-06-30,4109.52,1108
3380,2210,72,2025-08-13,1392.28,1013
3381,2967,41,2026-05-19,3528.71,1184
3382,99,120,2025-09-04,1915.83,1191
3383,3793,68,2024-01-12,309.02,1065
3384,2442,122,2026-02-09,2032.61,939
3385,6482,88,2024-05-04,3604.15,1188
3386,2324,77,2024-12-09,5276.03,958
3387,702,91,2025-08-25,5281.81,1011
3388,4127,19,2024-03-25,3414.98,1051
3389,5208,82,2025-04-01,536.54,961
3390,1189,131,2024-10-25,6811.9,1147
3391,4650,101,2026-06-30,1798.28,927
3392,364,121,2025-11-14,7041.1,904
3393,6481,87,2024-05-20,4720.41,971
3394,5294,110,2024-06-23,7395.58,1009
3395,683,140,2026-03-19,7101.06,1012
3396,1586,104,2024-08-13,2442.53,930
3397,2019,28,2025-05-09,3424.04,1107
3398,6414,103,2026-06-20,5750.73,1185
3399,1805,104,2026-06-30,3970.71,1189
3400,1352,105,2025-10-06,7588.13,971
3401,4726,94,2026-05-09,3706.27,1010
3402,3661,98,2025-10-05,3029.31,963
3403,3291,50,2026-04-10,7059.22,1096
3404,1894,23,2026-01-26,510.64,921
3405,6172,130,2024-03-04,7070.9,965
3406,1623,78,2024-05-05,1426.4,1195
3407,5567,103,2024-04-26,7231.49,1146
3408,4234,64,2024-09-12,3046.46,922
3409,308,73,2025-09-28,983.48,993
3410,2651,116,2026-06-30,2783.62,1058
3411,5081,51,2025-07-24,3581.74,1036
3412,1466,60,2026-06-30,2199.25,1096
3413,2487,74,2026-06-30,4039.35,1056
3414,2968,9,2024-11-28,4181.73,904
3415,6735,93,2025-04-19,7556.71,1116
3416,862,110,2025-04-07,2950.11,1124
3417,5085,89,2025-03-09,7870.06,1148
3418,5743,75,2026-06-30,1141.47,987
3419,685,85,2025-08-03,6457.43,913
3420,3141,10,2025-10-05,7062.98,1191
3421,694,80,2024-06-28,4401.28,1188
3422,2990,118,2026-04-04,6826.53,1073
3423,5502,104,2025-10-06,3402.72,1009
3424,6852,133,2025-05-11,4403.9,990
3425,5857,86,2025-09-25,548.15,1021
3426,6444,42,2026-05-15,4303.05,1121
3427,4384,123,2026-04-07,2183.12,921
3428,281,91,2025-04-02,1599.79,1065
3429,862,103,2025-12-16,4143.09,1036
3430,2917,136,2026-06-30,4445.57,914
3431,4297,75,2024-05-27,5630.27,943
3432,634,46,2024-06-24,6811.66,1175
3433,3750,123,2026-06-30,4176.71,1062
3434,2852,41,2025-11-22,354.29,996
3435,3844,87,2026-02-02,4253.29,934
3436,4403,113,2024-11-22,2121.02,962
3437,6737,95,2025-04-19,7697.91,1177
3438,3108,9,2025-10-13,4236.94,916
3439,2952,102,2024-02-24,6294.73,1109
3440,1727,41,2025-10-25,5579.43,1018
3441,3242,45,2024-06-18,4542.62,1162
3442,3664,139,2024-12-28,6774.65,1199
3443,5445,73,2025-04-08,4764.68,918
3444,3203,122,2026-05-09,1502.85,1050
3445,5478,91,2025-05-26,6155.05,1013
3446,366,17,2024-03-15,730.08,1084
3447,2652,99,2024-08-21,732.7,1179
3448,5779,100,2026-04-17,1530.66,965
3449,1508,45,2024-10-03,4009.63,1116
3450,4520,100,2026-03-04,6804.41,1129
3451,1215,33,2024-08-17,6891.94,920
3452,5162,110,2025-02-16,2159.26,921
3453,341,124,2025-11-01,5003.24,988
3454,189,50,2026-01-06,573.03,956
3455,6934,112,2025-12-27,659.6,1183
3456,2226,23,2025-09-17,1025.98,915
3457,5734,6,2025-04-27,3720.93,1049
3458,3624,106,2025-12-05,4212.6,980
3459,3645,32,2025-12-06,252.91,990
3460,52,21,2025-06-25,5551.83,999
3461,2047,20,2024-04-05,1386.31,1178
3462,4295,76,2024-04-09,4980.54,1025
3463,3383,51,2025-05-07,3132.02,930
3464,2486,51,2024-06-16,6474.49,903
3465,5650,18,2024-03-24,7855.6,946
3466,5622,90,2025-05-07,6046.6,1177
3467,2150,44,2024-04-10,3470.67,967
3468,4278,131,2025-05-14,5103.27,1114
3469,4686,62,2026-04-23,3565.24,1074
3470,1355,76,2025-11-13,2824.56,1154
3471,870,30,2024-10-28,5714.23,1139
3472,2164,20,2025-10-27,267.0,954
3473,437,76,2026-06-30,1343.15,1000
3474,4458,53,2025-05-26,5212.34,948
3475,4983,100,2025-03-24,6707.81,1081
3476,1971,36,2024-05-03,1806.56,1012
3477,1076,52,2025-10-07,6736.18,931
3478,1051,84,2024-05-25,1874.91,1193
3479,968,29,2026-06-30,2050.57,1108
3480,4533,9,2026-05-06,4621.03,973
3481,3800,61,2025-04-26,2647.01,1037
3482,4037,114,2026-04-06,1584.86,1093
3483,4877,40,2026-02-10,4935.17,1015
3484,4450,48,2024-01-13,3780.29,1028
3485,6947,46,2025-10-09,312.64,1093
3486,1741,1,2026-05-17,3337.34,1052
3487,4505,65,2026-06-30,2972.05,934
3488,2498,61,2024-10-17,2655.47,922
3489,1148,25,2026-06-30,1192.12,941
3490,2771,83,2026-06-30,3978.0,1151
3491,6804,43,2024-10-19,4428.87,968
3492,919,139,2026-06-30,5461.85,1053
3493,5577,131,2026-03-28,1332.96,1138
3494,6396,68,2024-05-22,1014.49,1094
3495,3377,131,2025-01-05,6839.7,938
3496,4595,111,2026-05-01,908.63,903
3497,2750,21,2026-01-23,6867.39,1096
3498,536,12,2025-04-12,6237.06,1065
3499,1389,48,2026-04-27,5218.9,1081
3500,2412,53,2024-10-16,7505.05,1166
3501,2957,45,2026-04-21,6966.06,956
3502,1980,55,2026-06-30,1948.64,977
3503,1358,60,2024-01-24,1488.82,968
3504,3868,5,2025-01-09,4383.73,957
3505,5449,111,2024-10-07,4625.72,1048
3506,6817,124,2026-06-30,5139.42,925
3507,3593,120,2026-03-01,6599.47,1153
3508,2295,95,2024-01-26,3739.9,1160
3509,6984,108,2024-01-02,4591.8,971
3510,4442,84,2026-06-30,6276.93,944
3511,5484,41,2026-06-30,417.31,1127
3512,3507,116,2024-09-22,7073.01,944
3513,2723,61,2026-05-20,7295.57,1031
3514,6051,14,2026-06-30,5269.81,1068
3515,1656,91,2026-06-30,4607.02,995
3516,6162,59,2024-09-11,608.56,1052
3517,4397,84,2026-06-30,1010.24,1019
3518,4852,86,2026-02-04,981.09,941
3519,6588,99,2026-01-06,1675.55,950
3520,151,2,2025-03-01,3770.03,1009
3521,2301,50,2026-04-09,5079.68,1184
3522,2536,84,2024-04-07,3242.64,942
3523,2998,107,2026-06-30,3237.88,1095
3524,1779,65,2026-06-02,1897.53,1033
3525,1123,116,2025-02-09,7386.33,1155
3526,3835,54,2024-09-24,7085.12,1121
3527,3555,115,2024-01-22,3961.81,1130
3528,1068,127,2026-06-30,566.24,922
3529,1076,34,2025-08-03,4461.27,932
3530,5108,95,2024-04-06,5855.53,953
3531,6316,15,2024-04-04,1875.31,966
3532,6846,15,2025-05-18,4546.71,1192
3533,6533,18,2024-10-16,3108.21,1077
3534,6187,44,2026-04-20,6024.37,1187
3535,614,74,2025-03-01,3241.5,903
3536,5718,91,2025-10-22,550.18,934
3537,5979,29,2024-02-13,4819.62,1114
3538,2121,72,2025-06-28,5314.43,1023
3539,3925,36,2026-06-30,7475.37,960
3540,1348,25,2025-11-09,2640.8,1158
3541,2832,34,2026-06-30,7813.26,1112
3542,3384,115,2026-04-24,3014.16,1087
3543,842,43,2025-10-18,6596.52,984
3544,4835,23,2024-06-22,6187.15,931
3545,1828,58,2026-06-30,4555.35,966
3546,53,81,2025-10-17,7632.29,1050
3547,2144,125,2024-06-06,4999.74,1008
3548,767,84,2026-06-30,443.96,924
3549,2179,64,2024-05-15,387.94,982
3550,2201,114,2026-06-30,273.9,1030
3551,4398,105,2025-09-18,5362.06,1070
3552,2788,58,2026-05-20,6260.36,931
3553,1781,15,2024-04-18,3062.02,1150
3554,3233,21,2025-02-01,2110.84,1144
3555,2630,107,2026-04-04,1640.84,1164
3556,1002,54,2024-01-07,1424.04,983
3557,2485,74,2026-06-12,2279.33,1022
3558,1651,96,2024-10-20,4065.17,944
3559,6776,48,2026-03-18,6397.16,1166
3560,2771,39,2026-04-04,2108.37,922
3561,3797,84,2026-06-30,4671.58,1048
3562,4087,91,2025-04-19,7183.46,1193
3563,4510,102,2026-06-30,6648.76,1019
3564,3767,126,2026-06-30,6705.62,1050
3565,6917,67,2025-06-13,7475.07,1172
3566,3190,57,2026-06-30,1852.84,937
3567,1508,69,2024-08-15,2707.14,943
3568,4381,131,2024-10-18,6964.91,1089
3569,1343,65,2026-06-30,6029.64,950
3570,97,117,2025-04-07,7862.56,1024
3571,4395,72,2025-07-14,3167.39,1167
3572,74,104,2025-12-07,4976.59,1186
3573,3457,118,2026-06-30,6597.7,1000
3574,3137,80,2024-05-16,4734.42,1159
3575,4992,19,2026-04-09,518.96,981
3576,2235,117,2025-04-22,4713.74,954
3577,2937,102,2025-06-24,3659.65,1021
3578,5564,90,2024-05-07,5532.29,1171
3579,4958,44,2026-06-30,7460.56,952
3580,6686,110,2025-04-11,7963.75,951
3581,1612,43,2026-06-18,6852.31,1144
3582,837,110,2026-04-02,5326.85,1058
3583,2761,47,2024-06-08,1275.29,1004
3584,461,71,2025-05-11,1865.44,965
3585,6911,129,2025-10-09,263.67,1027
3586,1030,58,2024-03-12,2857.21,1011
3587,2857,123,2025-06-11,7834.79,961
3588,6342,41,2025-05-10,5231.99,946
3589,4234,65,2026-06-30,7680.05,929
3590,5513,128,2024-10-25,1426.64,1026
3591,3585,85,2024-11-18,4635.81,1091
3592,2148,122,2025-12-27,224.0,1190
3593,3224,131,2026-06-30,2401.93,1187
3594,2700,44,2026-06-30,6411.12,1132
3595,3191,82,2025-12-19,5762.23,1188
3596,2292,18,2026-06-30,1030.19,1078
3597,3964,63,2024-05-24,7664.0,980
3598,2472,110,2024-10-05,2357.19,1023
3599,2852,89,2024-11-17,1873.6,1045
3600,444,92,2024-04-03,3961.47,985
3601,5062,55,2024-04-11,2965.77,1075
3602,5569,3,2024-09-24,4404.95,1189
3603,5327,51,2025-09-11,6964.23,971
3604,6800,55,2024-10-26,841.04,1054
3605,6851,49,2024-05-26,552.85,1132
3606,444,81,2025-05-27,5481.88,1120
3607,4259,53,2026-06-30,6491.71,987
3608,4075,75,2026-06-30,6256.3,1149
3609,6464,26,2026-06-30,7079.27,1049
3610,4472,89,2024-05-27,6840.35,998
3611,6317,27,2024-09-14,3283.84,1110
3612,4068,66,2024-06-10,4476.18,921
3613,2514,18,2024-01-06,6963.85,1103
3614,2367,68,2025-04-25,3563.78,1139
3615,3444,51,2025-06-20,7696.78,921
3616,5560,70,2025-01-28,6427.32,1191
3617,6038,48,2025-02-19,6258.96,1184
3618,2877,88,2024-03-06,407.69,1136
3619,5375,7,2025-06-23,1091.44,1196
3620,5093,74,2025-10-12,309.63,1174
3621,3590,87,2026-06-30,4577.12,1014
3622,2304,45,2026-06-30,1425.69,984
3623,1178,131,2025-04-02,6543.85,915
3624,5975,14,2026-01-28,470.93,984
3625,4418,34,2024-03-19,3705.49,1024
3626,2928,132,2024-02-26,2584.07,1085
3627,2406,121,2025-11-02,3593.32,1162
3628,5359,124,2026-06-08,5473.26,972
3629,5708,37,2024-05-04,2933.03,1067
3630,4239,14,2026-06-30,2168.89,919
3631,3677,134,2026-02-06,6633.54,1102
3632,3898,66,2024-08-16,5455.6,1074
3633,1753,98,2025-10-21,1342.18,1195
3634,3150,129,2025-09-12,1235.96,1077
3635,5297,72,2026-04-23,2232.9,1079
3636,4060,117,2026-04-12,4195.12,1162
3637,1537,38,2026-04-02,7690.2,921
3638,5821,123,2026-05-05,4655.9,1182
3639,342,62,2026-06-30,6237.43,1129
3640,2698,64,2026-06-30,1482.87,1031
3641,2932,54,2024-03-06,868.58,949
3642,4937,131,2025-04-11,598.28,1074
3643,1126,139,2024-05-11,5832.63,1065
3644,4815,90,2025-05-09,614.75,938
3645,3233,101,2024-05-08,6041.62,1151
3646,4880,13,2026-06-30,5110.36,908
3647,3566,96,2026-06-30,516.05,1049
3648,5580,137,2025-05-10,6276.85,1120
3649,6001,59,2024-06-24,6837.1,1090
3650,3502,61,2025-04-04,4053.98,1024
3651,6273,94,2026-05-14,290.56,1119
3652,1350,79,2026-04-27,6872.7,1073
3653,6520,39,2024-05-28,5265.79,947
3654,2896,110,2024-10-16,7270.87,1125
3655,3541,67,2025-03-17,5823.5,1035
3656,3995,41,2025-06-19,4772.77,1019
3657,1020,112,2024-04-24,3351.73,1105
3658,5349,95,2026-02-12,6837.86,905
3659,3072,90,2024-11-22,6751.08,988
3660,3612,58,2024-11-23,3419.95,901
3661,2407,133,2024-05-14,6625.95,1174
3662,999,118,2024-12-13,2709.95,1073
3663,3410,62,2026-06-30,1693.57,963
3664,2243,64,2024-05-22,736.99,1091
3665,4491,9,2024-06-09,5065.58,1182
3666,814,124,2024-09-08,6413.61,974
3667,4562,106,2026-03-21,215.6,1190
3668,4619,72,2026-06-23,4511.44,1164
3669,3457,8,2025-09-21,1747.21,1017
3670,3929,3,2026-06-30,5243.14,968
3671,1368,67,2025-12-21,3563.16,1109
3672,6455,43,2024-07-06,5345.69,1004
3673,507,113,2024-09-24,1555.97,1133
3674,1361,64,2024-08-05,2595.49,926
3675,5097,22,2025-04-22,4981.47,915
3676,1972,82,2026-05-11,6766.48,1081
3677,279,41,2025-05-21,1583.6,961
3678,327,129,2026-03-06,4248.84,1160
3679,3640,5,2025-06-07,6819.66,1057
3680,1754,112,2026-06-30,4025.32,1129
3681,1007,30,2026-06-30,1704.02,1166
3682,2652,43,2026-06-30,3682.9,1030
3683,1437,108,2025-10-05,2989.36,1058
3684,493,116,2026-06-30,1385.6,952
3685,5005,127,2026-06-30,2177.83,1005
3686,2609,59,2025-10-06,5249.75,1126
3687,4885,22,2025-09-17,2212.5,1022
3688,4106,7,2025-03-16,7223.79,1130
3689,519,53,2026-06-30,4157.75,991
3690,5624,93,2026-06-30,4892.44,1118
3691,2006,67,2025-04-01,7720.57,1075
3692,838,67,2024-05-03,3906.6,1112
3693,915,133,2024-07-12,5703.29,1062
3694,5569,78,2025-10-28,2184.34,971
3695,1686,22,2026-05-01,1097.15,1165
3696,6164,82,2025-04-20,6555.88,927
3697,1685,124,2026-06-30,853.58,1006
3698,5425,18,2024-03-03,547.95,1035
3699,704,21,2024-04-28,7602.68,1096
3700,4309,85,2024-03-04,1197.76,910
3701,3290,73,2024-10-28,5128.44,935
3702,3284,108,2026-03-21,4430.58,912
3703,3658,23,2026-06-30,6647.81,1158
3704,2891,13,2024-01-05,3672.47,1112
3705,2970,16,2026-06-01,3870.24,1124
3706,2929,70,2025-06-04,4225.36,916
3707,5495,18,2024-11-19,6644.65,969
3708,1575,91,2026-01-11,6896.34,962
3709,6751,108,2024-08-25,7547.53,1159
3710,6242,103,2026-05-23,1545.03,1026
3711,3935,12,2025-06-21,3121.5,925
3712,3980,86,2026-01-15,3262.23,948
3713,4558,86,2026-06-30,2655.09,1183
3714,3427,107,2025-05-23,3815.44,1153
3715,6825,44,2024-10-03,7895.59,1084
3716,1634,119,2026-06-30,7300.1,925
3717,3602,4,2024-09-07,3580.08,1112
3718,568,41,2026-05-04,2613.95,937
3719,6251,77,2026-03-24,6761.93,957
3720,1432,67,2024-07-25,2498.9,1138
3721,5229,90,2025-12-14,7186.43,1192
3722,750,124,2024-05-11,6335.84,979
3723,5079,122,2026-04-23,6209.07,1133
3724,2887,98,2024-07-20,3212.15,1160
3725,3639,112,2026-06-30,2085.93,1187
3726,68,90,2026-06-30,897.21,1088
3727,1578,10,2026-06-30,2783.22,906
3728,3102,30,2026-06-30,6450.8,1060
3729,2947,21,2025-03-15,6586.76,940
3730,1010,75,2024-05-18,7839.19,1097
3731,5325,134,2025-03-06,5913.84,1097
3732,3650,6,2026-06-15,6877.58,935
3733,900,70,2025-03-20,2390.19,994
3734,73,117,2024-11-05,5067.25,1081
3735,235,87,2024-05-10,4428.58,1087
3736,1879,49,2025-04-08,611.44,1015
3737,3955,115,2024-11-12,5923.71,908
3738,4830,98,2026-06-30,7840.3,935
3739,2868,22,2025-03-04,6936.24,1054
3740,559,124,2025-11-24,2726.94,966
3741,3201,2,2024-05-03,826.8,1069
3742,5586,106,2026-06-30,3932.35,953
3743,2223,16,2026-05-10,5561.18,1057
3744,1319,125,2025-11-11,2941.7,1170
3745,2087,57,2025-07-24,2897.3,1125
3746,6007,139,2024-12-08,2219.31,1120
3747,138,54,2026-01-16,2281.32,933
3748,2415,98,2025-04-18,6972.48,980
3749,5570,97,2024-06-12,5878.52,969
3750,2,100,2025-06-01,284.13,1066
3751,4121,7,2024-10-07,1032.16,994
3752,3360,13,2025-05-14,2996.3,1200
3753,609,15,2024-11-04,3021.07,976
3754,2951,107,2024-05-21,5514.84,1003
3755,1333,55,2025-04-20,2538.69,1067
3756,2639,15,2026-06-30,377.42,1051
3757,5743,108,2025-12-05,4669.73,1116
3758,5299,7,2025-06-28,203.4,974
3759,4765,22,2025-06-28,2076.71,1118
3760,6043,104,2024-10-24,1543.63,1029
3761,6917,75,2024-11-20,3350.54,965
3762,4900,128,2025-05-07,2141.67,946
3763,5279,132,2025-01-20,4513.97,1003
3764,45,65,2025-10-12,6439.84,927
3765,5875,31,2025-08-24,3941.68,945
3766,1317,48,2025-04-05,2617.72,1023
3767,5892,100,2025-12-04,5306.2,937
3768,5693,11,2024-03-07,6452.89,1065
3769,6115,26,2026-05-07,7984.7,1120
3770,4531,19,2026-06-30,5174.57,939
3771,4470,93,2025-06-07,660.2,1154
3772,504,111,2025-04-07,4504.71,923
3773,883,44,2026-06-30,2110.82,1174
3774,3076,37,2024-03-08,4918.8,967
3775,4217,36,2024-09-14,4865.97,976
3776,6963,129,2025-06-27,3956.81,1004
3777,5406,67,2024-11-27,2457.11,1147
3778,5274,82,2026-06-27,5336.08,986
3779,3292,75,2025-04-28,3269.85,1132
3780,6699,73,2024-11-28,4708.1,1150
3781,5975,114,2026-06-02,5719.37,934
3782,6203,30,2024-01-08,6143.63,1075
3783,3825,109,2025-06-24,6153.26,1004
3784,4585,15,2026-04-06,7055.31,931
3785,3701,87,2026-06-30,2339.03,1043
3786,3045,16,2024-08-12,1321.82,1023
3787,4097,18,2026-04-01,5518.44,1009
3788,6145,76,2026-03-09,4924.07,1037
3789,6748,8,2026-01-01,347.99,1087
3790,2636,6,2026-03-23,1358.83,1051
3791,1379,89,2024-07-27,3195.32,1002
3792,289,22,2026-06-30,4076.99,959
3793,3926,118,2024-12-27,4667.1,1182
3794,583,119,2024-05-13,1551.56,1197
3795,612,43,2025-10-02,562.13,997
3796,434,99,2026-06-30,7759.73,941
3797,529,114,2025-10-20,452.75,1100
3798,380,95,2025-06-18,4709.32,971
3799,40,30,2025-06-06,1276.74,1159
3800,5940,55,2025-04-23,3559.16,1141
3801,4192,42,2025-05-06,5078.99,908
3802,1379,22,2026-01-07,1386.68,936
3803,1017,11,2024-05-28,7263.43,1040
3804,6971,92,2025-05-01,6585.62,1180
3805,2143,44,2025-04-03,256.57,970
3806,5087,51,2026-06-30,4294.75,1075
3807,6283,46,2026-06-30,5690.48,1140
3808,2662,7,2026-06-30,1245.04,1055
3809,2924,70,2025-09-21,3340.07,1044
3810,2202,67,2026-06-30,1981.24,1162
3811,6905,125,2026-06-30,3632.24,1091
3812,3814,40,2024-01-02,4834.09,987
3813,398,98,2026-06-20,6646.98,1108
3814,1488,113,2025-04-05,532.47,934
3815,2345,131,2026-05-27,1994.9,1106
3816,2382,25,2024-01-16,577.39,1187
3817,4493,1,2026-06-30,6834.03,910
3818,3092,5,2025-11-18,3302.05,959
3819,6040,66,2025-05-01,4132.16,1200
3820,6166,17,2025-06-23,6501.61,1172
3821,2606,36,2026-06-30,7509.89,910
3822,2713,23,2026-01-16,7793.98,922
3823,6445,55,2026-06-30,3686.92,1166
3824,6348,53,2025-04-05,878.38,974
3825,767,126,2025-10-27,3820.83,943
3826,434,57,2024-07-07,951.39,979
3827,5924,9,2025-07-27,1882.91,1135
3828,3468,64,2024-11-08,6068.17,1163
3829,1857,119,2024-01-01,391.5,1114
3830,2619,37,2026-02-12,4271.42,1172
3831,1003,59,2025-04-01,415.92,1197
3832,3256,17,2025-11-02,5070.99,1194
3833,1393,35,2026-06-30,656.64,955
3834,52,76,2025-06-07,5439.24,1156
3835,5727,27,2024-06-06,5895.94,1197
3836,5872,2,2026-02-03,4209.72,966
3837,3443,23,2026-04-02,3585.04,1030
3838,3087,42,2026-06-30,2042.14,960
3839,719,42,2024-10-06,5875.94,1113
3840,4879,28,2025-10-20,497.07,1040
3841,842,4,2026-06-30,7177.07,1121
3842,5249,104,2024-06-17,7009.0,942
3843,3365,81,2026-05-21,5348.54,1050
3844,401,44,2025-07-23,1088.08,1027
3845,1148,116,2024-05-25,4183.84,1197
3846,5597,27,2026-06-30,4707.06,1009
3847,5410,1,2024-01-07,7233.56,1160
3848,5285,140,2025-03-03,7685.74,1143
3849,6043,33,2024-09-26,3620.95,964
3850,38,131,2024-06-03,761.04,987
3851,5220,115,2025-02-14,1500.38,1015
3852,3104,18,2026-04-15,5157.01,1059
3853,3078,20,2024-01-03,7587.74,1001
3854,1614,108,2024-04-03,3814.62,950
3855,6867,81,2024-04-03,5519.88,931
3856,6649,125,2025-01-04,5761.35,1117
3857,2562,76,2026-06-30,7361.54,996
3858,5000,95,2026-06-30,5266.42,930
3859,6604,9,2025-07-04,3078.59,1171
3860,5392,113,2026-06-30,4994.33,1027
3861,6192,38,2025-02-06,2584.48,1113
3862,1808,33,2025-07-07,2530.37,979
3863,5454,92,2026-05-23,6917.24,1179
3864,5363,37,2026-06-24,3178.94,1049
3865,6398,40,2024-04-14,5746.77,1090
3866,5945,37,2024-08-13,6829.4,1131
3867,4729,46,2025-04-19,6692.19,990
3868,6573,82,2025-09-13,2435.61,1145
3869,2853,133,2024-07-11,2323.4,1104
3870,5036,26,2024-06-08,6410.22,1082
3871,1934,98,2026-01-01,6653.08,1123
3872,4088,70,2024-02-21,3430.61,931
3873,4001,2,2025-06-27,6910.21,1075
3874,3291,69,2025-04-10,259.46,993
3875,6537,117,2024-03-17,5701.62,1173
3876,4144,19,2026-01-27,2089.74,1110
3877,4026,116,2024-10-06,5348.01,984
3878,6153,138,2024-01-08,6160.86,1186
3879,4279,126,2026-06-30,3198.72,1143
3880,4877,56,2025-10-27,2060.75,1026
3881,6005,56,2026-04-24,4647.91,1008
3882,5436,51,2024-01-25,4162.98,902
3883,948,139,2026-02-16,4759.19,1015
3884,5855,115,2024-09-15,5824.02,1023
3885,4415,91,2026-06-21,7481.3,1135
3886,1873,102,2024-04-11,2253.68,1175
3887,2902,30,2024-10-23,3237.96,961
3888,1964,2,2024-10-14,7607.15,963
3889,5392,134,2025-04-15,7012.3,1028
3890,3209,53,2026-04-24,2449.64,968
3891,4957,121,2025-05-15,1836.15,974
3892,6055,96,2025-06-10,1207.79,994
3893,5842,34,2024-07-27,2887.3,1120
3894,1693,112,2024-12-03,564.31,946
3895,6026,77,2024-11-27,3292.37,971
3896,5268,70,2024-02-06,5076.53,1044
3897,1098,82,2025-12-05,6565.3,1139
3898,13,4,2026-03-20,6433.01,1122
3899,5459,138,2026-06-30,4357.9,919
3900,5434,7,2026-06-11,6175.78,951
3901,5504,27,2024-07-08,2662.96,910
3902,206,124,2026-06-15,5514.19,982
3903,1770,64,2024-01-08,7147.67,1023
3904,374,10,2024-10-08,1416.34,1021
3905,2291,25,2025-03-28,6385.77,1070
3906,4909,34,2024-06-17,1596.95,1022
3907,849,38,2024-04-06,675.94,919
3908,6433,123,2024-03-26,7599.28,1161
3909,4254,107,2024-07-18,3853.92,1086
3910,6497,36,2025-12-28,6612.47,958
3911,3604,82,2024-11-11,4174.79,1119
3912,4373,61,2025-09-01,306.96,1027
3913,3233,26,2025-11-26,3099.34,1056
3914,5428,48,2025-02-24,1617.14,1049
3915,3565,114,2026-04-16,3587.47,952
3916,933,48,2024-05-19,7252.73,1099
3917,3037,5,2025-01-05,4401.51,1083
3918,154,121,2026-05-08,4139.23,1189
3919,4144,136,2025-04-02,4616.34,997
3920,5891,108,2025-01-18,2964.14,1149
3921,828,17,2025-01-22,2394.7,1189
3922,4285,126,2025-03-14,6837.89,1122
3923,1964,137,2025-02-24,2823.58,1064
3924,2688,88,2025-05-01,6903.45,1117
3925,5074,24,2026-01-22,3997.11,933
3926,3380,79,2024-09-16,1327.37,1083
3927,1783,30,2026-01-05,1090.14,1010
3928,5181,99,2024-08-11,215.17,1192
3929,985,8,2026-06-10,2886.97,1109
3930,1915,68,2025-04-24,4941.66,1043
3931,4534,131,2024-04-09,4677.09,1000
3932,6225,75,2024-10-27,7964.55,990
3933,1942,37,2025-06-26,1541.6,1148
3934,4117,58,2024-07-18,625.48,1157
3935,4167,124,2024-10-19,5796.49,909
3936,6383,81,2025-08-14,7239.55,1183
3937,3546,92,2025-04-06,5423.8,1095
3938,5244,48,2026-06-30,2307.87,1042
3939,260,28,2025-05-27,4493.9,922
3940,5779,95,2025-07-28,5910.29,927
3941,4135,63,2025-10-09,6836.26,1042
3942,2774,63,2026-06-30,2234.52,1033
3943,6630,129,2026-06-30,824.66,918
3944,4880,121,2026-06-30,5295.32,1184
3945,267,67,2025-10-03,218.68,989
3946,1420,123,2026-06-15,6895.56,1098
3947,681,77,2025-09-27,1774.19,1068
3948,4371,42,2024-10-03,6783.31,1096
3949,2395,77,2026-06-30,5201.01,1157
3950,6409,34,2025-05-15,999.19,1075
3951,4231,107,2024-08-08,3068.08,909
3952,2255,92,2024-09-06,7153.37,910
3953,6978,101,2026-06-30,3018.0,1154
3954,1395,100,2024-06-28,4455.82,1142
3955,2578,107,2024-09-25,1893.34,1170
3956,5672,140,2025-05-22,340.18,1114
3957,88,5,2026-01-03,6275.54,1169
3958,3820,118,2026-06-30,6031.32,957
3959,2004,66,2024-05-17,1555.57,1181
3960,5344,96,2026-06-30,417.95,1040
3961,4424,98,2025-08-12,5702.18,1163
3962,3364,24,2026-02-28,5728.99,1188
3963,5802,64,2025-07-21,3565.73,1181
3964,5767,133,2025-05-14,2443.84,1030
3965,1726,137,2025-04-15,313.24,1162
3966,6521,127,2024-09-19,5693.6,1102
3967,5998,67,2025-01-16,5759.09,989
3968,5791,105,2024-11-15,7979.45,1137
3969,5664,9,2026-05-11,7617.56,1028
3970,3614,87,2026-03-26,7839.04,1026
3971,2371,70,2025-10-19,7916.89,1186
3972,6467,91,2024-09-13,6763.41,1118
3973,831,124,2025-06-11,6811.47,1063
3974,3913,89,2026-06-30,7459.29,1145
3975,6584,24,2025-07-10,3185.91,942
3976,2315,75,2024-11-14,5730.23,961
3977,1322,32,2026-02-15,643.91,942
3978,1976,44,2026-06-25,2265.56,1111
3979,3589,124,2025-10-09,1467.74,1004
3980,4487,139,2026-05-28,2238.74,954
3981,1002,114,2025-01-24,2000.06,930
3982,2307,88,2026-06-30,2254.47,1018
3983,700,132,2025-05-23,5901.31,1086
3984,5549,122,2026-06-30,2030.41,1075
3985,3674,37,2024-12-21,906.74,932
3986,1249,60,2025-10-12,2957.45,1158
3987,1527,100,2025-04-17,4517.68,1061
3988,706,136,2026-02-22,4195.76,910
3989,2236,70,2026-06-30,4542.86,1198
3990,2087,100,2026-06-30,7277.96,988
3991,4245,19,2024-02-28,968.05,926
3992,2402,81,2026-06-15,3040.22,940
3993,5576,93,2024-08-26,7857.24,1045
3994,2711,113,2026-02-25,1420.79,1154
3995,2669,2,2024-05-01,5352.82,1129
3996,4608,135,2026-05-25,5724.6,1077
3997,6406,49,2024-10-05,5344.91,936
3998,6759,139,2026-03-19,5387.75,1068
3999,6397,135,2024-12-07,6174.41,1037
4000,5969,24,2024-07-14,2611.42,1097
4001,5607,95,2026-06-30,1507.17,1031
4002,6453,2,2026-03-18,2644.18,1073
4003,3791,9,2025-08-28,6807.67,1189
4004,5417,109,2026-04-27,1664.94,1067
4005,3049,38,2025-07-09,4592.25,1190
4006,2106,126,2026-04-28,382.34,1012
4007,6120,47,2025-11-15,7456.92,911
4008,2763,65,2025-09-12,530.17,1170
4009,582,22,2026-06-30,969.85,1196
4010,3974,42,2026-04-14,3209.92,1181
4011,2906,126,2026-05-10,5812.09,917
4012,1915,127,2026-02-27,1697.18,1001
4013,2056,123,2025-02-12,7976.99,1117
4014,4831,101,2026-06-30,4587.88,1037
4015,5960,18,2026-06-30,2548.65,1187
4016,5072,64,2025-05-04,1881.76,1090
4017,6467,52,2024-03-16,2994.4,969
4018,2966,13,2026-06-30,4989.69,953
4019,1823,7,2026-05-06,4053.19,1005
4020,3386,49,2025-07-03,527.09,1191
4021,2644,132,2025-11-07,3210.34,1103
4022,1542,34,2025-06-09,2425.93,1012
4023,2093,130,2024-03-19,4357.9,969
4024,6048,69,2025-10-07,1452.73,943
4025,3354,47,2025-10-26,4612.68,995
4026,3425,22,2026-06-30,5012.63,1147
4027,2457,135,2026-03-06,5994.96,1166
4028,6316,140,2025-01-15,5029.37,933
4029,1142,134,2026-06-30,4203.96,1170
4030,3821,61,2025-05-10,3064.13,979
4031,2990,104,2026-02-07,3193.58,1062
4032,6722,120,2025-04-14,6158.98,928
4033,4975,75,2024-11-22,6658.94,1162
4034,5722,35,2024-05-21,5933.26,1175
4035,6042,122,2024-07-23,3853.75,1067
4036,2834,58,2024-09-16,1960.7,1085
4037,6793,59,2024-09-24,3097.15,960
4038,3301,8,2026-05-12,5530.7,986
4039,3863,49,2025-06-03,2018.7,1144
4040,1663,40,2024-07-17,7135.11,908
4041,901,137,2024-07-06,2994.34,914
4042,4694,81,2026-05-01,577.42,979
4043,5196,77,2026-06-30,5582.27,1014
4044,3716,37,2025-04-12,3599.32,1089
4045,4660,111,2024-08-20,967.27,1019
4046,1511,75,2026-01-09,3322.21,1005
4047,1732,83,2026-05-07,3383.29,1159
4048,953,2,2024-04-19,1359.54,1010
4049,1137,85,2026-06-30,1477.3,1048
4050,2531,50,2025-04-06,6269.66,962
4051,5407,83,2026-05-19,582.8,913
4052,6465,92,2026-02-03,395.28,1042
4053,2512,37,2026-02-09,2509.09,1054
4054,1318,56,2026-05-21,2649.37,1027
4055,3821,57,2026-06-30,3637.16,1033
4056,6685,32,2024-06-07,7684.28,1062
4057,2444,94,2025-01-14,3255.81,973
4058,1653,27,2024-07-18,5244.82,1184
4059,289,24,2024-09-16,5177.76,1031
4060,159,26,2026-06-30,2268.14,1183
4061,5131,94,2025-01-06,4102.57,989
4062,2559,137,2025-12-13,4768.86,1077
4063,4121,50,2024-12-23,7396.5,1101
4064,1377,67,2025-05-17,2992.32,1012
4065,257,5,2026-06-30,6029.2,1077
4066,6557,125,2025-12-05,7996.82,1060
4067,1374,71,2024-10-17,4757.4,1129
4068,1351,140,2026-05-25,1573.01,1109
4069,6746,23,2024-07-20,4368.79,996
4070,2423,19,2024-11-24,2441.15,1067
4071,3832,10,2026-06-30,3961.83,1107
4072,3975,128,2024-10-06,7230.9,1157
4073,1979,39,2026-05-08,6042.96,1145
4074,4091,105,2026-03-01,1872.42,1076
4075,2526,14,2026-06-30,2725.84,1158
4076,4889,125,2025-10-13,6922.33,1040
4077,6126,32,2026-02-14,1134.12,1107
4078,3485,46,2025-01-20,1707.49,1043
4079,649,109,2025-03-23,3709.07,1038
4080,3377,96,2026-04-07,2645.14,906
4081,6869,54,2026-05-20,590.77,1095
4082,4708,34,2025-06-04,2819.38,924
4083,3763,65,2026-06-30,2203.83,1113
4084,5582,116,2026-01-27,5579.02,1101
4085,2841,70,2026-06-30,2864.28,1019
4086,1080,53,2026-06-30,477.67,1196
4087,4228,130,2025-05-26,978.63,942
4088,6458,55,2025-03-08,3205.2,1154
4089,3355,21,2025-02-14,2326.35,1191
4090,1770,58,2025-05-18,5778.32,948
4091,6959,60,2026-06-30,1803.54,1171
4092,3188,66,2026-06-30,4821.76,1093
4093,1489,3,2026-04-21,6456.01,1150
4094,3918,81,2025-11-13,6021.72,1195
4095,5875,15,2025-09-15,3206.23,976
4096,5007,2,2026-06-02,1156.72,1142
4097,4581,17,2024-10-21,2612.39,1004
4098,3668,52,2026-06-30,1981.15,1072
4099,632,40,2024-11-26,5069.24,917
4100,971,42,2025-12-08,4995.87,1186
4101,6206,51,2025-05-21,2511.51,1147
4102,4022,78,2024-05-16,2364.02,928
4103,6951,38,2024-04-07,282.98,904
4104,2826,90,2024-06-17,7126.2,937
4105,3706,57,2024-11-13,7605.57,993
4106,6302,127,2025-07-22,5889.2,929
4107,5335,18,2026-03-19,4562.51,1026
4108,4751,110,2026-05-12,6992.38,1175
4109,3286,133,2026-06-30,4456.63,968
4110,5738,1,2024-04-03,2990.46,1039
4111,736,5,2024-11-03,1767.53,1052
4112,6332,10,2026-06-30,7040.68,1022
4113,6771,121,2025-11-12,1353.4,1038
4114,297,120,2025-11-25,2999.06,1014
4115,103,126,2026-01-07,891.7,1130
4116,3361,103,2025-09-09,3324.65,1133
4117,4391,93,2026-06-14,5832.58,1011
4118,2982,103,2024-05-07,6220.42,1123
4119,6098,95,2026-06-30,5217.0,1007
4120,6341,32,2025-01-09,3642.71,904
4121,1610,41,2024-01-08,5139.14,976
4122,840,130,2026-06-01,1405.78,1133
4123,6417,97,2024-08-25,5282.09,1041
4124,6051,65,2024-10-23,575.63,988
4125,6774,2,2024-09-21,5573.3,1161
4126,5754,91,2026-04-10,5171.27,935
4127,6780,101,2026-01-27,4081.31,1109
4128,1984,91,2024-05-20,5185.73,1059
4129,581,40,2026-03-25,1613.41,1170
4130,1416,8,2024-06-15,5605.07,1008
4131,210,16,2025-05-16,7655.36,1067
4132,6878,79,2026-04-06,3097.63,1120
4133,3985,44,2025-05-23,3924.48,1072
4134,5674,139,2026-06-30,2846.12,1199
4135,3186,61,2024-10-18,2174.82,1140
4136,5696,62,2026-06-30,3890.48,1091
4137,6013,23,2025-04-02,6065.41,1022
4138,5038,137,2025-02-22,1801.67,1091
4139,520,128,2025-01-16,3788.82,995
4140,2317,76,2024-08-06,333.87,1094
4141,2164,25,2024-08-01,6810.3,1002
4142,943,6,2025-10-23,4812.53,1039
4143,1085,65,2026-04-27,1534.2,1175
4144,2403,140,2026-06-30,5089.96,1041
4145,546,109,2026-06-30,4467.34,981
4146,5065,61,2024-08-24,5148.74,948
4147,3075,136,2025-12-07,7731.03,923
4148,5270,49,2025-09-21,3713.71,960
4149,6740,124,2025-10-12,7503.54,979
4150,6793,138,2024-10-05,7202.47,1142
4151,3685,60,2026-05-03,462.66,936
4152,1681,22,2026-05-09,5543.41,1022
4153,5221,114,2025-07-14,5818.1,956
4154,3457,77,2026-06-30,4542.07,906
4155,300,99,2024-05-09,5291.03,906
4156,548,50,2024-06-10,2704.14,950
4157,1734,83,2024-10-08,2953.28,1085
4158,2483,20,2025-03-28,244.89,1010
4159,1367,123,2024-08-01,5349.34,1191
4160,5380,73,2024-10-11,215.68,923
4161,5545,99,2025-04-13,5660.2,1073
4162,4426,134,2025-12-04,4831.99,920
4163,1667,84,2026-06-21,1406.95,1111
4164,2436,103,2025-09-25,6239.26,1038
4165,5278,33,2024-03-10,749.51,981
4166,311,12,2025-05-22,429.34,952
4167,841,70,2025-04-27,1691.73,958
4168,2938,63,2026-04-07,7542.65,1036
4169,376,120,2026-06-30,1261.07,1105
4170,1037,37,2026-06-30,2218.42,1008
4171,5952,36,2026-06-30,2526.56,1156
4172,5892,43,2025-05-24,290.32,1058
4173,315,12,2024-08-06,5420.98,1116
4174,6438,71,2024-06-19,4074.4,1080
4175,3318,93,2026-05-09,2355.73,1028
4176,1207,111,2025-11-28,5938.1,1121
4177,2425,102,2024-10-14,4102.51,969
4178,5363,10,2025-01-11,6956.45,1072
4179,3591,123,2026-02-17,1980.95,949
4180,4470,100,2024-01-09,6090.56,1168
4181,162,27,2026-06-30,606.54,1173
4182,2676,96,2025-04-20,6019.91,1100
4183,6666,21,2024-10-15,3398.71,1045
4184,3534,124,2024-09-22,1998.79,919
4185,261,12,2025-05-17,1765.45,1022
4186,1912,96,2024-02-20,6881.15,1043
4187,6923,57,2025-12-27,4338.02,1183
4188,5768,2,2025-10-02,4963.09,912
4189,5251,86,2024-10-08,6626.26,1109
4190,918,136,2024-06-20,1288.26,1052
4191,5426,6,2025-12-09,893.16,1039
4192,4318,133,2026-06-30,5974.03,1153
4193,2469,36,2025-03-06,1982.42,936
4194,3749,124,2026-06-10,3057.27,1153
4195,2761,98,2026-06-30,7204.66,1013
4196,5379,44,2025-10-27,5660.69,1097
4197,4758,51,2026-03-26,2439.31,1198
4198,3819,59,2025-04-22,1468.31,1037
4199,5798,95,2024-03-09,6060.46,947
4200,3378,129,2026-05-23,3440.56,1053
4201,2651,106,2024-09-02,1053.63,948
4202,2025,105,2024-04-18,5256.8,955
4203,6126,21,2026-04-23,1678.77,950
4204,6566,94,2026-06-30,1699.48,901
4205,1750,10,2024-11-04,6772.56,918
4206,5948,92,2025-05-22,1647.07,1153
4207,5213,19,2024-07-24,3078.53,1148
4208,1418,15,2026-06-30,6618.86,1099
4209,1667,65,2024-04-06,492.82,1012
4210,1039,72,2025-07-05,3754.88,1034
4211,4537,116,2025-05-08,4582.04,1120
4212,865,31,2024-06-14,1284.28,1182
4213,2409,51,2024-12-02,4804.3,1184
4214,1546,12,2024-05-13,5097.33,946
4215,566,76,2025-03-19,2821.54,974
4216,936,29,2025-11-09,1166.94,923
4217,2009,60,2025-06-17,5289.26,1153
4218,3856,93,2025-12-01,1908.95,1121
4219,1209,80,2024-10-17,6422.95,974
4220,6277,64,2024-07-05,3839.9,905
4221,1170,134,2024-12-28,3364.52,915
4222,5181,134,2025-07-05,2242.93,942
4223,4758,20,2026-06-05,1042.25,960
4224,2133,122,2024-11-28,1693.56,1138
4225,3699,80,2025-06-05,4197.07,922
4226,2014,95,2024-10-14,3683.74,1075
4227,5357,18,2026-06-30,3185.8,992
4228,3220,32,2026-06-30,5683.74,1136
4229,183,61,2024-12-04,5399.35,1103
4230,4667,13,2025-10-02,6719.26,962
4231,4443,11,2026-04-17,1475.93,1146
4232,2149,115,2026-04-21,418.29,901
4233,6837,25,2024-06-20,929.29,1183
4234,4201,98,2024-05-11,5941.43,1142
4235,824,120,2025-10-07,3294.66,1113
4236,4666,59,2024-09-22,784.01,930
4237,3710,10,2024-11-16,5991.19,995
4238,3615,107,2024-05-26,2345.12,996
4239,6185,108,2024-09-01,7859.44,1091
4240,1930,51,2024-03-26,4544.94,962
4241,4092,77,2025-04-14,3965.22,1065
4242,3403,79,2024-01-04,2209.25,1043
4243,3193,116,2026-06-28,6936.27,931
4244,5221,126,2025-03-03,7863.43,926
4245,4513,120,2026-06-04,630.85,975
4246,1340,98,2025-05-22,1870.3,1032
4247,1638,87,2026-03-06,1213.37,1069
4248,6175,101,2026-06-30,651.47,1033
4249,1219,81,2025-10-01,5834.6,1111
4250,4849,84,2025-03-22,3305.78,1193
4251,3868,124,2024-11-09,712.98,1151
4252,3905,117,2026-02-08,4860.58,1078
4253,5782,89,2025-10-26,6073.26,914
4254,2927,1,2024-10-05,7849.83,1188
4255,2695,3,2024-03-10,2411.63,1077
4256,1600,88,2026-06-30,319.29,1025
4257,1115,114,2025-03-01,5037.8,1036
4258,32,10,2024-07-04,7473.14,988
4259,3359,52,2024-04-07,1998.21,1104
4260,3058,41,2026-06-30,3985.85,1137
4261,6,97,2025-11-03,411.92,944
4262,5500,123,2024-06-22,3166.19,979
4263,2311,6,2024-05-20,7350.43,1014
4264,6786,133,2025-06-20,1197.47,1190
4265,2844,22,2024-03-02,4715.78,1118
4266,2289,65,2026-02-27,6021.01,1045
4267,2202,109,2024-07-21,1154.1,912
4268,2265,90,2026-03-17,349.56,928
4269,327,16,2026-06-18,2977.32,967
4270,3880,9,2026-06-30,625.94,1014
4271,4813,127,2024-06-03,5755.37,1056
4272,1020,22,2024-04-07,5986.62,1156
4273,4379,46,2025-09-01,7594.88,1178
4274,1166,53,2024-05-02,1106.91,1155
4275,286,89,2026-05-09,2994.6,1006
4276,6407,20,2026-06-18,7138.25,962
4277,2927,78,2025-10-25,4756.83,990
4278,209,57,2025-11-22,1884.72,1161
4279,5700,132,2025-03-05,4096.79,1024
4280,650,20,2026-06-30,2910.99,1115
4281,5581,113,2024-10-06,2822.18,1200
4282,3932,110,2025-02-06,4045.96,1069
4283,5589,101,2026-01-23,3206.11,986
4284,289,33,2026-06-30,5229.09,1166
4285,1424,139,2024-07-12,2451.85,1053
4286,2930,8,2024-04-21,931.35,1137
4287,1680,40,2024-12-11,7646.28,1084
4288,1232,108,2025-10-07,5442.88,1000
4289,5862,31,2024-05-22,3086.55,987
4290,2423,126,2024-05-18,3203.62,932
4291,1919,111,2024-11-08,7755.73,963
4292,3170,78,2024-10-06,7743.1,1008
4293,2126,30,2026-06-25,1472.56,925
4294,3547,76,2025-09-08,1568.91,982
4295,6585,88,2024-01-08,1216.56,1129
4296,4870,52,2026-06-24,6820.33,989
4297,3185,23,2026-06-30,606.0,1075
4298,576,80,2024-03-13,7217.78,1051
4299,3987,11,2025-11-05,4539.54,1027
4300,5128,94,2025-10-01,467.67,1004
4301,6975,10,2025-11-24,2959.42,1114
4302,4283,123,2025-02-12,5036.43,1078
4303,3418,129,2025-01-02,3367.23,1088
4304,2642,95,2024-12-13,7790.34,1042
4305,1879,58,2026-06-30,4909.61,1173
4306,894,22,2024-06-07,2010.83,939
4307,1162,58,2026-05-02,1252.6,1116
4308,5745,72,2026-06-30,2856.7,994
4309,4974,104,2024-07-13,4231.67,1010
4310,2734,61,2026-06-30,1841.22,1112
4311,3624,74,2024-05-02,7162.47,1016
4312,4348,78,2025-12-05,7047.97,971
4313,4951,113,2026-03-21,3005.42,1061
4314,422,64,2025-09-16,1423.91,1080
4315,2514,89,2025-01-15,7708.75,1166
4316,2744,64,2024-07-07,2222.18,1196
4317,3336,90,2025-05-06,3310.97,1057
4318,3555,21,2025-04-14,6972.65,1019
4319,353,51,2024-03-25,2539.0,1073
4320,3845,130,2024-10-08,4070.76,1189
4321,5871,12,2026-06-08,5349.24,1013
4322,1769,10,2026-06-30,6647.81,953
4323,6965,76,2026-05-13,3618.67,1148
4324,4662,41,2026-06-30,6944.51,925
4325,4902,75,2024-10-13,1001.46,1104
4326,4548,138,2026-05-05,3207.84,1136
4327,5978,81,2024-10-28,4553.01,1032
4328,1637,8,2026-05-20,3192.1,1052
4329,1647,26,2024-11-20,3761.69,1106
4330,1349,44,2025-02-11,209.25,1036
4331,200,75,2025-09-02,6454.36,1034
4332,6575,105,2026-01-18,3885.54,998
4333,1568,25,2024-04-17,538.86,930
4334,6923,88,2026-01-18,2584.81,1100
4335,560,123,2025-01-02,4233.79,993
4336,4345,87,2026-05-08,1921.06,1126
4337,459,90,2024-12-10,5181.32,1034
4338,2489,68,2026-06-30,1331.55,1010
4339,2119,79,2026-06-30,955.88,934
4340,4177,54,2024-06-19,6400.91,933
4341,2300,73,2026-06-30,1819.96,933
4342,6754,32,2024-02-12,2526.08,1185
4343,6246,32,2025-10-28,2561.88,1190
4344,4976,128,2024-11-17,1897.55,1186
4345,4916,92,2026-06-30,626.59,1145
4346,6373,74,2025-11-16,7074.16,1071
4347,4818,19,2024-08-24,5000.92,968
4348,803,118,2024-10-16,7622.8,944
4349,4992,53,2024-02-08,4551.13,916
4350,3204,122,2024-10-22,903.94,926
4351,2160,124,2025-10-09,3499.74,1107
4352,6406,27,2024-04-21,3968.24,1124
4353,3940,7,2025-12-27,6289.19,979
4354,2825,67,2025-12-03,3397.6,905
4355,6558,52,2026-03-04,4630.59,1193
4356,1606,126,2024-11-13,6892.35,1166
4357,499,34,2026-06-10,6252.14,1104
4358,2002,86,2024-04-18,6313.31,926
4359,1050,84,2026-06-30,7480.07,1078
4360,4911,67,2024-05-20,7206.16,1097
4361,3294,132,2026-06-30,5768.34,1097
4362,640,126,2025-05-16,2049.42,921
4363,2092,17,2025-05-15,6237.42,971
4364,6341,43,2025-09-03,4954.25,1019
4365,5121,83,2026-04-08,1983.07,1080
4366,3383,59,2025-01-06,2369.52,960
4367,1755,102,2026-06-30,3905.01,973
4368,6511,140,2024-03-02,7473.48,1181
4369,267,127,2024-05-02,741.56,1003
4370,2368,55,2024-09-18,763.86,1151
4371,751,140,2024-03-21,3620.04,913
4372,4222,15,2024-09-03,2238.14,912
4373,2830,7,2025-05-25,1339.92,947
4374,2655,60,2026-06-06,4359.24,961
4375,6848,14,2026-06-30,7169.6,978
4376,5618,33,2025-04-11,5141.47,1052
4377,5277,133,2024-02-13,5149.46,905
4378,4430,16,2024-11-03,3119.58,972
4379,1791,61,2025-12-07,3390.36,918
4380,6054,125,2024-07-10,222.06,1048
4381,3971,4,2024-04-06,3751.96,1124
4382,2007,113,2024-07-16,3783.59,1081
4383,1054,125,2024-11-16,1358.52,961
4384,346,111,2025-02-28,2367.38,1119
4385,3876,15,2026-04-23,2293.13,1099
4386,3179,115,2025-04-09,1308.4,1003
4387,6603,62,2026-03-21,908.19,1108
4388,4955,106,2025-04-15,6991.11,1130
4389,322,44,2024-07-25,1705.04,925
4390,6339,94,2025-11-08,5728.8,1123
4391,5700,139,2025-05-03,1777.47,1031
4392,1327,80,2024-06-23,4492.9,920
4393,3076,20,2026-06-30,2579.85,1142
4394,4073,50,2025-10-24,2990.88,1077
4395,4793,23,2024-10-10,3991.07,1171
4396,1029,114,2024-10-24,2818.99,1039
4397,2415,59,2025-05-13,5214.69,974
4398,5339,60,2026-03-18,502.69,927
4399,6420,4,2026-01-26,2043.68,1099
4400,4573,3,2026-04-28,6124.76,1067
4401,5902,93,2025-08-28,3877.7,1015
4402,6795,133,2024-06-19,2701.17,1025
4403,5419,105,2024-04-27,756.69,979
4404,4055,18,2024-07-24,6172.12,1082
4405,5019,57,2025-08-19,7989.11,1165
4406,3636,40,2025-04-04,5501.0,1043
4407,5700,91,2024-06-15,5184.59,1193
4408,6293,7,2024-02-23,6120.55,1190
4409,2313,74,2025-04-16,2476.44,1129
4410,592,65,2026-05-19,1205.71,1174
4411,3254,73,2025-04-05,5137.03,1130
4412,3694,88,2024-05-24,7210.76,1109
4413,4764,100,2026-06-30,4832.3,1149
4414,242,53,2025-04-04,7550.34,1015
4415,3147,63,2024-01-20,7447.96,1152
4416,3392,92,2024-07-23,2889.36,963
4417,4740,8,2025-04-14,6561.47,1128
4418,2007,102,2025-03-25,6929.27,1074
4419,1648,132,2026-06-30,2269.43,1091
4420,3904,35,2025-06-26,3563.81,1129
4421,6514,28,2024-11-23,5048.48,1076
4422,5626,100,2026-04-05,3580.99,1102
4423,3487,73,2024-09-21,5326.76,1089
4424,2018,130,2026-02-26,5976.45,975
4425,3352,134,2025-05-27,1855.82,1082
4426,3521,95,2024-10-15,3993.66,1034
4427,622,37,2025-12-22,2446.0,1142
4428,25,48,2024-01-20,6435.02,997
4429,5979,32,2024-10-05,3011.39,1059
4430,3074,77,2026-06-30,5706.17,927
4431,30,118,2026-03-21,4972.82,967
4432,541,65,2026-03-23,5803.3,1179
4433,5520,131,2026-06-30,2362.97,957
4434,1422,52,2025-11-20,5165.61,935
4435,2749,36,2026-06-17,3957.58,1170
4436,2429,31,2024-10-01,6518.38,1041
4437,6691,13,2025-04-10,7572.34,1024
4438,1715,32,2025-04-13,3834.66,960
4439,547,37,2025-09-16,1145.66,1188
4440,835,34,2024-03-24,7605.77,992
4441,2117,42,2024-03-06,2784.09,1109
4442,2964,58,2024-03-01,4315.1,1123
4443,3178,140,2024-06-28,2223.38,944
4444,323,112,2024-08-16,1757.77,1163
4445,2565,45,2026-04-08,6103.23,1158
4446,4459,116,2025-09-15,6817.47,1098
4447,1444,66,2025-04-06,6826.98,1112
4448,5651,20,2025-06-26,2899.37,1187
4449,4378,23,2024-07-06,7487.09,1020
4450,2792,134,2026-05-26,4909.31,925
4451,1923,102,2024-09-17,2277.38,1150
4452,3719,19,2026-06-30,3753.14,924
4453,5792,24,2026-06-30,2386.27,1009
4454,1114,79,2024-10-22,4642.9,1073
4455,5442,82,2024-06-28,919.25,923
4456,3272,86,2024-04-02,3930.77,1200
4457,5375,138,2026-04-09,4543.45,961
4458,1255,96,2024-05-10,6601.24,1188
4459,3972,25,2026-04-08,4752.5,941
4460,3980,7,2025-05-06,6222.81,951
4461,5879,106,2024-01-13,5207.2,1119
4462,1016,4,2024-10-12,2127.23,1083
4463,1755,40,2024-10-16,5875.44,1106
4464,5953,39,2024-11-14,1842.57,952
4465,2706,25,2024-08-26,2232.98,1072
4466,2471,49,2025-06-18,1064.35,1098
4467,4869,38,2025-04-24,6752.59,996
4468,6719,18,2025-10-17,3130.46,1154
4469,2520,21,2025-10-14,5702.03,1190
4470,4203,131,2026-05-10,890.21,972
4471,1829,93,2025-10-15,5660.75,1003
4472,2861,88,2024-11-01,3875.85,989
4473,1378,78,2026-06-30,4967.38,1178
4474,2456,77,2024-05-17,2337.22,1094
4475,2963,60,2024-01-09,2298.92,942
4476,4311,46,2025-04-06,1623.41,1182
4477,5119,92,2026-06-13,895.24,909
4478,626,113,2025-11-14,7703.41,1118
4479,6884,87,2025-12-04,2758.27,1162
4480,3320,36,2024-09-05,6132.89,997
4481,2853,99,2025-09-19,4469.81,902
4482,4837,79,2025-06-06,4390.53,1122
4483,6919,55,2024-06-25,5757.87,984
4484,4342,106,2025-05-01,4983.73,1157
4485,3434,92,2025-06-17,3855.48,1066
4486,3589,87,2024-05-27,6557.47,1050
4487,6278,41,2024-03-19,702.04,1152
4488,70,131,2024-03-11,1931.95,1037
4489,4022,81,2024-11-02,3954.82,949
4490,6835,56,2024-06-23,734.48,1038
4491,1277,80,2025-08-22,2047.03,976
4492,2446,1,2026-06-30,7270.13,983
4493,5744,103,2026-06-30,7520.67,1180
4494,5946,108,2024-05-21,5756.09,1155
4495,2756,10,2025-01-25,7070.88,955
4496,6192,100,2026-06-30,5542.2,1171
4497,4767,12,2024-11-21,4261.2,990
4498,3210,72,2026-06-24,5222.2,1126
4499,5327,105,2026-06-30,2726.3,1141
4500,6828,51,2024-04-20,1286.35,1063
4501,2376,77,2026-06-12,3171.34,1122
4502,5785,4,2025-06-22,5602.15,1016
4503,284,49,2026-06-30,3259.73,1073
4504,420,31,2025-09-20,3812.54,1198
4505,4847,70,2025-08-04,1446.71,1076
4506,1198,8,2026-06-30,2087.99,1157
4507,2052,6,2026-06-30,4571.83,1043
4508,2542,53,2026-04-26,7878.05,1052
4509,4116,124,2025-03-08,5904.89,978
4510,5633,49,2026-06-30,5609.2,1130
4511,3934,99,2026-01-18,3849.04,1140
4512,1584,24,2024-04-24,5524.12,1030
4513,671,121,2024-11-28,1756.54,1124
4514,2809,16,2026-06-30,5756.36,1162
4515,4435,7,2024-02-09,4094.85,943
4516,3775,16,2026-06-30,7461.0,1080
4517,1061,133,2026-04-05,420.89,1097
4518,737,44,2026-04-01,4916.12,1076
4519,2368,4,2025-06-22,6531.89,970
4520,2033,133,2025-05-01,2198.23,1138
4521,2403,71,2024-06-18,6973.4,958
4522,4755,104,2024-12-18,7970.02,1004
4523,5986,92,2026-06-30,3676.37,1195
4524,2284,105,2025-04-24,5260.71,1168
4525,6218,83,2026-06-30,6981.94,953
4526,4451,92,2026-06-30,5524.36,961
4527,2324,134,2024-09-25,3965.82,1063
4528,2397,45,2026-06-30,5320.3,1170
4529,6602,57,2026-05-15,461.66,933
4530,3985,15,2025-01-23,5787.06,1086
4531,1402,89,2026-03-28,5693.82,1121
4532,1544,55,2024-12-16,3929.99,1048
4533,3551,83,2026-06-30,2322.26,935
4534,3899,63,2024-05-17,7899.2,1080
4535,320,87,2026-04-22,2156.72,974
4536,521,135,2026-05-23,1842.39,980
4537,3398,89,2024-06-21,5950.75,969
4538,4145,97,2026-06-30,1527.56,1098
4539,5021,51,2025-05-24,1540.15,1136
4540,2807,46,2025-05-07,2347.44,920
4541,5701,87,2026-05-27,2219.98,993
4542,3000,34,2026-06-30,5768.42,947
4543,4608,120,2026-06-30,2632.57,988
4544,4623,122,2025-06-14,5461.57,943
4545,4648,81,2026-06-30,5958.0,967
4546,4550,115,2024-02-16,4508.71,923
4547,3602,81,2026-06-30,508.51,1081
4548,2990,58,2024-10-18,7652.37,1112
4549,2420,126,2026-05-01,707.2,1162
4550,6565,86,2025-09-11,2596.63,1030
4551,212,22,2025-04-18,6347.08,1041
4552,1635,119,2025-08-28,517.23,1003
4553,4025,58,2025-10-10,5972.87,963
4554,193,62,2025-06-06,3807.65,1114
4555,1946,20,2024-05-08,3966.47,1194
4556,6161,138,2026-06-30,2065.56,1099
4557,3894,110,2026-06-30,6006.54,998
4558,2409,54,2024-06-18,5734.73,1074
4559,4665,43,2025-08-17,6349.92,1052
4560,2191,125,2026-06-30,2918.9,1185
4561,4026,114,2025-05-21,4533.15,1060
4562,2787,29,2024-11-06,5692.69,1133
4563,1824,94,2026-06-30,350.63,1059
4564,2304,130,2024-01-11,5908.63,1107
4565,6423,74,2026-01-05,2499.52,983
4566,1819,6,2024-04-13,3162.31,960
4567,6477,139,2026-05-18,3307.36,1146
4568,2793,28,2026-06-30,5819.81,1122
4569,6666,127,2024-10-26,7859.33,971
4570,1588,84,2024-11-12,1792.73,1025
4571,6050,87,2025-11-11,3397.04,984
4572,3744,49,2024-11-10,7082.59,1039
4573,6554,129,2026-06-30,5720.6,965
4574,665,107,2024-11-13,5895.5,1075
4575,3606,53,2026-05-28,5819.2,956
4576,3871,110,2024-03-26,6613.29,994
4577,42,78,2026-06-30,1723.83,1159
4578,4566,135,2025-05-10,6164.88,1000
4579,3391,22,2025-05-03,3240.02,1104
4580,6781,26,2026-06-30,1578.7,913
4581,2638,97,2025-05-21,3940.04,1146
4582,2803,68,2026-03-04,731.78,1133
4583,5125,59,2024-07-23,7046.64,1183
4584,3307,33,2024-09-22,1055.59,1038
4585,5687,16,2025-06-12,1807.67,1170
4586,5581,17,2025-05-08,1855.28,1140
4587,1741,35,2024-06-01,610.86,1126
4588,1723,1,2025-10-12,5171.43,1127
4589,2884,50,2026-03-26,4115.07,913
4590,3003,40,2025-09-21,7648.38,1044
4591,6403,80,2024-05-16,1664.59,1051
4592,4027,50,2026-06-30,4817.29,1092
4593,5008,46,2025-01-08,3750.44,1018
4594,5601,132,2024-10-10,6825.22,1036
4595,5164,40,2025-05-23,4458.9,1170
4596,1670,95,2024-04-15,3907.04,1048
4597,2576,2,2026-06-21,5309.52,980
4598,522,6,2024-12-12,6712.8,1113
4599,6739,35,2024-06-18,3649.34,1133
4600,6611,21,2024-08-17,4251.87,1162
4601,5607,118,2024-10-09,387.47,903
4602,3773,58,2024-10-13,435.65,1010
4603,2823,99,2025-09-21,7907.66,945
4604,5369,93,2024-11-06,1634.28,1130
4605,2535,71,2026-06-30,4587.92,942
4606,2038,130,2024-06-10,6368.84,956
4607,1269,20,2024-10-22,4919.14,1075
4608,250,124,2025-12-02,7378.67,1025
4609,2952,3,2024-03-20,5012.14,1049
4610,91,96,2025-05-22,7230.69,1031
4611,6942,27,2025-06-22,232.97,953
4612,2492,72,2024-04-10,4023.16,1151
4613,571,37,2025-01-16,1386.94,1077
4614,91,63,2024-02-02,5532.54,1002
4615,4438,102,2024-03-12,5757.4,955
4616,6840,91,2024-10-09,6398.45,1099
4617,6070,59,2024-11-05,6512.51,978
4618,5320,130,2026-04-12,3139.39,1148
4619,1389,83,2024-10-14,5876.83,1193
4620,5903,122,2025-01-28,6020.79,937
4621,5830,110,2025-04-04,4716.5,1147
4622,3782,86,2025-11-03,3379.85,996
4623,3174,62,2026-03-15,1783.51,910
4624,3593,25,2024-05-01,3766.37,1135
4625,118,1,2024-11-04,6929.53,1086
4626,1328,19,2025-04-07,850.77,1170
4627,1153,74,2026-06-30,412.42,1089
4628,3354,136,2024-11-20,2038.49,914
4629,4662,49,2026-06-30,6588.89,962
4630,405,11,2026-04-22,4705.56,1166
4631,6595,68,2026-06-30,2357.2,1080
4632,4350,31,2025-06-01,3074.43,906
4633,2551,4,2024-04-18,2606.02,911
4634,3027,8,2025-09-04,2234.8,1064
4635,2485,120,2026-03-14,580.23,963
4636,1522,22,2026-06-30,638.82,1031
4637,5325,75,2025-04-24,6197.59,1123
4638,1334,28,2026-01-16,4476.4,1139
4639,4630,138,2025-11-16,2876.63,914
4640,85,136,2025-04-08,3816.09,941
4641,131,15,2026-02-15,617.62,1067
4642,3216,46,2026-06-30,2582.55,1165
4643,864,19,2025-02-01,2375.8,926
4644,542,86,2024-05-15,2883.23,1085
4645,871,76,2026-05-16,2498.2,1133
4646,2719,109,2026-05-14,7672.04,1104
4647,4365,45,2024-12-02,6525.02,912
4648,5421,34,2024-11-24,7537.4,1108
4649,6659,17,2025-05-23,1216.57,1043
4650,6983,90,2024-07-15,707.67,1136
4651,1710,45,2026-06-30,5222.8,1103
4652,4204,116,2025-09-20,4852.05,926
4653,2914,29,2026-06-30,841.66,934
4654,3613,127,2024-05-26,4202.5,1180
4655,4672,68,2026-06-30,6242.73,1038
4656,2731,105,2025-06-16,3575.62,986
4657,5638,12,2026-05-05,3654.91,1093
4658,4154,104,2026-06-30,7190.3,1143
4659,2444,88,2024-10-20,1903.51,977
4660,4520,31,2024-04-17,4684.07,1128
4661,4720,18,2024-01-17,2452.46,1125
4662,5865,125,2025-03-28,5978.5,1079
4663,5601,104,2025-02-25,710.34,1081
4664,2013,127,2025-11-16,2690.06,1096
4665,2554,115,2026-04-01,2784.71,928
4666,417,104,2026-06-30,3715.1,1145
4667,125,71,2026-04-02,2078.02,932
4668,267,69,2024-05-25,4531.03,1090
4669,6533,18,2026-05-24,6893.33,930
4670,4915,129,2024-09-03,4799.05,1141
4671,3264,95,2026-05-18,1996.64,949
4672,2491,120,2025-01-06,7316.06,972
4673,6819,110,2024-10-17,6776.59,1134
4674,1815,140,2024-01-03,6130.45,1034
4675,6615,25,2024-09-03,2397.78,1048
4676,4598,80,2026-06-30,3341.62,1008
4677,2369,90,2024-10-19,7451.44,1147
4678,6939,27,2026-06-30,7506.31,1088
4679,6663,24,2024-04-06,5829.7,1080
4680,6188,32,2024-05-05,1582.72,923
4681,262,87,2026-06-30,4203.91,1143
4682,1379,13,2026-04-24,7056.02,1154
4683,5325,136,2024-07-13,5338.59,1128
4684,3027,78,2024-10-15,1323.51,951
4685,903,6,2024-02-14,7974.06,1156
4686,5077,16,2025-11-20,2289.69,967
4687,3788,4,2026-06-25,1963.52,1026
4688,4175,97,2026-03-06,4521.04,1136
4689,1691,101,2026-04-19,5433.16,1118
4690,5387,2,2025-03-22,5571.58,1197
4691,2185,28,2024-05-19,7874.6,972
4692,2628,125,2025-07-15,1623.35,915
4693,2838,77,2025-05-27,7497.2,1194
4694,691,67,2025-12-27,6176.56,968
4695,3359,93,2024-11-21,6127.01,1101
4696,5366,130,2024-06-13,4210.12,905
4697,6860,118,2025-09-24,4128.68,969
4698,5054,30,2026-05-08,3980.63,1189
4699,2543,50,2026-03-27,1990.94,1161
4700,2726,29,2025-08-25,3744.9,939
4701,4476,18,2025-03-24,3471.45,1133
4702,5730,37,2025-09-20,6436.05,922
4703,4422,123,2024-10-20,2791.19,1048
4704,866,123,2024-03-05,687.0,910
4705,6776,68,2025-09-27,5092.99,1069
4706,5578,94,2026-04-16,2419.91,1003
4707,5930,17,2025-04-21,3452.23,1169
4708,4783,40,2026-06-30,6069.91,989
4709,327,120,2024-04-26,5135.51,939
4710,6000,84,2024-01-12,3547.1,1009
4711,4732,69,2025-10-04,4282.77,1080
4712,4470,140,2025-09-05,7392.23,904
4713,1906,80,2024-05-04,2140.15,1013
4714,1958,64,2024-04-28,7748.78,1008
4715,4512,54,2026-06-30,5752.13,1195
4716,5916,125,2024-08-20,5339.54,1152
4717,3504,91,2024-04-19,906.3,939
4718,866,38,2026-06-30,6346.9,1161
4719,4815,89,2026-06-30,512.67,1045
4720,1398,72,2025-04-24,5978.99,1020
4721,2491,129,2026-06-30,7829.55,982
4722,1642,122,2025-10-26,6485.4,1171
4723,1977,130,2026-06-28,6710.07,1126
4724,6900,88,2026-05-03,1083.0,1020
4725,5158,68,2024-07-08,7126.43,1041
4726,4259,94,2025-09-04,1004.7,956
4727,1256,50,2026-06-30,7074.23,1116
4728,3630,101,2026-05-02,1800.95,1093
4729,984,33,2024-05-07,4871.1,992
4730,1015,90,2025-04-21,7359.56,1103
4731,2881,36,2026-02-20,931.91,1106
4732,351,50,2024-03-26,499.42,1161
4733,4002,24,2024-09-14,6763.15,1044
4734,3318,95,2026-01-21,3622.63,1077
4735,5880,67,2026-03-19,1874.17,1127
4736,2484,47,2025-10-03,1798.43,989
4737,4814,94,2025-05-21,6848.23,939
4738,1451,50,2025-02-03,7355.59,978
4739,912,137,2025-05-22,6239.13,943
4740,5016,53,2026-06-14,5694.21,1152
4741,4955,77,2026-06-30,5876.35,1189
4742,3478,84,2026-04-20,4270.58,1102
4743,6470,72,2024-05-12,6867.57,1104
4744,4091,48,2026-06-30,1956.37,963
4745,5110,87,2024-05-19,637.13,956
4746,5191,2,2025-10-21,991.54,1048
4747,3776,111,2024-08-20,4542.4,935
4748,6657,116,2024-09-18,3095.92,994
4749,5833,111,2025-05-27,7221.14,982
4750,1497,137,2024-06-12,6874.89,1096
4751,3476,92,2025-11-03,1134.22,927
4752,2731,67,2026-03-19,1375.16,920
4753,4869,18,2024-09-16,4022.32,1103
4754,969,121,2025-03-10,1177.08,1179
4755,5318,136,2024-03-23,3214.12,1134
4756,4940,26,2024-04-10,6706.51,1113
4757,3075,90,2024-01-08,2750.95,1038
4758,4566,56,2025-11-06,7976.52,1184
4759,4111,17,2025-05-10,4376.93,1048
4760,2159,10,2025-06-14,1445.95,1171
4761,6293,32,2026-03-16,3817.87,909
4762,673,72,2024-01-07,7836.34,927
4763,1660,66,2026-06-30,3494.67,1164
4764,3582,109,2026-06-30,3487.1,995
4765,6830,127,2026-06-20,5081.24,1014
4766,688,43,2025-05-27,1216.6,1084
4767,479,50,2025-06-05,7508.02,967
4768,1673,95,2024-02-03,3258.83,1155
4769,6350,125,2026-03-17,2606.5,1191
4770,733,22,2026-04-02,1662.82,1169
4771,1644,60,2026-04-12,1497.72,1030
4772,2730,86,2026-06-30,482.0,998
4773,5763,107,2025-11-18,1780.2,1173
4774,2588,109,2025-09-25,4383.45,973
4775,4620,123,2026-05-22,540.27,1176
4776,3614,116,2025-04-16,849.71,970
4777,5297,137,2025-11-22,5410.11,1032
4778,3913,117,2025-05-01,1654.26,902
4779,6094,94,2026-03-25,7566.62,1036
4780,2644,88,2026-06-30,3129.16,901
4781,6392,43,2026-05-22,7483.55,974
4782,893,10,2024-10-19,7293.92,1073
4783,6188,84,2024-05-22,937.44,1102
4784,5233,127,2024-11-21,1006.64,1049
4785,3404,56,2024-12-20,399.56,1178
4786,3918,128,2026-05-03,6815.21,958
4787,3289,112,2025-09-04,4292.21,992
4788,6803,112,2026-05-21,1290.7,1168
4789,3343,45,2026-06-30,3255.16,931
4790,1874,65,2026-02-01,3842.9,1139
4791,1021,16,2024-08-10,2962.81,912
4792,3307,68,2026-02-23,6028.04,1034
4793,2371,20,2026-06-30,5247.46,961
4794,5362,49,2025-01-05,998.58,1046
4795,3613,7,2026-06-30,4495.47,968
4796,3418,96,2026-06-30,3135.94,927
4797,1327,35,2024-06-24,680.45,938
4798,5418,4,2026-02-23,2358.95,1104
4799,1410,26,2024-06-25,7623.65,909
4800,1496,41,2024-07-15,3015.94,1067
4801,434,71,2026-06-13,7711.57,1077
4802,2098,71,2025-06-16,4773.2,977
4803,6202,90,2024-11-07,3278.75,1075
4804,3773,85,2026-06-30,2224.21,1054
4805,6065,79,2025-06-03,273.22,1043
4806,3326,86,2026-06-30,5732.44,1174
4807,2852,125,2026-06-30,2736.02,1042
4808,207,31,2024-05-22,2538.99,1113
4809,4885,99,2024-10-09,6395.89,1163
4810,3125,49,2025-11-16,1173.82,912
4811,4020,30,2024-03-15,2837.5,901
4812,3557,85,2026-06-30,2316.95,947
4813,3455,11,2025-09-20,1659.59,1165
4814,1239,1,2025-03-24,5789.89,1041
4815,1914,65,2026-06-30,2191.73,1017
4816,4468,66,2024-04-02,4166.28,1108
4817,5429,61,2025-01-26,6308.04,1158
4818,2014,63,2024-09-04,4518.61,953
4819,1080,139,2026-05-06,5342.73,1125
4820,6801,135,2024-11-14,7358.56,1026
4821,4856,81,2026-04-21,4114.95,1043
4822,2233,3,2025-05-12,6921.77,925
4823,876,15,2024-03-12,7908.53,914
4824,783,12,2026-06-30,1303.22,925
4825,2683,52,2026-04-18,2320.28,902
4826,2429,70,2025-06-18,1773.84,1078
4827,3041,96,2024-04-07,5762.27,1140
4828,5493,140,2025-11-19,2150.03,1086
4829,5182,88,2024-05-07,5379.02,1136
4830,2469,128,2025-09-21,1664.18,1082
4831,3152,109,2026-03-03,7304.47,987
4832,6795,15,2025-04-15,1271.35,1139
4833,472,18,2025-05-01,479.14,1081
4834,5621,4,2024-04-23,4701.12,937
4835,278,89,2025-04-19,781.14,1175
4836,896,37,2026-05-28,5356.54,1104
4837,1434,71,2025-02-27,1741.33,1067
4838,3634,108,2026-03-24,2903.32,1085
4839,4960,129,2026-06-30,6221.88,1129
4840,5929,39,2024-01-17,1520.86,1000
4841,2883,52,2025-11-23,7604.79,931
4842,450,135,2026-06-30,3377.78,1134
4843,5407,90,2026-06-30,2007.05,1198
4844,3690,127,2024-06-25,6868.15,1184
4845,3645,3,2026-06-06,2217.17,917
4846,2991,47,2025-03-10,3831.58,944
4847,1923,71,2026-06-30,4917.05,998
4848,6592,140,2025-09-16,5984.06,909
4849,503,106,2026-06-30,4772.8,1101
4850,6035,18,2025-05-18,7744.03,914
4851,1510,39,2025-09-09,813.64,1033
4852,1691,139,2026-06-30,5317.62,1169
4853,5904,75,2026-06-15,4455.54,1148
4854,4649,61,2024-10-07,6942.96,1104
4855,3706,27,2026-05-05,5955.45,1056
4856,2447,86,2024-10-26,4972.93,948
4857,3627,137,2024-02-17,2035.36,942
4858,1603,135,2026-06-30,5972.14,1129
4859,1514,43,2025-06-21,5261.74,952
4860,877,47,2026-06-30,1966.8,906
4861,2272,76,2024-10-23,1962.58,1142
4862,3740,137,2026-03-12,4049.11,957
4863,2491,110,2025-06-24,3914.01,1018
4864,235,62,2026-06-30,4082.93,906
4865,4989,15,2024-11-11,3936.87,915
4866,1646,46,2025-04-14,5907.96,1079
4867,2588,51,2025-08-28,7822.01,1086
4868,5794,69,2026-04-01,920.1,1177
4869,4001,110,2026-06-30,4916.75,1151
4870,3658,8,2024-02-08,1605.58,1097
4871,3490,138,2024-04-06,4441.27,1023
4872,806,33,2024-01-18,5413.26,1020
4873,5682,25,2025-04-23,7374.98,1162
4874,146,126,2026-01-23,7504.86,928
4875,353,78,2024-10-09,2233.41,1114
4876,1694,40,2025-10-19,5755.36,912
4877,4510,18,2024-07-28,5624.26,967
4878,1032,57,2024-06-22,3662.42,1137
4879,3841,48,2026-06-30,328.46,1014
4880,997,79,2026-06-30,6359.56,1037
4881,1449,124,2024-05-19,6551.92,975
4882,190,6,2026-06-30,2746.51,905
4883,1565,57,2025-01-04,7859.09,949
4884,3829,82,2025-05-05,6247.39,914
4885,147,27,2024-04-01,7672.67,1012
4886,3181,108,2025-09-16,6456.92,1180
4887,1629,11,2025-02-13,3934.02,1177
4888,5955,93,2025-04-14,1814.76,1033
4889,3447,56,2024-06-27,7946.19,1103
4890,1379,101,2026-06-30,603.76,1131
4891,3114,136,2024-03-28,7572.11,972
4892,1217,72,2025-03-16,6928.53,1077
4893,1656,87,2025-05-26,4379.5,1024
4894,4014,41,2026-06-30,335.87,1044
4895,3649,41,2024-07-22,2863.2,1130
4896,2715,41,2025-03-10,3656.68,1192
4897,3822,69,2026-06-30,4219.84,1002
4898,2726,34,2024-04-03,6055.05,1063
4899,5729,125,2025-03-27,1092.89,1048
4900,1126,24,2024-04-13,1090.47,957
4901,46,67,2024-01-16,6078.42,1192
4902,2798,59,2026-06-30,6492.79,1064
4903,3025,140,2025-10-09,7357.4,974
4904,6438,55,2026-04-05,4553.51,1159
4905,1865,80,2024-09-03,7902.18,947
4906,600,95,2026-06-30,5919.29,1055
4907,1791,85,2026-06-30,4379.13,953
4908,880,51,2024-12-11,6220.21,1019
4909,2934,3,2026-06-10,1285.78,1066
4910,6779,64,2026-02-11,1025.92,1146
4911,307,10,2024-11-18,2770.6,992
4912,79,50,2026-06-30,2487.95,928
4913,3321,79,2025-09-14,4705.01,1029
4914,1672,50,2026-05-08,3616.08,1084
4915,2662,114,2025-04-06,1896.33,952
4916,2704,137,2026-02-08,3089.07,1127
4917,3595,3,2024-04-25,7232.17,952
4918,827,95,2025-10-26,4938.83,1061
4919,1448,54,2026-06-30,5477.5,1166
4920,2643,120,2025-07-28,4269.69,1128
4921,5848,20,2025-04-05,7086.93,1002
4922,6390,44,2025-11-28,6086.42,966
4923,3682,124,2025-03-24,5058.54,1011
4924,6439,23,2025-05-18,3333.01,1056
4925,6214,83,2024-05-02,5150.62,1148
4926,2358,74,2025-03-08,2171.2,939
4927,1729,76,2024-05-23,4941.16,1093
4928,822,119,2026-06-30,6747.38,1155
4929,6092,77,2026-05-06,5229.33,1007
4930,3660,35,2026-06-30,450.76,1191
4931,3493,99,2024-04-19,4575.55,939
4932,5001,105,2026-06-05,3023.96,1096
4933,51,116,2026-06-01,4739.9,1173
4934,6889,74,2026-02-05,285.38,1021
4935,4592,109,2024-06-18,6483.51,1169
4936,4707,94,2025-05-25,649.69,1072
4937,6094,89,2026-06-30,7288.68,1062
4938,1190,65,2026-06-30,7001.52,1009
4939,2875,54,2026-02-02,3102.69,1172
4940,136,21,2024-05-18,5789.32,1128
4941,663,33,2026-06-30,4830.81,1051
4942,6267,129,2024-05-27,1482.14,1014
4943,5775,48,2026-06-30,2841.53,1130
4944,6777,135,2026-05-14,1760.24,1007
4945,2228,43,2024-08-09,2387.33,960
4946,338,14,2024-06-24,1995.35,1132
4947,2101,23,2025-10-01,7173.51,910
4948,5462,74,2025-06-16,597.97,1184
4949,5959,108,2026-04-13,691.55,1066
4950,1588,51,2025-06-12,6654.15,1016
4951,6279,4,2026-05-05,733.31,1048
4952,2795,119,2026-05-26,7549.69,1133
4953,4863,81,2024-10-02,1584.38,1161
4954,3872,46,2024-05-20,1521.4,1017
4955,3770,72,2026-06-01,920.51,969
4956,2869,20,2024-12-22,2298.85,934
4957,5735,89,2025-11-19,1010.73,946
4958,3705,15,2026-01-07,1662.32,1197
4959,1320,14,2026-06-30,3363.19,958
4960,2159,38,2024-04-22,841.69,1192
4961,1952,119,2026-06-30,1244.55,933
4962,1949,101,2024-05-05,350.62,1046
4963,4964,110,2026-06-30,1657.25,1143
4964,479,110,2026-06-30,2123.49,1119
4965,4842,110,2024-05-21,2764.68,1105
4966,6204,113,2024-03-10,3995.47,956
4967,2198,129,2024-09-06,3245.29,1065
4968,1953,57,2025-05-03,1315.02,1090
4969,3862,125,2024-02-18,5091.99,1102
4970,5249,37,2026-06-30,4794.49,947
4971,5927,111,2025-10-25,2747.1,1185
4972,2675,76,2025-05-03,4010.57,998
4973,6205,40,2025-05-01,3141.02,1119
4974,6936,124,2025-06-19,2489.44,943
4975,2787,140,2024-11-27,810.21,1159
4976,2587,39,2024-10-25,535.4,1133
4977,4443,21,2025-05-11,6354.47,1064
4978,6879,122,2024-02-07,669.6,1022
4979,878,31,2026-01-24,6017.04,1170
4980,4595,103,2025-09-16,3391.17,1156
4981,5002,112,2026-05-09,1420.06,1167
4982,6173,125,2025-10-17,3231.75,906
4983,5020,137,2026-03-08,7598.0,1188
4984,5639,41,2026-01-16,2547.01,1197
4985,6119,56,2024-02-07,4145.2,1150
4986,1787,59,2025-05-04,7578.48,1192
4987,2972,7,2025-05-13,3845.32,1077
4988,128,50,2024-11-12,933.18,1174
4989,6571,129,2025-05-12,5667.74,1194
4990,246,43,2025-02-03,6500.47,914
4991,4720,131,2024-06-25,1695.04,925
4992,6362,108,2026-06-30,2913.48,1052
4993,3901,50,2026-06-30,7400.71,1028
4994,4158,25,2025-09-02,6694.02,1109
4995,369,131,2025-06-26,2406.98,996
4996,256,132,2025-05-06,5511.66,948
4997,510,133,2026-06-30,7789.36,1063
4998,2298,68,2024-09-13,1982.16,972
4999,4872,7,2025-06-05,5975.36,1011
5000,4329,23,2026-06-30,433.56,1109
