kyc_id,customer_id,verification_level,verified_date
1,2,tier1,2026-03-05
2,5,tier3,2020-01-28
3,9,tier1,2023-04-19
4,14,tier1,2025-10-26
5,18,tier2,2022-07-18
6,20,tier1,2024-12-24
7,21,tier2,2025-02-19
8,30,tier1,2023-10-30
9,35,tier1,2025-05-04
10,36,tier1,2023-07-17
11,38,tier2,
12,39,tier3,2022-05-26
13,41,tier1,2019-10-15
14,42,tier2,2025-08-24
15,47,tier1,2025-02-01
16,50,tier1,2023-06-30
17,53,tier3,2026-06-19
18,56,tier1,2020-01-22
19,58,tier2,2024-06-25
20,64,tier1,
21,67,tier1,
22,68,tier2,2021-12-17
23,70,tier2,2021-11-02
24,71,tier2,2025-01-21
25,75,tier2,2026-04-20
26,82,tier3,2019-06-24
27,85,tier1,2020-07-26
28,86,tier1,2021-03-31
29,91,tier2,2022-05-15
30,92,tier3,2025-12-19
31,95,tier1,2022-08-26
32,96,tier2,2025-02-05
33,97,tier2,2026-02-06
34,104,tier1,2021-03-31
35,106,tier2,2022-07-10
36,109,tier1,2025-08-21
37,113,tier3,2024-05-02
38,114,tier2,
39,115,tier2,2024-02-09
40,118,tier2,
41,119,tier1,2025-05-28
42,122,tier1,2022-11-18
43,128,tier2,2019-12-30
44,129,tier3,2023-10-04
45,130,tier3,2020-08-17
46,132,tier2,2021-01-25
47,134,tier2,2022-02-22
48,136,tier1,2023-01-07
49,138,tier2,2025-07-30
50,139,tier2,2019-10-12
51,142,tier2,
52,149,tier1,2025-04-15
53,155,tier2,2021-12-01
54,160,tier3,2025-04-06
55,166,tier3,2019-01-29
56,167,tier1,2025-03-23
57,170,tier1,
58,173,tier1,2019-05-26
59,174,tier2,2026-01-22
60,176,tier2,2021-09-22
61,180,tier3,2023-10-15
62,186,tier2,2025-08-05
63,189,tier2,
64,194,tier1,2026-02-18
65,199,tier2,2026-04-20
66,205,tier1,2020-03-31
67,208,tier3,2025-04-05
68,223,tier2,2020-03-29
69,224,tier2,2025-01-08
70,225,tier3,2020-03-09
71,226,tier2,2026-03-07
72,228,tier2,2021-09-01
73,229,tier2,2023-06-23
74,232,tier3,2020-04-26
75,233,tier1,2022-03-31
76,238,tier1,2026-06-28
77,243,tier1,2019-03-23
78,247,tier1,2022-09-13
79,248,tier2,2019-09-11
80,249,tier3,2019-10-20
81,250,tier1,2020-08-07
82,253,tier1,2025-04-13
83,254,tier1,2024-09-04
84,258,tier1,2024-12-20
85,273,tier2,2023-06-28
86,274,tier2,2023-12-07
87,278,tier1,
88,284,tier2,2024-02-24
89,285,tier1,
90,287,tier1,2020-01-25
91,293,tier1,2023-05-21
92,295,tier1,2023-08-30
93,296,tier1,2020-08-31
94,297,tier1,2023-03-15
95,299,tier3,2024-04-13
96,302,tier1,2019-04-07
97,308,tier2,2024-05-04
98,309,tier1,2023-05-09
99,317,tier2,2021-12-14
100,318,tier2,2019-08-01
101,321,tier3,2025-01-26
102,333,tier1,2021-07-15
103,342,tier1,2020-04-05
104,347,tier3,2025-05-02
105,352,tier2,2023-01-09
106,353,tier1,2024-04-02
107,354,tier2,2019-12-17
108,364,tier1,2019-10-24
109,365,tier2,2023-10-18
110,373,tier1,2022-05-22
111,380,tier1,2023-07-08
112,389,tier1,2021-03-06
113,399,tier1,2020-01-30
114,401,tier1,2026-04-22
115,406,tier1,
116,408,tier2,2019-05-03
117,415,tier1,2020-11-24
118,416,tier2,2023-11-19
119,426,tier1,2020-09-11
120,427,tier1,2022-04-23
121,429,tier3,2024-09-14
122,432,tier3,2021-08-15
123,436,tier1,2025-04-22
124,437,tier3,2022-06-09
125,441,tier3,2021-11-27
126,444,tier1,
127,452,tier2,2025-11-16
128,457,tier3,2019-01-20
129,458,tier1,2024-03-19
130,463,tier1,
131,464,tier2,2019-12-31
132,468,tier2,2025-12-31
133,471,tier2,2024-06-14
134,481,tier2,2019-01-08
135,501,tier2,2020-02-11
136,505,tier1,2024-01-24
137,509,tier1,2025-06-22
138,510,tier1,2020-02-24
139,512,tier1,2024-04-24
140,515,tier3,2020-09-07
141,527,tier1,
142,532,tier2,2025-03-24
143,533,tier2,2025-04-24
144,537,tier3,2024-07-07
145,542,tier3,
146,544,tier1,2023-09-19
147,545,tier2,2020-07-11
148,547,tier2,2025-08-27
149,548,tier1,2021-10-03
150,550,tier1,
151,551,tier1,2023-09-08
152,554,tier1,2025-05-15
153,558,tier1,2021-07-03
154,561,tier1,2019-07-22
155,562,tier1,2019-12-30
156,566,tier1,2023-09-13
157,568,tier2,2024-07-29
158,570,tier3,2019-05-07
159,571,tier3,2023-09-08
160,573,tier1,2022-05-15
161,575,tier1,2022-03-21
162,576,tier2,2019-12-19
163,578,tier1,2024-09-12
164,579,tier2,
165,580,tier1,2021-09-19
166,581,tier1,2025-11-29
167,582,tier1,2019-07-08
168,585,tier3,2025-04-08
169,590,tier1,2021-07-24
170,602,tier1,2019-02-11
171,604,tier3,2025-04-02
172,605,tier1,2022-06-01
173,608,tier3,2020-01-20
174,609,tier2,2021-02-06
175,610,tier1,2019-11-20
176,612,tier1,2021-01-25
177,613,tier3,2020-07-15
178,616,tier1,
179,617,tier1,2025-05-12
180,620,tier1,2022-03-25
181,626,tier1,2026-03-22
182,632,tier1,2021-10-06
183,637,tier2,
184,639,tier1,2023-07-26
185,641,tier3,2022-05-02
186,645,tier1,2021-06-09
187,646,tier1,2019-03-13
188,648,tier1,2019-09-01
189,650,tier1,2020-02-11
190,651,tier3,
191,658,tier1,2022-12-08
192,660,tier3,2023-01-29
193,667,tier2,2021-07-05
194,670,tier1,2020-03-14
195,675,tier1,2020-09-13
196,676,tier1,2024-03-11
197,678,tier2,2019-02-02
198,681,tier2,2020-10-29
199,685,tier2,
200,687,tier1,2025-06-18
201,689,tier2,2022-03-03
202,695,tier1,
203,697,tier1,2026-01-31
204,699,tier2,2025-01-24
205,703,tier1,2022-11-29
206,705,tier1,2019-05-01
207,706,tier1,2021-04-02
208,708,tier2,2021-02-11
209,712,tier1,2019-02-19
210,713,tier1,2026-03-14
211,714,tier1,2021-08-03
212,716,tier1,2022-09-29
213,717,tier2,
214,720,tier1,2019-01-01
215,722,tier2,2026-04-25
216,725,tier1,2022-05-30
217,744,tier3,2024-06-20
218,749,tier1,2023-08-28
219,750,tier1,
220,751,tier3,2024-05-31
221,756,tier2,2025-01-27
222,765,tier1,2024-07-02
223,776,tier2,2019-04-10
224,786,tier1,2021-06-10
225,787,tier1,2022-03-14
226,789,tier2,2020-04-14
227,791,tier2,2024-06-10
228,796,tier1,
229,803,tier1,2024-10-13
230,809,tier3,
231,815,tier1,2022-09-25
232,818,tier1,2019-11-23
233,819,tier1,2024-09-23
234,820,tier2,2026-05-20
235,824,tier1,2021-10-31
236,825,tier3,2025-02-18
237,830,tier3,2019-06-06
238,833,tier2,2019-05-10
239,834,tier1,2023-03-16
240,835,tier1,2024-01-13
241,837,tier2,2023-06-11
242,838,tier1,
243,845,tier2,2021-01-30
244,846,tier1,
245,848,tier1,2019-07-09
246,853,tier2,2019-05-09
247,855,tier2,2020-09-30
248,856,tier2,2023-03-15
249,859,tier2,2023-10-17
250,863,tier1,2022-05-28
251,864,tier3,2023-04-16
252,865,tier1,2022-12-05
253,866,tier2,2021-03-22
254,872,tier1,2025-10-15
255,873,tier1,2025-09-11
256,876,tier2,2022-02-12
257,877,tier3,2026-02-02
258,880,tier1,2021-12-26
259,881,tier1,2024-08-13
260,883,tier3,
261,884,tier1,2020-01-20
262,885,tier1,2019-12-04
263,888,tier2,2019-04-23
264,889,tier1,2019-12-17
265,890,tier1,2024-12-10
266,892,tier1,2024-03-30
267,895,tier1,2021-12-18
268,898,tier1,2019-04-10
269,899,tier1,2020-03-04
270,904,tier1,2022-01-21
271,906,tier2,2020-02-07
272,908,tier3,2021-12-09
273,912,tier1,2025-12-29
274,916,tier2,2025-12-15
275,917,tier3,2022-07-27
276,921,tier2,
277,922,tier2,2026-04-10
278,927,tier1,2021-12-28
279,928,tier2,2025-06-15
280,929,tier2,2022-11-10
281,936,tier1,2024-06-02
282,941,tier2,2024-05-12
283,951,tier1,2023-12-21
284,970,tier1,2022-07-28
285,972,tier1,
286,975,tier2,2024-12-02
287,976,tier1,2021-03-05
288,980,tier3,2025-12-22
289,982,tier2,2023-10-31
290,986,tier1,2020-04-01
291,988,tier1,2024-07-12
292,991,tier2,2020-07-17
293,992,tier2,2023-01-18
294,994,tier1,2019-12-25
295,996,tier1,2023-01-31
296,999,tier2,2020-07-17
297,1002,tier2,2024-10-19
298,1003,tier1,
299,1004,tier1,2021-05-03
300,1005,tier2,2022-09-01
301,1013,tier3,2019-03-09
302,1023,tier1,2020-05-31
303,1024,tier1,2019-12-02
304,1029,tier1,2025-05-31
305,1038,tier1,
306,1039,tier2,2023-12-29
307,1040,tier2,2023-07-03
308,1042,tier1,2025-06-14
309,1045,tier3,2019-01-16
310,1046,tier1,
311,1047,tier1,2026-01-10
312,1048,tier2,2023-01-12
313,1055,tier1,
314,1056,tier1,2026-04-27
315,1057,tier2,2022-01-02
316,1059,tier1,2022-02-01
317,1063,tier1,2022-11-29
318,1064,tier3,
319,1072,tier2,
320,1081,tier1,2022-03-14
321,1087,tier3,2019-09-28
322,1092,tier1,2020-12-20
323,1093,tier2,2025-06-07
324,1096,tier1,
325,1099,tier3,
326,1100,tier2,2023-01-04
327,1108,tier1,2021-01-08
328,1109,tier2,2020-11-23
329,1111,tier3,2024-11-11
330,1113,tier2,
331,1118,tier2,2020-09-12
332,1126,tier2,
333,1132,tier1,2023-02-11
334,1137,tier1,2024-06-11
335,1142,tier1,2021-05-25
336,1145,tier2,2025-12-31
337,1149,tier1,2019-03-26
338,1150,tier2,2025-10-07
339,1151,tier3,
340,1158,tier1,2020-12-22
341,1159,tier2,
342,1168,tier1,2024-08-07
343,1169,tier1,2025-02-16
344,1172,tier1,2021-01-29
345,1176,tier2,2023-10-27
346,1179,tier2,2019-11-25
347,1190,tier1,2025-07-20
348,1194,tier1,2022-05-05
349,1204,tier2,2023-02-17
350,1205,tier1,2020-08-29
351,1213,tier2,2019-08-10
352,1216,tier2,2023-11-26
353,1218,tier1,2026-01-01
354,1220,tier3,2025-11-11
355,1224,tier2,2022-03-20
356,1226,tier1,2022-07-04
357,1233,tier1,2022-09-10
358,1236,tier1,2025-06-23
359,1237,tier1,2026-05-08
360,1247,tier2,2026-06-23
361,1249,tier2,
362,1253,tier1,2025-11-10
363,1255,tier2,2025-01-18
364,1259,tier2,
365,1261,tier1,
366,1263,tier1,2025-08-11
367,1265,tier1,2026-02-13
368,1266,tier1,2024-04-24
369,1267,tier1,2025-06-23
370,1270,tier3,2025-08-15
371,1271,tier2,
372,1272,tier2,2019-06-01
373,1277,tier1,2020-06-29
374,1279,tier2,
375,1282,tier2,
376,1284,tier1,2019-04-12
377,1287,tier2,2019-07-02
378,1290,tier1,2020-12-28
379,1294,tier1,2024-09-11
380,1295,tier1,2019-11-11
381,1298,tier2,2020-07-28
382,1300,tier2,2022-06-16
383,1304,tier3,2019-11-17
384,1305,tier3,2025-04-06
385,1309,tier2,2024-01-29
386,1310,tier3,2023-07-06
387,1311,tier3,2019-10-26
388,1312,tier1,2022-07-30
389,1315,tier2,2022-06-28
390,1316,tier1,2022-03-24
391,1317,tier2,2025-09-05
392,1319,tier1,2025-05-08
393,1324,tier2,2026-05-29
394,1332,tier3,
395,1338,tier2,2021-11-05
396,1346,tier1,2020-09-28
397,1353,tier2,2024-10-12
398,1355,tier1,2022-01-30
399,1359,tier2,2019-04-28
400,1362,tier2,2020-09-29
401,1363,tier1,2021-11-16
402,1364,tier1,2019-06-10
403,1367,tier1,2021-07-26
404,1373,tier1,2019-05-20
405,1378,tier1,2026-04-06
406,1380,tier1,2025-07-25
407,1381,tier2,2023-04-02
408,1382,tier2,2019-11-21
409,1386,tier3,2025-12-17
410,1392,tier2,2025-05-19
411,1394,tier1,2026-01-17
412,1397,tier1,2023-01-14
413,1400,tier1,2021-06-12
414,1401,tier2,2019-06-11
415,1404,tier2,2025-07-05
416,1407,tier1,2023-04-01
417,1409,tier1,2019-12-30
418,1414,tier1,2021-04-22
419,1415,tier3,2022-02-18
420,1418,tier1,2024-04-14
421,1421,tier2,
422,1422,tier1,2022-03-28
423,1425,tier2,2026-05-02
424,1429,tier2,
425,1430,tier1,2022-09-03
426,1431,tier1,2020-06-15
427,1432,tier3,
428,1433,tier1,2024-09-14
429,1437,tier1,2021-09-01
430,1444,tier3,2022-02-22
431,1450,tier1,2025-12-22
432,1458,tier1,2022-10-05
433,1461,tier1,2019-08-06
434,1462,tier2,
435,1465,tier2,2025-02-24
436,1466,tier1,2021-08-14
437,1467,tier1,
438,1473,tier3,2022-05-02
439,1475,tier2,2026-05-19
440,1479,tier2,2025-04-01
441,1481,tier2,2022-10-05
442,1482,tier2,2020-03-15
443,1491,tier1,2019-08-28
444,1492,tier1,
445,1501,tier1,2022-12-05
446,1502,tier1,
447,1503,tier1,2022-05-29
448,1508,tier1,2025-04-03
449,1510,tier1,2021-03-01
450,1511,tier1,2022-10-20
451,1512,tier1,2020-07-31
452,1513,tier2,2023-05-31
453,1515,tier1,2022-09-28
454,1516,tier1,2024-04-12
455,1521,tier2,2024-09-03
456,1524,tier2,2020-03-25
457,1525,tier1,2020-04-08
458,1527,tier3,2020-12-25
459,1535,tier1,
460,1539,tier1,2019-12-21
461,1540,tier2,2023-03-30
462,1542,tier1,2019-10-01
463,1543,tier3,2022-11-25
464,1546,tier1,2019-12-27
465,1548,tier1,2022-05-14
466,1549,tier1,2024-03-30
467,1551,tier3,2024-12-09
468,1553,tier1,2023-04-28
469,1561,tier2,2023-12-13
470,1563,tier3,2023-02-22
471,1565,tier2,2022-03-29
472,1566,tier1,
473,1568,tier2,2020-01-25
474,1571,tier2,2019-06-04
475,1574,tier1,2023-02-17
476,1575,tier3,2021-06-15
477,1578,tier1,2019-08-26
478,1580,tier1,2025-11-15
479,1583,tier2,2025-06-20
480,1585,tier2,2025-10-13
481,1586,tier1,2020-02-08
482,1595,tier1,2023-01-09
483,1600,tier1,2019-12-07
484,1605,tier1,2023-05-27
485,1606,tier3,2019-12-28
486,1607,tier1,2022-06-16
487,1609,tier1,2020-05-08
488,1612,tier2,2025-03-25
489,1615,tier1,2021-08-06
490,1616,tier2,2026-03-03
491,1620,tier3,2024-03-15
492,1634,tier1,2023-05-04
493,1635,tier1,2019-09-16
494,1637,tier2,2022-07-16
495,1640,tier1,2026-01-26
496,1643,tier1,2023-04-23
497,1644,tier2,2019-07-12
498,1647,tier1,2024-07-16
499,1648,tier1,2024-06-17
500,1653,tier3,2024-02-18
501,1655,tier1,2019-08-25
502,1658,tier1,
503,1667,tier2,2020-10-23
504,1672,tier1,2021-02-08
505,1674,tier1,2024-11-12
506,1678,tier2,2021-01-18
507,1680,tier2,2019-01-15
508,1684,tier1,2020-06-14
509,1685,tier2,2022-03-01
510,1687,tier1,2022-08-21
511,1688,tier1,2019-08-31
512,1690,tier1,2019-01-19
513,1693,tier2,2020-06-03
514,1694,tier1,
515,1695,tier2,2022-11-27
516,1699,tier1,2022-09-04
517,1701,tier2,2024-03-02
518,1703,tier1,2021-07-29
519,1705,tier3,2021-01-25
520,1719,tier1,2025-09-08
521,1721,tier3,2024-03-03
522,1722,tier1,2021-10-09
523,1725,tier2,2023-11-19
524,1732,tier1,2025-10-13
525,1734,tier2,
526,1740,tier1,2021-11-22
527,1743,tier1,
528,1746,tier1,2021-04-11
529,1747,tier1,2025-05-11
530,1748,tier2,2019-02-28
531,1758,tier1,2022-10-17
532,1760,tier3,2026-02-10
533,1761,tier1,2023-12-01
534,1762,tier2,2024-02-17
535,1769,tier2,2025-12-08
536,1773,tier1,2023-01-08
537,1788,tier1,2026-01-19
538,1791,tier1,2025-04-01
539,1794,tier2,2026-01-04
540,1799,tier2,2025-11-05
541,1802,tier1,2026-06-15
542,1807,tier3,2024-08-30
543,1812,tier2,2021-07-03
544,1813,tier1,2023-02-19
545,1815,tier2,2022-12-31
546,1822,tier2,2025-09-01
547,1823,tier1,2025-11-26
548,1825,tier2,2023-09-02
549,1826,tier3,2026-02-21
550,1830,tier2,2026-02-17
551,1832,tier1,2024-04-23
552,1835,tier3,2024-03-15
553,1839,tier2,2026-01-15
554,1840,tier1,2025-06-26
555,1848,tier2,2020-12-09
556,1851,tier2,2024-03-21
557,1859,tier3,2020-08-18
558,1862,tier3,2020-12-24
559,1863,tier2,2025-04-23
560,1865,tier3,
561,1873,tier2,2022-03-31
562,1878,tier1,2024-02-15
563,1879,tier2,2019-07-07
564,1884,tier1,2019-01-28
565,1887,tier2,2020-09-11
566,1889,tier2,2026-06-15
567,1890,tier2,2020-09-29
568,1892,tier3,2019-09-08
569,1897,tier2,2023-02-26
570,1901,tier1,2022-09-26
571,1907,tier2,2026-02-21
572,1908,tier3,2022-07-14
573,1912,tier2,2020-06-22
574,1913,tier1,2019-05-22
575,1914,tier3,2021-11-16
576,1916,tier1,2025-12-30
577,1918,tier2,2021-10-08
578,1921,tier3,2019-03-23
579,1922,tier1,2021-01-07
580,1927,tier1,2020-12-01
581,1930,tier1,2025-01-22
582,1941,tier2,2020-11-27
583,1943,tier1,2023-09-23
584,1945,tier2,2026-06-20
585,1958,tier1,2021-06-12
586,1959,tier2,2023-07-12
587,1965,tier1,2022-07-07
588,1969,tier3,
589,1972,tier1,2020-06-22
590,1973,tier3,2020-06-17
591,1974,tier1,2023-02-15
592,1976,tier1,
593,1980,tier3,2020-12-04
594,1984,tier2,2021-04-18
595,1989,tier1,
596,1990,tier1,2021-09-07
597,1994,tier3,
598,1996,tier1,2023-04-15
599,2003,tier1,2021-01-08
600,2004,tier2,2021-08-31
601,2008,tier1,
602,2011,tier2,2022-01-02
603,2014,tier2,2025-04-16
604,2015,tier1,2020-12-10
605,2016,tier1,2026-03-06
606,2019,tier1,2019-06-16
607,2027,tier1,2024-06-25
608,2028,tier2,2025-06-24
609,2034,tier1,2023-01-24
610,2038,tier2,2023-03-31
611,2043,tier1,2025-03-12
612,2047,tier1,2024-09-13
613,2049,tier1,2024-03-27
614,2057,tier1,
615,2060,tier1,2020-09-10
616,2061,tier3,2020-12-26
617,2063,tier1,2024-04-28
618,2066,tier1,2020-01-09
619,2073,tier3,
620,2074,tier1,2024-04-29
621,2077,tier2,2024-09-09
622,2078,tier2,2019-04-26
623,2083,tier2,2021-06-30
624,2089,tier3,2024-06-23
625,2090,tier1,2025-12-25
626,2094,tier1,
627,2096,tier2,2019-12-05
628,2097,tier3,2019-03-05
629,2099,tier2,2026-03-30
630,2102,tier1,2026-02-17
631,2106,tier2,2025-11-23
632,2107,tier1,2022-11-19
633,2108,tier1,2025-04-02
634,2109,tier1,2025-06-25
635,2114,tier1,2020-12-08
636,2119,tier2,2022-08-08
637,2133,tier1,2022-01-19
638,2134,tier1,2019-11-27
639,2135,tier3,2025-09-28
640,2142,tier1,2023-07-23
641,2143,tier2,2023-04-23
642,2146,tier1,2022-01-11
643,2147,tier1,2024-04-10
644,2148,tier2,
645,2150,tier1,2020-10-13
646,2152,tier3,2020-03-11
647,2154,tier3,
648,2155,tier2,2022-04-28
649,2158,tier2,2022-10-20
650,2166,tier2,2025-05-02
651,2171,tier2,2021-02-10
652,2175,tier1,
653,2177,tier1,2026-03-27
654,2184,tier1,2023-08-15
655,2185,tier2,2020-05-23
656,2186,tier1,2026-02-12
657,2190,tier3,2019-07-29
658,2192,tier2,
659,2193,tier1,2021-07-01
660,2195,tier2,2023-12-28
661,2204,tier1,2022-05-02
662,2210,tier2,2020-10-22
663,2211,tier2,
664,2212,tier1,2020-07-06
665,2217,tier3,2023-07-04
666,2219,tier1,2023-03-13
667,2220,tier2,2021-08-01
668,2225,tier1,
669,2227,tier1,2020-09-04
670,2229,tier1,2021-04-26
671,2231,tier2,2023-03-05
672,2241,tier1,
673,2243,tier2,
674,2247,tier1,2024-09-17
675,2251,tier1,
676,2255,tier2,2024-01-30
677,2258,tier2,2024-02-22
678,2260,tier1,2020-05-21
679,2261,tier1,
680,2262,tier1,2020-09-13
681,2270,tier2,2023-06-08
682,2272,tier3,2025-07-10
683,2273,tier3,2022-06-05
684,2277,tier1,2019-09-23
685,2280,tier1,2025-07-12
686,2282,tier1,2020-11-27
687,2284,tier2,2023-03-07
688,2293,tier3,2019-04-20
689,2297,tier2,2025-09-15
690,2301,tier1,2024-03-04
691,2304,tier2,2021-09-29
692,2312,tier1,2019-12-21
693,2313,tier3,2022-06-04
694,2319,tier1,2024-08-24
695,2321,tier3,2022-10-18
696,2324,tier1,2024-02-27
697,2325,tier2,2023-06-11
698,2330,tier2,2019-09-13
699,2332,tier2,2024-09-21
700,2337,tier1,2020-07-21
701,2350,tier1,2023-05-28
702,2352,tier1,2026-03-01
703,2366,tier1,2026-03-05
704,2367,tier2,2025-07-01
705,2371,tier3,2019-01-12
706,2376,tier3,2020-10-03
707,2377,tier1,2020-08-01
708,2381,tier1,2020-10-10
709,2382,tier1,2023-10-04
710,2384,tier1,2023-10-18
711,2386,tier2,2025-01-18
712,2394,tier2,
713,2403,tier1,2021-11-11
714,2407,tier1,2023-07-02
715,2409,tier1,2019-09-24
716,2410,tier1,2022-03-30
717,2411,tier1,2024-08-03
718,2412,tier2,2020-02-12
719,2422,tier2,2020-06-16
720,2425,tier1,2024-10-20
721,2426,tier3,2022-07-09
722,2428,tier3,2019-11-30
723,2430,tier3,2019-05-13
724,2431,tier2,2023-05-17
725,2432,tier1,2022-01-24
726,2435,tier2,2024-12-21
727,2438,tier1,
728,2441,tier1,2024-04-23
729,2442,tier2,2023-02-15
730,2443,tier2,2020-08-20
731,2444,tier2,2022-09-13
732,2451,tier3,2019-05-07
733,2452,tier1,2019-01-21
734,2461,tier3,2026-01-14
735,2469,tier2,2025-09-15
736,2471,tier2,2024-11-26
737,2474,tier2,2022-04-25
738,2478,tier1,2019-01-17
739,2485,tier2,2021-07-31
740,2486,tier1,2023-12-14
741,2488,tier1,2025-05-18
742,2489,tier1,2022-10-07
743,2491,tier2,2024-04-19
744,2494,tier3,2019-08-12
745,2497,tier1,
746,2504,tier1,
747,2505,tier1,2026-06-21
748,2510,tier1,
749,2513,tier1,2025-04-22
750,2519,tier2,2022-11-28
751,2522,tier1,2023-03-12
752,2527,tier3,2019-10-07
753,2531,tier1,2022-03-30
754,2532,tier1,2024-01-29
755,2534,tier1,2022-08-28
756,2535,tier3,
757,2541,tier1,2022-11-15
758,2542,tier1,2025-07-14
759,2545,tier3,
760,2546,tier1,2021-08-17
761,2549,tier1,2023-08-15
762,2552,tier2,2021-11-15
763,2555,tier1,2023-01-09
764,2559,tier3,2020-09-05
765,2571,tier2,2020-02-27
766,2573,tier2,
767,2574,tier3,2019-05-26
768,2575,tier1,2026-06-29
769,2579,tier2,2023-10-27
770,2585,tier1,2023-11-28
771,2587,tier2,2021-01-05
772,2594,tier1,2023-06-05
773,2595,tier2,2025-02-25
774,2597,tier3,
775,2600,tier3,2020-03-19
776,2602,tier1,2019-03-28
777,2605,tier2,2023-06-22
778,2609,tier1,2019-11-02
779,2610,tier2,2024-05-07
780,2611,tier2,2025-02-04
781,2612,tier3,2019-10-01
782,2617,tier2,2021-03-13
783,2620,tier1,2022-05-06
784,2622,tier1,2024-10-25
785,2623,tier2,2025-12-08
786,2624,tier3,2020-03-21
787,2625,tier2,2023-09-22
788,2631,tier1,2023-09-08
789,2633,tier1,
790,2634,tier2,2021-01-18
791,2636,tier2,2024-01-24
792,2639,tier1,2021-11-08
793,2640,tier1,2023-02-09
794,2641,tier1,2022-03-12
795,2642,tier1,2020-02-09
796,2648,tier1,2022-08-07
797,2649,tier3,2019-12-23
798,2651,tier1,2020-01-03
799,2653,tier2,2023-08-27
800,2655,tier2,2022-10-23
801,2656,tier1,
802,2662,tier3,2023-04-03
803,2663,tier1,2024-07-02
804,2669,tier1,2024-04-14
805,2673,tier2,2025-03-12
806,2674,tier1,2019-07-08
807,2682,tier1,2026-04-12
808,2687,tier2,2020-09-20
809,2689,tier2,2026-03-20
810,2700,tier2,2025-09-20
811,2704,tier1,2020-09-15
812,2705,tier1,2020-10-06
813,2712,tier1,2021-02-13
814,2715,tier2,2022-01-26
815,2716,tier1,2022-07-18
816,2718,tier1,
817,2720,tier1,2019-09-26
818,2721,tier1,2020-05-29
819,2724,tier2,2023-04-23
820,2731,tier1,2019-09-12
821,2732,tier1,2020-03-15
822,2735,tier2,2020-06-24
823,2737,tier1,2023-05-28
824,2738,tier1,2020-04-27
825,2739,tier1,2023-10-09
826,2741,tier3,2025-07-27
827,2743,tier1,2024-02-04
828,2746,tier2,2019-03-31
829,2748,tier2,2024-09-20
830,2750,tier1,2019-08-21
831,2754,tier2,2026-05-01
832,2755,tier2,2020-09-19
833,2762,tier1,2025-10-01
834,2764,tier2,2026-06-07
835,2767,tier1,2025-09-01
836,2773,tier1,
837,2774,tier1,
838,2778,tier1,2019-02-15
839,2779,tier3,2019-11-19
840,2792,tier2,2025-09-26
841,2793,tier3,2022-09-02
842,2795,tier1,2025-04-30
843,2796,tier1,2026-02-19
844,2799,tier1,2022-01-26
845,2800,tier2,2021-04-16
846,2806,tier1,2023-02-23
847,2808,tier1,2025-10-16
848,2811,tier2,2021-08-16
849,2812,tier1,2023-03-27
850,2815,tier1,2022-11-25
851,2823,tier1,2026-06-16
852,2824,tier2,2019-04-20
853,2827,tier2,2019-12-31
854,2830,tier2,2022-05-04
855,2832,tier2,2026-02-26
856,2833,tier2,2025-05-16
857,2837,tier1,2026-06-30
858,2838,tier3,2019-04-10
859,2840,tier3,2026-03-21
860,2841,tier1,2020-06-26
861,2843,tier2,2024-03-30
862,2844,tier2,2021-03-02
863,2847,tier2,2023-10-13
864,2850,tier2,
865,2851,tier1,2026-02-01
866,2855,tier2,2026-01-04
867,2861,tier2,2020-09-13
868,2867,tier3,2021-04-25
869,2868,tier1,2022-07-21
870,2869,tier3,
871,2871,tier1,2024-02-26
872,2877,tier1,2022-06-15
873,2880,tier1,2026-03-29
874,2884,tier2,2026-05-28
875,2887,tier2,2026-03-29
876,2890,tier1,2024-07-09
877,2891,tier1,2020-07-10
878,2894,tier3,2024-07-06
879,2896,tier1,2020-01-07
880,2898,tier1,2020-11-10
881,2901,tier2,2025-08-19
882,2905,tier1,2023-08-23
883,2910,tier2,2024-06-21
884,2912,tier1,2022-01-21
885,2915,tier2,
886,2918,tier2,2021-04-13
887,2921,tier1,2024-11-14
888,2925,tier2,2023-05-20
889,2926,tier2,2019-07-26
890,2928,tier2,2025-11-27
891,2936,tier1,2021-09-04
892,2938,tier3,2019-10-22
893,2940,tier2,2024-10-11
894,2943,tier1,2025-10-09
895,2944,tier1,2021-05-30
896,2945,tier2,2024-09-16
897,2947,tier2,2021-10-04
898,2949,tier1,2021-01-27
899,2952,tier2,2019-02-27
900,2954,tier2,2024-04-26
901,2956,tier2,2025-12-23
902,2957,tier1,2019-11-29
903,2958,tier1,2022-11-28
904,2960,tier1,
905,2962,tier1,2019-12-30
906,2964,tier1,2020-06-21
907,2968,tier2,2021-06-18
908,2984,tier3,
909,2988,tier1,2023-12-29
910,2989,tier2,
911,2994,tier1,2023-05-28
912,2995,tier2,2021-07-24
913,2998,tier1,2025-11-05
914,2999,tier2,2025-09-10
915,3003,tier3,2023-10-26
916,3005,tier1,2025-03-31
917,3008,tier1,
918,3009,tier1,2021-07-16
919,3014,tier2,2020-11-17
920,3015,tier1,2019-02-26
921,3016,tier2,2019-07-13
922,3019,tier2,
923,3021,tier1,2019-02-28
924,3022,tier3,2020-10-29
925,3027,tier2,2026-06-11
926,3029,tier2,2019-12-24
927,3031,tier2,2022-10-02
928,3034,tier1,2022-11-01
929,3035,tier2,2023-10-27
930,3038,tier3,2019-02-08
931,3043,tier1,2025-07-01
932,3046,tier1,2025-11-10
933,3047,tier1,2026-04-26
934,3055,tier1,2026-04-27
935,3057,tier1,2019-04-14
936,3058,tier3,
937,3064,tier1,2019-06-01
938,3066,tier3,2020-05-19
939,3069,tier3,2023-06-25
940,3071,tier2,2022-03-03
941,3072,tier2,2023-08-12
942,3075,tier3,2024-10-23
943,3079,tier3,2019-08-12
944,3084,tier3,2020-12-05
945,3092,tier2,2019-08-22
946,3096,tier2,2021-05-02
947,3097,tier1,2019-01-26
948,3098,tier1,2022-04-19
949,3102,tier1,2022-06-06
950,3103,tier1,2022-08-19
951,3106,tier1,2020-10-23
952,3107,tier3,2020-04-18
953,3109,tier1,2022-10-17
954,3116,tier1,2019-04-26
955,3123,tier1,2023-12-26
956,3125,tier1,
957,3132,tier2,2020-04-27
958,3134,tier1,2026-06-07
959,3137,tier1,
960,3141,tier2,2023-12-27
961,3143,tier1,
962,3145,tier3,2022-03-04
963,3148,tier2,2020-08-25
964,3149,tier2,2026-05-21
965,3151,tier1,
966,3156,tier1,2019-09-06
967,3157,tier2,2024-09-08
968,3159,tier1,2020-12-08
969,3164,tier2,2021-12-15
970,3168,tier1,2019-10-13
971,3173,tier3,2026-04-20
972,3176,tier2,2019-06-28
973,3178,tier2,2024-06-26
974,3183,tier1,2024-08-31
975,3186,tier2,2021-05-20
976,3188,tier1,2026-01-18
977,3191,tier1,2025-07-07
978,3192,tier3,2023-11-01
979,3197,tier2,2024-06-25
980,3199,tier1,2020-11-21
981,3213,tier1,
982,3215,tier2,
983,3218,tier1,2022-09-15
984,3221,tier1,
985,3227,tier1,2026-06-12
986,3238,tier1,2022-12-17
987,3239,tier1,2022-05-19
988,3241,tier1,2020-09-23
989,3251,tier2,2019-06-01
990,3255,tier1,2023-02-26
991,3256,tier1,2023-05-07
992,3257,tier1,2019-10-27
993,3261,tier2,2019-08-04
994,3264,tier2,2021-06-22
995,3266,tier2,2023-09-15
996,3268,tier1,2021-12-26
997,3269,tier1,2022-05-10
998,3271,tier2,2025-10-23
999,3281,tier3,2025-06-25
1000,3291,tier1,2020-03-25
1001,3293,tier2,
1002,3294,tier1,2022-06-29
1003,3309,tier2,
1004,3310,tier2,2020-10-19
1005,3311,tier1,2023-10-09
1006,3312,tier3,
1007,3316,tier3,2022-08-20
1008,3317,tier2,2023-07-18
1009,3318,tier1,2025-01-08
1010,3322,tier2,2019-04-19
1011,3326,tier3,
1012,3328,tier3,2024-11-08
1013,3343,tier1,2024-08-01
1014,3344,tier2,2023-10-09
1015,3346,tier1,2023-09-07
1016,3351,tier2,2021-12-28
1017,3352,tier1,2020-03-11
1018,3354,tier2,
1019,3357,tier1,2024-05-16
1020,3359,tier1,2022-09-09
1021,3361,tier1,2020-02-11
1022,3365,tier2,2024-11-12
1023,3368,tier3,
1024,3378,tier1,2025-12-31
1025,3379,tier1,2019-06-01
1026,3380,tier3,2025-03-02
1027,3391,tier1,2019-03-27
1028,3396,tier1,2022-12-06
1029,3403,tier3,2022-11-20
1030,3405,tier2,2023-05-25
1031,3411,tier2,2023-01-17
1032,3415,tier2,2022-03-03
1033,3419,tier3,2022-12-25
1034,3421,tier1,2023-11-16
1035,3424,tier1,2023-07-13
1036,3425,tier2,
1037,3431,tier1,2020-07-29
1038,3435,tier2,2025-12-12
1039,3437,tier2,2023-07-31
1040,3442,tier1,2026-03-18
1041,3443,tier2,2023-05-14
1042,3446,tier1,2021-02-17
1043,3450,tier2,2020-06-14
1044,3454,tier1,2019-01-15
1045,3455,tier1,2020-06-01
1046,3458,tier2,2025-11-20
1047,3460,tier1,2025-01-11
1048,3461,tier3,2024-04-09
1049,3463,tier3,2025-03-08
1050,3464,tier1,2025-01-16
1051,3470,tier1,2026-06-24
1052,3471,tier2,2019-11-13
1053,3472,tier1,2024-07-04
1054,3473,tier2,2026-06-07
1055,3477,tier1,2019-09-26
1056,3490,tier2,2020-01-02
1057,3491,tier2,2019-11-13
1058,3496,tier1,2019-01-08
1059,3498,tier1,2020-03-11
1060,3500,tier1,2023-04-14
1061,3503,tier2,2021-01-20
1062,3517,tier1,2026-04-09
1063,3518,tier1,
1064,3519,tier1,2019-08-20
1065,3521,tier2,
1066,3522,tier1,2024-02-12
1067,3523,tier3,2019-12-11
1068,3526,tier1,2022-03-24
1069,3528,tier2,2024-02-12
1070,3531,tier2,2022-11-27
1071,3538,tier3,2021-06-02
1072,3543,tier1,2025-06-24
1073,3545,tier3,2019-05-03
1074,3546,tier2,2025-04-10
1075,3548,tier2,2021-07-21
1076,3551,tier1,2023-05-12
1077,3557,tier1,2022-09-24
1078,3559,tier1,2026-03-22
1079,3564,tier1,2023-04-12
1080,3567,tier1,
1081,3573,tier1,2021-09-23
1082,3576,tier3,2023-08-02
1083,3583,tier1,
1084,3586,tier3,2023-07-08
1085,3590,tier1,2020-07-13
1086,3591,tier1,2024-07-28
1087,3593,tier3,2024-04-24
1088,3597,tier1,2025-02-12
1089,3610,tier1,2021-10-08
1090,3614,tier2,2021-04-30
1091,3615,tier1,2023-12-01
1092,3616,tier1,2022-01-22
1093,3618,tier3,2023-11-16
1094,3619,tier1,2021-10-17
1095,3626,tier2,2025-12-04
1096,3627,tier1,2023-11-11
1097,3628,tier1,
1098,3631,tier3,2021-03-12
1099,3634,tier1,2023-04-28
1100,3638,tier1,2020-04-24
1101,3644,tier1,2024-08-15
1102,3653,tier1,2025-12-07
1103,3656,tier1,2023-03-30
1104,3658,tier2,
1105,3659,tier3,2020-02-02
1106,3660,tier2,2021-08-19
1107,3663,tier3,2022-10-21
1108,3667,tier1,2024-02-12
1109,3670,tier2,2020-01-12
1110,3671,tier2,2023-10-18
1111,3672,tier2,2019-12-17
1112,3673,tier2,
1113,3674,tier2,2025-10-27
1114,3675,tier3,2021-01-29
1115,3676,tier2,2026-04-14
1116,3677,tier1,2022-03-20
1117,3679,tier1,2020-02-07
1118,3681,tier1,2022-10-29
1119,3683,tier3,2020-03-19
1120,3684,tier2,2023-06-22
1121,3686,tier2,2022-06-12
1122,3689,tier1,2019-08-19
1123,3690,tier1,2025-11-06
1124,3693,tier1,2023-09-12
1125,3695,tier2,2022-08-07
1126,3696,tier1,2019-09-24
1127,3697,tier1,2019-03-06
1128,3698,tier2,2019-03-24
1129,3699,tier1,2021-07-07
1130,3702,tier2,2025-06-27
1131,3707,tier2,2019-09-23
1132,3710,tier1,2019-02-20
1133,3711,tier1,2022-06-27
1134,3712,tier3,2025-09-20
1135,3713,tier2,2019-03-18
1136,3720,tier1,2025-03-12
1137,3721,tier1,2020-06-08
1138,3722,tier2,2021-07-13
1139,3725,tier1,
1140,3726,tier3,
1141,3730,tier1,2025-09-25
1142,3734,tier3,2025-03-01
1143,3740,tier1,2022-06-06
1144,3744,tier2,2025-11-26
1145,3751,tier1,2024-05-12
1146,3752,tier1,2020-02-10
1147,3755,tier1,2019-09-20
1148,3757,tier1,2025-02-14
1149,3758,tier1,2022-01-14
1150,3759,tier2,2020-04-10
1151,3763,tier2,2025-12-14
1152,3766,tier2,2019-11-13
1153,3768,tier1,2023-03-23
1154,3769,tier1,2021-02-03
1155,3771,tier2,2022-10-29
1156,3778,tier1,2019-05-11
1157,3781,tier3,2025-04-06
1158,3782,tier1,2019-02-05
1159,3788,tier3,2022-12-16
1160,3794,tier2,
1161,3795,tier2,2020-02-22
1162,3796,tier1,2019-10-10
1163,3798,tier1,2025-08-18
1164,3799,tier1,2019-02-03
1165,3806,tier1,2022-12-26
1166,3808,tier3,2023-04-28
1167,3809,tier1,2020-04-28
1168,3812,tier1,2024-06-20
1169,3813,tier3,2026-06-02
1170,3817,tier2,2023-03-03
1171,3818,tier1,2021-04-07
1172,3825,tier2,
1173,3828,tier2,
1174,3829,tier2,2024-11-16
1175,3830,tier2,2023-12-08
1176,3832,tier1,2020-02-29
1177,3833,tier1,2025-07-03
1178,3836,tier1,2023-08-25
1179,3839,tier2,2022-02-05
1180,3842,tier3,
1181,3859,tier1,2021-09-22
1182,3860,tier2,2022-08-14
1183,3861,tier3,2024-04-07
1184,3866,tier1,2026-04-05
1185,3867,tier2,2021-12-29
1186,3876,tier1,2022-12-13
1187,3879,tier1,2020-12-22
1188,3880,tier2,2022-05-07
1189,3881,tier1,
1190,3882,tier2,2019-04-13
1191,3885,tier3,2019-08-31
1192,3886,tier1,2019-04-09
1193,3888,tier2,2019-08-04
1194,3899,tier2,2023-06-23
1195,3900,tier3,2023-07-29
1196,3901,tier2,2024-12-14
1197,3902,tier1,2025-11-24
1198,3905,tier1,2019-04-04
1199,3908,tier2,2023-03-26
1200,3911,tier1,2019-07-08
1201,3914,tier2,2019-01-05
1202,3921,tier2,2025-05-21
1203,3924,tier1,2025-03-03
1204,3926,tier2,2025-08-17
1205,3932,tier1,2022-10-30
1206,3937,tier2,2024-05-18
1207,3938,tier2,2025-11-27
1208,3940,tier1,2022-09-11
1209,3949,tier1,2019-11-07
1210,3950,tier2,2020-12-22
1211,3951,tier1,2025-05-19
1212,3954,tier1,2022-04-17
1213,3957,tier2,
1214,3958,tier3,2019-10-03
1215,3959,tier1,2021-11-30
1216,3961,tier2,2026-05-09
1217,3962,tier1,2025-12-18
1218,3963,tier3,2020-01-17
1219,3964,tier3,2022-11-12
1220,3965,tier1,2022-12-18
1221,3971,tier1,2020-10-22
1222,3975,tier1,2019-06-10
1223,3980,tier2,2025-12-27
1224,3986,tier2,2022-01-19
1225,3993,tier1,2019-12-01
1226,3997,tier1,2020-09-13
1227,4001,tier2,2023-10-10
1228,4005,tier2,2023-06-14
1229,4007,tier1,2022-11-23
1230,4008,tier2,2023-02-12
1231,4009,tier1,2025-10-11
1232,4010,tier2,2024-05-14
1233,4014,tier2,2019-09-29
1234,4015,tier3,2022-08-01
1235,4019,tier1,2025-05-18
1236,4020,tier2,2020-01-31
1237,4022,tier3,2024-12-16
1238,4026,tier1,2020-12-08
1239,4027,tier2,
1240,4031,tier1,2021-10-20
1241,4036,tier1,2022-10-02
1242,4038,tier3,2024-02-26
1243,4041,tier3,2020-01-22
1244,4047,tier2,2025-07-27
1245,4048,tier3,2024-11-29
1246,4049,tier3,
1247,4050,tier1,
1248,4054,tier2,2022-09-19
1249,4056,tier2,
1250,4057,tier1,2021-01-31
1251,4058,tier2,2025-02-11
1252,4060,tier2,2021-12-15
1253,4061,tier1,2024-01-15
1254,4062,tier1,2020-08-28
1255,4066,tier1,2024-01-20
1256,4069,tier2,2019-11-07
1257,4070,tier1,2023-05-06
1258,4071,tier1,2022-01-04
1259,4072,tier3,2021-09-30
1260,4073,tier1,2023-04-02
1261,4077,tier2,2020-08-20
1262,4080,tier3,2023-03-03
1263,4084,tier1,2025-02-20
1264,4085,tier2,2025-03-20
1265,4086,tier2,2025-08-04
1266,4089,tier3,
1267,4094,tier1,
1268,4096,tier1,2023-11-12
1269,4097,tier1,2023-08-27
1270,4099,tier2,
1271,4101,tier1,2025-06-25
1272,4103,tier2,2020-01-15
1273,4104,tier1,2021-09-16
1274,4107,tier1,2025-02-06
1275,4108,tier2,2025-10-04
1276,4114,tier1,2025-03-10
1277,4115,tier2,2019-11-26
1278,4120,tier1,
1279,4122,tier1,2022-04-29
1280,4126,tier3,2020-06-26
1281,4127,tier2,2020-12-31
1282,4128,tier1,2025-07-30
1283,4131,tier2,2024-10-30
1284,4133,tier1,2026-03-11
1285,4137,tier1,
1286,4140,tier1,
1287,4143,tier1,2023-05-21
1288,4149,tier2,2023-06-06
1289,4153,tier1,
1290,4154,tier3,2023-03-01
1291,4158,tier1,2024-05-24
1292,4161,tier1,2020-02-18
1293,4162,tier1,2020-11-03
1294,4165,tier1,2025-07-07
1295,4166,tier1,2019-03-24
1296,4172,tier2,2019-07-03
1297,4173,tier1,2025-10-19
1298,4176,tier3,2021-05-20
1299,4178,tier1,2019-07-06
1300,4179,tier2,2021-11-06
1301,4184,tier1,
1302,4187,tier2,
1303,4188,tier2,2020-03-17
1304,4189,tier1,
1305,4195,tier2,2023-03-28
1306,4197,tier2,2025-12-08
1307,4198,tier1,2025-07-10
1308,4199,tier1,2021-06-11
1309,4202,tier1,2025-06-27
1310,4204,tier2,
1311,4206,tier1,2019-03-13
1312,4212,tier1,2026-04-13
1313,4215,tier3,2024-06-09
1314,4219,tier3,2021-05-29
1315,4220,tier2,2020-05-14
1316,4224,tier1,2019-03-13
1317,4225,tier2,2024-08-12
1318,4231,tier3,2020-11-13
1319,4235,tier1,
1320,4236,tier2,2022-01-31
1321,4239,tier2,2025-06-11
1322,4241,tier2,2023-02-25
1323,4243,tier1,
1324,4249,tier1,2020-02-07
1325,4250,tier1,2023-06-13
1326,4254,tier1,2024-08-21
1327,4256,tier2,2020-09-19
1328,4261,tier2,2025-01-09
1329,4264,tier1,2022-11-03
1330,4266,tier2,2022-04-11
1331,4267,tier2,2022-03-01
1332,4276,tier1,2025-06-04
1333,4280,tier3,2021-12-26
1334,4281,tier3,2024-02-20
1335,4282,tier1,2024-09-07
1336,4284,tier1,2022-12-14
1337,4285,tier1,2019-10-08
1338,4286,tier2,2024-08-17
1339,4287,tier2,
1340,4289,tier1,2026-06-30
1341,4293,tier1,2020-10-20
1342,4302,tier2,2024-02-20
1343,4303,tier1,2019-03-09
1344,4305,tier2,2020-11-02
1345,4306,tier1,2022-11-20
1346,4307,tier2,2020-09-25
1347,4309,tier1,2024-03-22
1348,4312,tier1,2022-07-04
1349,4313,tier1,2022-12-23
1350,4314,tier1,2019-04-08
1351,4316,tier2,2022-12-21
1352,4317,tier1,2025-09-21
1353,4318,tier1,2024-02-24
1354,4322,tier1,2019-12-19
1355,4324,tier1,2019-09-28
1356,4325,tier1,2022-10-29
1357,4331,tier2,2025-04-02
1358,4335,tier1,2020-06-30
1359,4338,tier2,2022-04-23
1360,4342,tier1,2025-08-08
1361,4344,tier2,2020-10-29
1362,4346,tier2,2025-04-11
1363,4347,tier2,2020-08-11
1364,4348,tier1,
1365,4349,tier2,2022-10-21
1366,4351,tier2,2023-08-24
1367,4358,tier1,2021-09-26
1368,4359,tier2,2020-05-31
1369,4360,tier3,2021-12-31
1370,4368,tier1,2021-01-15
1371,4377,tier2,2022-07-31
1372,4383,tier2,2023-09-25
1373,4392,tier1,2026-06-10
1374,4398,tier1,2021-07-04
1375,4399,tier2,2023-06-20
1376,4400,tier2,2022-03-08
1377,4405,tier2,2023-03-24
1378,4406,tier1,
1379,4410,tier1,2020-08-19
1380,4413,tier1,2022-06-27
1381,4414,tier1,2025-12-08
1382,4415,tier2,2026-05-29
1383,4418,tier1,2021-03-31
1384,4419,tier1,2022-01-22
1385,4420,tier2,2024-01-14
1386,4421,tier1,2025-10-23
1387,4422,tier2,2022-11-19
1388,4426,tier1,2025-01-31
1389,4434,tier1,2022-05-02
1390,4435,tier3,
1391,4437,tier1,2023-01-10
1392,4441,tier3,2021-08-17
1393,4442,tier1,
1394,4444,tier3,2019-03-03
1395,4446,tier1,2021-10-25
1396,4447,tier2,2021-03-11
1397,4448,tier1,2021-06-20
1398,4449,tier1,2022-03-29
1399,4452,tier1,2025-02-15
1400,4455,tier1,2019-10-19
1401,4456,tier3,2023-05-09
1402,4459,tier1,2023-03-28
1403,4461,tier1,2019-09-12
1404,4467,tier1,2026-04-14
1405,4468,tier2,2024-07-23
1406,4473,tier1,2020-03-13
1407,4475,tier1,2021-09-26
1408,4478,tier1,2021-02-17
1409,4484,tier2,2024-12-27
1410,4486,tier3,2022-10-29
1411,4488,tier1,2024-10-04
1412,4491,tier2,2026-06-27
1413,4492,tier1,2023-07-14
1414,4494,tier2,2022-01-26
1415,4495,tier1,2025-12-21
1416,4496,tier2,2022-03-16
1417,4503,tier1,2025-10-26
1418,4516,tier1,2019-03-07
1419,4522,tier1,2024-06-10
1420,4526,tier2,2020-07-13
1421,4531,tier2,2022-02-23
1422,4532,tier2,2022-11-19
1423,4535,tier1,2025-04-10
1424,4537,tier1,
1425,4538,tier1,2023-07-01
1426,4539,tier2,2025-01-01
1427,4547,tier1,2020-12-03
1428,4552,tier2,
1429,4554,tier1,
1430,4555,tier1,2026-05-17
1431,4558,tier1,2020-11-14
1432,4559,tier3,2022-11-22
1433,4560,tier2,2019-05-27
1434,4563,tier1,2025-03-11
1435,4565,tier1,2021-05-07
1436,4572,tier1,2023-08-03
1437,4575,tier3,2021-09-25
1438,4576,tier2,2022-11-03
1439,4577,tier2,2020-06-08
1440,4579,tier1,2021-09-09
1441,4580,tier1,2020-06-23
1442,4583,tier3,2019-09-25
1443,4585,tier2,2024-06-27
1444,4589,tier2,2019-06-08
1445,4591,tier2,2019-11-20
1446,4592,tier1,2025-06-15
1447,4593,tier1,2021-11-25
1448,4605,tier2,2021-11-03
1449,4615,tier2,2026-06-20
1450,4618,tier1,2023-10-30
1451,4619,tier3,2020-01-21
1452,4622,tier1,2019-11-04
1453,4626,tier2,2019-07-30
1454,4629,tier1,2019-01-08
1455,4630,tier1,
1456,4635,tier1,2023-01-11
1457,4637,tier1,2022-09-27
1458,4642,tier1,2021-10-06
1459,4646,tier3,2024-06-19
1460,4650,tier1,2021-01-04
1461,4654,tier1,
1462,4656,tier2,2023-05-11
1463,4657,tier1,2022-09-25
1464,4663,tier1,2022-09-07
1465,4674,tier3,2019-07-01
1466,4676,tier3,2020-10-15
1467,4677,tier2,2025-06-22
1468,4678,tier1,2020-02-20
1469,4680,tier1,2021-06-24
1470,4687,tier2,2025-09-02
1471,4688,tier2,2020-12-21
1472,4694,tier1,2021-10-31
1473,4699,tier1,2023-03-28
1474,4702,tier1,2020-04-07
1475,4704,tier1,2021-09-14
1476,4715,tier2,2023-05-29
1477,4717,tier1,2026-01-26
1478,4719,tier2,2024-03-13
1479,4722,tier1,
1480,4726,tier3,2020-06-07
1481,4727,tier1,2021-07-02
1482,4728,tier1,
1483,4729,tier2,2025-06-29
1484,4733,tier1,2025-10-21
1485,4737,tier2,2020-02-01
1486,4738,tier1,
1487,4739,tier3,
1488,4740,tier1,
1489,4741,tier1,2020-07-07
1490,4743,tier1,2021-09-29
1491,4744,tier2,
1492,4746,tier1,2026-05-02
1493,4751,tier2,2025-01-24
1494,4752,tier3,2023-08-06
1495,4761,tier2,2025-06-11
1496,4767,tier1,2020-05-30
1497,4768,tier2,
1498,4776,tier3,2025-04-07
1499,4778,tier2,2019-07-31
1500,4784,tier2,2026-01-18
1501,4785,tier1,2020-01-22
1502,4788,tier1,2022-09-30
1503,4790,tier3,2023-05-29
1504,4801,tier2,2024-08-21
1505,4805,tier1,2026-03-11
1506,4806,tier1,2021-11-14
1507,4807,tier1,2025-07-24
1508,4808,tier1,2023-06-19
1509,4809,tier2,2025-09-01
1510,4815,tier2,2020-12-28
1511,4820,tier3,2021-02-19
1512,4829,tier1,2020-04-21
1513,4830,tier1,
1514,4835,tier1,2025-05-07
1515,4836,tier2,2023-08-24
1516,4843,tier1,2024-08-06
1517,4846,tier2,2021-05-25
1518,4849,tier2,2023-04-21
1519,4856,tier3,2022-08-21
1520,4863,tier1,2019-11-06
1521,4866,tier1,2025-02-18
1522,4871,tier1,2022-05-02
1523,4882,tier3,2021-11-16
1524,4883,tier2,2021-11-27
1525,4891,tier3,2026-05-23
1526,4897,tier2,
1527,4898,tier2,2021-10-26
1528,4899,tier1,2024-01-14
1529,4903,tier1,2021-12-07
1530,4907,tier2,2023-01-01
1531,4909,tier2,2025-12-23
1532,4910,tier1,2025-10-11
1533,4912,tier1,2025-02-19
1534,4914,tier3,2025-05-24
1535,4916,tier1,2024-09-09
1536,4918,tier2,2025-01-18
1537,4919,tier1,2019-03-08
1538,4920,tier1,2021-11-16
1539,4922,tier2,2020-08-12
1540,4924,tier2,2020-09-19
1541,4929,tier2,2023-01-06
1542,4935,tier1,2023-08-31
1543,4938,tier1,
1544,4940,tier3,2025-08-04
1545,4941,tier1,2019-03-10
1546,4945,tier1,2021-12-08
1547,4950,tier1,
1548,4952,tier2,2019-07-08
1549,4956,tier2,2025-11-17
1550,4964,tier3,2020-07-08
1551,4965,tier2,2024-10-30
1552,4968,tier1,2021-06-03
1553,4969,tier1,2025-10-20
1554,4971,tier2,2025-11-28
1555,4983,tier1,2019-02-24
1556,4987,tier2,2025-06-23
1557,4989,tier1,2019-03-17
1558,4994,tier2,2024-11-05
1559,4995,tier2,2026-02-13
1560,4999,tier3,2021-08-31
1561,5002,tier1,2025-08-15
1562,5003,tier1,2025-11-01
1563,5005,tier1,2025-05-06
1564,5013,tier1,2019-04-13
1565,5014,tier2,2021-04-29
1566,5018,tier2,2025-02-14
1567,5024,tier2,
1568,5026,tier2,2021-08-12
1569,5030,tier1,2026-01-17
1570,5031,tier2,2020-07-10
1571,5033,tier2,2020-09-26
1572,5036,tier1,2024-05-24
1573,5040,tier3,2019-07-14
1574,5042,tier2,2020-03-13
1575,5046,tier1,2023-04-04
1576,5048,tier1,
1577,5053,tier3,2026-04-19
1578,5056,tier3,2020-03-07
1579,5058,tier3,2023-04-27
1580,5059,tier1,2024-11-30
1581,5063,tier2,2025-07-24
1582,5065,tier1,
1583,5067,tier3,2024-03-11
1584,5071,tier2,
1585,5081,tier2,2024-05-03
1586,5086,tier1,2021-11-09
1587,5094,tier2,2026-06-27
1588,5097,tier1,2021-03-28
1589,5100,tier1,2019-11-21
1590,5103,tier1,2020-01-05
1591,5104,tier1,2020-12-19
1592,5108,tier3,2024-02-17
1593,5109,tier1,2021-05-09
1594,5110,tier1,2021-10-25
1595,5114,tier1,2024-06-02
1596,5119,tier3,2020-02-08
1597,5121,tier1,2024-09-23
1598,5126,tier3,2025-05-05
1599,5129,tier2,2020-12-03
1600,5136,tier2,2022-08-05
1601,5138,tier1,2025-08-07
1602,5142,tier3,
1603,5144,tier1,2023-06-10
1604,5145,tier3,2023-02-14
1605,5146,tier1,2025-08-02
1606,5152,tier2,2025-12-04
1607,5158,tier1,2021-03-20
1608,5159,tier3,2025-09-25
1609,5165,tier1,
1610,5166,tier2,2023-10-22
1611,5172,tier2,2025-05-04
1612,5175,tier1,2022-08-24
1613,5179,tier1,2022-12-11
1614,5181,tier2,2024-05-30
1615,5182,tier2,2019-12-31
1616,5184,tier1,2021-06-25
1617,5190,tier3,2021-05-28
1618,5193,tier1,2022-02-20
1619,5195,tier1,
1620,5197,tier1,2024-06-27
1621,5198,tier1,2019-01-02
1622,5200,tier2,2025-06-09
1623,5201,tier2,2022-04-03
1624,5203,tier1,2026-03-26
1625,5213,tier3,2019-05-17
1626,5214,tier2,2023-05-05
1627,5217,tier1,2021-06-29
1628,5220,tier1,2025-01-10
1629,5221,tier3,2024-05-22
1630,5225,tier3,2024-03-27
1631,5230,tier1,2025-02-07
1632,5232,tier1,2022-01-15
1633,5238,tier2,2026-01-12
1634,5239,tier1,
1635,5241,tier2,2019-01-14
1636,5243,tier2,2020-06-20
1637,5249,tier1,2025-10-25
1638,5250,tier3,2021-10-06
1639,5251,tier2,2020-04-09
1640,5252,tier1,2024-12-10
1641,5258,tier2,2022-10-23
1642,5261,tier1,
1643,5265,tier1,2022-11-17
1644,5266,tier2,2021-09-02
1645,5267,tier1,2022-11-08
1646,5272,tier2,2019-02-23
1647,5274,tier1,2025-06-17
1648,5275,tier2,
1649,5280,tier3,2023-01-04
1650,5283,tier1,2024-06-30
1651,5285,tier1,2026-04-04
1652,5287,tier2,2025-09-26
1653,5291,tier2,2025-12-12
1654,5292,tier1,2026-04-17
1655,5294,tier3,2022-07-25
1656,5302,tier2,2023-09-19
1657,5310,tier1,2021-05-17
1658,5312,tier2,2020-07-24
1659,5316,tier1,2026-02-03
1660,5319,tier1,2019-01-04
1661,5321,tier2,2021-07-14
1662,5326,tier2,2020-07-03
1663,5327,tier1,2019-03-28
1664,5331,tier1,
1665,5332,tier3,2024-03-01
1666,5333,tier2,2020-05-18
1667,5338,tier2,2023-02-09
1668,5341,tier1,
1669,5345,tier2,2025-04-08
1670,5350,tier2,2020-10-15
1671,5367,tier2,2025-12-08
1672,5372,tier1,2026-03-23
1673,5373,tier1,
1674,5375,tier2,2025-06-28
1675,5384,tier3,2020-03-18
1676,5386,tier2,2023-02-20
1677,5388,tier2,2025-05-12
1678,5390,tier1,2022-08-24
1679,5393,tier1,2025-10-24
1680,5397,tier1,2021-10-29
1681,5399,tier2,2021-08-28
1682,5405,tier1,2024-04-19
1683,5407,tier2,2025-05-22
1684,5409,tier2,2023-12-26
1685,5410,tier1,2024-05-25
1686,5412,tier3,2019-05-20
1687,5413,tier3,
1688,5417,tier1,2024-10-25
1689,5420,tier3,2024-07-28
1690,5424,tier1,2023-01-02
1691,5427,tier1,2025-04-21
1692,5428,tier1,2024-04-28
1693,5429,tier2,2024-06-30
1694,5432,tier2,2019-08-04
1695,5440,tier1,2022-08-02
1696,5443,tier1,2019-09-21
1697,5445,tier2,2023-02-26
1698,5451,tier1,2021-11-26
1699,5454,tier1,2025-12-17
1700,5457,tier1,2021-03-15
1701,5458,tier1,2024-03-10
1702,5461,tier2,2023-02-18
1703,5463,tier2,2021-11-18
1704,5464,tier2,2019-07-09
1705,5467,tier3,2022-03-04
1706,5468,tier1,2026-01-15
1707,5477,tier3,2024-12-31
1708,5491,tier3,2023-10-09
1709,5492,tier1,2022-09-18
1710,5499,tier2,2020-06-12
1711,5502,tier3,2024-04-12
1712,5504,tier1,2024-01-09
1713,5505,tier3,2023-02-13
1714,5508,tier1,2026-02-19
1715,5510,tier2,2023-10-02
1716,5511,tier2,2023-11-23
1717,5516,tier3,2020-06-03
1718,5519,tier3,2026-05-13
1719,5525,tier1,2023-03-18
1720,5527,tier2,2024-02-02
1721,5528,tier3,2023-01-18
1722,5542,tier1,2024-07-31
1723,5543,tier1,2020-09-05
1724,5544,tier3,2023-07-23
1725,5548,tier1,
1726,5549,tier2,2024-11-08
1727,5554,tier2,2022-12-03
1728,5555,tier2,2019-02-07
1729,5557,tier1,2024-10-08
1730,5561,tier1,2019-12-19
1731,5568,tier1,2019-07-02
1732,5569,tier1,2020-07-27
1733,5572,tier3,2021-07-15
1734,5573,tier1,2024-06-21
1735,5574,tier3,2020-07-26
1736,5579,tier1,2024-06-02
1737,5581,tier2,2024-12-16
1738,5590,tier3,2025-02-05
1739,5596,tier1,2019-08-09
1740,5598,tier2,2021-11-12
1741,5599,tier1,2019-11-14
1742,5602,tier1,2025-02-23
1743,5609,tier1,2023-10-21
1744,5614,tier1,2025-03-23
1745,5616,tier1,2020-10-21
1746,5620,tier2,2024-07-22
1747,5637,tier2,
1748,5641,tier3,2023-07-25
1749,5645,tier1,2022-01-31
1750,5649,tier1,2024-09-23
1751,5651,tier1,2024-06-10
1752,5654,tier1,2021-03-31
1753,5657,tier2,2023-09-11
1754,5664,tier2,2025-09-21
1755,5668,tier1,2025-03-29
1756,5675,tier2,2022-06-08
1757,5676,tier2,2026-02-23
1758,5677,tier1,2024-04-14
1759,5678,tier1,2024-08-26
1760,5680,tier3,2021-10-05
1761,5682,tier1,2024-08-31
1762,5683,tier2,
1763,5684,tier1,2019-08-21
1764,5689,tier3,2023-04-21
1765,5696,tier2,
1766,5704,tier1,
1767,5705,tier2,2022-12-15
1768,5710,tier3,2023-12-08
1769,5711,tier2,2025-05-28
1770,5721,tier2,2024-01-16
1771,5723,tier1,2020-11-01
1772,5726,tier2,2026-03-03
1773,5730,tier2,2024-12-04
1774,5733,tier2,2020-05-30
1775,5736,tier2,2023-08-14
1776,5737,tier2,2022-05-27
1777,5742,tier1,2022-06-06
1778,5744,tier2,2024-04-30
1779,5751,tier2,2021-11-06
1780,5754,tier2,2025-06-05
1781,5755,tier1,2026-02-13
1782,5759,tier1,2025-04-02
1783,5767,tier1,2021-05-05
1784,5768,tier1,2024-09-28
1785,5771,tier2,2021-09-01
1786,5772,tier1,2026-04-11
1787,5776,tier1,2021-10-27
1788,5779,tier1,2022-11-22
1789,5781,tier2,2024-05-06
1790,5784,tier1,2022-01-16
1791,5787,tier1,2022-02-09
1792,5799,tier1,2026-02-05
1793,5801,tier1,2021-10-26
1794,5802,tier2,2021-01-17
1795,5809,tier3,2019-04-26
1796,5812,tier3,
1797,5814,tier2,2023-01-12
1798,5815,tier2,
1799,5819,tier1,2023-01-16
1800,5822,tier2,2019-01-19
1801,5827,tier2,2025-12-08
1802,5838,tier2,2022-10-24
1803,5843,tier2,2023-03-20
1804,5844,tier1,2024-01-20
1805,5845,tier2,2020-01-28
1806,5851,tier2,2026-03-18
1807,5852,tier2,2025-11-13
1808,5854,tier2,2021-07-17
1809,5863,tier2,2024-08-31
1810,5866,tier1,2019-02-08
1811,5867,tier1,
1812,5868,tier2,2022-10-17
1813,5869,tier2,2025-06-15
1814,5871,tier1,2020-06-18
1815,5873,tier1,2026-03-24
1816,5876,tier2,2024-02-21
1817,5877,tier3,2022-06-26
1818,5882,tier2,2023-08-05
1819,5883,tier3,2021-01-13
1820,5886,tier1,2026-02-23
1821,5887,tier2,2026-05-31
1822,5890,tier2,
1823,5891,tier1,2025-11-06
1824,5894,tier2,2019-05-29
1825,5897,tier1,
1826,5901,tier3,2020-04-21
1827,5902,tier2,2020-11-23
1828,5905,tier2,2022-11-22
1829,5907,tier2,2022-11-05
1830,5911,tier2,2023-06-12
1831,5913,tier1,
1832,5915,tier1,2025-12-11
1833,5917,tier2,2023-12-07
1834,5923,tier2,2025-10-06
1835,5924,tier2,
1836,5926,tier1,2020-07-05
1837,5927,tier2,2019-02-25
1838,5929,tier2,2019-08-23
1839,5933,tier2,2026-02-26
1840,5934,tier1,2020-03-28
1841,5937,tier3,2024-09-15
1842,5940,tier1,2021-04-06
1843,5942,tier1,2019-05-04
1844,5943,tier3,2020-03-21
1845,5948,tier1,2020-07-25
1846,5949,tier2,2019-11-04
1847,5950,tier2,2025-06-13
1848,5951,tier2,2020-01-14
1849,5954,tier1,2020-11-16
1850,5956,tier2,2023-11-07
1851,5961,tier1,2021-04-14
1852,5964,tier3,2020-09-02
1853,5965,tier2,2022-03-12
1854,5968,tier1,2022-06-14
1855,5971,tier2,2025-03-11
1856,5976,tier3,2019-08-06
1857,5977,tier2,2022-06-21
1858,5982,tier1,2025-05-05
1859,5985,tier2,2023-11-10
1860,5989,tier2,2025-05-30
1861,5991,tier1,2023-09-04
1862,5992,tier2,2024-01-05
1863,5997,tier2,2024-08-24
1864,5999,tier2,2024-11-03
1865,6002,tier1,2026-04-18
1866,6006,tier1,2020-08-21
1867,6008,tier2,
1868,6010,tier1,2020-06-20
1869,6011,tier1,2021-11-23
1870,6015,tier1,2022-04-23
1871,6016,tier2,2023-03-06
1872,6017,tier1,2026-01-31
1873,6020,tier1,2022-11-28
1874,6028,tier1,2024-05-02
1875,6031,tier1,2024-07-23
1876,6034,tier1,2024-04-12
1877,6038,tier1,2025-03-20
1878,6039,tier2,2024-10-04
1879,6040,tier2,2020-04-27
1880,6041,tier1,2019-10-07
1881,6043,tier2,2024-10-13
1882,6044,tier1,2025-11-04
1883,6051,tier3,2024-04-13
1884,6053,tier2,2023-03-15
1885,6060,tier2,2023-02-26
1886,6063,tier1,2022-05-13
1887,6066,tier1,2024-05-14
1888,6069,tier1,2019-08-02
1889,6072,tier1,2024-07-04
1890,6073,tier1,2024-01-18
1891,6074,tier2,2024-03-30
1892,6075,tier1,
1893,6083,tier1,2021-12-27
1894,6085,tier1,2023-07-13
1895,6092,tier2,2021-03-29
1896,6093,tier1,2019-10-01
1897,6096,tier2,2025-05-26
1898,6097,tier2,2020-06-03
1899,6100,tier2,2021-05-17
1900,6103,tier1,
1901,6104,tier2,2025-04-09
1902,6107,tier2,2024-09-11
1903,6112,tier1,2023-11-27
1904,6117,tier1,2020-02-10
1905,6118,tier3,2024-07-21
1906,6121,tier2,2024-10-05
1907,6123,tier1,2021-07-28
1908,6126,tier3,2022-10-22
1909,6128,tier3,2024-02-15
1910,6129,tier1,2019-04-08
1911,6132,tier3,2019-07-14
1912,6135,tier3,2026-06-05
1913,6138,tier2,2021-08-02
1914,6146,tier1,2026-05-10
1915,6162,tier1,
1916,6166,tier2,2025-01-06
1917,6167,tier3,2025-09-18
1918,6168,tier2,2024-06-28
1919,6169,tier1,2026-03-01
1920,6171,tier2,2023-09-10
1921,6172,tier1,2024-11-21
1922,6175,tier1,2025-12-06
1923,6182,tier2,2023-07-14
1924,6183,tier1,2024-01-18
1925,6184,tier1,2019-10-21
1926,6188,tier1,2022-04-14
1927,6191,tier2,2024-11-25
1928,6193,tier2,2022-11-20
1929,6194,tier1,2026-05-20
1930,6196,tier1,2022-11-02
1931,6197,tier1,
1932,6200,tier1,2024-11-30
1933,6205,tier1,2021-04-05
1934,6209,tier1,
1935,6210,tier1,2024-04-19
1936,6212,tier1,2022-08-14
1937,6213,tier1,2023-02-02
1938,6219,tier1,2025-06-04
1939,6220,tier1,2025-05-15
1940,6222,tier2,2025-02-07
1941,6224,tier1,2026-02-02
1942,6226,tier2,2020-06-02
1943,6228,tier2,2021-11-12
1944,6229,tier2,2021-12-05
1945,6233,tier2,2019-12-01
1946,6234,tier2,2023-01-11
1947,6236,tier3,2020-01-14
1948,6238,tier2,2024-11-22
1949,6241,tier1,2022-11-02
1950,6247,tier1,2021-04-24
1951,6248,tier3,2024-07-17
1952,6254,tier3,2022-03-21
1953,6258,tier2,2024-11-25
1954,6259,tier2,2019-03-28
1955,6260,tier2,
1956,6268,tier3,2019-05-20
1957,6269,tier2,2019-06-21
1958,6272,tier1,2022-11-12
1959,6273,tier1,2023-10-09
1960,6274,tier1,2021-12-26
1961,6277,tier1,2022-12-31
1962,6281,tier2,2020-12-21
1963,6282,tier2,2019-04-10
1964,6285,tier2,2022-12-24
1965,6288,tier1,2024-06-07
1966,6290,tier1,2023-05-16
1967,6293,tier1,2019-12-03
1968,6295,tier1,2019-08-19
1969,6298,tier1,2022-02-18
1970,6305,tier1,2025-06-20
1971,6306,tier1,2019-08-25
1972,6309,tier3,2025-07-01
1973,6314,tier2,2020-12-03
1974,6315,tier1,2022-01-14
1975,6316,tier1,2020-04-14
1976,6317,tier1,2026-04-23
1977,6318,tier1,2022-05-06
1978,6322,tier2,2020-04-19
1979,6324,tier1,2025-09-24
1980,6325,tier1,2019-05-09
1981,6331,tier1,2024-08-15
1982,6333,tier1,2019-03-26
1983,6337,tier2,2025-08-12
1984,6344,tier2,2019-11-02
1985,6345,tier2,2023-01-19
1986,6346,tier2,2024-06-03
1987,6349,tier2,2023-02-08
1988,6351,tier2,2019-02-14
1989,6355,tier1,2025-01-09
1990,6358,tier2,2021-11-05
1991,6359,tier1,2025-02-02
1992,6360,tier1,2022-08-21
1993,6375,tier2,2024-01-27
1994,6376,tier1,2019-02-07
1995,6378,tier1,2024-03-07
1996,6379,tier1,2022-10-22
1997,6382,tier3,2019-02-03
1998,6383,tier1,2024-05-23
1999,6386,tier2,2023-01-04
2000,6387,tier3,2020-03-27
2001,6389,tier1,2024-10-26
2002,6393,tier2,2021-09-24
2003,6394,tier1,2021-03-01
2004,6395,tier2,2026-02-02
2005,6397,tier1,2025-11-09
2006,6399,tier2,
2007,6401,tier3,2020-12-26
2008,6402,tier1,2024-12-31
2009,6403,tier2,2025-10-03
2010,6407,tier1,2019-01-13
2011,6408,tier2,2026-05-08
2012,6409,tier2,2021-06-01
2013,6412,tier1,2021-09-28
2014,6417,tier2,2022-02-22
2015,6419,tier1,2023-09-20
2016,6421,tier1,2022-12-29
2017,6422,tier3,2025-07-13
2018,6428,tier1,
2019,6434,tier2,2025-01-01
2020,6436,tier2,2023-03-12
2021,6437,tier3,2026-05-05
2022,6438,tier3,
2023,6442,tier2,2021-10-20
2024,6443,tier2,2023-02-16
2025,6445,tier1,2022-04-10
2026,6447,tier1,2023-06-11
2027,6448,tier1,2025-02-05
2028,6450,tier1,2021-12-04
2029,6452,tier3,2025-05-17
2030,6458,tier3,
2031,6460,tier2,2021-08-25
2032,6462,tier2,2023-12-06
2033,6469,tier2,2024-03-11
2034,6485,tier1,2024-02-14
2035,6488,tier1,2020-06-27
2036,6490,tier2,2020-10-12
2037,6493,tier3,2021-12-09
2038,6495,tier1,2022-05-25
2039,6496,tier1,2022-03-11
2040,6500,tier3,2022-02-14
2041,6502,tier1,2026-01-01
2042,6504,tier3,2020-03-14
2043,6509,tier2,
2044,6510,tier1,
2045,6520,tier2,2023-02-07
2046,6521,tier2,2021-11-11
2047,6525,tier1,
2048,6527,tier1,2020-07-07
2049,6531,tier1,2022-05-06
2050,6533,tier1,2021-05-06
2051,6534,tier2,2020-07-19
2052,6536,tier1,
2053,6540,tier1,2023-09-28
2054,6543,tier2,2023-11-30
2055,6547,tier2,2025-08-15
2056,6548,tier2,
2057,6549,tier1,
2058,6551,tier2,2022-06-11
2059,6555,tier3,2021-08-03
2060,6556,tier1,2021-05-20
2061,6557,tier2,2025-12-01
2062,6559,tier3,2023-01-25
2063,6563,tier1,2023-06-04
2064,6567,tier2,
2065,6570,tier1,2020-08-24
2066,6572,tier2,2021-05-15
2067,6575,tier1,2024-08-28
2068,6577,tier1,2021-01-18
2069,6581,tier1,2023-06-14
2070,6583,tier2,2021-04-14
2071,6584,tier2,2023-12-07
2072,6588,tier2,2022-12-28
2073,6590,tier2,2023-08-16
2074,6591,tier3,2024-06-28
2075,6592,tier1,2021-10-17
2076,6597,tier2,2026-04-04
2077,6598,tier3,2026-01-13
2078,6603,tier3,2024-12-20
2079,6607,tier1,2023-03-14
2080,6609,tier2,2023-05-31
2081,6610,tier1,2025-08-15
2082,6611,tier1,2020-08-12
2083,6614,tier2,2021-05-02
2084,6618,tier2,2021-12-02
2085,6621,tier2,2024-09-07
2086,6622,tier2,2020-10-21
2087,6623,tier2,2023-06-06
2088,6629,tier1,2026-05-22
2089,6634,tier2,
2090,6643,tier1,2019-03-07
2091,6646,tier1,2024-01-11
2092,6647,tier3,2025-03-15
2093,6649,tier2,2024-09-19
2094,6651,tier3,2021-10-18
2095,6652,tier2,2024-05-16
2096,6653,tier2,
2097,6655,tier1,2023-06-25
2098,6656,tier3,2020-05-08
2099,6657,tier3,2024-03-05
2100,6660,tier1,2025-04-08
2101,6668,tier1,2023-08-10
2102,6669,tier1,2023-09-17
2103,6671,tier1,2020-02-13
2104,6682,tier3,2020-03-25
2105,6683,tier2,2025-09-14
2106,6697,tier1,2024-02-04
2107,6699,tier1,2024-09-06
2108,6704,tier2,2024-11-29
2109,6711,tier2,2021-07-22
2110,6717,tier3,2023-07-18
2111,6718,tier2,2023-08-24
2112,6719,tier1,2021-01-26
2113,6722,tier2,2020-05-06
2114,6727,tier2,2021-05-01
2115,6728,tier2,2026-05-09
2116,6734,tier1,2022-10-23
2117,6736,tier3,2021-09-27
2118,6737,tier3,2021-07-09
2119,6738,tier1,2025-04-29
2120,6739,tier1,
2121,6740,tier3,2021-11-24
2122,6742,tier1,2022-01-27
2123,6744,tier1,2023-05-04
2124,6746,tier2,2019-02-02
2125,6749,tier1,
2126,6750,tier1,2022-03-03
2127,6751,tier1,2022-07-08
2128,6754,tier3,2023-09-02
2129,6759,tier1,2020-01-25
2130,6765,tier2,2019-05-12
2131,6769,tier2,
2132,6772,tier1,2022-11-04
2133,6776,tier1,
2134,6779,tier2,2025-10-03
2135,6785,tier2,2019-06-21
2136,6786,tier1,2022-06-06
2137,6787,tier2,2020-08-20
2138,6790,tier1,2023-05-19
2139,6791,tier1,2025-02-03
2140,6797,tier2,2025-12-06
2141,6801,tier3,2024-01-29
2142,6802,tier1,
2143,6809,tier1,2019-11-04
2144,6810,tier1,2023-09-29
2145,6811,tier1,2021-04-29
2146,6812,tier1,2024-08-10
2147,6818,tier1,2021-07-13
2148,6824,tier2,2020-01-21
2149,6828,tier2,
2150,6835,tier1,2021-05-06
2151,6838,tier3,2020-05-31
2152,6842,tier3,
2153,6845,tier1,2022-11-15
2154,6846,tier2,2020-06-30
2155,6849,tier2,2020-06-05
2156,6851,tier2,2025-04-19
2157,6863,tier1,2024-08-11
2158,6864,tier1,2024-02-08
2159,6869,tier1,
2160,6870,tier1,2026-02-24
2161,6874,tier1,2026-01-16
2162,6876,tier1,
2163,6880,tier1,2023-08-09
2164,6882,tier1,2025-01-10
2165,6887,tier2,
2166,6888,tier1,2024-11-08
2167,6891,tier1,2023-08-11
2168,6898,tier1,2024-06-05
2169,6899,tier1,2026-03-29
2170,6901,tier3,2024-11-22
2171,6902,tier1,2024-08-23
2172,6906,tier2,2024-10-20
2173,6913,tier1,2019-12-12
2174,6922,tier1,2019-02-07
2175,6924,tier3,2020-01-14
2176,6927,tier1,2021-06-08
2177,6928,tier1,2024-09-12
2178,6934,tier3,2024-12-04
2179,6935,tier1,2021-03-06
2180,6937,tier1,2019-03-11
2181,6939,tier1,2020-07-16
2182,6940,tier1,2020-09-02
2183,6941,tier1,2024-11-27
2184,6943,tier2,2025-06-13
2185,6946,tier2,2023-09-28
2186,6950,tier1,2025-01-26
2187,6951,tier2,2021-06-05
2188,6956,tier2,2023-12-19
2189,6957,tier2,2023-11-23
2190,6958,tier2,2024-12-30
2191,6959,tier1,2023-09-09
2192,6961,tier1,2024-03-21
2193,6967,tier1,2021-08-09
2194,6968,tier1,2021-07-24
2195,6974,tier1,2020-02-28
2196,6977,tier1,2021-04-12
2197,6978,tier2,2024-03-11
2198,6982,tier1,2020-12-26
2199,6984,tier3,2025-11-01
2200,6985,tier2,2025-10-28
2201,6988,tier2,2019-02-16
2202,6989,tier1,2025-08-28
2203,6990,tier1,2022-01-20
2204,6993,tier1,2020-03-12
2205,6994,tier2,2026-06-13
2206,6996,tier3,2026-03-01
2207,6997,tier2,
2208,6998,tier1,2020-08-28
2209,7002,tier1,2025-11-03
2210,7003,tier2,2020-12-12
2211,7004,tier1,
2212,7007,tier1,2019-03-08
2213,7010,tier3,2023-06-11
2214,7011,tier1,2026-01-04
2215,7013,tier2,2026-05-09
2216,7014,tier1,
2217,7018,tier2,2026-04-14
2218,7019,tier1,2025-11-30
2219,7020,tier2,2024-12-14
2220,7024,tier3,2020-03-15
2221,7025,tier2,2022-11-22
2222,7026,tier2,2024-05-27
2223,7036,tier2,2019-05-03
2224,7047,tier2,2019-01-19
2225,7049,tier1,2025-07-31
2226,7050,tier1,
2227,7051,tier2,2025-08-29
2228,7054,tier1,2025-05-20
2229,7060,tier1,2025-05-06
2230,7064,tier1,2020-04-01
2231,7065,tier1,2019-01-08
2232,7068,tier2,2020-12-12
2233,7070,tier1,2026-06-14
2234,7071,tier1,2026-06-17
2235,7077,tier1,2023-09-20
2236,7079,tier1,2023-09-05
2237,7087,tier2,2019-11-20
2238,7092,tier3,
2239,7095,tier2,2023-03-11
2240,7097,tier2,
2241,7099,tier2,2021-05-21
2242,7101,tier1,2021-10-12
2243,7104,tier2,2024-03-04
2244,7105,tier2,
2245,7106,tier1,2019-07-30
2246,7107,tier1,
2247,7109,tier1,2021-04-04
2248,7110,tier1,2026-06-07
2249,7111,tier3,2022-02-13
2250,7112,tier2,2021-09-28
2251,7117,tier2,2020-05-05
2252,7119,tier1,2026-06-19
2253,7130,tier3,2020-12-20
2254,7132,tier2,2019-05-13
2255,7134,tier2,2019-02-28
2256,7142,tier2,2019-09-16
2257,7146,tier2,2024-02-17
2258,7147,tier2,2026-05-18
2259,7151,tier2,2022-11-19
2260,7152,tier1,2025-01-06
2261,7156,tier2,2025-10-14
2262,7157,tier1,2025-10-08
2263,7159,tier1,2021-12-08
2264,7162,tier1,2019-07-31
2265,7165,tier2,2023-06-17
2266,7166,tier2,2025-11-02
2267,7169,tier1,2026-03-05
2268,7171,tier1,2023-12-10
2269,7172,tier3,2024-11-06
2270,7177,tier1,2019-03-19
2271,7181,tier2,2020-02-09
2272,7183,tier2,2025-03-28
2273,7185,tier1,2021-07-30
2274,7196,tier2,2022-01-20
2275,7200,tier2,2022-01-24
2276,7203,tier2,2026-06-25
2277,7208,tier1,2019-12-01
2278,7209,tier3,2020-07-15
2279,7213,tier2,2024-10-03
2280,7218,tier2,2023-12-03
2281,7219,tier3,2022-08-13
2282,7221,tier1,2026-02-26
2283,7226,tier2,2020-12-27
2284,7229,tier1,2024-05-29
2285,7231,tier1,2020-12-04
2286,7234,tier2,
2287,7235,tier3,2026-06-23
2288,7236,tier2,
2289,7237,tier2,2025-10-15
2290,7246,tier1,2024-07-15
2291,7254,tier3,2021-06-29
2292,7257,tier1,2023-02-14
2293,7259,tier3,2019-11-14
2294,7280,tier1,2020-07-25
2295,7291,tier1,
2296,7298,tier1,2019-11-07
2297,7299,tier2,2023-10-26
2298,7303,tier1,2020-06-28
2299,7304,tier3,2024-05-30
2300,7309,tier1,
2301,7313,tier1,2025-08-29
2302,7314,tier1,2026-01-04
2303,7315,tier2,2025-07-12
2304,7317,tier1,2023-06-14
2305,7325,tier2,2022-03-03
2306,7327,tier2,2025-11-25
2307,7330,tier2,2025-07-31
2308,7332,tier1,2020-12-16
2309,7333,tier2,2024-05-02
2310,7334,tier2,2025-01-25
2311,7336,tier1,2020-12-27
2312,7337,tier1,2024-02-28
2313,7339,tier3,2026-01-27
2314,7343,tier1,2019-04-08
2315,7348,tier1,2022-12-30
2316,7353,tier1,2020-08-26
2317,7357,tier1,2025-10-05
2318,7365,tier1,2020-10-28
2319,7374,tier1,2025-11-06
2320,7377,tier2,2020-02-22
2321,7380,tier1,2023-09-26
2322,7382,tier1,2026-06-04
2323,7383,tier2,2026-04-10
2324,7388,tier2,2022-05-12
2325,7390,tier1,2023-07-27
2326,7391,tier1,2024-12-11
2327,7395,tier2,2026-01-27
2328,7399,tier2,
2329,7400,tier2,2019-12-02
2330,7406,tier3,2020-10-02
2331,7407,tier1,2024-08-17
2332,7410,tier1,2023-06-19
2333,7416,tier2,2025-11-26
2334,7422,tier2,2025-12-18
2335,7426,tier1,2022-02-11
2336,7427,tier1,2022-01-31
2337,7428,tier3,2019-01-29
2338,7431,tier1,
2339,7433,tier1,2022-12-28
2340,7434,tier1,2019-08-13
2341,7436,tier2,2019-10-23
2342,7439,tier2,2020-02-25
2343,7442,tier3,2022-03-07
2344,7450,tier1,2019-03-18
2345,7453,tier2,
2346,7457,tier1,2024-01-03
2347,7460,tier3,2024-06-28
2348,7465,tier3,2025-11-20
2349,7468,tier1,
2350,7470,tier3,2025-03-24
2351,7475,tier1,2020-09-24
2352,7480,tier2,2023-09-17
2353,7482,tier2,2023-11-09
2354,7483,tier1,2019-03-13
2355,7486,tier2,2022-07-16
2356,7487,tier1,2025-10-10
2357,7488,tier1,
2358,7503,tier1,2022-03-24
2359,7504,tier3,
2360,7511,tier2,2025-03-08
2361,7515,tier2,2024-07-31
2362,7516,tier1,2023-11-03
2363,7520,tier1,2024-09-19
2364,7521,tier2,2026-02-25
2365,7522,tier1,2019-08-27
2366,7525,tier1,2021-11-16
2367,7526,tier3,2023-05-01
2368,7529,tier1,2023-02-21
2369,7533,tier1,2025-06-02
2370,7534,tier1,2020-04-03
2371,7536,tier1,2020-10-23
2372,7541,tier2,2020-12-05
2373,7542,tier1,2026-04-30
2374,7545,tier1,2024-11-30
2375,7547,tier2,2025-07-23
2376,7550,tier2,2023-07-26
2377,7554,tier1,
2378,7558,tier3,2021-12-04
2379,7559,tier1,2021-10-14
2380,7560,tier2,
2381,7580,tier1,2022-03-13
2382,7582,tier1,2023-03-25
2383,7584,tier2,2023-06-15
2384,7585,tier1,2025-07-26
2385,7586,tier2,2020-03-25
2386,7587,tier2,2025-04-19
2387,7590,tier1,
2388,7592,tier2,2019-10-29
2389,7597,tier1,2022-09-11
2390,7611,tier1,2023-01-02
2391,7612,tier1,2024-04-21
2392,7614,tier1,
2393,7619,tier2,2024-08-27
2394,7621,tier1,2025-06-05
2395,7622,tier1,
2396,7627,tier1,2019-12-02
2397,7629,tier2,2024-11-07
2398,7630,tier2,2023-03-11
2399,7633,tier2,2021-05-09
2400,7638,tier2,2019-09-16
2401,7642,tier1,2019-01-31
2402,7646,tier2,2021-09-24
2403,7648,tier3,2020-07-05
2404,7650,tier1,2021-09-20
2405,7655,tier2,2022-09-25
2406,7657,tier1,2019-12-07
2407,7658,tier2,2021-09-14
2408,7659,tier1,2019-03-24
2409,7663,tier1,2020-10-19
2410,7664,tier1,2023-05-11
2411,7666,tier2,2023-02-23
2412,7668,tier2,2019-01-12
2413,7671,tier3,2019-12-28
2414,7681,tier3,2024-09-07
2415,7684,tier1,2020-11-14
2416,7688,tier3,2022-06-12
2417,7690,tier2,2025-01-20
2418,7692,tier1,2023-12-15
2419,7695,tier1,2020-11-26
2420,7702,tier2,2024-03-22
2421,7706,tier1,2021-11-06
2422,7709,tier1,2024-01-08
2423,7714,tier1,2022-03-18
2424,7715,tier2,2023-11-18
2425,7718,tier3,2025-09-18
2426,7722,tier2,2023-05-22
2427,7723,tier1,2020-11-19
2428,7727,tier1,2019-07-26
2429,7731,tier1,2022-02-20
2430,7732,tier1,2020-01-15
2431,7736,tier1,2020-09-27
2432,7747,tier3,
2433,7749,tier2,
2434,7751,tier2,2026-02-02
2435,7752,tier1,2023-03-17
2436,7759,tier3,2022-10-06
2437,7760,tier2,2021-11-24
2438,7761,tier3,2019-04-10
2439,7763,tier1,2024-01-04
2440,7764,tier1,
2441,7771,tier2,2021-06-26
2442,7772,tier1,2024-03-19
2443,7774,tier1,2020-05-16
2444,7775,tier1,
2445,7776,tier2,2023-04-18
2446,7778,tier3,2021-04-06
2447,7782,tier1,2021-05-06
2448,7783,tier1,2023-11-16
2449,7785,tier1,2025-01-03
2450,7796,tier2,2024-10-03
2451,7797,tier1,2025-01-28
2452,7798,tier1,2020-07-08
2453,7802,tier1,2024-06-24
2454,7805,tier1,2019-03-17
2455,7807,tier3,
2456,7809,tier1,2023-10-17
2457,7810,tier1,2019-04-18
2458,7818,tier1,2023-11-01
2459,7821,tier2,2026-04-03
2460,7822,tier3,2025-12-28
2461,7825,tier2,2022-08-18
2462,7827,tier2,2024-06-27
2463,7828,tier2,2024-03-18
2464,7830,tier2,2024-02-04
2465,7831,tier2,2022-07-08
2466,7835,tier1,2019-03-08
2467,7837,tier3,2023-08-14
2468,7838,tier2,2023-04-29
2469,7839,tier3,
2470,7845,tier2,2024-12-16
2471,7846,tier1,
2472,7848,tier2,2024-07-17
2473,7849,tier2,2021-03-24
2474,7850,tier1,2025-07-02
2475,7853,tier2,2026-01-23
2476,7854,tier2,2021-10-07
2477,7857,tier1,2024-08-29
2478,7858,tier2,
2479,7861,tier3,2021-04-24
2480,7862,tier2,2025-11-28
2481,7863,tier1,2024-01-02
2482,7864,tier1,2026-01-08
2483,7866,tier2,2019-09-06
2484,7867,tier1,2020-01-21
2485,7872,tier2,2023-01-06
2486,7873,tier2,2023-12-27
2487,7876,tier1,2021-11-10
2488,7883,tier2,2025-01-15
2489,7898,tier2,2025-12-15
2490,7905,tier1,2025-09-21
2491,7906,tier2,2022-03-03
2492,7907,tier1,2020-11-30
2493,7910,tier1,2021-04-14
2494,7913,tier1,2023-08-18
2495,7917,tier1,2021-01-11
2496,7923,tier3,2019-02-16
2497,7924,tier2,2020-09-19
2498,7925,tier1,2022-01-12
2499,7930,tier2,2025-03-12
2500,7932,tier1,2022-12-10
2501,7936,tier2,2021-03-07
2502,7938,tier2,2020-10-25
2503,7944,tier2,2025-02-09
2504,7947,tier1,2024-03-20
2505,7950,tier1,2020-07-29
2506,7951,tier1,2019-06-05
2507,7953,tier1,2025-08-22
2508,7956,tier1,
2509,7958,tier1,
2510,7960,tier3,2021-11-23
2511,7966,tier1,2023-11-11
2512,7968,tier3,2024-09-30
2513,7969,tier1,2023-07-23
2514,7984,tier2,2023-07-22
2515,7990,tier1,2023-11-05
2516,7998,tier1,
2517,8000,tier2,2020-12-07
2518,8001,tier1,2022-11-02
2519,8004,tier1,2022-02-26
2520,8006,tier3,2020-12-12
2521,8009,tier1,2026-06-05
2522,8011,tier2,
2523,8017,tier1,2020-06-17
2524,8020,tier2,2025-05-13
2525,8023,tier3,2022-07-26
2526,8024,tier1,2023-06-30
2527,8025,tier1,
2528,8026,tier1,2021-05-04
2529,8028,tier2,2022-10-31
2530,8029,tier1,2019-03-10
2531,8030,tier1,2024-02-04
2532,8032,tier1,2019-11-26
2533,8038,tier2,2020-02-15
2534,8041,tier1,2019-11-13
2535,8044,tier2,2021-03-04
2536,8053,tier1,2023-11-19
2537,8054,tier2,
2538,8055,tier3,2021-09-15
2539,8060,tier2,2025-05-01
2540,8063,tier2,2022-05-29
2541,8064,tier1,2025-02-14
2542,8065,tier2,2019-08-18
2543,8066,tier2,2025-09-26
2544,8071,tier1,2021-02-21
2545,8081,tier3,2019-05-10
2546,8090,tier2,2019-07-28
2547,8091,tier2,2023-11-14
2548,8095,tier3,2024-02-21
2549,8103,tier1,2024-11-02
2550,8109,tier2,
2551,8112,tier2,2025-02-10
2552,8116,tier1,2024-01-31
2553,8122,tier1,2022-04-18
2554,8123,tier2,2025-03-07
2555,8124,tier1,2020-01-27
2556,8125,tier3,2021-11-28
2557,8128,tier1,2019-06-24
2558,8129,tier1,2025-09-25
2559,8134,tier1,2026-04-24
2560,8137,tier2,2022-09-29
2561,8139,tier1,2020-08-30
2562,8143,tier1,2026-03-13
2563,8144,tier3,2022-10-28
2564,8145,tier1,
2565,8150,tier3,
2566,8153,tier1,2023-05-20
2567,8154,tier2,2024-02-10
2568,8156,tier2,2022-12-14
2569,8157,tier3,2025-04-16
2570,8162,tier1,2020-04-27
2571,8164,tier3,2024-04-23
2572,8165,tier2,2023-06-18
2573,8170,tier2,2019-11-01
2574,8171,tier1,2023-12-01
2575,8176,tier2,2022-06-22
2576,8177,tier2,2021-03-03
2577,8180,tier2,2022-09-07
2578,8181,tier1,2024-06-14
2579,8183,tier1,2021-10-23
2580,8184,tier2,
2581,8189,tier2,2020-01-19
2582,8190,tier2,2022-04-15
2583,8191,tier1,2021-06-27
2584,8192,tier2,2020-06-30
2585,8198,tier1,2020-07-01
2586,8200,tier3,2023-10-01
2587,8201,tier1,2025-07-14
2588,8203,tier1,
2589,8204,tier1,2019-02-04
2590,8206,tier1,2019-03-14
2591,8209,tier2,
2592,8210,tier1,
2593,8213,tier1,2025-01-12
2594,8215,tier1,2025-05-18
2595,8217,tier2,2022-09-29
2596,8223,tier1,
2597,8226,tier2,2025-09-21
2598,8227,tier1,2023-11-17
2599,8228,tier2,2022-07-21
2600,8229,tier2,2019-11-24
2601,8232,tier1,
2602,8233,tier2,2022-10-24
2603,8239,tier2,2023-01-05
2604,8243,tier2,2019-05-18
2605,8244,tier2,2020-12-07
2606,8245,tier3,2026-02-04
2607,8249,tier2,2019-01-15
2608,8251,tier2,2023-03-24
2609,8253,tier1,
2610,8254,tier2,2025-02-09
2611,8255,tier2,2019-05-01
2612,8260,tier1,2024-01-29
2613,8262,tier1,2025-08-18
2614,8266,tier3,2019-06-16
2615,8267,tier2,2026-03-04
2616,8272,tier3,2026-02-18
2617,8275,tier2,2025-10-17
2618,8276,tier2,2024-02-13
2619,8280,tier1,2021-10-05
2620,8286,tier3,2021-07-23
2621,8288,tier1,2021-06-04
2622,8290,tier2,2019-12-06
2623,8294,tier2,2024-01-19
2624,8297,tier1,2023-12-05
2625,8301,tier1,2020-08-23
2626,8304,tier1,2023-05-29
2627,8308,tier3,2025-06-16
2628,8311,tier3,2020-03-13
2629,8317,tier1,2023-12-05
2630,8320,tier2,2023-11-23
2631,8328,tier3,
2632,8329,tier2,
2633,8330,tier1,
2634,8332,tier1,2020-05-30
2635,8333,tier2,2020-11-26
2636,8335,tier2,2020-12-15
2637,8346,tier2,2019-12-24
2638,8355,tier1,
2639,8356,tier2,2023-01-18
2640,8360,tier3,2023-12-17
2641,8366,tier2,2025-09-19
2642,8370,tier1,2022-03-11
2643,8374,tier1,2021-06-25
2644,8379,tier1,2026-01-18
2645,8380,tier2,2022-12-11
2646,8383,tier1,2022-08-30
2647,8384,tier3,
2648,8385,tier1,2023-12-29
2649,8387,tier2,2020-12-04
2650,8389,tier3,2020-01-31
2651,8391,tier2,2023-10-06
2652,8395,tier1,2024-12-20
2653,8404,tier1,2024-09-01
2654,8407,tier3,2023-05-05
2655,8409,tier2,2019-12-14
2656,8411,tier1,2025-11-04
2657,8412,tier1,2023-10-05
2658,8413,tier2,2019-09-17
2659,8414,tier1,2022-06-15
2660,8418,tier1,2019-08-06
2661,8420,tier2,2021-06-18
2662,8430,tier1,2021-04-13
2663,8432,tier1,2021-10-09
2664,8440,tier1,
2665,8443,tier1,2024-06-20
2666,8447,tier3,2021-10-21
2667,8458,tier1,2022-01-24
2668,8460,tier2,2023-11-25
2669,8468,tier1,2021-03-21
2670,8469,tier1,2023-05-29
2671,8472,tier2,2026-03-06
2672,8476,tier1,2020-03-24
2673,8483,tier2,2024-07-14
2674,8484,tier2,2019-06-01
2675,8489,tier2,2025-09-01
2676,8491,tier3,2022-06-19
2677,8494,tier1,2024-08-22
2678,8495,tier1,2021-05-14
2679,8497,tier1,2023-10-18
2680,8498,tier3,2024-11-13
2681,8501,tier2,2025-11-16
2682,8504,tier1,2026-02-10
2683,8505,tier2,2020-11-16
2684,8510,tier2,2024-04-30
2685,8511,tier1,2025-11-23
2686,8515,tier1,2023-04-08
2687,8537,tier1,2026-04-04
2688,8543,tier1,2021-02-21
2689,8544,tier2,2021-11-13
2690,8554,tier1,2019-10-20
2691,8555,tier1,2019-12-28
2692,8561,tier2,2020-01-19
2693,8562,tier2,2019-01-03
2694,8566,tier2,2020-09-01
2695,8568,tier2,2020-02-01
2696,8575,tier2,2022-08-07
2697,8576,tier3,2020-05-22
2698,8580,tier1,2020-02-15
2699,8581,tier1,2021-06-04
2700,8585,tier1,2019-03-28
2701,8590,tier1,2023-05-20
2702,8592,tier1,2021-08-10
2703,8598,tier1,2020-05-24
2704,8600,tier1,2021-04-05
2705,8601,tier3,2020-12-12
2706,8606,tier2,2024-02-24
2707,8610,tier1,2022-07-14
2708,8614,tier2,2023-06-23
2709,8615,tier3,2025-02-27
2710,8619,tier2,2019-02-08
2711,8620,tier1,2019-05-03
2712,8622,tier1,2019-07-29
2713,8623,tier3,
2714,8624,tier3,2022-11-10
2715,8626,tier3,2023-09-17
2716,8629,tier2,2020-07-26
2717,8641,tier2,2020-03-02
2718,8643,tier1,2022-10-01
2719,8644,tier1,2021-10-13
2720,8647,tier2,2022-06-17
2721,8652,tier3,2025-02-11
2722,8655,tier1,
2723,8658,tier3,2021-06-10
2724,8659,tier2,2022-03-04
2725,8660,tier1,2024-05-31
2726,8664,tier1,2025-01-05
2727,8665,tier1,2020-04-16
2728,8668,tier1,2021-10-30
2729,8669,tier1,2025-04-22
2730,8670,tier2,2019-04-05
2731,8672,tier1,2019-07-13
2732,8674,tier2,2019-03-04
2733,8676,tier1,2022-06-05
2734,8679,tier1,2021-06-15
2735,8682,tier1,2025-05-26
2736,8686,tier1,2025-01-02
2737,8687,tier2,2021-07-24
2738,8690,tier1,2024-12-16
2739,8692,tier3,2025-10-08
2740,8697,tier2,2026-01-02
2741,8702,tier2,2020-10-28
2742,8706,tier1,2023-04-29
2743,8710,tier2,2026-04-25
2744,8714,tier1,2020-11-25
2745,8721,tier3,2021-11-01
2746,8727,tier1,2022-11-18
2747,8731,tier2,2020-12-16
2748,8732,tier1,2022-09-24
2749,8735,tier1,2023-11-03
2750,8737,tier2,2019-11-15
2751,8742,tier3,2019-09-14
2752,8743,tier2,2019-12-03
2753,8745,tier3,2021-08-02
2754,8755,tier2,2021-12-19
2755,8756,tier3,2019-02-18
2756,8757,tier2,2020-02-20
2757,8758,tier3,
2758,8759,tier1,2020-08-10
2759,8760,tier1,2025-07-09
2760,8761,tier1,2023-12-07
2761,8764,tier1,2022-05-13
2762,8772,tier1,2024-10-03
2763,8776,tier1,2020-11-11
2764,8778,tier2,2022-03-04
2765,8785,tier1,2021-02-26
2766,8791,tier1,2023-08-27
2767,8792,tier2,
2768,8793,tier3,2023-09-26
2769,8794,tier3,2024-12-01
2770,8796,tier3,2025-08-24
2771,8797,tier3,2019-05-16
2772,8803,tier1,2019-01-07
2773,8805,tier2,2020-09-09
2774,8811,tier2,2019-03-18
2775,8813,tier3,2020-10-16
2776,8814,tier2,2026-04-08
2777,8815,tier3,2025-10-14
2778,8817,tier2,2020-11-16
2779,8819,tier1,2025-04-11
2780,8822,tier1,2021-06-04
2781,8823,tier1,2020-09-06
2782,8827,tier3,2022-05-06
2783,8828,tier2,2022-12-20
2784,8830,tier2,2022-11-18
2785,8832,tier1,2022-03-12
2786,8836,tier1,2024-11-15
2787,8840,tier2,2025-01-10
2788,8842,tier2,2020-10-19
2789,8843,tier2,2023-11-16
2790,8845,tier2,2021-04-20
2791,8846,tier2,2021-09-02
2792,8852,tier1,2019-01-22
2793,8854,tier1,2022-05-30
2794,8855,tier2,2025-09-25
2795,8859,tier1,2023-04-28
2796,8860,tier1,2025-05-05
2797,8865,tier1,2025-06-01
2798,8866,tier1,2026-03-08
2799,8867,tier2,2019-06-12
2800,8875,tier1,2024-12-12
2801,8878,tier2,2021-09-08
2802,8879,tier2,2022-04-10
2803,8882,tier2,2024-03-13
2804,8884,tier3,2022-12-08
2805,8886,tier1,2026-02-10
2806,8888,tier2,2026-05-28
2807,8892,tier2,2024-10-16
2808,8895,tier2,2023-03-18
2809,8896,tier1,2024-06-19
2810,8897,tier2,2022-02-19
2811,8903,tier1,2025-02-25
2812,8904,tier2,2019-03-03
2813,8908,tier3,2026-03-08
2814,8910,tier1,2019-02-28
2815,8911,tier1,2019-03-24
2816,8913,tier1,2025-05-25
2817,8914,tier1,2022-08-25
2818,8916,tier1,2019-04-04
2819,8923,tier1,2023-07-18
2820,8927,tier1,
2821,8930,tier2,
2822,8937,tier3,2024-11-04
2823,8947,tier1,2025-04-02
2824,8949,tier1,2023-06-10
2825,8951,tier2,2020-04-24
2826,8952,tier3,2023-09-27
2827,8955,tier2,2020-07-10
2828,8957,tier2,2022-02-24
2829,8959,tier2,2026-05-21
2830,8964,tier1,2019-08-04
2831,8967,tier1,2020-11-16
2832,8968,tier3,2020-11-28
2833,8973,tier2,2019-02-21
2834,8976,tier2,2020-03-20
2835,8979,tier2,2019-04-14
2836,8980,tier2,2023-08-09
2837,8983,tier1,2021-05-16
2838,8985,tier1,2021-05-30
2839,8987,tier1,2021-03-29
2840,8992,tier2,2021-01-09
2841,8993,tier1,
2842,9010,tier1,2024-02-08
2843,9014,tier1,
2844,9016,tier1,
2845,9019,tier2,2023-01-02
2846,9020,tier1,2019-10-08
2847,9025,tier2,2021-02-10
2848,9032,tier2,2025-01-30
2849,9034,tier2,2021-10-13
2850,9035,tier1,2023-05-02
2851,9037,tier2,2023-05-06
2852,9039,tier3,2023-07-10
2853,9040,tier2,2025-04-16
2854,9042,tier2,2023-08-07
2855,9045,tier2,2024-12-04
2856,9047,tier2,2021-01-17
2857,9052,tier1,2021-07-26
2858,9054,tier1,2021-05-13
2859,9062,tier1,2021-04-29
2860,9065,tier2,2020-11-02
2861,9073,tier2,2021-09-28
2862,9074,tier1,2024-03-08
2863,9076,tier2,2022-02-18
2864,9080,tier2,2024-02-08
2865,9087,tier3,2022-07-01
2866,9088,tier2,
2867,9092,tier2,2020-01-24
2868,9100,tier1,2020-05-16
2869,9108,tier2,2022-01-19
2870,9109,tier3,2019-11-30
2871,9111,tier3,
2872,9112,tier1,2021-06-12
2873,9115,tier2,2022-09-12
2874,9119,tier1,2020-03-24
2875,9120,tier2,2020-01-11
2876,9121,tier2,2020-01-25
2877,9122,tier3,2020-06-07
2878,9124,tier3,2025-11-09
2879,9129,tier2,2020-06-03
2880,9133,tier1,2025-03-20
2881,9135,tier1,2024-07-25
2882,9136,tier2,2026-03-02
2883,9141,tier2,2023-10-04
2884,9144,tier1,2025-05-06
2885,9145,tier1,2023-05-07
2886,9148,tier3,
2887,9149,tier1,2022-10-21
2888,9151,tier3,2021-05-11
2889,9153,tier1,2024-07-28
2890,9156,tier1,2020-09-08
2891,9157,tier2,2021-05-26
2892,9159,tier1,2021-09-28
2893,9161,tier1,2022-02-02
2894,9162,tier2,2019-12-15
2895,9169,tier3,2023-10-25
2896,9182,tier2,2019-07-02
2897,9186,tier1,2025-09-25
2898,9189,tier2,2021-05-03
2899,9193,tier2,2023-12-29
2900,9194,tier1,2022-01-18
2901,9196,tier2,2019-01-11
2902,9197,tier2,2024-10-06
2903,9202,tier1,2019-11-23
2904,9204,tier2,2025-02-05
2905,9206,tier3,2023-12-09
2906,9207,tier1,2021-01-28
2907,9209,tier1,2024-09-20
2908,9215,tier2,2023-06-07
2909,9222,tier1,2024-03-30
2910,9235,tier1,2024-06-25
2911,9239,tier1,2023-06-06
2912,9242,tier1,2022-03-29
2913,9254,tier3,2022-07-22
2914,9258,tier1,2025-03-21
2915,9260,tier2,2023-07-16
2916,9262,tier3,2023-09-11
2917,9266,tier2,2024-10-27
2918,9269,tier1,2019-11-17
2919,9270,tier1,2021-05-08
2920,9272,tier2,2026-01-21
2921,9276,tier3,2022-02-21
2922,9278,tier1,2025-10-06
2923,9280,tier1,2025-11-10
2924,9281,tier1,2025-04-11
2925,9283,tier1,2024-08-23
2926,9292,tier2,2026-02-16
2927,9294,tier2,2023-08-25
2928,9295,tier2,2021-10-18
2929,9299,tier1,2024-01-29
2930,9301,tier2,2020-02-13
2931,9306,tier2,2021-05-25
2932,9310,tier3,2024-08-18
2933,9312,tier1,2020-03-16
2934,9316,tier3,2026-06-10
2935,9317,tier2,2019-12-13
2936,9320,tier1,2022-03-05
2937,9322,tier1,2022-01-15
2938,9323,tier1,2024-08-21
2939,9330,tier2,2019-07-10
2940,9333,tier2,2023-10-25
2941,9337,tier1,2023-04-08
2942,9341,tier1,2020-09-15
2943,9343,tier1,2020-04-07
2944,9344,tier1,2023-09-22
2945,9347,tier2,2022-08-24
2946,9354,tier2,2023-12-27
2947,9361,tier2,2022-07-23
2948,9365,tier1,2022-07-11
2949,9369,tier1,2023-11-19
2950,9370,tier2,2023-04-09
2951,9372,tier2,2022-03-07
2952,9374,tier1,2025-06-04
2953,9378,tier2,2020-07-01
2954,9380,tier3,2019-09-23
2955,9382,tier3,2023-10-13
2956,9385,tier1,2020-03-11
2957,9386,tier2,2024-09-06
2958,9389,tier2,2020-05-18
2959,9391,tier2,2020-07-18
2960,9400,tier2,2019-04-04
2961,9402,tier1,2022-09-03
2962,9403,tier3,2024-01-12
2963,9409,tier3,2023-11-14
2964,9418,tier1,2023-02-13
2965,9421,tier1,2019-12-02
2966,9423,tier2,2020-01-24
2967,9424,tier2,
2968,9426,tier2,2023-04-03
2969,9430,tier3,2024-02-13
2970,9438,tier2,2022-10-21
2971,9441,tier1,2024-04-06
2972,9445,tier1,
2973,9446,tier1,2025-04-22
2974,9447,tier2,2026-05-31
2975,9453,tier1,2023-07-06
2976,9455,tier2,2026-01-04
2977,9461,tier1,2024-11-03
2978,9464,tier1,2020-03-07
2979,9465,tier1,2024-04-26
2980,9468,tier1,2020-10-30
2981,9472,tier1,2021-10-16
2982,9474,tier3,2026-01-10
2983,9476,tier2,2026-02-06
2984,9478,tier1,2026-01-09
2985,9480,tier1,2023-08-27
2986,9482,tier2,2019-09-30
2987,9483,tier2,2020-04-18
2988,9486,tier2,2025-01-19
2989,9496,tier3,2022-09-05
2990,9506,tier1,2025-09-04
2991,9507,tier3,2022-04-26
2992,9510,tier1,2026-04-22
2993,9511,tier2,2023-06-30
2994,9513,tier1,2026-03-09
2995,9521,tier1,2025-11-09
2996,9522,tier1,2025-10-17
2997,9523,tier2,2022-10-01
2998,9524,tier1,2022-12-23
2999,9525,tier1,
3000,9528,tier2,2019-05-20
3001,9530,tier1,2025-07-30
3002,9533,tier1,2024-07-18
3003,9534,tier3,2025-07-21
3004,9535,tier2,2026-06-04
3005,9536,tier2,2023-01-08
3006,9540,tier2,2025-01-21
3007,9546,tier2,2023-12-01
3008,9549,tier2,2024-07-11
3009,9553,tier1,2021-08-10
3010,9555,tier1,2019-02-23
3011,9565,tier2,2019-01-30
3012,9567,tier1,2022-10-02
3013,9568,tier2,2019-12-04
3014,9579,tier1,2019-09-27
3015,9580,tier1,2019-02-25
3016,9584,tier2,2025-02-24
3017,9585,tier1,2022-09-03
3018,9588,tier2,2020-02-11
3019,9590,tier2,2021-11-16
3020,9594,tier1,2021-06-24
3021,9602,tier2,2024-12-23
3022,9606,tier3,2020-11-29
3023,9607,tier1,2026-06-20
3024,9609,tier1,2024-04-03
3025,9610,tier1,2024-06-22
3026,9611,tier2,2020-12-31
3027,9612,tier3,2019-05-23
3028,9613,tier2,2024-02-21
3029,9616,tier2,2025-11-16
3030,9618,tier2,2024-07-10
3031,9621,tier3,2021-08-25
3032,9623,tier1,2026-01-18
3033,9627,tier1,2023-09-10
3034,9632,tier1,2022-02-03
3035,9634,tier3,2026-01-22
3036,9642,tier1,2025-08-02
3037,9644,tier1,2025-04-30
3038,9645,tier1,2024-12-12
3039,9649,tier1,2020-12-21
3040,9653,tier2,2019-06-12
3041,9657,tier1,2025-03-19
3042,9661,tier1,2021-04-23
3043,9664,tier3,2026-01-26
3044,9665,tier2,2021-07-17
3045,9666,tier1,
3046,9670,tier2,2021-08-15
3047,9672,tier1,2019-06-25
3048,9675,tier1,2022-12-29
3049,9680,tier1,2022-01-07
3050,9684,tier1,2025-09-25
3051,9686,tier2,2022-11-22
3052,9689,tier1,2021-08-27
3053,9693,tier2,2022-04-07
3054,9696,tier2,2019-01-09
3055,9699,tier2,
3056,9703,tier2,2024-10-17
3057,9705,tier2,2022-01-22
3058,9706,tier1,2024-01-19
3059,9713,tier3,2026-05-06
3060,9719,tier2,2022-05-15
3061,9722,tier2,2021-03-21
3062,9724,tier1,2022-11-19
3063,9725,tier1,2020-12-02
3064,9728,tier2,2021-12-26
3065,9729,tier3,2023-12-31
3066,9730,tier1,2026-05-08
3067,9731,tier3,2025-07-13
3068,9737,tier3,2019-09-12
3069,9745,tier3,2022-08-04
3070,9746,tier3,2019-07-17
3071,9747,tier1,2022-11-15
3072,9750,tier2,
3073,9751,tier2,2021-12-27
3074,9758,tier2,2020-11-20
3075,9761,tier2,2025-04-03
3076,9764,tier2,2025-05-24
3077,9765,tier3,2022-11-09
3078,9769,tier1,
3079,9770,tier2,2021-04-11
3080,9773,tier1,2022-02-21
3081,9776,tier1,2021-12-15
3082,9786,tier1,2021-02-09
3083,9791,tier2,2024-12-15
3084,9794,tier1,
3085,9795,tier1,2025-05-20
3086,9796,tier2,2022-09-26
3087,9798,tier1,2026-06-16
3088,9799,tier1,2020-01-24
3089,9803,tier3,2020-05-07
3090,9805,tier3,2022-09-16
3091,9810,tier1,2026-03-19
3092,9811,tier2,2020-11-16
3093,9814,tier3,2023-12-29
3094,9817,tier1,2022-07-06
3095,9819,tier1,2020-07-01
3096,9821,tier3,2024-12-30
3097,9824,tier1,2022-05-02
3098,9828,tier1,2019-02-17
3099,9829,tier1,2022-05-28
3100,9830,tier1,2021-12-10
3101,9836,tier1,2024-08-26
3102,9838,tier3,
3103,9840,tier2,2020-05-30
3104,9843,tier1,
3105,9852,tier2,2024-11-28
3106,9854,tier1,2020-06-05
3107,9857,tier3,2019-08-06
3108,9859,tier2,2022-08-29
3109,9862,tier1,2025-02-17
3110,9866,tier2,2022-08-10
3111,9870,tier1,
3112,9873,tier1,2024-08-24
3113,9875,tier1,2025-08-03
3114,9891,tier2,2019-08-16
3115,9892,tier3,2025-10-14
3116,9893,tier1,2023-02-23
3117,9894,tier2,
3118,9895,tier1,
3119,9898,tier1,2023-04-17
3120,9902,tier2,2025-01-01
3121,9904,tier1,2019-05-30
3122,9910,tier1,2021-02-14
3123,9914,tier2,2019-03-09
3124,9915,tier1,2022-12-19
3125,9920,tier2,2023-12-16
3126,9927,tier1,2026-03-22
3127,9928,tier1,2025-05-24
3128,9929,tier1,
3129,9932,tier1,2021-03-05
3130,9937,tier1,2023-11-28
3131,9940,tier2,2021-04-09
3132,9947,tier2,2023-12-01
3133,9948,tier2,2025-03-11
3134,9954,tier1,2024-05-14
3135,9964,tier1,2026-04-27
3136,9967,tier3,2020-07-15
3137,9968,tier1,2022-04-25
3138,9973,tier1,2020-07-03
3139,9974,tier1,2025-10-11
3140,9984,tier2,2022-08-02
3141,9988,tier1,2021-12-25
3142,9990,tier1,2019-02-27
3143,9991,tier1,2024-09-14
3144,9998,tier2,2025-01-18
3145,9999,tier2,2023-10-23
3146,10003,tier2,2020-12-22
3147,10008,tier3,2022-02-14
3148,10009,tier3,2024-01-15
3149,10014,tier2,2021-04-09
3150,10026,tier1,2019-05-19
3151,10033,tier3,2025-08-07
3152,10034,tier1,2023-07-30
3153,10042,tier1,
3154,10045,tier3,2021-04-17
3155,10050,tier3,
3156,10052,tier1,
3157,10053,tier3,2020-02-21
3158,10066,tier1,2021-04-16
3159,10069,tier2,2022-10-06
3160,10078,tier1,2024-03-18
3161,10081,tier2,2023-11-03
3162,10083,tier1,2025-06-28
3163,10085,tier1,2022-05-05
3164,10086,tier2,2019-01-27
3165,10089,tier2,2020-03-31
3166,10091,tier1,
3167,10093,tier1,2025-05-01
3168,10102,tier1,2021-05-29
3169,10103,tier3,2022-10-17
3170,10106,tier1,2019-12-05
3171,10108,tier1,
3172,10109,tier1,2025-11-03
3173,10110,tier1,2021-11-26
3174,10113,tier1,2019-08-19
3175,10117,tier2,2020-01-31
3176,10122,tier2,2025-05-31
3177,10123,tier1,2023-03-17
3178,10127,tier3,
3179,10133,tier2,2020-04-30
3180,10135,tier2,2019-12-31
3181,10137,tier3,2021-10-12
3182,10138,tier1,2022-12-12
3183,10139,tier1,2022-06-15
3184,10145,tier2,2023-07-08
3185,10147,tier3,2023-06-07
3186,10153,tier2,2024-05-29
3187,10156,tier1,2021-01-03
3188,10167,tier1,
3189,10171,tier1,2021-11-11
3190,10173,tier1,
3191,10178,tier3,2021-02-16
3192,10184,tier1,
3193,10186,tier3,2020-11-20
3194,10189,tier2,2023-11-09
3195,10193,tier1,2019-05-11
3196,10197,tier1,2019-01-21
3197,10198,tier2,2024-03-27
3198,10199,tier1,2023-01-21
3199,10200,tier1,
3200,10202,tier2,2025-08-21
3201,10203,tier1,2024-05-30
3202,10208,tier1,
3203,10212,tier1,2023-12-14
3204,10213,tier2,2026-02-02
3205,10215,tier2,2020-08-24
3206,10216,tier3,2025-11-09
3207,10217,tier1,2024-06-06
3208,10219,tier3,2023-06-11
3209,10220,tier1,
3210,10221,tier2,2022-02-08
3211,10229,tier1,2022-04-26
3212,10230,tier1,2019-01-21
3213,10233,tier2,2019-09-02
3214,10235,tier2,2019-09-16
3215,10240,tier1,
3216,10242,tier3,2019-05-13
3217,10258,tier3,2025-01-01
3218,10260,tier1,2019-12-07
3219,10264,tier2,2023-06-25
3220,10266,tier2,
3221,10268,tier1,2023-12-12
3222,10271,tier2,2019-04-04
3223,10273,tier1,
3224,10274,tier1,2019-11-18
3225,10277,tier2,2019-06-05
3226,10281,tier1,2020-12-19
3227,10284,tier2,2021-02-03
3228,10285,tier1,2025-12-30
3229,10292,tier1,2024-02-10
3230,10293,tier1,2022-09-17
3231,10294,tier1,2023-06-16
3232,10297,tier1,2024-04-16
3233,10298,tier3,2021-11-25
3234,10299,tier1,
3235,10304,tier1,2020-09-15
3236,10310,tier1,2024-12-18
3237,10316,tier1,2025-03-26
3238,10318,tier1,2026-03-15
3239,10319,tier2,2021-07-19
3240,10325,tier1,2022-09-21
3241,10327,tier1,2026-03-05
3242,10332,tier1,2022-02-18
3243,10337,tier2,2024-09-28
3244,10342,tier1,2025-01-13
3245,10343,tier1,2025-03-01
3246,10344,tier1,2024-07-15
3247,10345,tier1,2022-06-27
3248,10346,tier2,2022-08-15
3249,10348,tier3,
3250,10352,tier3,2024-08-20
3251,10359,tier1,2025-09-08
3252,10360,tier1,
3253,10364,tier1,
3254,10366,tier3,
3255,10367,tier1,2021-01-24
3256,10371,tier2,2026-05-18
3257,10372,tier3,2020-03-02
3258,10373,tier1,2022-05-15
3259,10380,tier1,2025-10-17
3260,10381,tier1,2025-07-16
3261,10383,tier2,2020-11-05
3262,10384,tier1,2020-03-13
3263,10385,tier1,2023-03-25
3264,10387,tier1,2020-11-19
3265,10394,tier2,2022-07-26
3266,10395,tier2,2025-10-11
3267,10400,tier2,2023-11-22
3268,10401,tier2,2024-03-07
3269,10402,tier2,2024-03-16
3270,10403,tier2,2026-01-10
3271,10405,tier1,2019-04-24
3272,10407,tier1,2023-04-05
3273,10412,tier1,2021-03-27
3274,10413,tier1,
3275,10416,tier2,2020-01-23
3276,10418,tier3,2026-03-22
3277,10419,tier1,2025-09-07
3278,10427,tier1,2020-12-29
3279,10428,tier1,2025-06-06
3280,10432,tier1,2023-03-20
3281,10434,tier2,2021-02-18
3282,10436,tier2,2023-07-08
3283,10437,tier3,2020-02-19
3284,10438,tier1,2022-10-03
3285,10439,tier1,2023-04-17
3286,10445,tier2,2021-04-26
3287,10447,tier1,2025-10-28
3288,10449,tier1,2025-10-11
3289,10453,tier1,2023-01-13
3290,10456,tier1,2025-01-30
3291,10458,tier1,2025-09-10
3292,10464,tier1,2020-08-14
3293,10469,tier1,2024-09-13
3294,10470,tier1,2024-07-08
3295,10476,tier1,2022-08-04
3296,10478,tier1,2025-09-07
3297,10483,tier3,2025-11-21
3298,10486,tier2,2025-11-25
3299,10490,tier2,2020-12-16
3300,10491,tier2,2019-04-15
3301,10495,tier1,2020-06-21
3302,10496,tier2,2020-01-30
3303,10501,tier1,2026-05-26
3304,10503,tier1,2022-10-26
3305,10505,tier1,2021-11-18
3306,10506,tier2,2021-06-27
3307,10509,tier3,
3308,10511,tier1,2023-04-27
3309,10513,tier1,2023-02-04
3310,10514,tier2,2022-03-20
3311,10518,tier2,2023-09-24
3312,10520,tier1,
3313,10522,tier2,
3314,10525,tier1,2024-01-02
3315,10528,tier1,2025-03-06
3316,10529,tier2,2021-08-09
3317,10531,tier2,2021-10-20
3318,10536,tier2,2023-07-12
3319,10537,tier2,2019-02-23
3320,10541,tier2,
3321,10543,tier1,2020-04-27
3322,10547,tier2,2023-12-31
3323,10549,tier3,2025-09-11
3324,10550,tier2,2020-12-04
3325,10551,tier2,2022-07-19
3326,10560,tier1,2021-10-22
3327,10567,tier2,2025-07-25
3328,10569,tier1,
3329,10573,tier3,2023-09-30
3330,10575,tier1,2023-12-23
3331,10578,tier1,2025-12-31
3332,10582,tier2,2023-09-13
3333,10587,tier2,2022-01-21
3334,10590,tier2,
3335,10593,tier1,2022-03-14
3336,10607,tier1,2019-06-28
3337,10609,tier3,2020-03-19
3338,10611,tier2,2019-04-04
3339,10612,tier1,2026-04-15
3340,10617,tier2,2023-01-02
3341,10623,tier2,2021-07-29
3342,10624,tier1,2020-03-12
3343,10625,tier1,2024-09-25
3344,10627,tier1,2024-12-29
3345,10630,tier3,2024-02-05
3346,10631,tier3,2023-01-21
3347,10633,tier1,2020-10-08
3348,10640,tier1,2023-02-02
3349,10641,tier2,2020-11-15
3350,10645,tier2,2019-03-18
3351,10663,tier2,2024-04-20
3352,10664,tier1,2022-10-25
3353,10669,tier1,2019-03-25
3354,10670,tier1,2019-10-27
3355,10671,tier1,2024-06-08
3356,10672,tier1,2026-01-03
3357,10673,tier1,2020-09-19
3358,10675,tier2,2023-12-20
3359,10676,tier2,2021-05-03
3360,10679,tier2,2022-11-12
3361,10684,tier1,2022-09-21
3362,10687,tier2,2022-12-24
3363,10690,tier2,2023-11-27
3364,10692,tier1,2025-01-31
3365,10693,tier1,2022-09-28
3366,10694,tier1,2020-12-26
3367,10698,tier1,2019-05-03
3368,10699,tier2,2020-08-17
3369,10700,tier1,2021-10-29
3370,10708,tier1,2021-07-18
3371,10709,tier3,2021-08-21
3372,10710,tier1,2023-08-29
3373,10713,tier1,2021-01-16
3374,10714,tier3,
3375,10715,tier2,2020-04-02
3376,10720,tier2,2025-04-23
3377,10723,tier1,2023-03-21
3378,10725,tier1,2023-03-09
3379,10727,tier3,2022-04-10
3380,10734,tier1,2024-12-09
3381,10736,tier1,2019-01-07
3382,10740,tier2,2019-10-31
3383,10742,tier2,2023-08-21
3384,10747,tier1,2022-10-15
3385,10748,tier2,2022-05-03
3386,10755,tier2,2024-10-04
3387,10758,tier1,
3388,10760,tier2,2024-11-02
3389,10763,tier1,2020-05-22
3390,10764,tier1,2021-07-29
3391,10767,tier2,2022-11-11
3392,10774,tier1,
3393,10776,tier1,2020-01-06
3394,10780,tier1,2019-07-31
3395,10781,tier2,2025-02-12
3396,10782,tier3,2022-10-02
3397,10783,tier2,
3398,10784,tier1,2026-04-14
3399,10787,tier3,2019-09-30
3400,10791,tier2,2020-10-23
3401,10792,tier3,2023-01-16
3402,10795,tier3,2022-11-20
3403,10796,tier2,2019-01-29
3404,10797,tier1,2025-07-10
3405,10800,tier3,2020-05-27
3406,10804,tier2,2021-07-21
3407,10805,tier2,2020-05-28
3408,10806,tier3,2022-10-21
3409,10808,tier1,2024-10-18
3410,10809,tier3,2021-08-21
3411,10817,tier2,2025-04-15
3412,10819,tier1,2026-04-18
3413,10820,tier3,2025-05-12
3414,10822,tier1,2021-10-28
3415,10823,tier3,2021-11-20
3416,10825,tier2,2025-09-04
3417,10826,tier1,2020-08-26
3418,10829,tier3,2022-11-27
3419,10831,tier1,2022-04-25
3420,10835,tier2,2021-12-08
3421,10836,tier2,2020-09-25
3422,10838,tier1,2024-03-18
3423,10843,tier1,2019-06-07
3424,10850,tier1,2022-10-04
3425,10851,tier3,2024-10-02
3426,10853,tier3,2023-10-26
3427,10854,tier3,
3428,10856,tier2,2021-02-03
3429,10859,tier1,2025-06-28
3430,10864,tier1,
3431,10866,tier2,2022-10-16
3432,10869,tier1,2026-03-05
3433,10870,tier2,2024-07-11
3434,10872,tier1,2024-01-29
3435,10876,tier2,2019-02-22
3436,10877,tier1,2022-04-10
3437,10882,tier2,2020-09-23
3438,10883,tier1,2025-06-28
3439,10886,tier3,2022-05-16
3440,10890,tier2,2020-12-03
3441,10896,tier1,2020-02-20
3442,10902,tier1,2020-02-08
3443,10908,tier3,
3444,10909,tier1,2025-05-14
3445,10910,tier1,2019-08-22
3446,10916,tier1,2025-03-31
3447,10924,tier3,2024-10-11
3448,10926,tier3,2024-07-10
3449,10927,tier1,2026-03-15
3450,10937,tier1,
3451,10940,tier2,
3452,10941,tier1,2024-02-17
3453,10942,tier3,2019-07-06
3454,10945,tier1,2025-03-30
3455,10948,tier1,2020-12-20
3456,10950,tier1,2019-10-18
3457,10952,tier2,2020-03-09
3458,10953,tier1,2022-07-03
3459,10955,tier1,2024-12-23
3460,10956,tier3,2021-04-06
3461,10958,tier3,2025-05-25
3462,10959,tier2,
3463,10960,tier3,2019-08-26
3464,10962,tier2,2023-06-20
3465,10964,tier2,2021-10-15
3466,10967,tier2,2022-07-02
3467,10973,tier1,
3468,10974,tier2,2025-03-18
3469,10976,tier1,2023-07-20
3470,10984,tier1,2025-12-11
3471,10989,tier3,
3472,10993,tier1,2025-02-11
3473,10994,tier1,2021-01-01
3474,11003,tier1,2024-06-13
3475,11005,tier2,2026-04-09
3476,11008,tier3,2024-10-05
3477,11009,tier1,2019-04-07
3478,11012,tier1,2023-08-12
3479,11014,tier1,2024-01-07
3480,11017,tier2,2022-09-30
3481,11019,tier1,
3482,11021,tier2,2021-09-12
3483,11023,tier1,
3484,11030,tier1,2024-02-10
3485,11032,tier1,2023-11-18
3486,11035,tier2,2022-05-18
3487,11036,tier1,2020-01-25
3488,11039,tier3,
3489,11040,tier1,2026-05-02
3490,11044,tier3,2019-06-30
3491,11047,tier1,2019-02-04
3492,11050,tier3,2025-08-06
3493,11051,tier1,2020-10-06
3494,11054,tier2,2023-11-19
3495,11058,tier3,2024-02-15
3496,11062,tier3,2022-04-29
3497,11064,tier2,2020-11-03
3498,11068,tier1,2024-02-25
3499,11083,tier2,2024-03-29
3500,11086,tier1,2026-01-27
3501,11087,tier2,2023-05-21
3502,11088,tier1,2019-05-24
3503,11089,tier2,2026-06-22
3504,11090,tier1,2020-11-22
3505,11092,tier2,2024-07-21
3506,11094,tier2,2025-11-09
3507,11099,tier1,2023-03-25
3508,11105,tier2,2020-10-26
3509,11108,tier1,2024-05-08
3510,11111,tier2,2019-10-31
3511,11113,tier1,2020-02-10
3512,11116,tier1,
3513,11120,tier2,2021-06-19
3514,11122,tier1,2019-07-31
3515,11125,tier1,2025-08-30
3516,11128,tier3,2024-08-04
3517,11130,tier1,2021-11-21
3518,11131,tier1,2024-05-05
3519,11132,tier2,2022-04-28
3520,11133,tier1,2023-02-17
3521,11136,tier1,2021-09-27
3522,11142,tier1,2023-06-28
3523,11143,tier2,2026-03-16
3524,11152,tier1,2022-06-17
3525,11160,tier1,2026-01-23
3526,11168,tier1,2023-12-25
3527,11169,tier1,2025-10-22
3528,11172,tier1,2019-02-05
3529,11173,tier1,2022-09-16
3530,11175,tier1,2023-03-27
3531,11179,tier2,2026-06-04
3532,11186,tier3,2021-10-30
3533,11189,tier1,2021-03-02
3534,11192,tier1,2021-10-31
3535,11193,tier1,2023-11-16
3536,11199,tier1,2020-08-15
3537,11202,tier3,2024-04-26
3538,11206,tier3,2023-12-14
3539,11208,tier1,2019-01-27
3540,11214,tier3,2025-08-13
3541,11226,tier2,2025-07-18
3542,11228,tier3,2021-03-12
3543,11229,tier2,2019-04-10
3544,11232,tier3,2023-05-27
3545,11238,tier2,
3546,11241,tier1,2022-11-10
3547,11247,tier2,2024-09-19
3548,11249,tier2,
3549,11256,tier1,2026-05-29
3550,11257,tier1,2024-01-08
3551,11258,tier2,2020-09-16
3552,11260,tier3,2023-10-15
3553,11268,tier2,
3554,11269,tier2,2024-09-13
3555,11275,tier1,2023-04-13
3556,11277,tier3,2022-03-17
3557,11278,tier2,2023-04-25
3558,11283,tier1,2023-02-22
3559,11285,tier3,2021-03-03
3560,11289,tier2,2020-11-15
3561,11294,tier1,2023-08-19
3562,11295,tier2,2023-11-11
3563,11299,tier2,2023-04-14
3564,11305,tier1,2019-02-10
3565,11307,tier3,2024-11-22
3566,11309,tier2,2021-05-24
3567,11314,tier2,2019-08-02
3568,11316,tier3,
3569,11319,tier1,2021-10-10
3570,11320,tier3,2021-06-16
3571,11322,tier1,2022-07-07
3572,11325,tier1,2025-11-04
3573,11330,tier1,2026-02-27
3574,11331,tier2,2021-06-30
3575,11340,tier2,2024-05-30
3576,11344,tier1,2023-07-15
3577,11354,tier2,2025-05-13
3578,11355,tier2,2019-10-09
3579,11356,tier1,2022-06-16
3580,11364,tier3,2025-01-25
3581,11365,tier1,2021-10-12
3582,11370,tier2,2021-09-15
3583,11372,tier2,
3584,11377,tier1,2025-10-11
3585,11379,tier2,2023-09-10
3586,11381,tier3,
3587,11385,tier1,2023-05-29
3588,11388,tier1,2022-10-25
3589,11389,tier1,2021-01-07
3590,11390,tier2,2022-09-05
3591,11391,tier2,2023-10-08
3592,11392,tier1,
3593,11394,tier1,2024-04-13
3594,11398,tier1,2023-01-25
3595,11400,tier3,2021-02-10
3596,11404,tier2,2022-06-17
3597,11406,tier1,2026-02-04
3598,11407,tier3,2025-04-05
3599,11415,tier1,2026-03-08
3600,11417,tier1,2021-02-12
3601,11422,tier1,2023-08-07
3602,11424,tier2,2020-02-01
3603,11427,tier1,2021-09-23
3604,11433,tier3,2022-12-06
3605,11435,tier1,2021-10-11
3606,11440,tier1,2025-07-12
3607,11442,tier1,2019-05-11
3608,11448,tier1,2019-06-05
3609,11450,tier1,2026-06-28
3610,11452,tier1,2022-02-13
3611,11454,tier2,2026-06-19
3612,11455,tier1,
3613,11456,tier2,2019-07-23
3614,11458,tier2,2020-05-01
3615,11464,tier2,2021-06-30
3616,11470,tier2,2019-05-03
3617,11478,tier1,2024-04-18
3618,11489,tier2,2020-04-17
3619,11490,tier1,
3620,11494,tier2,2025-09-12
3621,11496,tier1,2025-07-23
3622,11499,tier1,2023-06-14
3623,11500,tier1,
3624,11505,tier2,2025-10-22
3625,11513,tier1,2021-05-06
3626,11523,tier2,2023-06-29
3627,11526,tier1,2024-09-26
3628,11530,tier2,2021-09-11
3629,11533,tier3,2022-05-23
3630,11534,tier1,2025-08-04
3631,11535,tier2,2025-12-08
3632,11541,tier1,2020-02-26
3633,11542,tier1,2022-09-07
3634,11553,tier2,2019-03-29
3635,11562,tier3,2023-11-19
3636,11565,tier1,2023-02-07
3637,11567,tier1,2019-09-14
3638,11570,tier3,2026-04-24
3639,11583,tier2,2026-04-17
3640,11586,tier1,2024-11-24
3641,11590,tier1,2023-01-05
3642,11591,tier2,
3643,11601,tier3,
3644,11605,tier1,2022-05-12
3645,11608,tier2,2022-03-12
3646,11610,tier1,2019-05-28
3647,11611,tier2,2024-06-03
3648,11613,tier2,2022-10-07
3649,11617,tier3,2022-11-18
3650,11619,tier1,2024-01-01
3651,11623,tier2,2019-06-04
3652,11624,tier1,
3653,11630,tier2,2024-10-16
3654,11632,tier2,2020-12-06
3655,11638,tier2,2019-07-12
3656,11647,tier1,2022-03-10
3657,11649,tier1,2023-03-21
3658,11658,tier2,2021-06-01
3659,11662,tier2,2026-05-09
3660,11667,tier1,2020-07-06
3661,11669,tier3,2019-05-10
3662,11670,tier1,
3663,11671,tier3,2026-06-22
3664,11688,tier1,2024-04-20
3665,11695,tier1,2024-01-01
3666,11699,tier2,2026-01-26
3667,11702,tier2,2020-08-13
3668,11707,tier1,2019-03-15
3669,11709,tier1,2024-04-22
3670,11710,tier1,
3671,11721,tier1,2021-11-12
3672,11724,tier1,2025-08-25
3673,11734,tier1,2023-04-01
3674,11735,tier2,2022-01-30
3675,11737,tier3,2022-01-17
3676,11741,tier3,2025-11-14
3677,11743,tier1,2025-05-25
3678,11746,tier1,2024-03-09
3679,11752,tier1,2025-05-07
3680,11754,tier2,
3681,11758,tier1,
3682,11759,tier1,2022-06-08
3683,11760,tier1,2025-03-02
3684,11762,tier1,2020-02-26
3685,11763,tier1,2019-12-17
3686,11771,tier2,2024-09-17
3687,11777,tier2,2024-04-18
3688,11783,tier2,2026-02-22
3689,11784,tier3,2023-09-20
3690,11790,tier1,2025-01-09
3691,11791,tier3,2023-04-17
3692,11793,tier1,2022-05-21
3693,11794,tier1,2022-08-18
3694,11795,tier2,2021-03-20
3695,11802,tier2,2022-12-04
3696,11804,tier1,2019-01-01
3697,11805,tier3,2025-04-04
3698,11809,tier1,2023-03-28
3699,11811,tier1,2020-11-09
3700,11812,tier1,2023-05-15
3701,11816,tier1,2021-09-17
3702,11818,tier2,2023-08-13
3703,11824,tier2,2019-01-21
3704,11826,tier1,2026-06-10
3705,11827,tier3,2022-03-19
3706,11828,tier2,2023-07-20
3707,11835,tier1,
3708,11849,tier1,2026-02-22
3709,11851,tier2,2019-04-15
3710,11861,tier2,2022-02-04
3711,11863,tier1,2021-07-27
3712,11866,tier3,2022-07-08
3713,11868,tier2,2022-10-19
3714,11869,tier1,2022-04-29
3715,11876,tier1,
3716,11877,tier3,2020-09-17
3717,11878,tier1,2023-12-31
3718,11881,tier2,2019-04-27
3719,11883,tier1,2021-02-24
3720,11886,tier1,2025-10-16
3721,11888,tier1,2019-10-14
3722,11889,tier1,2025-02-20
3723,11891,tier2,2023-09-20
3724,11895,tier1,
3725,11902,tier2,
3726,11906,tier1,
3727,11910,tier1,2019-12-18
3728,11911,tier1,
3729,11912,tier1,2024-02-09
3730,11914,tier2,2023-12-29
3731,11927,tier2,2026-01-09
3732,11930,tier2,
3733,11934,tier1,2024-01-14
3734,11935,tier1,2023-03-29
3735,11938,tier1,2019-05-07
3736,11939,tier2,
3737,11940,tier2,2020-02-05
3738,11942,tier1,2025-06-07
3739,11945,tier1,2020-03-20
3740,11947,tier2,2026-05-23
3741,11952,tier2,2025-12-08
3742,11963,tier2,2020-11-27
3743,11964,tier1,2022-02-18
3744,11972,tier1,2020-08-15
3745,11974,tier2,2022-03-07
3746,11975,tier1,2026-01-03
3747,11978,tier1,2022-12-24
3748,11980,tier1,2022-07-26
3749,11982,tier3,2024-07-06
3750,11987,tier1,2021-04-05
3751,11989,tier3,2023-05-17
3752,11994,tier1,2026-01-27
3753,11995,tier3,2024-06-17
3754,11997,tier2,2020-07-06
3755,11998,tier1,2019-09-01
3756,12000,tier1,2021-10-20
3757,12002,tier1,2024-09-23
3758,12008,tier1,2024-02-01
3759,12011,tier1,2020-05-17
3760,12014,tier2,2020-07-31
3761,12018,tier2,2023-11-04
3762,12023,tier2,2021-01-12
3763,12041,tier2,2021-10-13
3764,12043,tier3,2020-05-02
3765,12044,tier1,2025-08-19
3766,12047,tier2,2022-02-27
3767,12060,tier2,2026-06-18
3768,12061,tier2,2026-04-17
3769,12065,tier1,2021-02-28
3770,12067,tier2,2025-05-20
3771,12070,tier1,
3772,12071,tier2,2024-12-18
3773,12073,tier2,2022-07-07
3774,12074,tier1,2020-12-28
3775,12075,tier2,2024-12-05
3776,12076,tier3,2020-06-30
3777,12078,tier1,2019-06-28
3778,12079,tier1,2025-01-08
3779,12081,tier1,
3780,12084,tier2,2025-11-05
3781,12087,tier1,2021-10-12
3782,12088,tier1,2024-04-08
3783,12095,tier1,2022-04-07
3784,12100,tier1,2020-05-28
3785,12115,tier1,2019-09-07
3786,12116,tier1,2023-10-13
3787,12123,tier1,2023-03-27
3788,12124,tier1,2019-10-05
3789,12125,tier1,2025-05-24
3790,12128,tier1,
3791,12130,tier1,2021-12-23
3792,12140,tier2,
3793,12141,tier2,2023-05-08
3794,12143,tier3,2022-05-16
3795,12146,tier1,
3796,12152,tier3,2025-07-08
3797,12154,tier2,2024-09-20
3798,12155,tier2,2020-06-16
3799,12157,tier2,2022-06-07
3800,12161,tier1,2026-06-30
3801,12162,tier2,2020-09-03
3802,12168,tier1,2024-12-19
3803,12170,tier1,2025-03-13
3804,12171,tier1,2022-05-10
3805,12179,tier1,
3806,12181,tier2,2019-01-21
3807,12182,tier3,2026-04-12
3808,12186,tier1,2021-06-05
3809,12188,tier1,2022-07-24
3810,12195,tier2,
3811,12196,tier1,2021-12-03
3812,12197,tier3,2026-03-15
3813,12199,tier3,2023-03-25
3814,12211,tier1,2025-04-02
3815,12214,tier2,2022-09-11
3816,12215,tier1,2021-02-01
3817,12216,tier1,2020-06-10
3818,12218,tier1,2023-09-26
3819,12223,tier3,2021-09-25
3820,12229,tier1,2022-11-18
3821,12231,tier1,2023-07-20
3822,12233,tier1,2020-12-18
3823,12242,tier3,2021-06-05
3824,12245,tier1,2024-03-01
3825,12248,tier1,2022-11-11
3826,12249,tier2,2025-09-10
3827,12252,tier2,2025-04-12
3828,12255,tier2,2025-10-11
3829,12257,tier2,2026-01-13
3830,12261,tier1,
3831,12266,tier1,2019-11-09
3832,12268,tier2,
3833,12269,tier2,2020-08-24
3834,12271,tier1,2024-03-11
3835,12273,tier1,2019-07-19
3836,12278,tier1,
3837,12280,tier1,
3838,12283,tier2,2021-01-23
3839,12284,tier1,2019-04-19
3840,12288,tier1,2022-04-13
3841,12290,tier1,2026-04-14
3842,12291,tier1,2022-03-28
3843,12298,tier2,2024-11-25
3844,12307,tier3,2026-03-14
3845,12311,tier1,
3846,12318,tier1,2024-09-13
3847,12333,tier1,2021-11-17
3848,12334,tier2,2021-02-20
3849,12341,tier2,2022-12-05
3850,12342,tier1,
3851,12346,tier1,2019-03-05
3852,12347,tier2,2025-08-11
3853,12350,tier3,2020-12-02
3854,12354,tier3,2020-07-19
3855,12359,tier2,2019-01-17
3856,12361,tier2,2022-09-02
3857,12363,tier1,2024-08-10
3858,12364,tier1,
3859,12365,tier1,2020-04-30
3860,12366,tier2,2023-07-25
3861,12368,tier2,2025-08-30
3862,12374,tier3,2022-09-15
3863,12380,tier3,2021-06-20
3864,12381,tier1,
3865,12382,tier2,2022-07-09
3866,12385,tier3,
3867,12386,tier3,2025-07-22
3868,12396,tier1,2025-10-08
3869,12397,tier2,2020-08-11
3870,12398,tier2,2019-10-31
3871,12399,tier1,2023-10-31
3872,12403,tier1,2020-02-10
3873,12410,tier3,2024-03-06
3874,12417,tier2,2020-09-02
3875,12418,tier2,2025-06-26
3876,12425,tier1,2019-08-23
3877,12428,tier1,2023-01-06
3878,12431,tier2,2023-12-10
3879,12433,tier3,
3880,12436,tier2,2022-01-01
3881,12438,tier1,2022-06-17
3882,12440,tier2,2026-06-18
3883,12441,tier2,2023-09-18
3884,12444,tier3,
3885,12446,tier3,
3886,12447,tier2,2020-08-13
3887,12449,tier1,2021-12-15
3888,12452,tier2,2020-02-02
3889,12456,tier1,2019-01-03
3890,12457,tier2,2023-10-30
3891,12458,tier1,2021-12-17
3892,12468,tier2,2025-02-15
3893,12473,tier2,2021-02-21
3894,12474,tier1,2024-09-26
3895,12476,tier2,
3896,12477,tier1,
3897,12481,tier1,2026-03-06
3898,12482,tier2,2024-11-15
3899,12483,tier2,2025-05-26
3900,12485,tier2,2021-09-13
3901,12486,tier1,2026-01-10
3902,12488,tier2,2019-09-06
3903,12493,tier2,2021-06-18
3904,12501,tier3,2024-03-30
3905,12507,tier2,2026-02-18
3906,12508,tier1,2025-05-30
3907,12512,tier2,2024-08-17
3908,12513,tier1,2020-09-26
3909,12515,tier2,2025-04-25
3910,12517,tier2,2025-09-07
3911,12520,tier2,2026-04-30
3912,12526,tier1,2023-08-29
3913,12528,tier1,2020-01-14
3914,12529,tier1,2024-05-14
3915,12539,tier3,2021-10-31
3916,12540,tier2,2025-10-21
3917,12541,tier3,2021-03-25
3918,12542,tier2,2022-10-17
3919,12543,tier2,
3920,12563,tier1,2019-04-25
3921,12568,tier1,
3922,12573,tier1,2020-03-07
3923,12574,tier2,2025-07-20
3924,12582,tier1,2024-08-14
3925,12586,tier3,2025-03-26
3926,12587,tier1,2021-08-31
3927,12589,tier2,2025-10-01
3928,12590,tier1,2026-01-30
3929,12592,tier2,2022-12-10
3930,12593,tier1,2024-10-20
3931,12597,tier1,2023-10-14
3932,12603,tier1,2025-12-15
3933,12604,tier1,2025-08-24
3934,12605,tier2,2025-04-25
3935,12614,tier1,2021-07-17
3936,12618,tier1,2019-08-09
3937,12619,tier1,2026-04-10
3938,12625,tier3,
3939,12626,tier2,
3940,12627,tier3,2024-01-30
3941,12631,tier2,2022-08-18
3942,12632,tier2,2026-04-11
3943,12639,tier1,2024-12-12
3944,12641,tier2,2019-06-29
3945,12645,tier1,2021-06-30
3946,12651,tier1,2023-03-27
3947,12652,tier1,2026-03-13
3948,12658,tier2,2025-12-29
3949,12659,tier2,2021-05-02
3950,12664,tier2,2020-08-13
3951,12665,tier2,2019-01-29
3952,12672,tier1,2024-02-26
3953,12682,tier2,2020-03-20
3954,12683,tier1,2022-12-18
3955,12684,tier1,
3956,12685,tier3,2022-01-30
3957,12689,tier2,2026-04-04
3958,12692,tier1,2020-07-31
3959,12693,tier1,2019-02-08
3960,12694,tier2,2025-06-17
3961,12699,tier2,2022-12-23
3962,12701,tier3,2024-02-16
3963,12706,tier3,2023-07-05
3964,12708,tier1,2024-04-10
3965,12709,tier1,2024-06-15
3966,12717,tier1,2022-10-14
3967,12720,tier2,2021-09-13
3968,12723,tier1,2019-04-14
3969,12724,tier2,2023-07-10
3970,12725,tier1,2023-05-20
3971,12727,tier1,
3972,12730,tier1,2025-03-30
3973,12734,tier1,2020-06-04
3974,12741,tier1,2024-10-31
3975,12742,tier1,2025-02-27
3976,12744,tier3,2026-04-23
3977,12746,tier1,2023-05-11
3978,12748,tier3,2024-02-12
3979,12751,tier2,2024-11-18
3980,12753,tier2,2025-06-16
3981,12757,tier3,2019-06-02
3982,12764,tier1,2022-10-13
3983,12765,tier1,2025-10-19
3984,12767,tier1,2026-06-12
3985,12772,tier3,2023-07-25
3986,12776,tier1,2026-03-24
3987,12777,tier1,2019-02-20
3988,12780,tier1,2019-06-01
3989,12788,tier1,2020-03-30
3990,12799,tier3,2023-09-13
3991,12800,tier1,2020-05-15
3992,12801,tier1,2025-10-02
3993,12802,tier2,2026-03-08
3994,12805,tier1,2019-02-02
3995,12807,tier2,2021-07-09
3996,12808,tier2,2024-10-04
3997,12813,tier2,2024-08-08
3998,12817,tier2,2024-12-02
3999,12823,tier2,2019-08-21
4000,12825,tier2,2020-01-05
4001,12826,tier3,2025-11-10
4002,12828,tier2,2021-06-21
4003,12829,tier2,2019-02-08
4004,12830,tier2,2024-09-05
4005,12832,tier1,2020-05-30
4006,12834,tier1,2026-05-26
4007,12838,tier1,2026-06-05
4008,12840,tier3,
4009,12841,tier3,2023-10-23
4010,12847,tier1,2024-02-19
4011,12854,tier3,2019-11-19
4012,12855,tier1,2019-07-13
4013,12857,tier1,2025-03-12
4014,12858,tier3,2022-07-28
4015,12870,tier3,
4016,12871,tier2,
4017,12872,tier1,2022-07-02
4018,12873,tier3,2020-04-17
4019,12874,tier1,2020-08-25
4020,12878,tier1,2024-08-13
4021,12879,tier1,2019-07-20
4022,12880,tier1,2023-02-12
4023,12882,tier1,2021-11-09
4024,12885,tier3,2019-08-23
4025,12890,tier1,2023-04-09
4026,12897,tier3,2026-04-28
4027,12898,tier1,2019-10-24
4028,12900,tier2,2026-02-15
4029,12901,tier2,2025-03-07
4030,12910,tier1,
4031,12911,tier1,2022-10-27
4032,12921,tier1,2022-02-06
4033,12922,tier1,2026-04-25
4034,12923,tier1,
4035,12928,tier2,
4036,12929,tier2,2022-08-22
4037,12931,tier3,2025-10-07
4038,12933,tier1,
4039,12942,tier2,
4040,12943,tier2,2021-07-09
4041,12944,tier1,2020-10-15
4042,12945,tier3,2026-03-26
4043,12947,tier3,2023-01-30
4044,12955,tier1,2020-08-22
4045,12962,tier1,2024-09-30
4046,12966,tier1,
4047,12971,tier2,2025-04-22
4048,12972,tier3,2025-07-12
4049,12974,tier1,2025-10-24
4050,12975,tier2,2020-10-03
4051,12979,tier3,2020-12-04
4052,12983,tier2,2025-09-05
4053,12984,tier1,2019-01-17
4054,12987,tier1,2025-07-26
4055,12988,tier3,2024-03-06
4056,12993,tier1,2025-01-18
4057,12994,tier3,
4058,12997,tier1,2024-07-23
4059,12998,tier1,2019-11-26
4060,13002,tier2,2019-09-08
4061,13003,tier1,
4062,13004,tier2,2022-10-26
4063,13009,tier1,2022-04-16
4064,13013,tier1,2025-01-14
4065,13014,tier1,2025-10-20
4066,13019,tier2,2019-10-17
4067,13024,tier1,2025-05-17
4068,13031,tier1,2019-12-19
4069,13033,tier1,2020-07-25
4070,13035,tier2,
4071,13036,tier1,
4072,13039,tier1,2024-09-26
4073,13041,tier1,2024-11-19
4074,13044,tier2,2025-10-19
4075,13045,tier1,2019-06-04
4076,13046,tier2,2020-02-17
4077,13047,tier1,2020-06-10
4078,13050,tier1,2026-01-07
4079,13051,tier1,2019-11-27
4080,13058,tier3,2022-11-29
4081,13064,tier1,2020-07-14
4082,13066,tier1,2023-12-31
4083,13074,tier3,2023-12-07
4084,13091,tier3,2025-11-24
4085,13092,tier1,2023-11-27
4086,13095,tier3,2023-11-12
4087,13097,tier1,2019-09-23
4088,13103,tier1,2020-03-22
4089,13107,tier3,2020-08-10
4090,13108,tier2,2025-04-19
4091,13110,tier1,
4092,13113,tier2,
4093,13114,tier1,2024-12-25
4094,13117,tier2,2026-01-09
4095,13126,tier1,2019-03-22
4096,13127,tier1,2025-07-18
4097,13129,tier1,
4098,13133,tier1,2025-04-08
4099,13135,tier1,2021-09-12
4100,13138,tier1,2024-12-25
4101,13140,tier2,2019-05-15
4102,13150,tier1,2019-05-29
4103,13159,tier1,
4104,13161,tier1,2021-06-17
4105,13164,tier2,2020-06-29
4106,13165,tier1,2020-08-29
4107,13166,tier1,2020-08-14
4108,13171,tier2,2025-11-14
4109,13172,tier2,2025-11-18
4110,13175,tier2,2025-05-24
4111,13178,tier1,2023-12-09
4112,13180,tier1,2022-10-14
4113,13187,tier1,2021-12-08
4114,13189,tier2,2019-03-01
4115,13190,tier2,2019-04-16
4116,13192,tier2,2020-09-17
4117,13195,tier3,2020-11-16
4118,13199,tier2,2024-12-04
4119,13200,tier2,2025-12-12
4120,13202,tier1,2025-01-09
4121,13203,tier1,2026-03-12
4122,13208,tier1,2021-07-17
4123,13218,tier1,2023-12-18
4124,13220,tier2,2022-12-10
4125,13222,tier1,2025-10-24
4126,13234,tier1,2021-01-14
4127,13238,tier2,
4128,13244,tier1,2023-10-15
4129,13251,tier2,2019-02-23
4130,13254,tier3,2021-03-22
4131,13256,tier2,2023-05-10
4132,13259,tier3,2023-10-24
4133,13264,tier1,2019-02-01
4134,13266,tier1,2020-02-25
4135,13268,tier3,2020-07-25
4136,13272,tier1,2021-06-24
4137,13281,tier1,2019-02-08
4138,13283,tier1,2024-12-17
4139,13286,tier1,2022-09-24
4140,13293,tier1,2026-01-31
4141,13295,tier2,2025-01-10
4142,13297,tier2,2025-07-30
4143,13298,tier1,
4144,13301,tier1,2020-08-17
4145,13303,tier3,2022-03-27
4146,13305,tier1,2024-03-29
4147,13307,tier1,2025-05-19
4148,13310,tier1,2019-11-14
4149,13313,tier2,2021-04-22
4150,13315,tier1,2023-07-08
4151,13322,tier2,2026-02-14
4152,13323,tier3,2021-10-01
4153,13326,tier1,2024-05-12
4154,13339,tier1,2023-04-26
4155,13351,tier1,2025-09-11
4156,13353,tier2,2020-10-28
4157,13356,tier2,2020-11-01
4158,13358,tier1,2025-09-18
4159,13359,tier2,2023-06-03
4160,13361,tier2,2020-09-10
4161,13363,tier2,2019-12-05
4162,13364,tier2,2025-11-16
4163,13366,tier1,2025-11-20
4164,13368,tier2,2025-03-28
4165,13379,tier1,
4166,13382,tier1,2020-05-12
4167,13383,tier3,2023-03-29
4168,13384,tier2,2022-02-11
4169,13390,tier2,2020-08-09
4170,13393,tier1,2024-10-10
4171,13395,tier3,2025-01-31
4172,13397,tier2,2025-10-22
4173,13399,tier2,2025-02-16
4174,13401,tier3,2025-06-10
4175,13403,tier3,2021-03-19
4176,13406,tier2,2022-06-30
4177,13408,tier1,2020-11-30
4178,13410,tier1,2025-04-26
4179,13411,tier2,2019-06-13
4180,13412,tier1,
4181,13413,tier2,
4182,13418,tier3,2019-01-26
4183,13423,tier2,2019-11-21
4184,13430,tier3,
4185,13432,tier1,2024-05-31
4186,13433,tier1,2021-08-05
4187,13435,tier2,2019-06-23
4188,13436,tier1,2021-04-17
4189,13437,tier2,2023-05-19
4190,13444,tier3,2021-01-06
4191,13446,tier1,
4192,13452,tier1,2025-11-13
4193,13454,tier1,2026-06-28
4194,13457,tier1,2024-06-10
4195,13460,tier1,2025-02-01
4196,13462,tier2,2025-11-12
4197,13466,tier1,2021-08-02
4198,13467,tier2,
4199,13470,tier1,2021-03-18
4200,13476,tier1,2023-06-28
4201,13480,tier1,2025-10-26
4202,13481,tier2,2023-11-24
4203,13482,tier2,2025-06-16
4204,13483,tier1,2022-08-11
4205,13485,tier1,2023-10-06
4206,13491,tier3,2021-11-10
4207,13494,tier1,2023-09-22
4208,13495,tier3,2026-02-19
4209,13501,tier2,2019-12-18
4210,13502,tier1,2020-11-09
4211,13503,tier2,2023-06-12
4212,13506,tier3,2026-01-29
4213,13511,tier1,2026-05-01
4214,13513,tier1,2020-10-23
4215,13514,tier1,2025-11-18
4216,13515,tier1,2020-01-04
4217,13519,tier1,2019-10-13
4218,13522,tier2,2021-04-04
4219,13523,tier1,2019-02-27
4220,13527,tier1,
4221,13529,tier1,2020-02-08
4222,13532,tier1,2021-10-14
4223,13542,tier1,2020-10-11
4224,13543,tier2,2021-08-25
4225,13545,tier2,2020-02-20
4226,13546,tier3,2021-02-10
4227,13554,tier2,2021-04-22
4228,13555,tier3,
4229,13556,tier1,2025-04-07
4230,13558,tier2,2020-11-05
4231,13564,tier1,2020-10-03
4232,13570,tier2,
4233,13575,tier1,2024-11-12
4234,13576,tier2,2020-01-15
4235,13577,tier1,2024-04-21
4236,13578,tier1,2024-07-10
4237,13579,tier1,2022-04-26
4238,13583,tier2,2022-02-04
4239,13585,tier3,2025-12-29
4240,13591,tier2,2025-05-10
4241,13593,tier2,2021-11-27
4242,13594,tier2,2023-06-22
4243,13599,tier1,2023-02-08
4244,13600,tier1,2024-04-25
4245,13601,tier1,2023-07-18
4246,13617,tier2,2019-07-18
4247,13620,tier1,2024-09-15
4248,13622,tier3,2024-01-20
4249,13625,tier1,
4250,13626,tier1,2024-04-06
4251,13627,tier2,2020-12-21
4252,13628,tier2,2022-07-05
4253,13630,tier1,2023-10-08
4254,13632,tier1,2022-09-06
4255,13633,tier2,2019-04-10
4256,13636,tier1,2021-03-24
4257,13638,tier1,2023-12-17
4258,13640,tier1,2020-11-18
4259,13641,tier1,
4260,13642,tier1,
4261,13645,tier1,2022-08-04
4262,13648,tier3,2024-05-18
4263,13649,tier1,2026-04-13
4264,13657,tier2,2019-11-14
4265,13666,tier2,2022-10-25
4266,13667,tier2,2025-04-06
4267,13668,tier2,
4268,13675,tier2,2024-11-09
4269,13678,tier2,
4270,13684,tier1,2023-06-01
4271,13686,tier1,2021-06-15
4272,13688,tier1,2024-09-01
4273,13690,tier3,2019-10-02
4274,13696,tier2,2020-03-30
4275,13698,tier3,2022-05-23
4276,13701,tier2,2026-06-29
4277,13711,tier1,2020-11-29
4278,13712,tier1,2019-07-22
4279,13716,tier2,2022-03-21
4280,13718,tier1,2023-11-26
4281,13719,tier3,2025-06-07
4282,13721,tier2,2022-02-01
4283,13726,tier3,2019-04-20
4284,13731,tier1,2026-06-25
4285,13733,tier2,2025-05-28
4286,13734,tier2,2025-01-25
4287,13736,tier1,2022-11-23
4288,13738,tier2,2026-01-09
4289,13739,tier2,2019-03-06
4290,13744,tier2,2026-03-28
4291,13745,tier1,2023-07-06
4292,13746,tier1,2024-09-17
4293,13748,tier1,2023-01-03
4294,13750,tier2,2023-06-28
4295,13751,tier1,2020-04-01
4296,13752,tier1,2021-08-30
4297,13754,tier1,2020-07-01
4298,13756,tier1,2020-10-28
4299,13760,tier1,2020-08-12
4300,13768,tier3,2023-05-29
4301,13774,tier2,2023-02-05
4302,13778,tier2,2025-09-12
4303,13779,tier1,2019-08-22
4304,13782,tier3,2024-10-10
4305,13785,tier2,2022-12-24
4306,13786,tier3,2026-03-25
4307,13787,tier1,2021-01-01
4308,13788,tier3,2024-06-25
4309,13791,tier1,2024-06-18
4310,13795,tier2,2021-04-26
4311,13797,tier2,2021-10-17
4312,13804,tier2,2020-11-03
4313,13806,tier1,2019-05-30
4314,13810,tier3,2022-03-06
4315,13812,tier1,2024-01-02
4316,13814,tier1,2024-09-01
4317,13815,tier2,
4318,13821,tier2,2019-07-04
4319,13825,tier1,2023-04-12
4320,13827,tier2,
4321,13830,tier2,2023-07-21
4322,13835,tier2,2019-03-15
4323,13840,tier1,2024-02-02
4324,13841,tier1,2021-07-01
4325,13843,tier1,
4326,13844,tier1,2026-03-04
4327,13849,tier1,2025-08-06
4328,13856,tier1,2020-06-28
4329,13857,tier1,2020-04-13
4330,13861,tier2,2021-10-11
4331,13862,tier2,2022-11-19
4332,13864,tier1,2019-08-11
4333,13866,tier1,2023-10-17
4334,13868,tier2,2025-12-16
4335,13871,tier1,2022-12-10
4336,13872,tier1,2020-08-02
4337,13878,tier1,2020-05-22
4338,13882,tier3,
4339,13888,tier1,
4340,13893,tier2,
4341,13894,tier1,2025-06-05
4342,13897,tier3,2019-05-13
4343,13898,tier2,2023-01-31
4344,13901,tier3,2022-08-22
4345,13902,tier2,2026-01-08
4346,13904,tier3,2021-03-25
4347,13905,tier3,2026-06-04
4348,13910,tier2,2019-12-23
4349,13911,tier3,2020-03-16
4350,13913,tier1,2020-05-31
4351,13920,tier2,2022-01-12
4352,13922,tier2,2019-11-23
4353,13923,tier1,2025-08-16
4354,13924,tier3,2026-01-27
4355,13925,tier1,2022-08-07
4356,13927,tier1,2023-02-14
4357,13933,tier1,2019-11-23
4358,13934,tier2,2023-07-21
4359,13937,tier1,2020-03-16
4360,13939,tier2,2019-07-31
4361,13941,tier2,2021-11-30
4362,13942,tier1,2022-02-19
4363,13943,tier1,2024-07-27
4364,13944,tier2,2021-01-24
4365,13946,tier2,2020-10-24
4366,13948,tier2,2026-06-27
4367,13950,tier2,2023-11-17
4368,13963,tier1,2022-12-25
4369,13967,tier2,
4370,13968,tier1,2023-10-27
4371,13969,tier2,2023-11-10
4372,13974,tier1,2024-07-26
4373,13978,tier1,
4374,13982,tier2,2019-10-08
4375,13985,tier2,2026-03-10
4376,13988,tier3,2022-02-23
4377,13990,tier2,2020-02-03
4378,13993,tier3,2020-05-16
4379,13994,tier2,2021-06-07
4380,13996,tier2,2021-10-27
4381,14001,tier2,2024-10-14
4382,14004,tier3,2026-01-24
4383,14005,tier1,
4384,14010,tier1,2025-05-19
4385,14016,tier2,2022-09-24
4386,14017,tier1,2020-10-07
4387,14019,tier2,2019-01-06
4388,14026,tier2,2023-03-20
4389,14029,tier1,2025-01-15
4390,14030,tier2,2026-03-01
4391,14033,tier1,2025-11-07
4392,14036,tier2,2021-06-10
4393,14039,tier2,2025-11-18
4394,14040,tier3,2019-01-08
4395,14044,tier3,2019-05-25
4396,14046,tier2,2024-12-04
4397,14053,tier1,2025-09-27
4398,14054,tier1,2019-10-04
4399,14055,tier3,
4400,14056,tier1,2022-09-11
4401,14057,tier2,
4402,14060,tier1,2022-05-08
4403,14064,tier2,2022-02-07
4404,14066,tier2,2025-08-17
4405,14067,tier1,2019-12-22
4406,14068,tier2,2026-06-20
4407,14074,tier1,2024-07-28
4408,14076,tier1,
4409,14077,tier3,2019-11-16
4410,14078,tier1,2019-12-14
4411,14082,tier1,2026-05-25
4412,14083,tier1,2026-04-08
4413,14086,tier2,2023-06-27
4414,14087,tier1,2020-12-06
4415,14091,tier2,2019-12-20
4416,14095,tier2,2019-04-26
4417,14103,tier1,2021-11-03
4418,14105,tier2,2025-06-24
4419,14108,tier1,2023-03-24
4420,14109,tier1,2022-10-13
4421,14111,tier2,2019-10-13
4422,14117,tier3,2019-07-05
4423,14119,tier1,2022-07-27
4424,14120,tier2,2021-04-30
4425,14122,tier1,2023-08-06
4426,14123,tier2,2023-02-26
4427,14125,tier1,2024-01-28
4428,14127,tier2,2021-10-17
4429,14131,tier2,2019-05-09
4430,14134,tier1,2019-03-22
4431,14135,tier3,
4432,14137,tier1,2020-01-08
4433,14138,tier1,2020-02-01
4434,14141,tier1,2023-05-14
4435,14143,tier2,2021-07-26
4436,14147,tier1,2025-08-30
4437,14152,tier1,2022-12-13
4438,14153,tier2,2021-10-22
4439,14156,tier2,2019-11-17
4440,14159,tier1,2025-04-23
4441,14161,tier2,2025-06-29
4442,14163,tier2,2024-07-06
4443,14164,tier1,2025-11-15
4444,14165,tier2,2023-07-01
4445,14166,tier1,2023-09-09
4446,14172,tier2,
4447,14173,tier1,2019-01-10
4448,14175,tier1,2020-06-27
4449,14176,tier1,2020-03-11
4450,14180,tier2,2021-12-16
4451,14183,tier2,2024-11-21
4452,14185,tier2,2019-08-06
4453,14186,tier1,2023-03-12
4454,14187,tier1,2021-07-01
4455,14193,tier2,2021-05-04
4456,14199,tier1,2020-07-09
4457,14200,tier2,2024-06-15
4458,14203,tier2,2026-03-02
4459,14206,tier2,2020-11-25
4460,14216,tier1,2024-06-06
4461,14218,tier2,2026-03-31
4462,14231,tier2,2021-03-09
4463,14232,tier1,2024-04-25
4464,14235,tier1,2022-04-19
4465,14238,tier2,2026-01-20
4466,14252,tier2,2021-01-09
4467,14253,tier2,2019-09-16
4468,14255,tier2,2022-08-26
4469,14257,tier1,2019-08-01
4470,14259,tier2,2022-01-26
4471,14260,tier2,2026-03-25
4472,14265,tier1,2019-10-22
4473,14270,tier2,2025-05-27
4474,14277,tier1,2019-10-16
4475,14278,tier2,2019-02-25
4476,14282,tier2,2020-08-25
4477,14283,tier3,2023-01-31
4478,14290,tier1,2019-11-25
4479,14300,tier2,2019-05-28
4480,14309,tier1,2020-05-06
4481,14315,tier2,2026-01-19
4482,14317,tier2,2020-02-03
4483,14320,tier2,2020-01-15
4484,14322,tier1,
4485,14324,tier3,2024-03-28
4486,14329,tier3,2024-05-11
4487,14330,tier1,2020-09-14
4488,14335,tier1,2021-04-25
4489,14338,tier2,2019-01-20
4490,14351,tier1,2025-08-31
4491,14354,tier1,
4492,14360,tier2,2020-09-16
4493,14365,tier2,2021-11-22
4494,14369,tier1,2019-03-25
4495,14374,tier1,2019-06-20
4496,14376,tier3,2023-12-24
4497,14388,tier1,2023-05-22
4498,14393,tier2,
4499,14395,tier1,2019-11-08
4500,14396,tier2,2024-02-08
4501,14397,tier1,2025-11-28
4502,14401,tier1,2021-01-01
4503,14403,tier2,2025-10-18
4504,14408,tier1,2025-10-18
4505,14409,tier1,2020-08-18
4506,14414,tier2,2021-07-26
4507,14424,tier3,2024-04-06
4508,14427,tier2,
4509,14428,tier3,
4510,14429,tier2,2020-04-19
4511,14430,tier1,
4512,14432,tier3,2020-05-27
4513,14433,tier1,2021-03-06
4514,14435,tier3,2024-12-15
4515,14436,tier2,2026-06-03
4516,14437,tier1,2023-12-25
4517,14439,tier2,2025-06-09
4518,14440,tier2,2024-03-29
4519,14441,tier2,
4520,14450,tier3,2022-01-24
4521,14454,tier2,2021-04-02
4522,14458,tier3,2025-01-29
4523,14461,tier1,2020-05-01
4524,14462,tier1,2022-04-10
4525,14466,tier2,2022-12-10
4526,14471,tier3,2020-11-09
4527,14482,tier1,2022-06-21
4528,14484,tier1,2024-08-14
4529,14489,tier2,2023-04-22
4530,14491,tier1,2026-02-24
4531,14492,tier1,2021-07-08
4532,14494,tier3,2021-04-20
4533,14497,tier2,2026-06-23
4534,14498,tier1,2022-04-04
4535,14500,tier3,2022-03-28
4536,14512,tier3,2025-06-16
4537,14516,tier2,2020-07-21
4538,14517,tier1,2024-08-03
4539,14521,tier1,2020-10-16
4540,14523,tier1,2020-11-15
4541,14527,tier1,2023-11-01
4542,14530,tier2,2019-09-16
4543,14536,tier1,2023-10-27
4544,14537,tier1,2024-10-11
4545,14539,tier2,2020-03-19
4546,14540,tier1,2024-11-06
4547,14544,tier3,2020-07-11
4548,14545,tier2,2019-02-02
4549,14551,tier1,2024-12-22
4550,14554,tier1,2019-10-22
4551,14556,tier1,2022-10-24
4552,14559,tier1,2022-12-04
4553,14563,tier2,2021-02-18
4554,14566,tier2,2022-01-05
4555,14567,tier2,2019-08-05
4556,14568,tier1,2020-07-23
4557,14569,tier3,2023-11-05
4558,14570,tier1,2022-03-18
4559,14581,tier2,2025-10-16
4560,14584,tier1,2022-12-04
4561,14585,tier2,2024-02-06
4562,14587,tier1,
4563,14589,tier3,2025-07-23
4564,14590,tier2,2022-03-25
4565,14593,tier2,2020-06-24
4566,14594,tier1,2021-12-23
4567,14596,tier2,2020-02-23
4568,14598,tier1,2021-10-27
4569,14600,tier1,2023-06-29
4570,14606,tier2,2022-04-07
4571,14611,tier1,2023-04-22
4572,14612,tier3,2022-11-13
4573,14614,tier1,2021-07-19
4574,14620,tier2,2023-01-28
4575,14624,tier2,2021-11-20
4576,14625,tier1,2025-02-16
4577,14626,tier1,2026-03-19
4578,14628,tier1,2024-03-18
4579,14630,tier1,
4580,14631,tier2,
4581,14634,tier1,2024-03-31
4582,14640,tier1,2022-10-17
4583,14654,tier1,
4584,14655,tier2,2023-11-30
4585,14657,tier1,2025-01-16
4586,14662,tier3,2021-03-20
4587,14664,tier2,
4588,14667,tier1,2021-01-10
4589,14672,tier1,2020-11-08
4590,14673,tier2,2023-10-23
4591,14676,tier2,2020-05-18
4592,14678,tier3,2023-03-19
4593,14681,tier2,2019-08-05
4594,14682,tier1,2019-06-19
4595,14684,tier2,2021-02-12
4596,14685,tier2,2022-11-09
4597,14689,tier1,2026-02-10
4598,14690,tier3,
4599,14691,tier2,2023-10-18
4600,14692,tier1,2019-09-01
4601,14694,tier1,2021-03-22
4602,14695,tier2,2019-06-10
4603,14696,tier2,2020-12-07
4604,14700,tier1,2024-03-22
4605,14701,tier3,2026-03-02
4606,14702,tier1,2022-10-01
4607,14703,tier2,2020-01-21
4608,14710,tier1,2025-06-21
4609,14712,tier1,2023-04-12
4610,14714,tier2,2023-07-26
4611,14716,tier3,2021-08-02
4612,14717,tier2,
4613,14720,tier1,2024-01-28
4614,14725,tier1,2026-03-12
4615,14728,tier1,2025-04-24
4616,14729,tier2,2022-08-28
4617,14730,tier1,2025-07-03
4618,14731,tier1,2019-09-09
4619,14732,tier1,2021-03-31
4620,14733,tier2,2022-01-09
4621,14735,tier1,2025-12-11
4622,14740,tier1,2022-10-11
4623,14741,tier1,2019-07-13
4624,14742,tier2,2023-07-16
4625,14747,tier1,2025-12-30
4626,14754,tier2,2019-05-11
4627,14755,tier1,2026-06-09
4628,14759,tier1,2019-07-01
4629,14760,tier1,2022-08-10
4630,14762,tier1,2025-03-31
4631,14763,tier2,2021-10-01
4632,14766,tier1,
4633,14769,tier3,2019-05-06
4634,14776,tier1,2025-09-22
4635,14778,tier2,2025-07-13
4636,14780,tier1,2022-11-20
4637,14782,tier1,2022-08-18
4638,14784,tier2,2021-10-29
4639,14789,tier2,2019-02-17
4640,14790,tier3,2019-11-19
4641,14795,tier2,2026-01-07
4642,14800,tier1,2021-11-03
4643,14807,tier2,2019-12-30
4644,14808,tier1,2020-07-19
4645,14816,tier1,2022-01-17
4646,14817,tier2,2019-09-24
4647,14819,tier1,2023-07-07
4648,14820,tier2,2021-03-03
4649,14821,tier1,2020-07-25
4650,14824,tier2,2022-06-08
4651,14825,tier1,2019-03-07
4652,14826,tier1,2021-04-19
4653,14831,tier1,2019-02-27
4654,14835,tier1,2024-03-25
4655,14836,tier1,2022-10-19
4656,14838,tier1,2021-01-09
4657,14841,tier2,2023-06-26
4658,14846,tier2,2020-05-10
4659,14856,tier1,2021-01-05
4660,14858,tier2,2025-08-25
4661,14859,tier3,2022-10-26
4662,14862,tier3,2023-09-03
4663,14863,tier1,2024-08-07
4664,14866,tier3,2026-03-19
4665,14867,tier1,2025-12-27
4666,14868,tier2,2023-09-16
4667,14872,tier1,2022-12-17
4668,14881,tier2,2019-05-06
4669,14882,tier2,2024-10-08
4670,14888,tier1,2026-03-16
4671,14889,tier1,2025-03-04
4672,14892,tier1,2025-01-03
4673,14896,tier1,
4674,14897,tier2,2025-08-14
4675,14901,tier3,2025-06-28
4676,14902,tier1,2023-09-28
4677,14905,tier2,2026-04-29
4678,14906,tier2,2024-04-15
4679,14915,tier2,2025-09-20
4680,14918,tier1,2020-09-05
4681,14920,tier3,2021-09-17
4682,14921,tier1,2022-07-06
4683,14925,tier1,2023-08-12
4684,14928,tier2,2023-04-03
4685,14929,tier2,2019-11-17
4686,14930,tier3,2021-09-17
4687,14931,tier1,2023-09-08
4688,14934,tier1,2023-01-07
4689,14936,tier1,2024-01-23
4690,14939,tier1,2022-01-19
4691,14940,tier1,2019-01-13
4692,14945,tier3,2020-07-11
4693,14947,tier2,2024-10-25
4694,14950,tier2,
4695,14951,tier2,
4696,14958,tier1,2019-12-04
4697,14961,tier1,
4698,14962,tier1,2025-12-09
4699,14969,tier1,2023-01-09
4700,14972,tier2,2021-06-21
4701,14974,tier3,2024-05-28
4702,14980,tier2,2024-09-29
4703,14981,tier2,2025-08-14
4704,14982,tier2,2023-03-02
4705,14983,tier1,2020-05-22
4706,14987,tier3,2024-01-18
4707,14990,tier1,2026-06-30
4708,14991,tier1,2026-06-16
4709,14996,tier1,2024-04-18
4710,15002,tier2,2023-09-07
4711,15006,tier1,
4712,15007,tier2,2019-09-25
4713,15009,tier1,2019-04-05
4714,15015,tier2,2025-09-30
4715,15022,tier2,2021-01-24
4716,15024,tier1,2022-07-05
4717,15026,tier1,2024-02-18
4718,15032,tier3,2023-01-01
4719,15036,tier1,2022-10-22
4720,15040,tier3,2020-10-01
4721,15046,tier1,2026-06-29
4722,15050,tier2,2024-05-07
4723,15051,tier2,2022-02-18
4724,15052,tier2,2019-11-09
4725,15053,tier2,2019-01-18
4726,15057,tier2,2024-06-25
4727,15061,tier3,2019-07-23
4728,15062,tier1,2020-01-29
4729,15063,tier2,2019-06-26
4730,15067,tier1,2024-05-20
4731,15068,tier2,2024-08-18
4732,15070,tier1,2023-01-15
4733,15075,tier2,2019-09-21
4734,15076,tier1,2025-01-04
4735,15079,tier3,2021-02-14
4736,15081,tier1,2022-08-23
4737,15082,tier1,2024-09-12
4738,15096,tier2,2026-01-08
4739,15103,tier1,2019-02-19
4740,15112,tier1,2025-01-16
4741,15115,tier1,2020-08-14
4742,15117,tier2,2019-01-07
4743,15118,tier2,2021-06-16
4744,15127,tier1,2020-08-17
4745,15132,tier1,2024-02-03
4746,15133,tier2,2021-06-04
4747,15140,tier1,2019-08-14
4748,15146,tier1,2022-10-13
4749,15150,tier2,2021-02-23
4750,15155,tier2,2020-12-07
4751,15156,tier2,
4752,15158,tier1,2025-10-11
4753,15161,tier1,2022-08-01
4754,15165,tier1,2024-06-25
4755,15176,tier1,2025-03-23
4756,15178,tier2,2020-07-14
4757,15180,tier2,2019-01-08
4758,15182,tier1,2025-05-13
4759,15184,tier1,
4760,15186,tier2,2024-12-27
4761,15189,tier3,2021-01-06
4762,15196,tier1,2021-06-02
4763,15197,tier2,2025-05-25
4764,15203,tier1,2023-05-09
4765,15210,tier1,2025-12-20
4766,15211,tier1,2025-02-03
4767,15212,tier2,2023-01-20
4768,15217,tier1,2025-02-05
4769,15219,tier1,2020-05-27
4770,15225,tier1,2023-07-29
4771,15226,tier1,2025-12-11
4772,15231,tier1,2019-10-30
4773,15233,tier1,
4774,15235,tier2,2020-02-01
4775,15239,tier1,2019-05-18
4776,15244,tier3,2025-06-16
4777,15250,tier1,2025-06-15
4778,15258,tier2,
4779,15259,tier3,2021-10-14
4780,15260,tier1,2024-03-01
4781,15263,tier3,2025-04-28
4782,15264,tier1,2023-08-17
4783,15267,tier1,2022-04-14
4784,15268,tier1,
4785,15270,tier1,
4786,15276,tier1,2025-12-11
4787,15284,tier1,2019-04-27
4788,15286,tier2,2020-12-17
4789,15288,tier2,2023-05-09
4790,15292,tier3,2022-05-16
4791,15296,tier3,2023-11-23
4792,15298,tier2,2025-12-20
4793,15300,tier1,
4794,15301,tier2,2019-03-06
4795,15302,tier3,2023-08-17
4796,15303,tier1,2022-11-04
4797,15304,tier2,2020-11-02
4798,15307,tier1,2021-02-01
4799,15318,tier3,
4800,15319,tier2,2021-12-02
4801,15320,tier3,2021-10-10
4802,15321,tier1,2021-04-16
4803,15326,tier1,2020-12-11
4804,15328,tier2,2020-03-25
4805,15330,tier1,2022-11-23
4806,15334,tier2,
4807,15336,tier2,2023-07-21
4808,15337,tier1,2025-05-30
4809,15342,tier1,2022-05-16
4810,15343,tier2,2022-04-27
4811,15349,tier3,2024-12-03
4812,15351,tier2,2020-03-24
4813,15358,tier2,2019-05-11
4814,15360,tier1,2025-05-09
4815,15361,tier1,2021-02-01
4816,15363,tier2,2025-07-25
4817,15365,tier1,2020-12-22
4818,15376,tier1,2019-08-30
4819,15378,tier2,2020-12-07
4820,15382,tier1,2021-05-22
4821,15389,tier2,2022-09-03
4822,15396,tier2,
4823,15400,tier1,2019-05-02
4824,15403,tier2,
4825,15410,tier3,2019-04-13
4826,15415,tier1,2022-03-19
4827,15421,tier1,2022-04-05
4828,15423,tier2,2020-10-25
4829,15424,tier1,2019-03-17
4830,15427,tier1,2025-09-06
4831,15431,tier2,2024-12-01
4832,15433,tier1,2021-06-13
4833,15438,tier2,2022-02-14
4834,15440,tier2,2026-01-01
4835,15446,tier2,2020-08-11
4836,15448,tier1,2020-11-26
4837,15450,tier1,2021-10-15
4838,15452,tier1,2024-11-16
4839,15456,tier3,2019-02-01
4840,15458,tier1,2024-01-25
4841,15460,tier1,2024-12-13
4842,15461,tier2,2024-02-15
4843,15463,tier2,2025-12-29
4844,15464,tier3,2019-10-06
4845,15465,tier1,2020-02-16
4846,15466,tier1,2022-10-04
4847,15467,tier1,2019-05-25
4848,15469,tier3,2023-05-07
4849,15470,tier2,2022-08-29
4850,15474,tier3,2023-12-04
4851,15476,tier1,2022-05-01
4852,15477,tier2,2019-05-20
4853,15484,tier1,
4854,15487,tier2,2019-09-27
4855,15488,tier2,2024-11-23
4856,15492,tier1,2019-04-25
4857,15507,tier1,2026-02-02
4858,15514,tier2,2025-02-15
4859,15518,tier1,2023-05-09
4860,15523,tier1,2020-06-30
4861,15529,tier3,2021-06-16
4862,15530,tier1,2024-06-01
4863,15534,tier3,2023-05-12
4864,15535,tier2,2019-10-26
4865,15536,tier2,2021-12-17
4866,15544,tier2,2019-03-03
4867,15546,tier2,
4868,15548,tier2,2023-04-30
4869,15549,tier1,2023-03-11
4870,15551,tier1,
4871,15555,tier2,2020-07-23
4872,15557,tier1,
4873,15558,tier3,2020-05-12
4874,15559,tier1,2026-03-18
4875,15564,tier2,2026-04-17
4876,15569,tier2,2022-10-29
4877,15572,tier1,2019-11-06
4878,15579,tier2,2019-03-13
4879,15581,tier3,2019-07-14
4880,15585,tier2,2024-07-06
4881,15589,tier3,2024-08-05
4882,15590,tier2,2019-02-03
4883,15605,tier1,2022-07-20
4884,15607,tier1,2020-08-22
4885,15609,tier1,2026-05-20
4886,15611,tier2,2025-09-06
4887,15614,tier1,2022-06-04
4888,15616,tier3,
4889,15618,tier1,2022-01-09
4890,15625,tier1,2023-04-12
4891,15626,tier2,2023-01-08
4892,15629,tier1,2025-06-25
4893,15630,tier1,2019-12-12
4894,15633,tier2,2023-08-13
4895,15634,tier2,2023-09-10
4896,15639,tier1,2024-12-30
4897,15643,tier3,2021-02-09
4898,15644,tier1,2025-01-31
4899,15653,tier2,2021-03-06
4900,15654,tier1,2024-05-24
4901,15656,tier2,2023-12-04
4902,15661,tier1,
4903,15663,tier1,2023-12-15
4904,15664,tier1,2023-04-26
4905,15673,tier1,2023-10-06
4906,15675,tier1,2021-04-01
4907,15679,tier1,2023-08-02
4908,15681,tier2,
4909,15682,tier2,2022-02-25
4910,15684,tier2,
4911,15685,tier1,2023-08-27
4912,15689,tier2,
4913,15692,tier3,2020-06-25
4914,15696,tier1,2020-05-13
4915,15701,tier2,2025-11-29
4916,15702,tier1,2021-04-16
4917,15703,tier1,2019-06-05
4918,15708,tier2,2020-11-09
4919,15712,tier3,2025-10-29
4920,15714,tier2,2021-04-20
4921,15719,tier2,2025-04-01
4922,15721,tier3,2021-12-17
4923,15722,tier1,
4924,15728,tier1,2022-05-03
4925,15733,tier1,
4926,15735,tier3,2024-10-28
4927,15739,tier3,2022-05-14
4928,15742,tier2,
4929,15745,tier1,2021-02-26
4930,15746,tier2,2022-01-26
4931,15749,tier3,
4932,15751,tier1,2026-03-10
4933,15759,tier2,2020-01-08
4934,15770,tier2,2022-07-12
4935,15772,tier1,2022-11-24
4936,15785,tier3,2026-02-23
4937,15789,tier2,2022-06-27
4938,15794,tier2,
4939,15799,tier1,2021-11-10
4940,15800,tier3,2023-09-08
4941,15805,tier1,2020-05-06
4942,15806,tier1,2025-01-08
4943,15811,tier3,2020-06-10
4944,15814,tier3,2021-06-20
4945,15818,tier2,2025-09-21
4946,15826,tier2,2023-02-06
4947,15831,tier2,2023-02-20
4948,15834,tier2,2019-01-18
4949,15835,tier3,2022-08-09
4950,15837,tier1,2020-03-09
4951,15843,tier1,
4952,15844,tier2,2019-09-20
4953,15845,tier1,2021-10-06
4954,15846,tier3,2026-01-06
4955,15852,tier2,2020-01-30
4956,15857,tier2,2023-02-25
4957,15858,tier2,
4958,15859,tier2,
4959,15860,tier1,2019-11-25
4960,15861,tier1,2019-08-18
4961,15862,tier2,2022-07-30
4962,15864,tier2,2023-12-15
4963,15866,tier1,2022-04-16
4964,15870,tier2,2026-01-12
4965,15875,tier1,
4966,15877,tier1,
4967,15878,tier2,2023-01-28
4968,15886,tier1,2025-04-22
4969,15891,tier1,2024-10-17
4970,15893,tier2,2019-11-06
4971,15895,tier1,2025-03-29
4972,15896,tier2,2024-09-21
4973,15901,tier2,2025-04-26
4974,15905,tier1,
4975,15908,tier2,2021-10-03
4976,15912,tier1,2021-12-25
4977,15913,tier2,2019-07-21
4978,15915,tier3,2019-06-11
4979,15916,tier1,2025-02-07
4980,15918,tier1,2022-12-24
4981,15920,tier1,2019-12-03
4982,15924,tier2,2020-12-23
4983,15925,tier2,2023-12-19
4984,15928,tier1,2023-10-30
4985,15929,tier2,2020-11-17
4986,15930,tier1,2023-04-20
4987,15934,tier3,2020-03-30
4988,15942,tier1,2025-06-17
4989,15951,tier2,2020-01-27
4990,15959,tier2,2021-08-17
4991,15961,tier1,2021-08-09
4992,15962,tier1,2021-11-25
4993,15964,tier3,2025-11-24
4994,15965,tier2,2020-12-29
4995,15966,tier1,2022-09-14
4996,15972,tier1,2023-10-31
4997,15973,tier2,2021-02-02
4998,15974,tier1,2019-04-27
4999,15978,tier2,2020-10-26
5000,15985,tier1,2023-02-16
5001,15986,tier1,2026-01-23
5002,15991,tier2,2024-12-07
5003,15994,tier1,2025-07-02
5004,15997,tier2,2023-02-16
5005,16002,tier2,2020-11-06
5006,16003,tier1,2019-09-05
5007,16017,tier1,2023-11-13
5008,16018,tier2,2020-05-25
5009,16028,tier3,2024-12-04
5010,16030,tier1,2021-08-29
5011,16032,tier1,2020-07-05
5012,16033,tier2,2021-07-16
5013,16041,tier1,2020-08-30
5014,16045,tier1,
5015,16053,tier3,2022-01-31
5016,16064,tier2,
5017,16068,tier2,2021-03-16
5018,16069,tier1,2021-01-10
5019,16073,tier3,2020-11-27
5020,16078,tier1,2024-11-20
5021,16080,tier2,2019-10-10
5022,16082,tier2,2019-12-22
5023,16084,tier2,2022-10-14
5024,16085,tier2,
5025,16094,tier1,2019-08-22
5026,16097,tier3,2024-01-09
5027,16098,tier1,
5028,16106,tier2,2022-11-14
5029,16107,tier1,2025-04-23
5030,16109,tier3,2026-01-13
5031,16113,tier2,2024-08-13
5032,16114,tier2,2020-08-02
5033,16120,tier1,2022-03-26
5034,16124,tier1,
5035,16125,tier2,2022-09-20
5036,16130,tier1,2019-12-29
5037,16131,tier1,2021-07-03
5038,16133,tier2,2024-02-07
5039,16134,tier3,2021-07-21
5040,16135,tier1,2022-09-19
5041,16145,tier1,
5042,16148,tier1,2021-12-07
5043,16151,tier1,2021-05-11
5044,16154,tier1,2023-02-06
5045,16157,tier1,2022-04-01
5046,16167,tier2,2019-03-13
5047,16168,tier1,2019-05-24
5048,16170,tier1,
5049,16182,tier1,2024-05-27
5050,16183,tier2,2021-06-12
5051,16187,tier3,2024-11-09
5052,16188,tier2,
5053,16189,tier2,2026-06-28
5054,16190,tier1,2024-11-13
5055,16191,tier1,2021-04-25
5056,16192,tier2,2023-01-06
5057,16198,tier1,2023-09-16
5058,16199,tier2,2024-03-16
5059,16201,tier3,2022-01-12
5060,16203,tier1,
5061,16205,tier2,2026-05-19
5062,16210,tier1,2026-05-15
5063,16211,tier3,2020-09-30
5064,16215,tier2,2021-11-09
5065,16217,tier2,2021-03-28
5066,16222,tier3,2019-05-24
5067,16224,tier2,2024-12-29
5068,16225,tier3,2024-10-01
5069,16226,tier1,2025-09-20
5070,16227,tier3,2024-09-29
5071,16229,tier1,2022-09-22
5072,16233,tier2,2020-12-17
5073,16236,tier1,2026-06-04
5074,16237,tier3,2022-01-30
5075,16238,tier1,2024-07-14
5076,16239,tier1,2023-02-26
5077,16241,tier1,2019-08-24
5078,16242,tier1,2019-01-26
5079,16244,tier2,2019-12-18
5080,16246,tier1,2024-01-07
5081,16247,tier1,
5082,16248,tier2,2019-09-07
5083,16252,tier2,2021-10-08
5084,16259,tier1,
5085,16260,tier1,
5086,16265,tier3,
5087,16269,tier2,2021-08-30
5088,16276,tier1,2020-01-29
5089,16278,tier1,2025-01-20
5090,16282,tier2,2021-09-19
5091,16283,tier2,2025-07-07
5092,16284,tier2,2023-11-23
5093,16286,tier1,
5094,16294,tier1,2019-05-03
5095,16298,tier3,2020-02-27
5096,16301,tier1,
5097,16303,tier2,2023-07-24
5098,16304,tier1,
5099,16308,tier1,2022-11-10
5100,16316,tier1,2019-08-26
5101,16317,tier2,2022-07-21
5102,16320,tier2,2022-04-15
5103,16324,tier3,2020-11-21
5104,16329,tier2,2022-01-16
5105,16339,tier2,2025-03-12
5106,16340,tier1,
5107,16342,tier2,2021-09-05
5108,16343,tier2,2021-06-01
5109,16344,tier1,2026-05-07
5110,16345,tier1,2023-12-18
5111,16346,tier3,
5112,16358,tier3,
5113,16363,tier1,2024-07-26
5114,16368,tier3,2023-08-22
5115,16371,tier2,2021-07-27
5116,16378,tier1,2022-05-15
5117,16380,tier1,2025-05-21
5118,16384,tier1,2021-12-10
5119,16386,tier1,2020-12-25
5120,16389,tier3,2022-08-13
5121,16395,tier1,
5122,16398,tier1,2022-02-24
5123,16401,tier1,2024-05-09
5124,16405,tier3,2020-04-08
5125,16406,tier1,2021-07-31
5126,16409,tier1,2022-05-25
5127,16412,tier2,2023-04-03
5128,16419,tier1,2021-09-28
5129,16421,tier2,2022-07-08
5130,16422,tier1,2026-03-13
5131,16425,tier1,2021-07-14
5132,16432,tier1,2024-01-27
5133,16433,tier1,
5134,16436,tier2,2021-05-08
5135,16437,tier3,2021-10-06
5136,16439,tier2,
5137,16440,tier1,2020-08-06
5138,16449,tier1,2021-05-14
5139,16453,tier3,2021-11-27
5140,16456,tier2,2019-01-29
5141,16457,tier1,2022-01-24
5142,16464,tier2,2021-04-19
5143,16465,tier2,2024-01-23
5144,16466,tier2,
5145,16470,tier1,2020-01-03
5146,16472,tier3,2021-10-29
5147,16474,tier3,2023-04-21
5148,16476,tier1,
5149,16477,tier1,2025-10-20
5150,16478,tier1,2025-10-14
5151,16480,tier2,2020-02-11
5152,16481,tier2,2023-04-14
5153,16484,tier1,2019-11-30
5154,16488,tier2,2020-05-31
5155,16490,tier1,2021-01-03
5156,16491,tier2,2020-01-16
5157,16493,tier2,
5158,16496,tier1,2021-04-13
5159,16500,tier1,2020-05-09
5160,16503,tier2,2020-03-05
5161,16508,tier2,2020-01-13
5162,16513,tier2,
5163,16519,tier2,2022-02-09
5164,16520,tier1,2020-10-07
5165,16524,tier2,
5166,16527,tier1,
5167,16528,tier2,2022-09-09
5168,16531,tier1,2023-04-03
5169,16533,tier1,2023-07-19
5170,16534,tier1,2019-01-06
5171,16542,tier2,2019-11-10
5172,16543,tier2,2021-05-16
5173,16546,tier1,2020-07-15
5174,16554,tier1,2024-02-18
5175,16555,tier2,2025-07-11
5176,16561,tier2,2020-08-19
5177,16563,tier2,2024-12-31
5178,16565,tier2,2021-04-10
5179,16570,tier2,2022-06-14
5180,16571,tier2,2026-06-15
5181,16574,tier1,2023-03-22
5182,16589,tier3,2025-05-04
5183,16594,tier1,
5184,16598,tier1,
5185,16599,tier1,2019-08-24
5186,16602,tier1,2024-03-17
5187,16605,tier1,2025-11-07
5188,16609,tier1,2019-08-20
5189,16613,tier1,2026-03-07
5190,16618,tier1,2021-01-18
5191,16620,tier1,
5192,16625,tier2,2022-03-01
5193,16630,tier1,2022-09-14
5194,16632,tier1,2022-01-03
5195,16633,tier3,2021-10-09
5196,16635,tier2,
5197,16638,tier3,2023-09-20
5198,16639,tier1,2022-06-12
5199,16640,tier2,2025-12-17
5200,16641,tier2,2024-03-21
5201,16646,tier1,2022-05-09
5202,16647,tier2,2023-07-30
5203,16649,tier1,2022-08-12
5204,16650,tier2,2022-03-16
5205,16654,tier1,2019-06-09
5206,16656,tier1,2020-01-24
5207,16657,tier1,
5208,16660,tier3,2026-05-22
5209,16662,tier1,2019-01-27
5210,16663,tier2,2024-05-20
5211,16666,tier1,2020-10-15
5212,16669,tier1,2026-06-24
5213,16674,tier2,2022-12-22
5214,16675,tier2,2023-11-10
5215,16679,tier1,2022-05-29
5216,16680,tier1,2020-03-27
5217,16681,tier3,2020-12-20
5218,16682,tier1,2023-05-01
5219,16683,tier2,2022-01-09
5220,16684,tier1,2023-10-11
5221,16689,tier1,2024-05-30
5222,16692,tier1,2022-09-13
5223,16693,tier2,2023-06-19
5224,16698,tier1,2021-04-21
5225,16707,tier2,2023-03-26
5226,16710,tier2,2021-07-30
5227,16712,tier2,2025-01-13
5228,16713,tier1,2019-11-21
5229,16718,tier2,2020-07-15
5230,16720,tier2,2019-01-09
5231,16721,tier1,2024-01-05
5232,16729,tier3,2020-08-30
5233,16732,tier3,2023-02-03
5234,16733,tier1,
5235,16735,tier2,2024-10-15
5236,16737,tier1,2023-02-07
5237,16739,tier1,2019-10-04
5238,16743,tier1,2025-11-02
5239,16744,tier1,2022-11-27
5240,16746,tier2,2020-01-03
5241,16747,tier2,2020-11-15
5242,16749,tier2,2021-11-15
5243,16750,tier3,2025-12-21
5244,16752,tier1,2025-07-12
5245,16760,tier1,2021-07-25
5246,16763,tier2,2021-03-04
5247,16765,tier2,2021-10-06
5248,16766,tier2,2025-08-21
5249,16773,tier2,2023-03-06
5250,16774,tier1,2025-03-12
5251,16776,tier2,2025-12-29
5252,16780,tier1,
5253,16781,tier3,
5254,16785,tier1,2022-11-30
5255,16787,tier2,2024-01-02
5256,16788,tier1,2025-07-12
5257,16793,tier1,2025-03-03
5258,16797,tier2,2023-08-31
5259,16799,tier1,
5260,16802,tier3,2024-11-07
5261,16803,tier1,2024-04-29
5262,16804,tier2,2024-12-13
5263,16808,tier1,2024-02-19
5264,16816,tier1,2022-11-19
5265,16818,tier1,2020-12-15
5266,16828,tier1,2021-11-21
5267,16844,tier2,2024-10-03
5268,16848,tier1,
5269,16849,tier1,2023-02-23
5270,16853,tier1,
5271,16856,tier1,2022-02-02
5272,16859,tier1,
5273,16860,tier2,2023-02-13
5274,16863,tier1,
5275,16865,tier3,2024-03-09
5276,16869,tier2,2024-04-21
5277,16870,tier2,2022-03-23
5278,16873,tier1,2025-06-29
5279,16876,tier1,2021-05-06
5280,16877,tier2,2020-12-08
5281,16879,tier1,2025-11-17
5282,16880,tier1,2024-01-10
5283,16881,tier1,2023-09-19
5284,16883,tier1,
5285,16886,tier1,2021-08-06
5286,16888,tier1,2026-03-12
5287,16896,tier1,2024-09-05
5288,16900,tier1,2019-02-05
5289,16911,tier2,2022-10-13
5290,16914,tier3,2021-05-16
5291,16916,tier2,2019-08-02
5292,16924,tier1,
5293,16925,tier1,2019-08-18
5294,16926,tier3,2025-05-11
5295,16928,tier2,2024-10-01
5296,16929,tier1,2024-02-10
5297,16932,tier1,2025-05-01
5298,16938,tier1,2022-11-06
5299,16945,tier3,
5300,16946,tier1,2020-07-24
5301,16954,tier3,2025-10-10
5302,16955,tier2,2019-10-06
5303,16956,tier2,2025-10-06
5304,16960,tier1,2026-03-05
5305,16963,tier1,2021-04-12
5306,16964,tier1,2020-07-29
5307,16966,tier1,2022-11-19
5308,16967,tier2,2025-11-16
5309,16970,tier2,2022-06-05
5310,16974,tier1,2019-01-17
5311,16975,tier1,2024-10-05
5312,16976,tier2,2019-04-09
5313,16977,tier1,2022-09-24
5314,16978,tier2,2020-02-03
5315,16979,tier1,2025-08-18
5316,16981,tier1,2019-12-13
5317,16982,tier2,2023-08-15
5318,16985,tier2,2022-03-02
5319,16991,tier1,2025-01-24
5320,17004,tier2,2020-09-22
5321,17005,tier2,2024-09-25
5322,17010,tier1,2025-05-25
5323,17012,tier1,2024-09-10
5324,17013,tier2,2022-04-13
5325,17014,tier2,2021-09-28
5326,17021,tier1,2019-07-31
5327,17027,tier3,2021-11-22
5328,17028,tier3,2019-02-25
5329,17036,tier2,2025-04-29
5330,17039,tier1,2024-12-19
5331,17050,tier2,2025-11-26
5332,17053,tier1,2021-12-06
5333,17058,tier2,2025-08-23
5334,17060,tier3,2025-07-27
5335,17061,tier1,2022-02-12
5336,17066,tier1,2019-10-28
5337,17067,tier1,2021-04-18
5338,17073,tier3,2024-11-10
5339,17074,tier3,2019-06-18
5340,17082,tier2,
5341,17089,tier2,2021-01-10
5342,17095,tier2,2023-05-18
5343,17096,tier1,2022-10-13
5344,17100,tier1,2025-08-14
5345,17102,tier1,
5346,17103,tier1,
5347,17104,tier2,2020-04-17
5348,17106,tier2,
5349,17107,tier1,2023-07-04
5350,17115,tier1,2019-10-25
5351,17116,tier1,2020-02-18
5352,17121,tier2,2023-06-05
5353,17125,tier1,2021-08-08
5354,17127,tier1,2022-09-24
5355,17129,tier2,2024-05-05
5356,17136,tier1,2022-04-28
5357,17142,tier1,2025-06-29
5358,17144,tier2,2022-10-04
5359,17145,tier3,2019-05-06
5360,17151,tier2,2021-06-18
5361,17152,tier3,2021-07-11
5362,17158,tier2,2023-09-07
5363,17159,tier1,2025-02-16
5364,17160,tier3,2020-12-24
5365,17162,tier2,2022-12-19
5366,17166,tier3,2026-04-05
5367,17176,tier2,2022-04-27
5368,17178,tier3,2021-12-12
5369,17179,tier2,2020-07-08
5370,17183,tier1,2023-05-26
5371,17184,tier3,2019-03-02
5372,17189,tier1,2024-11-03
5373,17193,tier1,2020-08-07
5374,17194,tier2,2021-06-16
5375,17198,tier1,2022-04-11
5376,17199,tier1,2019-03-14
5377,17201,tier1,2025-11-09
5378,17202,tier3,2022-02-24
5379,17205,tier1,2026-03-27
5380,17207,tier2,2023-06-07
5381,17208,tier1,2021-11-16
5382,17212,tier1,2021-10-28
5383,17219,tier1,2024-08-25
5384,17221,tier2,2022-07-22
5385,17224,tier2,2022-10-27
5386,17229,tier1,2022-06-28
5387,17232,tier3,2022-01-27
5388,17234,tier2,2020-06-23
5389,17235,tier1,2023-07-17
5390,17236,tier1,2020-11-10
5391,17238,tier1,
5392,17241,tier1,2020-11-16
5393,17249,tier3,2021-04-13
5394,17255,tier1,2025-03-11
5395,17258,tier2,2025-11-02
5396,17263,tier2,2021-09-15
5397,17269,tier2,2020-03-06
5398,17271,tier1,2019-07-31
5399,17275,tier2,2021-03-09
5400,17276,tier1,2019-08-30
5401,17277,tier2,2020-11-05
5402,17278,tier2,2020-12-03
5403,17282,tier3,2023-05-07
5404,17289,tier2,2025-12-25
5405,17290,tier2,2022-07-02
5406,17293,tier3,2024-02-13
5407,17297,tier1,2025-02-11
5408,17298,tier2,2019-07-01
5409,17299,tier1,2025-03-30
5410,17300,tier1,2022-06-16
5411,17304,tier1,2019-09-25
5412,17305,tier1,2026-03-27
5413,17312,tier3,2020-01-13
5414,17318,tier1,2020-06-16
5415,17323,tier1,2026-03-23
5416,17324,tier1,2022-06-11
5417,17325,tier3,2023-08-17
5418,17333,tier1,2019-07-17
5419,17334,tier1,2023-04-03
5420,17337,tier2,2022-08-17
5421,17340,tier1,
5422,17341,tier1,2023-08-13
5423,17342,tier2,2024-01-28
5424,17346,tier1,2022-07-07
5425,17347,tier2,2021-07-15
5426,17349,tier1,2023-09-25
5427,17351,tier1,2020-02-17
5428,17352,tier1,2020-04-05
5429,17355,tier1,2023-01-06
5430,17358,tier1,2026-03-07
5431,17360,tier1,2025-04-14
5432,17362,tier1,2019-08-25
5433,17364,tier1,2024-10-25
5434,17370,tier1,
5435,17378,tier1,2024-07-11
5436,17382,tier1,2019-01-12
5437,17383,tier3,2023-12-14
5438,17386,tier1,2019-10-09
5439,17389,tier2,2022-11-27
5440,17390,tier1,2025-01-21
5441,17391,tier1,2025-01-05
5442,17392,tier2,2024-07-19
5443,17398,tier1,
5444,17399,tier2,2022-03-01
5445,17400,tier2,2026-06-05
5446,17401,tier3,2020-01-17
5447,17402,tier3,2022-09-22
5448,17403,tier1,2023-12-01
5449,17404,tier1,2019-06-13
5450,17409,tier3,2019-02-15
5451,17414,tier1,2025-06-01
5452,17428,tier1,
5453,17431,tier3,2025-12-28
5454,17438,tier2,2019-12-21
5455,17443,tier2,2022-08-07
5456,17445,tier2,2024-12-16
5457,17448,tier3,2019-09-04
5458,17449,tier1,2020-07-17
5459,17452,tier3,
5460,17454,tier1,2024-06-30
5461,17461,tier1,2021-08-13
5462,17471,tier1,2024-11-19
5463,17475,tier2,
5464,17476,tier1,2024-12-14
5465,17478,tier1,2026-05-01
5466,17479,tier2,2020-03-02
5467,17485,tier2,
5468,17489,tier1,2022-07-07
5469,17490,tier1,
5470,17492,tier2,2019-06-23
5471,17494,tier1,2023-05-10
5472,17495,tier1,
5473,17501,tier3,2026-03-03
5474,17513,tier1,2023-02-17
5475,17514,tier1,2021-12-06
5476,17516,tier2,2023-07-13
5477,17517,tier1,2026-02-24
5478,17519,tier1,2021-04-28
5479,17522,tier1,2024-03-22
5480,17524,tier1,2021-06-28
5481,17526,tier1,2022-04-15
5482,17529,tier1,2019-05-27
5483,17530,tier3,2022-01-13
5484,17537,tier1,2026-01-02
5485,17538,tier2,2024-08-12
5486,17539,tier1,2020-02-06
5487,17546,tier2,2024-06-05
5488,17548,tier1,2019-08-02
5489,17552,tier1,2023-11-09
5490,17555,tier1,
5491,17556,tier1,2026-05-23
5492,17562,tier2,2020-09-24
5493,17564,tier3,2024-03-19
5494,17567,tier1,2022-07-05
5495,17568,tier2,2023-09-30
5496,17569,tier2,2019-12-24
5497,17573,tier3,2020-07-05
5498,17575,tier1,2024-10-27
5499,17576,tier2,2025-09-07
5500,17579,tier2,2020-05-06
5501,17580,tier3,2025-01-31
5502,17581,tier2,
5503,17582,tier2,
5504,17586,tier1,2026-01-27
5505,17591,tier2,2022-08-21
5506,17594,tier1,
5507,17598,tier1,2019-02-12
5508,17603,tier2,2020-07-18
5509,17608,tier1,2020-10-01
5510,17612,tier2,2024-12-24
5511,17613,tier2,2019-11-21
5512,17616,tier1,2025-12-29
5513,17617,tier1,2023-07-14
5514,17622,tier1,2026-05-22
5515,17626,tier2,2022-01-09
5516,17627,tier3,2024-01-05
5517,17629,tier3,2023-01-12
5518,17637,tier1,2019-02-16
5519,17648,tier1,2021-10-09
5520,17649,tier2,2019-06-03
5521,17651,tier2,2024-05-08
5522,17652,tier1,
5523,17654,tier2,2021-04-03
5524,17655,tier1,2019-02-25
5525,17656,tier2,2021-12-08
5526,17659,tier1,2024-03-05
5527,17660,tier1,2019-08-29
5528,17671,tier2,2024-09-01
5529,17672,tier2,2023-09-06
5530,17673,tier1,
5531,17674,tier1,2023-07-25
5532,17678,tier1,2024-12-12
5533,17679,tier1,
5534,17683,tier1,2020-05-22
5535,17685,tier2,
5536,17686,tier2,2026-04-10
5537,17687,tier1,
5538,17689,tier2,2023-11-01
5539,17692,tier2,2022-11-22
5540,17698,tier2,2022-01-01
5541,17699,tier2,2022-11-20
5542,17700,tier2,2022-12-27
5543,17701,tier2,2025-09-25
5544,17703,tier2,2025-10-26
5545,17705,tier1,2022-11-06
5546,17713,tier2,2023-12-04
5547,17714,tier3,
5548,17720,tier3,2023-12-12
5549,17727,tier2,2021-12-07
5550,17728,tier1,2024-11-06
5551,17735,tier1,2025-07-19
5552,17736,tier2,2022-12-16
5553,17751,tier1,2021-09-24
5554,17753,tier1,2023-10-04
5555,17764,tier1,2024-05-01
5556,17765,tier1,2023-10-09
5557,17768,tier1,2022-09-23
5558,17769,tier3,2019-04-02
5559,17770,tier1,
5560,17771,tier1,2020-12-26
5561,17775,tier1,2025-10-28
5562,17780,tier2,2026-05-02
5563,17782,tier2,2022-06-03
5564,17785,tier1,2023-01-01
5565,17786,tier1,2021-11-05
5566,17793,tier2,2024-12-11
5567,17796,tier1,2019-11-06
5568,17797,tier2,2025-03-20
5569,17798,tier3,2025-03-07
5570,17808,tier2,2023-09-05
5571,17811,tier3,2021-05-10
5572,17817,tier2,2022-12-26
5573,17818,tier2,2023-03-30
5574,17819,tier1,2023-10-29
5575,17824,tier3,2023-06-26
5576,17826,tier1,
5577,17829,tier2,
5578,17831,tier2,2020-06-12
5579,17833,tier2,2020-04-04
5580,17836,tier3,2024-07-21
5581,17838,tier1,2022-04-12
5582,17840,tier3,2021-05-19
5583,17842,tier2,2026-04-19
5584,17844,tier2,2019-07-21
5585,17845,tier1,2022-01-03
5586,17849,tier1,2026-04-21
5587,17851,tier3,2025-03-14
5588,17857,tier1,2024-07-07
5589,17861,tier1,2022-10-19
5590,17862,tier2,2019-03-31
5591,17863,tier2,2025-09-12
5592,17864,tier1,2021-10-14
5593,17865,tier2,2021-09-28
5594,17866,tier3,2021-12-07
5595,17867,tier1,
5596,17868,tier1,2021-04-15
5597,17870,tier1,
5598,17871,tier2,2020-03-08
5599,17874,tier1,2021-04-11
5600,17876,tier1,2020-01-29
5601,17885,tier3,2023-08-03
5602,17886,tier1,2019-01-02
5603,17890,tier2,2021-03-26
5604,17891,tier1,2025-03-10
5605,17895,tier1,2021-05-16
5606,17896,tier2,2024-11-05
5607,17897,tier2,2025-05-09
5608,17904,tier2,2021-12-08
5609,17907,tier2,2022-12-05
5610,17917,tier2,2021-07-06
5611,17920,tier1,2023-04-30
5612,17922,tier1,2020-10-14
5613,17928,tier2,2020-09-28
5614,17931,tier2,2025-04-11
5615,17936,tier1,2025-01-30
5616,17937,tier2,2019-03-25
5617,17941,tier1,2024-10-05
5618,17942,tier3,2022-04-03
5619,17944,tier3,2025-12-22
5620,17947,tier1,2022-06-15
5621,17948,tier1,
5622,17949,tier1,2020-04-11
5623,17951,tier1,2020-01-25
5624,17953,tier3,2021-09-09
5625,17954,tier1,2025-12-31
5626,17957,tier2,2025-06-15
5627,17958,tier2,2020-10-30
5628,17965,tier2,2024-10-17
5629,17969,tier2,2025-02-21
5630,17970,tier2,2019-12-22
5631,17975,tier3,2022-02-17
5632,17977,tier2,2020-05-21
5633,17984,tier1,2020-11-03
5634,17994,tier2,2023-08-30
5635,17998,tier2,2020-08-22
5636,18002,tier3,2024-04-25
5637,18013,tier1,2022-02-08
5638,18014,tier1,2019-06-08
5639,18015,tier1,2021-03-24
5640,18016,tier1,2019-08-23
5641,18017,tier1,2022-03-02
5642,18019,tier1,2024-12-20
5643,18020,tier2,2025-05-15
5644,18023,tier2,2023-05-11
5645,18025,tier2,2019-08-03
5646,18031,tier3,2020-10-19
5647,18032,tier2,2023-03-31
5648,18036,tier2,2021-12-28
5649,18037,tier2,2021-06-16
5650,18038,tier1,2022-02-04
5651,18040,tier1,2020-09-07
5652,18045,tier2,2020-03-18
5653,18054,tier2,2020-03-15
5654,18058,tier2,2026-01-26
5655,18063,tier1,2021-12-16
5656,18069,tier2,2025-02-21
5657,18071,tier1,2024-08-12
5658,18076,tier2,2021-10-09
5659,18077,tier1,
5660,18080,tier1,2019-06-04
5661,18083,tier1,2019-04-06
5662,18100,tier3,2020-08-08
5663,18102,tier1,
5664,18103,tier1,2021-09-25
5665,18105,tier2,2026-03-03
5666,18106,tier1,2024-09-02
5667,18109,tier2,2024-01-28
5668,18115,tier1,2021-08-11
5669,18117,tier1,2019-06-11
5670,18118,tier1,2019-07-10
5671,18119,tier3,2020-07-09
5672,18120,tier2,2020-01-10
5673,18121,tier2,2024-10-04
5674,18123,tier1,2023-11-04
5675,18125,tier1,2020-04-08
5676,18127,tier1,
5677,18132,tier1,2022-05-03
5678,18141,tier1,2026-05-14
5679,18142,tier3,2026-01-07
5680,18143,tier1,2019-01-06
5681,18146,tier3,2025-07-08
5682,18149,tier1,2025-04-05
5683,18154,tier1,2019-11-13
5684,18162,tier2,2021-09-30
5685,18166,tier3,
5686,18177,tier2,2025-03-06
5687,18179,tier3,2026-01-30
5688,18184,tier2,2020-08-20
5689,18193,tier1,2025-12-23
5690,18194,tier3,2025-07-23
5691,18196,tier1,2020-01-13
5692,18206,tier1,2022-08-09
5693,18207,tier1,2024-08-29
5694,18212,tier2,
5695,18217,tier1,2020-02-25
5696,18218,tier2,2020-09-23
5697,18219,tier2,2021-08-02
5698,18220,tier1,2020-03-20
5699,18221,tier2,2019-07-09
5700,18225,tier1,2020-05-09
5701,18227,tier2,2023-05-12
5702,18228,tier2,2025-06-12
5703,18231,tier3,2024-05-23
5704,18239,tier1,2020-12-30
5705,18249,tier1,2019-08-02
5706,18251,tier1,2025-10-14
5707,18255,tier3,2025-08-27
5708,18260,tier1,2023-06-06
5709,18261,tier1,
5710,18266,tier1,2022-11-18
5711,18272,tier1,2020-06-06
5712,18273,tier1,2024-10-19
5713,18281,tier1,2020-02-25
5714,18282,tier1,
5715,18285,tier2,2019-04-02
5716,18286,tier2,
5717,18293,tier1,2025-07-26
5718,18294,tier2,2019-08-31
5719,18296,tier2,2019-02-03
5720,18301,tier1,2024-01-06
5721,18305,tier1,2022-12-11
5722,18306,tier1,2023-02-19
5723,18310,tier2,2024-12-24
5724,18311,tier1,2025-12-07
5725,18312,tier1,2023-10-01
5726,18313,tier3,2024-09-04
5727,18318,tier3,2023-08-14
5728,18325,tier1,2023-03-03
5729,18326,tier1,2021-12-22
5730,18327,tier1,2023-08-14
5731,18331,tier1,2022-04-02
5732,18333,tier1,2024-09-25
5733,18334,tier2,2022-03-25
5734,18336,tier3,2026-05-12
5735,18338,tier2,2020-07-25
5736,18341,tier1,
5737,18342,tier1,
5738,18343,tier2,2026-01-19
5739,18349,tier1,2022-09-19
5740,18357,tier2,
5741,18360,tier2,2023-12-17
5742,18365,tier2,2023-01-17
5743,18372,tier1,2021-10-27
5744,18374,tier1,2021-04-07
5745,18376,tier1,2020-11-14
5746,18379,tier2,2021-07-01
5747,18381,tier2,2026-01-15
5748,18383,tier2,2021-06-29
5749,18385,tier1,2022-01-18
5750,18388,tier2,2019-08-18
5751,18389,tier2,
5752,18391,tier2,2021-07-01
5753,18393,tier1,2023-04-29
5754,18395,tier2,2021-02-24
5755,18397,tier2,2026-05-14
5756,18398,tier2,2024-01-30
5757,18400,tier1,2022-12-23
5758,18406,tier2,2021-01-23
5759,18407,tier2,2023-06-10
5760,18408,tier2,2020-08-17
5761,18411,tier2,2021-07-12
5762,18415,tier3,2025-06-13
5763,18423,tier1,2023-03-13
5764,18428,tier2,2024-05-18
5765,18429,tier2,2022-08-01
5766,18432,tier1,2022-05-08
5767,18434,tier2,2022-11-05
5768,18435,tier1,2021-04-10
5769,18437,tier1,2023-09-05
5770,18438,tier2,2024-03-19
5771,18444,tier1,2019-11-24
5772,18445,tier3,2023-03-14
5773,18447,tier2,2020-08-05
5774,18448,tier1,
5775,18449,tier1,2021-06-07
5776,18450,tier2,2020-12-01
5777,18451,tier2,2024-12-25
5778,18459,tier1,2022-07-28
5779,18462,tier2,2025-10-11
5780,18463,tier3,2024-11-19
5781,18464,tier1,2023-04-28
5782,18465,tier1,2023-05-19
5783,18468,tier1,2026-03-19
5784,18471,tier1,2022-07-28
5785,18475,tier1,2024-12-10
5786,18480,tier2,2026-02-23
5787,18481,tier2,2023-01-28
5788,18485,tier3,2020-02-04
5789,18487,tier2,2022-03-30
5790,18491,tier3,2022-04-20
5791,18492,tier1,
5792,18494,tier1,2021-02-25
5793,18499,tier3,2020-12-05
5794,18501,tier1,2025-12-04
5795,18506,tier3,2020-09-01
5796,18512,tier2,2020-06-24
5797,18515,tier1,2026-05-30
5798,18518,tier2,2020-11-06
5799,18525,tier1,2023-08-08
5800,18527,tier2,2020-10-17
5801,18528,tier1,2025-11-08
5802,18529,tier2,2020-10-09
5803,18530,tier1,2021-06-22
5804,18533,tier1,2022-11-19
5805,18536,tier1,2021-05-29
5806,18537,tier1,2022-07-28
5807,18548,tier1,2023-07-04
5808,18555,tier2,2020-09-14
5809,18559,tier1,2024-10-11
5810,18561,tier2,2019-04-14
5811,18572,tier1,2025-05-30
5812,18573,tier1,
5813,18578,tier3,2025-02-27
5814,18581,tier2,2021-11-27
5815,18583,tier1,2026-06-26
5816,18585,tier2,2022-10-03
5817,18586,tier2,2024-07-23
5818,18588,tier1,2021-11-07
5819,18590,tier1,2024-01-04
5820,18592,tier2,
5821,18600,tier1,2019-01-19
5822,18601,tier2,2024-01-23
5823,18603,tier1,2026-03-02
5824,18604,tier2,2019-09-20
5825,18608,tier1,2026-05-18
5826,18610,tier2,2022-07-07
5827,18612,tier3,2019-10-28
5828,18613,tier1,2021-07-03
5829,18616,tier1,
5830,18617,tier1,2026-06-11
5831,18618,tier2,2023-08-28
5832,18621,tier1,2021-08-17
5833,18622,tier2,2021-09-12
5834,18624,tier1,2023-12-14
5835,18629,tier2,2024-10-15
5836,18631,tier3,2026-05-16
5837,18633,tier1,2020-11-09
5838,18635,tier2,2023-03-25
5839,18636,tier3,2020-01-28
5840,18638,tier2,2020-05-25
5841,18639,tier3,2023-05-27
5842,18641,tier2,
5843,18646,tier2,2021-10-01
5844,18647,tier2,2020-02-13
5845,18656,tier1,2022-08-23
5846,18657,tier2,2019-03-29
5847,18659,tier3,2021-06-01
5848,18664,tier1,2020-09-23
5849,18665,tier1,2020-10-23
5850,18667,tier2,2023-05-20
5851,18668,tier1,
5852,18670,tier1,2025-06-08
5853,18671,tier1,2024-12-20
5854,18674,tier3,2026-01-09
5855,18677,tier2,2022-07-13
5856,18680,tier2,2020-09-27
5857,18682,tier2,2022-03-04
5858,18685,tier1,2023-10-27
5859,18686,tier1,2023-10-22
5860,18689,tier2,2024-02-16
5861,18690,tier1,2025-11-30
5862,18692,tier2,2023-11-12
5863,18696,tier1,
5864,18701,tier1,2025-01-05
5865,18707,tier3,2023-08-18
5866,18709,tier1,2023-07-20
5867,18712,tier2,
5868,18713,tier1,2021-01-12
5869,18716,tier1,2025-01-14
5870,18721,tier1,2026-06-19
5871,18724,tier1,2024-10-13
5872,18728,tier1,2025-09-11
5873,18729,tier3,
5874,18735,tier1,2026-05-10
5875,18744,tier1,2020-02-12
5876,18746,tier1,2019-03-02
5877,18747,tier2,2019-12-27
5878,18750,tier2,2022-05-11
5879,18754,tier1,2023-07-18
5880,18757,tier1,2025-05-18
5881,18759,tier1,2026-02-25
5882,18760,tier1,2025-12-10
5883,18763,tier3,2026-03-14
5884,18764,tier2,2026-04-11
5885,18766,tier2,2020-06-19
5886,18780,tier2,2022-03-14
5887,18783,tier1,2024-09-06
5888,18784,tier3,2021-12-10
5889,18788,tier1,2021-09-12
5890,18796,tier2,2024-08-06
5891,18798,tier1,2020-03-17
5892,18803,tier2,2021-07-24
5893,18807,tier3,2026-02-03
5894,18808,tier1,2021-08-31
5895,18810,tier3,2020-09-21
5896,18817,tier1,2023-05-22
5897,18818,tier2,
5898,18819,tier1,2026-05-31
5899,18821,tier3,2019-08-27
5900,18823,tier2,2023-06-14
5901,18828,tier1,2020-05-11
5902,18833,tier2,2023-05-14
5903,18846,tier2,2019-10-23
5904,18847,tier1,2023-03-07
5905,18850,tier1,2019-07-03
5906,18851,tier2,2023-02-01
5907,18852,tier1,2022-04-26
5908,18856,tier3,2021-11-15
5909,18858,tier1,2019-08-08
5910,18862,tier2,2025-07-29
5911,18865,tier1,2024-08-30
5912,18866,tier2,2019-09-09
5913,18871,tier1,2022-06-11
5914,18872,tier2,2021-01-04
5915,18874,tier2,2024-05-04
5916,18875,tier1,2025-06-19
5917,18880,tier1,
5918,18884,tier1,2024-11-26
5919,18887,tier2,2022-08-15
5920,18894,tier3,
5921,18898,tier2,2026-04-04
5922,18900,tier3,2020-08-24
5923,18901,tier2,2025-07-16
5924,18909,tier3,
5925,18911,tier2,2026-05-08
5926,18913,tier2,
5927,18914,tier2,2024-12-07
5928,18922,tier3,2023-08-26
5929,18923,tier2,2019-06-26
5930,18926,tier2,2022-03-08
5931,18927,tier1,2022-05-02
5932,18928,tier1,2023-06-18
5933,18929,tier1,2020-07-22
5934,18930,tier1,2022-04-02
5935,18933,tier1,2020-03-14
5936,18936,tier1,2025-03-18
5937,18937,tier1,2019-12-29
5938,18938,tier1,2020-06-19
5939,18942,tier1,2022-08-21
5940,18946,tier1,
5941,18947,tier3,2024-04-16
5942,18948,tier1,2024-05-31
5943,18950,tier1,2022-06-02
5944,18952,tier1,2019-02-12
5945,18955,tier2,2025-04-18
5946,18957,tier3,2020-05-08
5947,18959,tier3,2020-06-04
5948,18960,tier3,2019-06-12
5949,18961,tier3,2025-10-19
5950,18965,tier1,2023-03-16
5951,18967,tier2,2023-04-17
5952,18969,tier3,2019-01-28
5953,18972,tier1,2020-04-07
5954,18973,tier3,2021-03-19
5955,18974,tier1,2020-04-30
5956,18975,tier1,2024-02-06
5957,18980,tier1,2022-08-06
5958,18987,tier1,
5959,18989,tier1,2019-08-28
5960,18992,tier3,2022-10-20
5961,18993,tier3,2021-03-01
5962,18994,tier2,
5963,18995,tier1,2023-05-24
5964,18997,tier2,2020-06-02
5965,19001,tier2,2025-03-20
5966,19002,tier3,2022-02-23
5967,19003,tier1,2022-03-08
5968,19005,tier1,2021-10-24
5969,19006,tier2,2021-10-27
5970,19008,tier1,2022-06-28
5971,19009,tier1,2025-12-02
5972,19011,tier1,2025-05-07
5973,19014,tier2,2019-12-09
5974,19016,tier1,2021-08-13
5975,19023,tier2,
5976,19026,tier2,2026-01-08
5977,19029,tier1,2026-04-29
5978,19031,tier2,2021-04-17
5979,19034,tier1,2023-05-26
5980,19037,tier1,2023-06-23
5981,19042,tier2,2021-08-09
5982,19043,tier1,2019-03-16
5983,19044,tier1,2023-03-09
5984,19046,tier2,2019-10-13
5985,19050,tier3,2021-03-06
5986,19051,tier2,2026-06-01
5987,19052,tier1,2022-05-19
5988,19057,tier2,2020-06-01
5989,19058,tier2,2026-04-25
5990,19063,tier2,2024-07-14
5991,19064,tier1,
5992,19065,tier2,2022-05-27
5993,19066,tier2,2021-09-09
5994,19068,tier2,2025-10-18
5995,19069,tier1,2020-12-06
5996,19072,tier1,2022-05-27
5997,19076,tier3,2024-01-10
5998,19081,tier1,2025-02-11
5999,19083,tier3,
6000,19084,tier1,2020-05-08
6001,19090,tier1,
6002,19091,tier2,2025-05-04
6003,19102,tier1,2024-10-19
6004,19104,tier1,2025-11-14
6005,19111,tier2,2019-11-08
6006,19114,tier3,2019-11-29
6007,19117,tier2,2019-06-03
6008,19121,tier2,2022-01-09
6009,19124,tier1,2025-08-03
6010,19125,tier2,2019-03-30
6011,19126,tier2,2020-01-05
6012,19128,tier1,2024-02-23
6013,19131,tier1,2019-11-21
6014,19133,tier1,2019-01-04
6015,19137,tier3,
6016,19139,tier1,2026-02-16
6017,19147,tier1,
6018,19150,tier1,2019-02-10
6019,19152,tier2,2026-04-06
6020,19153,tier2,2026-04-12
6021,19154,tier1,2025-10-30
6022,19157,tier1,2024-12-14
6023,19160,tier2,2021-05-14
6024,19161,tier2,2019-10-02
6025,19163,tier2,2021-02-03
6026,19167,tier2,
6027,19168,tier2,2019-07-14
6028,19174,tier2,2024-02-19
6029,19176,tier3,2019-02-10
6030,19180,tier3,2022-02-23
6031,19181,tier3,2019-07-11
6032,19182,tier1,2024-12-26
6033,19196,tier1,2021-07-02
6034,19197,tier3,2020-11-25
6035,19198,tier2,2019-12-23
6036,19200,tier1,
6037,19204,tier1,2023-11-14
6038,19206,tier1,2021-02-04
6039,19208,tier1,2023-05-27
6040,19209,tier2,2021-02-11
6041,19211,tier2,2023-04-21
6042,19214,tier2,2022-10-29
6043,19215,tier2,2022-10-05
6044,19216,tier1,2021-03-13
6045,19217,tier3,
6046,19218,tier2,2020-10-01
6047,19219,tier1,2023-05-18
6048,19226,tier3,2019-05-08
6049,19228,tier3,2024-01-03
6050,19229,tier3,2023-11-22
6051,19230,tier1,2020-01-11
6052,19231,tier1,2021-05-07
6053,19232,tier1,2024-07-26
6054,19234,tier2,2025-08-31
6055,19237,tier2,2023-06-01
6056,19240,tier1,2019-11-23
6057,19241,tier2,2024-08-29
6058,19242,tier1,2021-05-31
6059,19244,tier1,
6060,19248,tier1,2025-09-28
6061,19252,tier1,2023-12-10
6062,19253,tier2,2026-06-20
6063,19254,tier3,2025-09-29
6064,19257,tier1,2022-05-10
6065,19259,tier2,2026-05-19
6066,19261,tier2,2020-07-28
6067,19264,tier1,
6068,19271,tier3,2024-05-30
6069,19272,tier1,
6070,19273,tier2,
6071,19284,tier1,2020-04-10
6072,19286,tier1,2025-06-15
6073,19294,tier2,2021-07-01
6074,19298,tier2,2023-07-08
6075,19300,tier2,2025-09-28
6076,19308,tier2,2025-05-20
6077,19310,tier2,
6078,19311,tier2,2020-06-08
6079,19313,tier2,2021-12-10
6080,19314,tier2,
6081,19315,tier1,2024-06-10
6082,19318,tier1,2023-12-02
6083,19321,tier2,2021-10-07
6084,19323,tier2,2023-12-07
6085,19324,tier3,2025-04-10
6086,19327,tier1,2023-01-24
6087,19329,tier1,2022-06-29
6088,19331,tier1,2020-08-07
6089,19332,tier2,2019-09-04
6090,19334,tier3,2020-07-11
6091,19340,tier1,2024-06-27
6092,19348,tier3,
6093,19350,tier1,2023-04-06
6094,19354,tier3,
6095,19356,tier1,2024-06-02
6096,19357,tier1,2020-09-12
6097,19364,tier1,
6098,19367,tier1,2019-05-02
6099,19369,tier1,2020-11-03
6100,19372,tier2,2023-06-08
6101,19373,tier2,2021-10-09
6102,19374,tier1,2024-01-20
6103,19376,tier2,2020-01-23
6104,19377,tier2,2022-12-05
6105,19382,tier2,2020-03-21
6106,19383,tier3,2019-03-21
6107,19387,tier1,2021-03-19
6108,19389,tier2,2022-06-02
6109,19393,tier2,2023-12-28
6110,19396,tier3,
6111,19398,tier2,2025-05-11
6112,19399,tier2,2019-03-01
6113,19400,tier1,2019-10-25
6114,19403,tier1,2020-03-29
6115,19409,tier1,2024-05-23
6116,19415,tier2,2021-09-28
6117,19417,tier1,2024-07-04
6118,19429,tier1,2019-02-05
6119,19433,tier1,2023-07-18
6120,19437,tier1,2020-09-05
6121,19439,tier2,2022-05-18
6122,19447,tier1,2022-05-15
6123,19448,tier3,2026-04-09
6124,19451,tier1,2019-11-11
6125,19452,tier1,2023-12-11
6126,19454,tier3,2024-09-15
6127,19455,tier1,2023-04-25
6128,19456,tier1,2025-04-09
6129,19458,tier2,2020-09-03
6130,19459,tier3,2026-02-06
6131,19461,tier1,2019-12-15
6132,19465,tier2,2021-03-03
6133,19470,tier1,2021-08-04
6134,19474,tier1,2024-08-14
6135,19476,tier1,2024-09-27
6136,19477,tier1,2020-03-08
6137,19478,tier2,2026-04-06
6138,19480,tier2,2025-07-18
6139,19482,tier3,2024-06-19
6140,19484,tier3,2019-07-29
6141,19489,tier1,
6142,19495,tier1,2021-11-17
6143,19497,tier2,2020-03-23
6144,19501,tier1,2022-08-16
6145,19502,tier1,2024-10-20
6146,19503,tier1,2023-11-28
6147,19505,tier2,2023-02-28
6148,19506,tier1,2024-07-16
6149,19507,tier2,2019-07-08
6150,19509,tier1,2020-03-05
6151,19514,tier2,2025-12-19
6152,19515,tier1,2025-05-27
6153,19524,tier1,
6154,19526,tier1,2021-07-07
6155,19530,tier3,2020-10-05
6156,19531,tier2,2026-03-19
6157,19533,tier2,2019-09-08
6158,19538,tier2,2023-12-16
6159,19542,tier3,2025-10-11
6160,19544,tier1,2025-10-28
6161,19546,tier3,2026-05-06
6162,19550,tier2,2024-04-13
6163,19554,tier1,2024-04-13
6164,19555,tier2,2019-11-12
6165,19568,tier1,2019-07-26
6166,19572,tier2,2026-01-21
6167,19583,tier1,2019-06-09
6168,19585,tier3,2025-07-19
6169,19595,tier1,
6170,19598,tier1,2024-02-29
6171,19600,tier2,2023-03-10
6172,19602,tier2,2019-10-29
6173,19603,tier1,2024-08-14
6174,19605,tier2,2023-02-05
6175,19609,tier2,2023-08-12
6176,19611,tier2,2022-10-18
6177,19615,tier1,2026-03-18
6178,19616,tier1,2025-06-05
6179,19618,tier1,2019-06-17
6180,19619,tier2,2026-02-28
6181,19623,tier2,2022-04-29
6182,19626,tier2,2024-11-28
6183,19628,tier2,2023-01-27
6184,19630,tier3,2021-06-20
6185,19634,tier2,2024-10-04
6186,19635,tier1,
6187,19636,tier2,2019-02-09
6188,19637,tier1,2020-09-20
6189,19638,tier2,2025-01-06
6190,19649,tier2,2026-04-06
6191,19654,tier1,2025-11-15
6192,19655,tier1,2024-04-18
6193,19660,tier1,2020-01-21
6194,19662,tier2,2020-12-07
6195,19669,tier1,2021-09-22
6196,19671,tier1,2023-08-09
6197,19674,tier2,2019-06-22
6198,19675,tier2,2019-08-30
6199,19677,tier2,2023-02-11
6200,19680,tier2,2022-01-18
6201,19683,tier2,2024-08-30
6202,19684,tier1,2025-03-29
6203,19686,tier1,2021-08-28
6204,19689,tier3,2025-08-18
6205,19692,tier2,2023-08-16
6206,19699,tier1,2021-07-11
6207,19701,tier1,2023-04-29
6208,19705,tier2,2020-07-02
6209,19707,tier2,2020-01-01
6210,19709,tier2,2025-06-02
6211,19710,tier1,2021-03-28
6212,19712,tier3,2025-05-27
6213,19713,tier2,2025-06-05
6214,19715,tier3,2019-07-28
6215,19717,tier1,2022-04-22
6216,19720,tier3,2024-09-01
6217,19724,tier2,2023-01-30
6218,19736,tier3,2019-05-27
6219,19737,tier1,2021-08-07
6220,19738,tier3,2019-09-30
6221,19739,tier1,2019-03-12
6222,19754,tier1,2020-07-28
6223,19757,tier1,2024-03-14
6224,19759,tier2,2026-02-23
6225,19762,tier2,2022-03-07
6226,19771,tier1,2019-11-26
6227,19772,tier2,2024-02-22
6228,19776,tier2,2022-11-19
6229,19779,tier2,2023-01-13
6230,19781,tier1,2019-09-19
6231,19783,tier1,2022-08-23
6232,19790,tier1,
6233,19798,tier3,2019-07-19
6234,19804,tier1,2024-07-12
6235,19805,tier1,
6236,19806,tier2,2020-06-20
6237,19809,tier1,2021-06-01
6238,19810,tier1,2023-04-22
6239,19811,tier1,2021-05-03
6240,19824,tier1,2024-03-25
6241,19825,tier1,
6242,19826,tier2,2020-09-22
6243,19829,tier1,2023-07-19
6244,19834,tier3,2022-09-28
6245,19837,tier1,2020-11-14
6246,19844,tier3,2022-11-15
6247,19845,tier2,2024-12-08
6248,19850,tier1,2022-11-24
6249,19851,tier2,2021-11-29
6250,19853,tier3,2021-12-11
6251,19856,tier1,2023-07-25
6252,19857,tier1,2024-12-10
6253,19858,tier1,2021-02-26
6254,19860,tier2,2024-05-21
6255,19863,tier1,2022-09-29
6256,19866,tier1,2024-10-12
6257,19868,tier2,2019-06-08
6258,19870,tier1,2020-06-12
6259,19872,tier2,2024-02-04
6260,19874,tier2,2025-03-02
6261,19878,tier2,2022-04-15
6262,19882,tier1,2020-07-08
6263,19883,tier2,2023-06-07
6264,19886,tier3,2021-04-15
6265,19888,tier2,2021-04-05
6266,19892,tier1,2023-12-05
6267,19897,tier1,2019-12-12
6268,19901,tier1,2024-07-03
6269,19908,tier3,
6270,19913,tier1,2020-06-19
6271,19914,tier1,2020-06-27
6272,19916,tier1,2025-05-21
6273,19922,tier1,2023-07-08
6274,19924,tier2,2024-09-16
6275,19926,tier1,2019-03-16
6276,19928,tier2,
6277,19931,tier1,2021-01-29
6278,19932,tier1,2022-04-16
6279,19934,tier2,2023-03-24
6280,19935,tier2,
6281,19937,tier1,2019-11-26
6282,19938,tier2,2024-11-09
6283,19941,tier3,2025-11-19
6284,19945,tier2,2022-06-11
6285,19948,tier2,
6286,19950,tier1,2021-05-25
6287,19954,tier1,2022-09-14
6288,19955,tier1,2024-07-08
6289,19957,tier1,2020-01-17
6290,19962,tier3,2024-03-12
6291,19963,tier1,2019-11-24
6292,19968,tier1,2020-06-10
6293,19970,tier1,2022-08-27
6294,19974,tier1,2025-12-11
6295,19975,tier1,
6296,19976,tier2,2020-03-07
6297,19977,tier1,2026-03-26
6298,19980,tier1,2024-06-05
6299,19987,tier2,2022-12-01
6300,19991,tier2,2020-06-19
6301,19999,tier2,2020-05-01
6302,20005,tier3,2020-08-21
6303,20007,tier1,2021-09-13
6304,20016,tier1,2019-10-25
6305,20022,tier2,2021-01-29
6306,20024,tier2,2026-04-28
6307,20029,tier1,2020-09-06
6308,20031,tier1,2023-11-28
6309,20034,tier1,2022-12-12
6310,20036,tier1,2023-04-04
6311,20040,tier1,2022-05-24
6312,20041,tier3,2021-10-02
6313,20043,tier1,2020-03-17
6314,20048,tier3,2023-04-19
6315,20051,tier2,2025-05-19
6316,20052,tier2,2024-06-19
6317,20056,tier1,2021-05-29
6318,20063,tier1,2025-12-30
6319,20064,tier1,2019-11-09
6320,20069,tier1,2024-04-06
6321,20070,tier2,2023-12-13
6322,20072,tier1,2023-02-10
6323,20073,tier2,2020-08-02
6324,20077,tier1,
6325,20079,tier2,2020-07-25
6326,20080,tier1,2024-02-19
6327,20085,tier1,2024-11-02
6328,20087,tier1,2022-03-09
6329,20095,tier2,2019-01-03
6330,20101,tier1,2021-01-11
6331,20103,tier1,2024-11-07
6332,20104,tier1,2023-03-05
6333,20105,tier3,2023-09-28
6334,20107,tier1,2023-01-25
6335,20108,tier1,2024-07-19
6336,20113,tier1,2021-07-22
6337,20115,tier2,
6338,20118,tier1,2020-12-24
6339,20122,tier3,2020-06-22
6340,20124,tier1,2022-04-19
6341,20125,tier1,2025-04-15
6342,20128,tier1,2020-09-07
6343,20129,tier1,2023-12-19
6344,20131,tier2,2023-03-13
6345,20133,tier1,2019-01-09
6346,20138,tier2,
6347,20139,tier1,2025-01-21
6348,20144,tier2,2019-02-07
6349,20145,tier1,2025-08-17
6350,20152,tier3,2021-04-13
6351,20164,tier1,2023-04-16
6352,20165,tier1,2022-10-27
6353,20166,tier2,2026-01-24
6354,20170,tier2,2026-06-12
6355,20171,tier3,2019-09-02
6356,20186,tier2,2023-09-13
6357,20187,tier2,2020-06-13
6358,20201,tier2,2019-07-20
6359,20203,tier2,2025-09-04
6360,20206,tier1,2025-05-15
6361,20210,tier2,2020-10-22
6362,20212,tier2,2026-02-23
6363,20213,tier1,2022-08-26
6364,20215,tier3,2023-03-08
6365,20220,tier2,2026-01-04
6366,20225,tier1,
6367,20227,tier3,2025-10-12
6368,20232,tier2,
6369,20238,tier2,2019-02-02
6370,20239,tier2,2024-01-18
6371,20240,tier1,2023-11-26
6372,20241,tier3,2022-04-23
6373,20251,tier1,2020-11-27
6374,20255,tier2,2022-02-27
6375,20261,tier1,2024-01-28
6376,20263,tier2,
6377,20264,tier2,2020-11-19
6378,20268,tier1,2023-09-20
6379,20269,tier1,2025-07-04
6380,20273,tier1,2025-07-04
6381,20274,tier2,
6382,20283,tier1,2019-08-12
6383,20286,tier1,2023-05-10
6384,20287,tier2,2019-02-04
6385,20290,tier2,2022-03-10
6386,20292,tier1,2025-04-05
6387,20294,tier1,2021-02-06
6388,20303,tier1,2024-12-27
6389,20309,tier2,
6390,20314,tier1,2019-07-13
6391,20317,tier1,2025-08-30
6392,20321,tier1,2021-06-24
6393,20322,tier1,2023-06-01
6394,20326,tier1,2020-07-08
6395,20327,tier2,2020-09-29
6396,20331,tier1,2021-04-30
6397,20336,tier3,2020-03-24
6398,20337,tier1,2021-12-25
6399,20338,tier1,2025-10-19
6400,20339,tier2,2021-05-24
6401,20343,tier2,2025-12-27
6402,20344,tier3,2025-02-12
6403,20346,tier1,
6404,20347,tier1,2024-11-13
6405,20348,tier3,2022-10-17
6406,20350,tier2,2019-08-02
6407,20363,tier2,2019-08-02
6408,20367,tier1,2025-10-11
6409,20368,tier1,2024-05-20
6410,20372,tier2,2021-02-23
6411,20376,tier1,2023-12-25
6412,20377,tier1,2022-08-10
6413,20379,tier1,2023-11-12
6414,20381,tier1,2021-12-10
6415,20382,tier2,2024-11-09
6416,20383,tier3,2025-03-14
6417,20384,tier1,2021-09-09
6418,20387,tier1,2024-01-30
6419,20389,tier3,2019-03-06
6420,20393,tier2,2023-03-03
6421,20395,tier3,2025-04-30
6422,20396,tier1,2021-06-15
6423,20397,tier2,2021-12-11
6424,20400,tier3,2019-05-16
6425,20401,tier2,2026-05-28
6426,20402,tier3,2026-01-15
6427,20403,tier1,2020-11-11
6428,20409,tier2,2026-02-15
6429,20414,tier1,2019-07-26
6430,20416,tier2,2022-12-19
6431,20418,tier3,2019-08-12
6432,20425,tier2,2022-02-21
6433,20432,tier2,2020-07-20
6434,20436,tier3,2021-02-24
6435,20441,tier3,2025-09-30
6436,20445,tier3,2020-04-19
6437,20455,tier2,2021-06-04
6438,20457,tier2,2025-04-03
6439,20458,tier2,2023-09-15
6440,20461,tier3,2021-03-06
6441,20466,tier3,2019-02-13
6442,20476,tier1,2022-10-12
6443,20477,tier2,2024-03-02
6444,20480,tier2,2019-03-20
6445,20482,tier2,2023-10-29
6446,20486,tier2,2019-10-08
6447,20489,tier2,2024-07-18
6448,20494,tier2,
6449,20502,tier1,2023-05-31
6450,20503,tier1,2025-03-22
6451,20506,tier2,2022-10-31
6452,20507,tier1,2022-12-25
6453,20510,tier1,2022-11-20
6454,20512,tier3,2022-01-31
6455,20514,tier1,2022-08-14
6456,20515,tier1,2020-08-18
6457,20516,tier1,2026-02-23
6458,20520,tier2,2019-09-17
6459,20522,tier1,2022-09-26
6460,20527,tier1,2026-01-03
6461,20528,tier2,
6462,20530,tier2,2020-02-08
6463,20532,tier2,2020-11-06
6464,20535,tier3,2025-11-28
6465,20536,tier2,2024-08-07
6466,20542,tier3,2023-11-20
6467,20545,tier1,
6468,20551,tier3,2023-02-12
6469,20554,tier3,2023-03-01
6470,20556,tier3,2024-04-19
6471,20559,tier2,
6472,20564,tier3,2022-10-07
6473,20567,tier2,2025-02-11
6474,20570,tier2,2022-05-13
6475,20573,tier2,2024-12-07
6476,20579,tier2,2026-03-06
6477,20587,tier1,2022-12-21
6478,20588,tier1,2020-01-10
6479,20590,tier1,
6480,20592,tier1,2022-09-18
6481,20593,tier1,2024-05-27
6482,20596,tier3,
6483,20602,tier3,2019-09-20
6484,20604,tier3,2025-11-12
6485,20608,tier2,2021-04-13
6486,20610,tier1,2023-10-06
6487,20611,tier3,2020-01-08
6488,20614,tier1,2019-05-14
6489,20618,tier2,2022-08-01
6490,20620,tier1,2023-03-11
6491,20622,tier1,2024-11-10
6492,20623,tier1,
6493,20628,tier1,2021-09-06
6494,20629,tier1,2022-06-20
6495,20638,tier1,2020-05-26
6496,20639,tier2,2020-04-08
6497,20640,tier3,2023-09-06
6498,20641,tier1,2022-01-20
6499,20642,tier2,2020-09-19
6500,20644,tier1,2024-09-21
6501,20646,tier1,
6502,20647,tier1,2026-06-23
6503,20648,tier2,2022-03-30
6504,20650,tier3,2023-05-11
6505,20651,tier1,2024-06-01
6506,20652,tier2,2022-07-17
6507,20659,tier2,2020-02-06
6508,20665,tier1,2021-02-16
6509,20671,tier3,2025-01-01
6510,20674,tier1,2019-11-05
6511,20676,tier2,2023-01-08
6512,20677,tier3,
6513,20678,tier2,2025-08-23
6514,20682,tier3,2026-01-12
6515,20684,tier1,2024-02-13
6516,20688,tier3,2019-11-18
6517,20691,tier1,2021-11-20
6518,20695,tier1,2019-05-09
6519,20700,tier2,2023-09-26
6520,20701,tier2,2026-03-15
6521,20702,tier1,2019-06-02
6522,20706,tier3,2022-02-11
6523,20707,tier2,2020-02-03
6524,20709,tier1,2024-04-16
6525,20714,tier2,2022-02-19
6526,20715,tier1,2020-09-18
6527,20716,tier3,2024-02-25
6528,20718,tier2,2025-12-29
6529,20720,tier1,2020-06-01
6530,20722,tier1,
6531,20730,tier2,2022-03-11
6532,20732,tier2,2019-06-06
6533,20733,tier1,
6534,20735,tier2,2022-07-07
6535,20740,tier1,2025-07-25
6536,20742,tier2,2025-12-14
6537,20743,tier1,2020-10-07
6538,20744,tier2,2019-08-08
6539,20749,tier2,2020-03-20
6540,20758,tier2,2019-06-12
6541,20759,tier2,2022-02-03
6542,20762,tier1,2021-02-19
6543,20765,tier2,2024-09-18
6544,20771,tier2,2020-06-16
6545,20772,tier2,2024-09-03
6546,20775,tier1,2024-12-22
6547,20776,tier3,2022-11-09
6548,20783,tier1,2024-11-18
6549,20788,tier3,2021-10-13
6550,20789,tier2,2022-04-14
6551,20790,tier1,
6552,20793,tier3,
6553,20805,tier1,2020-03-04
6554,20806,tier1,2023-10-10
6555,20813,tier3,
6556,20819,tier3,2020-01-24
6557,20823,tier1,2021-04-20
6558,20832,tier3,2023-05-01
6559,20833,tier1,2020-08-15
6560,20839,tier2,2022-11-02
6561,20841,tier1,2025-08-03
6562,20843,tier1,
6563,20846,tier1,2023-07-30
6564,20850,tier1,
6565,20852,tier1,2026-01-28
6566,20859,tier2,2026-02-06
6567,20861,tier1,
6568,20865,tier2,
6569,20868,tier2,2019-02-01
6570,20869,tier1,2024-06-30
6571,20872,tier1,2021-05-29
6572,20874,tier1,2025-10-28
6573,20875,tier2,2024-01-20
6574,20877,tier1,2020-07-14
6575,20878,tier2,2021-07-10
6576,20882,tier2,2019-04-06
6577,20883,tier1,2023-08-25
6578,20885,tier2,2023-02-27
6579,20886,tier2,2024-02-21
6580,20890,tier1,
6581,20892,tier2,2024-04-28
6582,20897,tier1,2020-03-26
6583,20904,tier2,
6584,20906,tier2,2019-05-15
6585,20908,tier2,2021-02-24
6586,20910,tier1,2019-01-05
6587,20913,tier1,2024-06-09
6588,20915,tier1,2024-04-25
6589,20917,tier1,2023-06-26
6590,20932,tier2,2024-08-25
6591,20942,tier2,2021-07-19
6592,20946,tier3,2026-01-23
6593,20947,tier2,2024-02-07
6594,20948,tier2,2020-07-18
6595,20957,tier1,
6596,20962,tier1,2024-03-11
6597,20964,tier2,2021-01-28
6598,20965,tier2,2019-09-02
6599,20970,tier2,2022-05-18
6600,20974,tier2,2019-12-29
6601,20975,tier2,2021-07-04
6602,20976,tier1,2021-05-22
6603,20977,tier2,2022-12-27
6604,20981,tier1,2020-02-26
6605,20984,tier1,
6606,20990,tier1,2020-08-21
6607,20994,tier1,2025-03-23
6608,20996,tier1,2020-07-09
6609,20997,tier1,2021-01-18
6610,21002,tier2,
6611,21003,tier2,2022-04-03
6612,21004,tier1,2025-05-01
6613,21015,tier1,2024-06-08
6614,21017,tier1,2020-06-10
6615,21019,tier1,
6616,21020,tier2,2023-08-02
6617,21021,tier1,2024-02-08
6618,21024,tier2,2025-07-01
6619,21030,tier1,2021-02-05
6620,21032,tier1,2022-04-03
6621,21034,tier1,2026-03-11
6622,21037,tier1,2021-07-01
6623,21041,tier1,2020-06-19
6624,21042,tier1,2023-04-15
6625,21046,tier2,2022-05-19
6626,21051,tier2,2025-02-27
6627,21053,tier1,2022-01-02
6628,21060,tier1,2025-01-11
6629,21061,tier1,2021-07-28
6630,21063,tier2,2021-10-30
6631,21065,tier1,2025-03-24
6632,21066,tier1,2023-12-06
6633,21068,tier3,2024-06-07
6634,21069,tier1,2022-06-04
6635,21071,tier2,2024-12-02
6636,21072,tier3,2022-10-19
6637,21074,tier1,2025-04-27
6638,21075,tier1,
6639,21076,tier1,2020-03-06
6640,21077,tier2,2026-04-01
6641,21080,tier1,2023-03-25
6642,21083,tier1,2026-05-10
6643,21086,tier3,2020-05-29
6644,21097,tier1,
6645,21098,tier2,2023-06-08
6646,21103,tier3,2026-05-20
6647,21106,tier1,
6648,21109,tier2,2023-03-04
6649,21110,tier1,2024-02-23
6650,21114,tier3,2019-08-23
6651,21116,tier3,2019-02-01
6652,21128,tier1,2021-09-27
6653,21129,tier1,2024-10-04
6654,21130,tier2,2022-01-23
6655,21132,tier2,2020-05-30
6656,21133,tier1,2021-05-12
6657,21141,tier3,2021-10-26
6658,21147,tier2,2024-02-18
6659,21150,tier3,2021-05-06
6660,21153,tier2,
6661,21155,tier2,2019-03-08
6662,21157,tier2,
6663,21158,tier2,2025-07-13
6664,21159,tier1,2023-06-17
6665,21161,tier2,2024-12-02
6666,21163,tier2,2026-06-01
6667,21167,tier1,2020-06-26
6668,21172,tier3,2022-04-23
6669,21176,tier1,2019-04-08
6670,21183,tier2,
6671,21185,tier1,2019-08-22
6672,21191,tier2,2025-10-30
6673,21198,tier2,2025-05-03
6674,21199,tier3,2026-05-26
6675,21203,tier1,2023-12-28
6676,21204,tier1,2024-04-08
6677,21207,tier1,2020-10-02
6678,21208,tier1,2026-03-04
6679,21211,tier2,2019-03-20
6680,21212,tier3,2020-05-29
6681,21215,tier1,2022-05-10
6682,21226,tier1,2019-10-04
6683,21232,tier3,2024-01-14
6684,21233,tier1,2025-05-24
6685,21237,tier1,2025-02-17
6686,21240,tier2,2022-05-09
6687,21242,tier2,2023-12-11
6688,21243,tier1,2024-08-13
6689,21248,tier1,2024-06-17
6690,21251,tier2,2023-06-18
6691,21258,tier1,2021-06-17
6692,21261,tier1,2023-02-01
6693,21265,tier1,2021-10-31
6694,21267,tier2,2025-11-18
6695,21273,tier2,2024-07-14
6696,21276,tier2,
6697,21277,tier3,2021-12-19
6698,21278,tier2,2019-09-15
6699,21285,tier2,2025-11-26
6700,21289,tier1,2024-05-07
6701,21290,tier2,
6702,21291,tier1,2025-12-02
6703,21294,tier1,
6704,21295,tier1,2022-03-10
6705,21298,tier2,2023-01-02
6706,21304,tier1,2023-03-01
6707,21308,tier2,2019-03-15
6708,21313,tier1,2020-09-02
6709,21314,tier1,2023-01-25
6710,21321,tier2,2019-04-28
6711,21324,tier1,
6712,21325,tier3,2021-03-28
6713,21338,tier1,2024-04-11
6714,21344,tier1,2022-01-13
6715,21353,tier1,
6716,21354,tier1,2019-11-29
6717,21358,tier2,2021-08-17
6718,21359,tier1,2026-03-25
6719,21360,tier1,2023-05-16
6720,21364,tier1,2026-06-23
6721,21365,tier3,2022-12-17
6722,21366,tier1,2021-07-16
6723,21371,tier1,2025-12-05
6724,21372,tier1,2025-05-26
6725,21374,tier2,2024-07-24
6726,21375,tier1,2025-10-09
6727,21376,tier1,2024-08-24
6728,21378,tier1,
6729,21381,tier2,2021-11-26
6730,21386,tier2,2025-08-15
6731,21388,tier1,2021-08-03
6732,21389,tier1,2021-03-17
6733,21391,tier1,2025-03-30
6734,21393,tier2,2023-02-24
6735,21396,tier1,2024-08-07
6736,21400,tier1,2019-01-11
6737,21401,tier2,2022-09-12
6738,21402,tier2,2024-02-12
6739,21403,tier2,2021-09-14
6740,21404,tier2,2024-10-30
6741,21405,tier2,2020-09-28
6742,21408,tier1,2023-05-22
6743,21411,tier2,2019-07-12
6744,21414,tier3,2021-05-22
6745,21415,tier1,2025-07-05
6746,21416,tier1,2019-10-09
6747,21417,tier2,2024-06-02
6748,21420,tier2,2023-03-01
6749,21421,tier1,2021-12-31
6750,21424,tier1,2019-12-22
6751,21429,tier2,2023-08-07
6752,21442,tier1,2019-01-03
6753,21446,tier1,
6754,21450,tier2,2022-05-06
6755,21452,tier1,2022-11-25
6756,21453,tier3,2020-08-23
6757,21457,tier2,2025-03-23
6758,21458,tier2,2025-06-30
6759,21459,tier1,2020-09-07
6760,21460,tier1,2025-02-24
6761,21464,tier1,2020-02-17
6762,21467,tier1,
6763,21477,tier2,
6764,21478,tier2,
6765,21479,tier1,
6766,21480,tier1,2024-05-08
6767,21481,tier1,2020-04-16
6768,21486,tier1,2023-11-20
6769,21488,tier3,2024-09-21
6770,21492,tier1,2023-01-13
6771,21497,tier3,2024-06-02
6772,21502,tier1,2022-11-25
6773,21504,tier2,2020-08-20
6774,21507,tier3,2023-03-23
6775,21508,tier1,2019-07-15
6776,21510,tier2,2025-12-27
6777,21515,tier1,2021-02-25
6778,21516,tier1,2019-01-08
6779,21524,tier1,2025-11-28
6780,21528,tier2,2025-07-03
6781,21538,tier2,2026-03-25
6782,21547,tier3,2020-12-07
6783,21550,tier1,2024-06-21
6784,21552,tier1,2019-07-22
6785,21553,tier1,2020-06-13
6786,21559,tier3,2022-02-01
6787,21560,tier1,2022-11-28
6788,21564,tier2,2022-07-20
6789,21565,tier1,2019-09-27
6790,21567,tier2,2026-01-21
6791,21568,tier2,2025-01-02
6792,21570,tier1,2020-04-03
6793,21572,tier1,2020-06-19
6794,21575,tier3,2019-09-19
6795,21577,tier2,2021-07-15
6796,21584,tier1,2020-01-22
6797,21587,tier1,2026-03-08
6798,21588,tier1,2025-03-27
6799,21591,tier1,2025-06-21
6800,21593,tier2,2025-08-26
6801,21597,tier2,2025-01-10
6802,21600,tier2,2026-05-05
6803,21601,tier3,2026-06-29
6804,21602,tier3,
6805,21606,tier1,2023-10-14
6806,21610,tier1,2019-06-08
6807,21613,tier2,2025-04-24
6808,21618,tier2,2024-04-17
6809,21619,tier1,2020-04-29
6810,21620,tier2,2021-01-31
6811,21624,tier1,
6812,21625,tier2,2024-08-10
6813,21626,tier1,2019-02-24
6814,21627,tier1,2026-05-16
6815,21628,tier1,2019-01-22
6816,21631,tier1,2022-11-07
6817,21634,tier1,2022-06-08
6818,21639,tier1,2019-12-16
6819,21643,tier2,2026-02-02
6820,21646,tier1,2020-09-03
6821,21649,tier1,2022-10-19
6822,21650,tier1,2024-07-11
6823,21653,tier1,2020-07-23
6824,21656,tier2,2019-03-24
6825,21657,tier1,2019-05-14
6826,21660,tier2,2026-01-08
6827,21665,tier3,2024-05-26
6828,21669,tier1,2023-12-30
6829,21670,tier3,2020-11-08
6830,21673,tier1,2019-05-31
6831,21675,tier2,2025-10-16
6832,21678,tier1,2023-04-13
6833,21679,tier2,2021-03-09
6834,21681,tier1,2021-05-26
6835,21685,tier3,2024-09-19
6836,21686,tier1,2020-10-25
6837,21688,tier1,2022-02-02
6838,21689,tier1,2022-03-10
6839,21694,tier2,
6840,21698,tier1,2019-05-27
6841,21699,tier2,2023-05-01
6842,21703,tier1,
6843,21705,tier3,2022-06-06
6844,21707,tier2,2026-05-31
6845,21710,tier2,2019-12-04
6846,21713,tier1,2022-10-16
6847,21719,tier1,
6848,21721,tier1,2020-03-05
6849,21726,tier3,2021-05-08
6850,21727,tier1,2021-08-05
6851,21729,tier2,2024-08-10
6852,21732,tier1,2024-06-03
6853,21738,tier2,2024-04-01
6854,21740,tier1,2021-03-16
6855,21742,tier1,2022-12-02
6856,21746,tier1,2024-08-03
6857,21752,tier3,2022-04-05
6858,21754,tier2,2025-06-19
6859,21759,tier3,2024-11-01
6860,21760,tier1,2019-06-14
6861,21763,tier2,2020-10-13
6862,21765,tier2,2019-11-03
6863,21766,tier2,2023-07-07
6864,21767,tier2,2019-11-27
6865,21770,tier1,2019-11-29
6866,21792,tier1,2024-12-28
6867,21801,tier1,2025-06-04
6868,21802,tier3,2023-11-11
6869,21803,tier1,2020-12-02
6870,21804,tier1,2020-10-18
6871,21805,tier1,2026-02-15
6872,21808,tier3,2023-10-13
6873,21814,tier1,2025-01-28
6874,21820,tier1,2022-06-17
6875,21821,tier1,2026-03-03
6876,21822,tier2,2025-09-06
6877,21826,tier2,
6878,21827,tier1,2020-12-09
6879,21828,tier2,
6880,21833,tier1,
6881,21835,tier2,2025-09-12
6882,21839,tier1,2023-01-25
6883,21842,tier3,2021-12-26
6884,21843,tier2,2024-07-07
6885,21845,tier1,2022-05-27
6886,21847,tier1,2022-07-09
6887,21849,tier1,2020-07-25
6888,21853,tier1,2026-06-04
6889,21855,tier2,2022-05-15
6890,21858,tier1,2025-05-22
6891,21861,tier2,2023-12-13
6892,21865,tier1,2020-12-15
6893,21873,tier2,2019-04-16
6894,21878,tier1,2020-10-08
6895,21879,tier2,2019-10-05
6896,21880,tier1,2024-08-28
6897,21883,tier1,2022-02-08
6898,21905,tier1,2023-12-06
6899,21906,tier1,2022-01-26
6900,21907,tier2,2023-12-02
6901,21909,tier1,2024-01-27
6902,21910,tier2,2021-11-26
6903,21911,tier2,2023-05-02
6904,21912,tier2,2025-12-29
6905,21914,tier2,2019-05-19
6906,21916,tier2,2023-07-11
6907,21920,tier1,2023-11-25
6908,21921,tier2,2023-08-09
6909,21929,tier2,2019-04-29
6910,21932,tier2,2023-02-16
6911,21934,tier2,2021-08-11
6912,21935,tier1,2024-12-19
6913,21940,tier2,2020-12-22
6914,21947,tier3,2023-04-01
6915,21948,tier2,2019-08-20
6916,21951,tier2,2025-06-14
6917,21957,tier2,2024-02-12
6918,21961,tier1,2025-08-22
6919,21965,tier1,2021-08-07
6920,21967,tier1,2020-05-29
6921,21969,tier3,2023-04-15
6922,21971,tier2,2021-02-23
6923,21973,tier2,2019-12-06
6924,21978,tier2,2020-06-14
6925,21979,tier2,2019-12-29
6926,21980,tier3,2026-01-11
6927,21987,tier2,
6928,21991,tier1,2025-05-17
6929,21994,tier1,2025-09-28
6930,21998,tier1,2021-07-31
6931,22001,tier2,
6932,22004,tier1,2020-04-21
6933,22005,tier2,2021-02-22
6934,22006,tier2,
6935,22007,tier3,2026-06-30
6936,22009,tier3,2021-04-24
6937,22011,tier2,2022-06-14
6938,22016,tier1,
6939,22017,tier1,2022-11-27
6940,22020,tier1,2023-09-17
6941,22022,tier2,2025-06-12
6942,22028,tier1,
6943,22029,tier1,2024-09-21
6944,22030,tier2,2024-11-03
6945,22032,tier2,2022-01-22
6946,22034,tier1,2019-03-13
6947,22035,tier3,2021-03-07
6948,22036,tier2,2020-03-27
6949,22038,tier1,2019-09-20
6950,22058,tier1,2024-12-29
6951,22063,tier1,2019-06-02
6952,22065,tier1,2020-09-06
6953,22067,tier1,2022-12-08
6954,22068,tier2,2024-01-25
6955,22076,tier3,2023-04-08
6956,22077,tier1,2020-05-23
6957,22079,tier2,2022-12-18
6958,22080,tier1,2020-01-22
6959,22088,tier1,2021-07-09
6960,22089,tier2,2026-02-18
6961,22093,tier1,2022-07-01
6962,22094,tier2,
6963,22102,tier2,2019-01-27
6964,22103,tier2,2025-05-28
6965,22108,tier2,2022-10-23
6966,22111,tier2,2019-04-02
6967,22116,tier2,
6968,22118,tier1,
6969,22122,tier2,2021-05-15
6970,22125,tier1,2026-04-21
6971,22128,tier1,
6972,22130,tier3,2022-05-14
6973,22134,tier1,2020-04-29
6974,22135,tier1,2023-09-05
6975,22137,tier3,2022-04-06
6976,22140,tier1,2025-12-23
6977,22143,tier3,2025-05-06
6978,22146,tier1,2022-12-04
6979,22150,tier1,2021-08-14
6980,22155,tier1,2020-09-05
6981,22157,tier1,2026-03-05
6982,22162,tier3,2020-02-21
6983,22173,tier1,2024-12-28
6984,22182,tier1,2019-02-26
6985,22184,tier1,2023-01-07
6986,22187,tier1,
6987,22190,tier1,2026-01-23
6988,22191,tier1,2019-05-06
6989,22201,tier1,2021-07-09
6990,22203,tier1,
6991,22204,tier3,2019-03-26
6992,22206,tier1,2020-02-16
6993,22207,tier1,2019-06-29
6994,22209,tier1,2024-10-09
6995,22212,tier1,2021-11-16
6996,22213,tier2,2026-06-30
6997,22216,tier2,2024-12-16
6998,22218,tier1,2021-03-20
6999,22219,tier2,2022-05-29
7000,22220,tier3,2024-11-10
7001,22223,tier1,2020-10-21
7002,22224,tier2,
7003,22225,tier2,2022-07-26
7004,22226,tier2,
7005,22227,tier1,2023-07-22
7006,22228,tier2,2025-04-13
7007,22229,tier1,2025-05-10
7008,22231,tier2,2026-05-19
7009,22233,tier2,2022-12-06
7010,22234,tier2,2020-04-02
7011,22235,tier3,2022-12-27
7012,22236,tier1,
7013,22237,tier2,
7014,22239,tier1,2021-07-24
7015,22242,tier1,
7016,22243,tier2,2023-08-03
7017,22244,tier1,2024-05-21
7018,22245,tier1,2021-09-20
7019,22246,tier2,2025-06-08
7020,22253,tier2,2025-02-14
7021,22254,tier2,2023-01-11
7022,22258,tier2,2024-10-24
7023,22263,tier1,2023-04-04
7024,22264,tier2,2021-09-23
7025,22269,tier1,2023-01-18
7026,22271,tier1,2020-11-18
7027,22272,tier1,2019-09-16
7028,22274,tier3,2021-10-21
7029,22275,tier1,2021-02-14
7030,22276,tier3,2025-06-19
7031,22277,tier1,2023-01-26
7032,22281,tier2,2023-02-16
7033,22285,tier1,2023-12-22
7034,22286,tier2,2024-03-03
7035,22287,tier2,2024-06-01
7036,22291,tier3,2021-12-21
7037,22293,tier1,2022-09-24
7038,22295,tier2,2024-07-20
7039,22297,tier1,2021-09-26
7040,22302,tier1,
7041,22305,tier1,2025-09-28
7042,22313,tier1,2025-02-25
7043,22317,tier1,2024-09-15
7044,22320,tier1,2023-08-15
7045,22321,tier1,
7046,22325,tier2,2025-06-03
7047,22327,tier3,
7048,22331,tier2,2022-08-09
7049,22337,tier1,2024-04-15
7050,22338,tier2,2026-05-03
7051,22339,tier1,2024-01-18
7052,22342,tier1,2025-12-19
7053,22344,tier1,2025-02-02
7054,22347,tier2,2025-02-14
7055,22351,tier1,2023-10-19
7056,22357,tier2,2024-02-03
7057,22358,tier1,
7058,22360,tier1,2020-08-31
7059,22363,tier3,2021-11-04
7060,22367,tier2,2026-03-23
7061,22370,tier1,2024-10-26
7062,22373,tier2,2026-01-10
7063,22377,tier3,2024-09-03
7064,22379,tier1,2019-11-07
7065,22383,tier2,2019-05-22
7066,22386,tier2,2021-12-25
7067,22393,tier1,
7068,22395,tier2,2019-08-02
7069,22402,tier1,2021-12-03
7070,22407,tier2,2023-09-18
7071,22409,tier1,2022-05-18
7072,22413,tier2,2023-10-17
7073,22414,tier1,2025-09-04
7074,22415,tier1,2025-06-20
7075,22417,tier1,2022-03-06
7076,22419,tier2,2020-09-13
7077,22420,tier2,2020-01-01
7078,22421,tier2,2019-05-12
7079,22423,tier1,
7080,22424,tier1,2020-08-17
7081,22427,tier1,2021-12-02
7082,22428,tier1,2021-05-12
7083,22430,tier2,2019-10-18
7084,22431,tier1,2019-12-19
7085,22433,tier1,2019-08-28
7086,22435,tier1,2026-03-31
7087,22437,tier1,2024-07-12
7088,22443,tier1,2021-12-24
7089,22450,tier2,2024-11-05
7090,22453,tier3,2023-04-30
7091,22456,tier1,
7092,22458,tier2,2023-03-18
7093,22461,tier1,2026-01-15
7094,22463,tier1,2019-11-06
7095,22465,tier3,2023-08-20
7096,22466,tier2,2020-07-23
7097,22469,tier1,2025-05-12
7098,22470,tier1,
7099,22471,tier1,2026-05-31
7100,22472,tier1,2021-06-23
7101,22473,tier1,2023-05-16
7102,22481,tier1,2019-05-17
7103,22483,tier3,
7104,22484,tier1,2019-12-15
7105,22491,tier1,2023-03-02
7106,22503,tier2,2024-01-26
7107,22513,tier2,2026-06-03
7108,22516,tier2,2020-04-15
7109,22517,tier1,2024-05-09
7110,22519,tier3,2019-03-19
7111,22521,tier2,2026-03-25
7112,22523,tier2,2020-04-16
7113,22525,tier1,2025-11-22
7114,22527,tier2,2024-04-07
7115,22530,tier3,2022-05-31
7116,22532,tier2,2021-01-02
7117,22536,tier2,2022-05-29
7118,22539,tier1,2023-07-28
7119,22546,tier2,2024-06-24
7120,22550,tier2,2025-04-09
7121,22551,tier2,2020-03-04
7122,22556,tier2,2021-04-08
7123,22557,tier3,2025-10-21
7124,22562,tier2,
7125,22566,tier1,2024-04-04
7126,22568,tier1,2026-01-16
7127,22570,tier3,2022-11-07
7128,22572,tier1,2020-12-10
7129,22577,tier3,
7130,22578,tier2,2019-08-27
7131,22579,tier2,2022-08-19
7132,22581,tier3,2024-04-20
7133,22585,tier1,2023-11-02
7134,22588,tier1,2023-06-16
7135,22594,tier2,2024-07-20
7136,22597,tier1,2022-09-11
7137,22598,tier2,2024-08-28
7138,22604,tier1,2020-06-08
7139,22608,tier1,2026-01-15
7140,22609,tier1,2021-02-18
7141,22610,tier2,2022-04-27
7142,22613,tier1,2026-05-12
7143,22616,tier1,2020-04-24
7144,22619,tier2,2024-12-08
7145,22622,tier2,2019-04-03
7146,22623,tier1,2020-04-13
7147,22626,tier1,
7148,22628,tier1,2023-10-21
7149,22630,tier3,2022-12-17
7150,22631,tier1,2025-05-14
7151,22633,tier2,2023-06-12
7152,22636,tier2,2024-10-28
7153,22638,tier1,2020-08-27
7154,22639,tier1,2020-04-14
7155,22644,tier1,2023-05-24
7156,22646,tier2,2024-03-28
7157,22654,tier2,2025-12-12
7158,22657,tier1,2025-01-27
7159,22660,tier1,2021-08-07
7160,22664,tier1,2020-04-19
7161,22665,tier2,2024-04-30
7162,22668,tier2,2021-01-10
7163,22670,tier1,2022-09-19
7164,22678,tier2,2026-05-20
7165,22680,tier3,2025-05-19
7166,22681,tier3,
7167,22682,tier1,2023-04-12
7168,22683,tier1,2025-04-15
7169,22689,tier3,2024-03-04
7170,22693,tier1,2020-12-03
7171,22695,tier3,2024-05-23
7172,22696,tier2,2020-06-18
7173,22697,tier1,
7174,22699,tier3,2024-08-20
7175,22700,tier2,2024-10-26
7176,22701,tier2,2022-04-22
7177,22704,tier1,2019-08-07
7178,22713,tier2,2022-09-01
7179,22714,tier2,2020-03-11
7180,22716,tier1,2021-02-18
7181,22719,tier2,2021-03-22
7182,22729,tier2,2022-02-02
7183,22735,tier1,2021-04-21
7184,22739,tier3,2020-09-13
7185,22743,tier1,2021-02-04
7186,22747,tier3,2020-08-13
7187,22748,tier2,2019-07-12
7188,22753,tier1,
7189,22754,tier1,2022-09-09
7190,22758,tier3,2024-10-27
7191,22768,tier1,2019-11-27
7192,22774,tier2,2019-07-26
7193,22779,tier2,2021-02-10
7194,22780,tier3,2021-04-26
7195,22782,tier1,2020-01-08
7196,22787,tier1,2019-03-18
7197,22791,tier3,2024-07-01
7198,22794,tier1,2024-11-12
7199,22801,tier1,2026-02-20
7200,22803,tier2,2021-07-04
7201,22807,tier2,2022-11-19
7202,22808,tier1,2019-12-30
7203,22811,tier1,2025-04-02
7204,22813,tier3,2021-09-20
7205,22815,tier2,2025-09-28
7206,22819,tier3,2021-01-22
7207,22820,tier3,2023-07-01
7208,22825,tier1,2019-07-30
7209,22826,tier1,2024-04-05
7210,22827,tier2,
7211,22836,tier1,2021-10-05
7212,22838,tier1,2026-02-04
7213,22839,tier3,2021-04-02
7214,22850,tier3,2019-03-17
7215,22852,tier1,2019-11-26
7216,22855,tier1,2022-02-17
7217,22860,tier1,2025-10-10
7218,22865,tier2,2021-11-21
7219,22868,tier1,2025-10-18
7220,22870,tier1,2026-02-06
7221,22874,tier3,2023-09-06
7222,22876,tier3,2025-01-25
7223,22882,tier1,2024-03-24
7224,22891,tier1,2021-05-06
7225,22896,tier1,2025-07-05
7226,22898,tier3,2025-07-01
7227,22904,tier1,2024-04-28
7228,22909,tier1,2020-10-15
7229,22914,tier3,2021-08-04
7230,22916,tier1,2024-11-19
7231,22921,tier1,2024-10-16
7232,22922,tier3,2024-04-26
7233,22923,tier1,2025-04-20
7234,22924,tier3,2025-04-21
7235,22926,tier1,2025-12-12
7236,22932,tier2,2024-01-20
7237,22934,tier3,
7238,22937,tier1,2022-09-25
7239,22938,tier3,2022-10-06
7240,22939,tier1,
7241,22942,tier1,2020-07-19
7242,22944,tier1,2021-07-02
7243,22957,tier2,2020-04-29
7244,22969,tier2,
7245,22970,tier2,2023-12-07
7246,22972,tier3,
7247,22980,tier1,2021-08-08
7248,22981,tier1,2022-04-05
7249,22984,tier3,2022-03-09
7250,22989,tier2,
7251,22993,tier3,2019-04-06
7252,23003,tier2,2022-08-29
7253,23006,tier1,
7254,23009,tier2,2026-01-12
7255,23011,tier3,2019-04-09
7256,23017,tier2,2022-10-02
7257,23018,tier1,2025-06-15
7258,23019,tier1,2021-10-25
7259,23020,tier2,
7260,23023,tier2,2019-05-25
7261,23031,tier3,2025-01-29
7262,23036,tier1,2022-09-05
7263,23041,tier1,2025-12-08
7264,23043,tier3,2020-03-06
7265,23044,tier1,2024-08-05
7266,23047,tier1,
7267,23049,tier1,2024-07-10
7268,23054,tier2,2021-01-08
7269,23057,tier1,
7270,23063,tier2,2020-02-29
7271,23065,tier1,2019-07-27
7272,23066,tier2,2022-12-02
7273,23071,tier1,2026-04-02
7274,23072,tier2,2020-02-19
7275,23074,tier3,2025-04-15
7276,23075,tier2,2026-01-29
7277,23077,tier2,2021-01-18
7278,23078,tier2,2024-03-09
7279,23083,tier2,2021-12-31
7280,23084,tier1,2022-03-21
7281,23092,tier1,2023-01-15
7282,23097,tier3,2021-10-25
7283,23098,tier1,2024-06-01
7284,23104,tier3,2022-10-07
7285,23105,tier1,2025-10-20
7286,23109,tier1,2022-11-13
7287,23111,tier1,2025-11-23
7288,23112,tier1,2024-08-07
7289,23114,tier3,2019-09-02
7290,23125,tier1,2025-06-22
7291,23126,tier1,2025-04-27
7292,23130,tier3,2021-07-01
7293,23139,tier1,2025-12-17
7294,23141,tier3,2019-06-07
7295,23143,tier1,2024-06-13
7296,23145,tier2,2023-12-23
7297,23148,tier1,
7298,23149,tier1,2021-10-09
7299,23150,tier2,2022-01-30
7300,23155,tier3,2023-05-13
7301,23156,tier2,2025-01-26
7302,23158,tier1,2021-06-04
7303,23159,tier2,2019-12-14
7304,23160,tier1,2020-05-31
7305,23162,tier1,2019-09-24
7306,23164,tier1,2020-03-05
7307,23168,tier2,2024-10-06
7308,23171,tier2,2025-07-03
7309,23174,tier1,2024-04-15
7310,23175,tier2,2020-09-22
7311,23176,tier1,2020-06-14
7312,23178,tier2,2020-12-17
7313,23180,tier2,2024-08-19
7314,23184,tier1,2024-04-27
7315,23185,tier1,
7316,23187,tier2,2022-04-22
7317,23189,tier1,2019-06-24
7318,23190,tier1,2024-06-07
7319,23196,tier3,2023-05-02
7320,23200,tier1,2021-05-11
7321,23205,tier1,
7322,23210,tier1,2024-04-01
7323,23215,tier2,2021-08-21
7324,23217,tier2,2020-08-18
7325,23220,tier2,2026-01-12
7326,23222,tier1,
7327,23230,tier3,
7328,23233,tier1,2024-10-23
7329,23234,tier1,2020-04-27
7330,23241,tier2,2019-05-24
7331,23245,tier3,2021-02-17
7332,23246,tier1,2021-04-10
7333,23248,tier2,2023-03-21
7334,23250,tier2,2025-04-18
7335,23253,tier2,
7336,23256,tier2,2021-06-11
7337,23262,tier2,2023-04-20
7338,23269,tier3,2022-05-14
7339,23273,tier1,2025-08-11
7340,23274,tier1,2024-03-26
7341,23275,tier1,2020-01-11
7342,23280,tier2,2021-04-03
7343,23287,tier1,
7344,23295,tier2,2025-06-21
7345,23296,tier2,2019-11-21
7346,23297,tier1,2025-04-08
7347,23298,tier3,2024-05-05
7348,23299,tier3,
7349,23303,tier3,2019-04-16
7350,23308,tier3,
7351,23310,tier2,2024-09-10
7352,23314,tier2,2023-03-30
7353,23315,tier1,2021-12-22
7354,23316,tier1,2025-06-29
7355,23317,tier3,2024-08-04
7356,23320,tier2,2024-05-12
7357,23321,tier1,2023-09-19
7358,23323,tier1,2021-11-19
7359,23328,tier1,2021-06-16
7360,23334,tier2,2023-04-15
7361,23335,tier1,2023-03-16
7362,23340,tier3,2022-11-16
7363,23347,tier2,2023-03-13
7364,23348,tier1,2023-09-20
7365,23349,tier2,2023-04-27
7366,23352,tier2,2024-04-24
7367,23353,tier2,2020-03-19
7368,23358,tier2,2023-06-02
7369,23359,tier1,2023-11-18
7370,23364,tier2,
7371,23365,tier2,2019-11-15
7372,23366,tier1,2022-08-14
7373,23368,tier1,
7374,23371,tier2,2019-09-12
7375,23372,tier1,2019-03-29
7376,23373,tier1,2024-12-23
7377,23375,tier2,2026-04-19
7378,23378,tier1,2022-02-28
7379,23383,tier1,2023-11-01
7380,23384,tier1,2019-03-31
7381,23385,tier1,2020-02-15
7382,23387,tier1,2025-08-04
7383,23391,tier1,2026-05-13
7384,23393,tier1,2024-05-31
7385,23395,tier3,2025-04-23
7386,23403,tier2,2020-07-03
7387,23404,tier3,
7388,23408,tier1,2020-02-02
7389,23409,tier3,2021-03-16
7390,23412,tier2,2022-01-17
7391,23414,tier2,2023-10-24
7392,23417,tier1,2024-02-01
7393,23418,tier2,
7394,23419,tier2,2024-02-02
7395,23420,tier3,2024-04-02
7396,23421,tier1,2026-04-27
7397,23422,tier2,2021-07-06
7398,23423,tier1,2025-07-21
7399,23427,tier3,2023-11-15
7400,23428,tier2,2021-01-10
7401,23437,tier1,2023-11-22
7402,23438,tier3,2023-08-03
7403,23441,tier3,2021-04-22
7404,23442,tier1,2022-08-08
7405,23446,tier2,2024-01-27
7406,23451,tier1,2023-04-09
7407,23454,tier1,2024-03-28
7408,23457,tier1,2020-06-12
7409,23462,tier1,2021-05-03
7410,23463,tier1,
7411,23465,tier1,2019-10-05
7412,23466,tier2,2025-06-11
7413,23467,tier2,
7414,23469,tier3,
7415,23473,tier2,2020-01-19
7416,23475,tier1,
7417,23483,tier2,
7418,23484,tier3,2021-08-30
7419,23485,tier2,2020-02-23
7420,23486,tier2,2020-11-30
7421,23488,tier3,2019-05-12
7422,23489,tier2,2020-05-22
7423,23491,tier1,2024-11-25
7424,23493,tier2,
7425,23498,tier1,2022-01-04
7426,23501,tier2,2026-06-20
7427,23512,tier1,2021-12-01
7428,23516,tier1,2025-06-13
7429,23523,tier2,2023-01-20
7430,23524,tier1,2020-01-08
7431,23527,tier1,2023-05-27
7432,23531,tier2,
7433,23532,tier1,2023-08-04
7434,23537,tier1,2024-02-06
7435,23539,tier2,2022-07-27
7436,23543,tier2,2024-08-20
7437,23546,tier1,2023-03-18
7438,23548,tier3,2022-05-16
7439,23549,tier3,2021-07-27
7440,23550,tier1,2022-09-18
7441,23552,tier1,2022-06-01
7442,23554,tier1,2019-11-28
7443,23555,tier2,2021-05-04
7444,23556,tier2,2025-10-23
7445,23561,tier3,2021-12-05
7446,23563,tier1,2021-07-06
7447,23564,tier3,2022-12-22
7448,23566,tier1,2025-02-24
7449,23567,tier1,2023-06-09
7450,23571,tier3,2021-12-26
7451,23572,tier1,2022-11-12
7452,23573,tier1,2021-07-16
7453,23581,tier2,2026-01-31
7454,23582,tier1,2021-08-12
7455,23583,tier2,2021-06-21
7456,23585,tier1,2019-11-06
7457,23586,tier1,2020-02-08
7458,23587,tier2,2020-08-10
7459,23592,tier1,2024-06-20
7460,23596,tier1,2020-04-13
7461,23599,tier2,2026-01-24
7462,23600,tier2,2025-04-27
7463,23604,tier2,2020-07-14
7464,23608,tier1,2023-06-25
7465,23609,tier1,2022-05-14
7466,23610,tier1,2020-12-12
7467,23617,tier2,2022-03-24
7468,23629,tier3,2019-04-02
7469,23630,tier3,2022-07-19
7470,23639,tier3,2019-03-12
7471,23650,tier1,
7472,23654,tier1,2019-10-28
7473,23656,tier2,2025-03-29
7474,23661,tier1,2021-08-24
7475,23664,tier3,2020-11-29
7476,23668,tier1,
7477,23671,tier2,2022-01-06
7478,23673,tier1,2025-11-04
7479,23675,tier2,2021-12-12
7480,23677,tier2,2019-11-03
7481,23678,tier2,2019-05-17
7482,23680,tier2,2023-01-25
7483,23681,tier2,2021-12-05
7484,23684,tier1,2023-01-21
7485,23685,tier1,2023-01-09
7486,23686,tier1,2025-01-10
7487,23692,tier2,2025-04-29
7488,23696,tier2,2025-06-29
7489,23698,tier3,2023-02-11
7490,23701,tier2,2019-01-11
7491,23704,tier2,2022-01-13
7492,23705,tier1,2020-12-29
7493,23706,tier1,2026-03-06
7494,23708,tier1,2022-09-30
7495,23711,tier1,2022-12-18
7496,23716,tier1,2023-12-18
7497,23720,tier3,2023-02-19
7498,23721,tier1,2019-03-02
7499,23722,tier1,2023-06-22
7500,23729,tier2,2024-12-25
7501,23732,tier1,2022-03-14
7502,23733,tier2,2025-08-02
7503,23734,tier1,2023-07-08
7504,23739,tier2,2019-05-07
7505,23740,tier1,2024-12-07
7506,23741,tier1,2019-08-15
7507,23744,tier1,2021-11-09
7508,23745,tier1,2024-12-25
7509,23748,tier3,2025-08-02
7510,23753,tier2,2019-03-01
7511,23755,tier2,2020-01-12
7512,23761,tier1,2021-09-21
7513,23763,tier1,2026-06-21
7514,23770,tier3,2025-05-24
7515,23775,tier2,2020-03-01
7516,23777,tier3,2025-11-26
7517,23778,tier3,2025-01-16
7518,23782,tier2,2025-10-19
7519,23789,tier2,2019-10-26
7520,23790,tier2,2024-01-15
7521,23792,tier1,2024-04-26
7522,23795,tier1,2025-10-20
7523,23796,tier1,2022-09-21
7524,23798,tier1,2025-09-21
7525,23799,tier2,2020-11-13
7526,23806,tier1,2019-08-15
7527,23816,tier2,2023-09-19
7528,23821,tier1,2024-08-25
7529,23822,tier1,2023-12-23
7530,23826,tier1,2019-07-24
7531,23829,tier1,2019-12-03
7532,23831,tier1,2019-03-21
7533,23832,tier2,2022-12-25
7534,23834,tier2,2026-04-19
7535,23835,tier2,
7536,23837,tier1,2025-05-13
7537,23839,tier3,2019-09-20
7538,23845,tier2,2024-04-20
7539,23846,tier1,2019-01-09
7540,23847,tier1,2021-02-12
7541,23848,tier3,2020-06-18
7542,23850,tier1,2020-05-02
7543,23857,tier1,2022-11-22
7544,23858,tier1,2019-05-13
7545,23859,tier1,2024-12-18
7546,23861,tier1,2020-11-10
7547,23864,tier3,
7548,23865,tier2,2019-08-01
7549,23867,tier2,2020-02-24
7550,23870,tier2,2024-12-17
7551,23871,tier2,2020-02-07
7552,23881,tier1,2020-04-28
7553,23883,tier2,2025-09-17
7554,23886,tier2,2020-10-24
7555,23887,tier2,2019-02-02
7556,23888,tier2,2022-10-25
7557,23890,tier1,2022-02-28
7558,23893,tier1,2023-05-08
7559,23897,tier1,2025-12-28
7560,23910,tier1,2019-10-28
7561,23911,tier1,2021-02-10
7562,23912,tier3,2025-05-14
7563,23916,tier2,2019-06-07
7564,23917,tier1,2019-09-11
7565,23918,tier3,2019-05-10
7566,23921,tier2,2024-02-18
7567,23924,tier2,
7568,23925,tier2,
7569,23929,tier2,2024-04-17
7570,23931,tier1,2023-12-11
7571,23933,tier2,2020-11-01
7572,23934,tier1,2024-11-30
7573,23938,tier2,2021-11-08
7574,23939,tier1,2022-09-18
7575,23942,tier1,2025-12-02
7576,23948,tier3,2023-10-28
7577,23954,tier2,2022-01-26
7578,23962,tier2,2021-02-19
7579,23965,tier1,2019-11-26
7580,23970,tier2,2019-10-29
7581,23971,tier3,2019-09-20
7582,23974,tier2,2025-02-07
7583,23975,tier3,2019-03-01
7584,23979,tier3,2024-07-03
7585,23982,tier3,2025-04-15
7586,23993,tier2,2021-06-05
7587,23995,tier3,2019-04-25
7588,23998,tier1,2021-01-31
7589,23999,tier2,2026-01-30
7590,24006,tier2,2021-08-05
7591,24007,tier3,2023-02-13
7592,24011,tier2,2021-06-23
7593,24013,tier2,2026-01-26
7594,24015,tier2,2023-07-13
7595,24025,tier1,2022-11-04
7596,24026,tier2,2025-08-05
7597,24034,tier1,2025-04-04
7598,24035,tier2,2024-01-20
7599,24039,tier1,2021-06-08
7600,24041,tier2,2022-10-04
7601,24046,tier2,2024-05-21
7602,24049,tier3,2025-04-06
7603,24054,tier2,
7604,24055,tier1,2025-01-11
7605,24057,tier1,
7606,24058,tier1,2021-06-20
7607,24064,tier1,2026-01-31
7608,24071,tier2,2021-11-15
7609,24072,tier1,2022-05-02
7610,24074,tier2,2025-02-19
7611,24078,tier3,2019-03-16
7612,24079,tier3,2023-11-07
7613,24081,tier1,2021-04-29
7614,24082,tier1,2023-06-19
7615,24086,tier2,2021-04-03
7616,24087,tier1,2025-04-28
7617,24089,tier3,2024-03-31
7618,24090,tier2,
7619,24091,tier2,2025-03-03
7620,24095,tier1,2019-08-23
7621,24100,tier1,2024-10-12
7622,24101,tier3,2020-11-02
7623,24106,tier1,
7624,24111,tier1,2019-08-05
7625,24123,tier2,2023-05-28
7626,24128,tier2,2023-04-19
7627,24130,tier1,2023-12-30
7628,24133,tier1,2020-06-16
7629,24135,tier2,
7630,24137,tier3,2023-09-17
7631,24138,tier3,2023-08-30
7632,24139,tier2,2024-10-30
7633,24140,tier1,2020-08-18
7634,24141,tier2,2025-11-01
7635,24142,tier1,2022-05-18
7636,24145,tier1,2021-10-30
7637,24150,tier2,2021-12-24
7638,24152,tier1,
7639,24153,tier2,2022-08-05
7640,24158,tier1,
7641,24159,tier3,2024-05-23
7642,24166,tier3,
7643,24177,tier2,2021-02-19
7644,24178,tier2,2021-05-24
7645,24183,tier1,2020-04-20
7646,24185,tier1,2023-07-17
7647,24186,tier3,2023-01-11
7648,24187,tier1,2023-11-21
7649,24190,tier2,2025-12-23
7650,24191,tier2,2020-03-25
7651,24197,tier1,2024-06-04
7652,24202,tier1,2026-01-28
7653,24204,tier2,
7654,24208,tier3,2021-06-22
7655,24218,tier3,2020-11-17
7656,24220,tier2,2025-09-13
7657,24221,tier1,2024-04-18
7658,24222,tier2,2025-05-06
7659,24227,tier3,2022-02-08
7660,24230,tier1,2019-01-31
7661,24232,tier2,2020-05-07
7662,24245,tier1,
7663,24250,tier2,2019-06-09
7664,24255,tier1,2022-03-13
7665,24256,tier1,2023-10-28
7666,24261,tier2,
7667,24266,tier2,2022-03-30
7668,24267,tier1,
7669,24274,tier1,2019-04-18
7670,24279,tier1,2021-06-17
7671,24280,tier3,
7672,24281,tier3,2023-08-08
7673,24291,tier2,2021-12-23
7674,24294,tier3,2025-10-21
7675,24297,tier1,2021-01-10
7676,24299,tier2,2023-04-02
7677,24300,tier3,2022-11-16
7678,24305,tier3,2023-10-03
7679,24315,tier2,2020-08-25
7680,24318,tier3,2020-11-28
7681,24321,tier2,
7682,24327,tier1,2023-09-26
7683,24332,tier1,2019-03-11
7684,24334,tier3,2024-04-14
7685,24338,tier2,2021-04-21
7686,24343,tier1,2019-04-10
7687,24344,tier3,
7688,24350,tier1,2022-01-17
7689,24351,tier2,2020-08-06
7690,24360,tier1,2021-09-24
7691,24380,tier1,2022-02-06
7692,24382,tier1,2021-12-21
7693,24387,tier1,2019-02-03
7694,24396,tier2,2026-05-11
7695,24402,tier3,2019-09-11
7696,24403,tier1,
7697,24404,tier3,2025-07-16
7698,24410,tier1,2021-05-15
7699,24412,tier1,2024-05-10
7700,24414,tier1,
7701,24419,tier3,2025-11-28
7702,24420,tier3,2020-12-07
7703,24422,tier1,2022-09-01
7704,24423,tier1,2020-01-30
7705,24424,tier1,2021-03-16
7706,24429,tier1,2021-06-13
7707,24431,tier1,2023-05-19
7708,24437,tier1,2023-02-15
7709,24438,tier1,2021-02-11
7710,24440,tier2,2024-06-10
7711,24458,tier1,2023-07-23
7712,24460,tier1,2021-02-20
7713,24462,tier2,2020-11-28
7714,24469,tier1,2022-06-27
7715,24477,tier2,2025-05-09
7716,24478,tier2,2021-07-09
7717,24479,tier1,2023-06-15
7718,24491,tier2,2019-06-06
7719,24493,tier1,
7720,24494,tier2,2023-01-28
7721,24496,tier1,2025-04-19
7722,24500,tier1,2021-05-09
7723,24501,tier1,2024-10-16
7724,24502,tier3,2022-04-03
7725,24506,tier2,2020-06-06
7726,24508,tier2,2024-05-05
7727,24510,tier2,2020-01-24
7728,24512,tier1,2022-01-09
7729,24515,tier3,2025-10-14
7730,24518,tier2,2023-12-26
7731,24523,tier1,2023-01-13
7732,24527,tier2,2019-10-23
7733,24530,tier1,2022-10-15
7734,24531,tier1,2019-11-07
7735,24535,tier2,2025-05-09
7736,24537,tier2,2025-04-23
7737,24543,tier2,2025-05-03
7738,24544,tier1,2022-08-08
7739,24548,tier3,2020-01-30
7740,24549,tier2,2019-07-22
7741,24550,tier1,2025-11-01
7742,24553,tier3,2020-04-23
7743,24556,tier2,2021-04-15
7744,24557,tier1,2022-12-15
7745,24560,tier1,2022-05-06
7746,24563,tier3,2021-06-19
7747,24568,tier1,2019-09-25
7748,24569,tier2,2021-01-24
7749,24573,tier2,2022-11-13
7750,24575,tier1,2019-08-18
7751,24583,tier1,2022-11-08
7752,24589,tier1,2024-12-15
7753,24590,tier3,2024-12-18
7754,24591,tier1,2019-12-27
7755,24602,tier2,2026-03-24
7756,24607,tier2,2023-02-06
7757,24611,tier3,2025-06-28
7758,24612,tier1,2021-11-23
7759,24619,tier2,2025-09-14
7760,24622,tier1,2022-11-20
7761,24624,tier1,2021-08-29
7762,24626,tier1,2023-03-16
7763,24628,tier2,2024-07-19
7764,24629,tier2,2024-01-28
7765,24631,tier2,2022-02-06
7766,24635,tier1,2021-01-08
7767,24637,tier2,2020-10-17
7768,24639,tier3,2022-12-07
7769,24640,tier3,2020-06-16
7770,24644,tier1,2021-11-01
7771,24650,tier2,2023-06-30
7772,24652,tier1,2023-04-01
7773,24653,tier1,2024-11-07
7774,24655,tier2,2019-06-21
7775,24658,tier3,2024-09-27
7776,24660,tier2,2019-12-18
7777,24661,tier1,
7778,24662,tier2,2021-12-19
7779,24665,tier1,2020-03-04
7780,24668,tier1,2023-10-19
7781,24669,tier1,2022-08-27
7782,24670,tier1,2026-01-03
7783,24672,tier1,
7784,24673,tier3,2022-01-20
7785,24679,tier1,2025-01-02
7786,24682,tier2,2021-07-11
7787,24684,tier1,2023-12-24
7788,24688,tier1,2023-03-16
7789,24701,tier1,2022-05-30
7790,24702,tier2,2023-03-17
7791,24706,tier1,2025-07-12
7792,24707,tier1,2021-04-07
7793,24709,tier1,2021-02-08
7794,24710,tier3,2025-07-03
7795,24711,tier1,2021-04-17
7796,24714,tier3,2026-06-10
7797,24717,tier1,2022-07-14
7798,24718,tier1,2025-09-25
7799,24720,tier3,
7800,24724,tier2,2026-06-20
7801,24728,tier1,
7802,24730,tier2,2021-06-16
7803,24731,tier3,2019-06-08
7804,24732,tier1,2023-03-06
7805,24736,tier1,2026-05-16
7806,24737,tier1,2020-02-12
7807,24738,tier3,2024-06-10
7808,24739,tier2,2021-01-19
7809,24741,tier2,2021-01-26
7810,24742,tier2,
7811,24743,tier2,2022-12-08
7812,24746,tier1,2019-08-17
7813,24747,tier1,2020-10-19
7814,24762,tier1,
7815,24763,tier2,2020-06-07
7816,24766,tier2,2021-01-11
7817,24768,tier1,2026-02-27
7818,24769,tier3,2022-06-28
7819,24771,tier1,2022-04-30
7820,24775,tier1,
7821,24778,tier2,2022-01-13
7822,24779,tier1,2022-11-22
7823,24780,tier2,2023-04-18
7824,24782,tier1,2025-11-07
7825,24783,tier1,2025-05-20
7826,24785,tier1,2025-04-25
7827,24786,tier2,2022-05-13
7828,24788,tier1,
7829,24789,tier2,2023-02-19
7830,24790,tier2,2019-01-22
7831,24791,tier2,2020-01-27
7832,24794,tier1,2023-12-19
7833,24799,tier2,2020-07-04
7834,24800,tier2,2021-06-18
7835,24804,tier3,
7836,24807,tier2,2021-10-19
7837,24808,tier2,
7838,24816,tier1,2020-11-21
7839,24817,tier2,2022-09-12
7840,24823,tier1,2022-12-19
7841,24827,tier2,2019-03-16
7842,24829,tier2,2019-11-21
7843,24833,tier2,2023-06-05
7844,24835,tier1,2025-02-28
7845,24843,tier3,2020-03-24
7846,24844,tier2,2024-11-20
7847,24845,tier1,2019-11-11
7848,24846,tier1,2019-10-27
7849,24850,tier1,2025-05-01
7850,24854,tier2,2022-02-10
7851,24855,tier1,2021-05-30
7852,24858,tier1,2020-01-01
7853,24861,tier1,2025-03-30
7854,24863,tier1,2024-09-29
7855,24864,tier3,2022-07-05
7856,24866,tier2,2026-04-16
7857,24867,tier2,
7858,24870,tier1,2024-09-06
7859,24873,tier1,2023-07-08
7860,24874,tier3,2025-07-02
7861,24877,tier3,2020-12-04
7862,24880,tier1,2025-02-28
7863,24885,tier1,2021-09-30
7864,24890,tier1,2021-03-12
7865,24895,tier1,2023-08-05
7866,24896,tier1,2019-12-20
7867,24897,tier2,2019-02-05
7868,24902,tier1,2019-08-12
7869,24904,tier1,2022-04-26
7870,24908,tier2,2022-10-15
7871,24909,tier1,
7872,24912,tier1,2022-05-17
7873,24913,tier1,2023-05-09
7874,24917,tier2,2020-03-03
7875,24919,tier1,2021-03-20
7876,24923,tier3,2024-12-20
7877,24926,tier2,2019-09-02
7878,24928,tier1,2025-01-12
7879,24929,tier2,2020-10-12
7880,24930,tier1,2023-01-09
7881,24936,tier3,
7882,24941,tier2,2024-10-06
7883,24942,tier1,2020-07-03
7884,24943,tier1,2025-08-17
7885,24944,tier2,2025-04-19
7886,24945,tier1,2024-10-31
7887,24946,tier1,
7888,24951,tier1,2020-11-16
7889,24955,tier1,2021-07-23
7890,24970,tier3,2025-04-25
7891,24971,tier3,
7892,24979,tier1,2026-04-13
7893,24983,tier1,2019-11-01
7894,24993,tier1,2025-11-15
7895,24995,tier2,2019-09-08
7896,24996,tier3,
7897,24998,tier2,2024-05-13
7898,25004,tier2,2023-10-27
7899,25005,tier1,2020-07-06
7900,25007,tier2,2019-02-03
7901,25008,tier1,2023-04-01
7902,25010,tier1,2023-02-28
7903,25011,tier1,2020-12-13
7904,25015,tier1,2019-06-06
7905,25018,tier1,2019-02-22
7906,25021,tier1,2023-07-21
7907,25023,tier1,2023-01-25
7908,25024,tier1,2020-10-30
7909,25026,tier1,
7910,25030,tier1,
7911,25035,tier1,2025-09-28
7912,25036,tier1,2025-09-23
7913,25038,tier3,2024-07-28
7914,25049,tier1,2022-08-08
7915,25051,tier1,2022-07-12
7916,25058,tier2,2021-06-01
7917,25063,tier3,2022-11-12
7918,25068,tier2,2021-07-26
7919,25077,tier2,2021-11-13
7920,25078,tier1,2021-08-11
7921,25079,tier2,2021-02-09
7922,25083,tier2,2025-04-15
7923,25096,tier1,2022-04-23
7924,25098,tier1,2019-01-24
7925,25101,tier2,2023-03-17
7926,25102,tier1,2024-08-06
7927,25104,tier2,2025-04-02
7928,25109,tier2,
7929,25122,tier1,
7930,25124,tier1,2021-01-09
7931,25126,tier1,2022-07-08
7932,25133,tier1,2023-03-24
7933,25134,tier2,2025-01-21
7934,25136,tier1,2021-02-14
7935,25138,tier1,2020-12-12
7936,25144,tier1,2024-01-12
7937,25150,tier1,2024-05-21
7938,25155,tier2,2025-07-21
7939,25156,tier1,2023-11-01
7940,25161,tier3,2020-06-04
7941,25164,tier1,2024-05-12
7942,25168,tier1,2025-01-06
7943,25169,tier1,2024-05-22
7944,25170,tier3,2025-08-22
7945,25172,tier1,2023-09-24
7946,25173,tier2,
7947,25174,tier3,2021-01-23
7948,25181,tier3,2019-07-25
7949,25185,tier3,
7950,25189,tier1,2020-10-09
7951,25195,tier3,2025-07-20
7952,25198,tier1,2019-12-29
7953,25199,tier1,2021-04-27
7954,25205,tier3,2020-08-07
7955,25209,tier1,2020-05-03
7956,25210,tier1,2019-05-05
7957,25214,tier2,2019-02-03
7958,25215,tier1,2025-09-09
7959,25216,tier1,2023-02-14
7960,25218,tier3,2021-10-15
7961,25223,tier2,2024-03-31
7962,25226,tier2,2021-05-13
7963,25227,tier1,2021-11-16
7964,25228,tier2,2024-03-22
7965,25232,tier1,2026-06-09
7966,25236,tier1,2022-11-09
7967,25243,tier3,2025-08-12
7968,25245,tier2,2022-07-26
7969,25251,tier2,2022-06-26
7970,25256,tier2,2022-07-18
7971,25263,tier1,2020-03-11
7972,25264,tier1,2020-09-03
7973,25266,tier1,2023-09-25
7974,25267,tier1,2025-10-15
7975,25270,tier2,2021-07-30
7976,25272,tier1,2023-09-28
7977,25278,tier2,2021-08-13
7978,25280,tier1,2019-04-16
7979,25281,tier1,2025-05-07
7980,25285,tier3,
7981,25286,tier2,2023-10-20
7982,25288,tier1,2023-01-18
7983,25294,tier1,2021-02-12
7984,25298,tier3,2019-12-01
7985,25302,tier2,2023-04-15
7986,25303,tier1,2024-07-14
7987,25311,tier1,2021-04-22
7988,25313,tier1,2020-05-10
7989,25315,tier1,2023-11-02
7990,25316,tier1,2023-08-28
7991,25320,tier1,2020-01-09
7992,25329,tier1,2021-05-13
7993,25335,tier1,2020-04-29
7994,25343,tier1,2026-03-28
7995,25347,tier2,2023-05-15
7996,25352,tier2,2019-12-18
7997,25356,tier1,2022-07-05
7998,25357,tier3,2025-09-19
7999,25358,tier1,2019-12-14
8000,25360,tier2,2023-11-12
8001,25364,tier1,2024-10-07
8002,25366,tier2,2026-05-06
8003,25367,tier3,2024-01-23
8004,25370,tier3,2023-04-18
8005,25377,tier2,2024-06-16
8006,25399,tier2,
8007,25403,tier1,2024-08-18
8008,25405,tier2,2020-05-07
8009,25407,tier1,2021-08-07
8010,25411,tier3,2021-06-17
8011,25413,tier2,2024-12-09
8012,25421,tier3,2019-05-02
8013,25423,tier2,2020-03-13
8014,25430,tier3,2021-03-07
8015,25435,tier2,
8016,25438,tier3,2019-03-21
8017,25442,tier2,2020-04-13
8018,25443,tier2,2023-05-27
8019,25445,tier1,2022-11-28
8020,25446,tier1,2025-09-10
8021,25447,tier3,2023-01-11
8022,25450,tier3,2021-06-27
8023,25451,tier2,2023-06-18
8024,25454,tier1,2019-06-17
8025,25455,tier1,2024-01-23
8026,25461,tier1,2022-03-20
8027,25463,tier3,2023-06-07
8028,25464,tier1,2022-04-01
8029,25465,tier2,2020-12-06
8030,25470,tier3,2022-12-12
8031,25472,tier3,
8032,25478,tier1,2021-05-01
8033,25481,tier1,2019-12-04
8034,25485,tier1,2019-09-08
8035,25489,tier1,2023-02-03
8036,25490,tier1,2024-06-10
8037,25495,tier2,2019-01-17
8038,25508,tier1,2026-04-03
8039,25512,tier1,2022-04-16
8040,25514,tier2,2022-10-24
8041,25516,tier1,2026-06-19
8042,25520,tier1,2020-11-26
8043,25522,tier1,2020-05-11
8044,25525,tier1,2026-01-27
8045,25526,tier2,2021-03-12
8046,25529,tier2,2021-03-10
8047,25531,tier1,2022-06-01
8048,25533,tier2,2019-01-25
8049,25535,tier1,2025-05-20
8050,25537,tier3,
8051,25539,tier1,2021-04-11
8052,25540,tier1,2021-12-12
8053,25541,tier1,2021-04-12
8054,25544,tier2,2024-02-25
8055,25547,tier3,2024-04-25
8056,25550,tier1,2021-11-03
8057,25551,tier1,2024-02-11
8058,25553,tier1,2024-02-29
8059,25555,tier3,2023-12-29
8060,25558,tier2,2024-07-18
8061,25559,tier3,2024-06-02
8062,25566,tier1,2023-03-09
8063,25570,tier2,2019-01-04
8064,25571,tier3,2025-02-28
8065,25577,tier2,2025-08-21
8066,25578,tier1,2019-03-28
8067,25579,tier1,2020-06-02
8068,25588,tier2,2020-07-03
8069,25589,tier1,2026-06-07
8070,25591,tier1,2023-05-18
8071,25597,tier1,2021-07-19
8072,25603,tier1,2025-10-23
8073,25604,tier2,2022-07-12
8074,25608,tier2,2021-10-07
8075,25610,tier2,2024-05-28
8076,25612,tier2,2026-03-22
8077,25620,tier1,2019-03-14
8078,25621,tier1,
8079,25623,tier1,2021-12-28
8080,25628,tier1,2024-04-23
8081,25630,tier1,2024-03-06
8082,25631,tier2,2022-10-04
8083,25633,tier1,2023-10-06
8084,25637,tier2,2025-04-29
8085,25639,tier1,2020-10-26
8086,25646,tier2,2022-04-01
8087,25652,tier1,2020-03-29
8088,25654,tier1,
8089,25660,tier1,2020-05-27
8090,25667,tier2,2024-09-06
8091,25673,tier1,
8092,25674,tier1,2019-04-19
8093,25676,tier1,2022-05-19
8094,25678,tier3,2024-10-21
8095,25686,tier3,2021-03-11
8096,25688,tier3,2021-01-23
8097,25689,tier1,2021-01-02
8098,25692,tier1,2025-04-15
8099,25697,tier1,2019-04-20
8100,25699,tier1,2020-11-09
8101,25709,tier2,2023-10-30
8102,25710,tier3,2020-10-01
8103,25714,tier1,2024-06-30
8104,25723,tier2,2024-02-02
8105,25726,tier1,2025-03-28
8106,25731,tier2,2021-07-05
8107,25738,tier2,2020-05-04
8108,25739,tier2,
8109,25749,tier1,2025-01-25
8110,25750,tier2,2026-02-14
8111,25751,tier1,2023-03-07
8112,25752,tier3,2020-04-07
8113,25753,tier1,2025-05-22
8114,25756,tier1,2025-08-10
8115,25759,tier2,2021-10-22
8116,25766,tier1,2023-10-06
8117,25769,tier1,2019-08-19
8118,25770,tier2,2019-01-08
8119,25780,tier1,2021-10-12
8120,25781,tier1,2023-09-16
8121,25785,tier3,2022-02-09
8122,25788,tier1,2022-11-01
8123,25789,tier1,2023-05-19
8124,25800,tier1,2024-06-09
8125,25804,tier1,2022-03-13
8126,25805,tier2,2023-11-03
8127,25806,tier2,2020-03-11
8128,25808,tier2,2023-02-18
8129,25810,tier2,2021-08-29
8130,25812,tier1,2025-04-24
8131,25813,tier2,2024-09-17
8132,25822,tier1,2023-01-12
8133,25823,tier1,2023-10-21
8134,25830,tier1,2022-01-06
8135,25831,tier2,2019-06-07
8136,25833,tier2,2025-02-15
8137,25834,tier2,2020-10-29
8138,25836,tier1,2019-12-27
8139,25837,tier2,2022-07-28
8140,25838,tier1,2021-06-01
8141,25840,tier2,2021-08-10
8142,25848,tier3,2021-04-17
8143,25850,tier1,2025-04-09
8144,25851,tier1,2020-01-09
8145,25852,tier1,2023-11-21
8146,25857,tier1,2020-10-23
8147,25860,tier1,
8148,25863,tier1,2024-08-31
8149,25870,tier1,2024-04-05
8150,25876,tier2,
8151,25877,tier1,2022-04-23
8152,25878,tier2,2026-01-04
8153,25886,tier1,2024-10-10
8154,25889,tier2,2023-08-09
8155,25890,tier1,2020-05-09
8156,25893,tier2,2020-01-06
8157,25894,tier2,2023-02-05
8158,25899,tier3,2019-11-14
8159,25901,tier3,2022-12-27
8160,25902,tier2,2025-09-18
8161,25906,tier2,
8162,25910,tier1,2019-06-08
8163,25912,tier1,2026-02-21
8164,25919,tier3,2023-11-10
8165,25923,tier2,2023-05-27
8166,25934,tier3,2021-05-22
8167,25936,tier3,2021-11-10
8168,25938,tier1,
8169,25946,tier2,2025-04-16
8170,25949,tier2,2024-08-15
8171,25954,tier1,
8172,25956,tier2,2024-08-14
8173,25957,tier3,
8174,25962,tier3,2025-12-09
8175,25964,tier3,
8176,25967,tier2,2022-11-22
8177,25969,tier2,2023-04-25
8178,25972,tier1,2022-05-19
8179,25975,tier2,2024-10-01
8180,25976,tier2,2020-03-30
8181,25998,tier1,2019-09-04
8182,26005,tier1,2024-06-29
8183,26006,tier1,2024-03-07
8184,26008,tier3,2019-10-21
8185,26016,tier1,2022-06-02
8186,26018,tier3,2019-12-07
8187,26022,tier3,2021-01-29
8188,26026,tier1,2022-06-09
8189,26029,tier3,2022-07-22
8190,26033,tier1,
8191,26035,tier2,2025-02-15
8192,26042,tier1,2025-11-23
8193,26047,tier1,
8194,26053,tier1,2026-02-16
8195,26055,tier1,
8196,26057,tier3,2025-09-12
8197,26060,tier1,2019-07-18
8198,26065,tier2,2023-01-18
8199,26067,tier1,2026-02-12
8200,26072,tier2,
8201,26073,tier1,2024-02-27
8202,26080,tier1,2024-02-18
8203,26086,tier2,2026-02-24
8204,26087,tier1,2023-12-08
8205,26093,tier1,2022-04-18
8206,26094,tier2,2022-02-06
8207,26097,tier1,
8208,26098,tier2,2020-06-28
8209,26101,tier1,2021-03-03
8210,26103,tier1,2024-08-17
8211,26104,tier2,2020-07-02
8212,26112,tier3,
8213,26113,tier2,2021-07-05
8214,26116,tier3,2022-07-04
8215,26118,tier1,2022-07-21
8216,26129,tier1,
8217,26140,tier2,2021-03-18
8218,26142,tier1,2025-06-03
8219,26143,tier2,2020-06-21
8220,26146,tier2,2025-07-21
8221,26149,tier1,2019-09-18
8222,26151,tier1,2019-04-10
8223,26154,tier1,2021-11-12
8224,26155,tier3,2021-09-15
8225,26161,tier3,2023-08-06
8226,26162,tier3,2022-02-03
8227,26171,tier1,2022-07-10
8228,26173,tier1,2022-05-05
8229,26175,tier3,2022-07-03
8230,26178,tier1,2023-11-04
8231,26179,tier3,2020-12-22
8232,26182,tier1,2020-01-15
8233,26185,tier3,2025-10-25
8234,26189,tier3,2020-01-28
8235,26197,tier1,
8236,26199,tier2,2022-01-25
8237,26201,tier3,2025-08-19
8238,26203,tier3,2025-02-10
8239,26206,tier1,2024-09-02
8240,26208,tier3,2019-09-10
8241,26211,tier2,2019-09-07
8242,26216,tier2,2020-08-29
8243,26218,tier1,2022-09-21
8244,26220,tier2,
8245,26225,tier3,2024-04-26
8246,26228,tier1,2022-11-10
8247,26229,tier2,2022-05-29
8248,26231,tier1,2019-03-19
8249,26232,tier1,2019-09-23
8250,26234,tier1,2025-02-25
8251,26235,tier1,2025-05-10
8252,26236,tier2,2021-09-08
8253,26237,tier1,
8254,26240,tier3,2024-11-16
8255,26241,tier1,2019-10-01
8256,26243,tier1,2025-08-03
8257,26252,tier1,2022-06-28
8258,26256,tier2,2020-11-23
8259,26258,tier1,2020-07-03
8260,26262,tier1,
8261,26266,tier1,2019-11-29
8262,26273,tier2,2023-02-07
8263,26274,tier1,2022-06-27
8264,26279,tier1,2025-07-11
8265,26283,tier1,
8266,26284,tier2,2019-09-21
8267,26286,tier2,2019-05-24
8268,26287,tier1,2025-06-02
8269,26289,tier3,2022-11-04
8270,26292,tier1,2024-08-27
8271,26293,tier1,2019-01-08
8272,26295,tier1,2021-12-16
8273,26297,tier1,
8274,26299,tier1,2025-08-13
8275,26301,tier2,2019-08-15
8276,26303,tier2,
8277,26306,tier2,2021-11-15
8278,26309,tier2,2021-10-26
8279,26311,tier1,2021-08-10
8280,26322,tier1,2020-07-31
8281,26323,tier3,
8282,26324,tier1,2023-09-15
8283,26325,tier1,
8284,26327,tier1,2023-10-07
8285,26332,tier3,2024-05-25
8286,26337,tier1,2024-03-10
8287,26339,tier2,2021-03-09
8288,26340,tier2,2021-01-15
8289,26345,tier1,
8290,26351,tier1,2025-12-02
8291,26353,tier1,2021-09-25
8292,26364,tier2,2024-10-11
8293,26366,tier3,2023-01-14
8294,26367,tier1,2022-04-17
8295,26368,tier1,2026-04-27
8296,26371,tier2,2025-11-25
8297,26374,tier2,2022-01-23
8298,26375,tier1,2023-11-06
8299,26376,tier2,2023-03-29
8300,26381,tier1,2019-08-30
8301,26388,tier2,2024-09-12
8302,26391,tier2,2020-08-12
8303,26393,tier2,2025-03-28
8304,26394,tier1,2025-12-06
8305,26396,tier1,2025-11-08
8306,26397,tier2,2021-05-05
8307,26399,tier2,2025-03-23
8308,26401,tier1,2025-12-07
8309,26407,tier2,2021-02-02
8310,26409,tier2,2024-08-27
8311,26420,tier1,2021-04-06
8312,26433,tier2,2021-04-02
8313,26434,tier2,
8314,26436,tier2,2025-06-29
8315,26441,tier2,2023-07-05
8316,26451,tier2,2024-08-09
8317,26455,tier2,
8318,26462,tier1,2021-06-23
8319,26463,tier2,2023-01-29
8320,26465,tier1,2021-11-21
8321,26466,tier3,2020-10-14
8322,26467,tier2,2022-04-05
8323,26470,tier2,2026-05-25
8324,26474,tier1,2024-07-09
8325,26475,tier1,2024-11-22
8326,26479,tier2,
8327,26481,tier2,2021-01-01
8328,26483,tier2,2025-12-02
8329,26486,tier1,2019-06-28
8330,26487,tier1,2019-10-23
8331,26490,tier1,
8332,26492,tier3,2023-02-18
8333,26498,tier1,2025-09-27
8334,26500,tier2,2020-02-01
8335,26501,tier3,2026-05-15
8336,26502,tier1,2022-03-05
8337,26505,tier2,2021-07-04
8338,26507,tier1,2024-02-06
8339,26509,tier1,2024-05-11
8340,26516,tier1,2021-07-28
8341,26522,tier1,2023-03-03
8342,26523,tier2,2021-09-26
8343,26528,tier1,2023-01-25
8344,26532,tier1,2022-04-25
8345,26537,tier1,2020-02-23
8346,26542,tier1,2024-08-08
8347,26544,tier2,2022-08-23
8348,26545,tier2,2019-05-13
8349,26548,tier1,
8350,26550,tier1,2025-07-24
8351,26551,tier1,2023-04-12
8352,26552,tier2,2022-05-25
8353,26559,tier2,2020-07-29
8354,26562,tier1,
8355,26566,tier2,2019-05-19
8356,26567,tier2,2019-09-15
8357,26568,tier3,2022-10-21
8358,26569,tier3,2019-01-31
8359,26571,tier3,2019-04-11
8360,26575,tier1,2021-02-08
8361,26578,tier2,2020-07-08
8362,26580,tier3,2024-06-15
8363,26581,tier1,2022-09-17
8364,26584,tier1,2024-09-28
8365,26587,tier3,2019-07-28
8366,26589,tier1,2019-10-24
8367,26593,tier1,2019-11-23
8368,26595,tier1,2019-11-10
8369,26597,tier3,2019-11-13
8370,26598,tier1,2023-02-05
8371,26599,tier1,2025-06-17
8372,26603,tier1,2020-07-25
8373,26604,tier1,2021-08-26
8374,26607,tier1,2024-06-30
8375,26608,tier2,2026-04-23
8376,26611,tier1,2025-02-08
8377,26626,tier2,2021-07-02
8378,26629,tier1,
8379,26631,tier1,2022-12-26
8380,26634,tier2,2019-09-10
8381,26635,tier1,2022-07-03
8382,26639,tier1,2020-11-30
8383,26641,tier2,2026-03-19
8384,26648,tier1,2023-01-22
8385,26653,tier2,2023-08-10
8386,26655,tier3,2020-10-05
8387,26657,tier1,2020-03-23
8388,26666,tier2,2019-12-03
8389,26673,tier1,2022-01-14
8390,26686,tier3,2026-06-17
8391,26687,tier3,2026-01-19
8392,26691,tier1,2020-02-23
8393,26692,tier3,2023-02-09
8394,26693,tier1,2024-11-05
8395,26702,tier2,2022-11-19
8396,26711,tier1,2023-08-29
8397,26716,tier3,2026-04-21
8398,26717,tier1,2020-03-01
8399,26721,tier1,2020-12-05
8400,26722,tier2,2020-01-18
8401,26726,tier1,2024-09-23
8402,26731,tier2,2022-02-02
8403,26732,tier1,2019-12-06
8404,26738,tier2,2023-11-05
8405,26744,tier3,2019-12-21
8406,26745,tier3,2022-11-06
8407,26758,tier2,2019-08-20
8408,26761,tier2,2024-12-09
8409,26764,tier3,2023-03-02
8410,26765,tier3,2021-12-21
8411,26766,tier1,2024-12-27
8412,26767,tier3,2021-05-01
8413,26768,tier2,2019-03-09
8414,26770,tier2,2024-02-02
8415,26773,tier2,2024-08-23
8416,26775,tier2,2022-06-04
8417,26776,tier1,2023-03-04
8418,26777,tier1,2023-03-04
8419,26778,tier1,2020-12-22
8420,26779,tier2,2019-09-19
8421,26785,tier2,2020-10-13
8422,26789,tier1,
8423,26790,tier2,2021-07-25
8424,26799,tier1,2019-10-27
8425,26801,tier1,2019-02-23
8426,26805,tier2,
8427,26806,tier1,2019-07-31
8428,26812,tier2,
8429,26818,tier2,2025-07-01
8430,26823,tier1,2019-12-15
8431,26825,tier3,2021-03-03
8432,26828,tier2,2026-06-19
8433,26834,tier1,2022-07-03
8434,26839,tier3,2020-04-18
8435,26841,tier1,2020-12-03
8436,26843,tier2,2020-05-03
8437,26847,tier1,2019-08-07
8438,26848,tier1,2024-01-24
8439,26856,tier1,2026-02-18
8440,26859,tier2,2021-09-10
8441,26862,tier3,2020-10-03
8442,26868,tier1,2021-09-16
8443,26869,tier1,2025-12-10
8444,26871,tier2,2022-06-06
8445,26874,tier1,2025-07-18
8446,26877,tier1,2020-06-27
8447,26886,tier3,2020-12-24
8448,26887,tier3,
8449,26888,tier3,2019-05-14
8450,26895,tier2,
8451,26896,tier2,2024-08-24
8452,26897,tier2,2026-04-02
8453,26899,tier3,2026-03-27
8454,26901,tier2,2019-03-08
8455,26902,tier2,2025-08-30
8456,26904,tier1,2024-07-12
8457,26905,tier2,2019-02-19
8458,26907,tier2,2021-07-23
8459,26908,tier3,2022-12-09
8460,26911,tier1,2023-07-06
8461,26913,tier2,2024-02-25
8462,26915,tier1,2024-06-29
8463,26919,tier1,
8464,26922,tier1,2022-08-25
8465,26923,tier1,2021-09-21
8466,26927,tier1,2020-10-08
8467,26928,tier2,2022-05-25
8468,26932,tier2,2026-06-26
8469,26933,tier2,2020-02-07
8470,26937,tier3,2020-08-03
8471,26940,tier1,2024-12-13
8472,26942,tier1,2024-05-03
8473,26960,tier1,2022-11-09
8474,26963,tier2,2025-05-18
8475,26971,tier1,2020-06-27
8476,26977,tier1,2021-12-23
8477,26980,tier1,2020-02-06
8478,26981,tier1,2024-05-21
8479,26982,tier1,2022-12-29
8480,26999,tier2,
8481,27011,tier2,2020-11-03
8482,27017,tier3,2023-06-04
8483,27021,tier2,2019-07-11
8484,27025,tier1,2025-10-16
8485,27026,tier2,2024-02-09
8486,27027,tier1,2020-08-08
8487,27028,tier2,2026-06-02
8488,27032,tier2,2022-06-24
8489,27034,tier2,2023-08-04
8490,27037,tier1,2025-05-30
8491,27045,tier2,2021-12-26
8492,27049,tier2,
8493,27050,tier3,2025-07-30
8494,27052,tier3,2019-04-28
8495,27054,tier2,2024-01-18
8496,27060,tier1,2024-08-06
8497,27061,tier2,2020-03-22
8498,27065,tier1,2022-05-09
8499,27069,tier2,2023-04-11
8500,27070,tier1,2025-09-25
8501,27072,tier1,2020-09-12
8502,27073,tier1,2025-07-09
8503,27074,tier3,2022-11-26
8504,27085,tier1,2021-06-20
8505,27088,tier3,2019-07-24
8506,27090,tier1,2024-10-18
8507,27091,tier2,2019-07-27
8508,27093,tier3,2023-11-08
8509,27095,tier1,2025-09-21
8510,27102,tier3,2021-04-03
8511,27104,tier2,2020-05-08
8512,27114,tier1,2019-01-26
8513,27115,tier2,2026-05-29
8514,27120,tier1,2024-11-20
8515,27126,tier1,2022-10-08
8516,27132,tier1,2023-07-19
8517,27135,tier1,2020-07-16
8518,27136,tier1,2022-06-12
8519,27139,tier1,2023-06-14
8520,27144,tier1,2025-04-18
8521,27147,tier3,2024-04-01
8522,27152,tier1,2023-04-13
8523,27155,tier1,2025-09-26
8524,27158,tier3,2021-11-19
8525,27159,tier1,2019-09-01
8526,27161,tier2,2024-01-30
8527,27173,tier1,
8528,27174,tier1,2022-06-22
8529,27176,tier1,2021-03-28
8530,27179,tier2,2026-06-27
8531,27180,tier2,2025-04-06
8532,27187,tier2,2022-03-08
8533,27193,tier3,2021-02-20
8534,27194,tier2,2025-01-08
8535,27196,tier2,2024-12-21
8536,27199,tier1,2025-04-06
8537,27200,tier1,2023-11-26
8538,27206,tier1,2022-07-13
8539,27207,tier1,2019-04-16
8540,27209,tier1,2022-02-28
8541,27210,tier1,2020-09-16
8542,27211,tier2,2022-10-14
8543,27213,tier2,2025-04-26
8544,27215,tier2,2025-05-15
8545,27225,tier3,2021-04-03
8546,27234,tier1,2023-07-26
8547,27239,tier1,2025-10-03
8548,27250,tier2,2022-03-24
8549,27254,tier2,2026-06-24
8550,27255,tier1,2022-05-16
8551,27258,tier2,2024-02-02
8552,27267,tier3,
8553,27270,tier3,2019-04-05
8554,27272,tier1,2020-06-16
8555,27274,tier3,2019-05-27
8556,27279,tier2,2025-11-28
8557,27281,tier1,
8558,27282,tier1,
8559,27287,tier1,
8560,27288,tier2,2020-12-20
8561,27291,tier3,2021-03-21
8562,27294,tier1,2025-03-24
8563,27300,tier3,2022-05-14
8564,27302,tier1,2023-06-21
8565,27303,tier1,2024-12-07
8566,27311,tier2,2022-09-10
8567,27315,tier1,2023-12-15
8568,27316,tier2,2023-08-22
8569,27317,tier1,2025-12-31
8570,27322,tier3,2025-01-20
8571,27325,tier2,2019-10-09
8572,27326,tier2,2024-04-28
8573,27328,tier1,2024-11-20
8574,27334,tier1,2022-01-11
8575,27335,tier1,2020-10-12
8576,27336,tier1,2026-03-13
8577,27340,tier2,2026-01-29
8578,27345,tier1,2022-05-15
8579,27347,tier3,2019-10-08
8580,27349,tier2,2021-10-12
8581,27351,tier2,2022-02-17
8582,27361,tier1,2023-12-03
8583,27363,tier1,2019-09-28
8584,27364,tier2,2019-05-13
8585,27371,tier3,
8586,27372,tier1,2025-10-29
8587,27375,tier2,2022-01-20
8588,27376,tier1,2023-05-20
8589,27377,tier1,2019-10-05
8590,27378,tier1,2021-08-02
8591,27380,tier1,2019-06-28
8592,27381,tier1,
8593,27391,tier2,2024-01-15
8594,27392,tier2,2020-09-30
8595,27394,tier1,2019-11-29
8596,27395,tier2,2020-12-22
8597,27398,tier1,2022-11-23
8598,27401,tier1,2022-08-19
8599,27402,tier1,2023-06-18
8600,27404,tier1,2022-11-05
8601,27415,tier1,
8602,27416,tier1,2019-07-03
8603,27419,tier1,2025-12-04
8604,27424,tier1,2023-04-06
8605,27427,tier1,2026-03-27
8606,27429,tier2,2024-02-21
8607,27434,tier1,
8608,27435,tier1,2026-04-30
8609,27436,tier1,2019-05-04
8610,27439,tier2,
8611,27443,tier2,2025-02-13
8612,27444,tier2,2025-05-17
8613,27448,tier1,2024-04-12
8614,27449,tier2,2022-04-16
8615,27455,tier2,2024-10-17
8616,27457,tier2,2026-04-12
8617,27461,tier2,
8618,27462,tier2,
8619,27465,tier1,2024-07-06
8620,27473,tier2,2025-12-06
8621,27483,tier2,2021-05-10
8622,27485,tier1,2026-04-19
8623,27489,tier2,2022-05-30
8624,27493,tier1,2023-01-29
8625,27494,tier1,2020-10-13
8626,27496,tier1,2025-11-02
8627,27497,tier3,2023-10-16
8628,27499,tier1,2020-08-28
8629,27500,tier3,2026-03-30
8630,27501,tier2,2022-02-13
8631,27506,tier3,2023-12-01
8632,27508,tier1,2024-05-13
8633,27509,tier1,
8634,27512,tier1,2024-05-01
8635,27518,tier2,2021-05-29
8636,27519,tier1,2019-06-11
8637,27520,tier1,2020-07-25
8638,27525,tier2,2021-07-29
8639,27532,tier2,2019-04-11
8640,27535,tier1,2021-10-05
8641,27538,tier1,2026-05-27
8642,27541,tier3,2024-12-31
8643,27542,tier1,2025-04-24
8644,27548,tier1,
8645,27549,tier2,2024-09-19
8646,27552,tier1,2024-09-18
8647,27553,tier1,2021-11-06
8648,27557,tier1,2021-07-03
8649,27559,tier2,
8650,27562,tier3,2025-02-05
8651,27566,tier3,2021-12-01
8652,27571,tier1,2024-12-22
8653,27572,tier2,2022-10-08
8654,27574,tier1,2019-06-09
8655,27579,tier2,2024-02-18
8656,27581,tier2,2026-04-03
8657,27585,tier1,2024-07-25
8658,27586,tier1,2020-09-12
8659,27588,tier1,2023-07-22
8660,27590,tier2,2025-04-08
8661,27591,tier2,2025-11-20
8662,27593,tier2,2019-11-01
8663,27594,tier1,
8664,27595,tier2,2023-02-28
8665,27597,tier3,2022-09-05
8666,27605,tier1,2024-05-09
8667,27608,tier2,2020-03-01
8668,27609,tier1,2026-01-27
8669,27611,tier1,2023-10-17
8670,27615,tier2,2022-02-17
8671,27618,tier3,2024-02-21
8672,27622,tier1,2023-11-04
8673,27626,tier1,2023-07-26
8674,27627,tier2,2021-06-27
8675,27628,tier1,2025-11-09
8676,27630,tier2,2024-03-28
8677,27638,tier1,
8678,27644,tier1,2024-12-31
8679,27645,tier3,2023-05-28
8680,27646,tier2,
8681,27647,tier3,2023-01-21
8682,27649,tier2,2019-04-11
8683,27654,tier2,2023-11-09
8684,27662,tier1,2020-04-22
8685,27663,tier3,2021-02-14
8686,27666,tier1,2024-01-30
8687,27668,tier2,2022-10-08
8688,27670,tier2,2019-09-06
8689,27671,tier1,2020-08-19
8690,27677,tier2,2025-01-05
8691,27678,tier1,2025-12-04
8692,27679,tier2,2024-07-29
8693,27680,tier2,2024-03-21
8694,27683,tier2,2025-08-24
8695,27687,tier2,2024-07-28
8696,27688,tier3,2022-02-27
8697,27695,tier1,2026-06-02
8698,27698,tier1,2023-01-01
8699,27699,tier1,2020-05-19
8700,27701,tier1,2019-09-19
8701,27705,tier3,2022-11-30
8702,27707,tier1,2020-07-08
8703,27712,tier1,2020-08-21
8704,27715,tier2,2024-07-05
8705,27719,tier2,2021-06-25
8706,27724,tier1,2025-05-21
8707,27727,tier1,
8708,27736,tier2,
8709,27738,tier2,2025-11-17
8710,27741,tier2,2019-03-30
8711,27747,tier1,2021-06-29
8712,27748,tier1,2025-03-27
8713,27754,tier1,2021-08-21
8714,27756,tier1,
8715,27765,tier1,2024-04-24
8716,27766,tier2,2024-03-04
8717,27768,tier1,2023-10-24
8718,27769,tier3,2023-09-09
8719,27774,tier1,2023-10-31
8720,27776,tier3,2019-07-22
8721,27783,tier3,2025-10-26
8722,27784,tier3,2019-02-12
8723,27787,tier1,2023-02-03
8724,27788,tier1,2024-10-04
8725,27789,tier3,2019-12-29
8726,27795,tier3,2023-03-09
8727,27798,tier1,2024-06-22
8728,27805,tier3,2026-05-14
8729,27806,tier1,
8730,27809,tier1,
8731,27812,tier1,2020-03-15
8732,27814,tier2,2026-01-10
8733,27815,tier1,2024-10-31
8734,27818,tier2,2021-01-28
8735,27826,tier1,2023-04-09
8736,27831,tier1,2026-05-26
8737,27833,tier1,2025-01-18
8738,27836,tier2,2022-10-01
8739,27841,tier1,2020-02-04
8740,27843,tier2,2020-04-01
8741,27844,tier2,2024-10-23
8742,27845,tier2,
8743,27847,tier1,2025-11-27
8744,27848,tier3,2022-06-23
8745,27850,tier1,2025-10-09
8746,27851,tier1,2021-08-06
8747,27853,tier2,2025-07-21
8748,27854,tier1,2022-03-28
8749,27856,tier2,2023-03-05
8750,27858,tier1,2024-11-23
8751,27864,tier1,2022-12-22
8752,27866,tier1,2024-02-17
8753,27868,tier2,2025-09-15
8754,27869,tier1,2026-06-05
8755,27880,tier2,2025-06-27
8756,27884,tier1,2024-02-28
8757,27886,tier2,2022-12-13
8758,27892,tier1,2019-12-22
8759,27894,tier1,2024-02-29
8760,27895,tier1,2019-09-27
8761,27897,tier2,2026-04-05
8762,27898,tier1,
8763,27899,tier1,2026-05-17
8764,27905,tier1,2024-03-16
8765,27907,tier1,2020-08-03
8766,27911,tier1,2022-10-31
8767,27916,tier1,2024-08-05
8768,27917,tier1,2019-07-03
8769,27919,tier3,2021-06-27
8770,27921,tier3,2020-11-09
8771,27926,tier3,2020-10-07
8772,27929,tier1,2024-05-02
8773,27931,tier1,2024-10-31
8774,27933,tier2,2026-04-23
8775,27938,tier1,2020-07-12
8776,27940,tier2,2021-07-24
8777,27941,tier1,2019-11-05
8778,27945,tier1,2024-07-12
8779,27946,tier2,2019-01-28
8780,27947,tier3,2019-05-28
8781,27950,tier3,2019-10-04
8782,27953,tier2,2026-02-09
8783,27954,tier1,
8784,27963,tier2,2019-04-16
8785,27972,tier1,2024-09-24
8786,27976,tier3,2021-12-22
8787,27978,tier1,2023-02-25
8788,27980,tier1,2020-07-13
8789,27982,tier1,2022-05-29
8790,27984,tier1,2021-10-25
8791,27986,tier2,2019-03-24
8792,27988,tier2,2024-05-28
8793,28000,tier3,2024-01-29
8794,28001,tier1,2019-09-14
8795,28003,tier1,2025-04-01
8796,28007,tier1,2021-03-03
8797,28011,tier3,2026-04-14
8798,28021,tier1,2019-11-09
8799,28023,tier2,2025-08-01
8800,28024,tier3,2019-07-17
8801,28025,tier3,2025-03-13
8802,28026,tier1,2024-12-14
8803,28029,tier2,2023-03-10
8804,28030,tier2,2022-07-28
8805,28031,tier2,2020-12-22
8806,28032,tier2,2020-03-04
8807,28034,tier1,2022-05-19
8808,28037,tier1,2025-12-15
8809,28038,tier1,2020-09-13
8810,28042,tier2,2025-10-04
8811,28043,tier2,2019-09-01
8812,28047,tier1,2022-05-02
8813,28048,tier1,2026-02-19
8814,28050,tier1,2019-12-23
8815,28058,tier1,
8816,28059,tier1,2021-11-27
8817,28060,tier3,2023-12-06
8818,28072,tier2,2026-01-22
8819,28073,tier1,2026-03-24
8820,28076,tier1,2021-05-20
8821,28077,tier2,2024-08-02
8822,28078,tier1,2020-06-08
8823,28079,tier2,2021-06-23
8824,28084,tier1,2022-06-18
8825,28085,tier2,2023-02-20
8826,28087,tier2,2019-04-21
8827,28089,tier3,2022-01-13
8828,28093,tier1,2022-12-17
8829,28104,tier1,2023-06-17
8830,28106,tier1,2025-08-18
8831,28108,tier1,2024-12-19
8832,28109,tier2,2023-01-11
8833,28110,tier1,2023-10-01
8834,28115,tier3,2024-02-06
8835,28120,tier1,2023-12-30
8836,28122,tier2,2025-10-16
8837,28124,tier2,2019-12-14
8838,28129,tier1,
8839,28131,tier2,2022-03-06
8840,28135,tier1,2020-08-19
8841,28138,tier3,2025-07-22
8842,28142,tier1,2026-04-17
8843,28143,tier1,
8844,28144,tier3,2019-03-12
8845,28145,tier2,2026-02-09
8846,28146,tier2,2025-10-23
8847,28147,tier2,2025-08-21
8848,28150,tier3,2022-07-04
8849,28151,tier2,2020-04-26
8850,28152,tier2,2026-04-13
8851,28158,tier3,2024-03-06
8852,28162,tier2,2024-11-26
8853,28163,tier2,2022-08-17
8854,28165,tier2,2026-03-19
8855,28171,tier2,2019-10-15
8856,28174,tier1,2023-09-14
8857,28180,tier1,2022-04-12
8858,28181,tier1,2023-03-09
8859,28182,tier1,2021-12-11
8860,28189,tier3,2025-03-14
8861,28194,tier1,2021-04-19
8862,28198,tier2,2023-11-04
8863,28199,tier1,2019-11-02
8864,28201,tier2,2026-01-26
8865,28203,tier2,2019-12-25
8866,28208,tier2,2022-05-07
8867,28221,tier1,2022-09-26
8868,28222,tier1,2019-12-29
8869,28226,tier2,2022-09-22
8870,28232,tier2,2024-08-11
8871,28233,tier3,
8872,28236,tier2,
8873,28237,tier3,2021-02-22
8874,28238,tier1,2024-12-22
8875,28240,tier1,2022-04-26
8876,28241,tier1,
8877,28243,tier2,2024-08-13
8878,28245,tier1,2021-10-11
8879,28248,tier1,2025-11-09
8880,28250,tier1,2019-06-01
8881,28254,tier3,2025-09-17
8882,28256,tier3,2022-01-22
8883,28261,tier1,2019-04-20
8884,28263,tier3,2025-03-10
8885,28264,tier1,
8886,28273,tier1,2019-04-23
8887,28275,tier1,2020-09-17
8888,28279,tier1,2025-08-09
8889,28281,tier2,2023-12-18
8890,28283,tier2,2021-04-02
8891,28284,tier2,
8892,28289,tier1,2021-05-02
8893,28293,tier3,
8894,28294,tier2,2023-10-04
8895,28298,tier2,2025-04-28
8896,28299,tier3,2023-10-09
8897,28304,tier2,2019-04-11
8898,28305,tier2,2019-12-21
8899,28308,tier1,2023-10-21
8900,28317,tier1,2023-05-05
8901,28318,tier3,
8902,28321,tier1,2025-04-25
8903,28322,tier1,2024-04-16
8904,28324,tier1,2022-07-30
8905,28341,tier1,2023-01-30
8906,28348,tier1,2024-11-08
8907,28350,tier2,2020-12-13
8908,28352,tier1,
8909,28355,tier2,2023-01-26
8910,28357,tier1,2019-04-05
8911,28359,tier1,2019-12-17
8912,28362,tier2,2021-09-25
8913,28370,tier3,2025-09-01
8914,28371,tier2,2021-01-27
8915,28379,tier1,2021-01-31
8916,28381,tier1,2024-06-12
8917,28382,tier2,2024-02-03
8918,28383,tier2,2022-02-24
8919,28384,tier2,
8920,28389,tier1,2019-06-12
8921,28396,tier1,2025-08-10
8922,28398,tier1,2026-06-24
8923,28403,tier2,2019-05-25
8924,28408,tier1,2020-04-08
8925,28420,tier1,2019-05-03
8926,28421,tier2,
8927,28426,tier1,2022-12-23
8928,28429,tier1,2021-06-12
8929,28433,tier3,2026-06-18
8930,28437,tier1,2025-11-14
8931,28438,tier2,2024-04-22
8932,28440,tier2,2026-05-19
8933,28441,tier1,2023-07-31
8934,28442,tier1,2023-12-07
8935,28457,tier2,2021-07-09
8936,28463,tier3,2023-02-24
8937,28467,tier1,2023-03-18
8938,28471,tier1,2020-11-20
8939,28472,tier2,2022-10-06
8940,28478,tier1,2020-05-25
8941,28479,tier2,2020-07-27
8942,28480,tier1,2019-06-07
8943,28486,tier1,
8944,28487,tier2,2020-05-14
8945,28493,tier2,2023-08-01
8946,28501,tier1,2023-03-21
8947,28502,tier2,2024-11-30
8948,28503,tier1,2021-06-12
8949,28506,tier2,2023-02-15
8950,28507,tier2,
8951,28510,tier1,2020-01-11
8952,28511,tier1,
8953,28513,tier2,2024-06-19
8954,28514,tier1,2025-11-13
8955,28522,tier1,2019-03-09
8956,28523,tier1,2021-01-24
8957,28527,tier1,2024-12-15
8958,28529,tier1,2020-06-12
8959,28531,tier1,2024-04-04
8960,28532,tier2,2019-12-12
8961,28534,tier3,
8962,28548,tier1,
8963,28552,tier2,2026-02-22
8964,28556,tier2,
8965,28557,tier3,2021-04-16
8966,28563,tier1,2021-12-23
8967,28565,tier2,2022-11-25
8968,28572,tier2,2019-08-16
8969,28574,tier1,2021-05-04
8970,28578,tier2,2023-02-27
8971,28582,tier3,2021-09-06
8972,28590,tier3,2024-12-24
8973,28592,tier2,2021-02-17
8974,28593,tier2,2025-11-11
8975,28594,tier1,2023-09-30
8976,28595,tier1,2022-02-01
8977,28602,tier2,
8978,28603,tier2,2022-10-17
8979,28604,tier1,2022-10-09
8980,28606,tier1,
8981,28608,tier1,
8982,28609,tier3,2022-06-17
8983,28611,tier2,2019-03-23
8984,28616,tier2,
8985,28619,tier2,
8986,28631,tier2,
8987,28633,tier2,2021-07-31
8988,28639,tier1,2024-01-17
8989,28640,tier2,2023-05-18
8990,28641,tier1,2026-01-01
8991,28643,tier1,2019-01-11
8992,28645,tier1,2019-01-01
8993,28646,tier2,2025-11-18
8994,28647,tier2,2023-08-23
8995,28652,tier2,2021-04-15
8996,28661,tier3,2023-10-02
8997,28662,tier1,2021-10-27
8998,28663,tier1,2021-08-22
8999,28667,tier2,2024-06-26
9000,28680,tier2,2025-01-25
9001,28682,tier2,2019-05-20
9002,28683,tier1,2022-10-01
9003,28687,tier2,2024-12-12
9004,28690,tier1,2021-09-23
9005,28694,tier1,2023-04-21
9006,28698,tier1,2022-01-16
9007,28703,tier2,2025-09-28
9008,28709,tier1,2020-03-19
9009,28711,tier2,2021-05-29
9010,28728,tier3,2021-08-02
9011,28732,tier1,2020-11-03
9012,28733,tier1,2023-05-16
9013,28737,tier2,2025-05-28
9014,28738,tier2,2019-09-28
9015,28739,tier2,2023-06-27
9016,28743,tier2,2020-07-22
9017,28744,tier2,2021-07-17
9018,28746,tier1,2020-07-29
9019,28749,tier1,2023-06-18
9020,28754,tier1,2021-12-09
9021,28756,tier2,2019-03-27
9022,28758,tier2,2025-02-01
9023,28762,tier3,2020-09-04
9024,28767,tier1,2020-08-29
9025,28770,tier3,2020-07-11
9026,28772,tier1,2021-01-28
9027,28774,tier2,2026-03-25
9028,28776,tier1,2019-04-02
9029,28779,tier1,2022-12-30
9030,28781,tier3,
9031,28784,tier1,2023-03-06
9032,28787,tier1,2019-07-28
9033,28789,tier2,2022-08-25
9034,28790,tier3,2020-06-05
9035,28791,tier1,2026-03-18
9036,28792,tier1,2020-12-29
9037,28793,tier1,2020-02-13
9038,28794,tier3,2021-08-06
9039,28795,tier2,2025-05-21
9040,28803,tier1,2022-07-21
9041,28805,tier2,2023-07-16
9042,28806,tier2,
9043,28807,tier1,2020-08-14
9044,28809,tier1,2025-02-17
9045,28822,tier1,2025-02-20
9046,28823,tier1,2019-03-04
9047,28824,tier2,2025-07-06
9048,28827,tier2,2019-11-26
9049,28832,tier1,2020-11-06
9050,28834,tier2,2022-06-21
9051,28835,tier3,2026-06-19
9052,28839,tier1,2022-04-15
9053,28840,tier1,2026-05-07
9054,28845,tier3,2021-10-12
9055,28855,tier2,2024-07-01
9056,28857,tier2,2019-12-11
9057,28858,tier2,2024-09-18
9058,28860,tier1,2020-11-08
9059,28861,tier1,2020-07-06
9060,28867,tier1,2019-02-16
9061,28873,tier2,2021-05-23
9062,28874,tier2,2019-03-31
9063,28876,tier1,2024-12-06
9064,28878,tier1,
9065,28881,tier2,2020-07-28
9066,28883,tier1,2019-07-08
9067,28884,tier1,2020-05-30
9068,28894,tier1,2022-06-01
9069,28895,tier1,2024-04-14
9070,28897,tier1,2022-03-01
9071,28900,tier1,2024-09-13
9072,28901,tier1,2021-08-18
9073,28902,tier1,
9074,28906,tier2,2023-10-02
9075,28907,tier2,2019-10-29
9076,28908,tier2,2024-04-03
9077,28914,tier1,2024-04-26
9078,28920,tier2,2021-10-15
9079,28923,tier1,2024-07-31
9080,28924,tier1,2021-09-09
9081,28926,tier1,2025-06-18
9082,28928,tier2,2020-06-25
9083,28935,tier1,2026-04-15
9084,28937,tier1,2021-07-06
9085,28940,tier2,2019-02-22
9086,28941,tier1,2022-01-05
9087,28945,tier1,2025-10-07
9088,28946,tier1,2019-05-17
9089,28947,tier2,2019-02-21
9090,28949,tier1,2019-02-11
9091,28951,tier2,2021-11-05
9092,28953,tier1,2023-07-23
9093,28956,tier2,2024-06-25
9094,28958,tier2,
9095,28966,tier1,2020-03-01
9096,28970,tier1,2026-03-07
9097,28971,tier1,2026-01-09
9098,28972,tier1,2024-03-08
9099,28973,tier2,2019-11-28
9100,28979,tier2,2019-01-12
9101,28981,tier1,2025-09-29
9102,28983,tier1,2021-08-12
9103,28990,tier1,2025-03-11
9104,28995,tier1,
9105,28997,tier1,2021-10-22
9106,29001,tier3,
9107,29005,tier1,2024-02-16
9108,29006,tier2,2020-04-12
9109,29007,tier2,2026-01-27
9110,29008,tier1,2025-08-13
9111,29010,tier2,2020-08-18
9112,29011,tier1,2021-11-23
9113,29028,tier2,2026-04-21
9114,29036,tier1,2021-09-27
9115,29037,tier1,2025-04-16
9116,29038,tier1,2019-12-02
9117,29040,tier1,2025-08-16
9118,29043,tier1,2020-02-15
9119,29045,tier3,2020-07-13
9120,29049,tier3,2020-10-18
9121,29051,tier2,
9122,29061,tier1,2024-02-09
9123,29068,tier2,2021-08-31
9124,29073,tier3,2019-08-10
9125,29075,tier1,2019-01-29
9126,29078,tier1,2020-02-26
9127,29079,tier1,
9128,29086,tier2,2024-05-05
9129,29090,tier3,2021-12-03
9130,29091,tier1,2019-03-16
9131,29095,tier2,2024-03-25
9132,29099,tier1,2023-01-11
9133,29105,tier1,2021-02-05
9134,29106,tier2,
9135,29112,tier3,2020-08-20
9136,29113,tier2,2019-01-06
9137,29117,tier1,2020-08-22
9138,29120,tier2,2019-09-23
9139,29129,tier1,2020-12-20
9140,29132,tier2,2023-11-03
9141,29133,tier2,2021-11-27
9142,29141,tier1,2025-06-25
9143,29146,tier1,2020-10-26
9144,29150,tier3,2022-11-04
9145,29152,tier3,2020-02-19
9146,29155,tier1,
9147,29156,tier1,2025-05-07
9148,29157,tier3,2021-02-18
9149,29161,tier1,2025-07-28
9150,29168,tier2,2019-06-05
9151,29171,tier1,2024-08-04
9152,29185,tier2,
9153,29187,tier2,2020-03-18
9154,29191,tier1,2026-05-01
9155,29197,tier3,2026-01-28
9156,29198,tier1,2020-04-14
9157,29201,tier2,2022-07-23
9158,29210,tier1,2023-02-20
9159,29211,tier3,2021-04-21
9160,29216,tier1,2023-03-16
9161,29219,tier1,2023-07-09
9162,29220,tier3,2023-10-03
9163,29225,tier1,2026-02-15
9164,29232,tier1,2024-05-17
9165,29234,tier2,2020-11-21
9166,29239,tier2,2020-10-25
9167,29240,tier1,2020-01-10
9168,29243,tier3,2025-01-27
9169,29244,tier2,2022-03-10
9170,29249,tier2,2024-06-19
9171,29253,tier2,2023-12-05
9172,29257,tier3,2023-04-05
9173,29258,tier2,2021-10-13
9174,29259,tier1,2022-01-01
9175,29263,tier1,2026-01-28
9176,29266,tier2,2022-11-20
9177,29276,tier3,2023-11-21
9178,29277,tier3,2025-03-11
9179,29281,tier3,
9180,29283,tier1,2026-03-07
9181,29289,tier1,2019-05-24
9182,29297,tier2,2026-06-01
9183,29298,tier1,2021-05-05
9184,29299,tier2,2021-01-05
9185,29306,tier2,2024-09-19
9186,29307,tier3,2026-05-01
9187,29308,tier3,2019-12-14
9188,29318,tier1,2020-08-24
9189,29319,tier1,2023-04-27
9190,29320,tier3,2025-04-16
9191,29323,tier1,2019-03-26
9192,29324,tier2,2021-12-24
9193,29326,tier1,2019-01-20
9194,29328,tier2,2022-08-21
9195,29334,tier3,2023-03-17
9196,29339,tier1,2020-08-04
9197,29340,tier3,2024-11-10
9198,29343,tier1,2022-06-01
9199,29351,tier1,
9200,29352,tier1,2021-10-03
9201,29354,tier1,2022-02-11
9202,29355,tier1,2023-05-03
9203,29356,tier1,2022-11-04
9204,29357,tier1,2021-11-06
9205,29360,tier2,2020-12-27
9206,29361,tier1,2021-05-23
9207,29366,tier2,
9208,29367,tier1,2025-07-29
9209,29370,tier3,2021-12-25
9210,29373,tier2,
9211,29376,tier1,2021-07-27
9212,29381,tier1,2021-10-24
9213,29383,tier1,2022-09-01
9214,29384,tier3,2022-07-23
9215,29386,tier2,2024-05-04
9216,29393,tier1,2022-02-12
9217,29395,tier1,2026-05-12
9218,29398,tier2,
9219,29399,tier1,2026-02-05
9220,29400,tier3,2023-10-02
9221,29406,tier3,2021-07-09
9222,29412,tier2,2025-03-15
9223,29413,tier1,2026-03-20
9224,29427,tier2,2021-07-29
9225,29430,tier3,2023-09-07
9226,29434,tier1,2025-04-25
9227,29435,tier1,2022-07-14
9228,29441,tier1,
9229,29444,tier1,2020-08-28
9230,29446,tier2,2019-12-12
9231,29447,tier1,2023-11-01
9232,29453,tier2,2022-04-30
9233,29454,tier2,2020-09-28
9234,29456,tier3,2024-11-18
9235,29472,tier2,
9236,29475,tier1,2024-05-31
9237,29479,tier1,2021-09-27
9238,29481,tier1,2023-11-22
9239,29485,tier1,2019-11-14
9240,29486,tier1,2019-03-23
9241,29487,tier3,2020-06-03
9242,29488,tier1,2025-11-28
9243,29490,tier1,2020-02-25
9244,29492,tier3,
9245,29494,tier1,2022-12-28
9246,29500,tier1,2022-11-06
9247,29501,tier1,2022-05-12
9248,29507,tier2,2021-12-03
9249,29508,tier2,2022-09-19
9250,29509,tier1,
9251,29514,tier1,2022-09-26
9252,29517,tier2,2026-05-13
9253,29518,tier1,2024-08-12
9254,29519,tier2,2021-10-15
9255,29524,tier1,2023-07-22
9256,29528,tier1,2022-03-26
9257,29530,tier2,2026-02-27
9258,29532,tier1,2023-08-11
9259,29536,tier3,2020-12-27
9260,29547,tier2,2022-04-26
9261,29548,tier1,2023-01-22
9262,29551,tier2,2025-10-20
9263,29552,tier1,2024-08-15
9264,29554,tier2,2021-02-01
9265,29555,tier1,2025-10-29
9266,29559,tier2,2021-05-02
9267,29561,tier2,
9268,29564,tier1,2023-12-12
9269,29565,tier2,2026-02-18
9270,29571,tier2,2022-09-05
9271,29577,tier1,2021-05-01
9272,29579,tier2,2019-06-16
9273,29583,tier3,2023-12-28
9274,29586,tier1,2019-12-15
9275,29587,tier3,
9276,29589,tier2,
9277,29591,tier1,2019-02-02
9278,29593,tier2,2023-04-30
9279,29595,tier2,2023-05-11
9280,29597,tier1,2019-06-19
9281,29599,tier2,2022-08-11
9282,29601,tier1,2023-11-09
9283,29609,tier1,2020-02-13
9284,29613,tier3,2019-11-30
9285,29619,tier2,2026-03-24
9286,29621,tier2,2020-03-10
9287,29623,tier1,2024-01-02
9288,29625,tier1,2024-06-16
9289,29627,tier1,2024-02-10
9290,29631,tier1,2019-05-09
9291,29633,tier1,2026-01-28
9292,29635,tier1,2025-06-27
9293,29641,tier1,2022-02-13
9294,29643,tier3,
9295,29650,tier1,2021-02-15
9296,29651,tier2,2019-01-08
9297,29677,tier1,2021-05-20
9298,29683,tier2,2026-01-24
9299,29685,tier2,2021-10-17
9300,29691,tier1,2023-03-19
9301,29693,tier2,2021-05-06
9302,29696,tier1,2020-07-08
9303,29698,tier2,2026-03-14
9304,29701,tier1,2021-12-31
9305,29703,tier2,
9306,29717,tier2,2021-12-25
9307,29719,tier1,2024-07-20
9308,29722,tier2,2024-03-04
9309,29725,tier3,2024-01-28
9310,29728,tier2,2022-08-24
9311,29730,tier2,2020-02-21
9312,29732,tier2,2025-03-28
9313,29733,tier1,2024-02-22
9314,29737,tier3,2022-01-08
9315,29738,tier1,2022-05-16
9316,29745,tier1,
9317,29747,tier3,2022-04-26
9318,29753,tier2,2025-09-08
9319,29755,tier1,2020-02-11
9320,29759,tier1,
9321,29763,tier1,2020-01-14
9322,29765,tier1,2025-12-09
9323,29766,tier2,2019-01-02
9324,29767,tier1,2020-05-19
9325,29775,tier1,2021-09-10
9326,29777,tier1,2019-07-30
9327,29778,tier2,2024-05-01
9328,29779,tier1,2021-12-25
9329,29783,tier2,2021-09-01
9330,29785,tier1,2023-12-09
9331,29788,tier2,2022-06-20
9332,29789,tier2,2021-08-23
9333,29792,tier1,2022-05-19
9334,29795,tier2,
9335,29798,tier3,2019-11-19
9336,29799,tier1,2021-12-30
9337,29806,tier3,2022-02-19
9338,29810,tier1,2021-08-14
9339,29811,tier1,2023-10-21
9340,29817,tier2,2026-03-10
9341,29818,tier2,2019-08-20
9342,29821,tier1,2026-02-23
9343,29825,tier1,2021-04-15
9344,29826,tier1,2023-06-29
9345,29832,tier1,2026-05-08
9346,29835,tier1,2022-08-24
9347,29837,tier1,2022-11-21
9348,29838,tier3,2024-04-20
9349,29842,tier2,
9350,29843,tier1,2021-02-16
9351,29844,tier2,2020-11-10
9352,29845,tier1,2021-07-25
9353,29847,tier1,2021-01-13
9354,29848,tier1,2023-08-07
9355,29849,tier1,2025-11-17
9356,29853,tier3,2026-04-18
9357,29855,tier2,2025-10-02
9358,29856,tier2,2024-03-21
9359,29859,tier1,2021-07-13
9360,29861,tier2,2023-03-06
9361,29862,tier1,2023-08-17
9362,29868,tier1,2022-08-03
9363,29877,tier1,2025-07-09
9364,29883,tier1,2020-12-01
9365,29886,tier1,2019-09-15
9366,29888,tier3,2021-09-23
9367,29891,tier2,
9368,29892,tier2,2024-11-23
9369,29896,tier3,2021-03-29
9370,29897,tier3,2023-11-22
9371,29898,tier1,2026-05-22
9372,29902,tier1,
9373,29906,tier1,2023-11-27
9374,29907,tier3,2019-05-04
9375,29915,tier1,2020-04-20
9376,29916,tier2,
9377,29919,tier3,2026-05-22
9378,29921,tier1,2025-02-02
9379,29922,tier1,2020-09-13
9380,29923,tier3,2023-06-24
9381,29927,tier1,
9382,29929,tier1,2025-07-27
9383,29931,tier1,2026-04-27
9384,29932,tier1,2026-04-20
9385,29937,tier1,2026-05-29
9386,29939,tier1,2021-01-23
9387,29940,tier2,2019-03-10
9388,29941,tier1,2025-08-27
9389,29944,tier3,2022-10-26
9390,29945,tier2,2019-01-07
9391,29947,tier2,2025-04-13
9392,29948,tier3,2025-07-20
9393,29949,tier2,2023-08-12
9394,29952,tier1,
9395,29953,tier1,2025-04-17
9396,29954,tier1,2020-01-04
9397,29955,tier2,2020-07-08
9398,29957,tier1,
9399,29961,tier1,2023-12-15
9400,29963,tier2,2019-03-28
9401,29966,tier1,2022-12-29
9402,29967,tier1,2021-03-09
9403,29968,tier3,2020-06-20
9404,29972,tier1,2025-03-08
9405,29973,tier1,2025-05-11
9406,29975,tier1,2019-11-12
9407,29976,tier3,2021-06-16
9408,29977,tier1,2022-12-01
9409,29983,tier1,2020-04-26
9410,29984,tier2,2021-01-27
9411,29987,tier1,2026-05-20
9412,29991,tier1,2024-09-09
9413,29992,tier3,2023-10-26
9414,29995,tier1,2026-05-14
9415,30001,tier1,2020-02-01
9416,30014,tier1,
9417,30019,tier2,2023-10-06
9418,30021,tier1,
9419,30023,tier2,2024-12-04
9420,30025,tier2,2023-12-17
9421,30028,tier1,2019-09-28
9422,30030,tier2,2024-07-08
9423,30032,tier1,2020-02-25
9424,30033,tier1,2024-10-09
9425,30037,tier2,2025-04-16
9426,30041,tier1,2021-04-25
9427,30047,tier2,2024-01-12
9428,30052,tier1,2024-01-04
9429,30053,tier3,2025-06-04
9430,30061,tier3,2023-04-16
9431,30067,tier1,2020-05-08
9432,30071,tier2,2020-08-20
9433,30080,tier1,2024-12-03
9434,30087,tier1,2024-09-06
9435,30091,tier1,2023-08-17
9436,30092,tier2,2020-12-11
9437,30094,tier2,2021-03-22
9438,30095,tier2,2019-07-02
9439,30107,tier1,2026-01-16
9440,30110,tier3,2025-12-22
9441,30111,tier1,2026-04-22
9442,30114,tier1,
9443,30121,tier1,2023-04-21
9444,30123,tier1,2019-05-13
9445,30124,tier2,2024-12-23
9446,30125,tier1,2022-09-19
9447,30130,tier1,2019-09-11
9448,30139,tier1,2023-11-03
9449,30142,tier1,2023-03-13
9450,30145,tier1,2022-06-02
9451,30146,tier1,2023-05-30
9452,30148,tier2,2022-11-21
9453,30149,tier2,2026-01-04
9454,30152,tier2,
9455,30154,tier2,2022-09-14
9456,30155,tier1,2022-05-27
9457,30163,tier2,2025-06-24
9458,30165,tier1,2019-07-28
9459,30166,tier1,2020-03-18
9460,30168,tier2,2020-12-05
9461,30169,tier3,
9462,30174,tier2,2021-09-02
9463,30179,tier2,
9464,30184,tier3,2026-04-04
9465,30190,tier2,2023-05-25
9466,30195,tier1,2020-04-05
9467,30197,tier1,2025-03-26
9468,30200,tier1,2025-03-08
9469,30220,tier2,
9470,30221,tier1,2023-07-18
9471,30222,tier2,2022-05-24
9472,30224,tier1,2019-06-26
9473,30227,tier2,
9474,30236,tier1,2025-09-13
9475,30237,tier3,2021-08-16
9476,30239,tier1,2021-02-27
9477,30240,tier2,2024-06-23
9478,30241,tier3,2025-01-30
9479,30243,tier1,2019-07-20
9480,30244,tier3,2022-03-09
9481,30246,tier1,2019-12-25
9482,30247,tier2,2023-01-28
9483,30248,tier2,2022-04-18
9484,30255,tier1,
9485,30257,tier1,2025-11-14
9486,30268,tier1,2021-03-14
9487,30274,tier2,2021-11-21
9488,30275,tier1,2019-08-09
9489,30277,tier3,2026-04-22
9490,30281,tier1,2020-11-04
9491,30282,tier1,2024-03-16
9492,30285,tier1,2021-09-08
9493,30286,tier1,2023-01-03
9494,30288,tier2,2021-06-27
9495,30293,tier3,2024-12-20
9496,30296,tier2,2025-09-16
9497,30301,tier1,2023-08-10
9498,30303,tier1,2021-12-26
9499,30305,tier1,2025-08-21
9500,30308,tier1,2025-07-02
9501,30311,tier2,2025-06-12
9502,30316,tier1,2022-01-16
9503,30324,tier2,
9504,30325,tier1,2026-06-25
9505,30327,tier2,2023-08-05
9506,30329,tier1,2021-02-15
9507,30338,tier3,
9508,30347,tier2,2024-03-27
9509,30348,tier2,2019-08-15
9510,30351,tier2,2023-09-25
9511,30352,tier3,2021-11-14
9512,30356,tier2,2023-11-23
9513,30362,tier3,2019-10-25
9514,30364,tier3,2025-02-03
9515,30370,tier1,2024-09-17
9516,30374,tier2,2024-12-11
9517,30376,tier3,2021-07-29
9518,30393,tier2,
9519,30396,tier1,2024-01-26
9520,30397,tier2,2023-07-29
9521,30398,tier2,
9522,30399,tier1,2023-11-13
9523,30403,tier1,2021-09-08
9524,30410,tier2,2023-06-30
9525,30413,tier2,2019-12-01
9526,30414,tier1,2022-10-06
9527,30417,tier2,2019-09-15
9528,30418,tier1,2021-08-17
9529,30420,tier2,2025-01-16
9530,30422,tier1,2019-09-12
9531,30423,tier1,2019-06-21
9532,30425,tier1,2021-01-16
9533,30428,tier3,2020-09-25
9534,30430,tier2,2025-07-31
9535,30434,tier1,2023-08-27
9536,30435,tier1,2024-04-30
9537,30442,tier1,2026-06-06
9538,30445,tier2,2023-03-31
9539,30446,tier2,2019-07-24
9540,30448,tier1,2025-01-24
9541,30449,tier2,2022-02-04
9542,30451,tier1,2024-04-28
9543,30453,tier2,
9544,30458,tier1,2020-06-07
9545,30461,tier1,2025-12-22
9546,30463,tier2,2019-05-23
9547,30464,tier1,2021-12-16
9548,30468,tier1,2024-01-01
9549,30469,tier1,2026-01-13
9550,30474,tier1,2020-11-05
9551,30477,tier2,2019-02-11
9552,30483,tier2,
9553,30486,tier1,2026-03-30
9554,30487,tier1,2024-09-28
9555,30497,tier1,2020-06-28
9556,30499,tier2,2025-06-08
9557,30501,tier2,2026-06-11
9558,30508,tier1,2023-06-03
9559,30512,tier1,2024-08-23
9560,30513,tier1,2024-03-06
9561,30514,tier1,2019-12-27
9562,30515,tier1,2021-11-01
9563,30516,tier1,2020-05-08
9564,30525,tier1,
9565,30527,tier1,2019-06-15
9566,30528,tier3,2025-09-14
9567,30530,tier3,2024-10-07
9568,30531,tier1,2021-07-24
9569,30534,tier1,2024-07-01
9570,30541,tier1,2021-08-28
9571,30549,tier1,2021-11-15
9572,30552,tier1,2023-04-04
9573,30554,tier1,2023-07-20
9574,30558,tier1,2023-12-02
9575,30559,tier1,2026-01-11
9576,30562,tier2,2019-05-23
9577,30563,tier2,2025-05-10
9578,30564,tier3,2019-03-13
9579,30565,tier2,2021-12-24
9580,30567,tier2,2019-07-16
9581,30569,tier2,2023-04-16
9582,30571,tier1,2020-02-21
9583,30572,tier1,2022-01-30
9584,30578,tier2,2023-12-13
9585,30579,tier2,2025-07-12
9586,30592,tier2,2021-11-19
9587,30595,tier2,2024-04-14
9588,30598,tier2,2020-10-17
9589,30600,tier1,
9590,30602,tier3,2025-01-08
9591,30607,tier2,2024-07-27
9592,30608,tier2,2023-03-21
9593,30612,tier1,2023-01-20
9594,30613,tier1,2022-08-06
9595,30616,tier3,2026-01-27
9596,30617,tier1,2025-08-07
9597,30625,tier2,2019-09-17
9598,30629,tier2,2025-04-02
9599,30630,tier3,2024-04-29
9600,30632,tier2,2019-01-04
9601,30637,tier1,2025-10-30
9602,30638,tier1,2024-08-06
9603,30643,tier1,2020-12-25
9604,30646,tier1,2023-03-12
9605,30649,tier2,2020-05-01
9606,30654,tier2,
9607,30656,tier1,
9608,30661,tier2,2024-11-14
9609,30667,tier3,2019-11-29
9610,30669,tier1,2025-04-01
9611,30670,tier1,2024-05-25
9612,30671,tier2,
9613,30673,tier2,2024-10-12
9614,30674,tier2,2019-03-23
9615,30675,tier2,2026-05-24
9616,30683,tier3,2022-10-17
9617,30685,tier1,2023-12-01
9618,30686,tier1,2023-02-23
9619,30691,tier1,2021-05-07
9620,30692,tier2,2020-06-28
9621,30693,tier1,2022-07-19
9622,30695,tier1,2025-09-01
9623,30697,tier1,2024-07-30
9624,30703,tier1,2025-06-04
9625,30704,tier1,2024-12-26
9626,30708,tier1,2024-10-10
9627,30712,tier1,2022-12-20
9628,30713,tier1,2020-07-11
9629,30714,tier1,2025-06-11
9630,30720,tier1,2021-06-04
9631,30726,tier1,2024-06-14
9632,30728,tier1,2019-08-07
9633,30734,tier3,2021-04-20
9634,30741,tier2,2020-02-23
9635,30744,tier3,2021-10-17
9636,30746,tier1,2026-06-25
9637,30750,tier3,2025-05-19
9638,30751,tier2,
9639,30754,tier2,2024-09-24
9640,30756,tier3,2019-09-19
9641,30758,tier1,2023-01-08
9642,30760,tier1,2020-11-19
9643,30761,tier1,2022-06-29
9644,30766,tier1,2022-03-08
9645,30769,tier1,2020-03-30
9646,30770,tier1,2021-05-28
9647,30775,tier2,2019-11-08
9648,30779,tier3,2021-04-28
9649,30781,tier2,2024-04-24
9650,30787,tier1,2025-02-19
9651,30788,tier2,2019-10-22
9652,30794,tier3,2019-04-24
9653,30800,tier1,2022-01-07
9654,30806,tier1,2020-07-31
9655,30808,tier1,2020-01-03
9656,30810,tier1,2021-10-20
9657,30814,tier1,2021-03-18
9658,30818,tier2,2025-08-12
9659,30822,tier1,2021-12-22
9660,30825,tier1,2024-03-06
9661,30826,tier1,2020-08-19
9662,30829,tier1,
9663,30835,tier2,2023-05-12
9664,30837,tier3,
9665,30841,tier1,2021-08-21
9666,30845,tier1,2023-08-15
9667,30850,tier1,2019-07-14
9668,30851,tier3,
9669,30854,tier1,2021-10-10
9670,30860,tier2,2025-07-24
9671,30864,tier1,2019-04-20
9672,30867,tier1,2024-05-19
9673,30870,tier1,2026-03-31
9674,30872,tier2,
9675,30875,tier2,2022-08-27
9676,30876,tier2,2021-10-12
9677,30880,tier1,2019-07-21
9678,30881,tier2,2021-12-31
9679,30882,tier2,2022-10-16
9680,30883,tier2,2021-09-11
9681,30886,tier2,2020-03-15
9682,30891,tier1,
9683,30895,tier1,2020-12-05
9684,30897,tier2,2019-02-12
9685,30898,tier2,2026-05-16
9686,30903,tier1,2024-06-27
9687,30905,tier3,
9688,30908,tier1,2023-04-09
9689,30909,tier3,2023-04-27
9690,30910,tier2,2019-05-15
9691,30911,tier1,2023-09-12
9692,30920,tier2,2023-04-30
9693,30921,tier3,2020-12-31
9694,30922,tier1,2025-12-19
9695,30924,tier1,2019-12-21
9696,30927,tier1,2024-02-03
9697,30929,tier1,2023-11-21
9698,30930,tier2,2025-10-30
9699,30935,tier1,2020-02-18
9700,30938,tier1,2022-07-18
9701,30939,tier1,2023-05-29
9702,30942,tier1,2026-04-25
9703,30943,tier1,2020-02-28
9704,30946,tier2,2024-11-01
9705,30948,tier2,2024-11-04
9706,30951,tier1,2019-11-16
9707,30960,tier2,2019-03-18
9708,30962,tier1,2025-03-28
9709,30964,tier2,
9710,30966,tier1,2024-04-09
9711,30967,tier1,2019-09-14
9712,30979,tier2,2024-05-05
9713,30983,tier2,2019-01-06
9714,30989,tier1,2020-03-15
9715,30991,tier2,2021-03-04
9716,30993,tier2,2020-07-27
9717,30995,tier2,2022-05-22
9718,30998,tier1,2026-05-07
9719,31002,tier1,2023-09-23
9720,31010,tier3,2024-11-05
9721,31022,tier1,2020-09-08
9722,31026,tier2,2024-04-28
9723,31027,tier2,2024-01-05
9724,31030,tier1,2020-10-15
9725,31039,tier2,2025-09-25
9726,31040,tier1,2026-02-28
9727,31042,tier2,
9728,31044,tier1,2025-05-14
9729,31046,tier1,2019-11-13
9730,31050,tier1,2022-01-16
9731,31053,tier2,2026-06-02
9732,31055,tier2,2020-02-06
9733,31057,tier2,2023-01-30
9734,31058,tier1,2019-12-20
9735,31076,tier2,2021-08-30
9736,31079,tier2,2019-01-16
9737,31080,tier1,2021-01-16
9738,31082,tier2,2024-01-07
9739,31084,tier1,2021-07-06
9740,31088,tier1,2023-07-27
9741,31092,tier1,2019-01-31
9742,31093,tier1,2019-09-30
9743,31095,tier2,2026-01-12
9744,31103,tier2,2019-06-27
9745,31105,tier3,2024-10-15
9746,31108,tier1,2019-04-11
9747,31109,tier2,2021-11-21
9748,31113,tier2,2026-01-24
9749,31115,tier3,2021-05-13
9750,31117,tier1,2021-05-21
9751,31120,tier1,2024-06-06
9752,31122,tier1,2022-09-29
9753,31125,tier1,2019-10-22
9754,31126,tier2,2024-11-01
9755,31128,tier2,2025-11-17
9756,31132,tier1,2026-05-13
9757,31133,tier1,2021-02-07
9758,31141,tier2,
9759,31142,tier1,2019-10-30
9760,31144,tier1,2020-09-29
9761,31147,tier2,2022-03-20
9762,31150,tier1,2023-10-16
9763,31151,tier3,2023-05-23
9764,31162,tier1,2020-06-29
9765,31166,tier1,2024-10-05
9766,31167,tier1,2025-12-25
9767,31172,tier2,2024-01-10
9768,31182,tier2,2024-12-25
9769,31184,tier2,2019-10-19
9770,31188,tier1,2020-06-04
9771,31193,tier2,2020-04-02
9772,31195,tier1,2024-04-07
9773,31200,tier3,2026-06-23
9774,31201,tier1,2021-11-05
9775,31204,tier1,
9776,31207,tier1,2019-09-15
9777,31209,tier1,2022-07-02
9778,31212,tier1,2025-07-23
9779,31214,tier2,2019-07-30
9780,31218,tier1,2024-10-24
9781,31223,tier3,2021-11-10
9782,31227,tier1,2020-02-07
9783,31233,tier1,
9784,31235,tier1,2022-01-12
9785,31238,tier3,2024-07-01
9786,31240,tier1,2020-11-14
9787,31242,tier3,2025-04-27
9788,31244,tier1,2024-03-10
9789,31247,tier1,2026-06-08
9790,31248,tier3,2019-05-27
9791,31253,tier2,
9792,31256,tier2,
9793,31264,tier2,2019-10-25
9794,31265,tier2,2024-10-29
9795,31266,tier2,2019-10-06
9796,31269,tier1,2021-07-26
9797,31271,tier1,2021-09-15
9798,31272,tier1,2022-02-13
9799,31278,tier2,2026-03-24
9800,31283,tier3,2024-12-24
9801,31284,tier2,2026-04-12
9802,31285,tier2,
9803,31286,tier2,
9804,31287,tier1,2022-06-05
9805,31288,tier1,2021-05-01
9806,31292,tier2,2020-01-24
9807,31306,tier2,2023-01-17
9808,31309,tier2,2022-04-29
9809,31311,tier1,
9810,31312,tier2,2023-02-07
9811,31313,tier3,2019-05-15
9812,31317,tier2,2024-02-19
9813,31331,tier2,2025-09-21
9814,31332,tier1,2024-08-01
9815,31333,tier2,2020-12-03
9816,31335,tier2,2022-07-15
9817,31337,tier1,2023-02-17
9818,31344,tier3,2021-02-18
9819,31345,tier2,2020-09-24
9820,31349,tier1,2022-07-18
9821,31358,tier2,2019-08-26
9822,31359,tier3,2021-02-03
9823,31361,tier3,2024-08-05
9824,31368,tier2,2020-10-27
9825,31370,tier1,2024-11-13
9826,31371,tier2,2023-07-30
9827,31372,tier1,2023-10-31
9828,31377,tier3,2025-09-12
9829,31385,tier1,2024-12-04
9830,31388,tier3,2022-02-10
9831,31397,tier1,2025-02-03
9832,31403,tier1,2025-01-19
9833,31409,tier1,2020-05-02
9834,31410,tier1,2022-03-30
9835,31412,tier2,2023-12-20
9836,31415,tier1,2023-02-09
9837,31416,tier2,2019-07-10
9838,31417,tier1,
9839,31422,tier2,2022-09-07
9840,31423,tier1,
9841,31429,tier1,2020-11-20
9842,31430,tier2,2025-07-15
9843,31434,tier1,2024-03-17
9844,31435,tier3,2022-10-19
9845,31436,tier2,2022-02-06
9846,31442,tier2,2020-07-16
9847,31443,tier1,2023-06-10
9848,31449,tier1,2020-07-22
9849,31455,tier1,2020-12-24
9850,31456,tier1,2025-06-10
9851,31463,tier2,2026-05-19
9852,31466,tier1,2020-02-12
9853,31470,tier1,
9854,31475,tier3,2019-01-06
9855,31479,tier1,2020-08-30
9856,31482,tier1,2023-12-09
9857,31486,tier2,2022-11-16
9858,31491,tier1,2024-12-19
9859,31492,tier2,2020-04-29
9860,31493,tier1,2025-12-06
9861,31494,tier1,2024-04-13
9862,31497,tier2,
9863,31498,tier1,2020-07-19
9864,31501,tier1,2023-07-22
9865,31503,tier2,
9866,31509,tier1,2021-09-20
9867,31512,tier1,2025-03-29
9868,31513,tier3,2025-11-07
9869,31518,tier3,2024-02-09
9870,31520,tier1,2021-06-24
9871,31528,tier1,2019-03-16
9872,31529,tier1,2019-09-15
9873,31530,tier1,2021-09-18
9874,31531,tier2,2020-02-08
9875,31532,tier3,2021-05-05
9876,31533,tier2,2019-07-16
9877,31534,tier1,2024-12-30
9878,31535,tier1,2019-11-07
9879,31541,tier2,2026-05-21
9880,31542,tier1,2025-02-05
9881,31543,tier1,2024-11-02
9882,31545,tier3,2022-12-23
9883,31547,tier2,2022-07-05
9884,31549,tier1,2025-01-04
9885,31554,tier1,2021-05-04
9886,31560,tier1,2021-01-06
9887,31561,tier2,
9888,31563,tier1,2024-02-24
9889,31573,tier3,2026-05-02
9890,31579,tier1,2021-06-07
9891,31581,tier3,2019-10-26
9892,31582,tier1,2019-07-28
9893,31586,tier1,2022-05-30
9894,31587,tier2,2024-03-10
9895,31588,tier1,2025-07-02
9896,31593,tier1,2023-06-19
9897,31600,tier3,2021-04-18
9898,31608,tier1,2019-09-05
9899,31610,tier2,2024-05-29
9900,31612,tier2,2020-10-16
9901,31616,tier1,2024-07-17
9902,31617,tier1,2019-08-26
9903,31620,tier3,2021-03-13
9904,31624,tier2,2023-02-12
9905,31626,tier2,2024-07-05
9906,31627,tier1,2022-04-03
9907,31629,tier2,2024-09-20
9908,31633,tier2,2021-07-04
9909,31639,tier2,2022-05-26
9910,31640,tier1,2019-01-30
9911,31642,tier1,2026-03-05
9912,31646,tier1,2024-10-19
9913,31649,tier2,2024-01-29
9914,31650,tier1,2019-06-26
9915,31655,tier2,2025-10-11
9916,31657,tier1,2024-11-25
9917,31660,tier1,2020-08-29
9918,31664,tier3,2022-12-26
9919,31665,tier2,2024-07-15
9920,31669,tier2,2021-04-18
9921,31673,tier2,2022-03-19
9922,31674,tier3,2021-11-28
9923,31676,tier3,2024-02-03
9924,31680,tier2,2019-03-26
9925,31682,tier1,
9926,31691,tier1,2021-04-20
9927,31694,tier1,2025-07-13
9928,31698,tier1,2021-02-09
9929,31702,tier1,2022-04-26
9930,31704,tier2,2020-06-29
9931,31706,tier2,2024-08-19
9932,31708,tier1,2021-06-05
9933,31710,tier1,2023-02-06
9934,31715,tier1,2022-11-14
9935,31717,tier1,2025-01-19
9936,31730,tier3,2019-09-04
9937,31731,tier3,2023-02-22
9938,31735,tier1,2025-07-05
9939,31745,tier1,2023-01-08
9940,31747,tier1,2020-09-08
9941,31749,tier3,2023-09-05
9942,31751,tier1,2019-11-10
9943,31752,tier2,2023-06-22
9944,31753,tier1,2019-04-25
9945,31760,tier2,2025-06-24
9946,31763,tier1,2020-02-19
9947,31770,tier2,2021-03-21
9948,31771,tier1,2021-02-14
9949,31772,tier1,2020-11-26
9950,31776,tier2,2019-11-18
9951,31777,tier2,2022-01-24
9952,31783,tier2,2022-07-23
9953,31786,tier1,2021-03-05
9954,31788,tier1,
9955,31795,tier2,2019-11-19
9956,31797,tier2,2021-03-08
9957,31798,tier2,2020-03-02
9958,31799,tier1,2019-07-02
9959,31801,tier3,2019-01-24
9960,31804,tier2,2019-03-24
9961,31806,tier1,2024-03-19
9962,31809,tier2,2021-01-19
9963,31810,tier1,2021-11-12
9964,31814,tier2,2024-04-29
9965,31818,tier2,2019-10-08
9966,31820,tier3,2025-04-28
9967,31823,tier1,2023-12-18
9968,31824,tier2,
9969,31827,tier2,
9970,31829,tier2,2022-06-13
9971,31831,tier1,2019-10-21
9972,31835,tier1,2019-02-13
9973,31837,tier1,2020-02-24
9974,31839,tier1,2022-07-08
9975,31842,tier1,2021-01-20
9976,31854,tier2,2019-11-07
9977,31860,tier3,2021-08-07
9978,31861,tier2,
9979,31863,tier1,2021-02-01
9980,31864,tier1,2021-02-08
9981,31865,tier3,2019-05-21
9982,31867,tier2,
9983,31872,tier1,2023-05-31
9984,31876,tier2,2024-01-20
9985,31877,tier1,2024-11-18
9986,31880,tier1,2023-12-21
9987,31886,tier1,2020-11-10
9988,31889,tier2,2026-03-25
9989,31890,tier1,2024-08-19
9990,31893,tier1,2020-06-15
9991,31905,tier1,2022-09-03
9992,31906,tier1,2020-08-13
9993,31908,tier1,2025-04-21
9994,31909,tier2,2024-01-01
9995,31913,tier1,
9996,31915,tier1,2022-05-12
9997,31916,tier1,2021-10-09
9998,31917,tier1,2026-01-02
9999,31919,tier2,
10000,31926,tier3,2019-10-30
10001,31927,tier3,2025-11-07
10002,31938,tier2,2020-02-20
10003,31941,tier1,2024-03-07
10004,31943,tier1,2022-10-25
10005,31946,tier2,2025-04-30
10006,31947,tier1,2026-02-10
10007,31951,tier2,
10008,31952,tier1,
10009,31953,tier2,2021-03-17
10010,31954,tier1,2019-07-21
10011,31956,tier2,2019-10-02
10012,31960,tier1,
10013,31964,tier1,2024-11-22
10014,31965,tier1,2019-06-11
10015,31966,tier3,2019-08-29
10016,31967,tier1,2019-06-07
10017,31973,tier1,2022-05-26
10018,31978,tier1,2020-12-07
10019,31982,tier1,2021-02-23
10020,31984,tier1,
10021,31985,tier3,2022-05-28
10022,31988,tier1,2024-09-27
10023,31989,tier2,2024-09-06
10024,31995,tier3,2026-02-16
10025,32003,tier1,2025-12-18
10026,32005,tier1,2022-05-12
10027,32018,tier2,2025-11-19
10028,32020,tier1,2020-03-28
10029,32026,tier1,
10030,32028,tier1,2020-02-03
10031,32032,tier1,2025-03-15
10032,32033,tier1,2022-04-18
10033,32036,tier3,
10034,32041,tier3,2023-06-18
10035,32045,tier2,2019-06-08
10036,32047,tier3,2024-06-18
10037,32051,tier2,2019-11-25
10038,32058,tier1,2023-05-07
10039,32068,tier3,2021-04-29
10040,32070,tier3,2025-04-08
10041,32071,tier1,2020-02-07
10042,32075,tier2,2021-02-13
10043,32080,tier2,2025-10-11
10044,32082,tier2,2021-10-18
10045,32084,tier3,2025-11-24
10046,32087,tier1,2026-01-07
10047,32090,tier2,2020-05-16
10048,32093,tier1,2025-09-19
10049,32094,tier2,2023-07-20
10050,32095,tier1,2021-09-11
10051,32098,tier1,
10052,32099,tier1,2024-05-19
10053,32100,tier3,2022-09-20
10054,32101,tier1,
10055,32106,tier1,2024-01-28
10056,32108,tier1,2020-12-21
10057,32112,tier1,2025-02-11
10058,32114,tier3,2020-07-14
10059,32120,tier1,2020-10-05
10060,32130,tier1,2024-12-31
10061,32131,tier2,
10062,32134,tier1,2026-06-07
10063,32135,tier2,2024-12-18
10064,32138,tier3,2020-08-21
10065,32141,tier1,2024-03-11
10066,32143,tier3,2024-05-14
10067,32145,tier3,2019-02-10
10068,32152,tier2,2022-03-14
10069,32153,tier2,2023-09-21
10070,32167,tier2,2021-12-25
10071,32168,tier1,
10072,32171,tier2,2020-03-19
10073,32179,tier1,2022-05-11
10074,32183,tier3,2024-06-22
10075,32184,tier3,2025-09-19
10076,32187,tier1,2021-09-24
10077,32188,tier2,2023-10-12
10078,32194,tier1,2021-12-11
10079,32197,tier1,
10080,32199,tier2,2023-12-28
10081,32201,tier2,2023-01-13
10082,32204,tier1,2023-04-02
10083,32205,tier3,2020-12-29
10084,32209,tier2,
10085,32214,tier1,2020-12-13
10086,32218,tier1,2025-07-26
10087,32226,tier2,2025-01-02
10088,32227,tier2,2024-06-15
10089,32230,tier1,2020-04-06
10090,32233,tier1,2020-08-18
10091,32236,tier2,2019-04-30
10092,32237,tier1,2019-11-17
10093,32243,tier1,2025-11-29
10094,32244,tier2,2025-11-10
10095,32245,tier2,2022-10-05
10096,32248,tier3,2025-11-25
10097,32249,tier2,2023-11-10
10098,32252,tier2,2020-08-31
10099,32253,tier2,2025-07-05
10100,32254,tier1,2019-09-28
10101,32255,tier1,
10102,32257,tier1,2026-06-06
10103,32259,tier3,2023-12-14
10104,32264,tier2,2021-02-25
10105,32268,tier3,2021-08-04
10106,32272,tier1,2021-08-23
10107,32273,tier3,2025-12-03
10108,32275,tier1,2022-12-03
10109,32276,tier1,2021-10-25
10110,32279,tier1,2021-09-05
10111,32281,tier3,
10112,32283,tier2,2019-10-12
10113,32292,tier1,2019-10-04
10114,32295,tier1,2024-06-28
10115,32299,tier1,
10116,32306,tier1,
10117,32312,tier1,2025-06-10
10118,32318,tier2,2025-12-30
10119,32322,tier2,2023-06-20
10120,32324,tier1,2021-09-07
10121,32329,tier2,2025-04-06
10122,32331,tier1,2025-03-23
10123,32333,tier1,2025-04-10
10124,32342,tier2,2025-12-24
10125,32344,tier1,2024-12-01
10126,32349,tier1,2026-01-07
10127,32356,tier1,2019-06-11
10128,32360,tier1,2019-08-07
10129,32362,tier2,2024-02-26
10130,32366,tier2,2023-12-24
10131,32368,tier2,2020-07-10
10132,32375,tier1,2021-11-30
10133,32376,tier2,2024-01-20
10134,32377,tier1,
10135,32379,tier1,2026-05-30
10136,32381,tier2,2025-08-02
10137,32387,tier2,2020-03-20
10138,32391,tier3,2021-12-12
10139,32392,tier2,
10140,32394,tier2,2020-07-15
10141,32395,tier1,2023-09-21
10142,32396,tier3,2023-07-19
10143,32397,tier1,2020-04-27
10144,32398,tier1,2022-10-26
10145,32400,tier2,
10146,32406,tier2,2025-11-07
10147,32407,tier1,
10148,32409,tier3,
10149,32412,tier2,2025-11-22
10150,32414,tier2,2022-08-19
10151,32417,tier2,2023-06-21
10152,32421,tier2,2025-06-24
10153,32435,tier1,2022-08-03
10154,32436,tier2,
10155,32438,tier2,2022-09-12
10156,32440,tier1,2024-05-26
10157,32442,tier1,2025-09-12
10158,32444,tier2,2021-12-31
10159,32448,tier2,2026-05-02
10160,32450,tier1,2019-03-31
10161,32451,tier2,2020-09-03
10162,32452,tier1,2023-10-27
10163,32456,tier3,2019-06-05
10164,32457,tier1,2023-03-20
10165,32461,tier2,
10166,32465,tier3,2021-10-21
10167,32467,tier1,2020-03-02
10168,32472,tier1,2020-12-27
10169,32474,tier3,
10170,32475,tier1,2026-06-03
10171,32480,tier1,2025-05-20
10172,32481,tier2,
10173,32482,tier1,2019-03-09
10174,32486,tier2,2026-02-06
10175,32489,tier2,
10176,32495,tier2,2019-07-23
10177,32496,tier2,2022-09-02
10178,32497,tier1,2026-05-29
10179,32498,tier2,2024-11-23
10180,32499,tier2,2020-12-31
10181,32501,tier2,2022-02-05
10182,32508,tier1,2021-04-05
10183,32517,tier2,2019-01-29
10184,32518,tier3,2026-03-13
10185,32520,tier3,2022-03-19
10186,32523,tier1,2021-07-20
10187,32524,tier1,2024-10-23
10188,32528,tier2,2025-01-21
10189,32531,tier1,2021-02-24
10190,32533,tier3,2020-10-05
10191,32539,tier2,2021-03-12
10192,32543,tier2,2026-05-26
10193,32544,tier1,2024-01-07
10194,32547,tier3,2022-05-13
10195,32550,tier1,2025-11-03
10196,32551,tier1,2024-10-29
10197,32558,tier2,
10198,32560,tier2,2023-01-06
10199,32564,tier1,2024-10-25
10200,32565,tier2,2025-11-04
10201,32568,tier2,
10202,32573,tier2,2024-12-25
10203,32574,tier3,2024-10-18
10204,32577,tier1,
10205,32584,tier1,2020-10-12
10206,32589,tier3,2019-12-03
10207,32596,tier1,2023-03-09
10208,32597,tier2,2024-03-12
10209,32598,tier2,2026-02-26
10210,32601,tier2,
10211,32605,tier1,2026-01-09
10212,32607,tier2,2021-05-30
10213,32610,tier2,2021-04-07
10214,32611,tier2,2025-01-31
10215,32622,tier3,2023-06-17
10216,32623,tier2,2022-10-14
10217,32626,tier1,2019-01-27
10218,32635,tier1,2024-03-26
10219,32637,tier1,
10220,32638,tier1,2020-05-07
10221,32646,tier1,2025-06-07
10222,32652,tier1,2022-12-01
10223,32653,tier1,2023-09-25
10224,32669,tier1,
10225,32672,tier1,2022-05-02
10226,32675,tier1,2025-04-02
10227,32676,tier3,2025-03-20
10228,32679,tier1,2023-10-20
10229,32680,tier1,2024-09-06
10230,32682,tier1,2020-06-09
10231,32684,tier2,2023-04-25
10232,32688,tier1,2023-04-25
10233,32690,tier1,2024-06-28
10234,32692,tier1,2024-11-04
10235,32693,tier2,2025-03-04
10236,32698,tier3,2023-03-20
10237,32699,tier1,2019-03-08
10238,32700,tier1,2022-04-07
10239,32708,tier3,2021-07-03
10240,32709,tier2,2026-03-18
10241,32712,tier3,2021-05-30
10242,32715,tier1,2020-05-01
10243,32719,tier1,2021-06-23
10244,32721,tier1,2025-09-14
10245,32722,tier1,2021-12-22
10246,32723,tier1,2024-05-04
10247,32726,tier2,
10248,32733,tier2,2019-09-12
10249,32734,tier2,2024-11-13
10250,32736,tier1,2019-11-20
10251,32741,tier1,2023-10-26
10252,32743,tier3,2020-05-01
10253,32745,tier1,2025-06-24
10254,32748,tier2,2022-10-01
10255,32749,tier1,2020-12-13
10256,32751,tier1,2019-08-15
10257,32752,tier2,2024-03-09
10258,32757,tier3,2023-03-17
10259,32759,tier2,
10260,32766,tier1,2025-09-27
10261,32768,tier1,2023-01-02
10262,32771,tier2,2023-05-04
10263,32772,tier2,2020-05-02
10264,32774,tier1,2020-10-23
10265,32778,tier3,2020-11-28
10266,32781,tier1,2024-02-14
10267,32782,tier2,2025-10-20
10268,32783,tier2,2024-03-14
10269,32789,tier1,2024-04-18
10270,32790,tier3,2024-07-16
10271,32791,tier2,2023-01-25
10272,32804,tier1,2021-12-26
10273,32805,tier3,2019-09-07
10274,32814,tier3,2025-10-09
10275,32815,tier2,2021-08-07
10276,32823,tier3,2023-05-05
10277,32824,tier1,2026-04-22
10278,32829,tier1,2025-12-31
10279,32830,tier1,2025-10-03
10280,32831,tier1,2019-09-12
10281,32832,tier1,2022-04-20
10282,32836,tier1,2024-07-09
10283,32846,tier1,2019-03-11
10284,32847,tier1,2023-09-06
10285,32850,tier3,2023-07-04
10286,32851,tier1,2024-09-03
10287,32852,tier3,2026-03-13
10288,32856,tier1,2025-11-20
10289,32860,tier1,2026-06-01
10290,32861,tier3,2021-10-28
10291,32862,tier2,2020-07-07
10292,32865,tier3,2023-03-01
10293,32866,tier3,2020-07-12
10294,32867,tier2,2023-12-10
10295,32868,tier2,2024-03-07
10296,32872,tier2,2026-03-07
10297,32875,tier2,2022-09-24
10298,32879,tier1,
10299,32880,tier2,2020-05-29
10300,32883,tier1,2020-07-21
10301,32884,tier2,2022-02-15
10302,32889,tier3,2020-03-30
10303,32892,tier1,2022-08-27
10304,32895,tier1,2020-12-19
10305,32896,tier2,2020-09-10
10306,32897,tier1,2025-06-04
10307,32898,tier2,2021-02-24
10308,32902,tier1,
10309,32903,tier1,2023-01-08
10310,32916,tier1,2019-08-28
10311,32919,tier1,2023-10-21
10312,32923,tier2,2020-11-13
10313,32926,tier1,2022-08-06
10314,32931,tier2,2025-07-19
10315,32939,tier1,2021-12-09
10316,32944,tier1,2021-08-25
10317,32946,tier3,2024-03-03
10318,32953,tier1,2026-03-11
10319,32960,tier1,2025-06-09
10320,32962,tier2,2020-05-10
10321,32963,tier2,2023-08-08
10322,32965,tier1,2022-07-31
10323,32966,tier1,
10324,32967,tier2,2020-09-11
10325,32969,tier2,2022-12-01
10326,32970,tier2,2023-06-14
10327,32971,tier3,2019-04-07
10328,32974,tier1,2020-09-19
10329,32976,tier1,2023-09-08
10330,32982,tier2,2020-04-08
10331,32984,tier2,2026-04-06
10332,32986,tier1,2022-08-07
10333,32988,tier1,2022-03-21
10334,32994,tier1,2021-02-06
10335,33002,tier2,2024-05-25
10336,33006,tier1,2022-08-28
10337,33007,tier2,2023-10-12
10338,33015,tier1,2019-10-18
10339,33018,tier1,2019-11-10
10340,33019,tier1,2019-04-09
10341,33020,tier1,2019-03-30
10342,33021,tier2,2023-03-27
10343,33026,tier1,2023-07-13
10344,33029,tier2,2023-01-20
10345,33032,tier2,2025-06-21
10346,33037,tier1,2022-09-17
10347,33044,tier1,2024-03-12
10348,33053,tier1,2026-01-22
10349,33057,tier2,2021-07-12
10350,33060,tier2,
10351,33065,tier1,2022-01-05
10352,33075,tier1,2022-07-10
10353,33076,tier1,2020-02-07
10354,33078,tier2,2021-04-07
10355,33079,tier1,2024-07-16
10356,33082,tier3,2026-01-14
10357,33083,tier2,2019-12-25
10358,33090,tier3,2022-08-21
10359,33091,tier3,2019-05-12
10360,33092,tier2,
10361,33102,tier2,2025-02-17
10362,33103,tier3,2020-09-05
10363,33106,tier3,
10364,33110,tier1,2025-08-16
10365,33111,tier1,2023-01-16
10366,33114,tier1,2020-08-15
10367,33117,tier1,2022-03-23
10368,33121,tier1,2020-05-16
10369,33122,tier1,
10370,33123,tier2,2025-05-16
10371,33126,tier1,2020-08-13
10372,33128,tier2,2023-06-22
10373,33133,tier1,2024-12-13
10374,33135,tier1,2021-09-10
10375,33136,tier1,2023-08-18
10376,33137,tier2,2019-02-14
10377,33139,tier1,2024-01-31
10378,33141,tier1,2021-01-08
10379,33143,tier1,2026-01-15
10380,33145,tier2,2020-05-07
10381,33146,tier1,2024-12-20
10382,33147,tier2,2025-02-15
10383,33148,tier2,2024-02-07
10384,33153,tier3,2025-09-16
10385,33156,tier1,2020-08-16
10386,33161,tier1,2021-08-01
10387,33170,tier2,2020-04-11
10388,33173,tier1,2019-07-11
10389,33175,tier3,2019-11-11
10390,33176,tier2,2019-10-24
10391,33178,tier1,2026-04-29
10392,33179,tier1,2025-11-02
10393,33181,tier2,2020-11-29
10394,33183,tier2,2023-12-05
10395,33190,tier3,2024-08-16
10396,33196,tier1,2024-04-24
10397,33204,tier1,2026-01-06
10398,33205,tier1,2021-02-19
10399,33216,tier1,2022-10-02
10400,33224,tier2,2023-01-29
10401,33230,tier1,2019-09-28
10402,33232,tier1,2024-07-12
10403,33235,tier2,2021-04-24
10404,33239,tier1,2026-05-18
10405,33250,tier2,2025-11-23
10406,33252,tier1,2022-07-22
10407,33255,tier1,2025-10-25
10408,33257,tier2,2020-10-07
10409,33263,tier2,2024-03-31
10410,33266,tier1,2021-12-11
10411,33282,tier2,2019-10-05
10412,33283,tier1,2024-06-16
10413,33285,tier3,2020-07-29
10414,33286,tier1,2024-02-13
10415,33291,tier1,2023-05-13
10416,33293,tier1,2026-04-09
10417,33297,tier1,2025-08-05
10418,33300,tier3,2025-09-05
10419,33311,tier3,2020-05-08
10420,33316,tier2,2020-09-22
10421,33319,tier1,2025-01-26
10422,33320,tier3,2019-03-14
10423,33321,tier1,2024-01-16
10424,33322,tier3,2021-01-06
10425,33324,tier2,
10426,33325,tier3,2020-09-23
10427,33326,tier1,2021-10-06
10428,33328,tier1,2024-09-16
10429,33334,tier1,2024-05-13
10430,33336,tier2,2023-05-24
10431,33337,tier2,2021-01-12
10432,33338,tier3,2025-10-11
10433,33340,tier1,
10434,33342,tier1,
10435,33343,tier2,2022-03-09
10436,33344,tier1,
10437,33347,tier1,2025-07-04
10438,33349,tier1,
10439,33351,tier2,2025-08-12
10440,33356,tier1,2024-10-18
10441,33357,tier1,2019-07-03
10442,33360,tier1,2023-01-29
10443,33362,tier2,2026-03-02
10444,33363,tier1,2022-03-10
10445,33364,tier2,2021-09-30
10446,33365,tier2,2020-11-30
10447,33367,tier1,2022-02-25
10448,33371,tier1,2023-01-30
10449,33377,tier2,2021-09-13
10450,33378,tier1,2022-03-16
10451,33382,tier2,2022-04-26
10452,33384,tier1,2020-12-17
10453,33387,tier2,2023-07-30
10454,33392,tier3,
10455,33394,tier1,2024-04-07
10456,33395,tier1,2025-08-18
10457,33397,tier2,2024-02-12
10458,33400,tier1,2023-03-09
10459,33405,tier3,2024-08-29
10460,33408,tier2,2025-03-22
10461,33412,tier2,2025-08-25
10462,33413,tier1,2019-10-28
10463,33418,tier1,2024-07-12
10464,33421,tier1,2021-02-02
10465,33422,tier1,2020-12-04
10466,33426,tier2,
10467,33427,tier2,2024-08-23
10468,33428,tier3,2022-06-21
10469,33430,tier1,2022-04-23
10470,33433,tier2,2026-04-27
10471,33434,tier2,
10472,33435,tier1,2023-08-06
10473,33436,tier2,
10474,33441,tier2,2025-12-21
10475,33444,tier1,2023-03-12
10476,33445,tier1,2022-07-12
10477,33450,tier1,
10478,33458,tier1,2021-02-19
10479,33460,tier2,2020-03-05
10480,33464,tier1,2024-06-08
10481,33465,tier1,2021-09-18
10482,33467,tier1,2023-06-29
10483,33468,tier3,2022-10-06
10484,33470,tier2,
10485,33471,tier1,2025-04-11
10486,33476,tier2,2023-06-20
10487,33480,tier2,2023-04-11
10488,33482,tier3,2021-10-19
10489,33484,tier1,2025-04-16
10490,33485,tier2,2023-02-15
10491,33488,tier1,2021-05-08
10492,33490,tier2,2022-05-13
10493,33493,tier1,2024-11-21
10494,33495,tier2,
10495,33501,tier2,2022-01-19
10496,33508,tier1,2019-12-07
10497,33509,tier2,2020-10-07
10498,33511,tier1,2022-07-26
10499,33513,tier2,2022-07-05
10500,33514,tier2,2025-02-14
10501,33515,tier2,2020-03-02
10502,33518,tier1,2019-02-17
10503,33519,tier2,2023-04-24
10504,33521,tier1,2024-02-10
10505,33523,tier1,2024-03-05
10506,33527,tier1,2022-01-07
10507,33528,tier1,2025-08-10
10508,33541,tier1,2023-10-29
10509,33545,tier2,2026-02-19
10510,33546,tier2,
10511,33547,tier2,
10512,33549,tier1,2019-06-28
10513,33550,tier1,2020-03-07
10514,33554,tier3,2026-03-28
10515,33556,tier1,2020-06-27
10516,33557,tier2,2022-07-26
10517,33559,tier1,
10518,33560,tier3,2024-03-04
10519,33561,tier2,2024-07-03
10520,33563,tier3,2021-05-09
10521,33568,tier2,2019-08-09
10522,33569,tier1,2025-02-22
10523,33572,tier2,2023-11-23
10524,33579,tier1,2023-01-01
10525,33581,tier1,2025-01-10
10526,33582,tier1,2025-07-21
10527,33587,tier2,2020-11-12
10528,33588,tier1,2024-02-02
10529,33591,tier2,2023-12-16
10530,33597,tier2,2021-01-28
10531,33601,tier2,2022-06-04
10532,33602,tier3,2025-01-27
10533,33604,tier2,2023-09-29
10534,33606,tier1,2019-01-31
10535,33621,tier2,2021-11-12
10536,33625,tier2,2020-08-25
10537,33627,tier1,2021-01-15
10538,33631,tier1,2020-08-21
10539,33632,tier2,2024-09-13
10540,33636,tier2,2026-06-11
10541,33637,tier3,2024-03-25
10542,33639,tier1,2026-03-11
10543,33642,tier1,2024-04-12
10544,33643,tier3,2023-05-22
10545,33644,tier2,2019-04-01
10546,33650,tier1,2025-08-16
10547,33660,tier1,2020-04-22
10548,33661,tier1,2020-10-21
10549,33663,tier2,
10550,33664,tier1,2023-01-12
10551,33665,tier1,2025-07-15
10552,33669,tier2,2024-01-01
10553,33670,tier1,
10554,33673,tier1,2022-06-05
10555,33676,tier3,2023-12-08
10556,33677,tier1,2021-07-01
10557,33689,tier1,2025-03-28
10558,33703,tier1,
10559,33704,tier1,2019-09-06
10560,33707,tier3,2022-11-09
10561,33709,tier1,2022-03-10
10562,33711,tier1,2024-04-23
10563,33715,tier1,
10564,33716,tier1,2021-07-09
10565,33721,tier3,2020-02-22
10566,33723,tier1,2024-05-05
10567,33724,tier1,2021-10-19
10568,33728,tier1,2025-05-05
10569,33729,tier3,2023-08-26
10570,33733,tier2,2019-08-15
10571,33736,tier2,2019-12-14
10572,33741,tier2,2021-10-25
10573,33749,tier1,2022-03-31
10574,33757,tier2,2023-04-16
10575,33763,tier2,
10576,33772,tier1,2020-09-22
10577,33774,tier1,2020-07-31
10578,33787,tier1,2019-04-08
10579,33788,tier2,2022-04-03
10580,33789,tier1,2023-06-21
10581,33790,tier1,2021-06-01
10582,33793,tier1,2019-06-08
10583,33796,tier1,2025-01-06
10584,33803,tier1,2019-03-26
10585,33804,tier2,2021-02-06
10586,33810,tier1,2023-12-26
10587,33818,tier2,2020-01-19
10588,33820,tier2,2023-12-27
10589,33827,tier3,2026-05-02
10590,33828,tier2,2025-11-02
10591,33833,tier1,2019-12-17
10592,33836,tier3,2025-04-23
10593,33837,tier1,2024-10-23
10594,33845,tier2,2024-12-27
10595,33846,tier3,2020-03-25
10596,33847,tier1,2020-03-05
10597,33848,tier3,2025-12-19
10598,33860,tier1,2020-10-22
10599,33861,tier1,2022-05-21
10600,33865,tier3,2022-10-26
10601,33866,tier1,2020-01-06
10602,33868,tier3,2020-05-07
10603,33870,tier2,2022-08-26
10604,33873,tier1,
10605,33879,tier2,2020-12-13
10606,33884,tier2,2026-02-27
10607,33894,tier3,2019-11-21
10608,33905,tier3,2019-08-03
10609,33907,tier3,2023-12-15
10610,33910,tier2,2019-01-04
10611,33911,tier1,2024-08-16
10612,33912,tier1,2020-03-25
10613,33913,tier1,2022-10-05
10614,33919,tier1,
10615,33921,tier1,2024-10-22
10616,33922,tier2,
10617,33923,tier3,2023-01-15
10618,33926,tier1,2024-08-05
10619,33930,tier3,2025-09-23
10620,33935,tier1,2020-11-18
10621,33936,tier1,2024-04-04
10622,33938,tier1,2024-06-15
10623,33941,tier1,2021-08-09
10624,33942,tier2,2022-08-15
10625,33943,tier2,2021-12-11
10626,33947,tier1,2023-03-22
10627,33948,tier3,2025-10-29
10628,33952,tier3,2020-07-14
10629,33957,tier1,2025-12-14
10630,33961,tier1,2019-06-30
10631,33962,tier1,2023-02-21
10632,33965,tier1,2020-02-06
10633,33972,tier2,
10634,33973,tier1,2019-07-02
10635,33985,tier3,2020-06-13
10636,33988,tier3,2020-09-10
10637,33990,tier1,2021-04-01
10638,33999,tier1,2024-01-06
10639,34002,tier3,2024-01-30
10640,34004,tier3,2023-10-22
10641,34005,tier1,2020-01-13
10642,34006,tier1,
10643,34007,tier1,2019-02-09
10644,34009,tier3,2021-04-16
10645,34011,tier1,2026-05-20
10646,34014,tier1,2020-04-29
10647,34015,tier2,2021-06-19
10648,34018,tier3,2022-09-18
10649,34019,tier3,
10650,34021,tier1,2025-10-27
10651,34024,tier2,2022-01-15
10652,34025,tier2,2020-01-09
10653,34026,tier1,2025-03-09
10654,34027,tier1,2024-11-26
10655,34031,tier1,2019-11-17
10656,34033,tier1,2023-01-16
10657,34034,tier1,2022-08-02
10658,34040,tier1,2025-12-08
10659,34043,tier1,2020-09-16
10660,34045,tier1,2026-06-12
10661,34050,tier1,2021-04-22
10662,34052,tier3,2022-04-15
10663,34053,tier3,2023-03-20
10664,34054,tier2,2020-04-27
10665,34057,tier2,
10666,34058,tier1,2023-05-23
10667,34059,tier1,2021-11-30
10668,34061,tier1,2023-02-17
10669,34063,tier2,2019-12-17
10670,34065,tier2,2025-08-17
10671,34070,tier3,2019-07-01
10672,34078,tier2,2024-11-17
10673,34081,tier1,2024-08-22
10674,34094,tier2,2020-01-30
10675,34097,tier2,2022-03-10
10676,34098,tier1,2022-08-03
10677,34103,tier2,2026-05-02
10678,34105,tier2,2024-07-09
10679,34106,tier1,2023-12-05
10680,34109,tier1,2019-06-03
10681,34113,tier1,2020-12-06
10682,34120,tier2,2019-07-20
10683,34131,tier2,2019-05-06
10684,34134,tier2,2023-04-01
10685,34135,tier2,2023-10-04
10686,34143,tier2,2025-07-29
10687,34151,tier1,2024-02-12
10688,34152,tier1,2026-04-23
10689,34155,tier1,2025-12-20
10690,34156,tier1,2023-06-15
10691,34158,tier1,2019-03-21
10692,34167,tier2,2023-05-20
10693,34168,tier3,2019-04-03
10694,34169,tier2,2019-10-28
10695,34173,tier1,2024-01-01
10696,34177,tier1,2026-04-18
10697,34178,tier1,
10698,34181,tier1,2021-07-08
10699,34185,tier1,
10700,34186,tier1,2021-06-08
10701,34189,tier1,2026-04-28
10702,34193,tier1,2021-10-23
10703,34204,tier2,
10704,34207,tier2,2025-08-07
10705,34208,tier1,2019-10-26
10706,34209,tier1,2023-03-18
10707,34212,tier2,2024-02-25
10708,34213,tier2,2021-06-17
10709,34214,tier1,2023-06-17
10710,34220,tier1,2021-01-02
10711,34221,tier3,2019-03-25
10712,34231,tier1,2025-02-21
10713,34234,tier1,2023-11-15
10714,34235,tier2,2019-11-24
10715,34236,tier2,2025-05-23
10716,34239,tier2,2020-10-09
10717,34241,tier2,2022-01-16
10718,34247,tier1,2021-05-20
10719,34250,tier3,2024-03-19
10720,34252,tier2,2026-04-06
10721,34255,tier1,2024-02-05
10722,34263,tier3,2025-10-10
10723,34267,tier2,2025-11-11
10724,34273,tier2,2023-10-19
10725,34276,tier2,2020-08-25
10726,34279,tier1,
10727,34281,tier2,2022-09-13
10728,34282,tier1,
10729,34285,tier3,2020-10-27
10730,34288,tier1,2025-10-21
10731,34290,tier2,2021-11-30
10732,34291,tier2,2025-10-26
10733,34303,tier1,2022-07-14
10734,34307,tier2,2021-10-15
10735,34308,tier2,2024-09-12
10736,34310,tier1,2024-10-29
10737,34311,tier3,2023-02-24
10738,34312,tier1,2026-04-14
10739,34315,tier1,2019-05-27
10740,34319,tier1,2019-03-05
10741,34324,tier1,2023-02-21
10742,34328,tier1,2022-06-08
10743,34329,tier1,2021-07-18
10744,34334,tier1,2020-12-18
10745,34340,tier3,2023-09-07
10746,34343,tier3,2019-03-02
10747,34346,tier1,2025-09-17
10748,34352,tier1,2025-06-10
10749,34354,tier2,2021-04-06
10750,34359,tier1,2024-12-31
10751,34360,tier2,2024-10-22
10752,34366,tier2,2021-01-09
10753,34371,tier2,
10754,34379,tier1,2025-08-08
10755,34381,tier2,2019-05-21
10756,34386,tier1,2020-09-29
10757,34390,tier2,2024-07-25
10758,34393,tier2,2020-06-06
10759,34396,tier1,2022-06-24
10760,34398,tier2,2026-01-04
10761,34400,tier1,2023-02-15
10762,34401,tier1,2021-01-31
10763,34405,tier1,2023-12-23
10764,34408,tier2,2025-01-28
10765,34411,tier2,2024-01-11
10766,34412,tier1,2022-08-22
10767,34414,tier2,2024-06-04
10768,34415,tier1,2026-03-30
10769,34418,tier3,2019-11-06
10770,34419,tier1,2026-05-31
10771,34423,tier2,2024-09-10
10772,34426,tier1,2019-10-31
10773,34427,tier2,2020-03-19
10774,34429,tier1,2025-01-02
10775,34430,tier1,2022-08-26
10776,34433,tier2,2019-05-07
10777,34434,tier1,2025-04-03
10778,34445,tier2,2024-03-11
10779,34446,tier2,2020-02-09
10780,34448,tier1,2022-03-29
10781,34449,tier1,2021-10-08
10782,34453,tier1,2020-03-19
10783,34454,tier1,2019-03-30
10784,34460,tier2,2021-01-29
10785,34466,tier1,2020-01-11
10786,34468,tier1,2026-04-19
10787,34470,tier2,2019-09-26
10788,34473,tier1,2025-11-04
10789,34474,tier3,
10790,34477,tier2,2020-03-04
10791,34478,tier3,2025-03-04
10792,34479,tier1,2023-03-25
10793,34481,tier1,2022-12-25
10794,34482,tier2,2022-05-14
10795,34483,tier1,2021-10-26
10796,34485,tier2,
10797,34490,tier1,2024-10-14
10798,34498,tier2,2022-02-24
10799,34508,tier2,2020-06-20
10800,34509,tier1,
10801,34512,tier1,2020-01-30
10802,34513,tier1,2022-05-31
10803,34514,tier1,2025-10-05
10804,34516,tier1,2022-05-24
10805,34522,tier1,2020-12-30
10806,34523,tier2,
10807,34528,tier2,2020-03-15
10808,34530,tier2,2023-01-11
10809,34534,tier1,2024-06-14
10810,34539,tier2,2019-01-25
10811,34543,tier2,2020-06-14
10812,34545,tier2,2022-09-21
10813,34547,tier1,2024-02-13
10814,34551,tier3,2026-02-02
10815,34559,tier1,2024-03-06
10816,34561,tier3,2020-11-20
10817,34565,tier1,2022-07-11
10818,34567,tier1,
10819,34579,tier3,2019-03-05
10820,34581,tier1,2021-09-06
10821,34586,tier2,2023-06-15
10822,34591,tier1,2020-02-17
10823,34595,tier2,2020-12-09
10824,34596,tier2,2024-05-08
10825,34597,tier3,2021-04-22
10826,34603,tier1,2025-12-07
10827,34605,tier2,2023-04-12
10828,34616,tier2,2022-12-18
10829,34618,tier1,2022-10-29
10830,34619,tier2,2025-04-26
10831,34620,tier1,2023-04-05
10832,34628,tier1,2023-07-02
10833,34638,tier1,2026-02-08
10834,34641,tier1,2021-11-30
10835,34642,tier1,2020-10-27
10836,34643,tier2,2023-11-13
10837,34646,tier2,2024-08-07
10838,34650,tier2,2019-07-18
10839,34651,tier3,2022-07-06
10840,34652,tier1,2020-10-21
10841,34653,tier2,
10842,34658,tier2,2019-10-08
10843,34660,tier2,2020-04-20
10844,34663,tier2,2025-11-21
10845,34665,tier3,2021-09-23
10846,34667,tier3,2023-04-29
10847,34670,tier1,2026-05-15
10848,34671,tier2,2023-08-12
10849,34674,tier1,2023-07-19
10850,34678,tier2,2019-05-11
10851,34681,tier1,2019-10-19
10852,34682,tier1,2026-03-21
10853,34684,tier3,2019-01-16
10854,34687,tier2,2026-05-06
10855,34694,tier1,2022-11-22
10856,34696,tier2,2019-04-09
10857,34697,tier2,2021-12-17
10858,34701,tier1,
10859,34703,tier1,
10860,34704,tier3,2019-03-12
10861,34707,tier1,2021-09-14
10862,34709,tier1,2024-11-23
10863,34714,tier1,2023-10-17
10864,34715,tier1,2025-03-24
10865,34716,tier1,2025-02-13
10866,34717,tier1,2023-11-19
10867,34724,tier3,2022-02-14
10868,34727,tier3,
10869,34733,tier1,2022-03-29
10870,34736,tier1,2025-11-30
10871,34740,tier3,2024-01-13
10872,34742,tier2,2019-12-28
10873,34743,tier1,2021-03-24
10874,34744,tier2,2019-06-03
10875,34745,tier2,2020-05-14
10876,34747,tier1,2019-08-07
10877,34748,tier1,2020-05-27
10878,34749,tier2,2019-11-16
10879,34756,tier1,2024-12-24
10880,34757,tier1,2023-06-25
10881,34764,tier2,2022-09-24
10882,34765,tier1,2022-07-08
10883,34766,tier2,
10884,34767,tier1,2020-07-09
10885,34778,tier1,2022-01-08
10886,34779,tier1,2025-01-28
10887,34781,tier2,2024-04-10
10888,34783,tier2,2024-08-06
10889,34785,tier1,
10890,34786,tier2,2024-09-18
10891,34790,tier1,2020-06-29
10892,34795,tier1,
10893,34800,tier2,2022-03-15
10894,34812,tier1,2025-01-18
10895,34819,tier2,2025-07-14
10896,34820,tier3,2026-02-04
10897,34823,tier1,2022-03-02
10898,34830,tier2,2019-11-26
10899,34832,tier2,2020-09-27
10900,34833,tier1,2024-10-11
10901,34842,tier1,2019-05-10
10902,34844,tier1,2025-05-03
10903,34845,tier2,2021-12-19
10904,34846,tier1,2023-04-30
10905,34850,tier1,2024-06-12
10906,34860,tier2,2024-08-30
10907,34866,tier1,2019-09-23
10908,34867,tier1,
10909,34868,tier1,2025-06-24
10910,34871,tier2,2022-02-09
10911,34872,tier2,2024-09-26
10912,34877,tier1,2023-08-21
10913,34878,tier2,2022-09-28
10914,34880,tier2,2022-06-13
10915,34882,tier2,2019-12-29
10916,34883,tier1,2020-06-22
10917,34885,tier2,2024-03-17
10918,34887,tier2,2021-09-23
10919,34893,tier1,2023-04-24
10920,34901,tier2,2019-05-19
10921,34908,tier3,2022-11-27
10922,34909,tier2,
10923,34915,tier1,2023-10-19
10924,34918,tier2,2021-03-16
10925,34923,tier1,
10926,34930,tier1,
10927,34932,tier1,2024-11-27
10928,34939,tier2,2021-06-13
10929,34940,tier2,2020-08-04
10930,34943,tier3,2021-09-17
10931,34944,tier1,2026-02-03
10932,34946,tier1,2019-05-28
10933,34949,tier1,2021-05-16
10934,34950,tier2,2023-12-03
10935,34951,tier1,2020-07-01
10936,34955,tier1,2020-09-03
10937,34956,tier3,
10938,34960,tier2,
10939,34964,tier2,
10940,34968,tier1,2021-12-02
10941,34972,tier2,2020-10-28
10942,34976,tier1,2022-11-12
10943,34977,tier3,2021-05-25
10944,34978,tier2,
10945,34979,tier2,2024-06-01
10946,34985,tier2,
10947,34989,tier1,
10948,34991,tier2,2022-06-18
10949,34992,tier2,2022-11-19
10950,34996,tier1,2021-03-18
10951,35000,tier3,2023-01-16
10952,35002,tier2,2026-01-14
10953,35016,tier1,2020-11-01
10954,35018,tier1,2021-09-12
10955,35019,tier1,2022-10-18
10956,35022,tier1,2020-08-31
10957,35024,tier1,2022-04-07
10958,35029,tier1,2022-05-05
10959,35041,tier3,2021-08-29
10960,35042,tier2,2019-12-03
10961,35052,tier2,
10962,35056,tier2,2022-05-16
10963,35060,tier3,2024-04-28
10964,35061,tier1,2023-02-03
10965,35062,tier1,
10966,35063,tier2,2025-03-12
10967,35064,tier1,2023-07-18
10968,35066,tier3,2019-12-07
10969,35067,tier3,2025-07-06
10970,35069,tier1,2023-01-21
10971,35070,tier1,2024-04-26
10972,35071,tier3,2024-12-06
10973,35073,tier1,2025-08-05
10974,35079,tier1,2020-02-18
10975,35083,tier2,2021-04-12
10976,35084,tier2,2022-10-03
10977,35089,tier1,2019-12-10
10978,35096,tier2,2019-08-03
10979,35098,tier1,2021-11-20
10980,35099,tier2,2020-04-10
10981,35102,tier2,
10982,35104,tier2,2022-07-19
10983,35106,tier1,2025-09-28
10984,35108,tier1,2023-09-26
10985,35109,tier2,
10986,35111,tier3,2024-06-18
10987,35115,tier1,2025-11-30
10988,35116,tier1,2022-05-13
10989,35120,tier2,2020-02-28
10990,35121,tier1,2021-01-05
10991,35122,tier2,2020-08-29
10992,35123,tier1,2026-04-10
10993,35125,tier1,2020-12-21
10994,35126,tier1,
10995,35129,tier2,2022-05-27
10996,35130,tier2,2019-02-22
10997,35136,tier2,2024-12-18
10998,35142,tier1,2026-03-29
10999,35144,tier1,2024-08-03
11000,35158,tier2,2024-03-05
11001,35160,tier1,2024-10-06
11002,35162,tier1,
11003,35163,tier1,2023-02-19
11004,35165,tier2,2024-10-08
11005,35166,tier1,2019-06-23
11006,35167,tier2,
11007,35170,tier1,2023-04-28
11008,35171,tier2,2021-12-27
11009,35178,tier1,2024-09-08
11010,35179,tier1,2020-06-26
11011,35183,tier2,2024-12-07
11012,35193,tier2,2022-10-15
11013,35195,tier1,2020-03-28
11014,35199,tier1,2025-05-31
11015,35200,tier2,2020-04-20
11016,35208,tier1,2020-04-19
11017,35210,tier1,2021-06-19
11018,35212,tier3,
11019,35222,tier2,2019-08-28
11020,35224,tier3,2025-05-21
11021,35230,tier3,2022-04-26
11022,35231,tier2,
11023,35235,tier1,2022-04-22
11024,35237,tier2,
11025,35238,tier1,2022-05-15
11026,35241,tier1,2022-04-29
11027,35244,tier1,2020-06-03
11028,35258,tier1,2023-08-14
11029,35259,tier3,2020-03-12
11030,35263,tier2,2025-03-17
11031,35267,tier2,2022-05-08
11032,35271,tier3,2024-03-08
11033,35273,tier2,
11034,35275,tier3,2021-10-24
11035,35280,tier1,2024-10-20
11036,35284,tier1,
11037,35293,tier3,2021-10-17
11038,35295,tier3,
11039,35299,tier1,2019-01-12
11040,35302,tier1,2019-01-05
11041,35305,tier1,2019-08-06
11042,35306,tier1,
11043,35311,tier2,2019-03-27
11044,35312,tier2,
11045,35318,tier2,2024-03-27
11046,35324,tier1,2023-11-18
11047,35325,tier3,2026-05-04
11048,35326,tier3,2023-04-24
11049,35327,tier2,2024-11-23
11050,35328,tier1,2024-08-30
11051,35331,tier1,2025-01-30
11052,35332,tier3,2025-08-30
11053,35335,tier1,2019-08-02
11054,35342,tier2,2023-12-05
11055,35346,tier1,2021-04-17
11056,35347,tier1,2024-11-10
11057,35348,tier2,2020-02-26
11058,35350,tier1,2025-03-04
11059,35355,tier2,2024-10-19
11060,35358,tier1,2023-12-23
11061,35365,tier1,2025-05-01
11062,35369,tier3,2019-02-24
11063,35372,tier3,2021-04-30
11064,35373,tier1,2025-03-13
11065,35375,tier1,2024-12-03
11066,35380,tier1,2019-09-01
11067,35384,tier1,2025-12-19
11068,35392,tier1,2020-10-24
11069,35395,tier1,2021-01-11
11070,35396,tier1,
11071,35397,tier2,2022-04-24
11072,35400,tier1,2021-08-15
11073,35402,tier3,
11074,35403,tier2,2024-07-02
11075,35412,tier1,2020-01-10
11076,35415,tier1,
11077,35417,tier1,2021-08-15
11078,35418,tier1,2022-09-10
11079,35419,tier2,2019-03-04
11080,35421,tier1,2022-11-08
11081,35428,tier1,2020-07-17
11082,35431,tier2,2024-10-28
11083,35436,tier2,2024-02-21
11084,35440,tier2,2023-04-11
11085,35451,tier1,2024-04-11
11086,35462,tier1,2023-06-28
11087,35465,tier3,2020-06-26
11088,35470,tier1,2025-07-11
11089,35477,tier2,2024-08-05
11090,35480,tier2,2023-02-11
11091,35481,tier2,2025-05-10
11092,35482,tier3,2021-11-25
11093,35499,tier1,
11094,35501,tier1,
11095,35503,tier3,2022-12-26
11096,35504,tier2,2025-04-24
11097,35508,tier2,2025-09-01
11098,35514,tier2,2023-09-25
11099,35517,tier3,2024-09-07
11100,35525,tier3,2025-04-01
11101,35528,tier1,2023-10-01
11102,35530,tier1,2021-09-09
11103,35533,tier2,2020-04-26
11104,35538,tier3,2020-12-18
11105,35545,tier1,2021-01-06
11106,35549,tier2,2021-12-18
11107,35550,tier2,2024-01-14
11108,35551,tier1,2023-06-09
11109,35555,tier2,2024-10-25
11110,35559,tier3,2021-04-19
11111,35560,tier2,2024-08-19
11112,35561,tier2,2022-04-19
11113,35562,tier3,2026-03-07
11114,35563,tier3,2025-02-25
11115,35569,tier2,2019-02-22
11116,35571,tier1,2023-04-30
11117,35573,tier3,2024-10-15
11118,35574,tier2,2022-04-25
11119,35577,tier1,2020-03-14
11120,35578,tier1,2025-04-14
11121,35582,tier1,2022-08-27
11122,35586,tier1,2026-03-18
11123,35598,tier1,
11124,35600,tier3,2022-08-18
11125,35601,tier1,2022-12-08
11126,35610,tier2,2022-08-23
11127,35611,tier2,2021-03-22
11128,35612,tier1,2019-09-14
11129,35614,tier1,2020-07-08
11130,35616,tier2,
11131,35619,tier1,2022-07-13
11132,35620,tier1,2019-05-28
11133,35623,tier2,2020-10-18
11134,35624,tier1,2023-03-30
11135,35630,tier2,2024-08-17
11136,35631,tier1,2023-02-03
11137,35633,tier2,2021-10-30
11138,35636,tier1,2025-04-21
11139,35639,tier2,2025-05-09
11140,35642,tier3,
11141,35643,tier2,2025-05-13
11142,35644,tier1,2020-04-04
11143,35646,tier2,2022-07-07
11144,35650,tier1,2020-11-13
11145,35655,tier1,2021-12-19
11146,35656,tier2,2024-07-07
11147,35659,tier1,2020-06-28
11148,35660,tier2,2023-02-20
11149,35666,tier2,2026-03-01
11150,35668,tier1,2019-11-21
11151,35669,tier1,2025-04-30
11152,35670,tier1,2025-11-22
11153,35672,tier1,2019-09-28
11154,35676,tier2,2024-09-13
11155,35681,tier1,2022-12-26
11156,35684,tier1,
11157,35689,tier3,2025-04-14
11158,35690,tier2,2026-02-24
11159,35699,tier1,2020-10-21
11160,35702,tier1,2019-09-24
11161,35706,tier2,2026-06-28
11162,35708,tier1,2022-05-17
11163,35713,tier2,2021-09-08
11164,35722,tier2,2022-10-13
11165,35724,tier2,2026-05-29
11166,35727,tier2,2023-05-12
11167,35728,tier1,2024-06-18
11168,35731,tier1,2023-11-24
11169,35735,tier1,2023-12-03
11170,35736,tier3,
11171,35742,tier3,2025-03-30
11172,35743,tier1,2020-03-10
11173,35747,tier1,2023-02-23
11174,35750,tier1,2024-05-21
11175,35751,tier2,2023-09-11
11176,35757,tier2,2019-07-19
11177,35758,tier1,2019-10-11
11178,35761,tier2,2024-06-22
11179,35763,tier1,2025-12-02
11180,35765,tier2,2019-10-01
11181,35772,tier3,2021-10-06
11182,35778,tier1,2025-01-30
11183,35780,tier2,2026-05-15
11184,35782,tier2,
11185,35791,tier1,2024-04-21
11186,35794,tier2,2026-01-25
11187,35795,tier1,2024-09-18
11188,35796,tier1,2023-04-26
11189,35798,tier1,2022-06-12
11190,35800,tier3,2020-05-29
11191,35803,tier2,2023-12-11
11192,35804,tier1,2021-10-17
11193,35807,tier3,2022-03-28
11194,35809,tier1,2019-12-09
11195,35810,tier1,2023-08-01
11196,35816,tier1,2026-02-10
11197,35822,tier1,2020-08-20
11198,35823,tier2,2020-07-06
11199,35824,tier2,2024-06-19
11200,35831,tier1,2026-01-11
11201,35833,tier1,2026-03-27
11202,35835,tier1,2024-02-15
11203,35837,tier2,2025-11-01
11204,35840,tier1,2023-04-07
11205,35841,tier1,2024-07-13
11206,35845,tier2,2025-01-07
11207,35847,tier2,2019-08-05
11208,35848,tier1,2023-03-02
11209,35851,tier2,2023-05-21
11210,35852,tier1,2021-02-21
11211,35854,tier1,2025-06-08
11212,35855,tier2,
11213,35856,tier3,2022-12-26
11214,35857,tier1,2019-07-14
11215,35860,tier3,2020-12-21
11216,35861,tier1,
11217,35865,tier2,2021-02-19
11218,35867,tier1,2021-11-13
11219,35868,tier2,2020-05-24
11220,35869,tier2,
11221,35870,tier1,2022-09-28
11222,35872,tier1,2019-11-22
11223,35879,tier1,
11224,35888,tier1,
11225,35891,tier3,2021-07-10
11226,35892,tier2,
11227,35893,tier1,2023-01-26
11228,35894,tier1,2022-01-25
11229,35895,tier1,2020-09-19
11230,35896,tier1,2020-06-06
11231,35900,tier1,2019-03-09
11232,35902,tier2,2024-05-04
11233,35904,tier2,2020-02-26
11234,35909,tier1,
11235,35918,tier1,2021-06-10
11236,35920,tier1,2020-12-22
11237,35921,tier1,2026-03-16
11238,35922,tier2,2020-08-19
11239,35923,tier1,2020-04-24
11240,35926,tier1,2020-09-08
11241,35927,tier2,2019-10-08
11242,35929,tier1,2023-12-30
11243,35932,tier2,2021-11-23
11244,35945,tier3,2024-09-14
11245,35947,tier2,2019-05-27
11246,35950,tier3,2020-05-03
11247,35951,tier1,2023-02-14
11248,35952,tier1,2022-06-10
11249,35953,tier1,2025-01-09
11250,35962,tier1,2020-10-09
11251,35963,tier3,2022-10-14
11252,35970,tier1,2021-07-20
11253,35972,tier2,2022-05-26
11254,35982,tier3,2023-07-26
11255,35985,tier2,2024-10-09
11256,35988,tier2,2019-10-06
11257,35992,tier1,
11258,35997,tier1,2019-08-08
11259,35998,tier1,2019-06-04
11260,36001,tier3,
11261,36002,tier1,2022-12-10
11262,36007,tier1,2026-02-10
11263,36010,tier1,2023-03-12
11264,36011,tier1,2024-04-09
11265,36012,tier2,2023-12-29
11266,36017,tier1,2022-01-05
11267,36021,tier2,2020-06-01
11268,36026,tier2,2021-07-06
11269,36029,tier2,
11270,36030,tier1,2025-02-14
11271,36036,tier2,2023-04-10
11272,36037,tier1,2019-10-03
11273,36041,tier1,2025-10-28
11274,36048,tier1,2022-09-05
11275,36055,tier2,2020-11-24
11276,36064,tier2,2020-05-23
11277,36068,tier1,2021-07-13
11278,36073,tier1,2025-04-07
11279,36074,tier1,2019-07-27
11280,36075,tier2,2020-03-18
11281,36077,tier2,2024-10-17
11282,36078,tier3,2022-07-02
11283,36079,tier2,2024-08-05
11284,36084,tier3,2019-08-07
11285,36086,tier3,2020-11-02
11286,36089,tier1,2026-01-29
11287,36091,tier1,2020-03-19
11288,36096,tier1,
11289,36101,tier2,2023-03-12
11290,36107,tier2,2026-04-15
11291,36109,tier1,2023-07-04
11292,36113,tier1,2021-03-30
11293,36115,tier1,
11294,36116,tier2,2024-02-22
11295,36119,tier2,2025-08-14
11296,36120,tier1,2019-07-29
11297,36125,tier1,
11298,36129,tier2,2025-12-15
11299,36131,tier1,2026-01-18
11300,36140,tier2,2025-07-19
11301,36141,tier1,
11302,36147,tier3,2022-01-22
11303,36152,tier2,2022-07-08
11304,36155,tier1,2022-04-06
11305,36156,tier3,2025-04-06
11306,36158,tier1,2021-10-28
11307,36162,tier2,2025-06-18
11308,36164,tier1,2020-08-27
11309,36168,tier3,2025-11-02
11310,36169,tier1,2022-03-28
11311,36171,tier1,2019-04-09
11312,36179,tier1,2019-08-21
11313,36182,tier1,2023-08-25
11314,36183,tier2,2022-06-27
11315,36187,tier2,2023-11-05
11316,36188,tier1,2019-08-15
11317,36193,tier3,2024-12-24
11318,36194,tier3,2023-08-18
11319,36204,tier1,2023-02-05
11320,36208,tier1,2023-04-17
11321,36209,tier1,2020-11-06
11322,36211,tier1,2025-11-09
11323,36213,tier3,2020-07-10
11324,36214,tier3,2024-06-21
11325,36216,tier2,2025-10-29
11326,36218,tier1,2024-04-21
11327,36219,tier1,2020-03-10
11328,36220,tier2,2020-01-17
11329,36221,tier2,2021-03-12
11330,36222,tier3,2023-08-20
11331,36223,tier2,2019-11-23
11332,36225,tier2,2020-08-08
11333,36226,tier1,
11334,36229,tier2,2021-02-13
11335,36232,tier1,
11336,36234,tier1,2020-08-05
11337,36240,tier1,2019-08-25
11338,36242,tier1,
11339,36248,tier1,
11340,36250,tier2,2020-02-14
11341,36252,tier1,2023-09-18
11342,36256,tier1,2019-07-22
11343,36257,tier2,2019-03-01
11344,36259,tier1,2019-02-20
11345,36260,tier2,2020-08-11
11346,36261,tier2,2022-09-01
11347,36262,tier2,2022-01-08
11348,36264,tier2,2025-03-15
11349,36268,tier1,2023-02-13
11350,36271,tier2,2025-06-04
11351,36276,tier1,2021-10-11
11352,36277,tier1,2021-09-22
11353,36285,tier1,2021-09-23
11354,36287,tier2,2023-01-28
11355,36291,tier1,2020-06-05
11356,36292,tier3,2020-01-26
11357,36296,tier3,2025-07-01
11358,36300,tier1,2020-06-11
11359,36301,tier1,2019-11-02
11360,36304,tier3,2021-09-16
11361,36305,tier2,2024-09-23
11362,36312,tier3,2022-06-02
11363,36313,tier3,2026-05-17
11364,36314,tier2,
11365,36316,tier1,
11366,36317,tier2,2020-01-27
11367,36321,tier1,2025-12-06
11368,36329,tier1,2020-08-09
11369,36343,tier2,
11370,36347,tier1,2019-06-15
11371,36360,tier2,
11372,36361,tier3,2026-03-15
11373,36363,tier1,2024-10-06
11374,36364,tier2,2025-07-04
11375,36367,tier1,2024-06-01
11376,36369,tier1,2020-08-31
11377,36370,tier1,2024-09-12
11378,36372,tier2,2025-05-24
11379,36373,tier1,2025-06-02
11380,36375,tier2,2023-04-06
11381,36376,tier3,2025-07-17
11382,36381,tier2,2025-09-21
11383,36384,tier1,2020-09-03
11384,36394,tier1,2023-07-13
11385,36398,tier2,2023-07-07
11386,36400,tier2,2020-06-03
11387,36409,tier2,2021-09-14
11388,36410,tier2,2019-09-18
11389,36411,tier1,2020-09-01
11390,36412,tier1,2019-10-10
11391,36414,tier2,2026-03-18
11392,36421,tier1,2019-06-25
11393,36422,tier1,
11394,36423,tier1,2019-02-28
11395,36425,tier2,2023-11-12
11396,36428,tier2,2022-06-10
11397,36436,tier2,2024-10-16
11398,36438,tier1,2024-08-31
11399,36439,tier1,2021-06-13
11400,36440,tier3,2019-04-22
11401,36441,tier1,2019-02-07
11402,36444,tier2,
11403,36445,tier1,2025-04-05
11404,36446,tier2,2022-12-28
11405,36447,tier2,2022-03-25
11406,36450,tier2,2025-09-20
11407,36455,tier1,2020-03-10
11408,36456,tier1,2026-05-28
11409,36458,tier2,2020-09-08
11410,36459,tier2,
11411,36461,tier2,2023-05-04
11412,36467,tier1,2023-09-21
11413,36469,tier3,
11414,36470,tier2,2022-03-30
11415,36473,tier2,2021-07-05
11416,36476,tier1,2021-09-06
11417,36486,tier1,2026-03-04
11418,36487,tier3,
11419,36488,tier2,2023-08-24
11420,36492,tier1,2026-05-01
11421,36497,tier1,2022-06-09
11422,36499,tier2,2022-07-10
11423,36500,tier1,2019-06-13
11424,36501,tier2,2019-07-01
11425,36504,tier2,2023-08-13
11426,36505,tier2,2023-02-05
11427,36508,tier1,2023-12-27
11428,36515,tier1,2026-05-10
11429,36516,tier2,2026-06-20
11430,36518,tier3,2019-01-22
11431,36526,tier2,2023-05-20
11432,36527,tier1,2019-10-13
11433,36529,tier3,2026-02-08
11434,36530,tier1,2020-02-01
11435,36539,tier2,2022-03-26
11436,36541,tier2,2020-01-16
11437,36542,tier1,2025-04-16
11438,36546,tier3,2026-02-24
11439,36554,tier1,2019-05-17
11440,36558,tier1,2023-11-04
11441,36560,tier3,2026-06-18
11442,36563,tier1,2024-06-14
11443,36565,tier2,2019-03-14
11444,36566,tier2,
11445,36567,tier3,2020-02-18
11446,36569,tier2,
11447,36570,tier1,2022-05-02
11448,36577,tier2,2021-06-30
11449,36581,tier2,2022-12-09
11450,36582,tier3,2019-05-23
11451,36584,tier1,2024-11-29
11452,36585,tier2,2021-02-17
11453,36594,tier1,2020-11-26
11454,36595,tier2,2021-12-21
11455,36596,tier3,2024-06-13
11456,36598,tier2,2020-11-19
11457,36604,tier1,2023-10-02
11458,36608,tier2,2024-06-14
11459,36611,tier1,
11460,36615,tier3,2026-03-02
11461,36619,tier1,2019-05-10
11462,36624,tier3,2026-01-15
11463,36629,tier1,2023-10-28
11464,36635,tier2,2021-12-27
11465,36646,tier1,2021-09-21
11466,36647,tier1,2022-01-27
11467,36649,tier3,2023-10-04
11468,36652,tier1,2024-11-25
11469,36653,tier1,2021-01-18
11470,36654,tier1,2019-04-01
11471,36656,tier2,2024-06-23
11472,36673,tier2,2024-11-26
11473,36674,tier2,2022-08-12
11474,36676,tier1,2023-06-18
11475,36677,tier1,2019-03-20
11476,36678,tier2,2026-04-18
11477,36679,tier1,2022-02-11
11478,36683,tier1,
11479,36684,tier1,2022-10-11
11480,36687,tier2,2023-09-25
11481,36689,tier1,
11482,36690,tier1,2025-11-27
11483,36693,tier1,
11484,36695,tier1,2020-03-14
11485,36699,tier2,2023-10-04
11486,36704,tier3,2023-03-30
11487,36705,tier1,2026-06-05
11488,36706,tier2,2026-06-15
11489,36713,tier1,2026-04-05
11490,36714,tier2,2023-02-05
11491,36724,tier1,2020-04-18
11492,36731,tier2,2023-03-23
11493,36732,tier1,2026-03-11
11494,36733,tier2,
11495,36736,tier1,2020-07-01
11496,36737,tier1,2021-01-29
11497,36739,tier1,2025-06-24
11498,36740,tier1,2022-10-18
11499,36741,tier2,
11500,36745,tier2,2026-06-01
11501,36746,tier2,2023-07-24
11502,36748,tier1,2019-08-29
11503,36749,tier1,2022-12-13
11504,36751,tier1,2024-09-30
11505,36752,tier2,2021-09-21
11506,36755,tier3,2024-04-30
11507,36757,tier3,2019-09-13
11508,36764,tier3,2020-04-07
11509,36775,tier3,2021-04-08
11510,36784,tier2,2021-01-05
11511,36787,tier1,
11512,36789,tier2,2024-12-24
11513,36794,tier3,2024-01-24
11514,36796,tier1,2024-01-11
11515,36797,tier2,2019-02-22
11516,36799,tier1,2024-06-22
11517,36801,tier1,2026-03-11
11518,36803,tier1,2024-03-30
11519,36809,tier1,2022-07-28
11520,36810,tier2,2024-05-26
11521,36814,tier1,2021-10-02
11522,36818,tier1,2019-05-22
11523,36821,tier2,2021-01-02
11524,36826,tier3,2022-09-13
11525,36828,tier3,2022-10-20
11526,36838,tier2,2020-06-27
11527,36845,tier3,2023-11-23
11528,36854,tier2,2021-04-29
11529,36855,tier1,2024-02-17
11530,36858,tier3,
11531,36862,tier2,2020-05-13
11532,36863,tier2,2025-09-26
11533,36867,tier3,2019-12-18
11534,36869,tier1,2024-10-19
11535,36872,tier2,2020-02-09
11536,36876,tier2,2022-01-16
11537,36879,tier1,
11538,36883,tier1,
11539,36885,tier1,2019-01-04
11540,36890,tier2,2025-04-19
11541,36893,tier2,2021-08-13
11542,36894,tier1,2026-01-08
11543,36899,tier2,2020-08-27
11544,36901,tier2,2021-03-14
11545,36909,tier1,2024-02-23
11546,36920,tier3,2023-06-16
11547,36922,tier3,2019-08-20
11548,36925,tier2,2022-10-14
11549,36928,tier2,2026-05-13
11550,36931,tier1,2025-01-09
11551,36932,tier3,2021-11-24
11552,36935,tier1,2024-06-04
11553,36941,tier1,2026-06-03
11554,36943,tier2,2024-09-30
11555,36946,tier2,2019-02-22
11556,36947,tier1,2022-01-14
11557,36951,tier3,2021-08-01
11558,36953,tier2,2020-09-08
11559,36955,tier1,2022-01-04
11560,36959,tier2,2024-02-11
11561,36962,tier1,2022-07-10
11562,36963,tier1,2024-07-19
11563,36964,tier3,2021-10-21
11564,36968,tier3,2026-04-17
11565,36969,tier1,2025-07-06
11566,36970,tier2,2023-04-13
11567,36971,tier2,2024-10-01
11568,36972,tier1,2020-11-15
11569,36973,tier2,2024-06-13
11570,36977,tier3,2019-04-21
11571,36978,tier1,2025-11-09
11572,36985,tier2,2021-04-10
11573,36991,tier2,2022-07-23
11574,37004,tier1,2023-11-12
11575,37005,tier2,
11576,37008,tier2,2020-03-20
11577,37009,tier1,2020-03-04
11578,37011,tier2,2020-10-01
11579,37014,tier1,2024-09-25
11580,37023,tier1,2026-01-15
11581,37024,tier1,2022-08-09
11582,37032,tier1,2019-02-27
11583,37033,tier2,2021-12-16
11584,37038,tier1,2021-09-26
11585,37041,tier1,
11586,37042,tier3,2022-07-14
11587,37045,tier2,2025-06-24
11588,37047,tier1,2025-01-01
11589,37048,tier2,2021-01-30
11590,37049,tier3,
11591,37050,tier2,2026-03-28
11592,37051,tier2,2019-10-17
11593,37059,tier2,2020-10-11
11594,37062,tier1,
11595,37064,tier1,2024-09-21
11596,37066,tier1,2022-06-06
11597,37067,tier1,2019-12-23
11598,37070,tier3,2022-04-20
11599,37075,tier2,2023-12-17
11600,37076,tier2,2021-12-02
11601,37077,tier2,2020-06-27
11602,37079,tier3,2024-11-11
11603,37082,tier2,2020-04-30
11604,37084,tier2,2024-07-31
11605,37088,tier1,
11606,37091,tier1,2019-11-07
11607,37092,tier2,2023-11-25
11608,37095,tier2,2022-03-16
11609,37097,tier1,2026-02-02
11610,37099,tier2,2019-02-18
11611,37103,tier1,2022-12-28
11612,37104,tier3,2019-09-17
11613,37107,tier1,2024-09-19
11614,37109,tier2,2019-12-23
11615,37113,tier2,2024-06-22
11616,37116,tier1,2022-10-17
11617,37120,tier1,2019-07-12
11618,37121,tier2,2019-11-18
11619,37123,tier3,2025-09-06
11620,37126,tier2,2024-09-03
11621,37127,tier2,2020-03-13
11622,37128,tier1,2019-11-29
11623,37130,tier1,2022-09-06
11624,37133,tier2,2022-12-16
11625,37136,tier1,2019-06-30
11626,37139,tier2,2020-03-19
11627,37140,tier2,2025-01-05
11628,37143,tier1,2023-07-22
11629,37148,tier1,2019-02-20
11630,37150,tier2,2019-08-09
11631,37151,tier2,2019-03-20
11632,37152,tier3,2025-06-10
11633,37153,tier1,2025-01-02
11634,37157,tier2,2025-04-22
11635,37160,tier1,2023-06-10
11636,37167,tier2,2022-05-01
11637,37169,tier3,2023-03-02
11638,37170,tier1,2025-10-28
11639,37171,tier2,2024-12-06
11640,37173,tier2,2021-10-29
11641,37174,tier1,2020-11-27
11642,37175,tier2,
11643,37177,tier1,2020-01-31
11644,37179,tier3,2019-03-19
11645,37182,tier3,2023-03-10
11646,37185,tier2,2024-11-27
11647,37187,tier1,2022-12-22
11648,37191,tier2,2020-09-28
11649,37194,tier1,
11650,37196,tier2,2023-05-29
11651,37198,tier1,2021-06-08
11652,37199,tier1,2025-03-08
11653,37202,tier1,2025-03-29
11654,37206,tier2,2023-12-20
11655,37207,tier2,2025-06-23
11656,37208,tier1,2024-08-31
11657,37209,tier3,2020-03-26
11658,37211,tier1,2021-06-23
11659,37213,tier2,2023-10-31
11660,37217,tier1,2022-05-13
11661,37219,tier2,2023-11-22
11662,37221,tier2,2019-11-21
11663,37223,tier2,2021-03-23
11664,37225,tier2,2025-09-22
11665,37228,tier1,2022-07-18
11666,37230,tier1,2024-10-01
11667,37233,tier1,
11668,37234,tier1,2025-11-29
11669,37235,tier3,2021-05-06
11670,37236,tier1,2020-08-14
11671,37238,tier2,
11672,37239,tier3,2020-11-18
11673,37243,tier3,2020-09-09
11674,37247,tier2,2022-07-02
11675,37250,tier2,2025-11-15
11676,37254,tier1,
11677,37255,tier3,2022-06-19
11678,37258,tier1,2023-08-11
11679,37260,tier1,2022-05-06
11680,37264,tier1,2025-06-01
11681,37266,tier1,2024-12-19
11682,37267,tier1,2026-06-29
11683,37268,tier2,2020-10-22
11684,37271,tier1,2019-10-21
11685,37280,tier2,
11686,37282,tier1,2023-01-09
11687,37283,tier2,2024-04-13
11688,37284,tier1,2024-12-03
11689,37291,tier3,2020-03-19
11690,37294,tier1,2022-04-10
11691,37297,tier2,2024-05-04
11692,37298,tier2,2021-01-26
11693,37299,tier2,2021-12-15
11694,37303,tier1,2019-10-17
11695,37305,tier1,
11696,37306,tier1,2020-04-02
11697,37308,tier2,2021-01-22
11698,37310,tier2,2020-03-24
11699,37312,tier1,2019-02-07
11700,37315,tier2,2022-01-14
11701,37316,tier2,2023-08-30
11702,37317,tier3,2024-02-04
11703,37320,tier3,2024-02-11
11704,37323,tier3,2025-06-06
11705,37325,tier2,2024-10-13
11706,37327,tier1,2019-06-11
11707,37329,tier1,2020-09-19
11708,37335,tier1,2020-03-01
11709,37337,tier2,2020-04-14
11710,37338,tier2,2023-05-01
11711,37339,tier2,2025-04-08
11712,37344,tier2,2025-02-16
11713,37346,tier1,2022-01-07
11714,37349,tier3,
11715,37350,tier2,2023-05-17
11716,37351,tier1,2021-03-26
11717,37356,tier1,2025-12-19
11718,37357,tier1,2023-04-23
11719,37359,tier3,2020-11-02
11720,37362,tier1,2023-06-06
11721,37365,tier1,2020-05-30
11722,37366,tier2,2023-03-15
11723,37376,tier3,
11724,37380,tier2,2019-07-31
11725,37382,tier2,2021-02-07
11726,37384,tier2,2024-09-04
11727,37395,tier1,2026-01-29
11728,37396,tier1,2024-03-16
11729,37397,tier1,
11730,37402,tier1,2022-03-03
11731,37411,tier3,2026-04-03
11732,37412,tier1,2025-09-30
11733,37413,tier1,2020-04-02
11734,37417,tier2,2025-12-26
11735,37419,tier2,2025-05-04
11736,37420,tier1,2020-02-21
11737,37421,tier2,2019-12-05
11738,37422,tier2,2021-07-18
11739,37423,tier2,2022-07-16
11740,37426,tier2,2025-09-05
11741,37428,tier1,2024-04-05
11742,37429,tier3,2024-11-08
11743,37430,tier1,2022-05-01
11744,37436,tier1,2020-06-10
11745,37437,tier1,
11746,37438,tier1,2024-03-01
11747,37441,tier2,2022-04-15
11748,37443,tier2,
11749,37444,tier2,2021-04-22
11750,37447,tier2,2022-12-17
11751,37452,tier2,2021-06-30
11752,37454,tier1,2026-04-24
11753,37457,tier2,
11754,37462,tier3,2025-05-31
11755,37463,tier1,2019-07-12
11756,37464,tier2,2023-03-17
11757,37473,tier1,2020-08-08
11758,37474,tier1,2023-02-01
11759,37477,tier2,2021-03-01
11760,37481,tier3,2023-08-02
11761,37482,tier1,
11762,37483,tier1,2023-04-25
11763,37485,tier2,2021-11-01
11764,37490,tier3,2023-05-23
11765,37492,tier1,2020-03-31
11766,37493,tier1,2019-07-01
11767,37494,tier2,
11768,37495,tier1,2019-06-05
11769,37496,tier1,2025-08-20
11770,37500,tier2,2020-08-29
11771,37505,tier2,2019-06-01
11772,37507,tier3,2020-08-08
11773,37510,tier3,2019-01-02
11774,37516,tier1,2023-12-02
11775,37520,tier2,2021-10-12
11776,37526,tier1,2020-02-03
11777,37528,tier1,2026-01-18
11778,37534,tier2,
11779,37535,tier1,2026-01-18
11780,37538,tier1,2019-08-15
11781,37539,tier1,2019-07-19
11782,37542,tier1,2022-03-24
11783,37544,tier2,2025-01-16
11784,37551,tier2,2020-09-12
11785,37552,tier1,2024-11-06
11786,37553,tier1,2019-05-30
11787,37559,tier1,2019-07-24
11788,37563,tier1,2026-06-13
11789,37569,tier3,2023-10-23
11790,37572,tier2,2022-04-12
11791,37574,tier2,2025-06-15
11792,37575,tier1,2021-07-13
11793,37576,tier2,2022-12-05
11794,37581,tier2,
11795,37582,tier1,2024-12-23
11796,37588,tier2,
11797,37590,tier1,
11798,37591,tier3,2020-07-13
11799,37594,tier3,2020-09-04
11800,37599,tier3,2020-04-07
11801,37602,tier2,2024-06-06
11802,37606,tier2,
11803,37609,tier1,
11804,37611,tier2,2022-10-11
11805,37614,tier3,2022-09-11
11806,37615,tier3,2025-06-24
11807,37616,tier1,2019-07-26
11808,37618,tier2,2019-10-22
11809,37620,tier1,2026-01-20
11810,37621,tier1,
11811,37626,tier1,2025-08-29
11812,37633,tier2,2023-12-24
11813,37634,tier2,2023-06-19
11814,37635,tier1,2019-12-18
11815,37638,tier1,2024-11-15
11816,37640,tier2,2023-07-03
11817,37643,tier2,2021-10-20
11818,37646,tier1,2019-06-14
11819,37648,tier2,2020-08-05
11820,37651,tier1,2020-10-21
11821,37652,tier2,2019-11-27
11822,37653,tier1,2019-10-10
11823,37656,tier1,2022-05-29
11824,37659,tier1,2024-09-12
11825,37664,tier1,2019-02-22
11826,37665,tier2,2025-12-27
11827,37666,tier3,2022-08-26
11828,37667,tier2,2024-10-04
11829,37678,tier2,2021-08-29
11830,37681,tier1,2019-06-29
11831,37686,tier3,
11832,37691,tier1,
11833,37696,tier1,2024-04-28
11834,37698,tier2,2025-10-07
11835,37701,tier1,
11836,37703,tier1,2023-03-21
11837,37704,tier1,2023-04-11
11838,37708,tier1,2019-03-18
11839,37709,tier1,2021-12-04
11840,37710,tier2,2023-01-12
11841,37713,tier1,2023-04-23
11842,37715,tier2,2019-03-15
11843,37716,tier1,2025-05-09
11844,37718,tier1,2023-09-21
11845,37725,tier1,2021-08-08
11846,37727,tier1,2022-09-07
11847,37734,tier2,2021-02-26
11848,37741,tier1,2023-06-27
11849,37748,tier2,2021-03-08
11850,37750,tier1,2022-04-25
11851,37752,tier3,2021-05-11
11852,37756,tier2,2019-11-14
11853,37762,tier1,
11854,37763,tier1,2023-09-02
11855,37768,tier2,2021-10-29
11856,37772,tier1,2022-03-25
11857,37774,tier1,2021-03-24
11858,37775,tier1,2026-03-18
11859,37783,tier3,2019-10-26
11860,37784,tier2,2021-05-18
11861,37788,tier2,2022-12-06
11862,37789,tier2,2025-04-16
11863,37792,tier1,2025-11-22
11864,37795,tier2,
11865,37796,tier1,
11866,37797,tier1,2019-06-24
11867,37805,tier1,2022-10-20
11868,37806,tier1,2021-01-03
11869,37807,tier3,
11870,37809,tier3,2019-12-07
11871,37810,tier1,2020-11-05
11872,37814,tier3,2024-04-27
11873,37817,tier3,2019-06-21
11874,37818,tier1,2023-11-05
11875,37819,tier3,2023-06-06
11876,37820,tier1,2025-03-09
11877,37826,tier1,2020-12-23
11878,37829,tier2,2023-06-18
11879,37830,tier2,2019-09-15
11880,37834,tier2,2026-02-08
11881,37836,tier2,2019-05-01
11882,37838,tier2,2024-12-24
11883,37843,tier2,
11884,37847,tier2,2025-09-08
11885,37848,tier1,2025-08-04
11886,37852,tier3,2024-08-30
11887,37853,tier2,
11888,37854,tier1,2024-08-03
11889,37859,tier3,2021-01-12
11890,37864,tier3,2019-10-26
11891,37865,tier2,2023-01-29
11892,37866,tier1,
11893,37867,tier1,2026-02-19
11894,37868,tier2,2025-09-13
11895,37870,tier2,2022-01-15
11896,37873,tier1,2022-03-03
11897,37875,tier1,2021-12-23
11898,37877,tier1,2020-01-07
11899,37893,tier1,2023-05-21
11900,37894,tier2,2020-05-30
11901,37898,tier2,2019-05-26
11902,37912,tier1,2020-11-04
11903,37914,tier2,2021-11-02
11904,37915,tier2,
11905,37917,tier1,2019-09-16
11906,37918,tier2,2022-04-27
11907,37920,tier1,2022-03-03
11908,37925,tier2,2023-03-17
11909,37928,tier2,2020-08-02
11910,37931,tier1,2025-02-02
11911,37935,tier2,2024-01-19
11912,37936,tier2,2022-11-06
11913,37939,tier3,2024-06-05
11914,37942,tier2,2023-05-09
11915,37944,tier3,
11916,37951,tier1,2020-10-17
11917,37952,tier2,
11918,37954,tier1,2020-11-08
11919,37961,tier3,2026-04-18
11920,37962,tier2,2022-01-10
11921,37964,tier3,
11922,37967,tier3,2019-11-27
11923,37968,tier3,2025-12-02
11924,37970,tier2,
11925,37972,tier2,
11926,37974,tier2,2024-09-15
11927,37981,tier2,2025-05-07
11928,37992,tier2,2025-11-18
11929,37993,tier1,2020-05-30
11930,37997,tier2,2025-11-17
11931,38001,tier1,2026-05-22
11932,38003,tier2,2019-06-07
11933,38010,tier2,2019-06-08
11934,38012,tier2,2019-04-26
11935,38013,tier3,2024-11-17
11936,38016,tier1,2026-03-26
11937,38022,tier3,2019-11-03
11938,38026,tier2,2024-10-24
11939,38029,tier3,2019-03-11
11940,38030,tier2,2020-03-18
11941,38034,tier1,2019-05-16
11942,38041,tier2,2022-11-16
11943,38042,tier1,2020-07-30
11944,38045,tier1,2021-10-30
11945,38046,tier3,
11946,38051,tier3,2021-06-18
11947,38052,tier1,2019-01-16
11948,38055,tier1,2020-10-27
11949,38057,tier2,2022-05-23
11950,38058,tier1,2025-05-16
11951,38060,tier1,2026-03-26
11952,38061,tier3,2021-11-24
11953,38066,tier2,
11954,38070,tier2,2019-09-05
11955,38072,tier2,
11956,38078,tier1,2025-12-26
11957,38079,tier1,2022-01-20
11958,38081,tier1,2020-06-30
11959,38086,tier1,
11960,38088,tier2,2020-04-26
11961,38089,tier1,2019-12-04
11962,38091,tier2,2022-01-21
11963,38093,tier1,2021-05-17
11964,38096,tier1,2021-07-16
11965,38097,tier1,2022-04-08
11966,38098,tier1,2023-09-01
11967,38102,tier1,2021-06-21
11968,38103,tier3,2023-07-14
11969,38106,tier1,2024-11-10
11970,38110,tier1,2023-01-15
11971,38114,tier2,2019-06-26
11972,38117,tier1,2025-01-30
11973,38118,tier2,
11974,38119,tier1,2022-12-01
11975,38120,tier2,2024-12-23
11976,38121,tier2,2022-07-24
11977,38125,tier2,2026-06-13
11978,38127,tier2,2024-08-01
11979,38139,tier2,2021-05-28
11980,38141,tier2,2026-03-12
11981,38147,tier1,2021-11-16
11982,38152,tier2,2020-08-23
11983,38154,tier1,
11984,38157,tier2,2024-03-23
11985,38158,tier1,2022-07-13
11986,38159,tier1,2021-12-24
11987,38161,tier3,2023-04-04
11988,38167,tier2,2021-03-21
11989,38168,tier2,2019-09-07
11990,38169,tier2,2020-10-02
11991,38170,tier2,2023-02-15
11992,38172,tier1,2024-08-21
11993,38173,tier3,2020-12-03
11994,38175,tier1,2022-06-29
11995,38177,tier1,
11996,38179,tier3,2025-09-08
11997,38180,tier3,2021-01-15
11998,38183,tier1,2022-10-21
11999,38185,tier3,2022-12-15
12000,38186,tier1,2020-09-08
12001,38190,tier1,2022-10-04
12002,38192,tier2,2023-11-19
12003,38193,tier2,2020-05-27
12004,38196,tier2,2023-01-18
12005,38204,tier1,2024-02-26
12006,38208,tier2,2023-08-14
12007,38209,tier2,2024-04-23
12008,38214,tier3,2025-01-27
12009,38215,tier2,2024-05-15
12010,38221,tier2,2019-10-03
12011,38223,tier1,2021-05-06
12012,38228,tier3,2022-08-29
12013,38234,tier2,2024-07-12
12014,38235,tier2,2019-01-29
12015,38236,tier1,2019-08-29
12016,38237,tier1,2022-07-13
12017,38242,tier1,2024-02-02
12018,38243,tier1,2024-11-17
12019,38245,tier1,
12020,38246,tier2,2021-02-10
12021,38247,tier1,2020-05-19
12022,38250,tier2,2020-08-19
12023,38259,tier2,
12024,38262,tier3,2022-12-22
12025,38267,tier1,2025-06-10
12026,38273,tier2,2019-06-22
12027,38276,tier2,2024-11-30
12028,38278,tier1,2024-01-21
12029,38279,tier3,2021-04-26
12030,38285,tier1,2025-07-11
12031,38292,tier2,2019-04-22
12032,38294,tier3,2020-05-06
12033,38297,tier2,2020-10-11
12034,38299,tier1,2020-10-24
12035,38301,tier1,2021-01-16
12036,38304,tier1,2021-07-03
12037,38309,tier1,2026-04-22
12038,38310,tier1,2021-07-22
12039,38312,tier1,2020-10-06
12040,38320,tier1,2021-10-25
12041,38321,tier1,2020-02-15
12042,38324,tier1,
12043,38325,tier1,
12044,38327,tier1,2020-06-06
12045,38330,tier1,2023-09-18
12046,38332,tier2,2019-03-07
12047,38334,tier1,2025-05-26
12048,38335,tier2,2026-01-09
12049,38340,tier1,2025-09-11
12050,38342,tier1,2021-05-21
12051,38349,tier3,2019-02-23
12052,38350,tier1,2023-12-17
12053,38352,tier3,2022-06-30
12054,38354,tier3,2019-08-30
12055,38360,tier1,2019-01-29
12056,38361,tier2,2023-08-14
12057,38364,tier1,2020-11-17
12058,38367,tier1,
12059,38368,tier3,2019-09-10
12060,38371,tier1,2024-02-26
12061,38372,tier3,
12062,38374,tier3,2021-05-27
12063,38379,tier2,2020-10-30
12064,38384,tier1,2024-03-07
12065,38385,tier2,2026-03-15
12066,38388,tier1,2026-02-09
12067,38391,tier1,2026-04-15
12068,38398,tier1,2023-06-16
12069,38401,tier1,2025-01-09
12070,38405,tier1,2019-10-30
12071,38406,tier1,2023-02-26
12072,38410,tier3,2021-08-12
12073,38411,tier3,2022-12-18
12074,38413,tier1,2025-03-11
12075,38417,tier1,2019-03-27
12076,38418,tier2,2023-10-04
12077,38419,tier2,2020-07-08
12078,38424,tier3,2019-08-31
12079,38428,tier1,2020-04-15
12080,38429,tier2,2020-06-08
12081,38430,tier1,2025-12-08
12082,38433,tier1,2021-04-15
12083,38435,tier1,2022-06-06
12084,38437,tier1,
12085,38438,tier2,2021-04-05
12086,38439,tier2,2020-01-28
12087,38443,tier1,2024-04-19
12088,38445,tier1,2023-10-24
12089,38446,tier2,2023-11-04
12090,38449,tier1,2019-08-03
12091,38450,tier2,2019-10-31
12092,38452,tier1,2020-06-19
12093,38453,tier3,2024-05-23
12094,38454,tier2,2024-08-07
12095,38456,tier1,2022-12-07
12096,38458,tier1,2025-07-05
12097,38470,tier3,2022-06-16
12098,38474,tier1,2026-04-28
12099,38477,tier3,2023-04-22
12100,38480,tier2,2024-11-23
12101,38481,tier1,2020-03-18
12102,38484,tier2,2026-03-11
12103,38485,tier1,2023-06-16
12104,38488,tier3,2022-02-28
12105,38493,tier2,2024-02-20
12106,38495,tier1,
12107,38496,tier1,2022-02-24
12108,38498,tier1,2022-07-23
12109,38502,tier3,2024-12-23
12110,38506,tier2,2025-06-17
12111,38507,tier1,2019-09-16
12112,38512,tier1,2021-01-12
12113,38513,tier2,2020-09-11
12114,38514,tier1,2021-09-15
12115,38517,tier2,2022-04-06
12116,38523,tier2,2023-09-13
12117,38527,tier1,2026-06-05
12118,38528,tier1,2026-04-04
12119,38530,tier2,2019-08-17
12120,38534,tier1,2026-04-01
12121,38535,tier2,2026-06-26
12122,38555,tier1,2024-07-06
12123,38557,tier3,
12124,38559,tier1,2026-01-05
12125,38573,tier1,2020-05-14
12126,38575,tier2,
12127,38577,tier1,2024-04-20
12128,38581,tier3,2024-04-09
12129,38589,tier1,2019-07-05
12130,38597,tier2,2024-05-31
12131,38600,tier1,2025-10-02
12132,38605,tier1,2022-03-14
12133,38606,tier2,2019-09-25
12134,38607,tier3,2026-04-06
12135,38608,tier3,2022-01-22
12136,38613,tier2,2021-02-09
12137,38614,tier1,2023-10-15
12138,38617,tier1,2025-07-08
12139,38622,tier2,2023-01-09
12140,38624,tier2,2024-02-07
12141,38627,tier1,2021-03-16
12142,38628,tier1,2025-07-21
12143,38629,tier1,2024-12-01
12144,38637,tier1,2025-04-08
12145,38640,tier1,2020-12-11
12146,38642,tier1,2021-03-12
12147,38649,tier1,2019-01-05
12148,38653,tier2,2024-09-16
12149,38654,tier1,2026-04-17
12150,38655,tier1,2024-11-27
12151,38657,tier3,2022-12-01
12152,38663,tier1,2025-11-04
12153,38664,tier2,2022-09-18
12154,38668,tier3,2025-11-25
12155,38677,tier3,2023-04-03
12156,38678,tier2,2019-11-20
12157,38679,tier2,
12158,38680,tier2,
12159,38684,tier1,2022-01-20
12160,38685,tier1,
12161,38686,tier2,2022-03-05
12162,38688,tier1,2021-07-01
12163,38693,tier2,2019-11-03
12164,38697,tier1,
12165,38702,tier1,2021-11-26
12166,38704,tier1,
12167,38705,tier1,
12168,38710,tier1,2023-10-25
12169,38715,tier2,2019-04-28
12170,38716,tier1,2022-06-28
12171,38718,tier2,2019-08-11
12172,38719,tier2,2019-08-21
12173,38726,tier3,2022-02-08
12174,38734,tier1,2025-05-07
12175,38736,tier2,2022-04-30
12176,38745,tier1,
12177,38768,tier2,2025-11-08
12178,38769,tier1,2020-06-03
12179,38770,tier1,2021-08-11
12180,38775,tier2,2026-01-02
12181,38777,tier1,2024-09-12
12182,38779,tier3,
12183,38782,tier1,2023-08-14
12184,38785,tier1,2020-12-26
12185,38793,tier1,2026-02-24
12186,38794,tier1,2021-01-24
12187,38797,tier2,2020-11-08
12188,38799,tier2,2020-10-29
12189,38801,tier1,2023-01-21
12190,38811,tier2,2022-03-04
12191,38814,tier1,2020-07-24
12192,38816,tier1,2021-09-14
12193,38818,tier1,2026-04-21
12194,38820,tier1,2020-01-08
12195,38821,tier1,2020-06-08
12196,38823,tier1,2024-03-12
12197,38827,tier1,2019-06-24
12198,38831,tier1,2023-01-29
12199,38833,tier2,2020-06-26
12200,38834,tier3,2024-05-03
12201,38835,tier2,
12202,38838,tier2,2025-08-08
12203,38842,tier1,2025-01-30
12204,38848,tier2,2019-05-26
12205,38849,tier2,2026-03-11
12206,38850,tier1,2023-04-23
12207,38853,tier2,2025-03-03
12208,38854,tier1,
12209,38855,tier2,2019-06-17
12210,38860,tier1,2019-06-13
12211,38861,tier2,2024-11-10
12212,38866,tier1,2025-06-20
12213,38869,tier1,
12214,38873,tier3,2023-08-08
12215,38876,tier3,
12216,38881,tier2,2025-09-09
12217,38882,tier1,2020-12-18
12218,38885,tier2,2024-04-03
12219,38890,tier3,2022-04-10
12220,38892,tier2,2021-05-07
12221,38893,tier1,2022-04-26
12222,38899,tier1,2022-11-19
12223,38902,tier2,2020-11-01
12224,38908,tier1,2019-05-30
12225,38910,tier1,2021-08-28
12226,38915,tier1,2019-10-26
12227,38918,tier1,2022-08-01
12228,38922,tier2,
12229,38924,tier3,2019-01-16
12230,38934,tier1,2025-06-22
12231,38935,tier1,2019-01-18
12232,38936,tier1,2019-09-22
12233,38937,tier2,2022-02-19
12234,38944,tier2,2019-10-11
12235,38946,tier2,2024-08-27
12236,38947,tier2,2025-10-04
12237,38950,tier2,2019-10-13
12238,38951,tier1,2020-04-18
12239,38953,tier1,2023-05-19
12240,38956,tier1,2019-10-27
12241,38961,tier1,2024-05-23
12242,38963,tier1,2022-01-20
12243,38964,tier2,2026-05-14
12244,38968,tier1,
12245,38970,tier3,2025-08-25
12246,38971,tier1,2023-11-11
12247,38974,tier1,2021-07-17
12248,38978,tier1,2025-05-19
12249,38981,tier1,2021-09-18
12250,38982,tier3,2019-06-24
12251,38983,tier3,2026-06-03
12252,38985,tier1,2022-02-16
12253,38996,tier2,2019-05-17
12254,38998,tier1,2019-12-14
12255,39001,tier1,2025-11-02
12256,39008,tier1,
12257,39012,tier1,2019-11-30
12258,39013,tier2,2026-02-06
12259,39015,tier2,2019-07-17
12260,39017,tier1,2022-07-08
12261,39021,tier1,2021-08-14
12262,39025,tier3,2019-08-22
12263,39026,tier2,2022-02-02
12264,39032,tier1,2020-04-15
12265,39034,tier1,2023-08-16
12266,39035,tier2,2026-01-15
12267,39037,tier2,2021-09-05
12268,39038,tier2,2025-08-20
12269,39041,tier2,2023-12-28
12270,39044,tier1,2020-05-24
12271,39048,tier1,2024-07-20
12272,39049,tier1,
12273,39052,tier3,2019-02-08
12274,39054,tier2,2023-07-01
12275,39058,tier3,2021-06-18
12276,39061,tier2,2020-07-15
12277,39063,tier1,2023-10-08
12278,39065,tier1,2022-05-25
12279,39071,tier2,
12280,39072,tier1,
12281,39074,tier1,2019-05-31
12282,39076,tier3,2024-08-12
12283,39079,tier1,2019-01-11
12284,39081,tier1,2026-01-25
12285,39087,tier1,2019-10-11
12286,39090,tier1,2019-06-09
12287,39091,tier2,2026-01-23
12288,39092,tier1,2022-09-06
12289,39096,tier3,2022-07-18
12290,39099,tier1,2023-07-16
12291,39101,tier2,2025-06-21
12292,39105,tier1,
12293,39109,tier3,2023-07-27
12294,39117,tier2,2020-04-25
12295,39118,tier1,2019-02-03
12296,39119,tier3,2019-03-18
12297,39128,tier1,2023-02-26
12298,39129,tier2,2024-07-15
12299,39132,tier1,2022-12-14
12300,39135,tier2,2020-01-12
12301,39140,tier2,2021-02-28
12302,39141,tier1,2023-09-04
12303,39145,tier1,2020-03-08
12304,39146,tier1,2025-04-07
12305,39147,tier1,2025-10-14
12306,39148,tier1,2024-04-18
12307,39151,tier2,2021-07-15
12308,39152,tier1,2019-09-24
12309,39156,tier1,2020-10-01
12310,39158,tier1,2025-03-24
12311,39161,tier1,2022-05-02
12312,39162,tier2,2019-01-13
12313,39165,tier1,2022-10-08
12314,39166,tier1,2019-10-07
12315,39168,tier2,2021-11-13
12316,39170,tier1,2022-02-08
12317,39171,tier2,2024-08-17
12318,39172,tier1,2026-04-30
12319,39178,tier3,2024-04-04
12320,39181,tier2,
12321,39182,tier2,2023-10-20
12322,39188,tier1,2024-11-20
12323,39189,tier1,2022-05-08
12324,39193,tier1,
12325,39197,tier2,2022-06-04
12326,39199,tier1,
12327,39206,tier1,2021-10-07
12328,39209,tier2,2025-12-17
12329,39212,tier3,2022-04-30
12330,39213,tier2,2022-10-22
12331,39218,tier1,2019-10-23
12332,39220,tier1,2023-05-26
12333,39222,tier2,2020-04-03
12334,39223,tier2,2026-01-30
12335,39224,tier3,2025-03-26
12336,39225,tier3,2022-11-21
12337,39236,tier2,2024-10-29
12338,39237,tier1,2021-06-17
12339,39238,tier1,2019-07-17
12340,39239,tier1,2023-03-15
12341,39240,tier2,2022-11-28
12342,39241,tier2,2024-05-30
12343,39248,tier1,2022-09-22
12344,39252,tier1,
12345,39253,tier1,2023-08-26
12346,39260,tier2,2023-04-22
12347,39261,tier3,2026-05-18
12348,39263,tier2,2020-10-13
12349,39266,tier2,2023-02-08
12350,39275,tier1,2025-06-24
12351,39280,tier2,2019-06-24
12352,39281,tier2,2025-03-04
12353,39283,tier1,2023-11-02
12354,39284,tier1,2022-12-15
12355,39286,tier3,2019-11-09
12356,39287,tier2,2022-03-08
12357,39291,tier2,2021-02-27
12358,39293,tier1,2022-11-08
12359,39299,tier1,2021-04-23
12360,39310,tier2,
12361,39317,tier1,2022-05-06
12362,39319,tier2,2021-04-14
12363,39322,tier3,2021-09-20
12364,39326,tier1,2019-03-23
12365,39330,tier2,2020-12-13
12366,39334,tier3,2024-07-25
12367,39337,tier1,2024-03-18
12368,39341,tier1,2021-06-19
12369,39342,tier1,2026-04-20
12370,39347,tier1,2020-08-19
12371,39352,tier1,2025-10-03
12372,39354,tier1,
12373,39355,tier1,2022-03-30
12374,39356,tier3,
12375,39358,tier1,2021-10-22
12376,39359,tier1,2019-08-22
12377,39360,tier2,2019-02-24
12378,39361,tier1,2022-10-30
12379,39363,tier2,2025-09-21
12380,39364,tier3,2019-12-26
12381,39366,tier2,2021-09-30
12382,39368,tier2,
12383,39372,tier1,2025-06-28
12384,39373,tier2,2020-01-15
12385,39375,tier1,2019-01-06
12386,39378,tier1,2022-02-14
12387,39381,tier1,2023-05-02
12388,39391,tier1,
12389,39395,tier2,2023-08-18
12390,39398,tier2,
12391,39404,tier2,2026-01-03
12392,39412,tier1,2020-01-30
12393,39413,tier1,
12394,39415,tier1,2020-06-29
12395,39417,tier2,2025-02-13
12396,39418,tier1,2023-11-04
12397,39420,tier2,2022-08-02
12398,39422,tier2,2026-06-08
12399,39423,tier2,2023-01-06
12400,39426,tier1,2025-03-15
12401,39431,tier2,2021-01-04
12402,39432,tier2,2021-06-12
12403,39433,tier2,2021-07-10
12404,39446,tier2,2022-07-08
12405,39448,tier1,2023-10-11
12406,39449,tier1,
12407,39451,tier3,2020-07-01
12408,39454,tier3,2024-10-22
12409,39456,tier1,2025-04-01
12410,39460,tier2,2022-07-22
12411,39461,tier3,
12412,39463,tier3,2023-12-20
12413,39467,tier3,
12414,39473,tier1,2020-04-18
12415,39475,tier2,2022-02-28
12416,39476,tier1,2023-09-27
12417,39477,tier2,2022-10-11
12418,39478,tier2,
12419,39479,tier1,2023-08-03
12420,39485,tier2,2020-08-01
12421,39488,tier2,2024-12-28
12422,39492,tier1,2019-01-02
12423,39493,tier2,2021-07-12
12424,39494,tier2,2024-03-10
12425,39499,tier1,2020-12-08
12426,39500,tier2,2022-01-29
12427,39507,tier3,2019-07-10
12428,39508,tier2,
12429,39510,tier3,2023-09-25
12430,39515,tier2,2021-08-07
12431,39517,tier2,2019-12-10
12432,39518,tier2,2025-11-28
12433,39520,tier2,2023-09-08
12434,39521,tier1,2025-01-04
12435,39524,tier3,2024-03-16
12436,39527,tier2,2022-02-18
12437,39535,tier1,2025-09-28
12438,39538,tier2,2023-03-18
12439,39543,tier1,2020-10-11
12440,39544,tier1,2025-11-15
12441,39545,tier1,2023-07-26
12442,39548,tier3,2025-06-10
12443,39550,tier1,2020-07-09
12444,39558,tier2,2024-03-25
12445,39559,tier2,2025-09-25
12446,39562,tier3,2022-03-18
12447,39567,tier2,2021-07-02
12448,39568,tier1,2021-04-10
12449,39569,tier1,
12450,39575,tier1,2023-08-18
12451,39578,tier2,2025-01-13
12452,39580,tier3,2019-10-19
12453,39581,tier2,2021-12-12
12454,39582,tier1,2024-01-10
12455,39591,tier3,2023-12-26
12456,39594,tier2,2019-07-19
12457,39595,tier2,2021-10-05
12458,39596,tier1,2022-07-19
12459,39598,tier2,2021-05-02
12460,39599,tier2,
12461,39605,tier2,2023-10-30
12462,39608,tier1,2024-02-16
12463,39610,tier1,2022-07-26
12464,39611,tier3,2024-10-22
12465,39615,tier1,2025-08-14
12466,39616,tier1,2019-11-11
12467,39618,tier3,
12468,39623,tier1,2025-07-19
12469,39624,tier3,
12470,39625,tier2,2022-05-22
12471,39628,tier2,2020-09-18
12472,39629,tier2,2023-12-31
12473,39630,tier2,2024-05-14
12474,39636,tier2,2021-10-04
12475,39637,tier1,2020-11-02
12476,39641,tier2,2019-03-10
12477,39658,tier1,2024-07-27
12478,39666,tier1,2019-06-03
12479,39667,tier1,2024-07-31
12480,39668,tier2,
12481,39669,tier1,2020-07-18
12482,39673,tier2,
12483,39676,tier2,2023-06-23
12484,39680,tier3,2021-07-01
12485,39682,tier1,2022-05-02
12486,39686,tier3,2020-08-23
12487,39687,tier2,2019-07-11
12488,39688,tier1,2022-06-16
12489,39691,tier1,2021-06-16
12490,39692,tier1,2019-08-10
12491,39693,tier1,2020-08-22
12492,39695,tier1,2019-03-20
12493,39696,tier1,2024-05-08
12494,39697,tier1,
12495,39700,tier3,
12496,39702,tier1,2025-09-29
12497,39704,tier2,2023-11-27
12498,39716,tier2,2019-05-29
12499,39724,tier1,2019-12-27
12500,39725,tier1,2021-02-23
12501,39726,tier1,2019-01-26
12502,39727,tier1,2022-08-08
12503,39731,tier1,2023-06-18
12504,39735,tier1,2022-05-12
12505,39737,tier2,2022-05-15
12506,39744,tier1,
12507,39747,tier2,2021-06-12
12508,39757,tier2,2019-09-16
12509,39767,tier3,2025-04-21
12510,39771,tier2,2025-11-13
12511,39773,tier1,2020-02-06
12512,39778,tier3,2021-05-23
12513,39781,tier3,2024-06-30
12514,39784,tier3,2020-11-16
12515,39786,tier2,2023-08-22
12516,39787,tier2,2019-03-03
12517,39792,tier2,2021-04-16
12518,39793,tier2,2020-03-06
12519,39802,tier2,2022-11-27
12520,39806,tier1,2023-05-20
12521,39807,tier2,2023-08-03
12522,39812,tier1,2025-05-07
12523,39816,tier1,2023-01-01
12524,39818,tier2,2024-12-16
12525,39819,tier2,
12526,39820,tier1,2022-10-02
12527,39821,tier2,2023-04-22
12528,39833,tier2,2026-02-07
12529,39842,tier2,2026-05-16
12530,39844,tier1,2023-11-28
12531,39847,tier2,2023-06-02
12532,39848,tier1,
12533,39850,tier1,2024-12-20
12534,39854,tier1,2020-04-02
12535,39856,tier1,2023-07-03
12536,39858,tier1,2023-01-09
12537,39861,tier1,2023-01-22
12538,39862,tier3,2022-02-19
12539,39863,tier1,2019-09-21
12540,39866,tier1,2025-08-03
12541,39868,tier1,2020-05-12
12542,39877,tier2,2021-10-05
12543,39881,tier2,
12544,39882,tier1,2020-11-19
12545,39883,tier1,2025-11-02
12546,39884,tier3,2021-08-23
12547,39885,tier1,2020-04-04
12548,39889,tier2,2026-05-26
12549,39895,tier1,2023-11-30
12550,39900,tier2,2025-06-03
12551,39901,tier1,2021-02-18
12552,39903,tier1,2024-12-16
12553,39907,tier2,2020-01-29
12554,39909,tier1,
12555,39914,tier1,2022-01-20
12556,39916,tier2,2024-01-06
12557,39917,tier2,2024-04-20
12558,39920,tier1,2019-03-01
12559,39922,tier1,2020-12-21
12560,39924,tier1,2020-10-27
12561,39930,tier1,2021-12-18
12562,39932,tier2,2020-07-22
12563,39935,tier3,2024-10-16
12564,39940,tier2,2019-01-21
12565,39941,tier2,2025-05-02
12566,39943,tier2,2025-01-02
12567,39945,tier1,2021-08-16
12568,39947,tier1,2025-12-24
12569,39949,tier2,2020-04-22
12570,39952,tier1,
12571,39967,tier1,2023-03-03
12572,39972,tier1,
12573,39974,tier2,2025-05-19
12574,39980,tier2,2020-08-04
12575,39981,tier1,2022-05-08
12576,39984,tier1,2025-12-19
12577,39985,tier2,2025-09-10
12578,39987,tier2,2021-10-29
12579,39988,tier2,2019-12-12
12580,39990,tier2,2019-12-16
12581,39994,tier1,2021-10-30
12582,39995,tier2,
12583,40000,tier2,2026-06-21
