employee_id,full_name,division_id,role_title,employment_status,hire_date,reports_to,created_date
1,Timothy Walker,retail,Regional Retail Lead,active,2020-05-02,,2026-07-30T00:16:10.868850
2,Taylor Watkins,retail,Regional Retail Lead,active,2018-11-07,,2026-07-30T00:16:10.869102
3,Samantha Gutierrez,retail,Regional Retail Lead,active,2018-06-10,,2026-07-30T00:16:10.869316
4,Theodore Odonnell,retail,Stock Clerk,active,2021-12-23,,2026-07-30T00:16:10.869528
5,Kristina Bray,retail,Store Manager,active,2020-03-11,1,2026-07-30T00:16:10.869743
6,Julie Smith,retail,Store Manager,active,2017-11-10,3,2026-07-30T00:16:10.869956
7,Chad Harrison,retail,Stock Clerk,active,2025-12-22,1,2026-07-30T00:16:10.870163
8,Tina Callahan,retail,Store Manager,active,2024-05-19,3,2026-07-30T00:16:10.870379
9,Teresa Nelson,retail,Regional Retail Lead,active,2025-07-18,,2026-07-30T00:16:10.870584
10,Austin Cooper,retail,Stock Clerk,active,2020-06-21,7,2026-07-30T00:16:10.870788
11,Alexander Klein,retail,Cashier,active,2025-08-19,8,2026-07-30T00:16:10.870991
12,Danielle Brewer,retail,Cashier,active,2024-06-05,4,2026-07-30T00:16:10.871197
13,John Griffith,retail,Store Manager,active,2024-11-27,1,2026-07-30T00:16:10.871399
14,Stephanie Mccullough,retail,Cashier,active,2023-03-24,12,2026-07-30T00:16:10.871583
15,Gordon Walker,retail,Store Manager,active,2021-10-15,9,2026-07-30T00:16:10.871745
16,Edward Johnson,retail,Stock Clerk,active,2024-11-24,,2026-07-30T00:16:10.871905
17,William Ray,retail,Stock Clerk,active,2016-09-16,3,2026-07-30T00:16:10.872069
18,Andrea Maddox,retail,Regional Retail Lead,active,2018-09-16,3,2026-07-30T00:16:10.872239
19,Angela King,retail,Regional Retail Lead,active,2021-10-29,1,2026-07-30T00:16:10.872404
20,Joshua Anderson,retail,Store Manager,active,2020-05-31,5,2026-07-30T00:16:10.872566
21,Zachary Hill,retail,Cashier,active,2025-02-22,17,2026-07-30T00:16:10.872728
22,Lori Lutz,retail,Cashier,active,2024-02-08,19,2026-07-30T00:16:10.872894
23,Christopher Ryan,retail,Regional Retail Lead,active,2018-09-18,4,2026-07-30T00:16:10.873072
24,Timothy Hernandez,retail,Cashier,on_leave,2016-02-28,9,2026-07-30T00:16:10.873222
25,Matthew Hodges,retail,Store Manager,active,2021-09-13,2,2026-07-30T00:16:10.873371
26,William Velazquez,retail,Cashier,active,2022-01-09,1,2026-07-30T00:16:10.873521
27,Susan Brown,retail,Regional Retail Lead,active,2018-12-27,3,2026-07-30T00:16:10.873673
28,Andrew Peck,retail,Stock Clerk,active,2021-07-14,8,2026-07-30T00:16:10.873823
29,Christine Miller,retail,Cashier,active,2018-09-01,,2026-07-30T00:16:10.873973
30,Karla Hansen,retail,Cashier,active,2016-08-21,3,2026-07-30T00:16:10.874125
31,Michelle Moss,retail,Cashier,active,2016-05-05,,2026-07-30T00:16:10.874281
32,Barbara Christian DDS,retail,Regional Retail Lead,active,2016-08-25,2,2026-07-30T00:16:10.874444
33,Lisa Massey,retail,Cashier,active,2020-12-04,20,2026-07-30T00:16:10.874597
34,Dana Rodriguez,retail,Stock Clerk,active,2025-05-31,27,2026-07-30T00:16:10.874747
35,Candace Turner,retail,Regional Retail Lead,active,2020-08-31,5,2026-07-30T00:16:10.874896
36,Bryan Petersen,retail,Cashier,active,2017-12-29,30,2026-07-30T00:16:10.875044
37,Gary Mckay,retail,Stock Clerk,active,2022-11-10,20,2026-07-30T00:16:10.875191
38,Tamara Davis,retail,Regional Retail Lead,active,2021-03-28,13,2026-07-30T00:16:10.875343
39,Jamie Howard,retail,Store Manager,active,2017-09-15,35,2026-07-30T00:16:10.875495
40,Rachel Avila,retail,Store Manager,active,2017-11-29,3,2026-07-30T00:16:10.875645
41,Kevin Harrison,retail,Cashier,active,2024-06-06,18,2026-07-30T00:16:10.875795
42,Ryan Wade,retail,Store Manager,active,2019-01-13,30,2026-07-30T00:16:10.875945
43,Hannah Peterson,retail,Stock Clerk,active,2018-09-16,28,2026-07-30T00:16:10.876094
44,James Rogers,retail,Cashier,terminated,2017-10-07,23,2026-07-30T00:16:10.876249
45,Christine Perez,retail,Stock Clerk,active,2022-08-09,29,2026-07-30T00:16:10.876402
46,Jeffrey Bishop,retail,Store Manager,active,2017-09-27,,2026-07-30T00:16:10.876548
47,Stacy Cantu,retail,Regional Retail Lead,active,2017-11-08,18,2026-07-30T00:16:10.876700
48,John Parker,retail,Store Manager,active,2026-01-23,,2026-07-30T00:16:10.876855
49,Howard Cross,retail,Stock Clerk,active,2023-04-30,10,2026-07-30T00:16:10.877004
50,Tara Smith,retail,Stock Clerk,active,2019-04-13,9,2026-07-30T00:16:10.877153
51,Robert Perez,retail,Regional Retail Lead,active,2023-04-20,23,2026-07-30T00:16:10.877301
52,Brad Mcgee,retail,Cashier,active,2020-05-26,39,2026-07-30T00:16:10.877450
53,Taylor Bowman,retail,Stock Clerk,active,2026-06-29,28,2026-07-30T00:16:10.877602
54,Randy Scott,retail,Regional Retail Lead,active,2024-06-04,39,2026-07-30T00:16:10.877751
55,Sandy Williams,retail,Stock Clerk,active,2020-07-14,19,2026-07-30T00:16:10.877902
56,Gerald Kaufman DDS,retail,Store Manager,active,2020-12-16,48,2026-07-30T00:16:10.878062
57,Kevin Crawford,retail,Regional Retail Lead,on_leave,2024-03-21,50,2026-07-30T00:16:10.878216
58,James Taylor,retail,Store Manager,active,2016-05-25,54,2026-07-30T00:16:10.878366
59,Lindsey Charles,retail,Cashier,active,2024-09-06,30,2026-07-30T00:16:10.878518
60,Mrs. Jessica Joseph,retail,Cashier,active,2019-09-06,18,2026-07-30T00:16:10.878680
61,Carlos Berry,retail,Regional Retail Lead,active,2023-06-01,12,2026-07-30T00:16:10.878828
62,Joseph Mcfarland,retail,Cashier,active,2026-04-25,58,2026-07-30T00:16:10.878977
63,Alicia Hart,retail,Stock Clerk,active,2019-03-10,45,2026-07-30T00:16:10.879128
64,Sandra Morris,retail,Regional Retail Lead,active,2025-09-18,,2026-07-30T00:16:10.879277
65,Jean Baker,retail,Stock Clerk,active,2023-09-10,61,2026-07-30T00:16:10.879429
66,Brenda Cantu,retail,Cashier,active,2022-02-14,50,2026-07-30T00:16:10.879580
67,Casey Cummings,retail,Stock Clerk,active,2023-04-29,30,2026-07-30T00:16:10.879743
68,Dawn Santos,retail,Regional Retail Lead,active,2025-11-08,24,2026-07-30T00:16:10.879896
69,Marilyn Burke,retail,Stock Clerk,active,2022-01-30,50,2026-07-30T00:16:10.880051
70,David Rodriguez,retail,Stock Clerk,active,2016-08-06,32,2026-07-30T00:16:10.880209
71,Jennifer Johnson,retail,Regional Retail Lead,active,2022-09-15,65,2026-07-30T00:16:10.880363
72,Nicholas Neal,retail,Stock Clerk,active,2023-07-08,31,2026-07-30T00:16:10.880515
73,Charles Cruz,retail,Cashier,active,2019-02-05,20,2026-07-30T00:16:10.880666
74,Mariah Lynch,retail,Cashier,active,2017-04-15,,2026-07-30T00:16:10.880816
75,Julia Martinez,retail,Store Manager,active,2025-01-19,11,2026-07-30T00:16:10.881293
76,Terri Kelly,retail,Regional Retail Lead,active,2022-04-14,,2026-07-30T00:16:10.881723
77,Richard Cook,retail,Store Manager,active,2022-08-19,55,2026-07-30T00:16:10.882063
78,Gilbert Alvarado,retail,Cashier,terminated,2022-01-22,1,2026-07-30T00:16:10.882345
79,Gabrielle Obrien,retail,Store Manager,active,2021-02-07,20,2026-07-30T00:16:10.882611
80,Cassie Steele DDS,retail,Stock Clerk,active,2016-01-15,15,2026-07-30T00:16:10.882891
81,Alexis Kline,retail,Stock Clerk,on_leave,2024-04-06,,2026-07-30T00:16:10.883180
82,Heather Powers,retail,Regional Retail Lead,active,2018-02-10,16,2026-07-30T00:16:10.883455
83,Angel Jackson,retail,Regional Retail Lead,active,2019-12-25,,2026-07-30T00:16:10.883744
84,Mr. Kenneth Rodriguez,retail,Store Manager,active,2021-06-06,30,2026-07-30T00:16:10.884088
85,Abigail Williams,retail,Regional Retail Lead,active,2023-02-14,75,2026-07-30T00:16:10.884372
86,Stacey Hancock,retail,Regional Retail Lead,active,2025-10-14,33,2026-07-30T00:16:10.884626
87,Richard Thompson,retail,Store Manager,active,2024-07-25,67,2026-07-30T00:16:10.884875
88,Thomas Robbins,retail,Regional Retail Lead,active,2021-03-09,,2026-07-30T00:16:10.885152
89,James Carpenter,retail,Regional Retail Lead,active,2016-10-16,12,2026-07-30T00:16:10.885448
90,Olivia Miller,retail,Store Manager,active,2020-08-16,15,2026-07-30T00:16:10.885747
91,Brian Rowe,retail,Regional Retail Lead,active,2017-01-23,70,2026-07-30T00:16:10.886012
92,Christopher Howard,retail,Cashier,active,2024-03-13,,2026-07-30T00:16:10.886277
93,Lisa Vargas,retail,Cashier,active,2026-02-15,2,2026-07-30T00:16:10.886536
94,Reginald Brown,retail,Cashier,active,2025-09-30,,2026-07-30T00:16:10.886820
95,Michael Davis,retail,Stock Clerk,active,2016-01-29,66,2026-07-30T00:16:10.887080
96,Kevin Mckee,retail,Store Manager,active,2025-08-16,38,2026-07-30T00:16:10.887317
97,John Davies,retail,Cashier,active,2016-08-10,92,2026-07-30T00:16:10.887556
98,Jasmine Sullivan,retail,Store Manager,active,2019-01-04,65,2026-07-30T00:16:10.887800
99,Miguel Russell,retail,Store Manager,on_leave,2026-01-01,53,2026-07-30T00:16:10.888044
100,Brittany Hernandez,retail,Cashier,active,2020-11-23,,2026-07-30T00:16:10.888265
101,Mary Duncan,retail,Store Manager,active,2020-04-18,41,2026-07-30T00:16:10.888458
102,Tonya Manning,retail,Store Manager,active,2018-03-16,,2026-07-30T00:16:10.888640
103,Larry Beck,retail,Regional Retail Lead,active,2026-03-25,52,2026-07-30T00:16:10.888822
104,Beth Gray,retail,Stock Clerk,on_leave,2016-04-20,65,2026-07-30T00:16:10.889007
105,Summer Wright,retail,Store Manager,active,2024-02-23,35,2026-07-30T00:16:10.889207
106,Jeffrey Rodriguez,retail,Stock Clerk,active,2020-08-22,4,2026-07-30T00:16:10.889390
107,Philip Oconnor,retail,Stock Clerk,active,2021-11-30,39,2026-07-30T00:16:10.889610
108,Mary Cross,retail,Store Manager,active,2026-03-27,100,2026-07-30T00:16:10.889813
109,Anthony Jimenez,retail,Store Manager,active,2022-01-03,26,2026-07-30T00:16:10.890011
110,Kenneth Barnett,retail,Cashier,active,2020-02-27,60,2026-07-30T00:16:10.890210
111,Diane Floyd,retail,Store Manager,active,2016-12-03,79,2026-07-30T00:16:10.890410
112,Barbara Ramirez,retail,Stock Clerk,active,2024-08-25,107,2026-07-30T00:16:10.890623
113,Joseph Brady,retail,Stock Clerk,active,2018-05-30,,2026-07-30T00:16:10.890820
114,Alexandra Hernandez,retail,Regional Retail Lead,on_leave,2017-07-19,77,2026-07-30T00:16:10.891017
115,Lisa Delacruz,retail,Stock Clerk,terminated,2022-03-19,82,2026-07-30T00:16:10.891183
116,Alyssa Montes,retail,Stock Clerk,active,2017-11-22,3,2026-07-30T00:16:10.891338
117,Walter Pierce,retail,Stock Clerk,active,2024-05-04,92,2026-07-30T00:16:10.891490
118,Tracey Turner,retail,Stock Clerk,active,2016-06-15,67,2026-07-30T00:16:10.891655
119,Isaac Cook,retail,Stock Clerk,terminated,2026-02-26,12,2026-07-30T00:16:10.891807
120,Ellen Martin,retail,Store Manager,active,2021-11-20,18,2026-07-30T00:16:10.891963
121,Robin Cisneros,retail,Regional Retail Lead,on_leave,2021-09-07,67,2026-07-30T00:16:10.892118
122,Danny Rice,retail,Cashier,terminated,2021-10-16,52,2026-07-30T00:16:10.892270
123,Ashley Boyd,retail,Stock Clerk,active,2020-04-24,,2026-07-30T00:16:10.892424
124,Andrea Patel,retail,Store Manager,active,2021-12-10,50,2026-07-30T00:16:10.892604
125,Susan Moreno,retail,Stock Clerk,active,2024-11-28,63,2026-07-30T00:16:10.892764
126,Heather Moon,retail,Cashier,active,2026-04-16,46,2026-07-30T00:16:10.892912
127,Kristen Anderson,retail,Stock Clerk,active,2023-01-23,4,2026-07-30T00:16:10.893059
128,Jason Mejia,retail,Regional Retail Lead,active,2025-05-02,8,2026-07-30T00:16:10.893202
129,Nicholas Mccarthy,retail,Stock Clerk,active,2024-12-02,76,2026-07-30T00:16:10.893346
130,Tyler West,retail,Regional Retail Lead,active,2025-02-16,127,2026-07-30T00:16:10.893490
131,Kimberly Thomas,retail,Store Manager,active,2020-09-22,,2026-07-30T00:16:10.893648
132,Mark Pugh,retail,Cashier,active,2022-02-23,25,2026-07-30T00:16:10.893793
133,Larry Reynolds,retail,Cashier,active,2021-04-07,56,2026-07-30T00:16:10.893939
134,Shannon Williams,retail,Regional Retail Lead,active,2026-02-09,94,2026-07-30T00:16:10.894100
135,Cody Walker,retail,Cashier,active,2022-11-12,72,2026-07-30T00:16:10.894247
136,Renee Giles,retail,Store Manager,on_leave,2024-01-30,35,2026-07-30T00:16:10.894395
137,Mark Keller,retail,Cashier,active,2026-05-27,116,2026-07-30T00:16:10.894540
138,Shannon Rios,retail,Regional Retail Lead,terminated,2018-06-26,124,2026-07-30T00:16:10.894688
139,Andrew Fisher,retail,Regional Retail Lead,active,2025-04-14,133,2026-07-30T00:16:10.894833
140,Philip Yoder,retail,Stock Clerk,active,2019-04-26,3,2026-07-30T00:16:10.894979
141,Victoria Hill,retail,Cashier,active,2016-03-16,2,2026-07-30T00:16:10.895139
142,Shelley Roberson,retail,Stock Clerk,active,2019-10-02,32,2026-07-30T00:16:10.895286
143,Zachary Ali,retail,Store Manager,active,2025-03-10,10,2026-07-30T00:16:10.895431
144,Christine Davis,retail,Cashier,on_leave,2026-01-07,142,2026-07-30T00:16:10.895578
145,Priscilla Kelly,retail,Cashier,active,2020-11-03,24,2026-07-30T00:16:10.895726
146,Thomas Martinez,retail,Regional Retail Lead,active,2026-02-17,97,2026-07-30T00:16:10.895871
147,Christine Decker,retail,Stock Clerk,active,2023-06-29,,2026-07-30T00:16:10.896017
148,Karl Coleman,retail,Cashier,active,2025-02-01,18,2026-07-30T00:16:10.896432
149,Grace Jones,retail,Cashier,active,2026-02-05,3,2026-07-30T00:16:10.896659
150,Thomas Daniels,retail,Cashier,active,2021-07-21,139,2026-07-30T00:16:10.896819
151,Christine Sanders,retail,Stock Clerk,active,2023-07-14,12,2026-07-30T00:16:10.896973
152,Dennis Robertson,retail,Cashier,active,2024-10-02,60,2026-07-30T00:16:10.897138
153,Larry Edwards,retail,Stock Clerk,active,2016-07-30,,2026-07-30T00:16:10.897286
154,Peter Kelly,retail,Store Manager,on_leave,2021-03-09,24,2026-07-30T00:16:10.897432
155,Amanda Johnson,retail,Store Manager,active,2017-08-20,2,2026-07-30T00:16:10.897583
156,Paul Hobbs,retail,Cashier,active,2017-10-27,,2026-07-30T00:16:10.897728
157,Victoria Smith,retail,Regional Retail Lead,active,2026-04-09,97,2026-07-30T00:16:10.897877
158,Ashley Murphy,retail,Regional Retail Lead,active,2024-10-15,46,2026-07-30T00:16:10.898026
159,Jane Thomas,retail,Regional Retail Lead,active,2022-01-23,11,2026-07-30T00:16:10.898189
160,Charles Harvey,retail,Regional Retail Lead,active,2024-04-19,135,2026-07-30T00:16:10.898340
161,Paul Flores Jr.,retail,Regional Retail Lead,active,2020-03-04,5,2026-07-30T00:16:10.898507
162,Sarah Potter,retail,Regional Retail Lead,active,2021-01-29,,2026-07-30T00:16:10.898657
163,Ashley Jackson,retail,Stock Clerk,active,2016-04-24,,2026-07-30T00:16:10.898805
164,Mrs. Katherine York,retail,Stock Clerk,on_leave,2017-05-31,74,2026-07-30T00:16:10.898963
165,Shawn Downs,retail,Store Manager,active,2021-01-02,86,2026-07-30T00:16:10.899124
166,William Rivera,retail,Stock Clerk,active,2021-06-05,48,2026-07-30T00:16:10.899271
167,Katie Anderson,retail,Stock Clerk,on_leave,2016-05-07,139,2026-07-30T00:16:10.899422
168,Michelle Smith,retail,Cashier,active,2019-04-24,164,2026-07-30T00:16:10.899587
169,Tyler Lee,retail,Store Manager,active,2026-06-20,85,2026-07-30T00:16:10.899799
170,Tami Chang,retail,Store Manager,active,2018-02-03,75,2026-07-30T00:16:10.899957
171,John Brown,retail,Store Manager,active,2023-03-31,49,2026-07-30T00:16:10.900105
172,Sheila Smith,retail,Regional Retail Lead,active,2017-05-26,27,2026-07-30T00:16:10.900256
173,Kristen Joseph,retail,Store Manager,active,2016-07-10,12,2026-07-30T00:16:10.900404
174,Desiree Dennis,retail,Regional Retail Lead,active,2016-03-12,68,2026-07-30T00:16:10.900574
175,Carrie Robinson,retail,Stock Clerk,active,2025-10-06,95,2026-07-30T00:16:10.900726
176,Dillon Williams MD,retail,Regional Retail Lead,active,2022-03-08,138,2026-07-30T00:16:10.900885
177,Ashley Johnson,retail,Cashier,terminated,2020-10-18,112,2026-07-30T00:16:10.901035
178,Zachary Snow,retail,Store Manager,active,2021-08-18,3,2026-07-30T00:16:10.901182
179,Wendy Cole,retail,Cashier,active,2021-12-25,95,2026-07-30T00:16:10.901331
180,Jennifer Love,retail,Stock Clerk,active,2018-08-03,45,2026-07-30T00:16:10.901482
181,Michael Parker,retail,Store Manager,active,2020-08-16,133,2026-07-30T00:16:10.901648
182,Stephanie Ibarra,retail,Cashier,active,2023-06-09,,2026-07-30T00:16:10.901801
183,Dr. Michelle Freeman MD,retail,Regional Retail Lead,active,2020-01-21,86,2026-07-30T00:16:10.901972
184,Susan Ruiz,retail,Store Manager,active,2025-09-09,99,2026-07-30T00:16:10.902121
185,Thomas Brown,retail,Regional Retail Lead,on_leave,2016-04-18,47,2026-07-30T00:16:10.902268
186,Mr. Brandon West,retail,Store Manager,active,2017-10-14,42,2026-07-30T00:16:10.902425
187,Jason Acevedo,retail,Store Manager,on_leave,2024-09-18,162,2026-07-30T00:16:10.902584
188,Leah Valentine,retail,Regional Retail Lead,active,2025-05-25,167,2026-07-30T00:16:10.902736
189,Douglas Preston,retail,Cashier,active,2021-10-25,5,2026-07-30T00:16:10.902884
190,Lisa Underwood,retail,Regional Retail Lead,active,2022-05-23,,2026-07-30T00:16:10.903032
191,Gary Allen,retail,Regional Retail Lead,active,2019-09-08,25,2026-07-30T00:16:10.903179
192,David Cantrell,retail,Cashier,active,2017-04-01,171,2026-07-30T00:16:10.903327
193,Christina Crawford,retail,Regional Retail Lead,active,2025-02-26,,2026-07-30T00:16:10.903474
194,Adam Johnson,retail,Regional Retail Lead,active,2024-06-16,,2026-07-30T00:16:10.903618
195,Stephanie Diaz,retail,Stock Clerk,on_leave,2024-07-26,175,2026-07-30T00:16:10.903768
196,John Vasquez,retail,Regional Retail Lead,active,2022-07-26,,2026-07-30T00:16:10.903913
197,Andrew Jones,retail,Stock Clerk,active,2020-10-09,148,2026-07-30T00:16:10.904061
198,Brittany Watkins,retail,Cashier,active,2025-10-24,27,2026-07-30T00:16:10.904232
199,Scott Delgado,retail,Store Manager,active,2019-08-30,101,2026-07-30T00:16:10.904378
200,Sharon Newton,retail,Cashier,terminated,2017-12-30,187,2026-07-30T00:16:10.904528
201,Andrew Murphy,retail,Regional Retail Lead,active,2016-10-02,119,2026-07-30T00:16:10.904675
202,Sean Huffman,retail,Cashier,active,2022-10-31,,2026-07-30T00:16:10.904822
203,Samantha Doyle,retail,Store Manager,on_leave,2021-04-02,119,2026-07-30T00:16:10.904971
204,Laura Green,retail,Regional Retail Lead,active,2022-08-22,189,2026-07-30T00:16:10.905129
205,Michelle Lester,retail,Cashier,terminated,2022-09-27,8,2026-07-30T00:16:10.905279
206,Peter Garrett,retail,Store Manager,active,2018-07-17,203,2026-07-30T00:16:10.905424
207,Brandon Davis,retail,Regional Retail Lead,on_leave,2020-12-22,,2026-07-30T00:16:10.905569
208,Dr. Amy Lee MD,retail,Regional Retail Lead,active,2024-06-01,100,2026-07-30T00:16:10.905740
209,Matthew Howe MD,retail,Stock Clerk,active,2023-01-31,15,2026-07-30T00:16:10.905899
210,Kari Singleton,retail,Cashier,active,2024-04-28,5,2026-07-30T00:16:10.906048
211,Carol Williams,retail,Cashier,on_leave,2020-08-31,174,2026-07-30T00:16:10.906206
212,Molly Nguyen DDS,retail,Stock Clerk,active,2023-08-26,127,2026-07-30T00:16:10.906365
213,Jeanne May,retail,Cashier,active,2025-05-16,,2026-07-30T00:16:10.906512
214,Claire Turner,retail,Regional Retail Lead,on_leave,2017-04-23,84,2026-07-30T00:16:10.906659
215,Alicia Gonzalez,retail,Regional Retail Lead,active,2024-03-12,66,2026-07-30T00:16:10.906808
216,Michael Brandt,retail,Regional Retail Lead,active,2019-06-16,207,2026-07-30T00:16:10.906953
217,Anthony Hendricks,retail,Regional Retail Lead,active,2021-11-25,,2026-07-30T00:16:10.907118
218,Michelle Tucker DVM,retail,Regional Retail Lead,active,2023-01-23,144,2026-07-30T00:16:10.907278
219,Carly Johnson,retail,Stock Clerk,active,2023-11-05,132,2026-07-30T00:16:10.907425
220,Frank Riggs,retail,Stock Clerk,active,2018-11-06,78,2026-07-30T00:16:10.907571
221,Michael Woods,retail,Store Manager,terminated,2017-02-10,5,2026-07-30T00:16:10.907717
222,Michael Kim,retail,Stock Clerk,active,2025-12-27,169,2026-07-30T00:16:10.907863
223,Janice Davis,retail,Stock Clerk,active,2025-06-05,210,2026-07-30T00:16:10.908010
224,Michael Meza,retail,Cashier,active,2025-04-13,5,2026-07-30T00:16:10.908166
225,Joanne Hill,retail,Cashier,active,2019-03-17,12,2026-07-30T00:16:10.908314
226,Seth Sanders,retail,Stock Clerk,active,2017-12-16,195,2026-07-30T00:16:10.908459
227,Mrs. Kimberly Kane,retail,Stock Clerk,active,2025-02-26,2,2026-07-30T00:16:10.908616
228,Jennifer Padilla,retail,Cashier,active,2016-03-14,,2026-07-30T00:16:10.908763
229,Antonio Murphy,retail,Store Manager,active,2024-09-24,180,2026-07-30T00:16:10.908908
230,Erica Ramsey,retail,Regional Retail Lead,active,2017-04-02,18,2026-07-30T00:16:10.909056
231,Brian Smith,retail,Stock Clerk,active,2017-03-27,217,2026-07-30T00:16:10.909215
232,Richard Aguilar,retail,Stock Clerk,active,2020-04-15,105,2026-07-30T00:16:10.909359
233,Scott Hall,retail,Cashier,on_leave,2019-12-30,,2026-07-30T00:16:10.909501
234,Susan Travis,retail,Cashier,active,2017-10-19,191,2026-07-30T00:16:10.909666
235,Cody Hanna,retail,Regional Retail Lead,active,2020-03-13,116,2026-07-30T00:16:10.909813
236,Aaron Buck,retail,Stock Clerk,active,2020-03-31,,2026-07-30T00:16:10.909957
237,Craig Rogers,retail,Stock Clerk,active,2025-04-12,158,2026-07-30T00:16:10.910103
238,Carly Anthony,retail,Stock Clerk,on_leave,2025-01-29,174,2026-07-30T00:16:10.910251
239,Robert Hill,retail,Regional Retail Lead,active,2016-04-24,,2026-07-30T00:16:10.910395
240,Darin Jackson,retail,Cashier,active,2021-07-08,,2026-07-30T00:16:10.910538
241,Brittney Dixon,retail,Cashier,active,2022-07-06,200,2026-07-30T00:16:10.910697
242,Karen Sanford,retail,Stock Clerk,active,2023-08-26,194,2026-07-30T00:16:10.910853
243,Matthew Schneider,retail,Stock Clerk,active,2021-05-26,70,2026-07-30T00:16:10.911000
244,April Mitchell,retail,Regional Retail Lead,active,2023-09-07,174,2026-07-30T00:16:10.911148
245,Heather Clark,retail,Stock Clerk,active,2026-04-07,76,2026-07-30T00:16:10.911421
246,Erik Shepherd,retail,Stock Clerk,terminated,2024-03-14,70,2026-07-30T00:16:10.911758
247,Mary Washington,retail,Cashier,active,2024-09-17,86,2026-07-30T00:16:10.911999
248,Joe Allen,retail,Regional Retail Lead,active,2016-12-26,31,2026-07-30T00:16:10.912162
249,Joseph Petersen,retail,Regional Retail Lead,active,2023-12-23,29,2026-07-30T00:16:10.912312
250,Emily Randall,retail,Stock Clerk,terminated,2019-09-29,13,2026-07-30T00:16:10.912480
251,Brian Roman,retail,Stock Clerk,active,2021-03-26,197,2026-07-30T00:16:10.912628
252,Kevin Bryan,retail,Stock Clerk,active,2020-07-04,93,2026-07-30T00:16:10.912777
253,Brandon Herrera,retail,Store Manager,active,2022-12-30,60,2026-07-30T00:16:10.912923
254,Jeanne Griffin MD,retail,Cashier,active,2025-11-20,239,2026-07-30T00:16:10.913083
255,Jacob Thomas,retail,Stock Clerk,active,2019-07-27,9,2026-07-30T00:16:10.913228
256,Karen Garcia,retail,Cashier,active,2021-11-10,171,2026-07-30T00:16:10.913387
257,Briana French,retail,Stock Clerk,terminated,2021-12-13,1,2026-07-30T00:16:10.913536
258,David Turner,retail,Regional Retail Lead,active,2016-11-25,138,2026-07-30T00:16:10.913683
259,Anna Wiggins,retail,Cashier,active,2019-04-10,96,2026-07-30T00:16:10.913833
260,David Perry,retail,Stock Clerk,active,2019-01-09,211,2026-07-30T00:16:10.913980
261,Theresa Black,retail,Cashier,active,2018-01-24,,2026-07-30T00:16:10.914127
262,April Gallegos,retail,Regional Retail Lead,active,2016-11-03,,2026-07-30T00:16:10.914274
263,Jonathan West,retail,Stock Clerk,active,2022-09-22,260,2026-07-30T00:16:10.914435
264,Paula Saunders,retail,Cashier,active,2017-03-19,192,2026-07-30T00:16:10.914584
265,Annette Tucker,retail,Store Manager,active,2020-09-05,164,2026-07-30T00:16:10.914731
266,Shelley Reyes,retail,Store Manager,active,2024-05-18,,2026-07-30T00:16:10.914886
267,Melanie Douglas,retail,Store Manager,active,2019-10-21,63,2026-07-30T00:16:10.915036
268,John Brown,retail,Store Manager,active,2019-08-26,,2026-07-30T00:16:10.915182
269,Jeffrey Lyons,retail,Cashier,active,2020-11-18,9,2026-07-30T00:16:10.915328
270,Jake Lambert,retail,Stock Clerk,active,2018-06-25,225,2026-07-30T00:16:10.915481
271,Jessica Wade,retail,Regional Retail Lead,active,2020-01-15,66,2026-07-30T00:16:10.915632
272,Cynthia Jones,retail,Cashier,active,2026-05-21,86,2026-07-30T00:16:10.915783
273,Mark Smith,retail,Store Manager,active,2017-04-15,272,2026-07-30T00:16:10.915941
274,David Sanchez,retail,Regional Retail Lead,active,2026-01-17,127,2026-07-30T00:16:10.916093
275,Jared Johnson PhD,retail,Cashier,active,2019-04-27,,2026-07-30T00:16:10.916255
276,Jennifer Watts,retail,Store Manager,active,2022-11-05,,2026-07-30T00:16:10.916405
277,Rebecca George MD,retail,Regional Retail Lead,active,2026-05-31,133,2026-07-30T00:16:10.916567
278,Benjamin Richardson,retail,Regional Retail Lead,active,2018-05-14,88,2026-07-30T00:16:10.916716
279,Darlene Williams,retail,Stock Clerk,active,2018-11-03,190,2026-07-30T00:16:10.916880
280,Sara Decker,retail,Cashier,active,2017-07-20,55,2026-07-30T00:16:10.917034
281,Robin Hayes,retail,Store Manager,active,2016-08-09,,2026-07-30T00:16:10.917183
282,Victoria Osborne,retail,Store Manager,on_leave,2016-07-12,248,2026-07-30T00:16:10.917334
283,Stephanie Ho,retail,Cashier,active,2024-03-22,43,2026-07-30T00:16:10.917485
284,Kevin Johnson,retail,Regional Retail Lead,active,2018-03-30,153,2026-07-30T00:16:10.917632
285,Keith Lloyd,retail,Regional Retail Lead,active,2019-10-14,112,2026-07-30T00:16:10.917784
286,Jeffrey Sutton,retail,Store Manager,active,2020-03-25,255,2026-07-30T00:16:10.917943
287,Paula Boone,retail,Stock Clerk,active,2021-06-24,167,2026-07-30T00:16:10.918093
288,Jesse Cunningham II,retail,Stock Clerk,terminated,2024-02-08,79,2026-07-30T00:16:10.918257
289,Cynthia Gonzales,retail,Store Manager,active,2022-05-15,15,2026-07-30T00:16:10.918408
290,William Salazar,retail,Regional Retail Lead,on_leave,2026-05-23,122,2026-07-30T00:16:10.918556
291,Matthew Floyd,retail,Stock Clerk,on_leave,2017-08-20,93,2026-07-30T00:16:10.918705
292,Angela Colon,retail,Cashier,active,2024-03-28,60,2026-07-30T00:16:10.918868
293,Sarah Moore,retail,Cashier,active,2024-06-10,99,2026-07-30T00:16:10.919020
294,Janet Hines,retail,Store Manager,active,2023-10-05,283,2026-07-30T00:16:10.919170
295,Mathew Gillespie,retail,Store Manager,active,2026-04-18,262,2026-07-30T00:16:10.919317
296,Melissa Cherry,retail,Regional Retail Lead,active,2016-11-18,,2026-07-30T00:16:10.919480
297,Joe Gordon,retail,Store Manager,active,2016-11-23,33,2026-07-30T00:16:10.919631
298,Cassandra Miller,retail,Stock Clerk,active,2022-07-14,21,2026-07-30T00:16:10.919781
299,Christopher Lopez,retail,Cashier,active,2018-09-19,49,2026-07-30T00:16:10.919949
300,Heather Hubbard,retail,Regional Retail Lead,terminated,2016-04-15,153,2026-07-30T00:16:10.920101
301,Tiffany Santiago,retail,Cashier,active,2021-02-12,259,2026-07-30T00:16:10.920251
302,Erika Lucas,retail,Stock Clerk,active,2018-05-15,76,2026-07-30T00:16:10.920403
303,Jamie Hampton,retail,Stock Clerk,active,2022-01-11,173,2026-07-30T00:16:10.920555
304,Juan Fletcher,retail,Regional Retail Lead,active,2018-03-16,144,2026-07-30T00:16:10.920706
305,Micheal Williams,retail,Stock Clerk,active,2022-03-01,208,2026-07-30T00:16:10.920864
306,Jennifer Figueroa,retail,Cashier,active,2021-04-21,211,2026-07-30T00:16:10.921018
307,Melissa Stanley,retail,Regional Retail Lead,active,2023-06-15,239,2026-07-30T00:16:10.921169
308,Michael Hughes,retail,Cashier,active,2021-11-20,91,2026-07-30T00:16:10.921318
309,Kelly Mcgee,retail,Regional Retail Lead,active,2023-02-14,14,2026-07-30T00:16:10.921468
310,Justin Russo,retail,Regional Retail Lead,active,2016-04-26,,2026-07-30T00:16:10.921615
311,Kelly Garcia,retail,Store Manager,active,2019-07-12,81,2026-07-30T00:16:10.921764
312,Terry Johnson,retail,Regional Retail Lead,active,2016-04-06,122,2026-07-30T00:16:10.921931
313,Courtney Quinn,retail,Regional Retail Lead,active,2017-09-24,118,2026-07-30T00:16:10.922082
314,Robert Chavez,retail,Store Manager,on_leave,2020-09-03,138,2026-07-30T00:16:10.922229
315,John Goodman,retail,Cashier,active,2023-08-07,110,2026-07-30T00:16:10.922375
316,Matthew Gilmore,retail,Stock Clerk,active,2022-12-12,264,2026-07-30T00:16:10.922520
317,Angela Wilson,retail,Store Manager,active,2018-01-23,146,2026-07-30T00:16:10.922668
318,Tammy Wilson DVM,retail,Cashier,active,2018-11-27,208,2026-07-30T00:16:10.922827
319,Gabriella Gordon,retail,Stock Clerk,active,2018-05-13,102,2026-07-30T00:16:10.922984
320,Savannah Maldonado,retail,Cashier,active,2021-09-09,8,2026-07-30T00:16:10.923133
321,Diana Reed,retail,Cashier,active,2017-03-27,15,2026-07-30T00:16:10.923282
322,Carol Estes,retail,Cashier,active,2016-10-13,183,2026-07-30T00:16:10.923429
323,Tyler Sullivan,retail,Stock Clerk,active,2017-05-11,,2026-07-30T00:16:10.923575
324,Erica Garcia,retail,Stock Clerk,on_leave,2019-04-08,131,2026-07-30T00:16:10.923724
325,Stephanie Faulkner,retail,Store Manager,terminated,2019-01-15,122,2026-07-30T00:16:10.923881
326,Larry Hurst,retail,Stock Clerk,active,2018-09-17,199,2026-07-30T00:16:10.924028
327,Julie Keller,retail,Store Manager,active,2017-02-19,,2026-07-30T00:16:10.924175
328,Keith Gomez,retail,Stock Clerk,active,2016-04-07,65,2026-07-30T00:16:10.924320
329,Katelyn Wright,retail,Store Manager,active,2025-09-19,217,2026-07-30T00:16:10.924468
330,Roger Friedman,retail,Stock Clerk,active,2020-02-22,262,2026-07-30T00:16:10.924613
331,Amanda Guzman,retail,Store Manager,active,2020-03-25,110,2026-07-30T00:16:10.924761
332,Richard Hunter,retail,Regional Retail Lead,active,2024-01-09,175,2026-07-30T00:16:10.924922
333,Michael Sanchez Jr.,retail,Cashier,active,2020-06-13,,2026-07-30T00:16:10.925078
334,Heather Everett,retail,Store Manager,active,2018-07-27,65,2026-07-30T00:16:10.925225
335,Megan Juarez,retail,Stock Clerk,active,2023-06-28,334,2026-07-30T00:16:10.925380
336,Brianna Henderson,retail,Regional Retail Lead,active,2026-05-04,,2026-07-30T00:16:10.925528
337,Patricia Wallace,retail,Regional Retail Lead,on_leave,2023-05-04,,2026-07-30T00:16:10.925675
338,James Petersen,retail,Stock Clerk,active,2021-01-23,23,2026-07-30T00:16:10.925820
339,James Osborne,retail,Stock Clerk,active,2021-03-27,225,2026-07-30T00:16:10.925967
340,Mr. Glenn Ibarra,retail,Cashier,active,2017-09-27,191,2026-07-30T00:16:10.926124
341,Thomas Lin,retail,Stock Clerk,active,2019-02-26,127,2026-07-30T00:16:10.926269
342,Christina Espinoza,retail,Regional Retail Lead,active,2025-11-08,131,2026-07-30T00:16:10.926426
343,Mark Shaw,retail,Store Manager,active,2021-07-23,106,2026-07-30T00:16:10.926573
344,Christopher Fleming,retail,Stock Clerk,on_leave,2021-09-05,54,2026-07-30T00:16:10.926720
345,Victoria Wagner,retail,Store Manager,terminated,2023-05-02,,2026-07-30T00:16:10.926867
346,Peter Nguyen,retail,Stock Clerk,active,2025-08-24,14,2026-07-30T00:16:10.927014
347,Robert Collins,retail,Regional Retail Lead,active,2017-10-27,154,2026-07-30T00:16:10.927159
348,Paige Martin,retail,Cashier,active,2025-07-13,22,2026-07-30T00:16:10.927308
349,Mary Schneider,retail,Store Manager,active,2019-04-07,224,2026-07-30T00:16:10.927660
350,David Boone,retail,Stock Clerk,active,2016-04-05,,2026-07-30T00:16:10.927842
351,Kyle Clarke,retail,Stock Clerk,on_leave,2017-09-24,333,2026-07-30T00:16:10.927992
352,Tammy Kaiser,retail,Regional Retail Lead,active,2023-09-03,198,2026-07-30T00:16:10.928150
353,Ryan Novak,retail,Regional Retail Lead,active,2021-02-19,,2026-07-30T00:16:10.928296
354,Ashley Thomas,retail,Stock Clerk,active,2023-08-09,6,2026-07-30T00:16:10.928448
355,Ashley Singh,retail,Regional Retail Lead,active,2021-02-17,340,2026-07-30T00:16:10.928597
356,Jennifer Davis,retail,Store Manager,active,2023-09-07,336,2026-07-30T00:16:10.928749
357,Benjamin Walker,retail,Stock Clerk,active,2022-08-12,,2026-07-30T00:16:10.928916
358,James Smith,retail,Stock Clerk,active,2022-02-24,2,2026-07-30T00:16:10.929065
359,Joe Perry,retail,Regional Retail Lead,on_leave,2017-10-02,119,2026-07-30T00:16:10.929211
360,Stephen Hamilton,retail,Cashier,active,2021-07-15,352,2026-07-30T00:16:10.929357
361,Jonathan Burke,retail,Regional Retail Lead,active,2022-04-06,117,2026-07-30T00:16:10.929504
362,Lisa Copeland,retail,Stock Clerk,active,2025-06-21,357,2026-07-30T00:16:10.929652
363,Allison Simmons,retail,Stock Clerk,active,2026-04-21,237,2026-07-30T00:16:10.929799
364,Lisa Nash,retail,Stock Clerk,active,2022-01-27,130,2026-07-30T00:16:10.929964
365,Nathan Stevenson,retail,Store Manager,active,2025-04-11,307,2026-07-30T00:16:10.930112
366,David Liu,retail,Cashier,active,2022-08-04,,2026-07-30T00:16:10.930258
367,Rachel Johnson,retail,Store Manager,active,2023-11-12,347,2026-07-30T00:16:10.930413
368,Jonathan Frazier,retail,Cashier,active,2019-03-24,127,2026-07-30T00:16:10.930560
369,Bradley Brady,retail,Store Manager,active,2025-11-20,327,2026-07-30T00:16:10.930707
370,Melissa Burns,retail,Store Manager,active,2022-06-05,335,2026-07-30T00:16:10.930855
371,Amanda Vargas,retail,Store Manager,active,2019-02-13,174,2026-07-30T00:16:10.931020
372,Deanna Fowler,retail,Stock Clerk,active,2018-11-12,337,2026-07-30T00:16:10.931169
373,Jasmine Rubio,retail,Regional Retail Lead,active,2021-04-29,208,2026-07-30T00:16:10.931317
374,Larry Rice,retail,Regional Retail Lead,active,2023-06-15,104,2026-07-30T00:16:10.931464
375,Nicole Ayers,retail,Cashier,active,2025-01-18,71,2026-07-30T00:16:10.931612
376,Jorge George,retail,Stock Clerk,active,2018-03-23,,2026-07-30T00:16:10.931756
377,Cathy Adams,retail,Regional Retail Lead,active,2022-06-21,98,2026-07-30T00:16:10.931912
378,Paul Woodard,retail,Cashier,active,2025-01-19,179,2026-07-30T00:16:10.932059
379,David Watson,retail,Regional Retail Lead,active,2016-12-15,104,2026-07-30T00:16:10.932204
380,Sarah Wise,retail,Store Manager,active,2025-05-19,169,2026-07-30T00:16:10.932352
381,Raven Vasquez,retail,Cashier,active,2019-06-09,330,2026-07-30T00:16:10.932501
382,Kendra Randall,retail,Regional Retail Lead,on_leave,2024-08-24,178,2026-07-30T00:16:10.932649
383,Tammy Campbell,retail,Regional Retail Lead,active,2017-02-22,120,2026-07-30T00:16:10.932803
384,Zachary Graham,retail,Cashier,active,2016-03-03,18,2026-07-30T00:16:10.932959
385,Lauren Johnson,retail,Stock Clerk,active,2016-03-15,116,2026-07-30T00:16:10.933109
386,Deborah Christian,retail,Regional Retail Lead,active,2017-11-04,,2026-07-30T00:16:10.933257
387,Kelly Romero,retail,Cashier,active,2023-12-19,205,2026-07-30T00:16:10.933407
388,Christian Howard,retail,Regional Retail Lead,on_leave,2018-04-19,,2026-07-30T00:16:10.933555
389,Mr. Henry Jones,retail,Regional Retail Lead,active,2019-10-03,328,2026-07-30T00:16:10.933712
390,Ashlee Hall,retail,Regional Retail Lead,on_leave,2022-11-08,313,2026-07-30T00:16:10.933862
391,Logan Rodriguez,retail,Stock Clerk,active,2020-06-13,252,2026-07-30T00:16:10.934025
392,Jill Holder,retail,Cashier,active,2019-08-17,,2026-07-30T00:16:10.934176
393,Tammy Baker,retail,Stock Clerk,active,2024-01-10,51,2026-07-30T00:16:10.934327
394,Mrs. Sheila Gutierrez,retail,Stock Clerk,active,2023-11-04,,2026-07-30T00:16:10.934485
395,Caroline Robles,retail,Cashier,active,2016-12-23,44,2026-07-30T00:16:10.934635
396,Paul Davidson,retail,Cashier,active,2019-08-11,53,2026-07-30T00:16:10.934782
397,Ryan Garcia,retail,Stock Clerk,active,2019-02-08,325,2026-07-30T00:16:10.934928
398,Jeff Leonard,retail,Cashier,active,2020-04-10,349,2026-07-30T00:16:10.935075
399,Jeffrey Flowers,retail,Stock Clerk,terminated,2021-01-21,,2026-07-30T00:16:10.935221
400,Martin Mitchell,retail,Store Manager,active,2022-09-08,,2026-07-30T00:16:10.935366
401,Samantha Bailey,retail,Cashier,active,2024-04-27,,2026-07-30T00:16:10.935533
402,Jessica Williams,retail,Store Manager,active,2020-03-22,,2026-07-30T00:16:10.935681
403,Katherine Ryan,retail,Regional Retail Lead,active,2025-06-17,,2026-07-30T00:16:10.935830
404,Jennifer Casey,retail,Store Manager,active,2026-01-26,267,2026-07-30T00:16:10.935979
405,Jason Oliver,retail,Cashier,active,2026-04-03,8,2026-07-30T00:16:10.936125
406,Travis Crawford,retail,Store Manager,active,2018-06-14,194,2026-07-30T00:16:10.936272
407,Cynthia Morales,retail,Regional Retail Lead,active,2023-09-20,71,2026-07-30T00:16:10.936430
408,Martha Jones,retail,Regional Retail Lead,active,2020-04-11,329,2026-07-30T00:16:10.936580
409,Steven Williams,retail,Store Manager,active,2024-11-19,197,2026-07-30T00:16:10.936726
410,Brenda Jackson,retail,Store Manager,active,2026-03-10,232,2026-07-30T00:16:10.936875
411,Jacob Tate,retail,Regional Retail Lead,terminated,2022-07-25,82,2026-07-30T00:16:10.937020
412,Nicholas Ross,retail,Store Manager,active,2022-02-08,277,2026-07-30T00:16:10.937167
413,Kristen Montgomery,retail,Store Manager,active,2021-11-28,220,2026-07-30T00:16:10.937317
414,Isaac Atkinson,retail,Store Manager,active,2024-01-22,266,2026-07-30T00:16:10.937488
415,John Bell,retail,Regional Retail Lead,active,2025-08-08,,2026-07-30T00:16:10.937634
416,Brittany Webb DDS,retail,Stock Clerk,active,2023-11-20,143,2026-07-30T00:16:10.937793
417,Cassandra Chavez,retail,Regional Retail Lead,terminated,2022-01-27,329,2026-07-30T00:16:10.937942
418,Abigail Guzman,retail,Regional Retail Lead,active,2025-02-11,153,2026-07-30T00:16:10.938091
419,Kevin Robinson,retail,Cashier,active,2016-06-15,65,2026-07-30T00:16:10.938239
420,Robert Smith,retail,Cashier,on_leave,2024-05-12,400,2026-07-30T00:16:10.938387
421,Michelle Allen,retail,Regional Retail Lead,active,2021-09-13,291,2026-07-30T00:16:10.938540
422,Christopher Lambert,retail,Store Manager,on_leave,2023-04-10,298,2026-07-30T00:16:10.938687
423,David Allen,retail,Regional Retail Lead,active,2019-06-02,188,2026-07-30T00:16:10.938834
424,Heidi Gallegos,retail,Cashier,active,2020-09-11,248,2026-07-30T00:16:10.939004
425,Christine Wilson,retail,Cashier,active,2021-01-08,,2026-07-30T00:16:10.939154
426,Daniel Glenn,retail,Cashier,active,2020-07-19,397,2026-07-30T00:16:10.939300
427,Tonya Barton,retail,Stock Clerk,active,2024-08-20,105,2026-07-30T00:16:10.939449
428,Robert Mcdaniel,retail,Stock Clerk,active,2023-11-06,318,2026-07-30T00:16:10.939595
429,David Barton,retail,Stock Clerk,active,2017-12-25,123,2026-07-30T00:16:10.939741
430,Amy Lynch,retail,Store Manager,active,2019-04-16,349,2026-07-30T00:16:10.939890
431,Shannon Davis,retail,Regional Retail Lead,active,2018-12-21,197,2026-07-30T00:16:10.940054
432,Richard Gillespie,retail,Regional Retail Lead,active,2017-08-05,293,2026-07-30T00:16:10.940201
433,Julia Douglas,retail,Regional Retail Lead,active,2017-09-07,,2026-07-30T00:16:10.940349
434,Rebecca Rice,retail,Store Manager,active,2017-03-24,386,2026-07-30T00:16:10.940506
435,George Hayes,retail,Regional Retail Lead,active,2018-03-18,,2026-07-30T00:16:10.940653
436,Laura Ramsey,retail,Store Manager,active,2016-04-25,323,2026-07-30T00:16:10.940801
437,Adriana Ruiz,retail,Stock Clerk,active,2022-03-13,30,2026-07-30T00:16:10.940949
438,Justin Thompson,retail,Stock Clerk,active,2023-10-07,,2026-07-30T00:16:10.941106
439,Morgan Palmer,retail,Cashier,active,2019-01-01,,2026-07-30T00:16:10.941256
440,Scott Wells,retail,Store Manager,active,2026-06-13,49,2026-07-30T00:16:10.941402
441,Justin Singh,retail,Regional Retail Lead,active,2017-11-10,87,2026-07-30T00:16:10.941553
442,Angelica Rodriguez,retail,Cashier,active,2020-11-05,15,2026-07-30T00:16:10.941702
443,Carlos Blair,retail,Stock Clerk,active,2026-04-28,438,2026-07-30T00:16:10.941848
444,Kenneth Hopkins,retail,Stock Clerk,active,2023-08-15,193,2026-07-30T00:16:10.941994
445,Natalie Reed,retail,Cashier,active,2021-03-08,,2026-07-30T00:16:10.942141
446,Jeffrey Boyd,retail,Stock Clerk,active,2025-08-18,,2026-07-30T00:16:10.942285
447,Rhonda Brown,retail,Stock Clerk,active,2017-02-20,418,2026-07-30T00:16:10.942442
448,Zachary Kim,retail,Store Manager,active,2021-07-21,359,2026-07-30T00:16:10.942589
449,Kim Guzman,retail,Store Manager,active,2017-02-18,284,2026-07-30T00:16:10.942738
450,Victoria Jackson,retail,Stock Clerk,active,2022-05-12,,2026-07-30T00:16:10.942886
451,Joel Rogers,retail,Store Manager,terminated,2022-12-02,87,2026-07-30T00:16:10.943031
452,Louis Estes,retail,Cashier,active,2019-04-24,187,2026-07-30T00:16:10.943178
453,Megan Morrow,retail,Stock Clerk,active,2021-03-30,6,2026-07-30T00:16:10.943326
454,Tamara Berry,retail,Store Manager,active,2020-10-24,278,2026-07-30T00:16:10.943982
455,Michelle Reynolds,retail,Store Manager,active,2022-02-25,27,2026-07-30T00:16:10.944405
456,Michelle Mcdonald,retail,Regional Retail Lead,active,2024-03-26,304,2026-07-30T00:16:10.944776
457,Matthew Edwards,retail,Cashier,on_leave,2025-06-02,257,2026-07-30T00:16:10.945144
458,Evan Jordan,retail,Cashier,active,2023-01-27,289,2026-07-30T00:16:10.945406
459,Dylan Greene,retail,Store Manager,active,2024-09-13,373,2026-07-30T00:16:10.945627
460,Robert Elliott,retail,Stock Clerk,active,2022-02-07,350,2026-07-30T00:16:10.945846
461,Adam Morris,retail,Cashier,terminated,2023-09-01,154,2026-07-30T00:16:10.946065
462,Brandon Rivera,retail,Regional Retail Lead,active,2018-03-30,,2026-07-30T00:16:10.946282
463,Jack Hammond DVM,retail,Store Manager,active,2022-03-23,397,2026-07-30T00:16:10.946515
464,Ryan Marshall,retail,Stock Clerk,active,2021-02-20,268,2026-07-30T00:16:10.946774
465,Douglas Richardson,retail,Cashier,active,2025-08-21,282,2026-07-30T00:16:10.947059
466,William Perez,retail,Regional Retail Lead,active,2023-07-21,,2026-07-30T00:16:10.947325
467,Charles Williamson,retail,Regional Retail Lead,active,2018-08-23,313,2026-07-30T00:16:10.947563
468,Vickie Nelson,retail,Stock Clerk,on_leave,2025-05-24,294,2026-07-30T00:16:10.947806
469,Tracy Sanchez,retail,Stock Clerk,active,2020-03-12,171,2026-07-30T00:16:10.948042
470,Jacob Clay,retail,Stock Clerk,active,2024-12-28,,2026-07-30T00:16:10.948277
471,Garrett Wright,retail,Regional Retail Lead,active,2018-09-15,,2026-07-30T00:16:10.948505
472,Sydney Rice,retail,Stock Clerk,active,2025-05-26,400,2026-07-30T00:16:10.948739
473,Sydney Meyer,retail,Store Manager,active,2018-07-20,174,2026-07-30T00:16:10.948972
474,Francisco Stewart,retail,Stock Clerk,active,2022-09-23,,2026-07-30T00:16:10.949205
475,Krystal Dunlap,retail,Cashier,active,2017-07-29,99,2026-07-30T00:16:10.949441
476,Kimberly Juarez,retail,Store Manager,active,2025-02-09,,2026-07-30T00:16:10.949671
477,Roy Li,retail,Regional Retail Lead,active,2019-07-24,352,2026-07-30T00:16:10.949889
478,Raymond Scott,retail,Cashier,active,2026-01-30,120,2026-07-30T00:16:10.950101
479,Zachary Jenkins,retail,Cashier,active,2016-11-08,123,2026-07-30T00:16:10.950290
480,Charles Francis,retail,Cashier,active,2024-05-13,297,2026-07-30T00:16:10.950474
481,Sandra Cook,retail,Cashier,active,2021-01-09,446,2026-07-30T00:16:10.950668
482,Louis Middleton,retail,Store Manager,active,2024-11-10,,2026-07-30T00:16:10.950852
483,Brenda Weaver,retail,Stock Clerk,active,2024-02-04,390,2026-07-30T00:16:10.951039
484,Patrick Arroyo,retail,Cashier,active,2025-03-07,386,2026-07-30T00:16:10.951238
485,Daniel Walsh,retail,Cashier,active,2025-01-01,418,2026-07-30T00:16:10.951435
486,Jacob Jones,retail,Cashier,active,2018-06-05,6,2026-07-30T00:16:10.951638
487,Holly Green,retail,Cashier,active,2020-08-10,247,2026-07-30T00:16:10.951836
488,Jack Snyder,retail,Stock Clerk,active,2020-08-25,375,2026-07-30T00:16:10.952029
489,Eric Hernandez,retail,Regional Retail Lead,active,2021-07-13,336,2026-07-30T00:16:10.952221
490,Jacob Gallagher,retail,Stock Clerk,active,2026-02-18,,2026-07-30T00:16:10.952458
491,Shannon Carrillo,retail,Cashier,active,2016-04-19,46,2026-07-30T00:16:10.952669
492,Charles Rodriguez,retail,Store Manager,active,2024-09-03,17,2026-07-30T00:16:10.952886
493,Frank Rivera,retail,Stock Clerk,on_leave,2022-10-13,339,2026-07-30T00:16:10.953096
494,Brittany Williams,retail,Stock Clerk,active,2025-01-29,241,2026-07-30T00:16:10.953315
495,Daniel Gentry,retail,Regional Retail Lead,active,2023-11-14,303,2026-07-30T00:16:10.953524
496,Brianna Ayala,retail,Stock Clerk,active,2021-06-17,183,2026-07-30T00:16:10.953736
497,Jason Chase,retail,Stock Clerk,active,2017-06-09,231,2026-07-30T00:16:10.953943
498,Shannon Harris,retail,Stock Clerk,active,2018-06-10,,2026-07-30T00:16:10.954147
499,Corey Bartlett,retail,Regional Retail Lead,active,2018-04-23,103,2026-07-30T00:16:10.954336
500,Michael Smith,retail,Regional Retail Lead,active,2018-11-20,166,2026-07-30T00:16:10.954490
501,Chloe Gordon,retail,Store Manager,active,2025-11-30,27,2026-07-30T00:16:10.954646
502,Nicole Rodriguez,retail,Store Manager,active,2025-08-02,79,2026-07-30T00:16:10.954802
503,Michael Reynolds,retail,Regional Retail Lead,active,2021-03-26,337,2026-07-30T00:16:10.954955
504,Lori Wilson,retail,Regional Retail Lead,active,2019-03-03,396,2026-07-30T00:16:10.955110
505,Shelby Johnson,retail,Cashier,active,2025-03-20,276,2026-07-30T00:16:10.955269
506,Caroline Cardenas,retail,Cashier,on_leave,2024-05-31,18,2026-07-30T00:16:10.955426
507,Christina Jackson,retail,Store Manager,active,2019-01-28,258,2026-07-30T00:16:10.955581
508,Ashley Wilson,retail,Regional Retail Lead,active,2024-02-29,366,2026-07-30T00:16:10.955742
509,Tim Reed,retail,Cashier,active,2021-02-27,,2026-07-30T00:16:10.955887
510,David Dyer,retail,Cashier,active,2019-03-24,297,2026-07-30T00:16:10.956033
511,Raymond Weaver,retail,Stock Clerk,active,2023-10-18,197,2026-07-30T00:16:10.956180
512,Mary Miller,retail,Stock Clerk,active,2017-07-11,78,2026-07-30T00:16:10.956329
513,Jeffrey Hancock,retail,Regional Retail Lead,active,2021-03-15,208,2026-07-30T00:16:10.956476
514,Chelsea Evans,retail,Cashier,active,2024-09-09,,2026-07-30T00:16:10.956623
515,Travis Torres,retail,Regional Retail Lead,active,2020-01-02,382,2026-07-30T00:16:10.956771
516,John Robertson,retail,Regional Retail Lead,active,2017-02-17,,2026-07-30T00:16:10.956918
517,Richard Meyers,retail,Cashier,active,2023-06-10,,2026-07-30T00:16:10.957063
518,Michael Ramos,retail,Stock Clerk,active,2023-08-07,,2026-07-30T00:16:10.957212
519,Barbara Fowler,retail,Cashier,active,2025-03-18,,2026-07-30T00:16:10.957361
520,John Gray,retail,Cashier,active,2019-05-26,337,2026-07-30T00:16:10.957507
521,Scott Rowe,retail,Store Manager,active,2020-03-27,46,2026-07-30T00:16:10.957654
522,Christina Perez,retail,Store Manager,active,2026-02-21,85,2026-07-30T00:16:10.957806
523,Jessica Blevins,retail,Regional Retail Lead,active,2019-12-07,99,2026-07-30T00:16:10.957956
524,Patrick Waller,retail,Stock Clerk,active,2024-11-16,302,2026-07-30T00:16:10.958104
525,Susan Johnson,retail,Stock Clerk,active,2020-04-17,217,2026-07-30T00:16:10.958253
526,David Smith,retail,Regional Retail Lead,active,2016-09-13,148,2026-07-30T00:16:10.958400
527,Traci Manning,retail,Regional Retail Lead,active,2016-03-11,188,2026-07-30T00:16:10.958549
528,Nina Jones,retail,Cashier,active,2016-07-28,307,2026-07-30T00:16:10.958704
529,Mark Bennett,retail,Store Manager,active,2017-11-26,481,2026-07-30T00:16:10.958847
530,Cory Wilson,retail,Stock Clerk,active,2016-11-26,,2026-07-30T00:16:10.958989
531,Taylor Chapman,retail,Cashier,active,2025-03-24,199,2026-07-30T00:16:10.959305
532,Michael Johnson,retail,Regional Retail Lead,active,2020-01-31,176,2026-07-30T00:16:10.959565
533,Jake Cox II,retail,Regional Retail Lead,active,2021-11-02,,2026-07-30T00:16:10.959835
534,Crystal Stephens,retail,Stock Clerk,active,2026-01-10,265,2026-07-30T00:16:10.960094
535,Eric Delgado,retail,Regional Retail Lead,on_leave,2018-05-28,355,2026-07-30T00:16:10.960257
536,Craig Parker,retail,Store Manager,active,2021-12-19,424,2026-07-30T00:16:10.960408
537,Morgan Miller,retail,Regional Retail Lead,active,2017-05-21,47,2026-07-30T00:16:10.960565
538,David Cooper,retail,Regional Retail Lead,active,2020-01-09,537,2026-07-30T00:16:10.960715
539,Renee Burke,retail,Regional Retail Lead,active,2024-07-23,355,2026-07-30T00:16:10.960880
540,Robert Whitehead,retail,Regional Retail Lead,active,2019-06-03,,2026-07-30T00:16:10.961029
541,Christopher Johnson,retail,Cashier,terminated,2023-02-22,463,2026-07-30T00:16:10.961178
542,Tina Hamilton,retail,Cashier,active,2020-03-09,,2026-07-30T00:16:10.961330
543,Maria Rodriguez,retail,Regional Retail Lead,active,2021-05-14,,2026-07-30T00:16:10.961480
544,Lisa Murphy,retail,Cashier,active,2020-08-31,,2026-07-30T00:16:10.961631
545,Kevin Carlson,retail,Cashier,active,2024-08-30,80,2026-07-30T00:16:10.961781
546,Dr. Michael Koch,retail,Store Manager,active,2023-09-25,111,2026-07-30T00:16:10.961941
547,Dominique Holland,retail,Regional Retail Lead,active,2026-01-30,,2026-07-30T00:16:10.962092
548,Charles Garner,retail,Store Manager,active,2022-03-24,382,2026-07-30T00:16:10.962241
549,Monica Andrews,retail,Cashier,active,2023-11-19,129,2026-07-30T00:16:10.962393
550,Chloe Bell,retail,Store Manager,active,2019-12-03,70,2026-07-30T00:16:10.962544
551,Cameron White,retail,Regional Retail Lead,active,2017-06-15,146,2026-07-30T00:16:10.962693
552,Andrew Brown,retail,Store Manager,active,2020-02-24,55,2026-07-30T00:16:10.962846
553,Sue Flores PhD,retail,Stock Clerk,active,2019-02-06,504,2026-07-30T00:16:10.963010
554,Ryan Singh MD,retail,Stock Clerk,active,2019-06-22,219,2026-07-30T00:16:10.963170
555,Jose Gomez,retail,Store Manager,active,2018-03-24,,2026-07-30T00:16:10.963317
556,Lance Henson,retail,Regional Retail Lead,active,2021-11-17,116,2026-07-30T00:16:10.963466
557,Kevin Miller,retail,Cashier,active,2020-02-16,514,2026-07-30T00:16:10.963613
558,Megan Hill,retail,Cashier,active,2017-01-26,38,2026-07-30T00:16:10.963765
559,Joshua Casey,retail,Stock Clerk,active,2023-01-25,,2026-07-30T00:16:10.963912
560,Amy Ortiz,retail,Stock Clerk,active,2017-07-19,74,2026-07-30T00:16:10.964063
561,Monica Norman,retail,Regional Retail Lead,active,2018-07-03,138,2026-07-30T00:16:10.964214
562,Catherine Reynolds,retail,Cashier,active,2016-06-01,,2026-07-30T00:16:10.964364
563,Justin Hill,retail,Regional Retail Lead,active,2019-02-25,309,2026-07-30T00:16:10.964513
564,Stephen Nelson,retail,Cashier,active,2021-07-20,154,2026-07-30T00:16:10.964661
565,Melissa Hess,retail,Cashier,active,2018-12-28,6,2026-07-30T00:16:10.964817
566,Norma Manning,retail,Cashier,active,2016-11-24,127,2026-07-30T00:16:10.964967
567,Nicole Williams,retail,Store Manager,on_leave,2023-03-13,,2026-07-30T00:16:10.965117
568,Jasmine Graham,retail,Stock Clerk,active,2024-12-26,247,2026-07-30T00:16:10.965269
569,Sarah Williams,retail,Cashier,active,2019-12-04,362,2026-07-30T00:16:10.965420
570,Kelly Peterson,retail,Cashier,active,2024-11-21,89,2026-07-30T00:16:10.965572
571,Robert Williams,retail,Stock Clerk,active,2025-10-06,167,2026-07-30T00:16:10.965721
572,Earl Taylor,retail,Regional Retail Lead,active,2020-09-14,346,2026-07-30T00:16:10.965869
573,Edward Delgado,retail,Store Manager,active,2022-08-16,133,2026-07-30T00:16:10.966017
574,Mariah Rodriguez DDS,retail,Cashier,active,2017-12-23,557,2026-07-30T00:16:10.966184
575,Chad Moreno,retail,Regional Retail Lead,active,2022-12-05,403,2026-07-30T00:16:10.966337
576,Guy Silva,retail,Stock Clerk,active,2020-08-03,,2026-07-30T00:16:10.966481
577,Tiffany David,retail,Cashier,active,2016-08-29,248,2026-07-30T00:16:10.966630
578,Nicholas Williams,retail,Cashier,active,2017-07-11,501,2026-07-30T00:16:10.966779
579,John Robinson,retail,Store Manager,active,2023-01-04,,2026-07-30T00:16:10.966923
580,Sara Lambert,retail,Store Manager,active,2024-05-10,123,2026-07-30T00:16:10.967070
581,Bonnie Rivera,retail,Stock Clerk,active,2018-12-28,184,2026-07-30T00:16:10.967256
582,Troy Johnson,retail,Cashier,active,2025-11-07,505,2026-07-30T00:16:10.967402
583,Wendy Gonzalez,retail,Cashier,active,2023-07-11,410,2026-07-30T00:16:10.967548
584,Thomas Cortez,retail,Regional Retail Lead,active,2022-03-20,362,2026-07-30T00:16:10.967696
585,Elizabeth Norton,retail,Cashier,active,2019-11-08,161,2026-07-30T00:16:10.967848
586,Nathan Torres,retail,Stock Clerk,active,2025-12-17,98,2026-07-30T00:16:10.967995
587,Debra Brown,retail,Store Manager,active,2021-08-28,504,2026-07-30T00:16:10.968147
588,Mackenzie Stokes,retail,Store Manager,active,2018-07-11,14,2026-07-30T00:16:10.968297
589,Alec Preston,retail,Regional Retail Lead,active,2021-04-30,420,2026-07-30T00:16:10.968446
590,Hannah Mitchell,retail,Stock Clerk,active,2025-06-14,,2026-07-30T00:16:10.968595
591,Amber Ramirez,retail,Regional Retail Lead,active,2017-12-24,101,2026-07-30T00:16:10.968745
592,Gary Jimenez,retail,Stock Clerk,active,2026-04-20,294,2026-07-30T00:16:10.968898
593,Karen Lutz,retail,Regional Retail Lead,on_leave,2024-10-25,296,2026-07-30T00:16:10.969049
594,Elizabeth Edwards,retail,Stock Clerk,active,2018-03-03,467,2026-07-30T00:16:10.969202
595,Nichole Mayo,retail,Store Manager,active,2020-05-26,400,2026-07-30T00:16:10.969354
596,James Blevins,retail,Store Manager,active,2017-04-16,258,2026-07-30T00:16:10.969502
597,Michael Larson,retail,Cashier,active,2021-04-01,,2026-07-30T00:16:10.969648
598,Tammy Ford,retail,Regional Retail Lead,active,2022-11-23,463,2026-07-30T00:16:10.969799
599,Lisa Roman,retail,Regional Retail Lead,active,2024-02-14,220,2026-07-30T00:16:10.969950
600,Nicolas Munoz,retail,Regional Retail Lead,active,2018-04-14,490,2026-07-30T00:16:10.970098
601,Ashley Walsh,logistics,Warehouse Supervisor,active,2024-07-07,,2026-07-30T00:16:10.970252
602,Cindy Diaz,logistics,Dispatcher,active,2024-01-14,,2026-07-30T00:16:10.970402
603,Jennifer White,logistics,Logistics Analyst,active,2025-06-21,,2026-07-30T00:16:10.970551
604,David Coleman,logistics,Warehouse Supervisor,active,2016-04-11,,2026-07-30T00:16:10.970698
605,Megan Perez,logistics,Logistics Analyst,active,2025-04-06,603,2026-07-30T00:16:10.970854
606,Robert Ayala,logistics,Logistics Analyst,terminated,2017-12-13,603,2026-07-30T00:16:10.971004
607,Erica Green,logistics,Warehouse Supervisor,active,2022-03-21,,2026-07-30T00:16:10.971155
608,Jeanette Dillon,logistics,Logistics Analyst,active,2016-11-08,602,2026-07-30T00:16:10.971307
609,Blake Carroll,logistics,Fleet Coordinator,active,2025-06-27,607,2026-07-30T00:16:10.971457
610,Dalton Kennedy,logistics,Logistics Analyst,active,2017-05-26,602,2026-07-30T00:16:10.971607
611,Rebecca Alexander,logistics,Warehouse Supervisor,active,2018-11-29,605,2026-07-30T00:16:10.971758
612,Adam Rodriguez,logistics,Fleet Coordinator,active,2025-04-15,601,2026-07-30T00:16:10.971906
613,Edward Conway,logistics,Warehouse Supervisor,active,2023-02-24,606,2026-07-30T00:16:10.972055
614,Rhonda Perry,logistics,Logistics Analyst,active,2024-09-20,613,2026-07-30T00:16:10.972207
615,Christopher Watkins,logistics,Fleet Coordinator,active,2017-07-05,604,2026-07-30T00:16:10.972356
616,Christopher Parker,logistics,Fleet Coordinator,active,2018-06-25,602,2026-07-30T00:16:10.972507
617,Nicole Williams,logistics,Warehouse Supervisor,active,2018-10-22,607,2026-07-30T00:16:10.972659
618,Michelle Bailey,logistics,Fleet Coordinator,active,2016-12-10,607,2026-07-30T00:16:10.972813
619,Cheryl Chen,logistics,Logistics Analyst,active,2020-09-09,,2026-07-30T00:16:10.972962
620,Latasha Horn,logistics,Warehouse Supervisor,active,2018-03-23,607,2026-07-30T00:16:10.973112
621,Matthew Robinson,logistics,Dispatcher,active,2022-08-19,609,2026-07-30T00:16:10.973260
622,Wayne Castro,logistics,Warehouse Supervisor,active,2021-02-12,605,2026-07-30T00:16:10.973408
623,Stephen Sanders,logistics,Fleet Coordinator,active,2025-06-05,603,2026-07-30T00:16:10.973556
624,Pam Clark,logistics,Dispatcher,active,2024-03-01,604,2026-07-30T00:16:10.973706
625,Jason Fox,logistics,Fleet Coordinator,terminated,2023-01-13,619,2026-07-30T00:16:10.973855
626,Eric Moore,logistics,Warehouse Supervisor,active,2020-05-04,623,2026-07-30T00:16:10.973999
627,David Garcia,logistics,Logistics Analyst,active,2016-08-28,,2026-07-30T00:16:10.974143
628,Melissa Salazar,logistics,Logistics Analyst,active,2024-07-10,604,2026-07-30T00:16:10.974371
629,Rebecca Rojas,logistics,Fleet Coordinator,active,2019-12-30,609,2026-07-30T00:16:10.974642
630,Alejandra Clark,logistics,Logistics Analyst,active,2017-01-06,628,2026-07-30T00:16:10.974804
631,Joel Thomas,logistics,Warehouse Supervisor,active,2020-11-28,628,2026-07-30T00:16:10.974955
632,Cody Hunt,logistics,Fleet Coordinator,active,2019-08-08,610,2026-07-30T00:16:10.975101
633,Juan Reese,logistics,Fleet Coordinator,active,2019-03-09,631,2026-07-30T00:16:10.975251
634,Crystal Pennington,logistics,Fleet Coordinator,active,2016-03-22,617,2026-07-30T00:16:10.975402
635,Lisa Bishop MD,logistics,Warehouse Supervisor,active,2020-11-08,603,2026-07-30T00:16:10.975565
636,Nancy Steele,logistics,Warehouse Supervisor,active,2018-05-26,617,2026-07-30T00:16:10.975716
637,Diane Aguirre,logistics,Warehouse Supervisor,active,2024-02-18,611,2026-07-30T00:16:10.975867
638,Linda Davis,logistics,Warehouse Supervisor,active,2019-03-11,621,2026-07-30T00:16:10.976023
639,Tammy Martin,logistics,Warehouse Supervisor,active,2016-06-05,,2026-07-30T00:16:10.976174
640,Christina Hernandez,logistics,Dispatcher,active,2017-04-05,,2026-07-30T00:16:10.976322
641,Rebekah Brown,logistics,Fleet Coordinator,active,2019-12-16,636,2026-07-30T00:16:10.976472
642,Sherri Ford,logistics,Warehouse Supervisor,active,2026-05-01,628,2026-07-30T00:16:10.976623
643,Jennifer Brown,logistics,Fleet Coordinator,active,2016-03-25,603,2026-07-30T00:16:10.976772
644,Cindy Kelly,logistics,Dispatcher,active,2017-01-16,630,2026-07-30T00:16:10.976922
645,Bradley Petersen,logistics,Warehouse Supervisor,active,2023-12-14,627,2026-07-30T00:16:10.977071
646,Sheila Bell,logistics,Dispatcher,active,2019-06-13,635,2026-07-30T00:16:10.977222
647,Patrick Jones,logistics,Logistics Analyst,active,2023-11-12,641,2026-07-30T00:16:10.977369
648,Jessica Weiss,logistics,Fleet Coordinator,active,2016-10-22,608,2026-07-30T00:16:10.977518
649,Timothy Parker,logistics,Warehouse Supervisor,active,2017-09-01,626,2026-07-30T00:16:10.977666
650,Amanda Knight,logistics,Fleet Coordinator,active,2021-02-12,,2026-07-30T00:16:10.977815
651,Meghan Williams,logistics,Logistics Analyst,terminated,2020-04-04,,2026-07-30T00:16:10.977964
652,Amanda Cunningham,logistics,Dispatcher,active,2023-03-31,,2026-07-30T00:16:10.978117
653,Jessica Cobb,logistics,Logistics Analyst,on_leave,2019-11-16,615,2026-07-30T00:16:10.978268
654,Christopher Ortiz,logistics,Logistics Analyst,active,2017-05-12,640,2026-07-30T00:16:10.978417
655,Samuel Charles,logistics,Warehouse Supervisor,active,2024-07-12,618,2026-07-30T00:16:10.978565
656,Darryl Wade III,logistics,Warehouse Supervisor,active,2019-12-06,616,2026-07-30T00:16:10.978725
657,Andrew Clark,logistics,Logistics Analyst,active,2022-05-11,616,2026-07-30T00:16:10.978873
658,Paul Davis,logistics,Dispatcher,active,2019-03-24,629,2026-07-30T00:16:10.979020
659,Melissa Peck,logistics,Fleet Coordinator,active,2020-02-10,619,2026-07-30T00:16:10.979170
660,Corey Santos,logistics,Dispatcher,active,2022-08-31,631,2026-07-30T00:16:10.979318
661,Timothy Henderson,logistics,Logistics Analyst,active,2017-03-27,623,2026-07-30T00:16:10.979465
662,Christopher Harper,logistics,Logistics Analyst,active,2020-07-10,643,2026-07-30T00:16:10.979612
663,Kiara Freeman,logistics,Warehouse Supervisor,active,2017-09-10,,2026-07-30T00:16:10.979760
664,Allen Hicks,logistics,Dispatcher,active,2017-03-27,617,2026-07-30T00:16:10.979907
665,Matthew Marshall,logistics,Fleet Coordinator,active,2019-02-25,627,2026-07-30T00:16:10.980059
666,Amanda Kelley,logistics,Fleet Coordinator,active,2025-07-16,619,2026-07-30T00:16:10.980211
667,Robert Hamilton,logistics,Warehouse Supervisor,active,2024-06-21,621,2026-07-30T00:16:10.980359
668,Michelle Nelson,logistics,Dispatcher,active,2017-11-04,,2026-07-30T00:16:10.980511
669,David Caldwell,logistics,Warehouse Supervisor,active,2017-01-21,601,2026-07-30T00:16:10.980659
670,James Mcdaniel,logistics,Dispatcher,on_leave,2017-12-21,650,2026-07-30T00:16:10.980808
671,Travis Campbell,logistics,Warehouse Supervisor,active,2022-12-23,662,2026-07-30T00:16:10.980956
672,Lisa Roman,logistics,Warehouse Supervisor,active,2021-09-10,645,2026-07-30T00:16:10.981107
673,Michael Olsen,logistics,Dispatcher,active,2016-07-09,630,2026-07-30T00:16:10.981255
674,Daniel Spencer,logistics,Warehouse Supervisor,active,2024-05-30,669,2026-07-30T00:16:10.981406
675,Rebecca Barry,logistics,Warehouse Supervisor,active,2024-08-01,612,2026-07-30T00:16:10.981558
676,Craig Flynn,logistics,Warehouse Supervisor,active,2020-07-15,635,2026-07-30T00:16:10.981707
677,Micheal Bailey,logistics,Logistics Analyst,on_leave,2016-03-28,643,2026-07-30T00:16:10.981855
678,Cynthia Sandoval,logistics,Warehouse Supervisor,active,2022-10-11,637,2026-07-30T00:16:10.982005
679,Julie Johnson,logistics,Fleet Coordinator,terminated,2017-06-29,641,2026-07-30T00:16:10.982163
680,Ashley Stephens,logistics,Warehouse Supervisor,active,2020-07-07,626,2026-07-30T00:16:10.982314
681,Terry Miller,logistics,Dispatcher,terminated,2017-12-02,606,2026-07-30T00:16:10.982464
682,Maria Harper,logistics,Warehouse Supervisor,active,2025-07-22,,2026-07-30T00:16:10.982613
683,Cynthia Lloyd,logistics,Dispatcher,terminated,2016-04-23,670,2026-07-30T00:16:10.982828
684,Brenda Palmer,logistics,Logistics Analyst,active,2016-01-06,606,2026-07-30T00:16:10.982981
685,Diana Wilson,logistics,Dispatcher,active,2025-12-11,661,2026-07-30T00:16:10.983133
686,Susan Bush,logistics,Warehouse Supervisor,terminated,2026-06-20,651,2026-07-30T00:16:10.983285
687,Natalie Bailey,logistics,Logistics Analyst,active,2025-08-27,,2026-07-30T00:16:10.983436
688,Michael Booker,logistics,Warehouse Supervisor,active,2024-07-10,605,2026-07-30T00:16:10.983584
689,Mrs. Stacy Wells,logistics,Fleet Coordinator,active,2019-02-27,660,2026-07-30T00:16:10.983746
690,Rachel Chandler,logistics,Dispatcher,active,2017-08-07,630,2026-07-30T00:16:10.983897
691,Stephanie Allen,logistics,Logistics Analyst,active,2018-02-15,610,2026-07-30T00:16:10.984053
692,Jessica Barber,logistics,Warehouse Supervisor,active,2019-08-13,636,2026-07-30T00:16:10.984205
693,James Hampton,logistics,Dispatcher,active,2023-01-20,616,2026-07-30T00:16:10.984354
694,John Bates,logistics,Dispatcher,active,2025-03-31,617,2026-07-30T00:16:10.984502
695,Michael Walker,logistics,Fleet Coordinator,active,2022-06-28,613,2026-07-30T00:16:10.984650
696,Alyssa Mullen,logistics,Dispatcher,active,2023-11-28,660,2026-07-30T00:16:10.984800
697,Caleb Park,logistics,Dispatcher,on_leave,2026-02-28,689,2026-07-30T00:16:10.984949
698,Robert Allen,logistics,Logistics Analyst,on_leave,2024-04-08,617,2026-07-30T00:16:10.985097
699,Timothy Delgado,logistics,Fleet Coordinator,on_leave,2026-04-20,,2026-07-30T00:16:10.985243
700,Mary Allen,logistics,Dispatcher,active,2021-12-06,646,2026-07-30T00:16:10.985393
701,Douglas Bryant,logistics,Dispatcher,active,2021-01-31,688,2026-07-30T00:16:10.985541
702,Amanda Simpson,logistics,Logistics Analyst,active,2019-02-17,619,2026-07-30T00:16:10.985691
703,Deanna Newman,logistics,Fleet Coordinator,active,2026-06-30,669,2026-07-30T00:16:10.985842
704,Mary Cruz,logistics,Dispatcher,active,2019-05-01,611,2026-07-30T00:16:10.985992
705,Jennifer Campbell,logistics,Warehouse Supervisor,active,2018-04-30,,2026-07-30T00:16:10.986145
706,Kenneth Smith,logistics,Warehouse Supervisor,active,2024-01-15,679,2026-07-30T00:16:10.986294
707,Seth Ramsey,logistics,Logistics Analyst,active,2021-06-05,694,2026-07-30T00:16:10.986442
708,Matthew Chang,logistics,Dispatcher,active,2016-08-29,614,2026-07-30T00:16:10.986590
709,Tammy Espinoza,logistics,Dispatcher,active,2020-11-19,659,2026-07-30T00:16:10.986739
710,Andrew Cabrera,logistics,Warehouse Supervisor,active,2025-06-27,699,2026-07-30T00:16:10.986887
711,Mark Nixon,logistics,Fleet Coordinator,active,2025-08-05,647,2026-07-30T00:16:10.987036
712,Roger Medina,logistics,Dispatcher,active,2018-01-19,602,2026-07-30T00:16:10.987183
713,Kimberly Powell,logistics,Warehouse Supervisor,active,2016-03-06,602,2026-07-30T00:16:10.987333
714,Jeanette Jackson,logistics,Logistics Analyst,active,2026-01-28,,2026-07-30T00:16:10.987483
715,David Weaver,logistics,Dispatcher,active,2023-08-20,695,2026-07-30T00:16:10.987630
716,Tony White,logistics,Warehouse Supervisor,on_leave,2018-12-16,635,2026-07-30T00:16:10.987777
717,Cynthia King,logistics,Dispatcher,active,2017-10-02,642,2026-07-30T00:16:10.987927
718,Erin Patrick,logistics,Warehouse Supervisor,active,2023-03-11,635,2026-07-30T00:16:10.988083
719,Christopher Rodriguez,logistics,Warehouse Supervisor,active,2026-01-02,602,2026-07-30T00:16:10.988231
720,Vanessa Wyatt,logistics,Dispatcher,active,2018-03-26,677,2026-07-30T00:16:10.988382
721,Nathan Parker,logistics,Warehouse Supervisor,active,2019-06-09,,2026-07-30T00:16:10.988529
722,Eddie Gomez,logistics,Fleet Coordinator,active,2019-10-08,673,2026-07-30T00:16:10.988677
723,Janice Miller,logistics,Logistics Analyst,active,2020-12-25,678,2026-07-30T00:16:10.988828
724,Christian Roy,logistics,Warehouse Supervisor,active,2023-10-07,666,2026-07-30T00:16:10.988975
725,Grace Cooper,logistics,Fleet Coordinator,active,2024-10-13,638,2026-07-30T00:16:10.989126
726,Benjamin Ruiz,logistics,Fleet Coordinator,active,2016-01-17,613,2026-07-30T00:16:10.989274
727,Barbara Olsen,logistics,Warehouse Supervisor,active,2023-02-11,634,2026-07-30T00:16:10.989425
728,Larry Wheeler,logistics,Warehouse Supervisor,active,2021-07-31,720,2026-07-30T00:16:10.989573
729,Terry Rocha,logistics,Dispatcher,active,2025-12-13,727,2026-07-30T00:16:10.989722
730,Darren Hernandez,logistics,Warehouse Supervisor,active,2025-07-15,693,2026-07-30T00:16:10.989961
731,Stephanie Madden,logistics,Dispatcher,active,2016-05-16,707,2026-07-30T00:16:10.990255
732,Katherine Caldwell,logistics,Logistics Analyst,active,2025-12-10,,2026-07-30T00:16:10.990420
733,Wyatt Reynolds,logistics,Warehouse Supervisor,on_leave,2025-10-10,639,2026-07-30T00:16:10.990576
734,Brian Pratt,logistics,Dispatcher,active,2021-09-19,651,2026-07-30T00:16:10.990729
735,Melissa Noble,logistics,Fleet Coordinator,active,2018-09-29,722,2026-07-30T00:16:10.990884
736,Jonathan Cohen,logistics,Warehouse Supervisor,active,2019-03-22,663,2026-07-30T00:16:10.991039
737,Jeremy Flores,logistics,Fleet Coordinator,active,2017-07-25,,2026-07-30T00:16:10.991189
738,Harold Leonard,logistics,Logistics Analyst,active,2021-12-31,723,2026-07-30T00:16:10.991342
739,Joel Williams,logistics,Warehouse Supervisor,active,2020-06-11,617,2026-07-30T00:16:10.991494
740,Joseph Morgan MD,logistics,Warehouse Supervisor,active,2022-02-02,695,2026-07-30T00:16:10.991663
741,Stephanie Gonzalez,logistics,Logistics Analyst,active,2019-03-18,718,2026-07-30T00:16:10.991814
742,Melissa Wilson,logistics,Warehouse Supervisor,active,2019-06-25,664,2026-07-30T00:16:10.991964
743,Gary Knight,logistics,Dispatcher,active,2017-12-28,655,2026-07-30T00:16:10.992112
744,Wendy Adams,logistics,Warehouse Supervisor,active,2016-06-26,,2026-07-30T00:16:10.992261
745,Christina Wise,logistics,Warehouse Supervisor,active,2016-05-05,,2026-07-30T00:16:10.992411
746,Adrienne Moore,logistics,Logistics Analyst,active,2022-09-11,742,2026-07-30T00:16:10.992562
747,Dustin Thompson,logistics,Logistics Analyst,active,2022-11-26,602,2026-07-30T00:16:10.992710
748,Patrick Hunt,logistics,Warehouse Supervisor,active,2016-07-16,709,2026-07-30T00:16:10.992858
749,Timothy Williams,logistics,Logistics Analyst,active,2021-12-11,745,2026-07-30T00:16:10.993005
750,Adam Roberts,logistics,Warehouse Supervisor,active,2018-06-05,602,2026-07-30T00:16:10.993153
751,Eric Wright,logistics,Warehouse Supervisor,active,2016-06-07,618,2026-07-30T00:16:10.993300
752,Denise Zavala,logistics,Dispatcher,active,2022-08-29,,2026-07-30T00:16:10.993448
753,Anna Robinson,logistics,Fleet Coordinator,active,2025-04-11,729,2026-07-30T00:16:10.993607
754,Karen Austin,logistics,Warehouse Supervisor,active,2022-05-05,708,2026-07-30T00:16:10.993759
755,Monica Page,logistics,Logistics Analyst,active,2017-09-27,720,2026-07-30T00:16:10.993910
756,Cindy Chambers,logistics,Logistics Analyst,active,2017-09-19,656,2026-07-30T00:16:10.994060
757,Michael Lloyd,logistics,Logistics Analyst,active,2025-02-01,,2026-07-30T00:16:10.994207
758,Matthew Robertson,logistics,Logistics Analyst,active,2018-12-22,,2026-07-30T00:16:10.994353
759,Laura Stafford,logistics,Warehouse Supervisor,active,2026-03-17,623,2026-07-30T00:16:10.994504
760,Caitlin Hood,logistics,Logistics Analyst,active,2024-12-25,660,2026-07-30T00:16:10.994654
761,Tamara Stephens,logistics,Fleet Coordinator,on_leave,2021-06-26,707,2026-07-30T00:16:10.994805
762,Ashley Fisher,logistics,Dispatcher,active,2022-04-28,693,2026-07-30T00:16:10.994958
763,Michelle Landry,logistics,Warehouse Supervisor,active,2022-09-18,669,2026-07-30T00:16:10.995108
764,Jose Carter DDS,logistics,Warehouse Supervisor,active,2016-12-07,670,2026-07-30T00:16:10.995267
765,Roy Barrera,logistics,Dispatcher,on_leave,2025-10-29,756,2026-07-30T00:16:10.995414
766,Michele Kim,logistics,Warehouse Supervisor,active,2022-05-24,616,2026-07-30T00:16:10.995564
767,Lori Stewart,logistics,Fleet Coordinator,active,2026-03-20,740,2026-07-30T00:16:10.995719
768,Jerry Wu,logistics,Dispatcher,active,2017-03-26,,2026-07-30T00:16:10.995865
769,Randy Davis,logistics,Logistics Analyst,active,2025-06-29,628,2026-07-30T00:16:10.996014
770,Ms. Gwendolyn White,logistics,Fleet Coordinator,active,2017-07-31,709,2026-07-30T00:16:10.996176
771,Scott Dickerson,logistics,Warehouse Supervisor,on_leave,2024-09-02,667,2026-07-30T00:16:10.996324
772,Michael Buchanan,logistics,Fleet Coordinator,active,2019-03-16,680,2026-07-30T00:16:10.996471
773,Tiffany Martinez,logistics,Dispatcher,active,2019-11-13,714,2026-07-30T00:16:10.996621
774,Albert Williams,logistics,Fleet Coordinator,active,2016-11-16,735,2026-07-30T00:16:10.996770
775,Edward Herring,logistics,Dispatcher,active,2022-12-02,693,2026-07-30T00:16:10.996918
776,Joseph Jones,logistics,Dispatcher,active,2025-12-10,729,2026-07-30T00:16:10.997065
777,Nicole Guzman,logistics,Warehouse Supervisor,active,2023-01-09,,2026-07-30T00:16:10.997214
778,Richard West,logistics,Fleet Coordinator,active,2023-04-10,761,2026-07-30T00:16:10.997367
779,Tiffany Rivera,logistics,Fleet Coordinator,active,2024-09-29,603,2026-07-30T00:16:10.997519
780,Jeff Robinson,logistics,Logistics Analyst,active,2024-03-17,669,2026-07-30T00:16:10.997672
781,Samantha Williams,logistics,Dispatcher,active,2018-02-10,659,2026-07-30T00:16:10.997823
782,Keith Harding,logistics,Fleet Coordinator,on_leave,2016-12-05,,2026-07-30T00:16:10.997971
783,Lori Smith,logistics,Warehouse Supervisor,active,2022-09-12,777,2026-07-30T00:16:10.998122
784,Ricky Webster,logistics,Logistics Analyst,active,2018-02-10,602,2026-07-30T00:16:10.998270
785,Shannon Jones,logistics,Dispatcher,active,2024-07-04,615,2026-07-30T00:16:10.998420
786,Allison Matthews,logistics,Logistics Analyst,active,2021-11-29,659,2026-07-30T00:16:10.998570
787,Connie Dean,logistics,Logistics Analyst,active,2025-12-01,653,2026-07-30T00:16:10.998721
788,Andrew Bennett,logistics,Logistics Analyst,active,2026-03-03,736,2026-07-30T00:16:10.998868
789,Lisa Patel,logistics,Dispatcher,active,2023-05-05,648,2026-07-30T00:16:10.999020
790,Dr. Joshua Miranda,logistics,Logistics Analyst,active,2019-03-01,610,2026-07-30T00:16:10.999178
791,Theresa Santiago,logistics,Logistics Analyst,active,2022-05-12,650,2026-07-30T00:16:10.999329
792,Erin Sharp,logistics,Fleet Coordinator,active,2024-01-13,657,2026-07-30T00:16:10.999489
793,Adam Herrera,logistics,Fleet Coordinator,active,2024-08-14,609,2026-07-30T00:16:10.999642
794,Tyler Mccullough,logistics,Logistics Analyst,terminated,2020-03-11,659,2026-07-30T00:16:10.999791
795,Carrie Stewart,logistics,Fleet Coordinator,active,2023-09-22,,2026-07-30T00:16:10.999940
796,Melissa Cannon,logistics,Warehouse Supervisor,active,2025-06-09,758,2026-07-30T00:16:11.000093
797,Mr. Justin Wolf II,logistics,Fleet Coordinator,active,2018-06-07,727,2026-07-30T00:16:11.000262
798,Javier Norris,logistics,Dispatcher,active,2021-07-26,601,2026-07-30T00:16:11.000411
799,Jaime Flores,logistics,Logistics Analyst,active,2020-06-28,791,2026-07-30T00:16:11.000563
800,Joseph Horn,logistics,Warehouse Supervisor,active,2022-06-07,645,2026-07-30T00:16:11.000712
801,Norma Davis,logistics,Fleet Coordinator,active,2016-05-09,701,2026-07-30T00:16:11.000863
802,Maria Walton,logistics,Logistics Analyst,active,2016-03-02,745,2026-07-30T00:16:11.001015
803,Peter Malone,logistics,Fleet Coordinator,active,2022-02-05,787,2026-07-30T00:16:11.001164
804,Wanda Graham,logistics,Fleet Coordinator,active,2021-04-22,687,2026-07-30T00:16:11.001314
805,Sandra Jones,logistics,Logistics Analyst,active,2017-06-05,682,2026-07-30T00:16:11.001465
806,Michael Huang,logistics,Warehouse Supervisor,active,2024-05-26,697,2026-07-30T00:16:11.001617
807,Stuart Snow,logistics,Warehouse Supervisor,active,2021-08-31,731,2026-07-30T00:16:11.001767
808,Justin Anderson,logistics,Fleet Coordinator,active,2016-05-12,771,2026-07-30T00:16:11.001915
809,Tiffany Burke,logistics,Fleet Coordinator,active,2021-06-22,,2026-07-30T00:16:11.002065
810,Kathryn Fitzgerald,logistics,Fleet Coordinator,active,2019-10-20,686,2026-07-30T00:16:11.002214
811,Emily Hudson,logistics,Dispatcher,active,2018-03-06,607,2026-07-30T00:16:11.002366
812,Terry Martin,logistics,Warehouse Supervisor,active,2017-08-22,721,2026-07-30T00:16:11.002514
813,James Steele,logistics,Dispatcher,active,2016-05-18,679,2026-07-30T00:16:11.002664
814,Sara Gilbert,logistics,Logistics Analyst,on_leave,2018-07-01,,2026-07-30T00:16:11.002814
815,Jennifer West,logistics,Dispatcher,active,2022-01-25,757,2026-07-30T00:16:11.002964
816,Rickey Miles,logistics,Dispatcher,active,2024-08-05,629,2026-07-30T00:16:11.003111
817,Stephanie Taylor,logistics,Fleet Coordinator,active,2025-04-30,759,2026-07-30T00:16:11.003262
818,Zachary Johnson,logistics,Warehouse Supervisor,active,2018-12-28,657,2026-07-30T00:16:11.003410
819,Ronnie Martin,logistics,Logistics Analyst,active,2021-05-23,699,2026-07-30T00:16:11.003558
820,Cody Scott,logistics,Dispatcher,terminated,2016-06-01,770,2026-07-30T00:16:11.003712
821,Richard Bailey,logistics,Logistics Analyst,active,2017-08-25,603,2026-07-30T00:16:11.003862
822,Heather Cervantes,logistics,Fleet Coordinator,active,2026-02-01,791,2026-07-30T00:16:11.004013
823,Suzanne Romero,logistics,Fleet Coordinator,active,2025-04-15,750,2026-07-30T00:16:11.004163
824,Joseph Hernandez,logistics,Warehouse Supervisor,active,2017-08-03,623,2026-07-30T00:16:11.004312
825,Marcus Padilla,logistics,Fleet Coordinator,active,2017-12-10,758,2026-07-30T00:16:11.004459
826,Jasmine Irwin,logistics,Dispatcher,on_leave,2026-02-23,773,2026-07-30T00:16:11.004610
827,Paige Stewart,logistics,Fleet Coordinator,active,2018-04-23,621,2026-07-30T00:16:11.004761
828,April Blair,logistics,Logistics Analyst,active,2016-03-16,641,2026-07-30T00:16:11.004910
829,Dawn Spencer,logistics,Dispatcher,active,2020-12-22,607,2026-07-30T00:16:11.005448
830,Christopher Nelson DDS,logistics,Dispatcher,active,2021-10-19,,2026-07-30T00:16:11.005855
831,Johnathan Jones,logistics,Warehouse Supervisor,active,2024-12-01,785,2026-07-30T00:16:11.006242
832,Kristine Porter,logistics,Logistics Analyst,active,2024-02-06,671,2026-07-30T00:16:11.006618
833,Teresa Little,logistics,Dispatcher,active,2022-10-08,724,2026-07-30T00:16:11.006943
834,Linda Mendoza,logistics,Fleet Coordinator,active,2021-07-19,608,2026-07-30T00:16:11.007203
835,Nicole Baird,logistics,Logistics Analyst,active,2018-12-03,798,2026-07-30T00:16:11.007439
836,Nicholas Anderson,logistics,Fleet Coordinator,active,2026-03-27,772,2026-07-30T00:16:11.007696
837,Wayne Moore MD,logistics,Dispatcher,active,2022-02-17,832,2026-07-30T00:16:11.007947
838,Dr. Charles Lawrence,logistics,Logistics Analyst,active,2017-12-19,624,2026-07-30T00:16:11.008197
839,Daniel Romero,logistics,Dispatcher,active,2023-06-22,827,2026-07-30T00:16:11.008491
840,Kelly Bennett,logistics,Dispatcher,active,2026-03-12,,2026-07-30T00:16:11.008801
841,Brooke Johnson,logistics,Dispatcher,active,2020-06-05,722,2026-07-30T00:16:11.009063
842,Curtis Taylor,logistics,Warehouse Supervisor,on_leave,2017-02-24,,2026-07-30T00:16:11.009335
843,Robert Murphy,logistics,Fleet Coordinator,active,2016-10-03,,2026-07-30T00:16:11.009587
844,Anthony Glover,logistics,Fleet Coordinator,active,2018-04-21,607,2026-07-30T00:16:11.009870
845,Julie Sutton,logistics,Logistics Analyst,active,2025-08-10,817,2026-07-30T00:16:11.010119
846,Teresa Gutierrez,logistics,Fleet Coordinator,active,2020-10-04,806,2026-07-30T00:16:11.010358
847,Jodi Solomon,logistics,Logistics Analyst,on_leave,2024-11-24,775,2026-07-30T00:16:11.010598
848,Erin Hinton,logistics,Fleet Coordinator,active,2022-03-12,683,2026-07-30T00:16:11.010856
849,Laurie Hawkins,logistics,Dispatcher,active,2016-12-18,,2026-07-30T00:16:11.011105
850,Justin Mann,logistics,Dispatcher,active,2023-05-18,816,2026-07-30T00:16:11.011332
851,Johnathan Terry,logistics,Logistics Analyst,active,2021-03-15,684,2026-07-30T00:16:11.011562
852,Kathy Green,logistics,Dispatcher,active,2017-09-12,697,2026-07-30T00:16:11.011749
853,Kimberly Davidson,logistics,Logistics Analyst,active,2021-12-05,,2026-07-30T00:16:11.011932
854,George Walker,logistics,Warehouse Supervisor,active,2020-07-26,705,2026-07-30T00:16:11.012112
855,Shawn Franklin,logistics,Warehouse Supervisor,active,2019-01-19,670,2026-07-30T00:16:11.012293
856,Benjamin Blackwell,logistics,Warehouse Supervisor,terminated,2021-04-05,617,2026-07-30T00:16:11.012474
857,Michael Noble,logistics,Fleet Coordinator,active,2018-09-30,842,2026-07-30T00:16:11.012685
858,Cody Thompson,logistics,Dispatcher,active,2020-04-21,745,2026-07-30T00:16:11.012888
859,Alexander Nelson,logistics,Dispatcher,active,2022-10-24,695,2026-07-30T00:16:11.013084
860,Megan Walker,logistics,Warehouse Supervisor,active,2022-06-27,627,2026-07-30T00:16:11.013282
861,Jennifer Sharp,logistics,Dispatcher,active,2018-01-22,857,2026-07-30T00:16:11.013481
862,Terry West,logistics,Fleet Coordinator,active,2019-06-16,606,2026-07-30T00:16:11.013688
863,Gerald Coleman,logistics,Fleet Coordinator,active,2022-05-29,835,2026-07-30T00:16:11.013885
864,Carly Sandoval,logistics,Warehouse Supervisor,active,2016-12-29,742,2026-07-30T00:16:11.014083
865,Thomas Mcintosh,logistics,Dispatcher,active,2023-09-09,809,2026-07-30T00:16:11.014297
866,Keith Meza,logistics,Warehouse Supervisor,active,2023-12-18,764,2026-07-30T00:16:11.014513
867,Christina Hernandez,logistics,Logistics Analyst,on_leave,2021-11-20,836,2026-07-30T00:16:11.014750
868,David Barton,logistics,Dispatcher,active,2020-07-24,772,2026-07-30T00:16:11.014968
869,Rhonda Shaw,logistics,Fleet Coordinator,active,2021-01-28,689,2026-07-30T00:16:11.015188
870,Nancy Williams,logistics,Fleet Coordinator,active,2023-11-26,,2026-07-30T00:16:11.015405
871,Jacob Hawkins,logistics,Dispatcher,active,2019-01-12,606,2026-07-30T00:16:11.015632
872,Deborah Burns,logistics,Fleet Coordinator,active,2022-03-09,609,2026-07-30T00:16:11.015834
873,Gary Berry,logistics,Logistics Analyst,active,2025-03-10,649,2026-07-30T00:16:11.016019
874,Tiffany Murray,logistics,Dispatcher,active,2020-05-11,673,2026-07-30T00:16:11.016175
875,Sean Gonzalez,logistics,Warehouse Supervisor,active,2016-04-06,845,2026-07-30T00:16:11.016328
876,Rachel Sanchez,logistics,Dispatcher,active,2023-04-13,,2026-07-30T00:16:11.016483
877,James Weber,logistics,Logistics Analyst,active,2024-08-18,,2026-07-30T00:16:11.016643
878,Angela Thomas,logistics,Fleet Coordinator,active,2018-10-16,672,2026-07-30T00:16:11.016805
879,Joseph Patel,logistics,Logistics Analyst,active,2020-07-20,747,2026-07-30T00:16:11.016959
880,Timothy Garrison,logistics,Warehouse Supervisor,on_leave,2018-03-09,603,2026-07-30T00:16:11.017112
881,Stephanie Cox,logistics,Warehouse Supervisor,active,2019-05-19,697,2026-07-30T00:16:11.017270
882,Rachel Maxwell,logistics,Logistics Analyst,on_leave,2022-07-18,806,2026-07-30T00:16:11.017439
883,Shawn Liu,logistics,Logistics Analyst,active,2018-08-06,787,2026-07-30T00:16:11.017581
884,Lisa Murillo,logistics,Logistics Analyst,active,2025-05-06,817,2026-07-30T00:16:11.017726
885,Jason Hernandez,logistics,Dispatcher,active,2019-01-09,,2026-07-30T00:16:11.017867
886,Joseph Delgado,logistics,Dispatcher,active,2020-07-30,650,2026-07-30T00:16:11.018010
887,Jon Johnson,logistics,Warehouse Supervisor,active,2019-03-08,724,2026-07-30T00:16:11.018165
888,Terry Sanders,logistics,Dispatcher,active,2020-05-26,,2026-07-30T00:16:11.018308
889,Eric Anthony,logistics,Logistics Analyst,active,2016-03-15,,2026-07-30T00:16:11.018449
890,Charlene Cook,logistics,Warehouse Supervisor,active,2022-09-30,650,2026-07-30T00:16:11.018594
891,Johnny Martinez,logistics,Dispatcher,active,2021-12-20,,2026-07-30T00:16:11.018754
892,Travis Lee,logistics,Warehouse Supervisor,active,2025-08-02,721,2026-07-30T00:16:11.018901
893,Kathy Dominguez,logistics,Fleet Coordinator,active,2024-12-29,729,2026-07-30T00:16:11.019047
894,Laura Vasquez,logistics,Fleet Coordinator,active,2016-12-08,846,2026-07-30T00:16:11.019194
895,Kaylee Evans,logistics,Warehouse Supervisor,active,2019-06-07,835,2026-07-30T00:16:11.019341
896,Benjamin Anderson,logistics,Fleet Coordinator,active,2025-04-26,675,2026-07-30T00:16:11.019485
897,Michelle Davis,logistics,Logistics Analyst,active,2022-01-03,850,2026-07-30T00:16:11.019634
898,Gregory Bowman,logistics,Fleet Coordinator,active,2022-01-13,709,2026-07-30T00:16:11.020488
899,Anthony Williams,logistics,Fleet Coordinator,active,2023-12-28,636,2026-07-30T00:16:11.020853
900,Jason Fowler,logistics,Fleet Coordinator,active,2017-01-21,787,2026-07-30T00:16:11.021178
901,Rhonda Gomez,agricore,Field Agent,active,2019-04-14,,2026-07-30T00:16:11.021528
902,Mary Lambert,agricore,Agronomist,active,2026-04-04,,2026-07-30T00:16:11.021848
903,Mary Hall,agricore,Field Agent,active,2020-04-06,,2026-07-30T00:16:11.022136
904,Anne Gray,agricore,Agronomist,active,2019-12-04,,2026-07-30T00:16:11.022392
905,Jeff Alexander,agricore,Quality Inspector,terminated,2021-01-11,901,2026-07-30T00:16:11.022636
906,Richard Fitzpatrick,agricore,Field Agent,active,2025-08-07,903,2026-07-30T00:16:11.022881
907,Allison Roberts,agricore,Field Agent,active,2021-05-28,905,2026-07-30T00:16:11.023129
908,Donald Cain,agricore,Quality Inspector,active,2020-01-10,901,2026-07-30T00:16:11.023398
909,Thomas Jackson,agricore,Processing Facility Supervisor,active,2017-01-16,901,2026-07-30T00:16:11.023700
910,Jay Warner,agricore,Field Agent,terminated,2016-09-28,902,2026-07-30T00:16:11.023944
911,Elaine Myers,agricore,Processing Facility Supervisor,terminated,2018-08-22,902,2026-07-30T00:16:11.024192
912,David Olson,agricore,Quality Inspector,active,2020-05-01,907,2026-07-30T00:16:11.024435
913,Matthew Lopez,agricore,Processing Facility Supervisor,active,2020-04-03,903,2026-07-30T00:16:11.024679
914,Ricky Williams,agricore,Processing Facility Supervisor,active,2025-01-06,904,2026-07-30T00:16:11.024922
915,Melissa Lewis MD,agricore,Processing Facility Supervisor,active,2020-04-06,907,2026-07-30T00:16:11.025187
916,Stephen Jones,agricore,Field Agent,active,2018-10-25,908,2026-07-30T00:16:11.025444
917,Douglas Dyer,agricore,Quality Inspector,active,2019-03-07,,2026-07-30T00:16:11.025687
918,Robert Walls,agricore,Processing Facility Supervisor,active,2019-06-01,911,2026-07-30T00:16:11.025928
919,Christine Webster,agricore,Field Agent,active,2018-05-03,909,2026-07-30T00:16:11.026174
920,Morgan Goodman,agricore,Field Agent,active,2019-08-04,911,2026-07-30T00:16:11.026394
921,Deanna Schmidt,agricore,Field Agent,active,2023-02-17,906,2026-07-30T00:16:11.026583
922,Nathan Jones,agricore,Field Agent,active,2019-12-03,909,2026-07-30T00:16:11.026770
923,Troy Thomas,agricore,Field Agent,active,2021-10-14,,2026-07-30T00:16:11.026953
924,Rebecca Blackwell MD,agricore,Quality Inspector,active,2017-03-18,,2026-07-30T00:16:11.027197
925,Jessica Gallegos,agricore,Quality Inspector,active,2025-11-06,908,2026-07-30T00:16:11.027388
926,Todd Thornton,agricore,Processing Facility Supervisor,active,2025-12-08,925,2026-07-30T00:16:11.027580
927,Michael Ryan,agricore,Quality Inspector,active,2019-04-27,920,2026-07-30T00:16:11.027781
928,John Morris,agricore,Quality Inspector,active,2023-11-15,925,2026-07-30T00:16:11.027986
929,Angela Bush,agricore,Field Agent,active,2026-06-29,914,2026-07-30T00:16:11.028194
930,Jennifer Walker,agricore,Quality Inspector,active,2016-01-22,918,2026-07-30T00:16:11.028402
931,Mitchell Gibson,agricore,Processing Facility Supervisor,active,2018-11-26,922,2026-07-30T00:16:11.028608
932,Kristina Gray,agricore,Processing Facility Supervisor,active,2017-07-28,918,2026-07-30T00:16:11.028817
933,Ashley Nelson,agricore,Processing Facility Supervisor,on_leave,2019-03-07,913,2026-07-30T00:16:11.029026
934,Angelica Brooks,agricore,Quality Inspector,terminated,2021-04-29,915,2026-07-30T00:16:11.029241
935,Jose Jones,agricore,Processing Facility Supervisor,active,2020-12-02,916,2026-07-30T00:16:11.029428
936,Nicole Wilson,agricore,Processing Facility Supervisor,active,2020-03-03,,2026-07-30T00:16:11.029607
937,Kaitlyn Martinez,agricore,Quality Inspector,active,2017-05-30,,2026-07-30T00:16:11.029781
938,Jeremy Pierce,agricore,Field Agent,on_leave,2021-01-15,,2026-07-30T00:16:11.029954
939,Leslie Buck,agricore,Agronomist,active,2023-07-05,910,2026-07-30T00:16:11.030131
940,Nicholas Williamson,agricore,Quality Inspector,active,2016-05-27,,2026-07-30T00:16:11.030302
941,Bryan Fitzpatrick,agricore,Agronomist,active,2020-03-04,925,2026-07-30T00:16:11.030475
942,Erin Williams,agricore,Agronomist,active,2025-11-12,908,2026-07-30T00:16:11.030650
943,Robert Chambers,agricore,Quality Inspector,active,2019-03-25,909,2026-07-30T00:16:11.030832
944,Karen Coleman,agricore,Quality Inspector,active,2016-08-02,911,2026-07-30T00:16:11.031002
945,Katie Taylor,agricore,Processing Facility Supervisor,active,2019-08-29,906,2026-07-30T00:16:11.031154
946,Casey Green,agricore,Quality Inspector,active,2018-08-23,928,2026-07-30T00:16:11.031306
947,James Padilla,agricore,Quality Inspector,on_leave,2021-06-28,916,2026-07-30T00:16:11.031459
948,Samuel Petersen,agricore,Quality Inspector,active,2017-02-15,928,2026-07-30T00:16:11.031608
949,Sharon Alvarez,agricore,Field Agent,active,2022-08-05,922,2026-07-30T00:16:11.031759
950,Ronald Russell,agricore,Processing Facility Supervisor,active,2020-11-06,937,2026-07-30T00:16:11.031907
951,Hayden Oneal,agricore,Processing Facility Supervisor,active,2024-02-06,933,2026-07-30T00:16:11.032056
952,Margaret Dean,agricore,Field Agent,active,2024-09-12,943,2026-07-30T00:16:11.032208
953,Mrs. Ashley Aguilar,agricore,Processing Facility Supervisor,active,2026-01-26,,2026-07-30T00:16:11.032371
954,Abigail Miller,agricore,Field Agent,terminated,2024-05-30,936,2026-07-30T00:16:11.032523
955,Michael Wells,agricore,Quality Inspector,active,2016-10-09,950,2026-07-30T00:16:11.032671
956,Dr. Daniel Coleman PhD,agricore,Processing Facility Supervisor,on_leave,2022-11-18,,2026-07-30T00:16:11.032838
957,Joseph Ford,agricore,Quality Inspector,active,2023-04-24,950,2026-07-30T00:16:11.032986
958,Danielle Sparks,agricore,Processing Facility Supervisor,active,2024-11-30,,2026-07-30T00:16:11.033136
959,Harry Marquez,agricore,Field Agent,active,2022-11-13,946,2026-07-30T00:16:11.033285
960,Adam Simmons,agricore,Processing Facility Supervisor,active,2018-03-04,918,2026-07-30T00:16:11.033432
961,Tina White,agricore,Quality Inspector,active,2023-08-09,,2026-07-30T00:16:11.033586
962,Leonard Armstrong,agricore,Agronomist,active,2022-05-04,,2026-07-30T00:16:11.033732
963,Ethan Henderson,agricore,Quality Inspector,active,2018-06-07,903,2026-07-30T00:16:11.033881
964,William Mccullough,agricore,Agronomist,active,2019-11-24,943,2026-07-30T00:16:11.034029
965,Hannah Pacheco,agricore,Field Agent,active,2024-02-21,932,2026-07-30T00:16:11.034180
966,Gregg Bennett,agricore,Agronomist,active,2018-01-18,910,2026-07-30T00:16:11.034327
967,Jennifer Washington,agricore,Field Agent,active,2020-10-16,,2026-07-30T00:16:11.034475
968,Thomas King,agricore,Field Agent,active,2024-03-14,958,2026-07-30T00:16:11.034623
969,Joy Rasmussen,agricore,Field Agent,active,2021-10-17,912,2026-07-30T00:16:11.034774
970,Mark Sherman,agricore,Processing Facility Supervisor,terminated,2019-12-05,,2026-07-30T00:16:11.034920
971,Jeremy Mitchell,agricore,Quality Inspector,active,2023-12-02,938,2026-07-30T00:16:11.035068
972,Angela Guzman,agricore,Field Agent,on_leave,2017-08-07,905,2026-07-30T00:16:11.035386
973,Heather Alvarado,agricore,Field Agent,active,2020-08-01,933,2026-07-30T00:16:11.038587
974,Amy Fleming,agricore,Quality Inspector,active,2020-07-14,920,2026-07-30T00:16:11.038831
975,Ann Meyer,agricore,Quality Inspector,active,2026-06-02,,2026-07-30T00:16:11.039001
976,John Brown,agricore,Field Agent,active,2026-03-13,947,2026-07-30T00:16:11.039158
977,Bradley Lester,agricore,Processing Facility Supervisor,active,2024-11-26,901,2026-07-30T00:16:11.039308
978,Bryan Garcia,agricore,Field Agent,active,2018-02-05,965,2026-07-30T00:16:11.039459
979,Amanda Woodward,agricore,Processing Facility Supervisor,active,2020-07-27,922,2026-07-30T00:16:11.039617
980,Jessica Glover,agricore,Agronomist,active,2021-10-17,958,2026-07-30T00:16:11.039769
981,Beth Vaughan,agricore,Agronomist,active,2022-05-29,954,2026-07-30T00:16:11.039921
982,Aaron Cook,agricore,Quality Inspector,active,2026-04-28,953,2026-07-30T00:16:11.040070
983,Luis Rodriguez,agricore,Agronomist,active,2016-08-05,955,2026-07-30T00:16:11.040219
984,Jonathan Smith,agricore,Quality Inspector,active,2016-09-15,977,2026-07-30T00:16:11.040368
985,Andrew Parrish,agricore,Quality Inspector,active,2016-05-18,951,2026-07-30T00:16:11.040517
986,Melissa Taylor,agricore,Agronomist,active,2021-01-14,980,2026-07-30T00:16:11.040668
987,Billy Robinson,agricore,Agronomist,active,2017-11-19,934,2026-07-30T00:16:11.040816
988,Jennifer Solomon,agricore,Quality Inspector,active,2021-08-16,928,2026-07-30T00:16:11.040967
989,Keith White,agricore,Quality Inspector,active,2017-03-24,947,2026-07-30T00:16:11.041117
990,Lauren Miller,agricore,Quality Inspector,active,2020-06-24,939,2026-07-30T00:16:11.041269
991,Maria Mason,agricore,Processing Facility Supervisor,active,2025-07-26,946,2026-07-30T00:16:11.041420
992,Christopher Ross,agricore,Quality Inspector,active,2023-02-09,944,2026-07-30T00:16:11.041574
993,Debbie Romero,agricore,Processing Facility Supervisor,active,2023-08-27,910,2026-07-30T00:16:11.041726
994,Amy Romero,agricore,Agronomist,active,2016-05-31,946,2026-07-30T00:16:11.041877
995,Steven Quinn,agricore,Processing Facility Supervisor,active,2019-03-22,,2026-07-30T00:16:11.042025
996,Shelby Strickland,agricore,Field Agent,active,2024-11-23,971,2026-07-30T00:16:11.042176
997,Ryan Watkins,agricore,Field Agent,active,2023-08-27,917,2026-07-30T00:16:11.042364
998,Robert Elliott,agricore,Processing Facility Supervisor,active,2023-02-10,994,2026-07-30T00:16:11.042513
999,Corey Crawford,agricore,Agronomist,active,2021-08-29,914,2026-07-30T00:16:11.042661
1000,Pamela Lynch,agricore,Agronomist,terminated,2023-04-04,901,2026-07-30T00:16:11.042811
1001,Laura Cross,agricore,Quality Inspector,active,2024-01-30,940,2026-07-30T00:16:11.042962
1002,Megan Thomas,agricore,Agronomist,active,2021-06-03,910,2026-07-30T00:16:11.043115
1003,Sandra Barnes,agricore,Agronomist,active,2026-01-27,960,2026-07-30T00:16:11.043261
1004,Carol Burns PhD,agricore,Quality Inspector,active,2026-01-26,928,2026-07-30T00:16:11.043419
1005,Maria Davenport,agricore,Quality Inspector,active,2024-07-04,972,2026-07-30T00:16:11.043568
1006,Michael Crane,agricore,Field Agent,active,2017-02-15,936,2026-07-30T00:16:11.043712
1007,Brittany Cox,agricore,Agronomist,active,2024-12-02,944,2026-07-30T00:16:11.043858
1008,John Cole,agricore,Agronomist,active,2019-10-04,970,2026-07-30T00:16:11.044001
1009,Alexander Briggs,agricore,Field Agent,active,2021-09-26,951,2026-07-30T00:16:11.044144
1010,Kevin Wilkins,agricore,Quality Inspector,active,2016-12-08,,2026-07-30T00:16:11.044288
1011,Stephen Benton,agricore,Processing Facility Supervisor,active,2022-08-15,,2026-07-30T00:16:11.044432
1012,James Davenport,agricore,Field Agent,active,2020-10-08,963,2026-07-30T00:16:11.044574
1013,Connor Mills,agricore,Agronomist,on_leave,2021-01-05,953,2026-07-30T00:16:11.044716
1014,John Mayo,agricore,Quality Inspector,active,2025-03-10,951,2026-07-30T00:16:11.044860
1015,Heather Cummings,agricore,Quality Inspector,active,2023-07-26,1013,2026-07-30T00:16:11.045005
1016,Randall Herrera,agricore,Quality Inspector,active,2017-03-25,948,2026-07-30T00:16:11.045148
1017,Sherry Anderson,agricore,Agronomist,active,2018-11-12,914,2026-07-30T00:16:11.045293
1018,Timothy Sanchez,agricore,Processing Facility Supervisor,active,2024-11-08,1012,2026-07-30T00:16:11.045437
1019,Mr. Robert Jackson,agricore,Agronomist,active,2018-08-01,947,2026-07-30T00:16:11.045593
1020,Sergio Foley,agricore,Quality Inspector,active,2019-01-04,940,2026-07-30T00:16:11.045736
1021,Jeffrey Kelley,agricore,Field Agent,active,2017-04-27,993,2026-07-30T00:16:11.045879
1022,Patricia Clarke,agricore,Agronomist,active,2024-07-18,967,2026-07-30T00:16:11.046024
1023,Donna Porter,agricore,Quality Inspector,active,2026-04-05,965,2026-07-30T00:16:11.046169
1024,Michelle Knight,agricore,Quality Inspector,active,2017-01-13,1001,2026-07-30T00:16:11.046321
1025,John Hanson,agricore,Agronomist,terminated,2019-03-20,910,2026-07-30T00:16:11.046465
1026,Adriana Dean,agricore,Agronomist,active,2022-09-19,950,2026-07-30T00:16:11.046612
1027,Savannah Williams,agricore,Processing Facility Supervisor,active,2023-02-27,908,2026-07-30T00:16:11.046758
1028,Brent Davis,agricore,Field Agent,active,2026-02-25,953,2026-07-30T00:16:11.046901
1029,Annette Miller,agricore,Agronomist,active,2018-09-11,966,2026-07-30T00:16:11.047047
1030,Martha Hawkins,agricore,Quality Inspector,terminated,2025-03-14,986,2026-07-30T00:16:11.047193
1031,Darren Salinas,agricore,Agronomist,active,2016-11-03,939,2026-07-30T00:16:11.047336
1032,John Preston,agricore,Field Agent,terminated,2023-10-02,903,2026-07-30T00:16:11.047481
1033,William Wilson,agricore,Quality Inspector,active,2018-01-12,925,2026-07-30T00:16:11.047628
1034,Randy Knox,agricore,Quality Inspector,active,2021-01-01,987,2026-07-30T00:16:11.047772
1035,Jennifer Davis,agricore,Processing Facility Supervisor,active,2023-08-21,981,2026-07-30T00:16:11.047918
1036,Lauren Lopez,agricore,Processing Facility Supervisor,active,2024-10-22,949,2026-07-30T00:16:11.048064
1037,Matthew Vasquez Jr.,agricore,Field Agent,active,2020-09-28,1002,2026-07-30T00:16:11.048219
1038,Albert Walton,agricore,Processing Facility Supervisor,active,2022-04-08,,2026-07-30T00:16:11.048360
1039,Jay Moran,agricore,Quality Inspector,active,2020-04-22,952,2026-07-30T00:16:11.048503
1040,Jesse Snow,agricore,Quality Inspector,active,2025-07-21,1033,2026-07-30T00:16:11.048646
1041,Gerald Jones,agricore,Field Agent,active,2019-01-17,1027,2026-07-30T00:16:11.048792
1042,Sarah Guerrero,agricore,Quality Inspector,active,2023-10-19,930,2026-07-30T00:16:11.048938
1043,Kenneth Dennis,agricore,Processing Facility Supervisor,active,2022-04-01,947,2026-07-30T00:16:11.049083
1044,Linda Bradley,agricore,Agronomist,active,2016-11-29,905,2026-07-30T00:16:11.049229
1045,Anna Garcia,agricore,Quality Inspector,active,2019-09-23,,2026-07-30T00:16:11.049375
1046,James Waters,agricore,Processing Facility Supervisor,active,2017-11-14,982,2026-07-30T00:16:11.049519
1047,Jeffrey Scott,agricore,Agronomist,active,2024-06-05,938,2026-07-30T00:16:11.049668
1048,Joseph Miller,agricore,Agronomist,active,2025-09-14,1029,2026-07-30T00:16:11.049812
1049,Jason Howe,agricore,Field Agent,active,2023-06-04,934,2026-07-30T00:16:11.049957
1050,Dawn Jackson,agricore,Agronomist,active,2024-08-31,,2026-07-30T00:16:11.050103
1051,Jennifer Yoder,agricore,Agronomist,active,2016-06-03,1028,2026-07-30T00:16:11.050251
1052,Elizabeth Moore,agricore,Quality Inspector,active,2018-01-30,1017,2026-07-30T00:16:11.050399
1053,Ashley Evans,agricore,Processing Facility Supervisor,active,2016-10-05,905,2026-07-30T00:16:11.050682
1054,Andrea Brown,agricore,Field Agent,active,2024-04-16,,2026-07-30T00:16:11.050842
1055,Samuel Morgan,agricore,Quality Inspector,active,2024-12-18,,2026-07-30T00:16:11.051000
1056,Lisa Nguyen,agricore,Field Agent,active,2020-11-07,957,2026-07-30T00:16:11.051150
1057,Dr. Heidi Burns,agricore,Quality Inspector,active,2018-06-10,937,2026-07-30T00:16:11.051309
1058,Bruce Wiley,agricore,Agronomist,on_leave,2021-01-31,1001,2026-07-30T00:16:11.051456
1059,Jacqueline Ortiz,agricore,Agronomist,active,2023-01-23,925,2026-07-30T00:16:11.051605
1060,Anna Johnson,agricore,Agronomist,active,2016-06-08,998,2026-07-30T00:16:11.051752
1061,Deborah Byrd,agricore,Field Agent,active,2021-04-04,,2026-07-30T00:16:11.051899
1062,Brianna Moon,agricore,Field Agent,active,2025-05-28,916,2026-07-30T00:16:11.052046
1063,Diana Morton,agricore,Processing Facility Supervisor,active,2020-02-13,983,2026-07-30T00:16:11.052200
1064,Justin Porter,agricore,Processing Facility Supervisor,active,2019-06-25,1002,2026-07-30T00:16:11.052345
1065,Kathy Vargas,agricore,Agronomist,active,2025-01-04,983,2026-07-30T00:16:11.052491
1066,Sarah Flores,agricore,Agronomist,active,2024-04-23,1044,2026-07-30T00:16:11.052638
1067,Shelley Austin,agricore,Processing Facility Supervisor,active,2021-05-06,1058,2026-07-30T00:16:11.052786
1068,Lisa Rangel,agricore,Processing Facility Supervisor,active,2020-07-18,1014,2026-07-30T00:16:11.052932
1069,Jessica Jones,agricore,Quality Inspector,active,2023-04-02,,2026-07-30T00:16:11.053077
1070,Joshua Bowen,agricore,Processing Facility Supervisor,active,2023-12-06,,2026-07-30T00:16:11.053220
1071,Brittany Lowery,agricore,Field Agent,active,2016-08-21,930,2026-07-30T00:16:11.053368
1072,Brooke Shepard,agricore,Processing Facility Supervisor,active,2026-03-31,,2026-07-30T00:16:11.053512
1073,Blake Shelton,agricore,Processing Facility Supervisor,active,2018-12-23,944,2026-07-30T00:16:11.053657
1074,Ronald Hampton,agricore,Agronomist,active,2021-09-28,1044,2026-07-30T00:16:11.053800
1075,George Pittman,agricore,Quality Inspector,active,2020-11-19,945,2026-07-30T00:16:11.053945
1076,Christopher Underwood,agricore,Field Agent,active,2016-03-19,932,2026-07-30T00:16:11.054090
1077,Bethany Martin,agricore,Quality Inspector,active,2026-04-30,1069,2026-07-30T00:16:11.054242
1078,Jessica Sullivan,agricore,Agronomist,active,2023-02-18,1031,2026-07-30T00:16:11.054389
1079,Patricia Gibson,agricore,Field Agent,active,2018-12-01,,2026-07-30T00:16:11.054534
1080,Frances Harris,agricore,Field Agent,active,2022-09-27,995,2026-07-30T00:16:11.054680
1081,Christine Howard,agricore,Quality Inspector,terminated,2019-10-02,957,2026-07-30T00:16:11.054826
1082,David Todd,agricore,Processing Facility Supervisor,active,2025-04-26,984,2026-07-30T00:16:11.054971
1083,Donna Odonnell,agricore,Quality Inspector,active,2020-07-21,1063,2026-07-30T00:16:11.055118
1084,Dr. Nathan Horton II,agricore,Agronomist,active,2019-06-16,1003,2026-07-30T00:16:11.055284
1085,Richard Hill,agricore,Agronomist,active,2021-05-02,958,2026-07-30T00:16:11.055426
1086,Ashley Watkins,agricore,Agronomist,active,2021-03-25,996,2026-07-30T00:16:11.055573
1087,Dustin Simpson,agricore,Quality Inspector,active,2017-08-10,992,2026-07-30T00:16:11.055717
1088,Leah Cooper MD,agricore,Quality Inspector,active,2020-08-17,962,2026-07-30T00:16:11.055873
1089,Connie Jimenez,agricore,Quality Inspector,active,2020-09-26,1055,2026-07-30T00:16:11.056019
1090,James Evans,agricore,Field Agent,active,2017-09-25,921,2026-07-30T00:16:11.056162
1091,Jennifer Carter,agricore,Field Agent,active,2023-07-26,1025,2026-07-30T00:16:11.056313
1092,John Adams,agricore,Quality Inspector,active,2020-09-21,941,2026-07-30T00:16:11.056463
1093,James Hamilton,agricore,Agronomist,active,2019-12-21,,2026-07-30T00:16:11.056601
1094,Mary Mccall,agricore,Quality Inspector,active,2023-11-07,,2026-07-30T00:16:11.056741
1095,Casey Stephens,agricore,Field Agent,active,2019-02-25,1003,2026-07-30T00:16:11.056884
1096,Abigail Stafford,agricore,Agronomist,active,2024-02-08,1062,2026-07-30T00:16:11.057026
1097,Denise Gonzalez,agricore,Processing Facility Supervisor,active,2021-07-10,,2026-07-30T00:16:11.057167
1098,Richard White,agricore,Quality Inspector,active,2018-10-31,961,2026-07-30T00:16:11.057344
1099,Wayne Strickland,agricore,Agronomist,active,2016-01-13,,2026-07-30T00:16:11.057484
1100,Dylan Foster,agricore,Field Agent,active,2024-02-06,1048,2026-07-30T00:16:11.057623
1101,Kimberly David,agricore,Processing Facility Supervisor,active,2022-05-11,907,2026-07-30T00:16:11.057766
1102,Carly Hall,agricore,Field Agent,active,2025-12-31,1034,2026-07-30T00:16:11.057917
1103,Donna Fisher,agricore,Agronomist,active,2025-01-11,992,2026-07-30T00:16:11.058060
1104,Mario Johnson,agricore,Quality Inspector,active,2017-04-19,940,2026-07-30T00:16:11.058204
1105,Laurie Dominguez,agricore,Field Agent,active,2022-01-02,1013,2026-07-30T00:16:11.058347
1106,Eric Walker,agricore,Quality Inspector,active,2021-09-16,,2026-07-30T00:16:11.058487
1107,Raymond Doyle,agricore,Field Agent,active,2023-05-08,,2026-07-30T00:16:11.058626
1108,Nicholas Smith,agricore,Quality Inspector,active,2019-09-13,,2026-07-30T00:16:11.058765
1109,Tami Klein,agricore,Quality Inspector,active,2017-03-18,1042,2026-07-30T00:16:11.058908
1110,Bruce Williams,agricore,Field Agent,active,2016-05-03,1078,2026-07-30T00:16:11.059047
1111,Kathy Kim,agricore,Agronomist,active,2018-05-14,1071,2026-07-30T00:16:11.059189
1112,William Elliott,agricore,Agronomist,active,2019-05-30,,2026-07-30T00:16:11.059332
1113,James Charles,agricore,Field Agent,on_leave,2024-01-06,914,2026-07-30T00:16:11.059476
1114,Roy Owens,agricore,Field Agent,active,2024-06-18,993,2026-07-30T00:16:11.059620
1115,Stephanie Kramer,agricore,Processing Facility Supervisor,on_leave,2019-07-07,906,2026-07-30T00:16:11.059767
1116,Brittany Miller,agricore,Quality Inspector,active,2023-03-14,1042,2026-07-30T00:16:11.059913
1117,Amanda Frank,agricore,Agronomist,active,2019-01-02,1023,2026-07-30T00:16:11.060061
1118,Jeremiah Bailey,agricore,Field Agent,active,2025-07-02,,2026-07-30T00:16:11.060213
1119,Jamie Salas,agricore,Field Agent,active,2019-12-21,1022,2026-07-30T00:16:11.060360
1120,Lisa Browning,agricore,Processing Facility Supervisor,active,2025-02-15,1006,2026-07-30T00:16:11.060508
1121,Linda Spence,agricore,Field Agent,active,2026-03-16,989,2026-07-30T00:16:11.060656
1122,Kelly Patrick,agricore,Processing Facility Supervisor,on_leave,2019-01-23,1047,2026-07-30T00:16:11.060802
1123,Lynn Clark,agricore,Field Agent,terminated,2019-10-12,1108,2026-07-30T00:16:11.060948
1124,Joseph Giles,agricore,Quality Inspector,active,2024-05-19,1089,2026-07-30T00:16:11.061092
1125,Paul Henderson,agricore,Processing Facility Supervisor,active,2023-01-12,,2026-07-30T00:16:11.061237
1126,Jeanette Jones,agricore,Field Agent,on_leave,2020-09-18,925,2026-07-30T00:16:11.061384
1127,Martin Cline,agricore,Field Agent,active,2020-09-14,1062,2026-07-30T00:16:11.061529
1128,Dennis Guerra,agricore,Processing Facility Supervisor,active,2020-03-01,1006,2026-07-30T00:16:11.061673
1129,Lisa Dunn,agricore,Quality Inspector,active,2023-02-08,924,2026-07-30T00:16:11.061819
1130,John Vincent,agricore,Agronomist,active,2025-02-14,1070,2026-07-30T00:16:11.061963
1131,Christopher Morgan,agricore,Quality Inspector,active,2017-07-25,1040,2026-07-30T00:16:11.062107
1132,Michael Russo,agricore,Agronomist,active,2018-03-28,1045,2026-07-30T00:16:11.062255
1133,Jennifer Hancock,agricore,Processing Facility Supervisor,active,2024-12-27,,2026-07-30T00:16:11.062401
1134,Thomas Cooper,agricore,Quality Inspector,active,2024-09-17,942,2026-07-30T00:16:11.062546
1135,Jackie Wells,agricore,Quality Inspector,active,2024-02-13,1097,2026-07-30T00:16:11.062692
1136,Tristan Johnson,agricore,Agronomist,active,2022-02-16,1034,2026-07-30T00:16:11.062836
1137,Stephen Edwards,agricore,Field Agent,active,2021-04-14,,2026-07-30T00:16:11.062980
1138,Emily Mejia,agricore,Field Agent,active,2020-07-14,1015,2026-07-30T00:16:11.063126
1139,Dawn Dixon,agricore,Agronomist,active,2016-04-17,923,2026-07-30T00:16:11.063273
1140,Scott Miller,agricore,Field Agent,on_leave,2019-04-24,1077,2026-07-30T00:16:11.063417
1141,Kenneth Hubbard,agricore,Field Agent,active,2023-07-26,1079,2026-07-30T00:16:11.063561
1142,Elizabeth Petersen,agricore,Processing Facility Supervisor,active,2021-07-30,1028,2026-07-30T00:16:11.063707
1143,Roy Scott,agricore,Field Agent,active,2022-10-18,924,2026-07-30T00:16:11.063851
1144,Sean Flores,agricore,Quality Inspector,active,2021-10-23,1082,2026-07-30T00:16:11.063994
1145,Janice Barrera,agricore,Agronomist,active,2023-06-05,1070,2026-07-30T00:16:11.064140
1146,Anthony Mclean,agricore,Processing Facility Supervisor,active,2020-10-31,1084,2026-07-30T00:16:11.064289
1147,Kimberly Weber,agricore,Field Agent,on_leave,2023-08-18,961,2026-07-30T00:16:11.064436
1148,Joseph Kelly,agricore,Quality Inspector,active,2022-02-18,1017,2026-07-30T00:16:11.064580
1149,Nathaniel Smith,agricore,Quality Inspector,active,2019-05-01,1071,2026-07-30T00:16:11.064724
1150,Amanda Little,agricore,Processing Facility Supervisor,active,2020-01-06,998,2026-07-30T00:16:11.064871
1151,Michael Murphy,agricore,Field Agent,active,2024-09-02,965,2026-07-30T00:16:11.065016
1152,Julie Parker,agricore,Processing Facility Supervisor,active,2019-03-23,996,2026-07-30T00:16:11.065161
1153,Melissa Miller,agricore,Processing Facility Supervisor,active,2017-06-21,937,2026-07-30T00:16:11.065308
1154,Emma Owen,agricore,Processing Facility Supervisor,on_leave,2019-10-05,916,2026-07-30T00:16:11.065458
1155,Angela Caldwell,agricore,Agronomist,active,2026-03-22,944,2026-07-30T00:16:11.065603
1156,Eric Peters MD,agricore,Processing Facility Supervisor,active,2023-02-13,937,2026-07-30T00:16:11.065755
1157,Mr. Cory Johnson,agricore,Field Agent,active,2020-06-05,988,2026-07-30T00:16:11.066088
1158,Mary Gomez,agricore,Quality Inspector,terminated,2019-05-08,1061,2026-07-30T00:16:11.066481
1159,Nicole Freeman,agricore,Field Agent,terminated,2025-06-24,,2026-07-30T00:16:11.066804
1160,Frank Garcia,agricore,Agronomist,active,2020-04-02,,2026-07-30T00:16:11.067128
1161,Matthew Carlson,agricore,Field Agent,active,2019-05-12,1109,2026-07-30T00:16:11.067467
1162,Brittney Parsons,agricore,Processing Facility Supervisor,active,2025-10-09,,2026-07-30T00:16:11.067804
1163,Gabriel Kelly,agricore,Field Agent,active,2022-10-29,989,2026-07-30T00:16:11.068126
1164,Dr. Shane Parker,agricore,Quality Inspector,active,2016-06-11,1072,2026-07-30T00:16:11.068459
1165,Joseph Martinez,agricore,Processing Facility Supervisor,active,2026-06-02,914,2026-07-30T00:16:11.068767
1166,Willie Snyder,agricore,Agronomist,active,2023-06-15,977,2026-07-30T00:16:11.069033
1167,Jacqueline Farrell,agricore,Processing Facility Supervisor,active,2023-02-21,1074,2026-07-30T00:16:11.069275
1168,James Smith,agricore,Field Agent,on_leave,2021-09-13,,2026-07-30T00:16:11.069511
1169,Danielle Lewis,agricore,Agronomist,active,2025-06-07,,2026-07-30T00:16:11.069776
1170,Wayne Graves,agricore,Agronomist,active,2021-05-18,1066,2026-07-30T00:16:11.070021
1171,Adam Rogers,agricore,Quality Inspector,active,2019-10-18,1022,2026-07-30T00:16:11.070264
1172,Stephanie Lane,agricore,Field Agent,active,2023-05-26,934,2026-07-30T00:16:11.070505
1173,Alejandro Thompson,agricore,Field Agent,active,2018-09-13,1159,2026-07-30T00:16:11.070736
1174,Mariah Williams,agricore,Field Agent,active,2024-10-16,1115,2026-07-30T00:16:11.070972
1175,Colleen Robinson,agricore,Agronomist,active,2025-04-02,961,2026-07-30T00:16:11.071210
1176,Jamie Douglas,agricore,Agronomist,active,2017-03-14,991,2026-07-30T00:16:11.071442
1177,Marissa Martin,agricore,Agronomist,terminated,2019-11-13,1146,2026-07-30T00:16:11.071651
1178,Daniel Goodwin,agricore,Processing Facility Supervisor,active,2018-01-08,999,2026-07-30T00:16:11.071830
1179,Dakota Summers,agricore,Field Agent,active,2016-09-12,907,2026-07-30T00:16:11.072007
1180,David Summers,agricore,Quality Inspector,active,2020-07-15,1015,2026-07-30T00:16:11.072185
1181,Jessica Wong,agricore,Agronomist,active,2025-07-16,1123,2026-07-30T00:16:11.072422
1182,Jennifer Stewart,agricore,Processing Facility Supervisor,active,2018-06-13,965,2026-07-30T00:16:11.072605
1183,Ethan Owens,agricore,Quality Inspector,active,2025-02-18,,2026-07-30T00:16:11.072794
1184,Gregory Greer,agricore,Processing Facility Supervisor,active,2019-12-11,929,2026-07-30T00:16:11.072988
1185,Eddie Zhang,agricore,Processing Facility Supervisor,active,2024-04-11,1096,2026-07-30T00:16:11.073180
1186,Miguel Gray,agricore,Field Agent,active,2019-09-22,1171,2026-07-30T00:16:11.073384
1187,Erin Turner,agricore,Quality Inspector,active,2018-10-18,1030,2026-07-30T00:16:11.073581
1188,Jeanne Ellis,agricore,Agronomist,active,2025-03-10,1050,2026-07-30T00:16:11.073782
1189,Teresa Harris,agricore,Processing Facility Supervisor,active,2026-06-10,1100,2026-07-30T00:16:11.073978
1190,Michael Armstrong,agricore,Field Agent,active,2016-02-10,,2026-07-30T00:16:11.074167
1191,Henry Black,agricore,Processing Facility Supervisor,active,2026-02-22,1047,2026-07-30T00:16:11.074391
1192,Micheal Davis,agricore,Field Agent,active,2025-12-07,1168,2026-07-30T00:16:11.074605
1193,Bonnie Branch,agricore,Field Agent,active,2019-11-11,1143,2026-07-30T00:16:11.074820
1194,John Hamilton,agricore,Field Agent,active,2022-03-04,1141,2026-07-30T00:16:11.075033
1195,Jesus Santiago,agricore,Agronomist,terminated,2016-03-28,1138,2026-07-30T00:16:11.075244
1196,Ryan Garcia,agricore,Field Agent,active,2017-08-01,1057,2026-07-30T00:16:11.075469
1197,Spencer Hoover,agricore,Processing Facility Supervisor,active,2023-02-28,1123,2026-07-30T00:16:11.075690
1198,Mary Brown,agricore,Agronomist,active,2018-12-26,1076,2026-07-30T00:16:11.075899
1199,Timothy Schultz,agricore,Field Agent,active,2019-06-05,1120,2026-07-30T00:16:11.076067
1200,Tammy Miles,agricore,Agronomist,active,2026-03-24,1003,2026-07-30T00:16:11.076238
1201,Susan David,properties,Maintenance Coordinator,active,2024-03-11,,2026-07-30T00:16:11.076421
1202,Katherine Rodriguez,properties,Leasing Officer,terminated,2025-10-23,,2026-07-30T00:16:11.076591
1203,Ann Martinez,properties,Leasing Officer,active,2021-04-10,,2026-07-30T00:16:11.076760
1204,Judy Hodges MD,properties,Leasing Officer,active,2025-04-26,,2026-07-30T00:16:11.076942
1205,Michael Thompson,properties,Leasing Officer,active,2019-12-13,1201,2026-07-30T00:16:11.077109
1206,Alicia Browning,properties,Maintenance Coordinator,active,2018-11-21,1203,2026-07-30T00:16:11.077281
1207,Jeremy Novak,properties,Facilities Manager,active,2025-02-26,1206,2026-07-30T00:16:11.077468
1208,Paul Reyes,properties,Facilities Manager,active,2016-08-13,1202,2026-07-30T00:16:11.077615
1209,Karen Adams,properties,Maintenance Coordinator,active,2025-12-22,,2026-07-30T00:16:11.077767
1210,Kevin Bryant,properties,Facilities Manager,active,2020-05-07,1208,2026-07-30T00:16:11.077913
1211,Patrick Mason,properties,Leasing Officer,active,2023-05-18,,2026-07-30T00:16:11.078058
1212,Mary Ingram,properties,Leasing Officer,active,2024-11-18,1203,2026-07-30T00:16:11.078207
1213,Amy Payne,properties,Facilities Manager,active,2021-11-27,1207,2026-07-30T00:16:11.078355
1214,Michael Wright,properties,Maintenance Coordinator,active,2017-05-22,1207,2026-07-30T00:16:11.078501
1215,Jeremy Thomas,properties,Facilities Manager,active,2019-05-27,1203,2026-07-30T00:16:11.078647
1216,Laurie Gomez,properties,Leasing Officer,active,2020-11-05,1205,2026-07-30T00:16:11.078796
1217,Jason Villa,properties,Facilities Manager,on_leave,2026-01-17,1202,2026-07-30T00:16:11.078966
1218,Thomas Carter,properties,Leasing Officer,active,2025-02-01,1210,2026-07-30T00:16:11.079106
1219,Randy Blanchard,properties,Facilities Manager,active,2021-02-08,,2026-07-30T00:16:11.079245
1220,Daniel Moore,properties,Facilities Manager,active,2016-09-15,1201,2026-07-30T00:16:11.079384
1221,Rebecca Boyer,properties,Maintenance Coordinator,on_leave,2021-12-27,1213,2026-07-30T00:16:11.079527
1222,William Trujillo,properties,Maintenance Coordinator,active,2022-12-14,1210,2026-07-30T00:16:11.079670
1223,Gary Torres,properties,Facilities Manager,active,2016-10-06,1213,2026-07-30T00:16:11.079810
1224,Carly Miles,properties,Facilities Manager,active,2017-09-14,1214,2026-07-30T00:16:11.079962
1225,Debra Myers,properties,Maintenance Coordinator,active,2019-07-07,1215,2026-07-30T00:16:11.080107
1226,Brandon Murphy,properties,Facilities Manager,active,2024-04-17,,2026-07-30T00:16:11.080248
1227,Todd White,properties,Maintenance Coordinator,active,2019-02-06,1213,2026-07-30T00:16:11.080401
1228,Diane Sanders,properties,Maintenance Coordinator,active,2018-11-09,1214,2026-07-30T00:16:11.080549
1229,Kevin Johnson,properties,Facilities Manager,active,2024-06-14,1220,2026-07-30T00:16:11.080691
1230,Stephanie Ortiz,properties,Facilities Manager,active,2017-03-30,1226,2026-07-30T00:16:11.080834
1231,David Sparks,properties,Facilities Manager,active,2016-10-17,1214,2026-07-30T00:16:11.080975
1232,Jonathan Hull,properties,Maintenance Coordinator,active,2019-04-17,1217,2026-07-30T00:16:11.081252
1233,Tiffany Bean,properties,Facilities Manager,active,2026-06-26,1213,2026-07-30T00:16:11.081411
1234,Patricia Hammond,properties,Facilities Manager,active,2025-05-03,,2026-07-30T00:16:11.081563
1235,Kimberly Fisher,properties,Facilities Manager,active,2023-07-29,1232,2026-07-30T00:16:11.081708
1236,David Shannon,properties,Maintenance Coordinator,on_leave,2016-07-21,1223,2026-07-30T00:16:11.081851
1237,Donna Kelley,properties,Leasing Officer,active,2017-02-01,1206,2026-07-30T00:16:11.081994
1238,Sarah Lewis,properties,Leasing Officer,active,2022-08-15,1226,2026-07-30T00:16:11.082139
1239,Allison Becker,properties,Leasing Officer,active,2017-12-01,1232,2026-07-30T00:16:11.082282
1240,Ashley Williams,properties,Leasing Officer,active,2018-08-08,1204,2026-07-30T00:16:11.082425
1241,Alexis Morgan,properties,Facilities Manager,active,2016-11-04,1210,2026-07-30T00:16:11.082577
1242,Kelly Davis,properties,Leasing Officer,active,2017-07-04,1234,2026-07-30T00:16:11.082720
1243,Melanie Taylor,properties,Maintenance Coordinator,active,2021-08-12,1221,2026-07-30T00:16:11.082861
1244,Meagan Chavez,properties,Facilities Manager,active,2018-11-18,1228,2026-07-30T00:16:11.083003
1245,Derrick Johnson,properties,Facilities Manager,active,2019-02-15,1241,2026-07-30T00:16:11.083143
1246,Taylor Richardson,properties,Facilities Manager,on_leave,2020-09-19,1205,2026-07-30T00:16:11.083289
1247,Joseph Olson,properties,Maintenance Coordinator,terminated,2016-12-13,1207,2026-07-30T00:16:11.083428
1248,Wayne Schwartz,properties,Leasing Officer,active,2026-03-14,1210,2026-07-30T00:16:11.083578
1249,Robert Martinez,properties,Leasing Officer,active,2017-04-09,,2026-07-30T00:16:11.083717
1250,Meghan Yoder,properties,Maintenance Coordinator,active,2026-02-07,,2026-07-30T00:16:11.083858
1251,Christine Smith,properties,Facilities Manager,active,2022-09-22,1223,2026-07-30T00:16:11.084000
1252,Raymond Thomas,properties,Facilities Manager,active,2020-03-06,1204,2026-07-30T00:16:11.084139
1253,Joshua Vincent,properties,Facilities Manager,active,2018-08-01,1202,2026-07-30T00:16:11.084279
1254,Todd Valdez,properties,Maintenance Coordinator,active,2017-01-18,1219,2026-07-30T00:16:11.084419
1255,Nicholas Taylor,properties,Maintenance Coordinator,active,2016-01-18,1235,2026-07-30T00:16:11.084568
1256,Stacy Petersen,properties,Maintenance Coordinator,active,2025-11-25,1207,2026-07-30T00:16:11.084711
1257,Sean Thomas,properties,Leasing Officer,active,2024-06-03,1249,2026-07-30T00:16:11.084854
1258,David Lopez,properties,Facilities Manager,active,2018-10-28,1217,2026-07-30T00:16:11.084993
1259,Harold Salinas,properties,Maintenance Coordinator,active,2019-02-05,1243,2026-07-30T00:16:11.085133
1260,Sarah Roberts,properties,Maintenance Coordinator,active,2021-02-12,1222,2026-07-30T00:16:11.085276
1261,Melissa Gray,properties,Maintenance Coordinator,active,2019-02-02,1204,2026-07-30T00:16:11.085419
1262,Kristin Collins,properties,Maintenance Coordinator,active,2019-12-04,1238,2026-07-30T00:16:11.085571
1263,Johnny Miller,properties,Facilities Manager,active,2024-01-21,,2026-07-30T00:16:11.085710
1264,Theresa James,properties,Maintenance Coordinator,active,2022-12-18,,2026-07-30T00:16:11.085852
1265,Mark Griffin,properties,Leasing Officer,active,2018-06-03,1202,2026-07-30T00:16:11.085994
1266,Angela Morrow,properties,Facilities Manager,active,2023-05-12,1229,2026-07-30T00:16:11.086138
1267,Helen Andrews,properties,Leasing Officer,active,2024-06-27,1218,2026-07-30T00:16:11.086281
1268,Rebecca Leach,properties,Maintenance Coordinator,active,2017-12-20,1245,2026-07-30T00:16:11.086424
1269,Alison Porter,properties,Leasing Officer,on_leave,2021-11-03,1214,2026-07-30T00:16:11.086584
1270,Matthew Phillips,properties,Facilities Manager,active,2018-08-08,,2026-07-30T00:16:11.086725
1271,Cody Meyer,properties,Facilities Manager,active,2025-02-04,1234,2026-07-30T00:16:11.086866
1272,Mary Evans,properties,Maintenance Coordinator,active,2022-11-18,1206,2026-07-30T00:16:11.087009
1273,Jordan Brooks,properties,Facilities Manager,terminated,2017-08-02,,2026-07-30T00:16:11.087149
1274,Samantha Mcgee,properties,Maintenance Coordinator,active,2022-07-20,,2026-07-30T00:16:11.087291
1275,James Alexander,properties,Maintenance Coordinator,active,2016-07-30,1246,2026-07-30T00:16:11.087432
1276,Kimberly Martinez,properties,Maintenance Coordinator,active,2020-01-05,1252,2026-07-30T00:16:11.087597
1277,Eric Goodman,properties,Facilities Manager,active,2025-11-12,1254,2026-07-30T00:16:11.087739
1278,Sara Pacheco,properties,Leasing Officer,active,2022-05-03,1214,2026-07-30T00:16:11.087882
1279,Kristina Hardy,properties,Leasing Officer,terminated,2024-05-16,1264,2026-07-30T00:16:11.088024
1280,Monica Mendoza,properties,Facilities Manager,active,2023-01-25,,2026-07-30T00:16:11.088166
1281,Fred Rhodes,properties,Facilities Manager,terminated,2016-07-15,1271,2026-07-30T00:16:11.088307
1282,Amber Mejia,properties,Maintenance Coordinator,active,2024-12-18,,2026-07-30T00:16:11.088448
1283,Jose Smith,properties,Maintenance Coordinator,active,2024-05-15,1281,2026-07-30T00:16:11.088588
1284,Nichole Bryant,properties,Leasing Officer,active,2018-10-08,1266,2026-07-30T00:16:11.088731
1285,Kevin Santos,properties,Leasing Officer,active,2026-01-22,1262,2026-07-30T00:16:11.088871
1286,Matthew Johnson,properties,Leasing Officer,terminated,2016-11-17,1232,2026-07-30T00:16:11.089025
1287,Monica Vargas,properties,Maintenance Coordinator,active,2019-06-16,,2026-07-30T00:16:11.089168
1288,Eric Mora,properties,Facilities Manager,active,2021-03-20,1235,2026-07-30T00:16:11.089309
1289,John Rowe,properties,Facilities Manager,active,2017-09-19,,2026-07-30T00:16:11.089448
1290,Jason Alexander,properties,Maintenance Coordinator,active,2019-01-22,1256,2026-07-30T00:16:11.089606
1291,Andrew Gomez,properties,Facilities Manager,active,2024-01-14,1203,2026-07-30T00:16:11.089750
1292,Tamara Luna,properties,Facilities Manager,terminated,2023-09-25,1219,2026-07-30T00:16:11.089894
1293,Travis Pearson,properties,Maintenance Coordinator,terminated,2020-01-07,1219,2026-07-30T00:16:11.090050
1294,Sarah Patel,properties,Maintenance Coordinator,active,2026-03-12,1271,2026-07-30T00:16:11.090196
1295,Sandra Moon,properties,Maintenance Coordinator,active,2019-05-16,1239,2026-07-30T00:16:11.090339
1296,Theresa Lamb,properties,Leasing Officer,active,2023-09-24,1279,2026-07-30T00:16:11.090483
1297,Lucas Barnett,properties,Facilities Manager,active,2023-10-05,1271,2026-07-30T00:16:11.090623
1298,Natalie Mccullough,properties,Leasing Officer,active,2020-09-01,1256,2026-07-30T00:16:11.090768
1299,Melissa Ramirez,properties,Maintenance Coordinator,active,2024-11-11,1221,2026-07-30T00:16:11.090911
1300,Lauren Fields,properties,Facilities Manager,active,2020-07-04,1241,2026-07-30T00:16:11.091063
1301,Edward Brewer,properties,Facilities Manager,terminated,2022-01-25,1211,2026-07-30T00:16:11.091205
1302,Timothy Bowers,properties,Maintenance Coordinator,active,2022-03-10,1233,2026-07-30T00:16:11.091345
1303,Jeremiah Roman,properties,Facilities Manager,active,2016-09-15,1260,2026-07-30T00:16:11.091486
1304,Steven Cox,properties,Facilities Manager,on_leave,2016-12-01,1245,2026-07-30T00:16:11.091627
1305,Maria Miles,properties,Facilities Manager,active,2020-06-23,1218,2026-07-30T00:16:11.091774
1306,Timothy Elliott,properties,Leasing Officer,active,2018-10-23,1266,2026-07-30T00:16:11.091915
1307,Cynthia Jones,properties,Maintenance Coordinator,active,2019-09-25,1253,2026-07-30T00:16:11.092070
1308,Patricia Patrick,properties,Maintenance Coordinator,active,2019-05-26,1223,2026-07-30T00:16:11.092213
1309,Patrick Sherman,properties,Leasing Officer,active,2024-01-10,,2026-07-30T00:16:11.092354
1310,Anthony Lopez,properties,Maintenance Coordinator,terminated,2024-08-05,1218,2026-07-30T00:16:11.092494
1311,Brittany Sanchez,properties,Maintenance Coordinator,active,2021-08-26,1222,2026-07-30T00:16:11.092637
1312,Dylan Shaw,properties,Facilities Manager,active,2024-02-13,1238,2026-07-30T00:16:11.092778
1313,April Kent,properties,Leasing Officer,active,2020-11-18,1259,2026-07-30T00:16:11.092921
1314,Sarah Cruz,properties,Facilities Manager,active,2025-04-18,1271,2026-07-30T00:16:11.093074
1315,James Howard,properties,Facilities Manager,active,2016-12-03,1287,2026-07-30T00:16:11.093215
1316,Amanda Caldwell,properties,Facilities Manager,active,2016-06-05,1229,2026-07-30T00:16:11.093358
1317,Dawn Glover,properties,Leasing Officer,active,2024-10-05,1246,2026-07-30T00:16:11.093502
1318,Sherry Myers,properties,Leasing Officer,active,2020-06-01,1292,2026-07-30T00:16:11.093645
1319,Robert Smith,properties,Leasing Officer,active,2021-05-08,,2026-07-30T00:16:11.093783
1320,Samantha Silva,properties,Leasing Officer,active,2023-12-21,1276,2026-07-30T00:16:11.093926
1321,Billy Mann,properties,Leasing Officer,active,2025-08-20,1248,2026-07-30T00:16:11.094078
1322,Bobby Huerta,properties,Maintenance Coordinator,active,2021-02-19,1237,2026-07-30T00:16:11.094219
1323,James Hudson,properties,Leasing Officer,active,2019-12-13,1210,2026-07-30T00:16:11.094361
1324,Dawn Ward,properties,Maintenance Coordinator,active,2023-07-31,1261,2026-07-30T00:16:11.094504
1325,Mark Wilson,properties,Leasing Officer,terminated,2019-12-30,1297,2026-07-30T00:16:11.094645
1326,Gary Calderon,properties,Leasing Officer,active,2016-04-15,1254,2026-07-30T00:16:11.094786
1327,Jesse Rojas,properties,Leasing Officer,active,2021-01-03,1315,2026-07-30T00:16:11.094928
1328,Alexandria Martin,properties,Maintenance Coordinator,active,2016-08-01,1226,2026-07-30T00:16:11.095080
1329,Devin Aguilar,properties,Leasing Officer,active,2023-07-16,1322,2026-07-30T00:16:11.095222
1330,Linda Roberts,properties,Facilities Manager,active,2024-09-07,1250,2026-07-30T00:16:11.095366
1331,Janet Bennett,properties,Maintenance Coordinator,active,2016-10-11,1223,2026-07-30T00:16:11.095509
1332,Joseph Diaz,properties,Leasing Officer,active,2020-12-09,1308,2026-07-30T00:16:11.095649
1333,Ashley Cook,properties,Leasing Officer,active,2025-11-15,1244,2026-07-30T00:16:11.095792
1334,Donna Noble,properties,Maintenance Coordinator,active,2026-04-28,1211,2026-07-30T00:16:11.095936
1335,Brittany Sandoval,properties,Leasing Officer,active,2024-01-02,1239,2026-07-30T00:16:11.096089
1336,Mark Phillips,properties,Leasing Officer,active,2018-12-08,1228,2026-07-30T00:16:11.096231
1337,Roberto Gonzalez,properties,Maintenance Coordinator,active,2017-09-22,1264,2026-07-30T00:16:11.096372
1338,Oscar Salazar,properties,Facilities Manager,on_leave,2021-12-02,1321,2026-07-30T00:16:11.096513
1339,Larry Palmer,properties,Maintenance Coordinator,active,2024-09-14,,2026-07-30T00:16:11.096652
1340,Nicole Tran,properties,Facilities Manager,active,2016-10-05,1225,2026-07-30T00:16:11.096796
1341,Mr. James Howard,properties,Facilities Manager,active,2021-02-16,1313,2026-07-30T00:16:11.096955
1342,Victoria Keith,properties,Leasing Officer,active,2021-07-29,,2026-07-30T00:16:11.097250
1343,Casey Bennett,properties,Leasing Officer,active,2025-03-03,1244,2026-07-30T00:16:11.097413
1344,James Lee,properties,Leasing Officer,active,2019-09-26,1312,2026-07-30T00:16:11.097553
1345,Lee Young,properties,Maintenance Coordinator,active,2024-12-22,1248,2026-07-30T00:16:11.097693
1346,Adam Tapia,properties,Facilities Manager,active,2023-03-02,1213,2026-07-30T00:16:11.097831
1347,Victoria Anthony,properties,Leasing Officer,active,2019-12-19,1253,2026-07-30T00:16:11.097979
1348,Mary Roberts,properties,Leasing Officer,on_leave,2017-02-05,1269,2026-07-30T00:16:11.098136
1349,Morgan Meyers,properties,Facilities Manager,active,2025-10-10,1325,2026-07-30T00:16:11.098277
1350,Nicole Hodges,properties,Facilities Manager,active,2026-04-01,1281,2026-07-30T00:16:11.098423
1351,Joseph Perez,vfs,Loan Officer,active,2018-10-27,,2026-07-30T00:16:11.098567
1352,Christine Nicholson,vfs,Wallet Operations Lead,active,2024-04-16,,2026-07-30T00:16:11.098711
1353,Anthony Cunningham,vfs,Wallet Operations Lead,active,2021-10-14,,2026-07-30T00:16:11.098851
1354,Jonathan Carroll,vfs,Wallet Operations Lead,active,2018-12-30,,2026-07-30T00:16:11.098991
1355,Javier Wallace,vfs,Compliance Analyst,active,2024-06-03,1353,2026-07-30T00:16:11.099146
1356,Mary Saunders,vfs,Compliance Analyst,active,2023-09-09,1352,2026-07-30T00:16:11.099291
1357,Kyle Andersen,vfs,Loan Officer,active,2023-06-27,1352,2026-07-30T00:16:11.099432
1358,Juan Espinoza,vfs,Compliance Analyst,on_leave,2016-09-23,1353,2026-07-30T00:16:11.099589
1359,Alexander Zimmerman,vfs,Loan Officer,active,2026-01-19,1351,2026-07-30T00:16:11.099734
1360,Jennifer Williams,vfs,Wallet Operations Lead,active,2019-01-12,1356,2026-07-30T00:16:11.099882
1361,Tiffany Ortiz,vfs,Wallet Operations Lead,active,2017-10-06,1358,2026-07-30T00:16:11.100028
1362,Daniel Parker,vfs,Loan Officer,active,2019-11-10,1361,2026-07-30T00:16:11.100174
1363,Kara Peterson MD,vfs,Wallet Operations Lead,active,2017-07-05,1356,2026-07-30T00:16:11.100330
1364,Eric Humphrey,vfs,Compliance Analyst,active,2023-07-29,1358,2026-07-30T00:16:11.100473
1365,Erin Torres,vfs,Loan Officer,active,2019-02-22,,2026-07-30T00:16:11.100633
1366,Stacey Brown,vfs,Wallet Operations Lead,active,2025-11-27,,2026-07-30T00:16:11.100777
1367,Hannah Cox,vfs,Loan Officer,active,2021-05-23,1366,2026-07-30T00:16:11.100922
1368,Christopher Hernandez,vfs,Loan Officer,active,2020-02-01,1360,2026-07-30T00:16:11.101075
1369,Ashley Brown,vfs,Loan Officer,active,2017-01-17,,2026-07-30T00:16:11.101220
1370,Francisco Ross,vfs,Wallet Operations Lead,active,2021-02-05,1354,2026-07-30T00:16:11.101361
1371,Mrs. Rachel Taylor,vfs,Compliance Analyst,on_leave,2018-12-08,1351,2026-07-30T00:16:11.101519
1372,William Byrd,vfs,Loan Officer,active,2017-08-05,,2026-07-30T00:16:11.101661
1373,Billy Joyce,vfs,Compliance Analyst,active,2016-09-28,,2026-07-30T00:16:11.101802
1374,Adam Jones,vfs,Compliance Analyst,active,2023-09-25,1364,2026-07-30T00:16:11.101944
1375,Andrew Taylor,vfs,Loan Officer,active,2017-10-08,1367,2026-07-30T00:16:11.102109
1376,Allen Webb,vfs,Compliance Analyst,active,2024-04-18,1366,2026-07-30T00:16:11.102254
1377,Richard Terry,vfs,Loan Officer,active,2024-06-10,1374,2026-07-30T00:16:11.102395
1378,David Phillips,vfs,Wallet Operations Lead,active,2023-02-13,1358,2026-07-30T00:16:11.102536
1379,Hannah Collins,vfs,Loan Officer,active,2020-04-13,1368,2026-07-30T00:16:11.102681
1380,Emily Perkins,vfs,Compliance Analyst,active,2017-05-24,1371,2026-07-30T00:16:11.102825
1381,Jennifer Harris,vfs,Wallet Operations Lead,active,2023-11-16,1354,2026-07-30T00:16:11.102970
1382,James Small,vfs,Loan Officer,active,2022-06-18,1354,2026-07-30T00:16:11.103122
1383,Elizabeth Barnett,vfs,Wallet Operations Lead,active,2016-07-31,1353,2026-07-30T00:16:11.103267
1384,Bruce White,vfs,Wallet Operations Lead,active,2016-09-23,1365,2026-07-30T00:16:11.103410
1385,Adriana Yang,vfs,Loan Officer,active,2019-08-11,1367,2026-07-30T00:16:11.103554
1386,Morgan Mills,vfs,Loan Officer,active,2019-01-21,1368,2026-07-30T00:16:11.103699
1387,Jennifer Mckenzie,vfs,Wallet Operations Lead,active,2016-12-31,1380,2026-07-30T00:16:11.103843
1388,Charles Smith,vfs,Wallet Operations Lead,active,2020-05-17,1366,2026-07-30T00:16:11.103986
1389,Rachel Rivas,vfs,Compliance Analyst,active,2020-06-28,,2026-07-30T00:16:11.104138
1390,Samantha Yates,vfs,Compliance Analyst,active,2022-04-24,1358,2026-07-30T00:16:11.104282
1391,Timothy Thompson,vfs,Compliance Analyst,active,2023-10-01,1364,2026-07-30T00:16:11.104424
1392,Brian Paul,vfs,Loan Officer,active,2016-09-17,1359,2026-07-30T00:16:11.104565
1393,Michael Perry,vfs,Wallet Operations Lead,active,2016-09-14,1366,2026-07-30T00:16:11.104708
1394,Chad Sheppard,vfs,Wallet Operations Lead,active,2018-08-14,1389,2026-07-30T00:16:11.104850
1395,Justin Brooks,vfs,Loan Officer,active,2019-08-08,1365,2026-07-30T00:16:11.104993
1396,Larry Rogers,vfs,Loan Officer,active,2024-01-31,1380,2026-07-30T00:16:11.105144
1397,Kayla Walker,vfs,Compliance Analyst,active,2023-03-25,1367,2026-07-30T00:16:11.105289
1398,Victoria Wright,vfs,Compliance Analyst,active,2016-04-17,1362,2026-07-30T00:16:11.105434
1399,Wayne Rose,vfs,Wallet Operations Lead,terminated,2024-01-02,1388,2026-07-30T00:16:11.105576
1400,Jeanette Logan,vfs,Compliance Analyst,active,2018-03-24,1354,2026-07-30T00:16:11.105719
1401,Anthony Ibarra,vfs,Compliance Analyst,active,2023-02-06,1391,2026-07-30T00:16:11.105862
1402,Emily Cain,vfs,Wallet Operations Lead,active,2026-03-18,1401,2026-07-30T00:16:11.106009
1403,Jackie Johnson,vfs,Loan Officer,active,2025-07-19,1395,2026-07-30T00:16:11.106162
1404,Roberta Parker,vfs,Compliance Analyst,active,2018-11-02,1395,2026-07-30T00:16:11.106304
1405,Sally Williams,vfs,Wallet Operations Lead,active,2021-06-21,1364,2026-07-30T00:16:11.106447
1406,Kiara Conley,vfs,Loan Officer,active,2017-02-15,1387,2026-07-30T00:16:11.106598
1407,Christopher Merritt,vfs,Compliance Analyst,terminated,2023-01-21,1383,2026-07-30T00:16:11.106740
1408,Aaron Hall,vfs,Compliance Analyst,active,2025-01-30,1372,2026-07-30T00:16:11.106880
1409,Lance Adams,vfs,Wallet Operations Lead,active,2016-05-11,,2026-07-30T00:16:11.107020
1410,Joe Warren,vfs,Compliance Analyst,active,2023-05-12,1404,2026-07-30T00:16:11.107170
1411,Crystal Bailey,vfs,Compliance Analyst,active,2018-06-16,,2026-07-30T00:16:11.107312
1412,Kenneth Monroe,vfs,Wallet Operations Lead,active,2023-10-28,,2026-07-30T00:16:11.107452
1413,Jennifer Hernandez,vfs,Wallet Operations Lead,active,2016-12-24,,2026-07-30T00:16:11.107593
1414,Tiffany David,vfs,Loan Officer,active,2019-10-09,1390,2026-07-30T00:16:11.107737
1415,Raymond Reeves,vfs,Wallet Operations Lead,active,2023-01-22,1389,2026-07-30T00:16:11.107877
1416,Mary Hernandez,vfs,Compliance Analyst,on_leave,2024-02-14,1366,2026-07-30T00:16:11.108020
1417,Amanda Beltran,vfs,Wallet Operations Lead,active,2025-03-06,,2026-07-30T00:16:11.108172
1418,Miranda Terry,vfs,Wallet Operations Lead,active,2024-02-01,,2026-07-30T00:16:11.108314
1419,Vanessa Barnes,vfs,Wallet Operations Lead,active,2023-05-22,1414,2026-07-30T00:16:11.108457
1420,Natasha Jones,vfs,Wallet Operations Lead,active,2016-01-15,1410,2026-07-30T00:16:11.108600
1421,Crystal Simpson,vfs,Compliance Analyst,active,2025-12-28,1355,2026-07-30T00:16:11.108743
1422,Kevin Davidson,vfs,Loan Officer,active,2019-12-03,1406,2026-07-30T00:16:11.108889
1423,Angela Fletcher,vfs,Compliance Analyst,active,2020-01-11,1384,2026-07-30T00:16:11.109043
1424,Jose Grant,vfs,Compliance Analyst,active,2026-05-11,,2026-07-30T00:16:11.109186
1425,Craig Clark,vfs,Compliance Analyst,active,2024-01-30,1421,2026-07-30T00:16:11.109327
1426,Dr. Angela Hernandez,group,Group Finance,active,2025-09-30,,2026-07-30T00:16:11.109482
1427,Joshua Wood,group,Group Finance,terminated,2017-01-12,,2026-07-30T00:16:11.109642
1428,John Munoz,group,Group Finance,active,2017-07-22,,2026-07-30T00:16:11.109784
1429,Patricia Middleton,group,Group Finance,active,2024-03-31,,2026-07-30T00:16:11.109928
1430,Susan Thornton,group,Group Finance,active,2023-07-07,1427,2026-07-30T00:16:11.110074
1431,Michael Jones,group,Group Executive,active,2023-09-16,1426,2026-07-30T00:16:11.110216
1432,Larry Meyer,group,Group Executive,on_leave,2023-08-31,1429,2026-07-30T00:16:11.110366
1433,Brenda Smith,group,Group Executive,active,2016-01-18,,2026-07-30T00:16:11.110511
1434,Jose Martinez,group,Group Finance,active,2019-12-25,1429,2026-07-30T00:16:11.110653
1435,Michael Campbell,group,Group Finance,active,2021-11-05,1429,2026-07-30T00:16:11.110795
1436,Amber Taylor,group,Group HR,active,2022-01-06,,2026-07-30T00:16:11.110938
1437,Cody Murray,group,Group Finance,active,2022-11-15,1430,2026-07-30T00:16:11.111096
1438,Joseph Snyder,group,Group Executive,active,2020-06-30,1434,2026-07-30T00:16:11.111240
1439,Alexandra Schneider,group,Group Finance,active,2018-12-08,1431,2026-07-30T00:16:11.111384
1440,Michael Welch,group,Group HR,terminated,2021-09-30,,2026-07-30T00:16:11.111525
1441,Melissa Greene,group,Group Finance,active,2018-02-18,1434,2026-07-30T00:16:11.111669
1442,Brad Garcia,group,Group Finance,on_leave,2022-01-23,1437,2026-07-30T00:16:11.111811
1443,Ashley Mitchell,group,Group Executive,on_leave,2019-01-31,1442,2026-07-30T00:16:11.111956
1444,Michael Smith,group,Group Executive,active,2019-12-17,1443,2026-07-30T00:16:11.112107
1445,Scott Hartman,group,Group Finance,active,2019-02-07,1429,2026-07-30T00:16:11.112250
1446,Joseph Adams,group,Group Finance,active,2018-12-18,1435,2026-07-30T00:16:11.112392
1447,Joshua Rocha,group,Group Finance,active,2022-12-14,1431,2026-07-30T00:16:11.112533
1448,Larry Harmon,group,Group HR,on_leave,2022-01-20,1428,2026-07-30T00:16:11.112675
1449,Michael Wells,group,Group HR,active,2017-04-06,,2026-07-30T00:16:11.112815
1450,Casey Cole,group,Group Finance,active,2021-12-16,1445,2026-07-30T00:16:11.112960
1451,Anthony Tucker,group,Group HR,active,2023-06-11,1426,2026-07-30T00:16:11.113802
1452,Larry Simmons,group,Group Finance,active,2021-04-13,1439,2026-07-30T00:16:11.114228
1453,Jennifer Hill,group,Group Executive,active,2019-01-12,1447,2026-07-30T00:16:11.114607
1454,Manuel Ferguson,group,Group Executive,active,2022-03-22,1426,2026-07-30T00:16:11.114956
1455,Patricia Garcia,group,Group Finance,active,2018-11-28,1452,2026-07-30T00:16:11.115232
1456,Mr. Jeffrey Richmond,group,Group Finance,active,2016-01-11,1439,2026-07-30T00:16:11.115507
1457,Rebecca Long,group,Group Executive,active,2018-10-30,1435,2026-07-30T00:16:11.115759
1458,Jesse Cameron,group,Group Executive,active,2017-01-03,1432,2026-07-30T00:16:11.116006
1459,Andrew Mendoza,group,Group Finance,active,2022-03-20,1441,2026-07-30T00:16:11.116260
1460,Omar Francis,group,Group Executive,active,2022-07-15,1433,2026-07-30T00:16:11.116529
1461,Kimberly Mcdaniel,group,Group HR,active,2021-12-13,1427,2026-07-30T00:16:11.116816
1462,Kaitlyn Cruz,group,Group Finance,active,2022-08-10,1428,2026-07-30T00:16:11.117082
1463,David Hill,group,Group Executive,active,2023-05-24,1458,2026-07-30T00:16:11.117367
1464,Elizabeth Adams,group,Group HR,active,2017-10-01,1462,2026-07-30T00:16:11.117618
1465,Andrea Church,group,Group Finance,active,2021-05-30,1441,2026-07-30T00:16:11.117856
1466,Jason Pace,group,Group Executive,active,2018-11-21,1453,2026-07-30T00:16:11.118098
1467,Mr. Evan Scott,group,Group Finance,active,2022-09-13,1457,2026-07-30T00:16:11.118352
1468,Victor Hamilton MD,group,Group Finance,active,2017-12-04,1462,2026-07-30T00:16:11.118609
1469,Emily Harrison,group,Group HR,active,2024-04-11,1447,2026-07-30T00:16:11.118854
1470,Timothy Meyer,group,Group Executive,active,2021-11-08,1427,2026-07-30T00:16:11.119064
1471,Alexandra Brown,group,Group Finance,active,2024-07-17,1452,2026-07-30T00:16:11.119270
1472,Abigail Ross,group,Group HR,active,2018-11-21,1440,2026-07-30T00:16:11.119495
1473,Patty Armstrong,group,Group Finance,active,2020-11-21,1461,2026-07-30T00:16:11.119680
1474,Harold Russell,group,Group HR,active,2021-11-09,1433,2026-07-30T00:16:11.119862
1475,Sue Walker DVM,group,Group Finance,terminated,2018-03-22,1430,2026-07-30T00:16:11.120061
1476,Michael Marks PhD,group,Group Executive,active,2020-08-01,1457,2026-07-30T00:16:11.120258
1477,Xavier Young,group,Group Executive,active,2024-03-06,1438,2026-07-30T00:16:11.120442
1478,Adrian Atkins,group,Group HR,active,2023-08-17,1427,2026-07-30T00:16:11.120627
1479,Nicholas Anderson,group,Group HR,active,2017-03-17,1434,2026-07-30T00:16:11.120824
1480,Tanya Barker,group,Group Executive,active,2020-05-02,1451,2026-07-30T00:16:11.121034
1481,Robert Kelly,group,Group HR,active,2016-02-10,,2026-07-30T00:16:11.121232
1482,Elizabeth Smith PhD,group,Group HR,active,2017-07-04,1455,2026-07-30T00:16:11.121454
1483,Brandon Munoz,group,Group HR,active,2016-09-22,1482,2026-07-30T00:16:11.121651
1484,Duane Zuniga,group,Group HR,active,2023-04-10,1481,2026-07-30T00:16:11.121850
1485,Edward Cole,group,Group HR,active,2024-08-22,1439,2026-07-30T00:16:11.122047
1486,Beth Cole,group,Group Finance,active,2017-10-20,1481,2026-07-30T00:16:11.122247
1487,Maria King,group,Group HR,active,2022-01-22,1442,2026-07-30T00:16:11.122466
1488,James Taylor,group,Group Finance,active,2023-10-16,1435,2026-07-30T00:16:11.122682
1489,Stephen Smith PhD,group,Group Executive,active,2023-06-17,1479,2026-07-30T00:16:11.122913
1490,Kimberly Benson,group,Group Executive,active,2026-01-07,1453,2026-07-30T00:16:11.123133
1491,Shawn Castillo,group,Group Executive,active,2017-05-06,1488,2026-07-30T00:16:11.123350
1492,Devin Ewing,group,Group Finance,active,2024-12-28,1429,2026-07-30T00:16:11.123573
1493,Heather West,group,Group Executive,active,2025-11-09,1461,2026-07-30T00:16:11.123793
1494,Joseph Henderson,group,Group HR,active,2018-01-25,,2026-07-30T00:16:11.123995
1495,Anthony Peck,group,Group Finance,active,2024-11-03,1474,2026-07-30T00:16:11.124173
1496,Steven Wiley,group,Group Finance,active,2023-09-04,1442,2026-07-30T00:16:11.124331
1497,Heather Walker,group,Group Finance,active,2020-04-21,,2026-07-30T00:16:11.124492
1498,Olivia Jenkins,group,Group Executive,active,2021-10-30,1454,2026-07-30T00:16:11.124653
1499,Anna Thompson,group,Group HR,on_leave,2025-01-14,1454,2026-07-30T00:16:11.124815
1500,Thomas Wilkerson,group,Group Executive,active,2018-02-07,1455,2026-07-30T00:16:11.124973
