farm_id,supplier_id,location_id,size_hectares,primary_crop
1,1,75,1.82,Plantain
2,2,76,23.26,Plantain
3,3,77,24.15,Maize
4,3,78,3.95,Rice (Paddy)
5,4,79,16.26,Yam
6,5,80,16.1,Plantain
7,5,81,5.19,Groundnut
8,6,82,3.06,Cassava
9,7,83,9.76,Maize
10,8,84,18.97,Cocoa
11,8,85,15.58,Groundnut
12,8,86,13.54,Yam
13,9,87,23.38,Rice (Paddy)
14,10,88,13.35,Cassava
15,11,89,11.73,Rice (Paddy)
16,12,90,14.91,Groundnut
17,13,91,3.54,Plantain
18,14,92,13.96,Maize
19,15,93,4.98,Maize
20,15,94,5.6,Plantain
21,16,95,16.65,Yam
22,17,96,4.29,Cassava
23,18,97,9.14,Cocoa
24,19,98,2.57,Cocoa
25,19,99,23.0,Cocoa
26,20,100,17.99,Yam
27,21,101,3.19,Cassava
28,22,102,20.15,Groundnut
29,23,103,2.85,Yam
30,24,104,8.07,Groundnut
31,25,105,11.32,Maize
32,26,106,22.01,Cocoa
33,27,107,10.13,Cassava
34,28,108,20.8,Cocoa
35,29,109,10.63,Yam
36,30,110,1.71,Cassava
37,31,111,10.2,Groundnut
38,32,112,9.16,Yam
39,32,113,10.14,Groundnut
40,33,114,24.81,Rice (Paddy)
41,34,115,2.66,Maize
42,35,116,6.3,Yam
43,36,117,6.36,Yam
44,37,118,18.85,Groundnut
45,38,119,16.42,Cocoa
46,39,120,21.29,Plantain
47,39,121,24.79,Yam
48,40,122,1.32,Yam
49,41,123,3.55,Maize
50,42,124,1.02,Plantain
51,42,125,2.41,Rice (Paddy)
52,43,126,5.43,Plantain
53,44,127,16.71,Groundnut
54,45,128,11.37,Groundnut
55,46,129,7.8,Groundnut
56,47,130,5.47,Maize
57,48,131,17.73,Rice (Paddy)
58,48,132,14.23,Plantain
59,49,133,20.08,Cassava
60,50,134,18.67,Rice (Paddy)
61,50,135,9.24,Cassava
62,50,136,1.73,Maize
63,51,137,21.69,Cocoa
64,52,138,21.08,Rice (Paddy)
65,53,139,10.87,Rice (Paddy)
66,53,140,19.96,Rice (Paddy)
67,54,141,23.39,Plantain
68,55,142,23.15,Maize
69,56,143,19.73,Cassava
70,57,144,2.06,Rice (Paddy)
71,58,145,24.79,Yam
72,58,146,15.04,Cassava
73,59,147,11.42,Yam
74,60,148,9.93,Cassava
75,61,149,10.25,Plantain
76,62,150,4.08,Maize
77,62,151,3.34,Rice (Paddy)
78,63,152,19.53,Cocoa
79,64,153,14.51,Yam
80,65,154,19.45,Plantain
81,66,155,15.52,Groundnut
82,67,156,24.05,Rice (Paddy)
83,68,157,4.28,Cocoa
84,68,158,21.43,Maize
85,69,159,14.02,Rice (Paddy)
86,70,160,17.53,Cocoa
87,71,161,5.89,Cocoa
88,71,162,21.18,Groundnut
89,72,163,8.68,Cocoa
90,73,164,19.21,Plantain
91,74,165,16.62,Cocoa
92,74,166,1.41,Maize
93,75,167,0.78,Groundnut
94,76,168,15.22,Plantain
95,77,169,12.74,Cassava
96,77,170,21.39,Yam
97,78,171,20.29,Rice (Paddy)
98,79,172,18.23,Plantain
99,80,173,20.6,Cocoa
100,80,174,14.27,Yam
101,81,175,23.37,Rice (Paddy)
102,82,176,6.52,Yam
103,83,177,16.65,Groundnut
104,84,178,12.92,Yam
105,85,179,0.84,Plantain
106,85,180,15.1,Yam
107,85,181,16.58,Cassava
108,86,182,16.51,Maize
109,87,183,15.81,Maize
110,88,184,0.72,Yam
111,89,185,8.08,Cassava
112,90,186,18.77,Rice (Paddy)
113,91,187,11.26,Cassava
114,92,188,10.04,Groundnut
115,93,189,1.41,Rice (Paddy)
116,94,190,23.1,Cocoa
117,95,191,18.52,Cassava
118,96,192,14.52,Maize
119,97,193,24.35,Yam
120,98,194,21.87,Cocoa
121,99,195,2.45,Groundnut
122,100,196,15.76,Yam
123,101,197,4.43,Cassava
124,102,198,18.2,Yam
125,103,199,20.05,Cassava
126,103,200,2.67,Plantain
127,103,201,11.06,Yam
128,104,202,3.07,Plantain
129,105,203,12.05,Rice (Paddy)
130,105,204,18.28,Maize
131,106,205,9.26,Cocoa
132,107,206,7.7,Cassava
133,108,207,4.49,Groundnut
134,109,208,7.08,Cocoa
135,110,209,6.28,Rice (Paddy)
136,111,210,13.67,Cassava
137,112,211,5.01,Rice (Paddy)
138,113,212,12.81,Rice (Paddy)
139,114,213,9.34,Rice (Paddy)
140,115,214,13.57,Yam
141,116,215,11.56,Plantain
142,117,216,7.67,Groundnut
143,118,217,2.29,Yam
144,119,218,18.47,Groundnut
145,120,219,8.08,Rice (Paddy)
146,120,220,9.29,Maize
147,121,221,19.4,Cassava
148,122,222,24.73,Rice (Paddy)
149,123,223,14.85,Cassava
150,123,224,18.3,Cocoa
151,124,225,7.92,Cassava
152,125,226,4.74,Yam
153,126,227,18.33,Groundnut
154,127,228,11.34,Cocoa
155,128,229,20.48,Cassava
156,129,230,5.04,Maize
157,130,231,2.46,Plantain
158,130,232,2.72,Maize
159,130,233,2.81,Cassava
160,131,234,5.97,Groundnut
161,131,235,19.35,Plantain
162,132,236,21.22,Plantain
163,133,237,3.3,Maize
164,134,238,24.41,Groundnut
165,135,239,17.54,Cocoa
166,136,240,22.22,Yam
167,137,241,12.81,Cocoa
168,138,242,5.6,Cassava
169,139,243,1.31,Plantain
170,140,244,20.9,Yam
171,140,245,4.45,Plantain
172,141,246,18.78,Groundnut
173,142,247,5.51,Yam
174,143,248,10.62,Maize
175,143,249,13.17,Rice (Paddy)
176,144,250,15.78,Yam
177,145,251,8.83,Plantain
178,146,252,5.24,Cocoa
179,147,253,0.99,Rice (Paddy)
180,148,254,12.8,Cocoa
181,149,255,19.88,Groundnut
182,149,256,16.53,Plantain
183,149,257,13.96,Plantain
184,150,258,11.56,Plantain
185,151,259,17.45,Yam
186,152,260,21.38,Yam
187,153,261,6.37,Cocoa
188,154,262,9.38,Cassava
189,155,263,12.77,Cocoa
190,155,264,5.04,Yam
191,156,265,11.94,Rice (Paddy)
192,157,266,4.51,Cocoa
193,158,267,20.42,Groundnut
194,159,268,7.01,Yam
195,160,269,5.21,Maize
196,161,270,14.49,Groundnut
197,162,271,23.5,Maize
198,163,272,20.09,Yam
199,163,273,10.36,Plantain
200,163,274,19.74,Plantain
201,164,275,12.72,Maize
202,165,276,11.86,Cassava
203,166,277,9.56,Groundnut
204,166,278,7.67,Maize
205,167,279,23.11,Plantain
206,168,280,12.1,Yam
207,169,281,2.95,Rice (Paddy)
208,170,282,7.75,Groundnut
209,171,283,20.88,Plantain
210,172,284,1.79,Cassava
211,173,285,19.88,Cocoa
212,173,286,15.83,Plantain
213,173,287,22.08,Cocoa
214,174,288,11.49,Plantain
215,175,289,14.02,Cassava
216,176,290,22.54,Cassava
217,177,291,21.95,Plantain
218,178,292,16.08,Cassava
219,179,293,5.0,Yam
220,179,294,10.67,Maize
221,180,295,0.93,Cocoa
222,180,296,9.67,Cocoa
223,181,297,18.46,Yam
224,181,298,11.72,Cocoa
225,182,299,18.75,Cassava
226,182,300,22.15,Cocoa
227,183,301,18.51,Cocoa
228,183,302,0.55,Groundnut
229,183,303,20.06,Cocoa
230,184,304,8.62,Maize
231,185,305,19.35,Cassava
232,185,306,23.08,Plantain
233,186,307,17.39,Yam
234,186,308,6.86,Rice (Paddy)
235,186,309,6.64,Rice (Paddy)
236,187,310,3.78,Yam
237,188,311,8.81,Plantain
238,189,312,10.28,Maize
239,190,313,8.65,Maize
240,191,314,1.34,Maize
241,192,315,16.17,Maize
242,193,316,1.97,Yam
243,194,317,13.61,Plantain
244,195,318,11.03,Groundnut
245,195,319,10.86,Rice (Paddy)
246,196,320,1.05,Yam
247,197,321,18.55,Cocoa
248,197,322,9.78,Groundnut
249,197,323,9.0,Maize
250,198,324,23.3,Rice (Paddy)
251,199,325,11.83,Yam
252,200,326,22.63,Maize
253,201,327,11.26,Plantain
254,202,328,18.81,Rice (Paddy)
255,203,329,6.37,Cocoa
256,204,330,18.21,Maize
257,205,331,10.48,Rice (Paddy)
258,206,332,9.32,Rice (Paddy)
259,206,333,16.07,Plantain
260,206,334,8.79,Plantain
261,207,335,14.19,Rice (Paddy)
262,208,336,3.82,Rice (Paddy)
263,208,337,19.84,Groundnut
264,209,338,1.85,Plantain
265,210,339,23.7,Maize
266,211,340,23.04,Maize
267,211,341,10.42,Groundnut
268,212,342,1.88,Plantain
269,213,343,3.22,Rice (Paddy)
270,213,344,17.75,Rice (Paddy)
271,214,345,11.1,Groundnut
272,215,346,20.03,Rice (Paddy)
273,215,347,5.08,Groundnut
274,215,348,9.93,Plantain
275,216,349,20.3,Groundnut
276,217,350,19.92,Cocoa
277,218,351,3.48,Cassava
278,219,352,7.31,Rice (Paddy)
279,220,353,11.27,Plantain
280,220,354,20.53,Plantain
281,221,355,15.18,Yam
282,222,356,1.59,Maize
283,223,357,16.23,Maize
284,224,358,6.72,Cocoa
285,224,359,7.16,Yam
286,225,360,5.16,Cocoa
287,226,361,24.34,Rice (Paddy)
288,227,362,12.44,Cocoa
289,227,363,14.32,Cassava
290,228,364,20.76,Rice (Paddy)
291,229,365,9.02,Plantain
292,230,366,10.85,Cassava
293,231,367,8.8,Cocoa
294,232,368,13.21,Groundnut
295,233,369,16.56,Plantain
296,233,370,3.52,Cocoa
297,233,371,12.3,Rice (Paddy)
298,234,372,24.86,Plantain
299,235,373,5.98,Plantain
300,236,374,21.54,Yam
301,237,375,7.27,Cassava
302,238,376,13.82,Cassava
303,239,377,22.67,Rice (Paddy)
304,240,378,23.75,Groundnut
305,241,379,11.44,Groundnut
306,242,380,17.37,Groundnut
307,243,381,2.79,Cassava
308,243,382,0.68,Maize
309,244,383,3.88,Plantain
310,244,384,6.75,Groundnut
311,245,385,10.85,Groundnut
312,246,386,10.74,Plantain
313,247,387,16.96,Groundnut
314,248,388,16.91,Cassava
315,249,389,6.34,Plantain
316,250,390,1.01,Cassava
317,251,391,12.36,Cassava
318,252,392,15.06,Rice (Paddy)
319,252,393,4.27,Rice (Paddy)
320,253,394,9.19,Plantain
321,254,395,23.06,Cassava
322,254,396,9.09,Maize
323,254,397,12.04,Cocoa
324,255,398,23.09,Plantain
325,256,399,5.31,Rice (Paddy)
326,257,400,7.19,Cassava
327,258,401,2.3,Yam
328,259,402,14.56,Plantain
329,260,403,6.98,Rice (Paddy)
330,261,404,18.62,Rice (Paddy)
331,262,405,18.32,Cassava
332,263,406,6.2,Yam
333,264,407,23.13,Yam
334,264,408,12.28,Groundnut
335,265,409,10.08,Yam
336,266,410,19.92,Cocoa
337,267,411,10.37,Yam
338,268,412,11.16,Maize
339,269,413,8.91,Plantain
340,269,414,4.81,Cocoa
341,270,415,3.98,Groundnut
342,271,416,10.11,Groundnut
343,272,417,12.57,Maize
344,273,418,3.27,Rice (Paddy)
345,274,419,5.92,Cassava
346,275,420,7.29,Cocoa
347,276,421,3.11,Groundnut
348,277,422,2.65,Yam
349,278,423,8.08,Yam
350,278,424,21.28,Maize
351,278,425,5.81,Yam
352,279,426,7.13,Cocoa
353,280,427,11.47,Maize
354,280,428,17.88,Cassava
355,281,429,19.83,Groundnut
356,282,430,15.24,Groundnut
357,283,431,12.06,Cocoa
358,284,432,24.47,Cassava
359,285,433,11.12,Maize
360,285,434,12.99,Maize
361,286,435,24.07,Yam
362,287,436,7.49,Plantain
363,288,437,8.95,Cassava
364,289,438,23.56,Maize
365,290,439,22.55,Rice (Paddy)
366,291,440,1.12,Maize
367,291,441,15.76,Rice (Paddy)
368,292,442,2.23,Groundnut
369,293,443,9.17,Rice (Paddy)
370,294,444,13.87,Yam
371,295,445,12.13,Yam
372,296,446,11.86,Maize
373,297,447,1.59,Cassava
374,298,448,1.15,Plantain
375,298,449,15.09,Cocoa
376,299,450,13.86,Groundnut
377,300,451,23.05,Cassava
378,301,452,20.71,Groundnut
379,302,453,15.53,Maize
380,303,454,16.4,Maize
381,304,455,9.5,Cocoa
382,305,456,2.29,Groundnut
383,306,457,15.23,Maize
384,307,458,15.7,Maize
385,308,459,8.51,Rice (Paddy)
386,309,460,20.84,Plantain
387,310,461,17.56,Plantain
388,311,462,0.72,Cassava
389,312,463,19.25,Groundnut
390,313,464,9.18,Groundnut
391,314,465,2.46,Plantain
392,315,466,9.72,Cocoa
393,316,467,6.25,Groundnut
394,317,468,8.86,Plantain
395,318,469,19.31,Rice (Paddy)
396,318,470,7.94,Plantain
397,319,471,8.83,Cocoa
398,320,472,22.4,Rice (Paddy)
399,321,473,22.41,Cocoa
400,321,474,21.63,Maize
401,321,475,22.46,Yam
402,322,476,17.31,Cocoa
403,323,477,21.6,Plantain
404,324,478,19.89,Cassava
405,325,479,4.74,Cocoa
406,326,480,1.49,Rice (Paddy)
407,327,481,12.96,Cassava
408,328,482,7.13,Cassava
409,329,483,2.73,Cocoa
410,330,484,9.38,Cassava
411,331,485,14.03,Rice (Paddy)
412,332,486,13.7,Yam
413,333,487,17.81,Maize
414,334,488,13.44,Groundnut
415,335,489,9.33,Yam
416,336,490,19.49,Maize
417,337,491,18.49,Cocoa
418,337,492,15.0,Cassava
419,338,493,4.75,Cassava
420,339,494,23.64,Rice (Paddy)
421,339,495,8.94,Groundnut
422,340,496,10.76,Maize
423,341,497,21.24,Maize
424,341,498,14.26,Plantain
425,342,499,8.92,Groundnut
426,343,500,7.6,Groundnut
427,344,501,23.43,Cocoa
428,345,502,3.51,Groundnut
429,346,503,3.47,Maize
430,347,504,22.35,Cocoa
431,348,505,5.47,Groundnut
432,349,506,19.39,Cocoa
433,350,507,9.64,Groundnut
434,351,508,6.0,Cassava
435,352,509,24.25,Yam
436,353,510,16.21,Plantain
437,354,511,7.39,Plantain
438,355,512,14.36,Plantain
439,355,513,21.2,Maize
440,355,514,17.32,Plantain
441,356,515,5.55,Maize
442,357,516,12.83,Yam
443,358,517,15.26,Groundnut
444,358,518,5.07,Maize
445,358,519,4.81,Plantain
446,359,520,24.68,Cassava
447,360,521,20.11,Groundnut
448,361,522,9.72,Yam
449,362,523,5.78,Cassava
450,363,524,5.83,Plantain
451,364,525,18.38,Yam
452,365,526,15.68,Groundnut
453,365,527,4.16,Cocoa
454,366,528,18.72,Maize
455,367,529,15.97,Rice (Paddy)
456,368,530,17.76,Cocoa
457,369,531,23.66,Yam
458,370,532,21.09,Groundnut
459,371,533,6.41,Groundnut
460,372,534,24.57,Maize
461,373,535,15.14,Cassava
462,373,536,6.75,Maize
463,373,537,17.65,Yam
464,374,538,11.81,Rice (Paddy)
465,375,539,12.42,Rice (Paddy)
466,376,540,3.64,Yam
467,377,541,16.87,Cassava
468,378,542,1.87,Cassava
469,379,543,16.12,Groundnut
470,380,544,11.5,Yam
471,381,545,19.64,Cassava
472,382,546,19.84,Cocoa
473,383,547,4.51,Plantain
474,384,548,9.53,Plantain
475,385,549,14.3,Maize
476,385,550,11.79,Yam
477,386,551,23.69,Plantain
478,387,552,3.15,Rice (Paddy)
479,387,553,9.46,Groundnut
480,388,554,9.7,Groundnut
481,388,555,5.99,Maize
482,388,556,3.22,Cassava
483,389,557,4.51,Groundnut
484,390,558,0.9,Plantain
485,391,559,18.73,Cocoa
486,392,560,4.09,Cocoa
487,393,561,14.25,Plantain
488,393,562,6.83,Cocoa
489,394,563,20.48,Cocoa
490,395,564,18.0,Rice (Paddy)
491,395,565,16.07,Cocoa
492,395,566,15.57,Yam
493,396,567,23.27,Cassava
494,396,568,14.87,Rice (Paddy)
495,396,569,12.71,Cassava
496,397,570,5.09,Cocoa
497,398,571,2.56,Groundnut
498,398,572,6.31,Plantain
499,398,573,5.3,Maize
500,399,574,14.78,Yam
501,400,575,8.79,Cocoa
502,401,576,18.85,Cocoa
503,401,577,17.04,Cassava
504,401,578,20.02,Plantain
505,402,579,8.5,Cassava
506,403,580,5.6,Cassava
507,404,581,17.35,Plantain
508,405,582,19.88,Cocoa
509,406,583,22.02,Rice (Paddy)
510,407,584,15.87,Cassava
511,408,585,14.4,Yam
512,409,586,8.61,Cocoa
513,410,587,18.11,Cocoa
514,411,588,9.15,Cocoa
515,412,589,2.61,Cocoa
516,413,590,22.89,Cocoa
517,414,591,24.12,Cocoa
518,415,592,20.99,Maize
519,416,593,7.92,Maize
520,416,594,24.53,Cocoa
521,416,595,10.86,Rice (Paddy)
522,417,596,17.83,Maize
523,418,597,10.02,Cassava
524,419,598,14.18,Yam
525,419,599,24.54,Groundnut
526,420,600,4.47,Cassava
527,421,601,20.21,Rice (Paddy)
528,422,602,15.53,Cassava
529,422,603,11.56,Plantain
530,423,604,24.84,Cassava
531,423,605,12.63,Groundnut
532,424,606,21.86,Plantain
533,425,607,13.13,Cassava
534,426,608,24.69,Cassava
535,427,609,8.64,Groundnut
536,428,610,6.16,Rice (Paddy)
537,429,611,4.0,Maize
538,430,612,15.2,Groundnut
539,431,613,3.01,Plantain
540,432,614,8.45,Yam
541,433,615,8.18,Cassava
542,434,616,0.86,Maize
543,435,617,17.13,Cassava
544,436,618,11.28,Maize
545,437,619,0.85,Plantain
546,438,620,4.2,Plantain
547,439,621,18.62,Cocoa
548,439,622,18.59,Maize
549,440,623,21.21,Cocoa
550,441,624,24.22,Rice (Paddy)
551,442,625,15.23,Yam
552,443,626,8.9,Yam
553,443,627,20.14,Plantain
554,444,628,4.09,Plantain
555,445,629,19.54,Yam
556,445,630,6.05,Yam
557,446,631,6.8,Groundnut
558,446,632,15.0,Plantain
559,447,633,5.76,Maize
560,448,634,18.3,Yam
561,449,635,10.72,Cassava
562,450,636,2.23,Cassava
563,451,637,23.06,Rice (Paddy)
564,451,638,19.25,Cocoa
565,451,639,22.12,Cassava
566,452,640,2.64,Groundnut
567,453,641,14.56,Rice (Paddy)
568,454,642,11.23,Maize
569,455,643,21.12,Cocoa
570,456,644,9.67,Rice (Paddy)
571,456,645,8.28,Groundnut
572,457,646,4.53,Cocoa
573,458,647,14.34,Groundnut
574,459,648,5.71,Cassava
575,460,649,21.53,Rice (Paddy)
576,460,650,15.82,Rice (Paddy)
577,461,651,3.5,Cassava
578,461,652,19.25,Rice (Paddy)
579,462,653,5.77,Groundnut
580,462,654,6.4,Rice (Paddy)
581,463,655,14.46,Plantain
582,464,656,12.45,Maize
583,465,657,10.7,Cassava
584,466,658,12.8,Cocoa
585,466,659,12.63,Groundnut
586,466,660,14.26,Rice (Paddy)
587,467,661,3.77,Cassava
588,468,662,0.58,Yam
589,468,663,1.14,Groundnut
590,469,664,5.63,Cocoa
591,469,665,1.51,Rice (Paddy)
592,470,666,4.33,Plantain
593,471,667,21.88,Maize
594,472,668,4.52,Yam
595,473,669,2.89,Maize
596,474,670,24.11,Plantain
597,475,671,23.87,Groundnut
598,476,672,6.54,Yam
599,476,673,21.02,Maize
600,476,674,11.17,Plantain
601,477,675,16.27,Groundnut
602,478,676,22.54,Rice (Paddy)
603,479,677,20.22,Groundnut
604,480,678,9.14,Rice (Paddy)
605,481,679,2.44,Cassava
606,482,680,19.64,Rice (Paddy)
607,483,681,23.58,Plantain
608,483,682,13.17,Plantain
609,484,683,22.22,Maize
610,485,684,4.41,Yam
611,485,685,23.35,Maize
612,485,686,8.67,Maize
613,486,687,24.66,Groundnut
614,487,688,11.15,Groundnut
615,487,689,23.21,Yam
616,488,690,15.99,Groundnut
617,489,691,2.24,Groundnut
618,490,692,17.05,Yam
619,491,693,6.86,Yam
620,492,694,0.84,Rice (Paddy)
621,493,695,14.49,Cassava
622,494,696,5.7,Groundnut
623,495,697,17.63,Maize
624,496,698,18.0,Rice (Paddy)
625,497,699,11.76,Yam
626,498,700,24.71,Cassava
627,499,701,5.71,Groundnut
628,500,702,16.81,Yam
629,500,703,18.46,Cocoa
630,501,704,17.32,Maize
631,501,705,10.86,Rice (Paddy)
632,501,706,3.99,Maize
633,502,707,23.62,Cocoa
634,502,708,18.65,Maize
635,503,709,22.87,Yam
636,504,710,15.83,Groundnut
637,505,711,9.5,Maize
638,505,712,9.45,Maize
639,506,713,2.97,Yam
640,507,714,14.21,Plantain
641,508,715,18.29,Maize
642,509,716,8.9,Cocoa
643,509,717,24.56,Maize
644,510,718,23.07,Cocoa
645,511,719,0.54,Rice (Paddy)
646,512,720,10.8,Cocoa
647,512,721,5.44,Cassava
648,513,722,19.16,Maize
649,513,723,23.43,Rice (Paddy)
650,514,724,14.08,Maize
651,515,725,14.26,Yam
652,515,726,10.59,Cassava
653,516,727,22.92,Cocoa
654,517,728,15.84,Maize
655,518,729,12.02,Rice (Paddy)
656,519,730,21.51,Cocoa
657,520,731,2.22,Plantain
658,521,732,19.19,Cocoa
659,522,733,13.52,Yam
660,522,734,11.04,Cassava
661,523,735,1.09,Groundnut
662,524,736,17.84,Groundnut
663,525,737,22.63,Cocoa
664,526,738,13.9,Rice (Paddy)
665,527,739,24.26,Maize
666,527,740,6.78,Plantain
667,528,741,22.17,Rice (Paddy)
668,529,742,6.55,Plantain
669,530,743,11.71,Groundnut
670,531,744,1.26,Groundnut
671,531,745,9.34,Maize
672,532,746,7.79,Rice (Paddy)
673,533,747,19.34,Rice (Paddy)
674,534,748,18.76,Groundnut
675,535,749,7.19,Rice (Paddy)
676,535,750,19.57,Groundnut
677,535,751,8.6,Maize
678,536,752,20.69,Cassava
679,537,753,17.91,Plantain
680,538,754,15.64,Rice (Paddy)
681,539,755,10.33,Rice (Paddy)
682,540,756,17.39,Cassava
683,541,757,17.92,Cocoa
684,541,758,19.92,Maize
685,542,759,10.22,Maize
686,543,760,14.43,Cassava
687,544,761,7.91,Yam
688,545,762,18.21,Rice (Paddy)
689,546,763,16.7,Groundnut
690,547,764,13.37,Groundnut
691,548,765,14.02,Cassava
692,549,766,12.74,Plantain
693,550,767,2.14,Cassava
694,551,768,5.68,Groundnut
695,551,769,13.36,Rice (Paddy)
696,552,770,8.49,Plantain
697,553,771,15.04,Yam
698,553,772,3.52,Maize
699,554,773,2.02,Cassava
700,555,774,12.43,Yam
701,556,775,9.21,Rice (Paddy)
702,557,776,5.77,Groundnut
703,558,777,4.05,Maize
704,558,778,12.95,Cassava
705,558,779,4.13,Groundnut
706,559,780,17.73,Plantain
707,559,781,5.67,Groundnut
708,560,782,7.77,Yam
709,561,783,20.94,Plantain
710,562,784,16.77,Groundnut
711,563,785,14.83,Cocoa
712,563,786,5.78,Cocoa
713,564,787,12.83,Groundnut
714,565,788,22.45,Maize
715,566,789,17.6,Rice (Paddy)
716,567,790,7.28,Yam
717,568,791,6.86,Rice (Paddy)
718,569,792,7.25,Yam
719,570,793,15.11,Groundnut
720,570,794,21.59,Cocoa
721,571,795,6.74,Rice (Paddy)
722,572,796,17.74,Groundnut
723,573,797,3.7,Groundnut
724,574,798,5.16,Groundnut
725,575,799,21.38,Cassava
726,576,800,11.38,Cassava
727,577,801,0.88,Plantain
728,578,802,23.89,Maize
729,579,803,18.67,Groundnut
730,580,804,19.07,Plantain
731,581,805,12.98,Yam
732,581,806,20.16,Groundnut
733,581,807,10.33,Maize
734,582,808,9.35,Cassava
735,583,809,13.98,Plantain
736,584,810,7.44,Groundnut
737,584,811,21.61,Yam
738,585,812,16.56,Yam
739,586,813,16.49,Plantain
740,587,814,10.3,Groundnut
741,588,815,17.23,Yam
742,589,816,20.5,Plantain
743,590,817,12.15,Plantain
744,591,818,13.57,Cassava
745,592,819,18.83,Rice (Paddy)
746,592,820,12.25,Groundnut
747,592,821,23.94,Cocoa
748,593,822,9.42,Rice (Paddy)
749,594,823,5.01,Yam
750,595,824,4.38,Plantain
751,596,825,7.34,Groundnut
752,597,826,21.69,Groundnut
753,597,827,7.15,Cassava
754,598,828,12.5,Plantain
755,598,829,3.17,Groundnut
756,599,830,8.21,Groundnut
757,599,831,14.73,Maize
758,600,832,23.0,Cassava
759,600,833,6.01,Groundnut
760,600,834,3.57,Groundnut
761,601,835,19.97,Cassava
762,601,836,4.92,Rice (Paddy)
763,602,837,14.78,Maize
764,603,838,8.28,Rice (Paddy)
765,604,839,5.02,Groundnut
766,605,840,3.71,Rice (Paddy)
767,606,841,15.81,Groundnut
768,606,842,17.73,Maize
769,607,843,18.15,Yam
770,608,844,6.61,Rice (Paddy)
771,609,845,16.62,Cocoa
772,609,846,15.22,Maize
773,610,847,18.52,Rice (Paddy)
774,611,848,2.02,Cassava
775,611,849,12.7,Maize
776,612,850,20.29,Groundnut
777,613,851,17.14,Maize
778,614,852,14.0,Cocoa
779,614,853,21.51,Maize
780,614,854,7.68,Plantain
781,615,855,2.59,Maize
782,616,856,11.92,Groundnut
783,616,857,15.1,Cassava
784,617,858,13.61,Yam
785,618,859,21.78,Maize
786,619,860,24.14,Groundnut
787,620,861,18.47,Cocoa
788,621,862,6.03,Groundnut
789,622,863,8.72,Cassava
790,623,864,5.71,Rice (Paddy)
791,624,865,1.7,Groundnut
792,624,866,6.0,Groundnut
793,625,867,13.21,Plantain
794,626,868,3.17,Cassava
795,626,869,21.9,Cassava
796,627,870,18.79,Cocoa
797,628,871,9.22,Plantain
798,628,872,20.35,Rice (Paddy)
799,628,873,12.18,Cassava
800,629,874,21.69,Cassava
801,630,875,20.35,Rice (Paddy)
802,631,876,12.32,Cassava
803,632,877,3.37,Plantain
804,633,878,2.56,Rice (Paddy)
805,634,879,6.28,Groundnut
806,635,880,22.37,Cassava
807,636,881,12.27,Rice (Paddy)
808,637,882,6.57,Groundnut
809,637,883,14.7,Plantain
810,638,884,10.68,Yam
811,639,885,21.13,Rice (Paddy)
812,639,886,24.43,Groundnut
813,640,887,4.89,Plantain
814,641,888,13.81,Rice (Paddy)
815,642,889,16.92,Cassava
816,643,890,0.68,Groundnut
817,644,891,9.46,Cassava
818,645,892,22.46,Cassava
819,646,893,5.0,Rice (Paddy)
820,647,894,1.03,Plantain
821,647,895,23.52,Cocoa
822,648,896,13.98,Cocoa
823,649,897,23.66,Cassava
824,650,898,20.83,Maize
825,651,899,18.17,Cassava
826,651,900,12.34,Cassava
827,652,901,18.09,Maize
828,652,902,22.94,Cocoa
829,652,903,14.22,Groundnut
830,653,904,7.09,Groundnut
831,653,905,1.1,Groundnut
832,654,906,13.01,Plantain
833,654,907,4.86,Plantain
834,655,908,20.41,Cassava
835,655,909,6.78,Cocoa
836,655,910,18.71,Cocoa
837,656,911,23.31,Rice (Paddy)
838,657,912,3.89,Cassava
839,658,913,13.07,Cassava
840,659,914,22.81,Maize
841,660,915,9.32,Maize
842,661,916,1.07,Cassava
843,662,917,12.3,Yam
844,663,918,5.35,Maize
845,663,919,12.54,Yam
846,664,920,15.85,Cassava
847,665,921,19.21,Yam
848,666,922,1.95,Maize
849,667,923,15.15,Plantain
850,668,924,13.73,Cassava
851,668,925,8.98,Cassava
852,669,926,13.61,Maize
853,670,927,9.76,Cocoa
854,671,928,14.1,Cocoa
855,672,929,8.91,Cocoa
856,673,930,3.88,Rice (Paddy)
857,674,931,23.43,Plantain
858,674,932,11.66,Groundnut
859,674,933,22.04,Maize
860,675,934,13.77,Groundnut
861,676,935,2.62,Plantain
862,677,936,6.81,Groundnut
863,678,937,11.41,Maize
864,679,938,3.22,Cassava
865,680,939,11.17,Cocoa
866,681,940,1.49,Yam
867,682,941,11.88,Cassava
868,682,942,17.69,Yam
869,682,943,22.0,Plantain
870,683,944,17.26,Maize
871,684,945,9.32,Cocoa
872,685,946,12.83,Maize
873,686,947,4.56,Cocoa
874,687,948,24.04,Groundnut
875,687,949,10.5,Cassava
876,687,950,1.81,Cocoa
877,688,951,21.64,Cocoa
878,689,952,20.18,Plantain
879,690,953,5.71,Yam
880,691,954,10.71,Rice (Paddy)
881,692,955,9.08,Yam
882,693,956,24.27,Cassava
883,694,957,5.11,Rice (Paddy)
884,694,958,21.66,Groundnut
885,694,959,18.32,Maize
886,695,960,14.97,Cassava
887,696,961,6.15,Maize
888,696,962,13.04,Rice (Paddy)
889,697,963,18.61,Plantain
890,698,964,14.9,Groundnut
891,699,965,3.04,Yam
892,700,966,4.06,Yam
893,701,967,19.51,Cocoa
894,701,968,7.85,Yam
895,702,969,24.63,Groundnut
896,703,970,18.2,Groundnut
897,704,971,22.9,Cocoa
898,705,972,13.03,Rice (Paddy)
899,705,973,19.03,Plantain
900,706,974,18.58,Plantain
901,707,975,17.66,Maize
902,708,976,15.16,Yam
903,708,977,1.03,Cassava
904,709,978,22.74,Yam
905,710,979,19.06,Rice (Paddy)
906,711,980,5.78,Rice (Paddy)
907,711,981,8.72,Rice (Paddy)
908,712,982,4.23,Maize
909,713,983,22.01,Yam
910,714,984,6.67,Rice (Paddy)
911,715,985,4.67,Maize
912,716,986,2.57,Plantain
913,716,987,16.41,Cassava
914,717,988,17.0,Yam
915,717,989,7.52,Cassava
916,717,990,8.15,Plantain
917,718,991,14.41,Cassava
918,719,992,3.2,Plantain
919,720,993,10.67,Cassava
920,721,994,14.58,Maize
921,721,995,18.1,Groundnut
922,722,996,21.13,Cocoa
923,723,997,14.44,Groundnut
924,723,998,7.84,Cassava
925,723,999,20.86,Rice (Paddy)
926,724,1000,24.09,Cassava
927,724,1001,13.59,Groundnut
928,725,1002,5.04,Cocoa
929,726,1003,12.66,Rice (Paddy)
930,726,1004,5.02,Groundnut
931,727,1005,20.47,Cassava
932,728,1006,23.21,Cassava
933,729,1007,3.06,Rice (Paddy)
934,730,1008,12.51,Groundnut
935,731,1009,14.74,Plantain
936,732,1010,5.43,Groundnut
937,733,1011,17.99,Plantain
938,734,1012,3.99,Plantain
939,735,1013,12.12,Maize
940,736,1014,17.21,Rice (Paddy)
941,737,1015,18.83,Yam
942,738,1016,12.79,Plantain
943,738,1017,22.55,Cocoa
944,739,1018,0.58,Cassava
945,739,1019,11.89,Rice (Paddy)
946,740,1020,1.73,Cassava
947,741,1021,19.2,Yam
948,742,1022,3.14,Cocoa
949,743,1023,2.37,Cocoa
950,744,1024,9.28,Maize
951,745,1025,16.73,Cassava
952,746,1026,23.29,Plantain
953,747,1027,12.73,Maize
954,748,1028,16.59,Cocoa
955,749,1029,1.07,Cassava
956,750,1030,22.68,Cassava
957,751,1031,5.08,Maize
958,752,1032,18.32,Yam
959,753,1033,1.58,Rice (Paddy)
960,754,1034,7.1,Groundnut
961,755,1035,2.64,Cocoa
962,756,1036,17.54,Rice (Paddy)
963,757,1037,15.76,Groundnut
964,757,1038,12.58,Groundnut
965,758,1039,14.97,Cassava
966,758,1040,16.41,Plantain
967,759,1041,24.94,Cocoa
968,759,1042,18.63,Groundnut
969,760,1043,20.28,Maize
970,760,1044,2.26,Yam
971,760,1045,17.27,Maize
972,761,1046,19.64,Rice (Paddy)
973,762,1047,23.98,Cassava
974,762,1048,2.25,Rice (Paddy)
975,763,1049,18.5,Plantain
976,763,1050,7.72,Cocoa
977,764,1051,2.47,Yam
978,765,1052,9.28,Rice (Paddy)
979,766,1053,7.95,Yam
980,767,1054,12.71,Maize
981,767,1055,14.08,Cassava
982,768,1056,7.17,Cassava
983,769,1057,0.65,Cassava
984,770,1058,20.38,Cassava
985,771,1059,2.16,Rice (Paddy)
986,771,1060,13.94,Rice (Paddy)
987,772,1061,7.25,Cassava
988,773,1062,1.32,Rice (Paddy)
989,774,1063,13.81,Cassava
990,775,1064,16.75,Maize
991,775,1065,10.37,Cocoa
992,775,1066,7.86,Rice (Paddy)
993,776,1067,19.86,Plantain
994,777,1068,4.79,Cassava
995,777,1069,4.54,Plantain
996,778,1070,3.72,Maize
997,779,1071,15.92,Rice (Paddy)
998,780,1072,2.79,Yam
999,781,1073,7.54,Plantain
1000,781,1074,14.22,Groundnut
1001,782,1075,23.02,Groundnut
1002,782,1076,12.3,Cocoa
1003,782,1077,1.44,Yam
1004,783,1078,22.37,Rice (Paddy)
1005,784,1079,1.71,Yam
1006,785,1080,4.18,Groundnut
1007,786,1081,0.92,Cocoa
1008,787,1082,10.42,Plantain
1009,788,1083,1.54,Yam
1010,789,1084,3.47,Rice (Paddy)
1011,790,1085,22.08,Cocoa
1012,791,1086,10.56,Cassava
1013,792,1087,11.96,Cocoa
1014,792,1088,1.97,Cassava
1015,792,1089,9.05,Rice (Paddy)
1016,793,1090,15.64,Groundnut
1017,794,1091,13.48,Cocoa
1018,795,1092,3.25,Cassava
1019,795,1093,21.23,Groundnut
1020,796,1094,4.74,Rice (Paddy)
1021,797,1095,19.75,Cocoa
1022,798,1096,19.94,Groundnut
1023,799,1097,11.58,Maize
1024,800,1098,23.35,Maize
1025,801,1099,17.3,Rice (Paddy)
1026,802,1100,2.12,Rice (Paddy)
1027,803,1101,20.72,Plantain
1028,804,1102,19.67,Plantain
1029,805,1103,21.57,Cocoa
1030,806,1104,23.65,Rice (Paddy)
1031,807,1105,18.86,Yam
1032,808,1106,0.91,Yam
1033,809,1107,4.2,Cocoa
1034,810,1108,7.21,Maize
1035,811,1109,7.57,Plantain
1036,811,1110,17.85,Plantain
1037,812,1111,3.9,Maize
1038,813,1112,24.91,Yam
1039,814,1113,5.47,Cocoa
1040,815,1114,9.12,Cocoa
1041,816,1115,18.99,Maize
1042,816,1116,1.87,Cocoa
1043,817,1117,6.78,Plantain
1044,818,1118,2.52,Plantain
1045,818,1119,17.98,Groundnut
1046,819,1120,12.66,Groundnut
1047,819,1121,19.55,Cocoa
1048,819,1122,4.43,Plantain
1049,820,1123,7.96,Plantain
1050,820,1124,11.08,Yam
1051,821,1125,2.74,Cassava
1052,821,1126,10.22,Plantain
1053,822,1127,13.86,Groundnut
1054,823,1128,7.75,Maize
1055,824,1129,12.98,Cocoa
1056,825,1130,23.34,Maize
1057,826,1131,23.04,Rice (Paddy)
1058,827,1132,18.3,Plantain
1059,828,1133,0.69,Cocoa
1060,828,1134,13.69,Cocoa
1061,829,1135,6.63,Cocoa
1062,830,1136,18.74,Yam
1063,831,1137,9.07,Plantain
1064,832,1138,12.76,Maize
1065,833,1139,16.54,Cassava
1066,834,1140,22.88,Yam
1067,834,1141,9.3,Cocoa
1068,834,1142,23.31,Cassava
1069,835,1143,17.88,Groundnut
1070,836,1144,24.38,Yam
1071,837,1145,3.77,Cocoa
1072,838,1146,7.87,Cocoa
1073,839,1147,21.54,Maize
1074,840,1148,18.53,Yam
1075,840,1149,3.47,Maize
1076,841,1150,17.23,Maize
1077,841,1151,13.02,Rice (Paddy)
1078,841,1152,2.38,Groundnut
1079,842,1153,17.43,Maize
1080,842,1154,20.23,Cassava
1081,843,1155,10.38,Cocoa
1082,843,1156,16.17,Rice (Paddy)
1083,844,1157,22.22,Rice (Paddy)
1084,845,1158,16.38,Yam
1085,845,1159,6.81,Maize
1086,846,1160,24.4,Maize
1087,847,1161,23.87,Cocoa
1088,848,1162,23.94,Cocoa
1089,849,1163,15.73,Yam
1090,850,1164,8.82,Rice (Paddy)
1091,851,1165,14.7,Cocoa
1092,852,1166,9.2,Plantain
1093,853,1167,11.65,Maize
1094,854,1168,16.73,Plantain
1095,855,1169,21.47,Cocoa
1096,856,1170,23.57,Cocoa
1097,857,1171,18.02,Groundnut
1098,858,1172,11.86,Cassava
1099,859,1173,1.04,Rice (Paddy)
1100,860,1174,24.94,Cocoa
1101,861,1175,8.83,Yam
1102,861,1176,1.7,Groundnut
1103,862,1177,9.9,Plantain
1104,863,1178,4.76,Plantain
1105,864,1179,20.15,Cocoa
1106,865,1180,3.7,Cocoa
1107,866,1181,14.78,Cassava
1108,867,1182,18.87,Rice (Paddy)
1109,868,1183,2.81,Plantain
1110,869,1184,16.47,Rice (Paddy)
1111,870,1185,22.71,Cocoa
1112,871,1186,0.71,Groundnut
1113,872,1187,22.13,Yam
1114,873,1188,9.67,Rice (Paddy)
1115,874,1189,18.46,Groundnut
1116,874,1190,15.73,Maize
1117,875,1191,10.84,Plantain
1118,876,1192,10.03,Maize
1119,877,1193,8.41,Rice (Paddy)
1120,878,1194,17.04,Maize
1121,879,1195,10.26,Cassava
1122,880,1196,20.69,Cassava
1123,881,1197,9.8,Plantain
1124,881,1198,11.39,Maize
1125,881,1199,3.58,Groundnut
1126,882,1200,24.1,Yam
1127,882,1201,4.2,Plantain
1128,883,1202,21.04,Plantain
1129,884,1203,11.89,Cocoa
1130,884,1204,9.39,Yam
1131,885,1205,14.61,Groundnut
1132,886,1206,8.59,Groundnut
1133,887,1207,19.54,Cassava
1134,888,1208,23.12,Maize
1135,889,1209,1.14,Yam
1136,890,1210,6.18,Maize
1137,890,1211,19.38,Rice (Paddy)
1138,891,1212,22.68,Cocoa
1139,891,1213,16.27,Rice (Paddy)
1140,892,1214,21.36,Yam
1141,892,1215,3.61,Maize
1142,892,1216,5.38,Yam
1143,893,1217,10.11,Yam
1144,894,1218,15.35,Rice (Paddy)
1145,895,1219,8.37,Cassava
1146,895,1220,17.34,Rice (Paddy)
1147,896,1221,4.92,Maize
1148,896,1222,11.76,Maize
1149,897,1223,2.54,Rice (Paddy)
1150,898,1224,2.48,Cocoa
1151,899,1225,1.92,Groundnut
1152,900,1226,8.64,Yam
1153,900,1227,14.43,Groundnut
1154,900,1228,20.3,Rice (Paddy)
1155,901,1229,22.4,Cassava
1156,902,1230,9.76,Rice (Paddy)
1157,903,1231,7.73,Rice (Paddy)
1158,904,1232,13.39,Plantain
1159,904,1233,11.1,Rice (Paddy)
1160,904,1234,21.48,Plantain
1161,905,1235,5.99,Cassava
1162,906,1236,22.51,Groundnut
1163,907,1237,22.61,Cassava
1164,908,1238,18.75,Plantain
1165,909,1239,8.93,Groundnut
1166,910,1240,12.1,Groundnut
1167,911,1241,10.98,Plantain
1168,912,1242,16.5,Groundnut
1169,913,1243,13.93,Groundnut
1170,914,1244,7.82,Rice (Paddy)
1171,915,1245,21.75,Cassava
1172,916,1246,15.17,Rice (Paddy)
1173,917,1247,17.23,Yam
1174,918,1248,14.23,Maize
1175,919,1249,6.5,Yam
1176,920,1250,20.17,Yam
1177,920,1251,4.22,Rice (Paddy)
1178,920,1252,17.51,Plantain
1179,921,1253,15.84,Yam
1180,922,1254,15.22,Cassava
1181,923,1255,7.09,Yam
1182,924,1256,13.83,Yam
1183,924,1257,10.11,Groundnut
1184,924,1258,1.76,Rice (Paddy)
1185,925,1259,21.11,Cassava
1186,926,1260,3.25,Maize
1187,926,1261,20.13,Plantain
1188,927,1262,9.08,Plantain
1189,928,1263,3.89,Cassava
1190,929,1264,5.13,Yam
1191,930,1265,11.71,Cocoa
1192,930,1266,9.06,Cassava
1193,930,1267,15.16,Cassava
1194,931,1268,14.79,Plantain
1195,932,1269,2.95,Cassava
1196,933,1270,11.28,Rice (Paddy)
1197,934,1271,3.81,Cassava
1198,935,1272,2.65,Groundnut
1199,936,1273,24.11,Cassava
1200,937,1274,17.2,Cocoa
1201,938,1275,5.03,Yam
1202,939,1276,5.46,Yam
1203,940,1277,16.48,Maize
1204,941,1278,9.37,Maize
1205,942,1279,12.24,Cassava
1206,943,1280,5.05,Maize
1207,944,1281,22.73,Rice (Paddy)
1208,945,1282,4.17,Groundnut
1209,946,1283,12.73,Cassava
1210,946,1284,17.88,Plantain
1211,946,1285,0.83,Maize
1212,947,1286,8.07,Groundnut
1213,948,1287,5.88,Rice (Paddy)
1214,949,1288,15.1,Groundnut
1215,950,1289,8.22,Plantain
1216,950,1290,8.19,Plantain
1217,951,1291,17.42,Plantain
1218,952,1292,6.83,Maize
1219,953,1293,10.05,Groundnut
1220,954,1294,17.6,Plantain
1221,955,1295,18.84,Rice (Paddy)
1222,956,1296,11.99,Rice (Paddy)
1223,956,1297,14.28,Maize
1224,957,1298,16.44,Cassava
1225,958,1299,10.76,Plantain
1226,958,1300,20.3,Yam
1227,958,1301,21.26,Groundnut
1228,959,1302,22.13,Yam
1229,960,1303,23.81,Groundnut
1230,961,1304,15.08,Cassava
1231,962,1305,10.3,Maize
1232,963,1306,9.55,Yam
1233,964,1307,16.34,Groundnut
1234,965,1308,10.87,Rice (Paddy)
1235,966,1309,20.37,Cassava
1236,967,1310,19.85,Plantain
1237,968,1311,9.63,Rice (Paddy)
1238,969,1312,19.02,Groundnut
1239,969,1313,19.77,Rice (Paddy)
1240,969,1314,9.81,Plantain
1241,970,1315,10.28,Cassava
1242,970,1316,15.43,Cocoa
1243,971,1317,9.64,Yam
1244,972,1318,21.99,Rice (Paddy)
1245,973,1319,10.31,Groundnut
1246,974,1320,4.84,Groundnut
1247,975,1321,16.69,Groundnut
1248,976,1322,23.91,Maize
1249,977,1323,19.73,Plantain
1250,977,1324,4.41,Yam
1251,978,1325,9.64,Maize
1252,979,1326,24.28,Groundnut
1253,980,1327,11.25,Yam
1254,980,1328,2.62,Rice (Paddy)
1255,981,1329,17.83,Plantain
1256,981,1330,1.01,Plantain
1257,982,1331,24.58,Maize
1258,983,1332,21.9,Rice (Paddy)
1259,984,1333,16.29,Maize
1260,985,1334,16.78,Cocoa
1261,986,1335,12.35,Maize
1262,987,1336,20.8,Rice (Paddy)
1263,987,1337,13.58,Rice (Paddy)
1264,988,1338,14.62,Maize
1265,989,1339,21.81,Maize
1266,990,1340,3.31,Maize
1267,991,1341,3.45,Cocoa
1268,992,1342,3.55,Cocoa
1269,993,1343,10.36,Yam
1270,994,1344,18.14,Maize
1271,994,1345,15.24,Plantain
1272,995,1346,5.6,Maize
1273,996,1347,21.27,Plantain
1274,997,1348,16.51,Cassava
1275,998,1349,2.65,Plantain
1276,999,1350,3.53,Plantain
1277,1000,1351,1.17,Groundnut
1278,1001,1352,7.93,Maize
1279,1002,1353,10.51,Yam
1280,1003,1354,8.92,Cocoa
1281,1004,1355,10.42,Cocoa
1282,1005,1356,22.25,Yam
1283,1006,1357,20.94,Rice (Paddy)
1284,1007,1358,14.36,Cocoa
1285,1008,1359,20.48,Maize
1286,1009,1360,7.0,Maize
1287,1010,1361,0.68,Maize
1288,1011,1362,12.04,Plantain
1289,1011,1363,17.76,Cassava
1290,1012,1364,5.27,Rice (Paddy)
1291,1013,1365,13.02,Plantain
1292,1014,1366,12.09,Groundnut
1293,1015,1367,23.69,Plantain
1294,1016,1368,13.26,Rice (Paddy)
1295,1017,1369,17.97,Plantain
1296,1018,1370,7.63,Plantain
1297,1019,1371,22.31,Cassava
1298,1020,1372,12.27,Cassava
1299,1021,1373,3.5,Cassava
1300,1022,1374,17.28,Plantain
1301,1023,1375,21.51,Maize
1302,1024,1376,23.42,Cocoa
1303,1024,1377,1.33,Yam
1304,1024,1378,9.76,Plantain
1305,1025,1379,13.97,Cocoa
1306,1025,1380,15.33,Yam
1307,1026,1381,6.05,Groundnut
1308,1026,1382,8.0,Cassava
1309,1027,1383,1.03,Maize
1310,1027,1384,18.55,Groundnut
1311,1027,1385,17.8,Cassava
1312,1028,1386,17.86,Yam
1313,1029,1387,18.22,Cocoa
1314,1030,1388,6.16,Cocoa
1315,1031,1389,9.86,Rice (Paddy)
1316,1032,1390,7.83,Plantain
1317,1033,1391,24.83,Rice (Paddy)
1318,1033,1392,8.65,Groundnut
1319,1033,1393,5.6,Maize
1320,1034,1394,17.32,Maize
1321,1034,1395,7.09,Plantain
1322,1035,1396,18.66,Cassava
1323,1035,1397,15.5,Plantain
1324,1036,1398,17.32,Cassava
1325,1036,1399,10.42,Rice (Paddy)
1326,1037,1400,11.34,Cocoa
1327,1037,1401,22.5,Yam
1328,1038,1402,17.99,Plantain
1329,1039,1403,2.79,Maize
1330,1039,1404,4.28,Rice (Paddy)
1331,1040,1405,20.18,Cassava
1332,1041,1406,3.34,Maize
1333,1042,1407,16.93,Maize
1334,1043,1408,14.86,Cocoa
1335,1044,1409,1.18,Plantain
1336,1045,1410,23.78,Groundnut
1337,1046,1411,11.13,Rice (Paddy)
1338,1047,1412,19.58,Cocoa
1339,1048,1413,9.09,Cocoa
1340,1049,1414,4.4,Cassava
1341,1050,1415,15.79,Maize
1342,1051,1416,23.15,Yam
1343,1052,1417,23.41,Groundnut
1344,1052,1418,4.2,Rice (Paddy)
1345,1053,1419,1.19,Rice (Paddy)
1346,1054,1420,9.89,Groundnut
1347,1055,1421,13.33,Maize
1348,1056,1422,15.11,Cocoa
1349,1057,1423,5.72,Cassava
1350,1058,1424,24.9,Maize
1351,1059,1425,14.87,Plantain
1352,1060,1426,24.98,Yam
1353,1061,1427,1.24,Yam
1354,1061,1428,1.0,Plantain
1355,1062,1429,22.14,Maize
1356,1063,1430,12.5,Maize
1357,1064,1431,8.27,Rice (Paddy)
1358,1064,1432,14.86,Cassava
1359,1065,1433,14.65,Cassava
1360,1066,1434,17.32,Maize
1361,1067,1435,21.11,Rice (Paddy)
1362,1068,1436,22.92,Cassava
1363,1069,1437,1.14,Groundnut
1364,1069,1438,14.09,Cassava
1365,1070,1439,22.87,Yam
1366,1071,1440,8.03,Maize
1367,1072,1441,21.02,Yam
1368,1072,1442,3.6,Maize
1369,1073,1443,14.53,Yam
1370,1074,1444,5.01,Cassava
1371,1075,1445,1.86,Rice (Paddy)
1372,1076,1446,1.06,Yam
1373,1077,1447,16.32,Maize
1374,1078,1448,21.96,Rice (Paddy)
1375,1079,1449,6.85,Rice (Paddy)
1376,1080,1450,6.17,Cassava
1377,1081,1451,9.74,Rice (Paddy)
1378,1082,1452,1.79,Rice (Paddy)
1379,1083,1453,23.68,Plantain
1380,1084,1454,1.99,Plantain
1381,1085,1455,18.91,Yam
1382,1086,1456,15.77,Groundnut
1383,1086,1457,15.24,Rice (Paddy)
1384,1086,1458,18.7,Cassava
1385,1087,1459,3.54,Rice (Paddy)
1386,1088,1460,4.38,Cassava
1387,1089,1461,23.03,Groundnut
1388,1090,1462,16.99,Groundnut
1389,1091,1463,2.93,Cassava
1390,1092,1464,6.32,Plantain
1391,1093,1465,9.64,Rice (Paddy)
1392,1094,1466,10.16,Maize
1393,1094,1467,6.82,Cocoa
1394,1094,1468,24.93,Maize
1395,1095,1469,18.34,Rice (Paddy)
1396,1096,1470,14.38,Cocoa
1397,1097,1471,3.63,Cocoa
1398,1098,1472,19.86,Maize
1399,1099,1473,20.78,Plantain
1400,1100,1474,8.3,Groundnut
1401,1100,1475,6.41,Cocoa
1402,1100,1476,9.4,Cassava
1403,1101,1477,19.93,Maize
1404,1102,1478,15.51,Groundnut
1405,1102,1479,12.34,Rice (Paddy)
1406,1103,1480,3.21,Cocoa
1407,1104,1481,16.1,Yam
1408,1105,1482,14.34,Yam
1409,1106,1483,8.32,Plantain
1410,1107,1484,1.98,Rice (Paddy)
1411,1108,1485,12.22,Rice (Paddy)
1412,1109,1486,15.37,Rice (Paddy)
1413,1110,1487,2.41,Cocoa
1414,1111,1488,14.9,Maize
1415,1112,1489,4.24,Plantain
1416,1113,1490,8.7,Maize
1417,1113,1491,18.54,Groundnut
1418,1114,1492,3.53,Cassava
1419,1115,1493,21.43,Cocoa
1420,1116,1494,24.79,Yam
1421,1117,1495,6.19,Cassava
1422,1118,1496,20.98,Yam
1423,1119,1497,12.91,Cocoa
1424,1120,1498,7.73,Rice (Paddy)
1425,1121,1499,20.37,Groundnut
1426,1122,1500,1.18,Cassava
1427,1123,1501,0.63,Plantain
1428,1124,1502,20.76,Plantain
1429,1124,1503,18.8,Groundnut
1430,1125,1504,23.89,Cassava
1431,1125,1505,19.8,Yam
1432,1125,1506,6.47,Cassava
1433,1126,1507,14.99,Yam
1434,1127,1508,9.2,Groundnut
1435,1128,1509,2.49,Cassava
1436,1129,1510,7.95,Yam
1437,1130,1511,3.39,Groundnut
1438,1131,1512,17.92,Rice (Paddy)
1439,1132,1513,20.72,Groundnut
1440,1133,1514,15.27,Cocoa
1441,1134,1515,20.63,Rice (Paddy)
1442,1135,1516,11.38,Groundnut
1443,1136,1517,8.64,Groundnut
1444,1137,1518,18.36,Plantain
1445,1138,1519,16.38,Cocoa
1446,1139,1520,12.6,Yam
1447,1140,1521,8.52,Groundnut
1448,1141,1522,7.28,Cassava
1449,1142,1523,17.99,Cocoa
1450,1142,1524,13.61,Cocoa
1451,1142,1525,3.11,Maize
1452,1143,1526,15.36,Cocoa
1453,1144,1527,21.85,Cassava
1454,1145,1528,7.01,Rice (Paddy)
1455,1145,1529,21.96,Maize
1456,1146,1530,23.1,Cocoa
1457,1147,1531,4.37,Rice (Paddy)
1458,1148,1532,10.83,Groundnut
1459,1149,1533,12.11,Cocoa
1460,1150,1534,1.53,Cocoa
1461,1151,1535,11.44,Cocoa
1462,1151,1536,10.28,Plantain
1463,1152,1537,23.78,Yam
1464,1153,1538,14.85,Rice (Paddy)
1465,1154,1539,8.2,Yam
1466,1155,1540,20.18,Yam
1467,1156,1541,18.9,Cocoa
1468,1156,1542,2.11,Rice (Paddy)
1469,1156,1543,18.27,Cassava
1470,1157,1544,23.72,Rice (Paddy)
1471,1158,1545,7.9,Plantain
1472,1158,1546,17.4,Yam
1473,1159,1547,4.59,Rice (Paddy)
1474,1160,1548,7.15,Cassava
1475,1161,1549,10.48,Plantain
1476,1162,1550,12.01,Cassava
1477,1162,1551,12.16,Cocoa
1478,1162,1552,16.65,Cocoa
1479,1163,1553,14.56,Cassava
1480,1164,1554,2.82,Rice (Paddy)
1481,1165,1555,15.81,Yam
1482,1166,1556,10.85,Cassava
1483,1166,1557,23.57,Cocoa
1484,1167,1558,14.68,Yam
1485,1167,1559,0.6,Plantain
1486,1168,1560,11.0,Groundnut
1487,1169,1561,2.46,Cassava
1488,1170,1562,3.2,Cassava
1489,1171,1563,4.38,Cocoa
1490,1172,1564,22.83,Cocoa
1491,1173,1565,2.73,Plantain
1492,1174,1566,10.99,Plantain
1493,1175,1567,21.04,Yam
1494,1176,1568,7.96,Rice (Paddy)
1495,1177,1569,5.15,Cocoa
1496,1178,1570,21.31,Maize
1497,1179,1571,6.56,Yam
1498,1180,1572,11.43,Cocoa
1499,1181,1573,8.37,Plantain
1500,1182,1574,5.09,Cocoa
1501,1183,1575,2.74,Maize
1502,1184,1576,19.89,Maize
1503,1185,1577,13.37,Cocoa
1504,1185,1578,18.64,Cocoa
1505,1185,1579,10.16,Cassava
1506,1186,1580,2.75,Cassava
1507,1186,1581,0.93,Rice (Paddy)
1508,1187,1582,16.94,Groundnut
1509,1188,1583,13.7,Cassava
1510,1189,1584,17.94,Rice (Paddy)
1511,1190,1585,22.47,Cassava
1512,1191,1586,7.51,Rice (Paddy)
1513,1192,1587,18.84,Maize
1514,1193,1588,18.53,Cocoa
1515,1194,1589,24.03,Rice (Paddy)
1516,1195,1590,20.9,Cassava
1517,1196,1591,17.96,Maize
1518,1197,1592,3.97,Yam
1519,1198,1593,5.38,Yam
1520,1199,1594,22.2,Cocoa
1521,1200,1595,21.32,Cocoa
1522,1201,1596,22.08,Plantain
1523,1202,1597,1.95,Groundnut
1524,1203,1598,4.93,Groundnut
1525,1204,1599,3.48,Groundnut
1526,1205,1600,19.86,Groundnut
1527,1206,1601,21.07,Plantain
1528,1207,1602,17.33,Plantain
1529,1208,1603,2.88,Maize
1530,1208,1604,12.26,Yam
1531,1208,1605,4.55,Plantain
1532,1209,1606,16.14,Cocoa
1533,1209,1607,19.27,Cocoa
1534,1210,1608,15.96,Rice (Paddy)
1535,1210,1609,11.87,Groundnut
1536,1211,1610,18.08,Plantain
1537,1212,1611,21.7,Maize
1538,1213,1612,20.62,Yam
1539,1214,1613,6.35,Plantain
1540,1215,1614,20.06,Maize
1541,1215,1615,22.85,Cocoa
1542,1216,1616,11.01,Plantain
1543,1217,1617,2.46,Cassava
1544,1218,1618,3.98,Maize
1545,1219,1619,17.83,Yam
1546,1220,1620,3.37,Rice (Paddy)
1547,1221,1621,23.15,Yam
1548,1222,1622,18.13,Cassava
1549,1223,1623,2.99,Plantain
1550,1224,1624,7.88,Groundnut
1551,1225,1625,9.48,Rice (Paddy)
1552,1226,1626,7.13,Maize
1553,1227,1627,20.53,Yam
1554,1228,1628,3.22,Yam
1555,1229,1629,22.21,Yam
1556,1230,1630,14.15,Rice (Paddy)
1557,1231,1631,23.83,Groundnut
1558,1232,1632,8.59,Cassava
1559,1233,1633,14.06,Maize
1560,1233,1634,19.57,Cocoa
1561,1234,1635,7.06,Yam
1562,1235,1636,20.98,Rice (Paddy)
1563,1236,1637,17.54,Maize
1564,1236,1638,24.0,Groundnut
1565,1236,1639,20.56,Rice (Paddy)
1566,1237,1640,0.79,Maize
1567,1238,1641,11.94,Rice (Paddy)
1568,1239,1642,23.17,Cassava
1569,1240,1643,14.92,Maize
1570,1240,1644,9.15,Plantain
1571,1241,1645,19.15,Plantain
1572,1242,1646,5.65,Cocoa
1573,1243,1647,14.8,Cocoa
1574,1244,1648,9.79,Groundnut
1575,1244,1649,17.72,Plantain
1576,1245,1650,17.69,Plantain
1577,1246,1651,2.27,Plantain
1578,1247,1652,9.31,Cocoa
1579,1248,1653,3.45,Plantain
1580,1249,1654,13.01,Rice (Paddy)
1581,1250,1655,20.67,Groundnut
1582,1251,1656,19.71,Yam
1583,1252,1657,6.13,Cocoa
1584,1253,1658,17.89,Cocoa
1585,1254,1659,16.36,Groundnut
1586,1255,1660,18.72,Cocoa
1587,1256,1661,17.69,Groundnut
1588,1257,1662,5.29,Plantain
1589,1257,1663,16.51,Plantain
1590,1257,1664,19.06,Cocoa
1591,1258,1665,21.33,Maize
1592,1259,1666,9.86,Cassava
1593,1260,1667,6.55,Maize
1594,1261,1668,7.61,Rice (Paddy)
1595,1262,1669,5.36,Cassava
1596,1263,1670,22.85,Cocoa
1597,1264,1671,21.1,Plantain
1598,1265,1672,3.75,Groundnut
1599,1266,1673,10.56,Rice (Paddy)
1600,1266,1674,20.45,Groundnut
1601,1266,1675,5.05,Groundnut
1602,1267,1676,8.62,Groundnut
1603,1268,1677,17.62,Cocoa
1604,1269,1678,11.19,Maize
1605,1270,1679,22.76,Cassava
1606,1271,1680,23.38,Yam
1607,1272,1681,12.72,Maize
1608,1273,1682,15.35,Cocoa
1609,1274,1683,21.44,Maize
1610,1275,1684,2.74,Groundnut
1611,1276,1685,14.14,Cocoa
1612,1277,1686,3.19,Maize
1613,1278,1687,4.29,Cocoa
1614,1279,1688,12.82,Rice (Paddy)
1615,1280,1689,24.65,Cocoa
1616,1280,1690,6.52,Rice (Paddy)
1617,1280,1691,9.72,Rice (Paddy)
1618,1281,1692,12.41,Rice (Paddy)
1619,1282,1693,10.2,Yam
1620,1283,1694,22.62,Maize
1621,1284,1695,22.71,Plantain
1622,1285,1696,14.81,Cassava
1623,1286,1697,20.71,Cocoa
1624,1287,1698,18.7,Maize
1625,1288,1699,21.04,Maize
1626,1289,1700,22.84,Cocoa
1627,1290,1701,23.94,Cocoa
1628,1291,1702,13.54,Yam
1629,1291,1703,11.31,Groundnut
1630,1291,1704,22.44,Maize
1631,1292,1705,6.06,Groundnut
1632,1293,1706,3.41,Maize
1633,1294,1707,20.58,Cocoa
1634,1295,1708,19.12,Plantain
1635,1296,1709,24.75,Yam
1636,1297,1710,4.85,Cassava
1637,1298,1711,23.21,Rice (Paddy)
1638,1299,1712,3.87,Cassava
1639,1299,1713,16.09,Maize
1640,1300,1714,7.44,Cocoa
1641,1301,1715,18.5,Maize
1642,1302,1716,23.03,Rice (Paddy)
1643,1303,1717,15.97,Rice (Paddy)
1644,1304,1718,11.89,Yam
1645,1305,1719,7.85,Cassava
1646,1305,1720,8.51,Rice (Paddy)
1647,1305,1721,14.93,Yam
1648,1306,1722,1.95,Plantain
1649,1307,1723,1.94,Rice (Paddy)
1650,1307,1724,16.41,Groundnut
1651,1308,1725,10.69,Maize
1652,1308,1726,2.06,Rice (Paddy)
1653,1309,1727,12.0,Maize
1654,1310,1728,21.81,Rice (Paddy)
1655,1311,1729,12.05,Cassava
1656,1311,1730,7.81,Cocoa
1657,1312,1731,1.37,Plantain
1658,1313,1732,23.34,Maize
1659,1314,1733,7.23,Yam
1660,1315,1734,22.75,Yam
1661,1316,1735,15.97,Yam
1662,1317,1736,4.8,Cocoa
1663,1318,1737,3.8,Maize
1664,1319,1738,13.52,Plantain
1665,1320,1739,2.08,Plantain
1666,1321,1740,15.51,Maize
1667,1322,1741,9.38,Cocoa
1668,1323,1742,11.19,Cocoa
1669,1324,1743,20.05,Groundnut
1670,1325,1744,22.61,Plantain
1671,1325,1745,11.36,Plantain
1672,1326,1746,14.89,Cassava
1673,1327,1747,18.96,Yam
1674,1328,1748,9.65,Groundnut
1675,1329,1749,18.36,Yam
1676,1329,1750,12.55,Maize
1677,1330,1751,7.55,Groundnut
1678,1331,1752,12.9,Cassava
1679,1332,1753,4.37,Yam
1680,1333,1754,6.5,Yam
1681,1334,1755,12.57,Cocoa
1682,1335,1756,18.16,Yam
1683,1336,1757,22.12,Cassava
1684,1337,1758,24.07,Maize
1685,1338,1759,23.25,Groundnut
1686,1339,1760,5.22,Groundnut
1687,1340,1761,3.35,Maize
1688,1341,1762,18.06,Cassava
1689,1342,1763,4.2,Rice (Paddy)
1690,1343,1764,3.82,Cocoa
1691,1344,1765,14.23,Cocoa
1692,1345,1766,17.79,Rice (Paddy)
1693,1345,1767,19.85,Plantain
1694,1346,1768,21.86,Plantain
1695,1347,1769,12.18,Groundnut
1696,1348,1770,10.03,Groundnut
1697,1349,1771,4.33,Yam
1698,1350,1772,7.99,Rice (Paddy)
1699,1350,1773,2.98,Rice (Paddy)
1700,1351,1774,11.47,Rice (Paddy)
1701,1352,1775,8.72,Cassava
1702,1353,1776,5.72,Yam
1703,1354,1777,13.95,Maize
1704,1354,1778,8.87,Rice (Paddy)
1705,1355,1779,6.3,Maize
1706,1356,1780,6.98,Plantain
1707,1357,1781,3.99,Cocoa
1708,1358,1782,18.59,Cocoa
1709,1359,1783,21.77,Cassava
1710,1360,1784,13.18,Yam
1711,1361,1785,11.91,Yam
1712,1362,1786,15.03,Maize
1713,1363,1787,21.34,Cassava
1714,1364,1788,12.44,Groundnut
1715,1364,1789,10.16,Plantain
1716,1365,1790,17.84,Cassava
1717,1365,1791,19.65,Cassava
1718,1365,1792,3.4,Yam
1719,1366,1793,12.78,Yam
1720,1367,1794,14.41,Yam
1721,1367,1795,20.27,Plantain
1722,1368,1796,21.31,Rice (Paddy)
1723,1369,1797,11.11,Cocoa
1724,1370,1798,16.64,Maize
1725,1371,1799,21.85,Yam
1726,1371,1800,4.76,Groundnut
1727,1372,1801,9.73,Groundnut
1728,1373,1802,23.43,Groundnut
1729,1374,1803,7.8,Rice (Paddy)
1730,1375,1804,12.94,Groundnut
1731,1376,1805,13.76,Cocoa
1732,1377,1806,20.16,Cassava
1733,1378,1807,16.14,Cassava
1734,1379,1808,12.71,Cocoa
1735,1380,1809,3.63,Rice (Paddy)
1736,1381,1810,4.81,Rice (Paddy)
1737,1382,1811,10.82,Rice (Paddy)
1738,1383,1812,6.87,Groundnut
1739,1384,1813,15.44,Groundnut
1740,1385,1814,5.35,Groundnut
1741,1386,1815,12.29,Cocoa
1742,1387,1816,14.19,Yam
1743,1388,1817,17.52,Cassava
1744,1389,1818,19.46,Maize
1745,1390,1819,2.09,Rice (Paddy)
1746,1391,1820,9.35,Groundnut
1747,1392,1821,10.55,Plantain
1748,1393,1822,0.62,Groundnut
1749,1394,1823,23.28,Plantain
1750,1395,1824,5.29,Rice (Paddy)
1751,1396,1825,1.21,Maize
1752,1397,1826,9.04,Yam
1753,1398,1827,15.01,Maize
1754,1399,1828,5.71,Yam
1755,1400,1829,4.18,Cassava
1756,1401,1830,24.27,Groundnut
1757,1401,1831,13.79,Cassava
1758,1402,1832,19.88,Maize
1759,1403,1833,7.11,Maize
1760,1403,1834,1.85,Cocoa
1761,1404,1835,2.56,Maize
1762,1405,1836,19.54,Cocoa
1763,1406,1837,7.17,Cocoa
1764,1407,1838,11.37,Cocoa
1765,1408,1839,18.19,Cassava
1766,1409,1840,10.92,Rice (Paddy)
1767,1410,1841,3.8,Plantain
1768,1411,1842,11.83,Yam
1769,1412,1843,14.59,Plantain
1770,1413,1844,10.33,Cassava
1771,1413,1845,4.94,Rice (Paddy)
1772,1413,1846,11.2,Plantain
1773,1414,1847,13.16,Maize
1774,1415,1848,10.9,Rice (Paddy)
1775,1415,1849,20.56,Cassava
1776,1415,1850,18.16,Groundnut
1777,1416,1851,9.08,Yam
1778,1417,1852,18.97,Cocoa
1779,1418,1853,8.9,Cassava
1780,1419,1854,20.74,Cassava
1781,1419,1855,14.63,Cassava
1782,1420,1856,22.58,Maize
1783,1421,1857,7.68,Maize
1784,1422,1858,2.91,Groundnut
1785,1423,1859,24.28,Yam
1786,1423,1860,3.7,Cassava
1787,1424,1861,3.43,Yam
1788,1425,1862,11.38,Yam
1789,1425,1863,20.19,Yam
1790,1426,1864,9.37,Cassava
1791,1426,1865,7.45,Groundnut
1792,1427,1866,17.39,Cassava
1793,1428,1867,0.73,Rice (Paddy)
1794,1429,1868,16.08,Rice (Paddy)
1795,1430,1869,11.95,Cocoa
1796,1431,1870,22.46,Plantain
1797,1432,1871,15.54,Cassava
1798,1433,1872,20.68,Maize
1799,1434,1873,15.89,Rice (Paddy)
1800,1434,1874,15.21,Maize
1801,1434,1875,19.87,Rice (Paddy)
1802,1435,1876,16.3,Groundnut
1803,1436,1877,11.4,Cocoa
1804,1436,1878,5.68,Rice (Paddy)
1805,1436,1879,11.56,Rice (Paddy)
1806,1437,1880,3.83,Yam
1807,1437,1881,1.2,Plantain
1808,1438,1882,11.58,Plantain
1809,1439,1883,7.32,Plantain
1810,1440,1884,10.48,Cocoa
1811,1441,1885,15.48,Groundnut
1812,1442,1886,3.64,Maize
1813,1442,1887,6.94,Plantain
1814,1443,1888,21.67,Plantain
1815,1443,1889,21.91,Cocoa
1816,1444,1890,21.86,Groundnut
1817,1445,1891,4.13,Rice (Paddy)
1818,1446,1892,21.23,Groundnut
1819,1447,1893,7.22,Yam
1820,1447,1894,6.82,Yam
1821,1447,1895,16.8,Cassava
1822,1448,1896,2.12,Maize
1823,1448,1897,3.93,Rice (Paddy)
1824,1449,1898,3.41,Groundnut
1825,1450,1899,19.65,Yam
1826,1451,1900,11.15,Cassava
1827,1452,1901,15.71,Yam
1828,1453,1902,19.29,Cassava
1829,1454,1903,16.02,Maize
1830,1455,1904,19.09,Yam
1831,1456,1905,12.5,Groundnut
1832,1457,1906,11.15,Groundnut
1833,1458,1907,4.92,Plantain
1834,1459,1908,16.69,Rice (Paddy)
1835,1460,1909,1.98,Groundnut
1836,1460,1910,3.97,Rice (Paddy)
1837,1460,1911,3.21,Maize
1838,1461,1912,7.6,Maize
1839,1462,1913,24.74,Cassava
1840,1463,1914,23.13,Cocoa
1841,1464,1915,15.74,Yam
1842,1465,1916,15.3,Rice (Paddy)
1843,1466,1917,3.16,Rice (Paddy)
1844,1467,1918,20.21,Maize
1845,1468,1919,4.14,Rice (Paddy)
1846,1468,1920,16.79,Maize
1847,1469,1921,7.17,Groundnut
1848,1470,1922,23.45,Rice (Paddy)
1849,1471,1923,4.18,Groundnut
1850,1472,1924,19.38,Maize
1851,1473,1925,5.41,Maize
1852,1474,1926,5.43,Maize
1853,1474,1927,5.45,Yam
1854,1475,1928,18.11,Cocoa
1855,1476,1929,22.32,Groundnut
1856,1477,1930,13.66,Plantain
1857,1478,1931,22.49,Maize
1858,1479,1932,12.34,Plantain
1859,1480,1933,13.27,Groundnut
1860,1481,1934,22.13,Rice (Paddy)
1861,1482,1935,5.08,Plantain
1862,1483,1936,5.06,Groundnut
1863,1484,1937,11.71,Groundnut
1864,1485,1938,4.19,Cassava
1865,1486,1939,12.24,Rice (Paddy)
1866,1487,1940,10.35,Groundnut
1867,1488,1941,20.26,Cocoa
1868,1488,1942,11.2,Cassava
1869,1488,1943,9.86,Cassava
1870,1489,1944,7.11,Cocoa
1871,1490,1945,12.92,Groundnut
1872,1491,1946,14.01,Groundnut
1873,1492,1947,14.74,Yam
1874,1493,1948,19.8,Groundnut
1875,1494,1949,11.72,Maize
1876,1495,1950,16.73,Cocoa
1877,1496,1951,18.58,Plantain
1878,1497,1952,16.69,Maize
1879,1498,1953,15.61,Groundnut
1880,1499,1954,21.84,Groundnut
1881,1500,1955,10.77,Groundnut
1882,1501,1956,12.31,Maize
1883,1502,1957,18.74,Yam
1884,1503,1958,1.6,Cocoa
1885,1504,1959,19.4,Maize
1886,1505,1960,9.47,Groundnut
1887,1505,1961,11.79,Maize
1888,1505,1962,10.25,Yam
1889,1506,1963,21.22,Plantain
1890,1506,1964,19.24,Maize
1891,1507,1965,8.53,Groundnut
1892,1508,1966,7.68,Groundnut
1893,1509,1967,15.2,Rice (Paddy)
1894,1510,1968,9.68,Yam
1895,1511,1969,22.16,Groundnut
1896,1512,1970,15.42,Cassava
1897,1512,1971,16.77,Cassava
1898,1512,1972,0.58,Plantain
1899,1513,1973,7.38,Plantain
1900,1514,1974,6.52,Groundnut
1901,1515,1975,7.3,Cassava
1902,1516,1976,15.21,Rice (Paddy)
1903,1517,1977,17.89,Yam
1904,1518,1978,9.18,Yam
1905,1518,1979,6.48,Rice (Paddy)
1906,1519,1980,9.65,Maize
1907,1520,1981,24.58,Rice (Paddy)
1908,1520,1982,1.56,Cocoa
1909,1521,1983,22.38,Rice (Paddy)
1910,1522,1984,7.44,Groundnut
1911,1523,1985,11.09,Cassava
1912,1524,1986,11.19,Maize
1913,1525,1987,19.44,Rice (Paddy)
1914,1526,1988,14.78,Cocoa
1915,1527,1989,5.87,Groundnut
1916,1528,1990,8.79,Cocoa
1917,1529,1991,10.96,Groundnut
1918,1530,1992,13.0,Cocoa
1919,1531,1993,8.42,Yam
1920,1532,1994,8.49,Rice (Paddy)
1921,1532,1995,1.91,Rice (Paddy)
1922,1533,1996,13.23,Groundnut
1923,1533,1997,18.01,Plantain
1924,1534,1998,23.04,Rice (Paddy)
1925,1534,1999,24.5,Groundnut
1926,1535,2000,13.31,Yam
1927,1536,2001,9.12,Maize
1928,1536,2002,24.68,Plantain
1929,1537,2003,14.61,Plantain
1930,1538,2004,2.31,Cassava
1931,1539,2005,24.23,Cassava
1932,1539,2006,6.33,Rice (Paddy)
1933,1540,2007,18.48,Groundnut
1934,1541,2008,9.23,Cocoa
1935,1542,2009,13.45,Cocoa
1936,1543,2010,16.12,Plantain
1937,1544,2011,7.86,Rice (Paddy)
1938,1545,2012,24.99,Plantain
1939,1546,2013,0.81,Groundnut
1940,1547,2014,17.42,Cassava
1941,1548,2015,4.75,Yam
1942,1549,2016,5.61,Maize
1943,1550,2017,15.27,Rice (Paddy)
1944,1551,2018,2.77,Maize
1945,1552,2019,21.07,Cassava
1946,1553,2020,0.71,Yam
1947,1554,2021,13.78,Plantain
1948,1555,2022,22.77,Maize
1949,1556,2023,1.4,Cocoa
1950,1557,2024,4.84,Maize
1951,1558,2025,13.7,Maize
1952,1558,2026,20.85,Plantain
1953,1559,2027,18.38,Groundnut
1954,1560,2028,7.77,Yam
1955,1561,2029,2.46,Rice (Paddy)
1956,1562,2030,15.37,Cocoa
1957,1563,2031,15.62,Rice (Paddy)
1958,1563,2032,21.4,Maize
1959,1564,2033,6.89,Cassava
1960,1565,2034,24.09,Cassava
1961,1566,2035,7.11,Yam
1962,1567,2036,8.54,Maize
1963,1568,2037,7.34,Yam
1964,1569,2038,7.87,Cocoa
1965,1569,2039,0.61,Maize
1966,1570,2040,5.09,Maize
1967,1571,2041,24.05,Yam
1968,1572,2042,5.25,Yam
1969,1573,2043,20.04,Cassava
1970,1574,2044,18.91,Plantain
1971,1575,2045,9.88,Groundnut
1972,1576,2046,3.34,Cocoa
1973,1577,2047,6.36,Cocoa
1974,1578,2048,11.37,Cassava
1975,1579,2049,2.13,Cocoa
1976,1580,2050,22.62,Maize
1977,1580,2051,19.77,Plantain
1978,1581,2052,15.16,Groundnut
1979,1582,2053,0.56,Rice (Paddy)
1980,1583,2054,3.78,Cassava
1981,1583,2055,8.69,Groundnut
1982,1584,2056,2.48,Cocoa
1983,1584,2057,4.7,Cassava
1984,1585,2058,5.62,Maize
1985,1586,2059,22.82,Plantain
1986,1586,2060,7.72,Cassava
1987,1587,2061,9.93,Cocoa
1988,1588,2062,2.91,Rice (Paddy)
1989,1589,2063,11.35,Maize
1990,1589,2064,14.83,Groundnut
1991,1590,2065,5.64,Plantain
1992,1590,2066,12.8,Plantain
1993,1591,2067,5.31,Plantain
1994,1592,2068,3.31,Cassava
1995,1593,2069,17.09,Rice (Paddy)
1996,1593,2070,4.14,Cassava
1997,1593,2071,12.18,Cassava
1998,1594,2072,9.35,Maize
1999,1594,2073,17.53,Cassava
2000,1594,2074,4.19,Rice (Paddy)
2001,1595,2075,3.1,Cocoa
2002,1596,2076,13.98,Plantain
2003,1596,2077,17.44,Rice (Paddy)
2004,1597,2078,23.26,Maize
2005,1598,2079,1.69,Groundnut
2006,1599,2080,6.13,Groundnut
2007,1600,2081,12.58,Groundnut
2008,1601,2082,16.9,Maize
2009,1601,2083,16.27,Cassava
2010,1602,2084,1.56,Rice (Paddy)
2011,1602,2085,19.95,Cassava
2012,1603,2086,22.95,Groundnut
2013,1603,2087,1.02,Plantain
2014,1604,2088,1.86,Yam
2015,1605,2089,6.94,Maize
2016,1606,2090,11.91,Yam
2017,1607,2091,16.74,Cassava
2018,1608,2092,4.82,Groundnut
2019,1609,2093,4.97,Plantain
2020,1609,2094,20.98,Plantain
2021,1610,2095,20.5,Yam
2022,1610,2096,23.48,Rice (Paddy)
2023,1611,2097,21.44,Maize
2024,1612,2098,13.69,Maize
2025,1612,2099,16.86,Groundnut
2026,1613,2100,5.85,Plantain
2027,1614,2101,16.25,Maize
2028,1615,2102,3.33,Plantain
2029,1616,2103,2.02,Cassava
2030,1617,2104,23.67,Maize
2031,1618,2105,20.58,Yam
2032,1619,2106,10.2,Cocoa
2033,1620,2107,19.63,Cassava
2034,1620,2108,9.5,Yam
2035,1620,2109,23.98,Maize
2036,1621,2110,10.75,Cocoa
2037,1622,2111,15.61,Cassava
2038,1623,2112,10.86,Maize
2039,1624,2113,7.54,Cassava
2040,1625,2114,1.11,Cassava
2041,1626,2115,12.48,Plantain
2042,1627,2116,13.44,Rice (Paddy)
2043,1628,2117,21.66,Plantain
2044,1629,2118,12.77,Plantain
2045,1629,2119,21.42,Maize
2046,1630,2120,9.49,Groundnut
2047,1631,2121,16.75,Yam
2048,1632,2122,3.97,Maize
2049,1632,2123,2.55,Plantain
2050,1633,2124,0.65,Maize
2051,1633,2125,11.4,Cassava
2052,1634,2126,23.18,Maize
2053,1635,2127,10.74,Cocoa
2054,1635,2128,16.49,Cocoa
2055,1636,2129,13.66,Yam
2056,1637,2130,13.4,Maize
2057,1638,2131,11.08,Maize
2058,1639,2132,9.04,Cocoa
2059,1640,2133,7.61,Plantain
2060,1640,2134,20.82,Groundnut
2061,1641,2135,23.05,Rice (Paddy)
2062,1641,2136,18.7,Plantain
2063,1641,2137,24.49,Rice (Paddy)
2064,1642,2138,9.14,Cassava
2065,1642,2139,13.19,Maize
2066,1642,2140,23.73,Cocoa
2067,1643,2141,20.39,Maize
2068,1644,2142,2.51,Rice (Paddy)
2069,1645,2143,16.92,Cassava
2070,1646,2144,5.5,Maize
2071,1647,2145,9.51,Plantain
2072,1647,2146,1.16,Plantain
2073,1648,2147,10.13,Groundnut
2074,1649,2148,23.81,Cassava
2075,1650,2149,8.43,Rice (Paddy)
2076,1651,2150,5.6,Cassava
2077,1651,2151,10.75,Yam
2078,1651,2152,2.36,Cocoa
2079,1652,2153,21.47,Groundnut
2080,1653,2154,12.57,Groundnut
2081,1654,2155,24.77,Plantain
2082,1655,2156,10.62,Rice (Paddy)
2083,1655,2157,14.58,Plantain
2084,1656,2158,22.51,Yam
2085,1657,2159,11.48,Maize
2086,1658,2160,21.94,Rice (Paddy)
2087,1659,2161,3.65,Plantain
2088,1659,2162,24.11,Cassava
2089,1659,2163,8.68,Cocoa
2090,1660,2164,16.64,Groundnut
2091,1661,2165,2.74,Maize
2092,1662,2166,0.88,Cocoa
2093,1662,2167,7.78,Groundnut
2094,1662,2168,22.04,Cassava
2095,1663,2169,1.19,Groundnut
2096,1664,2170,15.74,Rice (Paddy)
2097,1665,2171,14.46,Rice (Paddy)
2098,1666,2172,11.98,Yam
2099,1667,2173,12.83,Cocoa
2100,1668,2174,15.96,Cocoa
2101,1669,2175,6.72,Yam
2102,1670,2176,7.6,Cocoa
2103,1670,2177,22.6,Cassava
2104,1670,2178,15.78,Plantain
2105,1671,2179,4.58,Yam
2106,1672,2180,22.66,Plantain
2107,1673,2181,1.13,Maize
2108,1674,2182,18.72,Rice (Paddy)
2109,1675,2183,13.63,Cassava
2110,1676,2184,5.35,Cassava
2111,1677,2185,0.79,Rice (Paddy)
2112,1678,2186,16.82,Plantain
2113,1678,2187,13.28,Rice (Paddy)
2114,1678,2188,18.16,Cassava
2115,1679,2189,19.8,Plantain
2116,1680,2190,24.64,Cassava
2117,1680,2191,3.95,Groundnut
2118,1680,2192,20.56,Yam
2119,1681,2193,24.22,Yam
2120,1682,2194,17.09,Rice (Paddy)
2121,1683,2195,17.5,Yam
2122,1684,2196,1.11,Cassava
2123,1685,2197,3.44,Groundnut
2124,1685,2198,23.91,Plantain
2125,1686,2199,7.13,Cassava
2126,1687,2200,16.74,Cocoa
2127,1687,2201,15.73,Maize
2128,1688,2202,24.72,Plantain
2129,1689,2203,12.26,Rice (Paddy)
2130,1690,2204,24.89,Cassava
2131,1691,2205,18.6,Cassava
2132,1692,2206,8.55,Rice (Paddy)
2133,1693,2207,13.17,Groundnut
2134,1694,2208,2.81,Plantain
2135,1695,2209,17.85,Plantain
2136,1696,2210,19.95,Yam
2137,1697,2211,1.33,Rice (Paddy)
2138,1698,2212,9.37,Maize
2139,1699,2213,12.11,Plantain
2140,1700,2214,21.77,Plantain
2141,1700,2215,0.66,Cocoa
2142,1701,2216,16.63,Plantain
2143,1702,2217,6.97,Rice (Paddy)
2144,1703,2218,14.21,Plantain
2145,1704,2219,12.61,Yam
2146,1705,2220,12.31,Cocoa
2147,1705,2221,14.42,Rice (Paddy)
2148,1706,2222,2.13,Cocoa
2149,1707,2223,18.97,Plantain
2150,1708,2224,2.48,Cassava
2151,1708,2225,20.06,Yam
2152,1709,2226,19.84,Plantain
2153,1709,2227,23.62,Rice (Paddy)
2154,1709,2228,18.15,Maize
2155,1710,2229,18.93,Cocoa
2156,1711,2230,23.04,Plantain
2157,1712,2231,10.37,Plantain
2158,1713,2232,2.7,Yam
2159,1714,2233,7.55,Plantain
2160,1715,2234,21.21,Groundnut
2161,1716,2235,15.21,Plantain
2162,1716,2236,2.52,Cocoa
2163,1717,2237,1.9,Yam
2164,1717,2238,4.36,Cassava
2165,1717,2239,9.43,Maize
2166,1718,2240,3.16,Maize
2167,1719,2241,3.68,Groundnut
2168,1720,2242,2.12,Rice (Paddy)
2169,1720,2243,22.51,Cassava
2170,1720,2244,4.9,Cassava
2171,1721,2245,17.64,Rice (Paddy)
2172,1722,2246,9.76,Cocoa
2173,1723,2247,24.98,Cassava
2174,1724,2248,1.29,Cocoa
2175,1725,2249,20.75,Rice (Paddy)
2176,1725,2250,10.79,Groundnut
2177,1726,2251,18.09,Groundnut
2178,1727,2252,5.87,Rice (Paddy)
2179,1728,2253,0.64,Yam
2180,1729,2254,9.67,Cassava
2181,1730,2255,13.42,Plantain
2182,1731,2256,11.27,Plantain
2183,1732,2257,6.78,Cocoa
2184,1732,2258,20.95,Maize
2185,1733,2259,21.08,Cassava
2186,1734,2260,17.16,Groundnut
2187,1735,2261,16.75,Yam
2188,1736,2262,21.99,Rice (Paddy)
2189,1737,2263,14.1,Maize
2190,1738,2264,17.1,Rice (Paddy)
2191,1738,2265,4.52,Maize
2192,1739,2266,22.04,Yam
2193,1740,2267,21.06,Rice (Paddy)
2194,1741,2268,5.27,Yam
2195,1742,2269,24.58,Rice (Paddy)
2196,1743,2270,18.88,Rice (Paddy)
2197,1744,2271,14.07,Cassava
2198,1745,2272,10.85,Groundnut
2199,1746,2273,11.28,Maize
2200,1747,2274,5.66,Cocoa
2201,1748,2275,7.67,Yam
2202,1749,2276,10.32,Rice (Paddy)
2203,1749,2277,20.01,Cocoa
2204,1750,2278,6.21,Cassava
2205,1751,2279,12.29,Plantain
2206,1752,2280,4.11,Cocoa
2207,1753,2281,15.32,Cocoa
2208,1754,2282,7.51,Yam
2209,1755,2283,2.5,Cassava
2210,1756,2284,17.29,Cocoa
2211,1757,2285,16.06,Rice (Paddy)
2212,1758,2286,11.26,Cocoa
2213,1759,2287,19.1,Maize
2214,1760,2288,2.96,Rice (Paddy)
2215,1761,2289,9.52,Cassava
2216,1762,2290,0.85,Plantain
2217,1763,2291,6.96,Groundnut
2218,1764,2292,15.5,Maize
2219,1764,2293,10.34,Plantain
2220,1765,2294,15.51,Plantain
2221,1765,2295,19.33,Yam
2222,1766,2296,5.16,Groundnut
2223,1767,2297,22.14,Plantain
2224,1768,2298,21.17,Plantain
2225,1769,2299,7.8,Yam
2226,1770,2300,19.22,Rice (Paddy)
2227,1771,2301,15.89,Groundnut
2228,1772,2302,23.01,Groundnut
2229,1773,2303,5.35,Plantain
2230,1773,2304,9.22,Yam
2231,1773,2305,9.07,Plantain
2232,1774,2306,24.55,Cassava
2233,1775,2307,12.0,Plantain
2234,1775,2308,4.01,Yam
2235,1776,2309,12.91,Groundnut
2236,1777,2310,12.77,Yam
2237,1778,2311,21.75,Groundnut
2238,1779,2312,11.16,Cassava
2239,1780,2313,10.61,Groundnut
2240,1781,2314,2.24,Yam
2241,1782,2315,3.73,Groundnut
2242,1782,2316,4.53,Groundnut
2243,1783,2317,9.93,Rice (Paddy)
2244,1783,2318,9.38,Yam
2245,1784,2319,18.07,Rice (Paddy)
2246,1785,2320,24.08,Cocoa
2247,1786,2321,13.11,Yam
2248,1787,2322,12.84,Cassava
2249,1787,2323,8.54,Groundnut
2250,1788,2324,8.11,Rice (Paddy)
2251,1789,2325,3.33,Groundnut
2252,1790,2326,11.8,Plantain
2253,1791,2327,16.2,Plantain
2254,1791,2328,10.25,Cocoa
2255,1792,2329,4.91,Yam
2256,1793,2330,15.46,Groundnut
2257,1794,2331,17.23,Cassava
2258,1795,2332,18.87,Maize
2259,1795,2333,3.59,Maize
2260,1796,2334,12.4,Rice (Paddy)
2261,1797,2335,17.15,Cocoa
2262,1798,2336,3.83,Cocoa
2263,1799,2337,22.26,Maize
2264,1799,2338,1.29,Cocoa
2265,1800,2339,11.36,Cocoa
2266,1801,2340,2.08,Rice (Paddy)
2267,1802,2341,18.47,Cassava
2268,1803,2342,15.94,Plantain
2269,1804,2343,0.77,Groundnut
2270,1805,2344,22.12,Maize
2271,1806,2345,3.01,Plantain
2272,1807,2346,14.22,Cocoa
2273,1808,2347,11.7,Rice (Paddy)
2274,1809,2348,15.81,Maize
2275,1810,2349,15.14,Rice (Paddy)
2276,1811,2350,18.88,Maize
2277,1811,2351,14.11,Rice (Paddy)
2278,1812,2352,18.18,Rice (Paddy)
2279,1813,2353,6.94,Plantain
2280,1814,2354,14.12,Yam
2281,1815,2355,12.04,Yam
2282,1816,2356,10.95,Yam
2283,1817,2357,21.93,Yam
2284,1818,2358,17.28,Cassava
2285,1819,2359,15.27,Maize
2286,1820,2360,8.32,Cassava
2287,1820,2361,24.81,Rice (Paddy)
2288,1821,2362,24.33,Yam
2289,1822,2363,24.88,Groundnut
2290,1823,2364,24.06,Plantain
2291,1823,2365,24.04,Groundnut
2292,1823,2366,12.1,Plantain
2293,1824,2367,0.97,Yam
2294,1825,2368,20.8,Groundnut
2295,1826,2369,7.02,Rice (Paddy)
2296,1827,2370,15.32,Yam
2297,1828,2371,19.78,Maize
2298,1829,2372,0.78,Cocoa
2299,1829,2373,19.57,Plantain
2300,1830,2374,22.92,Yam
2301,1831,2375,4.95,Cassava
2302,1832,2376,7.0,Rice (Paddy)
2303,1833,2377,17.89,Yam
2304,1834,2378,7.32,Rice (Paddy)
2305,1835,2379,11.98,Yam
2306,1836,2380,19.28,Groundnut
2307,1836,2381,11.87,Groundnut
2308,1837,2382,16.52,Yam
2309,1838,2383,22.0,Cassava
2310,1839,2384,5.55,Plantain
2311,1840,2385,21.7,Plantain
2312,1840,2386,12.92,Cassava
2313,1841,2387,10.28,Plantain
2314,1842,2388,3.74,Maize
2315,1843,2389,18.24,Yam
2316,1844,2390,6.24,Maize
2317,1845,2391,7.75,Cassava
2318,1846,2392,1.78,Yam
2319,1847,2393,13.47,Groundnut
2320,1847,2394,13.85,Yam
2321,1848,2395,12.22,Cocoa
2322,1849,2396,19.45,Cocoa
2323,1849,2397,20.52,Rice (Paddy)
2324,1849,2398,17.42,Yam
2325,1850,2399,17.64,Groundnut
2326,1851,2400,8.23,Maize
2327,1852,2401,17.89,Plantain
2328,1853,2402,17.78,Cassava
2329,1854,2403,3.36,Groundnut
2330,1854,2404,4.99,Cassava
2331,1855,2405,0.74,Cocoa
2332,1856,2406,23.98,Plantain
2333,1856,2407,20.87,Rice (Paddy)
2334,1856,2408,23.33,Groundnut
2335,1857,2409,20.3,Yam
2336,1857,2410,13.79,Plantain
2337,1857,2411,24.77,Maize
2338,1858,2412,21.58,Plantain
2339,1859,2413,18.27,Groundnut
2340,1860,2414,19.36,Cassava
2341,1861,2415,12.99,Yam
2342,1862,2416,2.58,Groundnut
2343,1862,2417,0.74,Cassava
2344,1863,2418,24.46,Maize
2345,1864,2419,11.47,Cocoa
2346,1865,2420,19.29,Cocoa
2347,1865,2421,9.56,Cassava
2348,1865,2422,6.25,Cocoa
2349,1866,2423,9.44,Yam
2350,1867,2424,15.44,Yam
2351,1868,2425,9.6,Plantain
2352,1869,2426,9.38,Maize
2353,1870,2427,21.12,Rice (Paddy)
2354,1870,2428,23.66,Groundnut
2355,1871,2429,10.77,Rice (Paddy)
2356,1871,2430,12.91,Yam
2357,1872,2431,19.34,Groundnut
2358,1873,2432,10.41,Yam
2359,1873,2433,24.17,Yam
2360,1874,2434,24.58,Plantain
2361,1875,2435,17.49,Maize
2362,1876,2436,20.07,Cassava
2363,1876,2437,19.22,Cassava
2364,1877,2438,5.25,Cocoa
2365,1878,2439,9.61,Plantain
2366,1879,2440,22.92,Cocoa
2367,1880,2441,3.9,Cocoa
2368,1881,2442,4.04,Maize
2369,1882,2443,14.18,Groundnut
2370,1883,2444,7.75,Maize
2371,1884,2445,12.08,Rice (Paddy)
2372,1885,2446,16.6,Groundnut
2373,1886,2447,5.94,Rice (Paddy)
2374,1887,2448,9.12,Cassava
2375,1888,2449,17.13,Plantain
2376,1889,2450,21.37,Cocoa
2377,1890,2451,8.34,Yam
2378,1890,2452,8.66,Rice (Paddy)
2379,1891,2453,18.68,Groundnut
2380,1892,2454,17.81,Maize
2381,1893,2455,15.87,Yam
2382,1894,2456,2.54,Yam
2383,1895,2457,0.58,Plantain
2384,1896,2458,1.28,Yam
2385,1897,2459,18.0,Yam
2386,1897,2460,6.66,Yam
2387,1897,2461,5.96,Maize
2388,1898,2462,3.4,Maize
2389,1899,2463,18.49,Groundnut
2390,1900,2464,15.05,Groundnut
2391,1900,2465,7.59,Groundnut
2392,1901,2466,0.54,Rice (Paddy)
2393,1902,2467,23.63,Cocoa
2394,1902,2468,4.29,Cocoa
2395,1903,2469,5.98,Cocoa
2396,1904,2470,3.38,Cocoa
2397,1905,2471,22.51,Plantain
2398,1906,2472,16.95,Plantain
2399,1907,2473,4.58,Cassava
2400,1907,2474,2.07,Plantain
2401,1907,2475,0.88,Groundnut
2402,1908,2476,19.67,Groundnut
2403,1909,2477,11.01,Cocoa
2404,1910,2478,15.99,Maize
2405,1911,2479,20.66,Cassava
2406,1912,2480,14.22,Maize
2407,1913,2481,12.44,Yam
2408,1914,2482,1.63,Cassava
2409,1915,2483,6.79,Plantain
2410,1916,2484,17.32,Groundnut
2411,1917,2485,18.86,Groundnut
2412,1918,2486,21.93,Yam
2413,1918,2487,15.59,Rice (Paddy)
2414,1918,2488,14.1,Cassava
2415,1919,2489,18.87,Maize
2416,1920,2490,13.13,Maize
2417,1921,2491,17.4,Maize
2418,1922,2492,10.96,Maize
2419,1923,2493,13.41,Plantain
2420,1924,2494,5.1,Plantain
2421,1925,2495,13.31,Yam
2422,1926,2496,18.28,Rice (Paddy)
2423,1927,2497,2.87,Maize
2424,1927,2498,5.57,Yam
2425,1928,2499,21.3,Yam
2426,1928,2500,24.05,Cassava
2427,1929,2501,16.62,Groundnut
2428,1930,2502,21.12,Plantain
2429,1931,2503,7.47,Yam
2430,1931,2504,15.11,Plantain
2431,1932,2505,7.35,Cassava
2432,1933,2506,16.06,Rice (Paddy)
2433,1934,2507,15.48,Groundnut
2434,1935,2508,17.69,Plantain
2435,1936,2509,1.28,Cocoa
2436,1937,2510,6.82,Groundnut
2437,1938,2511,16.19,Cocoa
2438,1939,2512,10.12,Plantain
2439,1940,2513,0.8,Plantain
2440,1941,2514,7.27,Groundnut
2441,1942,2515,19.86,Cocoa
2442,1942,2516,9.42,Cassava
2443,1942,2517,1.21,Cocoa
2444,1943,2518,7.3,Plantain
2445,1944,2519,15.83,Plantain
2446,1945,2520,1.04,Rice (Paddy)
2447,1945,2521,8.89,Maize
2448,1946,2522,5.05,Yam
2449,1946,2523,23.79,Yam
2450,1947,2524,14.71,Cocoa
2451,1948,2525,14.88,Cocoa
2452,1949,2526,17.99,Cassava
2453,1949,2527,21.35,Maize
2454,1950,2528,2.26,Groundnut
2455,1951,2529,23.85,Plantain
2456,1952,2530,17.31,Cocoa
2457,1953,2531,21.73,Yam
2458,1953,2532,20.36,Yam
2459,1954,2533,16.94,Yam
2460,1954,2534,9.09,Yam
2461,1955,2535,15.2,Maize
2462,1956,2536,22.18,Yam
2463,1957,2537,22.12,Cassava
2464,1958,2538,23.08,Yam
2465,1958,2539,3.54,Cassava
2466,1959,2540,17.36,Plantain
2467,1959,2541,19.49,Groundnut
2468,1959,2542,18.4,Maize
2469,1960,2543,2.75,Maize
2470,1961,2544,10.27,Yam
2471,1962,2545,3.56,Groundnut
2472,1962,2546,15.78,Plantain
2473,1963,2547,22.42,Yam
2474,1963,2548,20.29,Plantain
2475,1963,2549,12.14,Cassava
2476,1964,2550,14.88,Groundnut
2477,1965,2551,24.86,Rice (Paddy)
2478,1966,2552,8.77,Groundnut
2479,1966,2553,22.89,Cassava
2480,1967,2554,21.38,Maize
2481,1968,2555,1.3,Plantain
2482,1969,2556,11.4,Plantain
2483,1970,2557,4.87,Groundnut
2484,1971,2558,6.99,Cocoa
2485,1972,2559,12.29,Yam
2486,1973,2560,6.36,Cassava
2487,1974,2561,0.71,Groundnut
2488,1975,2562,9.62,Maize
2489,1976,2563,6.76,Maize
2490,1977,2564,4.77,Cassava
2491,1978,2565,10.78,Rice (Paddy)
2492,1978,2566,8.04,Yam
2493,1979,2567,4.13,Plantain
2494,1980,2568,23.75,Plantain
2495,1981,2569,20.94,Rice (Paddy)
2496,1981,2570,1.4,Cassava
2497,1982,2571,10.2,Maize
2498,1983,2572,3.97,Cocoa
2499,1984,2573,16.43,Yam
2500,1985,2574,9.54,Groundnut
2501,1986,2575,12.69,Cocoa
2502,1986,2576,6.05,Maize
2503,1987,2577,16.31,Groundnut
2504,1987,2578,7.92,Maize
2505,1988,2579,17.11,Maize
2506,1989,2580,4.55,Rice (Paddy)
2507,1989,2581,19.67,Plantain
2508,1990,2582,24.95,Cassava
2509,1990,2583,3.84,Yam
2510,1991,2584,5.71,Maize
2511,1992,2585,16.29,Cassava
2512,1993,2586,0.71,Maize
2513,1994,2587,9.09,Maize
2514,1995,2588,23.43,Cassava
2515,1996,2589,15.75,Maize
2516,1997,2590,17.34,Cocoa
2517,1998,2591,0.58,Groundnut
2518,1998,2592,19.2,Plantain
2519,1999,2593,13.54,Plantain
2520,2000,2594,18.2,Groundnut
2521,2001,2595,24.33,Rice (Paddy)
2522,2002,2596,12.82,Maize
2523,2003,2597,9.96,Plantain
2524,2004,2598,1.54,Cocoa
2525,2005,2599,6.57,Rice (Paddy)
2526,2006,2600,16.9,Cocoa
2527,2007,2601,10.19,Cocoa
2528,2008,2602,18.61,Rice (Paddy)
2529,2009,2603,24.03,Plantain
2530,2010,2604,13.2,Cocoa
2531,2011,2605,7.31,Groundnut
2532,2011,2606,19.83,Groundnut
2533,2012,2607,6.74,Groundnut
2534,2013,2608,4.1,Rice (Paddy)
2535,2014,2609,1.79,Groundnut
2536,2014,2610,13.09,Plantain
2537,2015,2611,6.15,Groundnut
2538,2016,2612,11.48,Groundnut
2539,2017,2613,10.83,Cassava
2540,2017,2614,5.58,Groundnut
2541,2018,2615,24.88,Cocoa
2542,2019,2616,24.73,Cassava
2543,2020,2617,19.06,Rice (Paddy)
2544,2021,2618,14.46,Plantain
2545,2022,2619,15.82,Plantain
2546,2023,2620,4.97,Cassava
2547,2024,2621,7.86,Maize
2548,2025,2622,13.53,Cassava
2549,2026,2623,13.54,Cassava
2550,2027,2624,6.24,Plantain
2551,2027,2625,20.0,Groundnut
2552,2027,2626,6.54,Maize
2553,2028,2627,21.21,Cocoa
2554,2029,2628,1.92,Groundnut
2555,2030,2629,11.2,Cocoa
2556,2031,2630,8.91,Cocoa
2557,2032,2631,12.22,Rice (Paddy)
2558,2033,2632,23.66,Cassava
2559,2034,2633,2.13,Plantain
2560,2035,2634,9.63,Rice (Paddy)
2561,2035,2635,12.09,Maize
2562,2035,2636,2.52,Plantain
2563,2036,2637,2.26,Maize
2564,2037,2638,4.15,Yam
2565,2038,2639,5.87,Groundnut
2566,2039,2640,8.92,Cocoa
2567,2039,2641,16.93,Rice (Paddy)
2568,2040,2642,20.24,Plantain
2569,2040,2643,12.39,Plantain
2570,2041,2644,11.79,Maize
2571,2042,2645,18.62,Groundnut
2572,2043,2646,24.92,Maize
2573,2044,2647,6.02,Yam
2574,2045,2648,15.67,Yam
2575,2046,2649,10.3,Rice (Paddy)
2576,2047,2650,16.09,Cassava
2577,2047,2651,24.77,Rice (Paddy)
2578,2048,2652,8.58,Plantain
2579,2048,2653,13.45,Rice (Paddy)
2580,2049,2654,21.14,Cocoa
2581,2050,2655,5.25,Rice (Paddy)
2582,2051,2656,2.24,Cassava
2583,2052,2657,2.49,Groundnut
2584,2053,2658,13.73,Maize
2585,2054,2659,16.8,Cassava
2586,2054,2660,22.86,Cocoa
2587,2054,2661,11.94,Cassava
2588,2055,2662,13.32,Maize
2589,2056,2663,10.05,Yam
2590,2057,2664,6.83,Yam
2591,2058,2665,14.01,Maize
2592,2059,2666,2.09,Plantain
2593,2060,2667,0.5,Maize
2594,2061,2668,3.47,Plantain
2595,2062,2669,20.6,Plantain
2596,2062,2670,3.69,Groundnut
2597,2062,2671,5.36,Cocoa
2598,2063,2672,12.13,Cocoa
2599,2064,2673,14.64,Maize
2600,2065,2674,4.62,Rice (Paddy)
2601,2065,2675,6.36,Yam
2602,2066,2676,12.69,Rice (Paddy)
2603,2067,2677,4.81,Cassava
2604,2068,2678,14.39,Plantain
2605,2069,2679,20.44,Maize
2606,2070,2680,12.79,Cocoa
2607,2071,2681,15.26,Groundnut
2608,2072,2682,17.1,Yam
2609,2073,2683,7.21,Yam
2610,2073,2684,8.78,Groundnut
2611,2074,2685,11.82,Groundnut
2612,2075,2686,8.45,Cocoa
2613,2076,2687,16.24,Groundnut
2614,2077,2688,4.49,Cocoa
2615,2077,2689,21.51,Yam
2616,2077,2690,9.13,Maize
2617,2078,2691,16.84,Cocoa
2618,2079,2692,17.36,Groundnut
2619,2080,2693,8.95,Cocoa
2620,2080,2694,9.62,Plantain
2621,2081,2695,20.61,Rice (Paddy)
2622,2082,2696,24.46,Cocoa
2623,2083,2697,7.85,Cassava
2624,2083,2698,13.9,Groundnut
2625,2084,2699,6.53,Cassava
2626,2085,2700,21.47,Cassava
2627,2086,2701,16.21,Maize
2628,2087,2702,22.69,Cassava
2629,2088,2703,2.13,Rice (Paddy)
2630,2089,2704,12.69,Plantain
2631,2090,2705,20.53,Rice (Paddy)
2632,2091,2706,20.01,Cocoa
2633,2092,2707,9.11,Cassava
2634,2093,2708,10.56,Rice (Paddy)
2635,2093,2709,1.29,Yam
2636,2094,2710,15.24,Maize
2637,2095,2711,6.12,Plantain
2638,2096,2712,10.6,Cocoa
2639,2096,2713,15.13,Maize
2640,2097,2714,22.28,Cocoa
2641,2098,2715,11.85,Rice (Paddy)
2642,2099,2716,17.08,Cocoa
2643,2100,2717,5.18,Plantain
2644,2101,2718,8.86,Yam
2645,2101,2719,10.14,Yam
2646,2101,2720,7.94,Groundnut
2647,2102,2721,16.85,Yam
2648,2103,2722,21.54,Cassava
2649,2104,2723,17.81,Cassava
2650,2105,2724,11.7,Yam
2651,2105,2725,16.82,Yam
2652,2106,2726,21.77,Yam
2653,2107,2727,15.58,Rice (Paddy)
2654,2108,2728,18.27,Groundnut
2655,2109,2729,1.09,Groundnut
2656,2110,2730,11.95,Maize
2657,2111,2731,2.09,Maize
2658,2112,2732,22.51,Rice (Paddy)
2659,2112,2733,6.87,Plantain
2660,2113,2734,6.17,Rice (Paddy)
2661,2114,2735,14.03,Plantain
2662,2115,2736,11.87,Cocoa
2663,2116,2737,5.02,Plantain
2664,2117,2738,17.29,Cassava
2665,2118,2739,13.03,Rice (Paddy)
2666,2119,2740,23.79,Cocoa
2667,2120,2741,10.55,Plantain
2668,2121,2742,18.7,Rice (Paddy)
2669,2121,2743,5.59,Cassava
2670,2122,2744,6.94,Cocoa
2671,2123,2745,14.08,Cassava
2672,2123,2746,4.86,Plantain
2673,2124,2747,9.85,Maize
2674,2125,2748,15.24,Cocoa
2675,2126,2749,23.8,Yam
2676,2127,2750,6.48,Maize
2677,2128,2751,15.61,Plantain
2678,2129,2752,10.09,Yam
2679,2130,2753,23.76,Cocoa
2680,2131,2754,10.22,Groundnut
2681,2132,2755,19.39,Groundnut
2682,2133,2756,12.09,Groundnut
2683,2134,2757,0.77,Cassava
2684,2135,2758,18.9,Maize
2685,2136,2759,9.96,Cassava
2686,2137,2760,2.66,Groundnut
2687,2137,2761,19.53,Maize
2688,2137,2762,9.28,Maize
2689,2138,2763,9.36,Cocoa
2690,2138,2764,18.82,Groundnut
2691,2139,2765,8.18,Groundnut
2692,2139,2766,10.53,Maize
2693,2139,2767,4.52,Maize
2694,2140,2768,4.23,Cassava
2695,2141,2769,19.91,Cassava
2696,2141,2770,7.23,Plantain
2697,2142,2771,14.52,Rice (Paddy)
2698,2143,2772,1.37,Maize
2699,2143,2773,5.39,Yam
2700,2144,2774,4.45,Plantain
2701,2145,2775,0.58,Cassava
2702,2146,2776,21.27,Maize
2703,2146,2777,8.2,Groundnut
2704,2147,2778,7.33,Maize
2705,2148,2779,12.69,Plantain
2706,2148,2780,4.92,Cocoa
2707,2149,2781,7.12,Rice (Paddy)
2708,2150,2782,24.78,Rice (Paddy)
2709,2151,2783,5.41,Cassava
2710,2152,2784,6.55,Rice (Paddy)
2711,2153,2785,2.53,Rice (Paddy)
2712,2153,2786,5.67,Maize
2713,2153,2787,9.3,Maize
2714,2154,2788,10.25,Plantain
2715,2155,2789,24.84,Groundnut
2716,2156,2790,16.79,Cocoa
2717,2157,2791,9.75,Cassava
2718,2157,2792,17.08,Yam
2719,2158,2793,4.41,Cassava
2720,2159,2794,14.15,Cassava
2721,2159,2795,17.34,Groundnut
2722,2160,2796,24.82,Cassava
2723,2160,2797,9.16,Cassava
2724,2160,2798,1.29,Rice (Paddy)
2725,2161,2799,1.07,Groundnut
2726,2162,2800,23.34,Rice (Paddy)
2727,2163,2801,9.08,Yam
2728,2164,2802,8.4,Groundnut
2729,2165,2803,21.55,Cassava
2730,2165,2804,1.4,Cassava
2731,2166,2805,16.51,Yam
2732,2167,2806,20.11,Cocoa
2733,2167,2807,18.54,Yam
2734,2168,2808,7.57,Plantain
2735,2168,2809,9.82,Plantain
2736,2169,2810,14.04,Plantain
2737,2170,2811,2.14,Cocoa
2738,2171,2812,19.7,Groundnut
2739,2172,2813,5.12,Yam
2740,2173,2814,10.04,Rice (Paddy)
2741,2174,2815,24.61,Maize
2742,2175,2816,10.52,Cocoa
2743,2176,2817,19.28,Cassava
2744,2177,2818,1.62,Cocoa
2745,2177,2819,11.97,Cocoa
2746,2178,2820,13.8,Cassava
2747,2178,2821,20.54,Yam
2748,2179,2822,16.72,Groundnut
2749,2179,2823,13.46,Cocoa
2750,2180,2824,13.23,Maize
2751,2181,2825,12.81,Cocoa
2752,2182,2826,17.05,Rice (Paddy)
2753,2182,2827,1.33,Cassava
2754,2183,2828,16.83,Plantain
2755,2183,2829,11.41,Plantain
2756,2183,2830,18.44,Groundnut
2757,2184,2831,12.12,Rice (Paddy)
2758,2185,2832,4.92,Yam
2759,2186,2833,4.38,Maize
2760,2187,2834,10.67,Plantain
2761,2188,2835,17.02,Plantain
2762,2189,2836,4.56,Plantain
2763,2190,2837,21.43,Maize
2764,2191,2838,19.28,Cocoa
2765,2192,2839,5.58,Groundnut
2766,2192,2840,8.26,Cocoa
2767,2193,2841,1.67,Groundnut
2768,2193,2842,10.14,Groundnut
2769,2194,2843,7.56,Cocoa
2770,2194,2844,9.98,Plantain
2771,2195,2845,12.21,Rice (Paddy)
2772,2196,2846,23.58,Maize
2773,2197,2847,14.64,Maize
2774,2198,2848,23.02,Yam
2775,2199,2849,7.37,Plantain
2776,2199,2850,20.94,Yam
2777,2200,2851,7.04,Groundnut
2778,2200,2852,11.4,Maize
2779,2201,2853,0.68,Cassava
2780,2202,2854,22.22,Cocoa
2781,2202,2855,8.99,Cassava
2782,2202,2856,17.48,Yam
2783,2203,2857,20.6,Rice (Paddy)
2784,2204,2858,12.43,Yam
2785,2205,2859,12.88,Yam
2786,2206,2860,20.74,Rice (Paddy)
2787,2207,2861,11.33,Yam
2788,2208,2862,16.66,Cocoa
2789,2208,2863,12.33,Rice (Paddy)
2790,2208,2864,15.55,Groundnut
2791,2209,2865,11.25,Yam
2792,2210,2866,23.01,Groundnut
2793,2211,2867,18.13,Yam
2794,2211,2868,18.85,Rice (Paddy)
2795,2212,2869,12.69,Cocoa
2796,2213,2870,17.88,Cocoa
2797,2214,2871,10.23,Cassava
2798,2215,2872,23.31,Cassava
2799,2216,2873,18.38,Plantain
2800,2217,2874,22.48,Groundnut
2801,2218,2875,22.22,Cassava
2802,2219,2876,17.74,Maize
2803,2220,2877,6.1,Yam
2804,2221,2878,6.63,Rice (Paddy)
2805,2222,2879,24.27,Cocoa
2806,2223,2880,9.17,Plantain
2807,2223,2881,11.94,Cassava
2808,2223,2882,22.07,Cassava
2809,2224,2883,4.25,Plantain
2810,2224,2884,21.98,Plantain
2811,2224,2885,20.0,Maize
2812,2225,2886,3.77,Cocoa
2813,2226,2887,17.9,Rice (Paddy)
2814,2227,2888,7.44,Rice (Paddy)
2815,2228,2889,20.96,Cocoa
2816,2228,2890,3.05,Maize
2817,2229,2891,10.48,Maize
2818,2230,2892,13.0,Rice (Paddy)
2819,2230,2893,15.2,Plantain
2820,2231,2894,23.05,Yam
2821,2232,2895,21.47,Rice (Paddy)
2822,2233,2896,5.6,Yam
2823,2234,2897,17.98,Rice (Paddy)
2824,2235,2898,9.7,Yam
2825,2236,2899,21.8,Groundnut
2826,2236,2900,10.25,Cassava
2827,2237,2901,2.94,Rice (Paddy)
2828,2237,2902,12.66,Plantain
2829,2238,2903,17.11,Yam
2830,2239,2904,10.92,Cocoa
2831,2240,2905,15.87,Cocoa
2832,2241,2906,16.88,Groundnut
2833,2242,2907,15.77,Plantain
2834,2243,2908,18.52,Cocoa
2835,2244,2909,24.07,Groundnut
2836,2245,2910,4.4,Yam
2837,2246,2911,18.43,Yam
2838,2247,2912,3.03,Yam
2839,2248,2913,1.53,Rice (Paddy)
2840,2249,2914,6.89,Plantain
2841,2250,2915,22.45,Cocoa
2842,2251,2916,16.74,Plantain
2843,2252,2917,4.24,Yam
2844,2253,2918,6.83,Cocoa
2845,2253,2919,19.1,Rice (Paddy)
2846,2254,2920,19.7,Yam
2847,2255,2921,4.34,Cocoa
2848,2255,2922,1.09,Groundnut
2849,2256,2923,1.96,Maize
2850,2257,2924,16.03,Rice (Paddy)
2851,2257,2925,7.03,Groundnut
2852,2258,2926,2.34,Groundnut
2853,2259,2927,9.44,Plantain
2854,2260,2928,22.48,Cassava
2855,2261,2929,19.42,Groundnut
2856,2261,2930,10.48,Maize
2857,2262,2931,3.57,Cassava
2858,2262,2932,18.56,Yam
2859,2262,2933,16.07,Groundnut
2860,2263,2934,15.34,Maize
2861,2264,2935,15.87,Maize
2862,2265,2936,2.42,Cassava
2863,2266,2937,4.0,Cassava
2864,2267,2938,15.95,Groundnut
2865,2268,2939,14.67,Plantain
2866,2269,2940,16.09,Cassava
2867,2270,2941,15.91,Rice (Paddy)
2868,2271,2942,24.75,Rice (Paddy)
2869,2272,2943,22.29,Groundnut
2870,2273,2944,18.97,Plantain
2871,2273,2945,17.74,Plantain
2872,2274,2946,2.19,Plantain
2873,2275,2947,22.75,Plantain
2874,2275,2948,22.53,Groundnut
2875,2276,2949,22.72,Maize
2876,2277,2950,2.84,Yam
2877,2278,2951,8.41,Plantain
2878,2279,2952,7.92,Maize
2879,2280,2953,0.55,Yam
2880,2281,2954,7.32,Groundnut
2881,2282,2955,14.65,Rice (Paddy)
2882,2283,2956,11.98,Rice (Paddy)
2883,2284,2957,5.29,Cocoa
2884,2284,2958,6.24,Yam
2885,2285,2959,22.07,Cocoa
2886,2286,2960,14.75,Rice (Paddy)
2887,2287,2961,16.3,Plantain
2888,2288,2962,4.96,Cassava
2889,2288,2963,7.6,Cocoa
2890,2289,2964,11.91,Yam
2891,2290,2965,14.95,Yam
2892,2291,2966,24.73,Cocoa
2893,2292,2967,1.98,Cocoa
2894,2293,2968,9.14,Cocoa
2895,2294,2969,24.03,Cassava
2896,2295,2970,21.78,Cassava
2897,2295,2971,10.85,Plantain
2898,2296,2972,1.0,Groundnut
2899,2296,2973,9.52,Plantain
2900,2297,2974,1.18,Rice (Paddy)
2901,2298,2975,6.68,Cocoa
2902,2299,2976,18.86,Cocoa
2903,2300,2977,9.9,Plantain
2904,2301,2978,23.89,Rice (Paddy)
2905,2302,2979,0.58,Plantain
2906,2303,2980,0.69,Yam
2907,2303,2981,2.98,Groundnut
2908,2303,2982,20.56,Groundnut
2909,2304,2983,22.54,Yam
2910,2304,2984,15.98,Rice (Paddy)
2911,2304,2985,20.31,Groundnut
2912,2305,2986,4.62,Plantain
2913,2306,2987,19.16,Cassava
2914,2306,2988,23.98,Maize
2915,2307,2989,1.6,Cocoa
2916,2308,2990,19.62,Groundnut
2917,2309,2991,5.32,Maize
2918,2309,2992,11.46,Maize
2919,2310,2993,12.73,Groundnut
2920,2311,2994,8.4,Rice (Paddy)
2921,2312,2995,20.92,Rice (Paddy)
2922,2313,2996,24.91,Groundnut
2923,2314,2997,10.42,Maize
2924,2315,2998,10.81,Cassava
2925,2316,2999,16.85,Cocoa
2926,2317,3000,7.3,Cassava
2927,2318,3001,2.56,Cassava
2928,2319,3002,19.34,Plantain
2929,2320,3003,15.48,Maize
2930,2320,3004,4.83,Plantain
2931,2321,3005,0.76,Cassava
2932,2322,3006,6.2,Plantain
2933,2323,3007,24.7,Groundnut
2934,2324,3008,6.5,Rice (Paddy)
2935,2324,3009,11.29,Rice (Paddy)
2936,2324,3010,10.6,Plantain
2937,2325,3011,12.23,Cassava
2938,2326,3012,3.28,Yam
2939,2327,3013,19.74,Cocoa
2940,2328,3014,1.73,Cassava
2941,2329,3015,7.55,Groundnut
2942,2330,3016,15.11,Yam
2943,2330,3017,22.74,Cassava
2944,2331,3018,16.82,Groundnut
2945,2332,3019,7.97,Cocoa
2946,2333,3020,12.46,Yam
2947,2333,3021,12.81,Cocoa
2948,2334,3022,24.93,Plantain
2949,2335,3023,10.39,Yam
2950,2336,3024,23.18,Plantain
2951,2337,3025,23.13,Cocoa
2952,2338,3026,22.53,Cocoa
2953,2339,3027,0.77,Cassava
2954,2339,3028,3.08,Groundnut
2955,2339,3029,9.84,Cocoa
2956,2340,3030,8.29,Yam
2957,2340,3031,20.94,Groundnut
2958,2340,3032,23.11,Cassava
2959,2341,3033,9.76,Rice (Paddy)
2960,2342,3034,16.46,Maize
2961,2343,3035,22.87,Cocoa
2962,2343,3036,6.32,Cassava
2963,2344,3037,21.81,Cocoa
2964,2345,3038,11.06,Maize
2965,2345,3039,18.7,Groundnut
2966,2346,3040,21.9,Yam
2967,2347,3041,5.68,Plantain
2968,2348,3042,2.41,Maize
2969,2348,3043,19.42,Yam
2970,2349,3044,6.86,Cassava
2971,2350,3045,9.25,Yam
2972,2351,3046,12.1,Maize
2973,2352,3047,16.41,Cassava
2974,2352,3048,10.35,Cassava
2975,2353,3049,18.78,Cassava
2976,2354,3050,8.56,Cassava
2977,2355,3051,12.23,Rice (Paddy)
2978,2356,3052,15.43,Groundnut
2979,2356,3053,17.28,Groundnut
2980,2356,3054,21.14,Maize
2981,2357,3055,8.64,Maize
2982,2358,3056,18.53,Plantain
2983,2359,3057,15.31,Maize
2984,2360,3058,0.91,Rice (Paddy)
2985,2361,3059,12.03,Maize
2986,2361,3060,20.89,Plantain
2987,2362,3061,9.48,Rice (Paddy)
2988,2363,3062,18.08,Rice (Paddy)
2989,2364,3063,0.74,Groundnut
2990,2365,3064,8.88,Groundnut
2991,2366,3065,16.44,Plantain
2992,2367,3066,19.05,Groundnut
2993,2368,3067,24.55,Cocoa
2994,2369,3068,5.06,Maize
2995,2370,3069,9.67,Plantain
2996,2371,3070,14.09,Cassava
2997,2372,3071,21.96,Cocoa
2998,2372,3072,10.91,Maize
2999,2373,3073,0.81,Groundnut
3000,2374,3074,24.55,Cassava
3001,2375,3075,23.1,Yam
3002,2376,3076,16.26,Maize
3003,2377,3077,3.9,Cocoa
3004,2378,3078,10.3,Cocoa
3005,2379,3079,1.29,Rice (Paddy)
3006,2379,3080,13.63,Rice (Paddy)
3007,2380,3081,23.72,Cassava
3008,2381,3082,12.88,Rice (Paddy)
3009,2382,3083,18.2,Groundnut
3010,2383,3084,23.23,Cocoa
3011,2384,3085,24.16,Groundnut
3012,2385,3086,13.28,Cocoa
3013,2386,3087,7.68,Maize
3014,2386,3088,5.44,Maize
3015,2387,3089,3.88,Groundnut
3016,2388,3090,1.36,Groundnut
3017,2389,3091,11.61,Plantain
3018,2390,3092,9.95,Cocoa
3019,2391,3093,10.08,Groundnut
3020,2392,3094,20.01,Groundnut
3021,2393,3095,9.59,Cassava
3022,2394,3096,14.48,Cassava
3023,2395,3097,6.84,Rice (Paddy)
3024,2396,3098,23.72,Groundnut
3025,2397,3099,6.66,Yam
3026,2397,3100,23.52,Yam
3027,2398,3101,3.79,Rice (Paddy)
3028,2398,3102,13.34,Maize
3029,2399,3103,5.47,Rice (Paddy)
3030,2400,3104,5.55,Cassava
3031,2401,3105,19.64,Rice (Paddy)
3032,2402,3106,13.17,Cassava
3033,2403,3107,21.98,Rice (Paddy)
3034,2404,3108,12.79,Rice (Paddy)
3035,2405,3109,15.88,Groundnut
3036,2405,3110,7.98,Plantain
3037,2406,3111,6.08,Rice (Paddy)
3038,2407,3112,14.61,Cassava
3039,2407,3113,18.11,Yam
3040,2408,3114,1.37,Rice (Paddy)
3041,2408,3115,2.57,Groundnut
3042,2409,3116,9.36,Groundnut
3043,2410,3117,24.97,Yam
3044,2411,3118,16.72,Yam
3045,2412,3119,4.18,Yam
3046,2413,3120,4.46,Yam
3047,2414,3121,11.01,Rice (Paddy)
3048,2415,3122,21.88,Cassava
3049,2416,3123,21.19,Yam
3050,2417,3124,5.9,Plantain
3051,2417,3125,19.76,Groundnut
3052,2418,3126,16.68,Rice (Paddy)
3053,2419,3127,22.78,Groundnut
3054,2420,3128,10.22,Yam
3055,2421,3129,21.63,Cocoa
3056,2422,3130,3.66,Maize
3057,2423,3131,8.15,Cocoa
3058,2424,3132,11.61,Plantain
3059,2424,3133,6.42,Rice (Paddy)
3060,2424,3134,13.59,Yam
3061,2425,3135,17.8,Yam
3062,2426,3136,13.84,Plantain
3063,2427,3137,19.62,Yam
3064,2428,3138,18.54,Maize
3065,2428,3139,1.83,Plantain
3066,2428,3140,14.19,Plantain
3067,2429,3141,3.37,Rice (Paddy)
3068,2430,3142,18.89,Yam
3069,2431,3143,0.65,Rice (Paddy)
3070,2432,3144,8.79,Yam
3071,2433,3145,3.67,Cocoa
3072,2433,3146,10.33,Cassava
3073,2434,3147,22.05,Rice (Paddy)
3074,2435,3148,10.45,Cocoa
3075,2435,3149,13.1,Cocoa
3076,2436,3150,6.16,Cassava
3077,2437,3151,15.79,Yam
3078,2438,3152,20.36,Maize
3079,2439,3153,9.0,Cassava
3080,2439,3154,9.1,Rice (Paddy)
3081,2440,3155,23.77,Yam
3082,2441,3156,21.44,Groundnut
3083,2442,3157,16.51,Rice (Paddy)
3084,2442,3158,11.76,Cassava
3085,2443,3159,12.53,Rice (Paddy)
3086,2444,3160,19.68,Groundnut
3087,2444,3161,17.23,Cassava
3088,2445,3162,22.2,Rice (Paddy)
3089,2445,3163,23.82,Yam
3090,2445,3164,6.73,Plantain
3091,2446,3165,8.37,Groundnut
3092,2446,3166,6.67,Yam
3093,2447,3167,23.6,Groundnut
3094,2448,3168,20.83,Yam
3095,2449,3169,19.87,Groundnut
3096,2450,3170,2.2,Cassava
3097,2451,3171,19.9,Yam
3098,2452,3172,23.77,Cassava
3099,2453,3173,5.62,Cassava
3100,2454,3174,2.75,Rice (Paddy)
3101,2455,3175,15.12,Yam
3102,2456,3176,14.49,Maize
3103,2457,3177,20.34,Plantain
3104,2458,3178,6.08,Groundnut
3105,2459,3179,20.1,Maize
3106,2459,3180,2.93,Rice (Paddy)
3107,2460,3181,11.66,Cocoa
3108,2461,3182,7.01,Cassava
3109,2462,3183,10.23,Cocoa
3110,2463,3184,4.27,Yam
3111,2464,3185,16.71,Cassava
3112,2465,3186,4.38,Maize
3113,2466,3187,15.07,Maize
3114,2467,3188,5.85,Cocoa
3115,2467,3189,10.74,Yam
3116,2468,3190,17.57,Yam
3117,2469,3191,3.08,Maize
3118,2470,3192,0.53,Rice (Paddy)
3119,2471,3193,12.54,Cassava
3120,2471,3194,10.8,Rice (Paddy)
3121,2472,3195,0.96,Cocoa
3122,2473,3196,10.82,Plantain
3123,2473,3197,21.69,Plantain
3124,2474,3198,3.7,Rice (Paddy)
3125,2475,3199,6.63,Cocoa
3126,2476,3200,2.93,Rice (Paddy)
3127,2477,3201,7.04,Groundnut
3128,2478,3202,0.78,Groundnut
3129,2479,3203,16.72,Cassava
3130,2479,3204,15.64,Maize
3131,2479,3205,5.5,Groundnut
3132,2480,3206,19.96,Cocoa
3133,2480,3207,6.96,Rice (Paddy)
3134,2481,3208,16.52,Maize
3135,2482,3209,10.64,Plantain
3136,2483,3210,15.49,Plantain
3137,2484,3211,3.81,Groundnut
3138,2484,3212,14.17,Plantain
3139,2485,3213,17.78,Groundnut
3140,2486,3214,5.21,Cocoa
3141,2487,3215,16.76,Cassava
3142,2488,3216,17.12,Plantain
3143,2489,3217,6.53,Yam
3144,2489,3218,13.45,Rice (Paddy)
3145,2490,3219,17.83,Cocoa
3146,2491,3220,24.78,Cassava
3147,2492,3221,17.49,Cocoa
3148,2493,3222,19.12,Rice (Paddy)
3149,2493,3223,1.31,Groundnut
3150,2494,3224,9.12,Yam
3151,2495,3225,13.48,Rice (Paddy)
3152,2496,3226,5.07,Yam
3153,2497,3227,11.85,Cassava
3154,2498,3228,12.43,Cassava
3155,2499,3229,2.39,Groundnut
3156,2500,3230,8.91,Groundnut
3157,2500,3231,12.19,Cocoa
3158,2501,3232,3.05,Groundnut
3159,2502,3233,3.92,Plantain
3160,2503,3234,21.59,Groundnut
3161,2504,3235,13.68,Maize
3162,2505,3236,12.52,Maize
3163,2506,3237,17.15,Rice (Paddy)
3164,2507,3238,5.15,Cocoa
3165,2508,3239,24.09,Maize
3166,2509,3240,6.64,Plantain
3167,2510,3241,15.39,Rice (Paddy)
3168,2510,3242,22.63,Groundnut
3169,2510,3243,6.65,Rice (Paddy)
3170,2511,3244,13.93,Cassava
3171,2512,3245,2.54,Rice (Paddy)
3172,2512,3246,16.61,Yam
3173,2513,3247,24.3,Groundnut
3174,2514,3248,14.85,Plantain
3175,2514,3249,16.77,Plantain
3176,2515,3250,24.75,Cassava
3177,2515,3251,6.84,Rice (Paddy)
3178,2516,3252,9.72,Cassava
3179,2517,3253,21.67,Cocoa
3180,2518,3254,19.46,Maize
3181,2519,3255,2.37,Cassava
3182,2520,3256,0.74,Plantain
3183,2521,3257,16.51,Cassava
3184,2522,3258,1.68,Maize
3185,2522,3259,3.36,Cocoa
3186,2523,3260,23.61,Cocoa
3187,2524,3261,16.83,Yam
3188,2525,3262,24.98,Yam
3189,2526,3263,15.21,Cocoa
3190,2527,3264,14.63,Cocoa
3191,2527,3265,4.28,Yam
3192,2528,3266,13.58,Cocoa
3193,2528,3267,10.54,Yam
3194,2529,3268,1.28,Groundnut
3195,2530,3269,2.36,Cocoa
3196,2531,3270,20.56,Plantain
3197,2532,3271,1.4,Maize
3198,2533,3272,17.74,Cassava
3199,2534,3273,6.86,Maize
3200,2534,3274,5.78,Yam
3201,2535,3275,12.9,Yam
3202,2535,3276,13.11,Cassava
3203,2536,3277,6.68,Rice (Paddy)
3204,2537,3278,18.31,Groundnut
3205,2537,3279,17.74,Groundnut
3206,2537,3280,7.69,Plantain
3207,2538,3281,5.96,Groundnut
3208,2539,3282,3.47,Groundnut
3209,2540,3283,15.51,Cocoa
3210,2541,3284,13.67,Yam
3211,2542,3285,3.82,Rice (Paddy)
3212,2543,3286,11.33,Yam
3213,2544,3287,8.16,Groundnut
3214,2545,3288,3.64,Rice (Paddy)
3215,2546,3289,9.72,Cocoa
3216,2547,3290,21.37,Rice (Paddy)
3217,2548,3291,8.05,Rice (Paddy)
3218,2549,3292,13.74,Rice (Paddy)
3219,2550,3293,4.39,Cassava
3220,2550,3294,20.78,Yam
3221,2550,3295,21.23,Cocoa
3222,2551,3296,19.75,Yam
3223,2552,3297,4.45,Cocoa
3224,2553,3298,24.53,Groundnut
3225,2554,3299,24.03,Rice (Paddy)
3226,2555,3300,20.04,Plantain
3227,2556,3301,3.24,Yam
3228,2557,3302,20.38,Plantain
3229,2558,3303,2.61,Cassava
3230,2558,3304,1.52,Plantain
3231,2559,3305,23.64,Groundnut
3232,2560,3306,2.83,Groundnut
3233,2561,3307,2.49,Groundnut
3234,2562,3308,16.56,Plantain
3235,2562,3309,6.64,Maize
3236,2563,3310,2.64,Plantain
3237,2564,3311,13.46,Cocoa
3238,2565,3312,19.21,Rice (Paddy)
3239,2565,3313,8.18,Groundnut
3240,2566,3314,1.17,Maize
3241,2567,3315,18.78,Cassava
3242,2568,3316,22.35,Plantain
3243,2569,3317,17.48,Cocoa
3244,2570,3318,23.34,Rice (Paddy)
3245,2571,3319,18.33,Yam
3246,2572,3320,9.08,Groundnut
3247,2573,3321,21.16,Cassava
3248,2574,3322,22.64,Cocoa
3249,2575,3323,19.86,Cocoa
3250,2576,3324,16.78,Yam
3251,2577,3325,19.82,Groundnut
3252,2577,3326,12.45,Rice (Paddy)
3253,2578,3327,23.11,Plantain
3254,2579,3328,17.45,Rice (Paddy)
3255,2580,3329,24.52,Groundnut
3256,2581,3330,18.33,Plantain
3257,2582,3331,15.04,Cocoa
3258,2583,3332,4.63,Yam
3259,2584,3333,21.76,Rice (Paddy)
3260,2585,3334,10.86,Groundnut
3261,2586,3335,16.03,Maize
3262,2587,3336,19.41,Cocoa
3263,2588,3337,17.82,Maize
3264,2589,3338,11.62,Maize
3265,2590,3339,10.07,Maize
3266,2591,3340,13.67,Plantain
3267,2591,3341,1.69,Cocoa
3268,2592,3342,10.58,Plantain
3269,2593,3343,19.37,Rice (Paddy)
3270,2594,3344,23.27,Maize
3271,2595,3345,6.43,Maize
3272,2595,3346,11.48,Cocoa
3273,2596,3347,2.37,Maize
3274,2597,3348,9.58,Cocoa
3275,2598,3349,6.68,Maize
3276,2598,3350,22.57,Groundnut
3277,2599,3351,24.1,Rice (Paddy)
3278,2600,3352,21.02,Maize
3279,2601,3353,3.23,Cassava
3280,2602,3354,4.4,Maize
3281,2603,3355,6.48,Cassava
3282,2603,3356,3.67,Groundnut
3283,2604,3357,4.92,Yam
3284,2604,3358,7.96,Cassava
3285,2605,3359,4.73,Plantain
3286,2606,3360,16.11,Cocoa
3287,2607,3361,11.47,Plantain
3288,2608,3362,12.23,Cocoa
3289,2609,3363,15.68,Plantain
3290,2610,3364,14.03,Maize
3291,2611,3365,21.53,Cassava
3292,2612,3366,9.2,Maize
3293,2613,3367,17.64,Groundnut
3294,2613,3368,24.46,Plantain
3295,2614,3369,5.31,Cassava
3296,2615,3370,19.13,Plantain
3297,2616,3371,3.1,Plantain
3298,2617,3372,6.36,Groundnut
3299,2618,3373,24.64,Rice (Paddy)
3300,2619,3374,11.64,Cocoa
3301,2620,3375,10.56,Rice (Paddy)
3302,2621,3376,11.71,Cassava
3303,2621,3377,0.74,Groundnut
3304,2621,3378,9.58,Cassava
3305,2622,3379,19.57,Groundnut
3306,2623,3380,16.71,Plantain
3307,2624,3381,18.68,Maize
3308,2624,3382,13.46,Cocoa
3309,2625,3383,18.0,Yam
3310,2626,3384,9.58,Yam
3311,2626,3385,14.92,Yam
3312,2627,3386,18.33,Plantain
3313,2628,3387,17.62,Maize
3314,2629,3388,4.68,Yam
3315,2630,3389,18.77,Rice (Paddy)
3316,2631,3390,9.4,Maize
3317,2632,3391,17.2,Plantain
3318,2632,3392,10.31,Yam
3319,2633,3393,19.6,Groundnut
3320,2633,3394,20.91,Groundnut
3321,2634,3395,16.12,Plantain
3322,2635,3396,23.61,Cocoa
3323,2636,3397,24.35,Yam
3324,2637,3398,12.91,Groundnut
3325,2638,3399,21.85,Plantain
3326,2638,3400,13.81,Groundnut
3327,2639,3401,3.34,Yam
3328,2640,3402,24.68,Groundnut
3329,2641,3403,11.75,Yam
3330,2642,3404,16.39,Maize
3331,2643,3405,2.78,Maize
3332,2644,3406,1.7,Cocoa
3333,2645,3407,14.32,Groundnut
3334,2646,3408,19.53,Rice (Paddy)
3335,2647,3409,18.62,Cassava
3336,2648,3410,20.65,Plantain
3337,2649,3411,11.64,Cocoa
3338,2650,3412,8.93,Rice (Paddy)
3339,2651,3413,12.87,Maize
3340,2652,3414,8.66,Cassava
3341,2652,3415,12.93,Cocoa
3342,2653,3416,23.73,Rice (Paddy)
3343,2654,3417,10.19,Cassava
3344,2655,3418,16.64,Cassava
3345,2656,3419,4.82,Cocoa
3346,2657,3420,8.87,Maize
3347,2658,3421,15.71,Cassava
3348,2659,3422,18.9,Groundnut
3349,2660,3423,14.08,Maize
3350,2661,3424,15.02,Maize
3351,2662,3425,8.71,Maize
3352,2663,3426,6.22,Maize
3353,2664,3427,14.46,Rice (Paddy)
3354,2664,3428,24.32,Yam
3355,2665,3429,1.82,Cocoa
3356,2666,3430,7.89,Maize
3357,2667,3431,15.56,Cocoa
3358,2668,3432,8.53,Groundnut
3359,2668,3433,12.74,Groundnut
3360,2669,3434,9.49,Maize
3361,2670,3435,4.01,Groundnut
3362,2670,3436,24.02,Maize
3363,2671,3437,11.01,Rice (Paddy)
3364,2672,3438,6.52,Plantain
3365,2672,3439,18.08,Rice (Paddy)
3366,2673,3440,4.03,Cocoa
3367,2673,3441,6.11,Cassava
3368,2674,3442,11.49,Cocoa
3369,2675,3443,13.53,Plantain
3370,2676,3444,14.85,Cassava
3371,2677,3445,5.44,Yam
3372,2678,3446,19.92,Rice (Paddy)
3373,2679,3447,20.71,Groundnut
3374,2680,3448,20.43,Maize
3375,2681,3449,5.88,Maize
3376,2682,3450,23.42,Plantain
3377,2683,3451,0.79,Cocoa
3378,2684,3452,19.87,Rice (Paddy)
3379,2685,3453,12.75,Groundnut
3380,2686,3454,9.72,Rice (Paddy)
3381,2687,3455,8.34,Rice (Paddy)
3382,2687,3456,18.34,Yam
3383,2688,3457,23.72,Groundnut
3384,2688,3458,20.38,Plantain
3385,2689,3459,12.64,Yam
3386,2690,3460,13.78,Maize
3387,2691,3461,7.45,Groundnut
3388,2692,3462,13.87,Rice (Paddy)
3389,2693,3463,3.02,Rice (Paddy)
3390,2694,3464,23.11,Cassava
3391,2695,3465,6.72,Yam
3392,2695,3466,7.22,Yam
3393,2696,3467,20.8,Cassava
3394,2697,3468,0.63,Maize
3395,2698,3469,24.56,Cocoa
3396,2698,3470,4.42,Maize
3397,2698,3471,9.03,Yam
3398,2699,3472,17.83,Groundnut
3399,2700,3473,14.37,Maize
3400,2701,3474,15.28,Cassava
3401,2702,3475,11.84,Plantain
3402,2703,3476,4.1,Plantain
3403,2703,3477,12.14,Cassava
3404,2704,3478,5.76,Plantain
3405,2705,3479,6.94,Yam
3406,2706,3480,22.96,Plantain
3407,2707,3481,3.95,Cassava
3408,2707,3482,14.17,Cassava
3409,2707,3483,23.29,Maize
3410,2708,3484,1.36,Plantain
3411,2709,3485,18.62,Plantain
3412,2710,3486,13.44,Groundnut
3413,2711,3487,13.66,Cocoa
3414,2712,3488,22.11,Groundnut
3415,2713,3489,3.11,Maize
3416,2714,3490,22.97,Cassava
3417,2715,3491,10.22,Maize
3418,2716,3492,23.05,Cassava
3419,2717,3493,18.18,Plantain
3420,2718,3494,19.86,Yam
3421,2719,3495,5.48,Plantain
3422,2720,3496,24.48,Plantain
3423,2720,3497,22.49,Plantain
3424,2720,3498,20.49,Yam
3425,2721,3499,16.45,Cassava
3426,2722,3500,6.59,Cocoa
3427,2723,3501,19.17,Plantain
3428,2723,3502,21.19,Plantain
3429,2724,3503,15.13,Maize
3430,2725,3504,4.02,Rice (Paddy)
3431,2726,3505,11.75,Cassava
3432,2726,3506,19.92,Cassava
3433,2727,3507,6.35,Rice (Paddy)
3434,2728,3508,19.28,Rice (Paddy)
3435,2728,3509,1.19,Plantain
3436,2729,3510,21.81,Rice (Paddy)
3437,2730,3511,24.74,Rice (Paddy)
3438,2731,3512,11.65,Cassava
3439,2732,3513,3.22,Groundnut
3440,2733,3514,20.13,Maize
3441,2734,3515,6.9,Yam
3442,2735,3516,21.48,Groundnut
3443,2736,3517,18.88,Groundnut
3444,2737,3518,11.68,Plantain
3445,2737,3519,4.17,Cocoa
3446,2738,3520,10.91,Plantain
3447,2739,3521,3.77,Groundnut
3448,2740,3522,1.5,Maize
3449,2741,3523,9.71,Plantain
3450,2742,3524,20.35,Yam
3451,2743,3525,16.3,Yam
3452,2744,3526,11.34,Groundnut
3453,2745,3527,18.66,Groundnut
3454,2746,3528,16.13,Rice (Paddy)
3455,2746,3529,19.19,Yam
3456,2746,3530,4.77,Cassava
3457,2747,3531,3.72,Plantain
3458,2748,3532,9.18,Groundnut
3459,2749,3533,11.09,Maize
3460,2750,3534,4.24,Cocoa
3461,2750,3535,8.95,Groundnut
3462,2751,3536,11.97,Yam
3463,2752,3537,23.13,Rice (Paddy)
3464,2752,3538,15.36,Maize
3465,2752,3539,6.06,Rice (Paddy)
3466,2753,3540,21.1,Plantain
3467,2753,3541,2.44,Cocoa
3468,2754,3542,4.83,Yam
3469,2755,3543,22.51,Yam
3470,2756,3544,2.34,Cocoa
3471,2757,3545,22.47,Plantain
3472,2757,3546,20.95,Maize
3473,2758,3547,19.86,Plantain
3474,2759,3548,6.37,Groundnut
3475,2760,3549,19.41,Rice (Paddy)
3476,2760,3550,18.18,Cocoa
3477,2761,3551,2.78,Cocoa
3478,2762,3552,23.36,Yam
3479,2763,3553,5.81,Plantain
3480,2763,3554,2.42,Rice (Paddy)
3481,2764,3555,22.88,Rice (Paddy)
3482,2765,3556,11.67,Groundnut
3483,2766,3557,3.42,Cocoa
3484,2767,3558,9.74,Cocoa
3485,2768,3559,16.24,Plantain
3486,2769,3560,16.74,Yam
3487,2770,3561,2.59,Cassava
3488,2771,3562,22.43,Maize
3489,2772,3563,20.59,Maize
3490,2773,3564,11.3,Groundnut
3491,2774,3565,2.14,Cocoa
3492,2775,3566,17.42,Plantain
3493,2776,3567,22.84,Cocoa
3494,2777,3568,22.56,Maize
3495,2778,3569,20.68,Cassava
3496,2778,3570,4.34,Maize
3497,2779,3571,1.69,Yam
3498,2780,3572,17.09,Yam
3499,2780,3573,15.11,Plantain
3500,2780,3574,11.91,Cocoa
3501,2781,3575,7.64,Cassava
3502,2782,3576,24.75,Yam
3503,2783,3577,8.8,Cocoa
3504,2784,3578,23.83,Groundnut
3505,2785,3579,4.23,Maize
3506,2785,3580,2.71,Plantain
3507,2786,3581,5.29,Groundnut
3508,2787,3582,12.88,Cassava
3509,2788,3583,21.72,Groundnut
3510,2789,3584,15.75,Cassava
3511,2790,3585,24.32,Rice (Paddy)
3512,2791,3586,14.36,Cassava
3513,2792,3587,1.78,Cassava
3514,2792,3588,1.12,Cassava
3515,2793,3589,5.67,Plantain
3516,2794,3590,13.53,Maize
3517,2795,3591,0.6,Groundnut
3518,2796,3592,10.04,Plantain
3519,2797,3593,6.29,Groundnut
3520,2797,3594,7.21,Plantain
3521,2797,3595,4.71,Rice (Paddy)
3522,2798,3596,9.19,Cocoa
3523,2799,3597,14.41,Cocoa
3524,2800,3598,20.85,Rice (Paddy)
3525,2801,3599,16.32,Yam
3526,2802,3600,2.99,Cocoa
3527,2803,3601,4.24,Groundnut
3528,2804,3602,23.61,Groundnut
3529,2804,3603,16.64,Rice (Paddy)
3530,2805,3604,10.2,Groundnut
3531,2806,3605,3.13,Plantain
3532,2807,3606,4.0,Maize
3533,2808,3607,14.23,Cassava
3534,2808,3608,13.99,Yam
3535,2809,3609,3.17,Cocoa
3536,2810,3610,16.42,Cassava
3537,2810,3611,22.49,Cocoa
3538,2811,3612,21.71,Plantain
3539,2811,3613,17.46,Cassava
3540,2812,3614,17.86,Plantain
3541,2813,3615,2.92,Yam
3542,2814,3616,4.25,Cocoa
3543,2815,3617,6.28,Cocoa
3544,2816,3618,6.73,Cocoa
3545,2816,3619,13.06,Plantain
3546,2817,3620,11.7,Groundnut
3547,2818,3621,6.13,Maize
3548,2819,3622,21.49,Cassava
3549,2820,3623,19.17,Maize
3550,2821,3624,2.53,Maize
3551,2821,3625,2.97,Plantain
3552,2822,3626,7.49,Maize
3553,2823,3627,18.92,Rice (Paddy)
3554,2823,3628,15.36,Rice (Paddy)
3555,2823,3629,21.05,Groundnut
3556,2824,3630,6.39,Maize
3557,2825,3631,22.16,Yam
3558,2826,3632,3.98,Rice (Paddy)
3559,2826,3633,10.42,Groundnut
3560,2827,3634,2.23,Plantain
3561,2828,3635,13.04,Plantain
3562,2829,3636,13.65,Cocoa
3563,2829,3637,0.71,Cassava
3564,2830,3638,13.46,Yam
3565,2830,3639,1.7,Groundnut
3566,2830,3640,18.92,Cassava
3567,2831,3641,19.23,Cocoa
3568,2832,3642,6.42,Yam
3569,2833,3643,9.09,Maize
3570,2834,3644,16.71,Yam
3571,2835,3645,0.52,Maize
3572,2836,3646,13.15,Maize
3573,2836,3647,6.14,Groundnut
3574,2837,3648,6.27,Cassava
3575,2838,3649,16.24,Plantain
3576,2839,3650,19.46,Maize
3577,2839,3651,4.04,Plantain
3578,2839,3652,2.1,Yam
3579,2840,3653,6.83,Yam
3580,2841,3654,20.54,Rice (Paddy)
3581,2842,3655,11.14,Groundnut
3582,2843,3656,20.36,Cocoa
3583,2844,3657,15.84,Groundnut
3584,2845,3658,4.19,Cassava
3585,2846,3659,1.49,Groundnut
3586,2847,3660,4.14,Cassava
3587,2848,3661,24.78,Maize
3588,2848,3662,16.18,Groundnut
3589,2849,3663,9.92,Rice (Paddy)
3590,2849,3664,16.73,Groundnut
3591,2850,3665,21.31,Maize
3592,2851,3666,10.72,Yam
3593,2852,3667,22.0,Groundnut
3594,2852,3668,23.8,Rice (Paddy)
3595,2853,3669,17.76,Plantain
3596,2854,3670,23.68,Plantain
3597,2854,3671,4.92,Plantain
3598,2854,3672,19.0,Maize
3599,2855,3673,6.16,Groundnut
3600,2855,3674,21.06,Groundnut
3601,2856,3675,16.32,Cocoa
3602,2856,3676,21.27,Cassava
3603,2856,3677,6.59,Rice (Paddy)
3604,2857,3678,1.12,Maize
3605,2857,3679,19.11,Cassava
3606,2858,3680,20.36,Rice (Paddy)
3607,2859,3681,3.66,Yam
3608,2859,3682,18.7,Rice (Paddy)
3609,2860,3683,17.88,Plantain
3610,2861,3684,13.12,Cocoa
3611,2862,3685,2.69,Yam
3612,2862,3686,12.75,Yam
3613,2862,3687,4.5,Groundnut
3614,2863,3688,19.73,Maize
3615,2864,3689,21.13,Yam
3616,2865,3690,17.8,Yam
3617,2866,3691,9.13,Groundnut
3618,2867,3692,0.83,Cocoa
3619,2868,3693,22.45,Rice (Paddy)
3620,2869,3694,6.16,Cassava
3621,2870,3695,7.99,Rice (Paddy)
3622,2871,3696,8.23,Cassava
3623,2872,3697,5.6,Maize
3624,2872,3698,10.34,Plantain
3625,2873,3699,14.65,Yam
3626,2874,3700,12.02,Plantain
3627,2875,3701,9.15,Cassava
3628,2876,3702,19.75,Cocoa
3629,2877,3703,13.93,Groundnut
3630,2878,3704,23.08,Cassava
3631,2879,3705,6.38,Cocoa
3632,2880,3706,16.66,Groundnut
3633,2881,3707,17.99,Yam
3634,2882,3708,20.87,Groundnut
3635,2883,3709,9.43,Rice (Paddy)
3636,2883,3710,24.41,Yam
3637,2883,3711,4.33,Plantain
3638,2884,3712,24.38,Plantain
3639,2885,3713,17.02,Cassava
3640,2886,3714,19.19,Cassava
3641,2887,3715,15.09,Groundnut
3642,2888,3716,13.36,Maize
3643,2888,3717,7.71,Yam
3644,2889,3718,23.7,Cocoa
3645,2890,3719,12.86,Rice (Paddy)
3646,2891,3720,14.1,Groundnut
3647,2892,3721,12.72,Cassava
3648,2893,3722,4.41,Maize
3649,2894,3723,7.3,Cocoa
3650,2895,3724,9.55,Cassava
3651,2896,3725,4.83,Rice (Paddy)
3652,2897,3726,21.91,Maize
3653,2898,3727,12.53,Groundnut
3654,2899,3728,17.17,Cocoa
3655,2900,3729,19.77,Maize
3656,2901,3730,13.8,Groundnut
3657,2902,3731,15.85,Groundnut
3658,2903,3732,3.51,Plantain
3659,2904,3733,24.85,Plantain
3660,2905,3734,16.44,Maize
3661,2906,3735,15.25,Cassava
3662,2906,3736,15.54,Maize
3663,2907,3737,17.72,Plantain
3664,2908,3738,21.59,Cocoa
3665,2908,3739,1.12,Maize
3666,2909,3740,7.55,Cocoa
3667,2910,3741,8.67,Yam
3668,2911,3742,16.43,Maize
3669,2912,3743,16.66,Plantain
3670,2913,3744,19.86,Yam
3671,2913,3745,10.22,Cocoa
3672,2913,3746,21.04,Groundnut
3673,2914,3747,12.06,Cocoa
3674,2914,3748,16.42,Plantain
3675,2914,3749,5.55,Rice (Paddy)
3676,2915,3750,12.86,Yam
3677,2915,3751,13.01,Plantain
3678,2916,3752,15.12,Rice (Paddy)
3679,2917,3753,15.55,Plantain
3680,2917,3754,15.54,Rice (Paddy)
3681,2917,3755,15.86,Maize
3682,2918,3756,19.67,Groundnut
3683,2919,3757,9.32,Yam
3684,2920,3758,21.34,Cocoa
3685,2920,3759,7.58,Cocoa
3686,2921,3760,23.37,Cassava
3687,2922,3761,10.96,Groundnut
3688,2923,3762,7.84,Rice (Paddy)
3689,2923,3763,3.84,Groundnut
3690,2924,3764,8.62,Cassava
3691,2925,3765,16.81,Cocoa
3692,2926,3766,13.4,Maize
3693,2927,3767,22.29,Groundnut
3694,2928,3768,9.09,Rice (Paddy)
3695,2929,3769,2.36,Maize
3696,2930,3770,13.28,Rice (Paddy)
3697,2931,3771,24.18,Yam
3698,2931,3772,15.88,Plantain
3699,2931,3773,21.54,Cocoa
3700,2932,3774,14.95,Yam
3701,2933,3775,15.99,Groundnut
3702,2934,3776,1.81,Cocoa
3703,2935,3777,20.0,Maize
3704,2936,3778,14.94,Groundnut
3705,2937,3779,19.96,Cassava
3706,2938,3780,0.72,Maize
3707,2939,3781,12.02,Cocoa
3708,2940,3782,9.31,Groundnut
3709,2941,3783,17.47,Yam
3710,2942,3784,22.08,Cassava
3711,2943,3785,20.82,Groundnut
3712,2944,3786,17.89,Yam
3713,2945,3787,22.68,Rice (Paddy)
3714,2946,3788,4.48,Rice (Paddy)
3715,2947,3789,23.19,Maize
3716,2948,3790,5.18,Maize
3717,2948,3791,13.41,Rice (Paddy)
3718,2949,3792,1.51,Cassava
3719,2950,3793,19.11,Maize
3720,2951,3794,22.92,Plantain
3721,2952,3795,17.96,Cocoa
3722,2953,3796,20.0,Plantain
3723,2954,3797,6.59,Plantain
3724,2955,3798,4.31,Yam
3725,2955,3799,3.19,Cassava
3726,2956,3800,5.95,Rice (Paddy)
3727,2957,3801,10.53,Cocoa
3728,2958,3802,4.71,Groundnut
3729,2959,3803,16.89,Rice (Paddy)
3730,2960,3804,14.92,Cassava
3731,2961,3805,2.5,Cassava
3732,2962,3806,0.68,Groundnut
3733,2963,3807,19.0,Cassava
3734,2964,3808,18.09,Cocoa
3735,2965,3809,20.64,Groundnut
3736,2966,3810,22.66,Plantain
3737,2967,3811,24.13,Maize
3738,2968,3812,17.43,Rice (Paddy)
3739,2969,3813,10.49,Maize
3740,2970,3814,24.8,Plantain
3741,2971,3815,3.75,Maize
3742,2972,3816,6.49,Cassava
3743,2973,3817,19.38,Cassava
3744,2974,3818,17.97,Plantain
3745,2975,3819,9.87,Groundnut
3746,2976,3820,11.42,Maize
3747,2977,3821,9.01,Rice (Paddy)
3748,2978,3822,14.18,Yam
3749,2979,3823,11.51,Maize
3750,2980,3824,17.86,Rice (Paddy)
3751,2981,3825,14.78,Rice (Paddy)
3752,2982,3826,16.8,Plantain
3753,2983,3827,12.43,Plantain
3754,2984,3828,3.41,Cassava
3755,2984,3829,20.82,Cassava
3756,2985,3830,2.79,Maize
3757,2986,3831,13.32,Cocoa
3758,2987,3832,7.29,Yam
3759,2987,3833,8.22,Plantain
3760,2988,3834,1.66,Plantain
3761,2989,3835,21.85,Cassava
3762,2990,3836,19.68,Yam
3763,2991,3837,6.1,Rice (Paddy)
3764,2992,3838,17.2,Maize
3765,2993,3839,14.05,Cocoa
3766,2994,3840,13.01,Yam
3767,2995,3841,11.75,Cocoa
3768,2996,3842,24.3,Groundnut
3769,2996,3843,6.3,Maize
3770,2997,3844,17.34,Rice (Paddy)
3771,2998,3845,15.73,Cocoa
3772,2999,3846,22.47,Plantain
3773,3000,3847,10.03,Cassava
3774,3001,3848,11.29,Rice (Paddy)
3775,3002,3849,3.27,Cassava
3776,3003,3850,2.12,Plantain
3777,3004,3851,20.02,Cocoa
3778,3005,3852,5.57,Yam
3779,3006,3853,21.26,Cassava
3780,3007,3854,6.27,Rice (Paddy)
3781,3008,3855,1.93,Cassava
3782,3009,3856,13.1,Cocoa
3783,3009,3857,3.39,Rice (Paddy)
3784,3010,3858,2.66,Cassava
3785,3011,3859,6.35,Cocoa
3786,3012,3860,2.96,Plantain
3787,3013,3861,23.69,Yam
3788,3013,3862,3.0,Maize
3789,3014,3863,22.05,Cassava
3790,3014,3864,2.56,Groundnut
3791,3015,3865,8.94,Groundnut
3792,3016,3866,23.93,Rice (Paddy)
3793,3017,3867,3.14,Rice (Paddy)
3794,3018,3868,16.91,Groundnut
3795,3019,3869,24.0,Rice (Paddy)
3796,3020,3870,22.49,Cocoa
3797,3021,3871,23.19,Rice (Paddy)
3798,3022,3872,22.65,Cocoa
3799,3023,3873,4.86,Rice (Paddy)
3800,3023,3874,11.22,Groundnut
3801,3024,3875,21.79,Groundnut
3802,3025,3876,19.38,Rice (Paddy)
3803,3026,3877,3.34,Cassava
3804,3027,3878,18.67,Yam
3805,3027,3879,8.53,Cassava
3806,3028,3880,17.21,Rice (Paddy)
3807,3029,3881,16.07,Yam
3808,3029,3882,20.0,Rice (Paddy)
3809,3029,3883,21.97,Groundnut
3810,3030,3884,11.56,Plantain
3811,3031,3885,0.72,Rice (Paddy)
3812,3032,3886,4.2,Rice (Paddy)
3813,3033,3887,12.73,Maize
3814,3034,3888,1.84,Plantain
3815,3035,3889,5.56,Rice (Paddy)
3816,3035,3890,17.33,Maize
3817,3035,3891,22.54,Cocoa
3818,3036,3892,18.91,Rice (Paddy)
3819,3037,3893,23.26,Yam
3820,3038,3894,13.61,Maize
3821,3039,3895,21.25,Yam
3822,3039,3896,9.97,Yam
3823,3040,3897,22.81,Groundnut
3824,3040,3898,1.17,Groundnut
3825,3041,3899,24.35,Groundnut
3826,3041,3900,9.39,Yam
3827,3041,3901,12.85,Yam
3828,3042,3902,6.93,Yam
3829,3043,3903,15.46,Maize
3830,3044,3904,20.37,Cassava
3831,3044,3905,16.97,Maize
3832,3045,3906,12.74,Yam
3833,3046,3907,1.13,Maize
3834,3047,3908,1.05,Cocoa
3835,3047,3909,4.8,Cocoa
3836,3047,3910,10.41,Plantain
3837,3048,3911,20.05,Cassava
3838,3049,3912,13.01,Groundnut
3839,3050,3913,8.78,Maize
3840,3051,3914,10.84,Maize
3841,3052,3915,8.17,Cocoa
3842,3053,3916,11.16,Cassava
3843,3054,3917,7.6,Maize
3844,3054,3918,6.62,Cassava
3845,3055,3919,24.49,Yam
3846,3056,3920,13.25,Yam
3847,3057,3921,16.08,Maize
3848,3058,3922,4.46,Rice (Paddy)
3849,3059,3923,11.24,Groundnut
3850,3060,3924,23.48,Groundnut
3851,3061,3925,20.95,Cassava
3852,3062,3926,21.88,Cocoa
3853,3063,3927,16.29,Yam
3854,3063,3928,8.33,Rice (Paddy)
3855,3064,3929,1.5,Cocoa
3856,3065,3930,11.07,Maize
3857,3066,3931,14.84,Rice (Paddy)
3858,3067,3932,8.43,Cassava
3859,3068,3933,18.62,Plantain
3860,3069,3934,24.43,Cassava
3861,3070,3935,0.55,Maize
3862,3071,3936,12.38,Yam
3863,3071,3937,4.2,Maize
3864,3072,3938,15.39,Rice (Paddy)
3865,3073,3939,13.13,Cocoa
3866,3074,3940,1.95,Cassava
3867,3074,3941,19.07,Groundnut
3868,3075,3942,10.17,Cocoa
3869,3076,3943,5.58,Yam
3870,3077,3944,10.98,Rice (Paddy)
3871,3078,3945,22.0,Groundnut
3872,3079,3946,7.16,Groundnut
3873,3080,3947,3.56,Cocoa
3874,3081,3948,4.81,Plantain
3875,3081,3949,2.51,Plantain
3876,3082,3950,9.36,Groundnut
3877,3083,3951,7.02,Cassava
3878,3084,3952,12.55,Maize
3879,3085,3953,0.8,Maize
3880,3085,3954,16.01,Plantain
3881,3086,3955,19.86,Yam
3882,3087,3956,10.62,Rice (Paddy)
3883,3088,3957,12.8,Cassava
3884,3089,3958,10.33,Yam
3885,3090,3959,6.59,Maize
3886,3090,3960,15.06,Plantain
3887,3091,3961,7.0,Plantain
3888,3092,3962,0.54,Groundnut
3889,3092,3963,11.71,Cassava
3890,3092,3964,13.63,Cocoa
3891,3093,3965,11.41,Cocoa
3892,3094,3966,19.46,Rice (Paddy)
3893,3095,3967,6.22,Groundnut
3894,3096,3968,10.91,Groundnut
3895,3097,3969,22.97,Cassava
3896,3098,3970,16.67,Cassava
3897,3099,3971,19.91,Maize
3898,3100,3972,5.81,Rice (Paddy)
3899,3101,3973,18.81,Maize
3900,3102,3974,21.05,Rice (Paddy)
3901,3102,3975,9.98,Plantain
3902,3103,3976,4.88,Maize
3903,3104,3977,24.01,Yam
3904,3104,3978,6.12,Groundnut
3905,3105,3979,15.12,Yam
3906,3106,3980,16.84,Yam
3907,3107,3981,22.47,Maize
3908,3108,3982,9.31,Plantain
3909,3109,3983,11.42,Cassava
3910,3110,3984,7.05,Cocoa
3911,3111,3985,18.69,Plantain
3912,3112,3986,7.03,Cocoa
3913,3113,3987,1.16,Cocoa
3914,3114,3988,21.04,Yam
3915,3115,3989,5.19,Cocoa
3916,3115,3990,6.55,Yam
3917,3116,3991,3.81,Maize
3918,3117,3992,12.44,Rice (Paddy)
3919,3118,3993,1.82,Groundnut
3920,3119,3994,10.78,Cassava
3921,3119,3995,15.8,Cassava
3922,3120,3996,21.46,Cocoa
3923,3121,3997,8.65,Cassava
3924,3122,3998,1.88,Rice (Paddy)
3925,3122,3999,9.33,Maize
3926,3123,4000,4.69,Cassava
3927,3124,4001,17.12,Groundnut
3928,3125,4002,21.76,Cassava
3929,3126,4003,7.54,Plantain
3930,3127,4004,13.12,Maize
3931,3128,4005,5.47,Cocoa
3932,3129,4006,24.19,Plantain
3933,3130,4007,19.44,Rice (Paddy)
3934,3131,4008,5.77,Maize
3935,3131,4009,1.58,Maize
3936,3132,4010,24.77,Rice (Paddy)
3937,3133,4011,16.52,Maize
3938,3134,4012,7.9,Cocoa
3939,3135,4013,1.68,Groundnut
3940,3136,4014,21.29,Groundnut
3941,3137,4015,14.9,Groundnut
3942,3138,4016,15.63,Rice (Paddy)
3943,3139,4017,8.78,Plantain
3944,3140,4018,6.96,Yam
3945,3141,4019,7.22,Plantain
3946,3142,4020,24.23,Cassava
3947,3143,4021,11.61,Rice (Paddy)
3948,3144,4022,0.8,Groundnut
3949,3145,4023,19.73,Yam
3950,3146,4024,2.59,Rice (Paddy)
3951,3146,4025,23.58,Groundnut
3952,3147,4026,8.3,Cocoa
3953,3148,4027,23.5,Plantain
3954,3149,4028,16.08,Rice (Paddy)
3955,3150,4029,11.08,Groundnut
3956,3150,4030,4.78,Plantain
3957,3151,4031,12.96,Yam
3958,3152,4032,7.92,Maize
3959,3153,4033,18.51,Cassava
3960,3154,4034,6.31,Yam
3961,3154,4035,19.07,Groundnut
3962,3155,4036,9.0,Cassava
3963,3156,4037,10.82,Yam
3964,3157,4038,16.44,Maize
3965,3158,4039,5.4,Cocoa
3966,3158,4040,21.16,Maize
3967,3159,4041,7.8,Yam
3968,3160,4042,16.02,Maize
3969,3160,4043,9.74,Cocoa
3970,3160,4044,18.1,Cassava
3971,3161,4045,10.95,Rice (Paddy)
3972,3162,4046,16.95,Maize
3973,3162,4047,2.95,Groundnut
3974,3163,4048,6.88,Cassava
3975,3164,4049,14.2,Cocoa
3976,3165,4050,16.4,Cassava
3977,3166,4051,1.11,Plantain
3978,3167,4052,12.94,Groundnut
3979,3167,4053,24.3,Rice (Paddy)
3980,3168,4054,0.8,Cocoa
3981,3168,4055,5.81,Groundnut
3982,3169,4056,2.21,Rice (Paddy)
3983,3170,4057,7.75,Groundnut
3984,3171,4058,13.23,Plantain
3985,3172,4059,2.34,Cassava
3986,3172,4060,11.51,Cassava
3987,3173,4061,9.52,Cocoa
3988,3174,4062,10.89,Maize
3989,3175,4063,11.34,Plantain
3990,3175,4064,6.66,Plantain
3991,3176,4065,24.28,Yam
3992,3177,4066,17.29,Cocoa
3993,3178,4067,4.21,Groundnut
3994,3179,4068,14.99,Yam
3995,3180,4069,8.03,Yam
3996,3180,4070,8.75,Cocoa
3997,3181,4071,2.8,Cocoa
3998,3181,4072,19.18,Groundnut
3999,3182,4073,14.82,Cassava
4000,3183,4074,20.51,Groundnut
4001,3184,4075,6.59,Plantain
4002,3185,4076,16.8,Rice (Paddy)
4003,3186,4077,17.06,Rice (Paddy)
4004,3187,4078,13.22,Groundnut
4005,3187,4079,16.15,Plantain
4006,3188,4080,1.14,Plantain
4007,3189,4081,2.51,Cocoa
4008,3190,4082,8.5,Cocoa
4009,3191,4083,11.53,Yam
4010,3192,4084,2.15,Yam
4011,3193,4085,8.52,Plantain
4012,3194,4086,19.63,Yam
4013,3195,4087,23.04,Rice (Paddy)
4014,3196,4088,23.04,Yam
4015,3197,4089,17.35,Rice (Paddy)
4016,3198,4090,16.38,Maize
4017,3199,4091,6.75,Maize
4018,3199,4092,22.38,Cassava
4019,3199,4093,23.55,Rice (Paddy)
4020,3200,4094,14.47,Cocoa
4021,3201,4095,18.62,Cocoa
4022,3202,4096,24.66,Groundnut
4023,3203,4097,19.1,Maize
4024,3204,4098,15.88,Maize
4025,3204,4099,2.19,Rice (Paddy)
4026,3205,4100,7.69,Cocoa
4027,3206,4101,9.65,Yam
4028,3206,4102,6.34,Rice (Paddy)
4029,3207,4103,8.05,Rice (Paddy)
4030,3208,4104,23.67,Yam
4031,3208,4105,5.04,Maize
4032,3208,4106,20.72,Rice (Paddy)
4033,3209,4107,6.72,Cassava
4034,3210,4108,11.0,Rice (Paddy)
4035,3211,4109,3.62,Maize
4036,3212,4110,21.55,Cocoa
4037,3213,4111,19.55,Yam
4038,3214,4112,16.62,Yam
4039,3215,4113,8.49,Rice (Paddy)
4040,3216,4114,18.14,Yam
4041,3217,4115,13.92,Plantain
4042,3218,4116,22.55,Maize
4043,3219,4117,19.8,Maize
4044,3219,4118,10.7,Cassava
4045,3220,4119,21.09,Rice (Paddy)
4046,3221,4120,21.92,Cocoa
4047,3222,4121,1.88,Groundnut
4048,3222,4122,15.56,Cassava
4049,3223,4123,12.94,Rice (Paddy)
4050,3224,4124,23.36,Plantain
4051,3225,4125,3.37,Cocoa
4052,3226,4126,21.84,Maize
4053,3227,4127,12.68,Plantain
4054,3228,4128,18.96,Rice (Paddy)
4055,3229,4129,11.64,Cocoa
4056,3230,4130,5.57,Maize
4057,3230,4131,8.38,Cassava
4058,3231,4132,1.49,Cocoa
4059,3231,4133,16.35,Cassava
4060,3232,4134,1.62,Yam
4061,3233,4135,12.53,Yam
4062,3233,4136,18.45,Cassava
4063,3233,4137,10.95,Yam
4064,3234,4138,7.38,Cocoa
4065,3235,4139,21.95,Cocoa
4066,3236,4140,15.19,Yam
4067,3237,4141,22.75,Cassava
4068,3237,4142,2.78,Cocoa
4069,3238,4143,16.03,Cocoa
4070,3239,4144,4.07,Plantain
4071,3240,4145,18.93,Cocoa
4072,3241,4146,3.29,Plantain
4073,3242,4147,2.23,Rice (Paddy)
4074,3243,4148,14.05,Cassava
4075,3244,4149,19.29,Rice (Paddy)
4076,3245,4150,9.44,Cassava
4077,3246,4151,3.93,Groundnut
4078,3246,4152,5.87,Plantain
4079,3247,4153,2.47,Rice (Paddy)
4080,3248,4154,2.65,Cassava
4081,3249,4155,23.75,Plantain
4082,3250,4156,10.79,Plantain
4083,3251,4157,5.75,Cocoa
4084,3252,4158,24.88,Maize
4085,3253,4159,12.86,Maize
4086,3253,4160,19.02,Groundnut
4087,3254,4161,5.67,Plantain
4088,3254,4162,12.4,Groundnut
4089,3255,4163,7.9,Plantain
4090,3256,4164,5.27,Groundnut
4091,3257,4165,2.14,Yam
4092,3258,4166,5.56,Maize
4093,3259,4167,13.94,Plantain
4094,3260,4168,6.38,Cocoa
4095,3260,4169,17.93,Cocoa
4096,3260,4170,18.03,Maize
4097,3261,4171,7.79,Groundnut
4098,3262,4172,3.3,Rice (Paddy)
4099,3262,4173,10.31,Cassava
4100,3263,4174,10.9,Cocoa
4101,3263,4175,9.07,Cocoa
4102,3264,4176,19.82,Groundnut
4103,3265,4177,13.72,Groundnut
4104,3266,4178,15.06,Cassava
4105,3267,4179,5.62,Rice (Paddy)
4106,3268,4180,2.37,Plantain
4107,3269,4181,10.81,Maize
4108,3270,4182,6.05,Rice (Paddy)
4109,3270,4183,1.1,Groundnut
4110,3271,4184,22.08,Maize
4111,3272,4185,14.88,Yam
4112,3273,4186,13.15,Cassava
4113,3274,4187,15.14,Rice (Paddy)
4114,3275,4188,6.7,Groundnut
4115,3276,4189,1.78,Rice (Paddy)
4116,3277,4190,19.24,Yam
4117,3277,4191,23.91,Cocoa
4118,3277,4192,7.54,Cocoa
4119,3278,4193,17.69,Groundnut
4120,3279,4194,3.62,Maize
4121,3280,4195,1.38,Plantain
4122,3281,4196,1.04,Cocoa
4123,3282,4197,4.24,Yam
4124,3283,4198,7.38,Yam
4125,3284,4199,2.41,Cocoa
4126,3285,4200,15.2,Groundnut
4127,3286,4201,17.08,Plantain
4128,3287,4202,3.89,Groundnut
4129,3288,4203,12.38,Maize
4130,3289,4204,18.5,Cassava
4131,3290,4205,16.92,Rice (Paddy)
4132,3291,4206,21.61,Plantain
4133,3292,4207,23.09,Cassava
4134,3293,4208,12.44,Cocoa
4135,3294,4209,3.62,Plantain
4136,3294,4210,2.22,Cassava
4137,3295,4211,24.4,Maize
4138,3296,4212,9.01,Cocoa
4139,3297,4213,5.58,Cocoa
4140,3297,4214,21.18,Maize
4141,3298,4215,8.43,Groundnut
4142,3298,4216,18.5,Maize
4143,3298,4217,21.12,Cocoa
4144,3299,4218,15.15,Maize
4145,3300,4219,19.97,Cassava
4146,3300,4220,20.56,Cassava
4147,3301,4221,10.17,Groundnut
4148,3302,4222,2.74,Plantain
4149,3303,4223,20.44,Yam
4150,3303,4224,13.84,Cocoa
4151,3304,4225,7.63,Cocoa
4152,3305,4226,11.19,Plantain
4153,3306,4227,13.67,Rice (Paddy)
4154,3306,4228,1.01,Yam
4155,3307,4229,2.43,Yam
4156,3308,4230,11.67,Cassava
4157,3309,4231,6.13,Maize
4158,3310,4232,14.38,Rice (Paddy)
4159,3311,4233,5.33,Maize
4160,3312,4234,4.89,Plantain
4161,3313,4235,23.54,Maize
4162,3314,4236,6.8,Groundnut
4163,3315,4237,6.22,Cocoa
4164,3315,4238,4.28,Groundnut
4165,3315,4239,5.14,Rice (Paddy)
4166,3316,4240,16.83,Yam
4167,3317,4241,22.12,Cassava
4168,3317,4242,20.97,Maize
4169,3318,4243,15.67,Cocoa
4170,3319,4244,17.08,Rice (Paddy)
4171,3320,4245,13.52,Groundnut
4172,3321,4246,23.71,Plantain
4173,3322,4247,6.09,Maize
4174,3322,4248,10.82,Cassava
4175,3323,4249,0.82,Cassava
4176,3323,4250,2.9,Plantain
4177,3323,4251,11.73,Groundnut
4178,3324,4252,21.49,Yam
4179,3325,4253,13.66,Plantain
4180,3326,4254,2.59,Cocoa
4181,3327,4255,3.87,Rice (Paddy)
4182,3328,4256,18.24,Rice (Paddy)
4183,3329,4257,24.69,Yam
4184,3330,4258,14.69,Yam
4185,3331,4259,5.8,Plantain
4186,3331,4260,5.36,Groundnut
4187,3332,4261,6.09,Cassava
4188,3333,4262,0.62,Maize
4189,3334,4263,8.26,Yam
4190,3335,4264,1.15,Groundnut
4191,3336,4265,2.57,Yam
4192,3336,4266,17.96,Cassava
4193,3337,4267,13.97,Maize
4194,3338,4268,2.29,Cocoa
4195,3339,4269,20.06,Cocoa
4196,3340,4270,18.44,Rice (Paddy)
4197,3341,4271,20.49,Yam
4198,3342,4272,9.99,Groundnut
4199,3343,4273,9.8,Maize
4200,3344,4274,1.05,Maize
4201,3344,4275,16.47,Cassava
4202,3345,4276,1.8,Rice (Paddy)
4203,3345,4277,15.1,Cocoa
4204,3346,4278,6.54,Plantain
4205,3347,4279,7.95,Yam
4206,3348,4280,19.67,Rice (Paddy)
4207,3349,4281,12.06,Groundnut
4208,3350,4282,24.47,Cassava
4209,3350,4283,24.37,Rice (Paddy)
4210,3351,4284,21.07,Rice (Paddy)
4211,3352,4285,21.11,Yam
4212,3353,4286,16.82,Plantain
4213,3354,4287,14.71,Plantain
4214,3355,4288,14.98,Cocoa
4215,3355,4289,1.97,Cassava
4216,3356,4290,9.4,Rice (Paddy)
4217,3357,4291,1.19,Cassava
4218,3358,4292,7.34,Plantain
4219,3359,4293,11.18,Plantain
4220,3360,4294,1.33,Cocoa
4221,3361,4295,19.7,Cassava
4222,3362,4296,3.76,Maize
4223,3363,4297,3.51,Plantain
4224,3364,4298,1.9,Cocoa
4225,3365,4299,18.91,Cocoa
4226,3366,4300,22.79,Maize
4227,3367,4301,21.74,Cassava
4228,3368,4302,19.99,Groundnut
4229,3369,4303,3.28,Rice (Paddy)
4230,3370,4304,21.71,Yam
4231,3371,4305,3.56,Groundnut
4232,3372,4306,12.79,Rice (Paddy)
4233,3373,4307,23.49,Maize
4234,3374,4308,19.19,Maize
4235,3375,4309,20.73,Groundnut
4236,3375,4310,12.5,Rice (Paddy)
4237,3376,4311,18.61,Maize
4238,3376,4312,18.28,Cocoa
4239,3377,4313,4.2,Groundnut
4240,3377,4314,20.31,Plantain
4241,3378,4315,13.55,Rice (Paddy)
4242,3379,4316,23.46,Yam
4243,3380,4317,11.41,Cocoa
4244,3380,4318,13.86,Groundnut
4245,3381,4319,1.24,Yam
4246,3382,4320,1.79,Maize
4247,3382,4321,23.58,Groundnut
4248,3383,4322,1.39,Plantain
4249,3384,4323,8.62,Cassava
4250,3385,4324,10.24,Rice (Paddy)
4251,3386,4325,7.0,Maize
4252,3386,4326,2.55,Rice (Paddy)
4253,3387,4327,13.62,Cassava
4254,3387,4328,1.19,Maize
4255,3388,4329,12.61,Cocoa
4256,3388,4330,12.49,Groundnut
4257,3389,4331,2.13,Cassava
4258,3390,4332,2.2,Maize
4259,3391,4333,21.53,Cocoa
4260,3392,4334,15.51,Plantain
4261,3393,4335,5.83,Rice (Paddy)
4262,3393,4336,14.66,Cassava
4263,3393,4337,10.48,Plantain
4264,3394,4338,15.35,Plantain
4265,3395,4339,14.01,Plantain
4266,3396,4340,24.6,Cassava
4267,3397,4341,7.87,Cassava
4268,3398,4342,6.8,Maize
4269,3399,4343,17.46,Cassava
4270,3400,4344,17.46,Cassava
4271,3401,4345,24.78,Groundnut
4272,3402,4346,5.12,Rice (Paddy)
4273,3403,4347,3.05,Cassava
4274,3404,4348,23.5,Yam
4275,3405,4349,23.86,Plantain
4276,3406,4350,14.88,Rice (Paddy)
4277,3407,4351,7.1,Rice (Paddy)
4278,3408,4352,20.93,Cassava
4279,3409,4353,17.73,Cocoa
4280,3410,4354,6.48,Plantain
4281,3411,4355,21.49,Plantain
4282,3412,4356,10.92,Yam
4283,3413,4357,9.91,Plantain
4284,3414,4358,10.82,Cassava
4285,3415,4359,24.15,Groundnut
4286,3415,4360,2.88,Cassava
4287,3416,4361,13.46,Rice (Paddy)
4288,3417,4362,10.37,Maize
4289,3418,4363,3.05,Groundnut
4290,3419,4364,19.29,Cocoa
4291,3420,4365,18.0,Maize
4292,3421,4366,13.42,Groundnut
4293,3422,4367,1.84,Cocoa
4294,3423,4368,18.92,Groundnut
4295,3424,4369,17.55,Cassava
4296,3425,4370,19.93,Yam
4297,3426,4371,10.69,Rice (Paddy)
4298,3427,4372,9.41,Yam
4299,3428,4373,3.77,Cocoa
4300,3429,4374,17.41,Rice (Paddy)
4301,3430,4375,24.53,Plantain
4302,3431,4376,18.91,Rice (Paddy)
4303,3432,4377,22.0,Cassava
4304,3433,4378,0.76,Maize
4305,3433,4379,21.74,Yam
4306,3433,4380,20.87,Groundnut
4307,3434,4381,4.51,Rice (Paddy)
4308,3435,4382,13.09,Groundnut
4309,3436,4383,20.98,Plantain
4310,3437,4384,18.81,Rice (Paddy)
4311,3438,4385,5.83,Groundnut
4312,3439,4386,20.46,Yam
4313,3440,4387,13.04,Rice (Paddy)
4314,3440,4388,12.78,Groundnut
4315,3440,4389,9.31,Cassava
4316,3441,4390,21.39,Cassava
4317,3442,4391,14.06,Groundnut
4318,3443,4392,23.85,Cassava
4319,3443,4393,23.98,Plantain
4320,3444,4394,16.49,Groundnut
4321,3444,4395,1.33,Plantain
4322,3444,4396,14.94,Rice (Paddy)
4323,3445,4397,14.61,Cocoa
4324,3446,4398,16.6,Cassava
4325,3446,4399,18.84,Groundnut
4326,3446,4400,9.73,Plantain
4327,3447,4401,21.64,Maize
4328,3447,4402,1.49,Cocoa
4329,3448,4403,23.68,Maize
4330,3449,4404,1.67,Rice (Paddy)
4331,3450,4405,19.06,Yam
4332,3451,4406,14.64,Cocoa
4333,3452,4407,7.61,Yam
4334,3453,4408,23.04,Cocoa
4335,3454,4409,1.87,Cocoa
4336,3455,4410,19.65,Groundnut
4337,3456,4411,24.95,Plantain
4338,3456,4412,2.47,Plantain
4339,3457,4413,18.62,Rice (Paddy)
4340,3458,4414,8.38,Rice (Paddy)
4341,3459,4415,16.9,Plantain
4342,3460,4416,19.49,Plantain
4343,3460,4417,17.11,Plantain
4344,3460,4418,21.19,Maize
4345,3461,4419,24.99,Plantain
4346,3462,4420,1.48,Cocoa
4347,3463,4421,10.81,Maize
4348,3464,4422,13.26,Groundnut
4349,3464,4423,20.95,Maize
4350,3465,4424,10.89,Cassava
4351,3466,4425,22.21,Plantain
4352,3467,4426,4.53,Yam
4353,3468,4427,15.15,Groundnut
4354,3468,4428,9.07,Groundnut
4355,3469,4429,4.12,Rice (Paddy)
4356,3469,4430,15.63,Groundnut
4357,3469,4431,3.79,Rice (Paddy)
4358,3470,4432,20.1,Cocoa
4359,3470,4433,1.55,Cocoa
4360,3470,4434,17.25,Cassava
4361,3471,4435,22.06,Cassava
4362,3472,4436,18.91,Maize
4363,3472,4437,20.36,Maize
4364,3472,4438,16.06,Plantain
4365,3473,4439,8.84,Yam
4366,3474,4440,5.21,Cocoa
4367,3474,4441,1.47,Cassava
4368,3474,4442,13.64,Cocoa
4369,3475,4443,12.19,Maize
4370,3476,4444,2.49,Groundnut
4371,3477,4445,17.33,Cassava
4372,3478,4446,11.02,Cassava
4373,3479,4447,12.33,Yam
4374,3480,4448,18.66,Plantain
4375,3481,4449,3.23,Groundnut
4376,3481,4450,2.51,Plantain
4377,3482,4451,10.53,Cassava
4378,3483,4452,3.44,Groundnut
4379,3483,4453,19.59,Yam
4380,3484,4454,6.54,Maize
4381,3485,4455,9.87,Groundnut
4382,3486,4456,8.76,Cassava
4383,3487,4457,8.69,Maize
4384,3488,4458,4.5,Cocoa
4385,3489,4459,5.23,Cocoa
4386,3489,4460,22.11,Groundnut
4387,3490,4461,7.98,Yam
4388,3491,4462,1.7,Rice (Paddy)
4389,3492,4463,1.76,Yam
4390,3493,4464,24.83,Cocoa
4391,3494,4465,11.08,Cassava
4392,3495,4466,12.5,Rice (Paddy)
4393,3495,4467,7.52,Maize
4394,3495,4468,21.94,Maize
4395,3496,4469,15.82,Cassava
4396,3497,4470,24.15,Cocoa
4397,3498,4471,7.41,Cassava
4398,3498,4472,1.87,Groundnut
4399,3499,4473,4.2,Plantain
4400,3500,4474,15.76,Cassava
4401,3501,4475,12.66,Plantain
4402,3501,4476,10.57,Maize
4403,3502,4477,12.97,Yam
4404,3503,4478,20.22,Rice (Paddy)
4405,3504,4479,12.97,Maize
4406,3505,4480,18.85,Cocoa
4407,3506,4481,2.12,Yam
4408,3507,4482,5.88,Groundnut
4409,3508,4483,10.8,Yam
4410,3509,4484,9.49,Plantain
4411,3510,4485,12.7,Yam
4412,3511,4486,4.87,Cocoa
4413,3512,4487,18.4,Cassava
4414,3513,4488,7.67,Cocoa
4415,3514,4489,24.39,Plantain
4416,3515,4490,9.08,Cocoa
4417,3516,4491,14.79,Cocoa
4418,3517,4492,14.19,Cassava
4419,3518,4493,24.16,Rice (Paddy)
4420,3519,4494,21.31,Yam
4421,3520,4495,19.1,Cocoa
4422,3521,4496,5.49,Cassava
4423,3521,4497,5.05,Cassava
4424,3522,4498,11.02,Rice (Paddy)
4425,3523,4499,2.65,Plantain
4426,3524,4500,13.32,Cassava
4427,3525,4501,15.41,Maize
4428,3526,4502,11.83,Maize
4429,3526,4503,20.82,Rice (Paddy)
4430,3527,4504,23.04,Yam
4431,3528,4505,24.93,Plantain
4432,3528,4506,19.52,Plantain
4433,3529,4507,24.44,Cocoa
4434,3529,4508,5.36,Cocoa
4435,3530,4509,20.43,Plantain
4436,3530,4510,11.52,Plantain
4437,3530,4511,12.17,Cocoa
4438,3531,4512,3.11,Cocoa
4439,3532,4513,17.08,Maize
4440,3533,4514,11.1,Maize
4441,3534,4515,21.43,Yam
4442,3535,4516,22.8,Maize
4443,3536,4517,9.84,Cassava
4444,3536,4518,24.56,Plantain
4445,3537,4519,15.95,Cassava
4446,3538,4520,5.96,Rice (Paddy)
4447,3538,4521,5.09,Rice (Paddy)
4448,3539,4522,4.54,Groundnut
4449,3540,4523,2.02,Groundnut
4450,3540,4524,9.69,Plantain
4451,3541,4525,2.93,Plantain
4452,3541,4526,20.53,Plantain
4453,3542,4527,24.05,Cocoa
4454,3543,4528,21.1,Plantain
4455,3543,4529,7.83,Plantain
4456,3544,4530,4.91,Groundnut
4457,3545,4531,24.49,Groundnut
4458,3545,4532,22.9,Yam
4459,3546,4533,12.65,Groundnut
4460,3546,4534,19.83,Rice (Paddy)
4461,3546,4535,17.35,Rice (Paddy)
4462,3547,4536,19.67,Rice (Paddy)
4463,3548,4537,5.18,Yam
4464,3549,4538,13.24,Maize
4465,3550,4539,6.83,Groundnut
4466,3551,4540,2.43,Groundnut
4467,3552,4541,2.29,Yam
4468,3552,4542,15.45,Cassava
4469,3552,4543,4.06,Rice (Paddy)
4470,3553,4544,7.75,Maize
4471,3554,4545,0.73,Maize
4472,3555,4546,21.07,Maize
4473,3556,4547,8.22,Cassava
4474,3556,4548,7.51,Maize
4475,3557,4549,18.7,Rice (Paddy)
4476,3558,4550,5.2,Groundnut
4477,3559,4551,8.97,Maize
4478,3560,4552,5.2,Groundnut
4479,3561,4553,1.05,Cassava
4480,3561,4554,2.88,Cocoa
4481,3562,4555,8.08,Cocoa
4482,3562,4556,4.74,Cassava
4483,3563,4557,20.41,Yam
4484,3563,4558,14.35,Rice (Paddy)
4485,3564,4559,2.9,Cassava
4486,3565,4560,9.87,Groundnut
4487,3566,4561,2.74,Maize
4488,3566,4562,15.04,Cassava
4489,3567,4563,11.55,Groundnut
4490,3568,4564,0.91,Plantain
4491,3569,4565,7.56,Plantain
4492,3570,4566,9.43,Cocoa
4493,3571,4567,16.27,Yam
4494,3572,4568,4.33,Groundnut
4495,3573,4569,11.77,Rice (Paddy)
4496,3574,4570,10.08,Maize
4497,3575,4571,1.94,Groundnut
4498,3575,4572,23.03,Groundnut
4499,3575,4573,13.4,Yam
4500,3576,4574,12.74,Rice (Paddy)
4501,3577,4575,8.33,Rice (Paddy)
4502,3578,4576,19.54,Rice (Paddy)
4503,3579,4577,6.15,Groundnut
4504,3580,4578,8.07,Rice (Paddy)
4505,3581,4579,2.94,Cocoa
4506,3582,4580,2.42,Yam
4507,3582,4581,18.35,Yam
4508,3583,4582,13.43,Groundnut
4509,3584,4583,23.03,Maize
4510,3585,4584,6.38,Cassava
4511,3586,4585,13.25,Cassava
4512,3587,4586,22.37,Plantain
4513,3588,4587,1.86,Rice (Paddy)
4514,3588,4588,14.29,Groundnut
4515,3589,4589,2.98,Plantain
4516,3590,4590,1.99,Yam
4517,3591,4591,9.31,Maize
4518,3592,4592,5.22,Cocoa
4519,3593,4593,24.94,Yam
4520,3594,4594,8.86,Cassava
4521,3595,4595,21.03,Plantain
4522,3596,4596,7.05,Cocoa
4523,3597,4597,12.25,Cocoa
4524,3598,4598,13.78,Rice (Paddy)
4525,3599,4599,6.48,Groundnut
4526,3600,4600,2.52,Cocoa
4527,3601,4601,4.55,Yam
4528,3602,4602,2.8,Yam
4529,3603,4603,2.8,Plantain
4530,3604,4604,15.07,Groundnut
4531,3604,4605,23.43,Cassava
4532,3605,4606,11.12,Maize
4533,3606,4607,3.94,Rice (Paddy)
4534,3607,4608,12.29,Groundnut
4535,3608,4609,22.21,Rice (Paddy)
4536,3609,4610,16.81,Cocoa
4537,3610,4611,1.78,Cocoa
4538,3611,4612,20.66,Yam
4539,3611,4613,21.6,Maize
4540,3612,4614,21.7,Rice (Paddy)
4541,3613,4615,24.7,Groundnut
4542,3614,4616,15.46,Yam
4543,3615,4617,21.36,Plantain
4544,3616,4618,1.99,Maize
4545,3617,4619,12.93,Rice (Paddy)
4546,3618,4620,2.27,Yam
4547,3619,4621,4.43,Plantain
4548,3620,4622,21.0,Cocoa
4549,3621,4623,0.9,Groundnut
4550,3621,4624,9.67,Maize
4551,3622,4625,4.28,Plantain
4552,3623,4626,4.52,Plantain
4553,3624,4627,23.79,Groundnut
4554,3625,4628,16.12,Groundnut
4555,3626,4629,12.43,Rice (Paddy)
4556,3627,4630,9.46,Plantain
4557,3628,4631,20.46,Yam
4558,3628,4632,20.03,Groundnut
4559,3629,4633,1.11,Rice (Paddy)
4560,3630,4634,4.92,Cocoa
4561,3630,4635,23.49,Groundnut
4562,3631,4636,11.27,Yam
4563,3632,4637,3.56,Rice (Paddy)
4564,3633,4638,17.72,Plantain
4565,3634,4639,17.31,Plantain
4566,3635,4640,8.51,Cassava
4567,3636,4641,16.05,Yam
4568,3636,4642,2.59,Plantain
4569,3637,4643,4.14,Groundnut
4570,3638,4644,9.49,Plantain
4571,3639,4645,0.89,Yam
4572,3640,4646,1.69,Cocoa
4573,3641,4647,15.97,Cocoa
4574,3642,4648,12.41,Cassava
4575,3643,4649,6.83,Maize
4576,3644,4650,2.11,Plantain
4577,3645,4651,8.02,Plantain
4578,3646,4652,2.89,Rice (Paddy)
4579,3647,4653,13.98,Maize
4580,3647,4654,8.13,Rice (Paddy)
4581,3648,4655,23.39,Yam
4582,3649,4656,12.49,Groundnut
4583,3650,4657,14.19,Yam
4584,3651,4658,14.3,Groundnut
4585,3652,4659,2.06,Yam
4586,3653,4660,19.26,Cocoa
4587,3654,4661,7.0,Maize
4588,3655,4662,4.9,Maize
4589,3656,4663,13.11,Maize
4590,3657,4664,15.29,Groundnut
4591,3658,4665,19.86,Cassava
4592,3658,4666,24.2,Groundnut
4593,3659,4667,2.93,Cassava
4594,3660,4668,5.95,Maize
4595,3661,4669,12.4,Groundnut
4596,3662,4670,20.15,Cassava
4597,3663,4671,22.02,Maize
4598,3664,4672,10.94,Yam
4599,3664,4673,0.54,Maize
4600,3665,4674,12.02,Maize
4601,3665,4675,3.06,Maize
4602,3666,4676,11.38,Cocoa
4603,3666,4677,1.53,Yam
4604,3667,4678,8.73,Rice (Paddy)
4605,3667,4679,0.98,Plantain
4606,3668,4680,2.26,Cassava
4607,3669,4681,21.35,Plantain
4608,3670,4682,8.88,Rice (Paddy)
4609,3671,4683,1.28,Cassava
4610,3672,4684,8.84,Cocoa
4611,3673,4685,19.37,Maize
4612,3674,4686,6.13,Cassava
4613,3675,4687,15.09,Rice (Paddy)
4614,3676,4688,1.03,Yam
4615,3677,4689,8.52,Cassava
4616,3678,4690,19.35,Cassava
4617,3679,4691,10.77,Groundnut
4618,3680,4692,18.87,Groundnut
4619,3681,4693,11.51,Yam
4620,3681,4694,5.56,Rice (Paddy)
4621,3682,4695,24.22,Cassava
4622,3683,4696,4.16,Rice (Paddy)
4623,3684,4697,11.24,Maize
4624,3685,4698,6.1,Cocoa
4625,3685,4699,8.42,Plantain
4626,3686,4700,19.65,Maize
4627,3687,4701,6.79,Cocoa
4628,3687,4702,18.21,Yam
4629,3688,4703,19.37,Groundnut
4630,3689,4704,14.17,Plantain
4631,3690,4705,1.47,Plantain
4632,3691,4706,7.03,Maize
4633,3692,4707,18.07,Rice (Paddy)
4634,3693,4708,1.04,Cassava
4635,3694,4709,7.88,Maize
4636,3695,4710,22.77,Rice (Paddy)
4637,3696,4711,2.57,Cocoa
4638,3696,4712,17.59,Groundnut
4639,3696,4713,5.77,Rice (Paddy)
4640,3697,4714,16.76,Cocoa
4641,3698,4715,4.9,Yam
4642,3699,4716,19.97,Rice (Paddy)
4643,3700,4717,9.39,Plantain
4644,3701,4718,19.24,Groundnut
4645,3701,4719,6.57,Rice (Paddy)
4646,3702,4720,3.1,Rice (Paddy)
4647,3703,4721,19.1,Yam
4648,3704,4722,3.62,Maize
4649,3704,4723,1.64,Plantain
4650,3705,4724,19.1,Rice (Paddy)
4651,3706,4725,17.04,Plantain
4652,3706,4726,13.54,Cocoa
4653,3707,4727,4.02,Cassava
4654,3708,4728,19.79,Maize
4655,3709,4729,13.03,Rice (Paddy)
4656,3710,4730,7.86,Groundnut
4657,3711,4731,16.66,Rice (Paddy)
4658,3711,4732,5.62,Groundnut
4659,3712,4733,3.38,Groundnut
4660,3713,4734,24.93,Maize
4661,3714,4735,8.68,Cassava
4662,3714,4736,13.75,Plantain
4663,3714,4737,23.64,Groundnut
4664,3715,4738,1.08,Groundnut
4665,3716,4739,2.26,Yam
4666,3717,4740,21.04,Rice (Paddy)
4667,3718,4741,3.13,Maize
4668,3719,4742,8.13,Cassava
4669,3720,4743,18.3,Rice (Paddy)
4670,3721,4744,15.36,Cassava
4671,3722,4745,15.55,Groundnut
4672,3722,4746,10.05,Maize
4673,3723,4747,19.83,Plantain
4674,3724,4748,5.69,Yam
4675,3725,4749,4.61,Cassava
4676,3726,4750,7.17,Cassava
4677,3727,4751,12.68,Maize
4678,3728,4752,2.73,Groundnut
4679,3729,4753,4.22,Plantain
4680,3729,4754,13.63,Groundnut
4681,3730,4755,14.37,Yam
4682,3730,4756,14.38,Groundnut
4683,3730,4757,12.38,Cassava
4684,3731,4758,8.54,Plantain
4685,3732,4759,23.06,Groundnut
4686,3733,4760,10.8,Cassava
4687,3733,4761,7.13,Plantain
4688,3733,4762,11.58,Maize
4689,3734,4763,13.63,Plantain
4690,3735,4764,10.34,Cocoa
4691,3736,4765,9.11,Groundnut
4692,3736,4766,9.2,Groundnut
4693,3736,4767,1.16,Plantain
4694,3737,4768,5.81,Groundnut
4695,3737,4769,16.3,Maize
4696,3738,4770,15.5,Rice (Paddy)
4697,3739,4771,5.47,Yam
4698,3739,4772,6.47,Maize
4699,3740,4773,10.75,Groundnut
4700,3741,4774,12.53,Rice (Paddy)
4701,3742,4775,14.08,Cassava
4702,3743,4776,18.43,Plantain
4703,3743,4777,15.94,Groundnut
4704,3744,4778,7.13,Cocoa
4705,3744,4779,18.84,Cocoa
4706,3744,4780,13.95,Cocoa
4707,3745,4781,9.45,Groundnut
4708,3746,4782,19.55,Plantain
4709,3746,4783,6.81,Plantain
4710,3747,4784,1.51,Groundnut
4711,3747,4785,7.62,Rice (Paddy)
4712,3748,4786,8.91,Groundnut
4713,3749,4787,20.22,Groundnut
4714,3750,4788,16.31,Groundnut
4715,3751,4789,16.24,Maize
4716,3752,4790,13.03,Maize
4717,3752,4791,24.73,Cocoa
4718,3753,4792,6.56,Plantain
4719,3754,4793,8.95,Plantain
4720,3755,4794,22.66,Cocoa
4721,3756,4795,15.14,Rice (Paddy)
4722,3757,4796,14.61,Plantain
4723,3758,4797,13.55,Rice (Paddy)
4724,3759,4798,24.84,Groundnut
4725,3760,4799,11.64,Groundnut
4726,3761,4800,2.57,Cassava
4727,3761,4801,16.17,Cocoa
4728,3762,4802,21.36,Cocoa
4729,3763,4803,2.03,Cassava
4730,3764,4804,9.31,Yam
4731,3765,4805,7.19,Maize
4732,3765,4806,18.7,Groundnut
4733,3765,4807,20.92,Cassava
4734,3766,4808,12.59,Cassava
4735,3767,4809,12.03,Rice (Paddy)
4736,3768,4810,4.84,Plantain
4737,3768,4811,2.21,Cassava
4738,3769,4812,18.86,Rice (Paddy)
4739,3770,4813,4.74,Groundnut
4740,3771,4814,14.37,Cocoa
4741,3772,4815,9.1,Cocoa
4742,3773,4816,24.18,Cassava
4743,3774,4817,19.39,Cassava
4744,3775,4818,19.05,Yam
4745,3776,4819,0.8,Maize
4746,3777,4820,23.19,Rice (Paddy)
4747,3778,4821,2.08,Rice (Paddy)
4748,3778,4822,13.77,Groundnut
4749,3779,4823,11.45,Plantain
4750,3780,4824,3.08,Cocoa
4751,3781,4825,21.38,Yam
4752,3782,4826,16.05,Cassava
4753,3783,4827,17.12,Cocoa
4754,3784,4828,17.39,Plantain
4755,3785,4829,13.56,Maize
4756,3785,4830,4.94,Rice (Paddy)
4757,3785,4831,6.96,Groundnut
4758,3786,4832,13.18,Cassava
4759,3787,4833,24.17,Plantain
4760,3788,4834,23.53,Plantain
4761,3788,4835,24.88,Groundnut
4762,3789,4836,1.35,Yam
4763,3789,4837,23.76,Groundnut
4764,3790,4838,2.2,Yam
4765,3791,4839,12.73,Maize
4766,3792,4840,13.95,Cocoa
4767,3793,4841,14.7,Rice (Paddy)
4768,3794,4842,15.48,Plantain
4769,3795,4843,19.4,Rice (Paddy)
4770,3796,4844,6.21,Cassava
4771,3797,4845,14.25,Yam
4772,3798,4846,9.04,Plantain
4773,3799,4847,0.91,Maize
4774,3799,4848,20.09,Plantain
4775,3800,4849,9.24,Cassava
4776,3801,4850,18.48,Maize
4777,3802,4851,8.58,Yam
4778,3803,4852,0.65,Maize
4779,3803,4853,21.18,Yam
4780,3804,4854,6.16,Plantain
4781,3804,4855,9.16,Cassava
4782,3804,4856,23.44,Cocoa
4783,3805,4857,15.31,Plantain
4784,3806,4858,13.54,Cocoa
4785,3807,4859,6.01,Plantain
4786,3808,4860,16.24,Maize
4787,3809,4861,1.08,Rice (Paddy)
4788,3810,4862,9.08,Rice (Paddy)
4789,3811,4863,2.67,Groundnut
4790,3812,4864,10.8,Cocoa
4791,3812,4865,14.91,Cassava
4792,3813,4866,6.47,Plantain
4793,3814,4867,4.35,Yam
4794,3815,4868,14.77,Groundnut
4795,3815,4869,5.96,Cocoa
4796,3816,4870,2.51,Rice (Paddy)
4797,3817,4871,13.15,Groundnut
4798,3818,4872,23.46,Cocoa
4799,3819,4873,23.1,Cocoa
4800,3819,4874,22.92,Maize
4801,3819,4875,10.35,Maize
4802,3820,4876,13.3,Rice (Paddy)
4803,3821,4877,24.56,Groundnut
4804,3822,4878,8.28,Groundnut
4805,3823,4879,18.36,Plantain
4806,3823,4880,9.97,Plantain
4807,3824,4881,20.17,Cocoa
4808,3825,4882,10.74,Rice (Paddy)
4809,3826,4883,14.33,Cocoa
4810,3827,4884,24.98,Plantain
4811,3828,4885,10.13,Maize
4812,3829,4886,9.41,Maize
4813,3830,4887,10.49,Rice (Paddy)
4814,3831,4888,23.95,Cassava
4815,3832,4889,10.17,Maize
4816,3833,4890,21.76,Groundnut
4817,3834,4891,7.79,Yam
4818,3834,4892,2.49,Yam
4819,3835,4893,4.85,Maize
4820,3836,4894,4.2,Cassava
4821,3837,4895,22.96,Cassava
4822,3837,4896,6.52,Groundnut
4823,3838,4897,9.1,Cocoa
4824,3838,4898,14.14,Plantain
4825,3838,4899,21.44,Plantain
4826,3839,4900,19.53,Plantain
4827,3840,4901,6.02,Cocoa
4828,3841,4902,17.31,Rice (Paddy)
4829,3842,4903,10.07,Cassava
4830,3842,4904,18.15,Cassava
4831,3843,4905,9.15,Maize
4832,3844,4906,2.78,Yam
4833,3845,4907,19.84,Yam
4834,3846,4908,3.41,Groundnut
4835,3847,4909,20.57,Groundnut
4836,3847,4910,8.34,Plantain
4837,3848,4911,5.44,Yam
4838,3849,4912,10.3,Plantain
4839,3850,4913,12.86,Plantain
4840,3851,4914,2.57,Rice (Paddy)
4841,3852,4915,17.46,Rice (Paddy)
4842,3853,4916,21.87,Groundnut
4843,3854,4917,13.13,Maize
4844,3855,4918,23.99,Yam
4845,3856,4919,0.61,Groundnut
4846,3857,4920,9.13,Yam
4847,3858,4921,10.57,Plantain
4848,3859,4922,15.24,Yam
4849,3860,4923,14.38,Cassava
4850,3861,4924,22.76,Cassava
4851,3861,4925,20.19,Plantain
4852,3862,4926,1.95,Yam
4853,3863,4927,13.19,Yam
4854,3864,4928,19.82,Yam
4855,3865,4929,23.1,Rice (Paddy)
4856,3865,4930,17.13,Groundnut
4857,3866,4931,18.71,Groundnut
4858,3867,4932,24.99,Rice (Paddy)
4859,3868,4933,13.29,Rice (Paddy)
4860,3868,4934,15.6,Yam
4861,3869,4935,15.4,Rice (Paddy)
4862,3870,4936,23.5,Yam
4863,3871,4937,9.75,Plantain
4864,3872,4938,11.07,Groundnut
4865,3873,4939,11.42,Maize
4866,3874,4940,2.1,Rice (Paddy)
4867,3875,4941,11.27,Groundnut
4868,3876,4942,19.1,Yam
4869,3877,4943,11.26,Maize
4870,3877,4944,20.23,Yam
4871,3878,4945,19.84,Yam
4872,3879,4946,23.92,Yam
4873,3880,4947,23.06,Maize
4874,3881,4948,6.09,Cassava
4875,3882,4949,18.26,Plantain
4876,3882,4950,14.7,Plantain
4877,3883,4951,15.64,Plantain
4878,3884,4952,19.48,Yam
4879,3885,4953,5.45,Plantain
4880,3885,4954,22.34,Groundnut
4881,3886,4955,19.27,Cocoa
4882,3887,4956,4.42,Plantain
4883,3888,4957,15.46,Cassava
4884,3889,4958,17.83,Maize
4885,3890,4959,14.79,Yam
4886,3891,4960,7.07,Groundnut
4887,3892,4961,23.05,Rice (Paddy)
4888,3893,4962,15.58,Cocoa
4889,3894,4963,4.33,Cocoa
4890,3895,4964,3.35,Plantain
4891,3896,4965,1.08,Groundnut
4892,3897,4966,11.98,Cassava
4893,3898,4967,24.48,Cassava
4894,3899,4968,7.19,Yam
4895,3899,4969,5.15,Rice (Paddy)
4896,3899,4970,11.19,Yam
4897,3900,4971,14.28,Plantain
4898,3901,4972,20.38,Groundnut
4899,3901,4973,1.29,Rice (Paddy)
4900,3902,4974,24.37,Maize
4901,3903,4975,15.92,Cocoa
4902,3904,4976,6.19,Groundnut
4903,3905,4977,7.77,Cocoa
4904,3906,4978,13.47,Cassava
4905,3907,4979,14.23,Cocoa
4906,3908,4980,8.68,Maize
4907,3908,4981,23.56,Cassava
4908,3909,4982,11.14,Cassava
4909,3910,4983,11.6,Groundnut
4910,3911,4984,17.89,Yam
4911,3912,4985,18.04,Cocoa
4912,3912,4986,22.62,Maize
4913,3913,4987,1.12,Plantain
4914,3914,4988,22.39,Maize
4915,3915,4989,12.61,Maize
4916,3916,4990,18.78,Maize
4917,3917,4991,7.56,Groundnut
4918,3917,4992,9.03,Groundnut
4919,3917,4993,13.79,Cassava
4920,3918,4994,16.46,Plantain
4921,3919,4995,14.97,Plantain
4922,3920,4996,13.5,Cocoa
4923,3921,4997,19.4,Rice (Paddy)
4924,3922,4998,6.56,Yam
4925,3923,4999,3.7,Yam
4926,3924,5000,2.73,Rice (Paddy)
4927,3924,5001,20.71,Rice (Paddy)
4928,3925,5002,18.76,Cassava
4929,3926,5003,21.33,Yam
4930,3927,5004,21.65,Rice (Paddy)
4931,3928,5005,13.64,Cocoa
4932,3929,5006,2.14,Maize
4933,3930,5007,10.86,Rice (Paddy)
4934,3931,5008,4.62,Plantain
4935,3932,5009,8.92,Cassava
4936,3933,5010,22.76,Rice (Paddy)
4937,3934,5011,13.19,Maize
4938,3935,5012,12.86,Plantain
4939,3936,5013,16.96,Cocoa
4940,3937,5014,6.58,Plantain
4941,3938,5015,0.97,Cassava
4942,3939,5016,7.3,Rice (Paddy)
4943,3940,5017,12.74,Plantain
4944,3940,5018,11.77,Maize
4945,3941,5019,6.99,Maize
4946,3942,5020,22.96,Plantain
4947,3942,5021,23.36,Maize
4948,3943,5022,16.51,Groundnut
4949,3944,5023,17.99,Cocoa
4950,3945,5024,15.97,Yam
4951,3946,5025,17.03,Yam
4952,3947,5026,14.78,Cocoa
4953,3948,5027,19.95,Cassava
4954,3949,5028,12.14,Maize
4955,3949,5029,0.65,Rice (Paddy)
4956,3950,5030,15.1,Maize
4957,3951,5031,24.14,Cassava
4958,3952,5032,20.18,Yam
4959,3953,5033,20.42,Plantain
4960,3954,5034,3.84,Groundnut
4961,3955,5035,13.35,Cassava
4962,3956,5036,16.09,Maize
4963,3957,5037,22.35,Yam
4964,3957,5038,12.01,Cassava
4965,3957,5039,19.89,Plantain
4966,3958,5040,15.33,Cassava
4967,3959,5041,2.79,Plantain
4968,3960,5042,22.89,Rice (Paddy)
4969,3961,5043,6.85,Yam
4970,3962,5044,2.13,Plantain
4971,3963,5045,19.46,Rice (Paddy)
4972,3964,5046,11.52,Plantain
4973,3965,5047,12.13,Cassava
4974,3966,5048,24.85,Rice (Paddy)
4975,3967,5049,20.11,Cocoa
4976,3967,5050,20.35,Maize
4977,3968,5051,20.98,Maize
4978,3969,5052,9.89,Cocoa
4979,3970,5053,7.86,Plantain
4980,3971,5054,24.55,Plantain
4981,3972,5055,12.4,Cassava
4982,3973,5056,22.68,Yam
4983,3973,5057,8.6,Yam
4984,3974,5058,6.13,Yam
4985,3975,5059,7.35,Cassava
4986,3975,5060,21.44,Yam
4987,3976,5061,3.48,Yam
4988,3977,5062,2.27,Yam
4989,3978,5063,12.49,Plantain
4990,3979,5064,5.04,Cassava
4991,3980,5065,23.78,Rice (Paddy)
4992,3981,5066,7.22,Yam
4993,3982,5067,10.26,Groundnut
4994,3983,5068,3.88,Rice (Paddy)
4995,3983,5069,13.18,Plantain
4996,3984,5070,5.79,Yam
4997,3985,5071,2.34,Rice (Paddy)
4998,3986,5072,9.69,Yam
4999,3987,5073,10.32,Cocoa
5000,3988,5074,2.42,Yam
5001,3989,5075,17.88,Rice (Paddy)
5002,3990,5076,1.51,Rice (Paddy)
5003,3991,5077,0.71,Maize
5004,3992,5078,2.94,Plantain
5005,3992,5079,19.98,Yam
5006,3992,5080,7.28,Cassava
5007,3993,5081,3.42,Cocoa
5008,3994,5082,17.3,Groundnut
5009,3995,5083,18.98,Cocoa
5010,3996,5084,20.28,Cocoa
5011,3997,5085,5.93,Rice (Paddy)
5012,3998,5086,5.59,Rice (Paddy)
5013,3999,5087,24.95,Rice (Paddy)
5014,4000,5088,15.98,Maize
5015,4001,5089,14.1,Rice (Paddy)
5016,4002,5090,2.58,Groundnut
5017,4003,5091,22.0,Yam
5018,4004,5092,21.4,Yam
5019,4004,5093,6.65,Rice (Paddy)
5020,4005,5094,5.56,Plantain
5021,4006,5095,19.06,Cassava
5022,4007,5096,23.61,Cassava
5023,4008,5097,12.33,Rice (Paddy)
5024,4008,5098,9.55,Cassava
5025,4009,5099,21.02,Plantain
5026,4010,5100,17.54,Groundnut
5027,4010,5101,14.24,Rice (Paddy)
5028,4011,5102,3.97,Yam
5029,4012,5103,12.28,Cocoa
5030,4013,5104,11.87,Yam
5031,4014,5105,1.42,Maize
5032,4015,5106,3.0,Rice (Paddy)
5033,4016,5107,6.61,Maize
5034,4016,5108,8.27,Plantain
5035,4016,5109,15.68,Yam
5036,4017,5110,11.97,Plantain
5037,4018,5111,14.01,Cassava
5038,4018,5112,21.27,Maize
5039,4019,5113,5.29,Cassava
5040,4019,5114,12.67,Cassava
5041,4019,5115,6.98,Cocoa
5042,4020,5116,13.65,Rice (Paddy)
5043,4021,5117,4.92,Cocoa
5044,4022,5118,12.48,Rice (Paddy)
5045,4023,5119,15.45,Maize
5046,4023,5120,5.74,Groundnut
5047,4024,5121,3.05,Rice (Paddy)
5048,4025,5122,16.11,Cocoa
5049,4026,5123,6.31,Yam
5050,4027,5124,13.29,Yam
5051,4027,5125,1.76,Maize
5052,4028,5126,8.14,Rice (Paddy)
5053,4029,5127,20.48,Rice (Paddy)
5054,4030,5128,20.09,Yam
5055,4031,5129,21.78,Plantain
5056,4032,5130,7.03,Yam
5057,4033,5131,3.84,Plantain
5058,4034,5132,23.03,Cocoa
5059,4034,5133,1.13,Cassava
5060,4035,5134,15.02,Groundnut
5061,4036,5135,21.75,Yam
5062,4037,5136,3.02,Plantain
5063,4037,5137,2.9,Rice (Paddy)
5064,4037,5138,4.4,Rice (Paddy)
5065,4038,5139,1.68,Cocoa
5066,4039,5140,4.59,Yam
5067,4039,5141,19.33,Cocoa
5068,4040,5142,1.83,Cocoa
5069,4041,5143,21.48,Groundnut
5070,4041,5144,13.25,Groundnut
5071,4042,5145,10.18,Groundnut
5072,4043,5146,6.66,Rice (Paddy)
5073,4044,5147,5.17,Plantain
5074,4045,5148,14.02,Rice (Paddy)
5075,4045,5149,14.96,Yam
5076,4046,5150,18.85,Plantain
5077,4047,5151,15.04,Cassava
5078,4048,5152,17.66,Groundnut
5079,4048,5153,14.65,Yam
5080,4048,5154,17.84,Maize
5081,4049,5155,13.38,Cassava
5082,4050,5156,2.25,Rice (Paddy)
5083,4050,5157,4.67,Cocoa
5084,4051,5158,21.32,Yam
5085,4052,5159,1.63,Groundnut
5086,4052,5160,3.92,Plantain
5087,4053,5161,6.89,Rice (Paddy)
5088,4054,5162,2.42,Maize
5089,4055,5163,23.18,Plantain
5090,4056,5164,17.2,Rice (Paddy)
5091,4057,5165,2.47,Groundnut
5092,4058,5166,5.49,Plantain
5093,4059,5167,21.81,Maize
5094,4059,5168,18.65,Yam
5095,4060,5169,21.38,Maize
5096,4061,5170,18.45,Plantain
5097,4062,5171,16.33,Rice (Paddy)
5098,4062,5172,0.94,Maize
5099,4063,5173,20.65,Plantain
5100,4064,5174,24.94,Rice (Paddy)
5101,4065,5175,24.81,Rice (Paddy)
5102,4066,5176,0.59,Rice (Paddy)
5103,4067,5177,3.72,Cassava
5104,4068,5178,1.05,Groundnut
5105,4069,5179,4.22,Plantain
5106,4069,5180,19.48,Groundnut
5107,4070,5181,23.09,Cassava
5108,4071,5182,22.17,Rice (Paddy)
5109,4072,5183,8.08,Groundnut
5110,4073,5184,23.87,Maize
5111,4074,5185,23.45,Groundnut
5112,4074,5186,14.2,Groundnut
5113,4075,5187,10.73,Yam
5114,4076,5188,22.66,Cocoa
5115,4077,5189,1.35,Cocoa
5116,4078,5190,18.79,Plantain
5117,4079,5191,22.37,Cassava
5118,4080,5192,18.46,Cassava
5119,4081,5193,5.87,Plantain
5120,4082,5194,18.77,Maize
5121,4083,5195,15.97,Plantain
5122,4084,5196,18.81,Groundnut
5123,4085,5197,15.13,Groundnut
5124,4086,5198,21.14,Yam
5125,4087,5199,13.71,Rice (Paddy)
5126,4088,5200,13.32,Rice (Paddy)
5127,4089,5201,7.22,Plantain
5128,4089,5202,12.15,Maize
5129,4090,5203,7.67,Maize
5130,4090,5204,3.06,Cocoa
5131,4091,5205,9.33,Cocoa
5132,4092,5206,16.0,Maize
5133,4093,5207,21.32,Yam
5134,4093,5208,3.98,Rice (Paddy)
5135,4094,5209,20.72,Plantain
5136,4095,5210,20.68,Yam
5137,4096,5211,23.17,Yam
5138,4097,5212,14.76,Groundnut
5139,4097,5213,9.65,Yam
5140,4098,5214,18.75,Rice (Paddy)
5141,4099,5215,15.76,Yam
5142,4099,5216,24.31,Rice (Paddy)
5143,4099,5217,8.93,Plantain
5144,4100,5218,3.21,Plantain
5145,4100,5219,12.29,Cassava
5146,4101,5220,8.62,Plantain
5147,4102,5221,16.16,Cocoa
5148,4103,5222,9.63,Plantain
5149,4104,5223,19.98,Rice (Paddy)
5150,4105,5224,18.5,Rice (Paddy)
5151,4106,5225,12.15,Yam
5152,4107,5226,22.65,Plantain
5153,4108,5227,2.32,Cocoa
5154,4109,5228,4.48,Rice (Paddy)
5155,4110,5229,1.31,Cocoa
5156,4111,5230,17.07,Yam
5157,4111,5231,20.1,Rice (Paddy)
5158,4112,5232,0.56,Cocoa
5159,4113,5233,6.21,Rice (Paddy)
5160,4114,5234,24.2,Yam
5161,4115,5235,0.82,Maize
5162,4116,5236,7.79,Cassava
5163,4116,5237,18.19,Yam
5164,4117,5238,10.23,Plantain
5165,4118,5239,23.12,Maize
5166,4119,5240,16.8,Yam
5167,4120,5241,17.4,Plantain
5168,4120,5242,6.16,Maize
5169,4121,5243,7.05,Plantain
5170,4121,5244,20.5,Groundnut
5171,4122,5245,9.4,Yam
5172,4122,5246,22.35,Rice (Paddy)
5173,4123,5247,3.52,Maize
5174,4123,5248,24.35,Rice (Paddy)
5175,4124,5249,11.84,Rice (Paddy)
5176,4125,5250,6.09,Rice (Paddy)
5177,4126,5251,14.46,Plantain
5178,4126,5252,19.53,Maize
5179,4127,5253,9.51,Groundnut
5180,4127,5254,11.42,Rice (Paddy)
5181,4128,5255,16.04,Yam
5182,4129,5256,7.49,Yam
5183,4129,5257,4.06,Groundnut
5184,4129,5258,5.68,Groundnut
5185,4130,5259,8.24,Maize
5186,4131,5260,22.31,Groundnut
5187,4132,5261,15.84,Yam
5188,4133,5262,22.55,Cocoa
5189,4134,5263,7.71,Cocoa
5190,4135,5264,22.31,Rice (Paddy)
5191,4135,5265,13.09,Cassava
5192,4135,5266,21.37,Plantain
5193,4136,5267,18.4,Maize
5194,4137,5268,16.55,Groundnut
5195,4138,5269,15.74,Yam
5196,4139,5270,0.76,Cocoa
5197,4139,5271,21.78,Cocoa
5198,4140,5272,14.78,Cocoa
5199,4141,5273,7.06,Cassava
5200,4142,5274,11.45,Groundnut
5201,4143,5275,4.38,Groundnut
5202,4144,5276,3.02,Maize
5203,4144,5277,5.28,Cocoa
5204,4145,5278,10.9,Yam
5205,4145,5279,3.31,Groundnut
5206,4146,5280,23.28,Yam
5207,4147,5281,15.77,Rice (Paddy)
5208,4148,5282,2.1,Rice (Paddy)
5209,4149,5283,15.61,Cocoa
5210,4150,5284,5.61,Groundnut
5211,4150,5285,19.34,Cassava
5212,4151,5286,23.01,Rice (Paddy)
5213,4152,5287,19.39,Rice (Paddy)
5214,4152,5288,5.29,Rice (Paddy)
5215,4153,5289,8.18,Plantain
5216,4154,5290,9.81,Plantain
5217,4155,5291,13.32,Cassava
5218,4156,5292,18.24,Cassava
5219,4157,5293,3.41,Groundnut
5220,4158,5294,3.05,Plantain
5221,4159,5295,8.66,Groundnut
5222,4160,5296,7.28,Plantain
5223,4161,5297,8.35,Rice (Paddy)
5224,4162,5298,16.89,Plantain
5225,4163,5299,11.61,Cocoa
5226,4164,5300,8.96,Maize
5227,4165,5301,16.21,Rice (Paddy)
5228,4166,5302,7.34,Plantain
5229,4166,5303,24.8,Maize
5230,4167,5304,24.24,Plantain
5231,4167,5305,11.15,Rice (Paddy)
5232,4168,5306,24.78,Groundnut
5233,4169,5307,7.21,Cocoa
5234,4170,5308,13.87,Cocoa
5235,4171,5309,20.75,Yam
5236,4172,5310,22.26,Plantain
5237,4173,5311,4.92,Maize
5238,4174,5312,19.87,Rice (Paddy)
5239,4175,5313,12.4,Cocoa
5240,4176,5314,5.73,Plantain
5241,4177,5315,10.03,Cocoa
5242,4178,5316,18.81,Maize
5243,4179,5317,6.4,Cocoa
5244,4180,5318,22.17,Rice (Paddy)
5245,4181,5319,6.7,Rice (Paddy)
5246,4182,5320,2.64,Cocoa
5247,4182,5321,14.62,Cassava
5248,4183,5322,3.86,Groundnut
5249,4183,5323,16.2,Plantain
5250,4184,5324,2.34,Rice (Paddy)
5251,4185,5325,1.67,Yam
5252,4186,5326,17.55,Cocoa
5253,4187,5327,11.44,Plantain
5254,4188,5328,16.79,Cassava
5255,4189,5329,8.01,Groundnut
5256,4190,5330,15.29,Rice (Paddy)
5257,4191,5331,10.33,Cassava
5258,4192,5332,9.08,Maize
5259,4192,5333,20.01,Cassava
5260,4193,5334,20.69,Rice (Paddy)
5261,4194,5335,4.18,Yam
5262,4194,5336,11.14,Cocoa
5263,4195,5337,8.44,Yam
5264,4196,5338,12.52,Plantain
5265,4197,5339,2.54,Yam
5266,4198,5340,11.19,Groundnut
5267,4199,5341,15.39,Maize
5268,4199,5342,18.9,Groundnut
5269,4200,5343,11.78,Yam
5270,4200,5344,11.35,Cocoa
5271,4200,5345,19.54,Rice (Paddy)
5272,4201,5346,1.06,Cassava
5273,4202,5347,8.93,Maize
5274,4202,5348,5.74,Rice (Paddy)
5275,4203,5349,11.28,Cocoa
5276,4204,5350,22.21,Cassava
5277,4205,5351,24.72,Yam
5278,4205,5352,16.28,Cocoa
5279,4206,5353,9.42,Cocoa
5280,4207,5354,17.89,Yam
5281,4207,5355,11.78,Yam
5282,4208,5356,9.91,Cocoa
5283,4208,5357,2.83,Cocoa
5284,4209,5358,14.05,Cassava
5285,4209,5359,19.2,Cocoa
5286,4210,5360,8.45,Groundnut
5287,4211,5361,23.27,Plantain
5288,4212,5362,8.02,Cassava
5289,4213,5363,14.16,Rice (Paddy)
5290,4214,5364,7.22,Yam
5291,4215,5365,10.82,Cassava
5292,4216,5366,1.31,Cassava
5293,4217,5367,14.18,Groundnut
5294,4218,5368,5.66,Cassava
5295,4219,5369,2.11,Cocoa
5296,4220,5370,21.11,Yam
5297,4221,5371,11.61,Rice (Paddy)
5298,4222,5372,7.53,Groundnut
5299,4223,5373,10.23,Maize
5300,4224,5374,7.67,Cassava
5301,4225,5375,10.57,Plantain
5302,4226,5376,15.87,Maize
5303,4227,5377,19.29,Groundnut
5304,4228,5378,6.73,Maize
5305,4228,5379,7.92,Groundnut
5306,4228,5380,4.3,Plantain
5307,4229,5381,10.79,Cocoa
5308,4230,5382,7.26,Cassava
5309,4231,5383,6.47,Groundnut
5310,4232,5384,13.03,Plantain
5311,4233,5385,12.88,Yam
5312,4234,5386,1.67,Maize
5313,4235,5387,14.46,Rice (Paddy)
5314,4236,5388,4.8,Cocoa
5315,4236,5389,17.8,Yam
5316,4237,5390,19.96,Groundnut
5317,4238,5391,4.26,Groundnut
5318,4238,5392,14.11,Cassava
5319,4239,5393,6.4,Groundnut
5320,4240,5394,14.07,Groundnut
5321,4240,5395,0.79,Rice (Paddy)
5322,4240,5396,17.82,Yam
5323,4241,5397,4.85,Groundnut
5324,4242,5398,2.31,Cassava
5325,4242,5399,21.55,Plantain
5326,4243,5400,6.52,Cocoa
5327,4244,5401,8.12,Rice (Paddy)
5328,4245,5402,12.8,Groundnut
5329,4246,5403,4.78,Maize
5330,4247,5404,21.85,Cocoa
5331,4248,5405,10.45,Groundnut
5332,4249,5406,14.82,Cassava
5333,4250,5407,16.22,Plantain
5334,4251,5408,9.34,Groundnut
5335,4252,5409,6.49,Maize
5336,4253,5410,1.79,Rice (Paddy)
5337,4254,5411,17.28,Plantain
5338,4255,5412,21.19,Cassava
5339,4256,5413,22.45,Yam
5340,4257,5414,22.23,Yam
5341,4258,5415,3.45,Maize
5342,4259,5416,13.35,Rice (Paddy)
5343,4260,5417,7.83,Cocoa
5344,4261,5418,19.03,Plantain
5345,4262,5419,20.97,Cassava
5346,4263,5420,22.6,Plantain
5347,4264,5421,14.99,Groundnut
5348,4264,5422,2.08,Groundnut
5349,4265,5423,2.28,Cocoa
5350,4266,5424,12.84,Cocoa
5351,4267,5425,14.33,Cocoa
5352,4268,5426,20.88,Cassava
5353,4269,5427,3.93,Yam
5354,4270,5428,12.64,Groundnut
5355,4271,5429,18.16,Plantain
5356,4272,5430,6.33,Cocoa
5357,4273,5431,5.39,Cocoa
5358,4274,5432,19.73,Plantain
5359,4275,5433,5.19,Maize
5360,4276,5434,3.9,Plantain
5361,4276,5435,8.12,Cocoa
5362,4277,5436,16.58,Rice (Paddy)
5363,4278,5437,20.03,Cocoa
5364,4278,5438,6.98,Maize
5365,4279,5439,15.67,Maize
5366,4280,5440,12.99,Groundnut
5367,4281,5441,13.75,Groundnut
5368,4282,5442,6.71,Rice (Paddy)
5369,4282,5443,2.82,Plantain
5370,4283,5444,11.34,Yam
5371,4284,5445,12.56,Rice (Paddy)
5372,4285,5446,18.65,Rice (Paddy)
5373,4286,5447,3.03,Plantain
5374,4287,5448,5.37,Yam
5375,4288,5449,10.6,Cassava
5376,4289,5450,18.64,Maize
5377,4290,5451,7.07,Cocoa
5378,4291,5452,14.31,Cassava
5379,4292,5453,1.94,Maize
5380,4293,5454,19.94,Groundnut
5381,4294,5455,10.21,Groundnut
5382,4295,5456,6.89,Maize
5383,4296,5457,11.66,Cassava
5384,4297,5458,14.67,Rice (Paddy)
5385,4298,5459,13.9,Cocoa
5386,4298,5460,18.22,Cassava
5387,4299,5461,23.0,Yam
5388,4300,5462,0.65,Groundnut
5389,4300,5463,15.06,Cocoa
5390,4301,5464,6.1,Groundnut
5391,4302,5465,7.9,Groundnut
5392,4303,5466,9.76,Cassava
5393,4304,5467,4.94,Groundnut
5394,4305,5468,1.81,Plantain
5395,4305,5469,8.92,Rice (Paddy)
5396,4306,5470,17.63,Cassava
5397,4307,5471,21.82,Yam
5398,4307,5472,10.86,Rice (Paddy)
5399,4308,5473,9.72,Groundnut
5400,4309,5474,14.51,Rice (Paddy)
5401,4310,5475,9.81,Plantain
5402,4311,5476,7.82,Plantain
5403,4311,5477,21.01,Cocoa
5404,4312,5478,6.63,Maize
5405,4313,5479,12.34,Plantain
5406,4314,5480,14.52,Yam
5407,4315,5481,13.28,Cassava
5408,4316,5482,17.82,Maize
5409,4317,5483,22.83,Maize
5410,4318,5484,10.18,Yam
5411,4319,5485,9.83,Cocoa
5412,4320,5486,5.64,Rice (Paddy)
5413,4320,5487,22.89,Cocoa
5414,4320,5488,19.66,Yam
5415,4321,5489,17.53,Yam
5416,4321,5490,12.46,Yam
5417,4322,5491,2.93,Rice (Paddy)
5418,4322,5492,12.36,Plantain
5419,4322,5493,23.68,Rice (Paddy)
5420,4323,5494,11.86,Maize
5421,4324,5495,7.14,Plantain
5422,4324,5496,5.16,Cocoa
5423,4325,5497,6.58,Cassava
5424,4325,5498,22.1,Plantain
5425,4326,5499,24.85,Cocoa
5426,4326,5500,4.78,Maize
5427,4327,5501,2.82,Plantain
5428,4328,5502,4.61,Groundnut
5429,4329,5503,13.35,Plantain
5430,4329,5504,17.74,Cocoa
5431,4330,5505,5.38,Maize
5432,4331,5506,12.09,Plantain
5433,4331,5507,24.1,Groundnut
5434,4332,5508,10.39,Cassava
5435,4333,5509,13.38,Groundnut
5436,4333,5510,6.92,Maize
5437,4333,5511,21.49,Rice (Paddy)
5438,4334,5512,13.54,Plantain
5439,4335,5513,10.57,Yam
5440,4336,5514,2.43,Groundnut
5441,4337,5515,17.86,Cassava
5442,4338,5516,18.96,Maize
5443,4339,5517,20.69,Cassava
5444,4339,5518,1.85,Maize
5445,4340,5519,23.65,Yam
5446,4341,5520,15.94,Cocoa
5447,4342,5521,10.26,Cassava
5448,4343,5522,15.49,Cassava
5449,4343,5523,3.34,Cassava
5450,4344,5524,1.63,Groundnut
5451,4345,5525,3.84,Groundnut
5452,4346,5526,18.99,Cassava
5453,4347,5527,12.24,Groundnut
5454,4347,5528,14.19,Maize
5455,4348,5529,8.15,Maize
5456,4349,5530,16.46,Yam
5457,4350,5531,12.26,Plantain
5458,4351,5532,13.16,Cocoa
5459,4351,5533,12.54,Cocoa
5460,4352,5534,16.26,Cocoa
5461,4353,5535,4.52,Plantain
5462,4354,5536,12.43,Cocoa
5463,4355,5537,18.41,Maize
5464,4356,5538,11.58,Groundnut
5465,4357,5539,19.87,Cassava
5466,4358,5540,11.11,Plantain
5467,4359,5541,5.95,Maize
5468,4360,5542,16.53,Yam
5469,4361,5543,22.05,Maize
5470,4362,5544,11.91,Cassava
5471,4363,5545,14.32,Groundnut
5472,4364,5546,23.51,Groundnut
5473,4365,5547,16.19,Maize
5474,4366,5548,18.18,Cassava
5475,4367,5549,12.98,Cassava
5476,4368,5550,8.3,Maize
5477,4369,5551,14.93,Groundnut
5478,4369,5552,16.66,Groundnut
5479,4370,5553,5.43,Groundnut
5480,4371,5554,20.24,Plantain
5481,4372,5555,9.8,Maize
5482,4372,5556,2.91,Rice (Paddy)
5483,4373,5557,18.72,Yam
5484,4374,5558,9.15,Plantain
5485,4375,5559,12.61,Cassava
5486,4376,5560,21.28,Groundnut
5487,4376,5561,18.81,Yam
5488,4377,5562,10.74,Maize
5489,4378,5563,5.04,Cocoa
5490,4379,5564,11.35,Plantain
5491,4380,5565,1.87,Cassava
5492,4380,5566,13.63,Groundnut
5493,4381,5567,18.09,Plantain
5494,4382,5568,0.56,Maize
5495,4382,5569,3.89,Groundnut
5496,4382,5570,17.38,Cocoa
5497,4383,5571,22.61,Yam
5498,4384,5572,0.65,Yam
5499,4385,5573,14.43,Rice (Paddy)
5500,4385,5574,8.37,Plantain
5501,4385,5575,3.75,Plantain
5502,4386,5576,6.21,Cocoa
5503,4387,5577,2.29,Groundnut
5504,4388,5578,19.02,Cassava
5505,4388,5579,18.39,Rice (Paddy)
5506,4388,5580,1.13,Maize
5507,4389,5581,12.13,Plantain
5508,4390,5582,6.51,Cassava
5509,4391,5583,4.8,Cassava
5510,4392,5584,16.99,Groundnut
5511,4393,5585,1.79,Cocoa
5512,4394,5586,21.02,Maize
5513,4395,5587,21.38,Groundnut
5514,4396,5588,17.68,Cocoa
5515,4397,5589,24.68,Maize
5516,4398,5590,9.19,Groundnut
5517,4399,5591,2.02,Yam
5518,4399,5592,16.24,Maize
5519,4400,5593,7.49,Plantain
5520,4401,5594,15.16,Cocoa
5521,4402,5595,14.14,Groundnut
5522,4403,5596,22.9,Cocoa
5523,4403,5597,21.7,Rice (Paddy)
5524,4404,5598,11.82,Yam
5525,4405,5599,14.19,Plantain
5526,4406,5600,6.54,Rice (Paddy)
5527,4407,5601,7.88,Rice (Paddy)
5528,4408,5602,5.46,Groundnut
5529,4409,5603,22.77,Yam
5530,4410,5604,21.34,Rice (Paddy)
5531,4411,5605,20.88,Yam
5532,4412,5606,12.86,Groundnut
5533,4413,5607,3.68,Cassava
5534,4413,5608,7.59,Maize
5535,4414,5609,10.15,Cocoa
5536,4415,5610,11.38,Yam
5537,4416,5611,18.46,Maize
5538,4417,5612,9.85,Rice (Paddy)
5539,4418,5613,13.42,Yam
5540,4418,5614,11.1,Cassava
5541,4418,5615,11.88,Rice (Paddy)
5542,4419,5616,17.8,Rice (Paddy)
5543,4420,5617,4.7,Rice (Paddy)
5544,4421,5618,21.35,Cocoa
5545,4422,5619,16.0,Cocoa
5546,4423,5620,20.54,Yam
5547,4423,5621,9.92,Rice (Paddy)
5548,4424,5622,18.5,Maize
5549,4425,5623,8.5,Maize
5550,4426,5624,13.6,Maize
5551,4427,5625,8.77,Yam
5552,4428,5626,14.71,Rice (Paddy)
5553,4429,5627,10.18,Yam
5554,4429,5628,12.46,Yam
5555,4430,5629,23.42,Rice (Paddy)
5556,4430,5630,20.54,Rice (Paddy)
5557,4431,5631,13.98,Plantain
5558,4432,5632,17.43,Groundnut
5559,4433,5633,0.81,Yam
5560,4434,5634,8.41,Yam
5561,4434,5635,8.46,Maize
5562,4435,5636,9.24,Plantain
5563,4436,5637,22.27,Plantain
5564,4436,5638,8.15,Cocoa
5565,4437,5639,18.42,Groundnut
5566,4438,5640,15.97,Plantain
5567,4438,5641,9.24,Plantain
5568,4438,5642,5.36,Maize
5569,4439,5643,17.9,Maize
5570,4440,5644,20.04,Plantain
5571,4441,5645,13.73,Maize
5572,4442,5646,12.37,Yam
5573,4443,5647,9.3,Cassava
5574,4444,5648,14.12,Plantain
5575,4445,5649,0.57,Yam
5576,4446,5650,12.93,Cassava
5577,4447,5651,21.32,Groundnut
5578,4448,5652,15.53,Cassava
5579,4449,5653,6.96,Plantain
5580,4450,5654,19.8,Maize
5581,4451,5655,17.27,Cassava
5582,4452,5656,23.61,Yam
5583,4453,5657,24.19,Rice (Paddy)
5584,4454,5658,0.61,Maize
5585,4455,5659,19.28,Groundnut
5586,4456,5660,13.57,Cassava
5587,4457,5661,5.61,Plantain
5588,4458,5662,17.08,Cassava
5589,4459,5663,3.5,Yam
5590,4460,5664,24.07,Cocoa
5591,4461,5665,10.2,Yam
5592,4461,5666,8.88,Cassava
5593,4462,5667,2.88,Cassava
5594,4463,5668,23.34,Rice (Paddy)
5595,4464,5669,22.0,Groundnut
5596,4465,5670,18.63,Plantain
5597,4466,5671,9.7,Groundnut
5598,4467,5672,12.7,Groundnut
5599,4467,5673,13.9,Yam
5600,4467,5674,14.61,Maize
5601,4468,5675,18.28,Yam
5602,4469,5676,6.59,Yam
5603,4470,5677,13.81,Plantain
5604,4470,5678,16.68,Plantain
5605,4471,5679,9.83,Plantain
5606,4471,5680,13.17,Maize
5607,4471,5681,6.82,Plantain
5608,4472,5682,3.81,Cassava
5609,4473,5683,9.68,Yam
5610,4473,5684,9.67,Maize
5611,4474,5685,15.17,Yam
5612,4475,5686,6.85,Cocoa
5613,4476,5687,13.61,Cocoa
5614,4476,5688,4.07,Cocoa
5615,4477,5689,22.38,Plantain
5616,4478,5690,5.19,Plantain
5617,4478,5691,23.51,Cocoa
5618,4479,5692,20.14,Rice (Paddy)
5619,4479,5693,5.18,Yam
5620,4480,5694,8.91,Cassava
5621,4481,5695,19.47,Plantain
5622,4482,5696,22.83,Plantain
5623,4483,5697,2.26,Maize
5624,4484,5698,0.61,Cassava
5625,4485,5699,4.68,Groundnut
5626,4486,5700,11.25,Yam
5627,4486,5701,5.71,Cassava
5628,4486,5702,2.74,Cassava
5629,4487,5703,23.66,Rice (Paddy)
5630,4488,5704,18.23,Rice (Paddy)
5631,4489,5705,10.85,Groundnut
5632,4490,5706,14.53,Cassava
5633,4491,5707,4.38,Cocoa
5634,4492,5708,20.99,Plantain
5635,4493,5709,5.18,Yam
5636,4494,5710,1.31,Plantain
5637,4495,5711,6.92,Cocoa
5638,4496,5712,5.14,Rice (Paddy)
5639,4497,5713,13.68,Maize
5640,4498,5714,8.62,Plantain
5641,4499,5715,12.85,Cassava
5642,4500,5716,13.83,Yam
5643,4501,5717,7.81,Plantain
5644,4501,5718,9.86,Cassava
5645,4502,5719,23.54,Plantain
5646,4503,5720,12.83,Rice (Paddy)
5647,4504,5721,13.31,Yam
5648,4504,5722,22.69,Maize
5649,4505,5723,1.31,Rice (Paddy)
5650,4506,5724,14.29,Rice (Paddy)
5651,4507,5725,21.99,Maize
5652,4508,5726,21.06,Groundnut
5653,4509,5727,8.97,Maize
5654,4509,5728,24.13,Cocoa
5655,4510,5729,5.48,Plantain
5656,4511,5730,16.54,Plantain
5657,4511,5731,18.31,Groundnut
5658,4512,5732,14.35,Rice (Paddy)
5659,4513,5733,15.24,Cocoa
5660,4513,5734,13.2,Plantain
5661,4514,5735,19.73,Groundnut
5662,4515,5736,8.29,Yam
5663,4516,5737,11.63,Groundnut
5664,4517,5738,8.7,Groundnut
5665,4518,5739,19.37,Plantain
5666,4519,5740,20.02,Cassava
5667,4520,5741,12.83,Rice (Paddy)
5668,4520,5742,19.71,Yam
5669,4521,5743,10.66,Yam
5670,4521,5744,6.13,Yam
5671,4522,5745,2.67,Plantain
5672,4523,5746,2.99,Cocoa
5673,4524,5747,13.51,Cocoa
5674,4525,5748,4.83,Yam
5675,4526,5749,4.3,Cassava
5676,4527,5750,20.66,Maize
5677,4528,5751,22.5,Maize
5678,4529,5752,15.77,Yam
5679,4530,5753,8.54,Maize
5680,4531,5754,16.85,Rice (Paddy)
5681,4532,5755,17.45,Groundnut
5682,4533,5756,11.17,Yam
5683,4533,5757,20.36,Yam
5684,4534,5758,15.48,Yam
5685,4535,5759,19.75,Plantain
5686,4535,5760,1.41,Yam
5687,4535,5761,14.61,Plantain
5688,4536,5762,6.98,Plantain
5689,4537,5763,19.08,Groundnut
5690,4538,5764,10.6,Cassava
5691,4539,5765,15.31,Cocoa
5692,4540,5766,2.51,Maize
5693,4541,5767,21.62,Groundnut
5694,4542,5768,7.12,Groundnut
5695,4542,5769,5.83,Rice (Paddy)
5696,4542,5770,11.54,Rice (Paddy)
5697,4543,5771,21.08,Yam
5698,4544,5772,23.11,Plantain
5699,4544,5773,10.64,Yam
5700,4544,5774,9.38,Yam
5701,4545,5775,24.24,Cassava
5702,4546,5776,6.92,Maize
5703,4547,5777,5.71,Maize
5704,4548,5778,9.34,Maize
5705,4548,5779,5.01,Groundnut
5706,4548,5780,7.37,Groundnut
5707,4549,5781,21.73,Plantain
5708,4550,5782,21.64,Maize
5709,4551,5783,5.8,Cocoa
5710,4552,5784,9.42,Maize
5711,4553,5785,8.83,Yam
5712,4554,5786,10.85,Cassava
5713,4555,5787,18.96,Cocoa
5714,4556,5788,11.58,Plantain
5715,4557,5789,24.07,Plantain
5716,4558,5790,12.61,Rice (Paddy)
5717,4558,5791,1.66,Plantain
5718,4559,5792,10.98,Yam
5719,4560,5793,14.55,Groundnut
5720,4561,5794,11.21,Rice (Paddy)
5721,4562,5795,13.97,Cassava
5722,4563,5796,4.01,Yam
5723,4563,5797,13.68,Plantain
5724,4564,5798,15.88,Rice (Paddy)
5725,4565,5799,15.79,Cocoa
5726,4566,5800,16.86,Yam
5727,4567,5801,14.01,Cocoa
5728,4568,5802,15.33,Maize
5729,4569,5803,16.89,Yam
5730,4570,5804,14.52,Cocoa
5731,4571,5805,17.52,Cassava
5732,4572,5806,23.46,Groundnut
5733,4572,5807,24.85,Groundnut
5734,4573,5808,7.06,Cocoa
5735,4574,5809,10.45,Rice (Paddy)
5736,4575,5810,24.19,Rice (Paddy)
5737,4576,5811,2.37,Rice (Paddy)
5738,4577,5812,20.43,Rice (Paddy)
5739,4577,5813,16.23,Cassava
5740,4578,5814,6.56,Plantain
5741,4578,5815,6.06,Rice (Paddy)
5742,4579,5816,6.97,Cassava
5743,4580,5817,15.28,Rice (Paddy)
5744,4581,5818,15.36,Plantain
5745,4581,5819,15.81,Plantain
5746,4581,5820,13.43,Yam
5747,4582,5821,16.13,Cocoa
5748,4583,5822,21.3,Cassava
5749,4584,5823,17.41,Yam
5750,4585,5824,7.27,Rice (Paddy)
5751,4586,5825,22.64,Cocoa
5752,4587,5826,16.07,Groundnut
5753,4588,5827,9.54,Maize
5754,4588,5828,23.44,Cassava
5755,4589,5829,22.3,Maize
5756,4590,5830,3.57,Plantain
5757,4591,5831,12.34,Yam
5758,4592,5832,7.36,Groundnut
5759,4593,5833,23.13,Groundnut
5760,4594,5834,16.65,Cassava
5761,4595,5835,19.4,Yam
5762,4596,5836,15.7,Rice (Paddy)
5763,4596,5837,21.73,Cassava
5764,4597,5838,16.87,Rice (Paddy)
5765,4598,5839,5.02,Cassava
5766,4599,5840,3.87,Cocoa
5767,4600,5841,5.49,Cocoa
5768,4601,5842,6.56,Groundnut
5769,4601,5843,20.79,Maize
5770,4602,5844,20.9,Rice (Paddy)
5771,4603,5845,20.23,Yam
5772,4604,5846,2.86,Yam
5773,4605,5847,7.57,Maize
5774,4606,5848,8.07,Maize
5775,4607,5849,10.91,Yam
5776,4608,5850,15.96,Cassava
5777,4609,5851,17.9,Maize
5778,4610,5852,22.36,Rice (Paddy)
5779,4610,5853,13.15,Plantain
5780,4611,5854,22.7,Cassava
5781,4612,5855,7.11,Plantain
5782,4613,5856,3.17,Maize
5783,4613,5857,13.57,Cocoa
5784,4613,5858,5.68,Cassava
5785,4614,5859,14.29,Maize
5786,4614,5860,17.83,Maize
5787,4615,5861,7.04,Rice (Paddy)
5788,4615,5862,3.41,Maize
5789,4616,5863,4.62,Cocoa
5790,4617,5864,17.19,Rice (Paddy)
5791,4617,5865,9.45,Cassava
5792,4618,5866,4.93,Cassava
5793,4618,5867,20.21,Groundnut
5794,4618,5868,15.09,Groundnut
5795,4619,5869,15.49,Rice (Paddy)
5796,4620,5870,19.71,Maize
5797,4621,5871,9.3,Yam
5798,4622,5872,10.16,Maize
5799,4623,5873,22.99,Rice (Paddy)
5800,4624,5874,1.02,Groundnut
5801,4625,5875,18.44,Rice (Paddy)
5802,4626,5876,10.7,Plantain
5803,4627,5877,12.41,Rice (Paddy)
5804,4628,5878,22.32,Groundnut
5805,4629,5879,1.39,Yam
5806,4630,5880,23.96,Plantain
5807,4631,5881,22.96,Rice (Paddy)
5808,4632,5882,20.79,Cocoa
5809,4633,5883,1.05,Cocoa
5810,4634,5884,12.1,Cassava
5811,4635,5885,5.24,Maize
5812,4636,5886,22.89,Cocoa
5813,4637,5887,15.94,Yam
5814,4638,5888,23.23,Cassava
5815,4639,5889,5.31,Maize
5816,4639,5890,15.03,Groundnut
5817,4639,5891,18.32,Maize
5818,4640,5892,4.59,Cassava
5819,4641,5893,24.46,Maize
5820,4642,5894,7.87,Groundnut
5821,4642,5895,17.74,Plantain
5822,4642,5896,19.35,Cassava
5823,4643,5897,0.79,Maize
5824,4644,5898,10.26,Yam
5825,4645,5899,4.16,Plantain
5826,4645,5900,12.77,Rice (Paddy)
5827,4645,5901,21.4,Cassava
5828,4646,5902,6.01,Cassava
5829,4647,5903,16.97,Yam
5830,4648,5904,10.39,Plantain
5831,4649,5905,2.5,Rice (Paddy)
5832,4650,5906,22.78,Maize
5833,4651,5907,11.63,Maize
5834,4651,5908,12.01,Yam
5835,4652,5909,0.55,Plantain
5836,4653,5910,9.63,Plantain
5837,4654,5911,11.12,Groundnut
5838,4655,5912,19.03,Cassava
5839,4656,5913,1.73,Plantain
5840,4657,5914,20.83,Cocoa
5841,4658,5915,9.98,Groundnut
5842,4659,5916,12.13,Maize
5843,4660,5917,16.53,Rice (Paddy)
5844,4660,5918,24.6,Yam
5845,4661,5919,17.27,Rice (Paddy)
5846,4662,5920,6.79,Maize
5847,4663,5921,21.02,Plantain
5848,4663,5922,16.78,Cassava
5849,4664,5923,19.52,Plantain
5850,4665,5924,21.45,Groundnut
5851,4666,5925,14.09,Rice (Paddy)
5852,4666,5926,11.16,Cocoa
5853,4666,5927,5.16,Cassava
5854,4667,5928,5.67,Maize
5855,4668,5929,0.65,Cassava
5856,4669,5930,4.33,Yam
5857,4670,5931,0.86,Cassava
5858,4671,5932,6.99,Plantain
5859,4672,5933,13.1,Cocoa
5860,4672,5934,17.39,Rice (Paddy)
5861,4673,5935,24.13,Groundnut
5862,4674,5936,6.34,Maize
5863,4675,5937,11.35,Groundnut
5864,4676,5938,6.92,Plantain
5865,4677,5939,16.33,Rice (Paddy)
5866,4678,5940,18.03,Cassava
5867,4679,5941,16.94,Rice (Paddy)
5868,4680,5942,6.82,Maize
5869,4680,5943,13.41,Cocoa
5870,4681,5944,20.25,Plantain
5871,4682,5945,6.84,Maize
5872,4683,5946,9.42,Plantain
5873,4684,5947,12.31,Rice (Paddy)
5874,4684,5948,13.08,Cocoa
5875,4685,5949,24.88,Rice (Paddy)
5876,4686,5950,8.16,Groundnut
5877,4687,5951,2.15,Rice (Paddy)
5878,4688,5952,19.67,Groundnut
5879,4689,5953,16.03,Groundnut
5880,4690,5954,4.43,Yam
5881,4691,5955,14.35,Plantain
5882,4692,5956,6.77,Yam
5883,4692,5957,19.55,Yam
5884,4692,5958,2.22,Maize
5885,4693,5959,5.24,Yam
5886,4693,5960,11.0,Maize
5887,4694,5961,13.63,Plantain
5888,4694,5962,22.54,Rice (Paddy)
5889,4695,5963,16.64,Yam
5890,4696,5964,20.79,Maize
5891,4696,5965,21.93,Plantain
5892,4697,5966,18.34,Rice (Paddy)
5893,4697,5967,14.65,Groundnut
5894,4698,5968,14.66,Groundnut
5895,4699,5969,12.25,Maize
5896,4700,5970,5.26,Rice (Paddy)
5897,4701,5971,11.86,Maize
5898,4702,5972,18.11,Cocoa
5899,4703,5973,15.26,Cassava
5900,4704,5974,17.7,Maize
5901,4705,5975,19.46,Plantain
5902,4706,5976,23.57,Cocoa
5903,4707,5977,18.1,Maize
5904,4708,5978,15.1,Maize
5905,4709,5979,13.77,Cocoa
5906,4709,5980,24.39,Maize
5907,4710,5981,24.91,Yam
5908,4710,5982,1.94,Cocoa
5909,4711,5983,18.83,Maize
5910,4712,5984,22.02,Plantain
5911,4713,5985,20.27,Rice (Paddy)
5912,4714,5986,3.42,Plantain
5913,4715,5987,4.85,Cocoa
5914,4715,5988,18.72,Cassava
5915,4715,5989,16.39,Cassava
5916,4716,5990,7.31,Groundnut
5917,4717,5991,16.82,Cocoa
5918,4718,5992,14.02,Groundnut
5919,4719,5993,5.37,Cassava
5920,4719,5994,23.55,Maize
5921,4720,5995,10.43,Plantain
5922,4721,5996,13.86,Yam
5923,4722,5997,8.4,Cocoa
5924,4723,5998,16.58,Groundnut
5925,4724,5999,16.67,Groundnut
5926,4725,6000,4.89,Cassava
5927,4726,6001,24.8,Maize
5928,4726,6002,13.03,Cocoa
5929,4727,6003,15.04,Rice (Paddy)
5930,4728,6004,24.97,Maize
5931,4729,6005,13.01,Plantain
5932,4730,6006,4.85,Rice (Paddy)
5933,4731,6007,18.38,Cocoa
5934,4732,6008,3.02,Groundnut
5935,4733,6009,10.39,Cocoa
5936,4734,6010,16.92,Rice (Paddy)
5937,4735,6011,13.17,Groundnut
5938,4736,6012,24.95,Yam
5939,4737,6013,5.8,Cassava
5940,4737,6014,6.27,Cassava
5941,4738,6015,15.06,Cocoa
5942,4739,6016,5.06,Rice (Paddy)
5943,4740,6017,15.35,Yam
5944,4741,6018,1.89,Cassava
5945,4741,6019,16.65,Plantain
5946,4742,6020,17.3,Plantain
5947,4742,6021,23.47,Rice (Paddy)
5948,4743,6022,11.12,Groundnut
5949,4744,6023,3.9,Cassava
5950,4745,6024,13.01,Groundnut
5951,4746,6025,2.72,Cassava
5952,4746,6026,24.99,Maize
5953,4747,6027,7.87,Yam
5954,4747,6028,19.1,Yam
5955,4747,6029,2.65,Maize
5956,4748,6030,23.14,Plantain
5957,4749,6031,22.82,Cocoa
5958,4750,6032,14.34,Cocoa
5959,4751,6033,20.75,Plantain
5960,4752,6034,15.22,Yam
5961,4752,6035,3.07,Groundnut
5962,4753,6036,20.36,Plantain
5963,4753,6037,19.43,Cassava
5964,4754,6038,13.34,Yam
5965,4754,6039,22.78,Yam
5966,4755,6040,3.68,Groundnut
5967,4756,6041,5.8,Cocoa
5968,4757,6042,14.02,Cocoa
5969,4758,6043,14.33,Maize
5970,4759,6044,7.39,Yam
5971,4760,6045,22.26,Cassava
5972,4761,6046,6.95,Plantain
5973,4762,6047,13.19,Plantain
5974,4763,6048,7.31,Cassava
5975,4764,6049,4.52,Cassava
5976,4765,6050,5.9,Maize
5977,4766,6051,22.6,Plantain
5978,4767,6052,10.53,Rice (Paddy)
5979,4767,6053,1.79,Cocoa
5980,4768,6054,4.23,Cocoa
5981,4769,6055,13.96,Cocoa
5982,4770,6056,23.98,Maize
5983,4771,6057,1.49,Groundnut
5984,4772,6058,15.93,Groundnut
5985,4773,6059,24.21,Rice (Paddy)
5986,4774,6060,16.36,Cassava
5987,4775,6061,3.85,Cocoa
5988,4776,6062,13.72,Rice (Paddy)
5989,4777,6063,6.07,Cassava
5990,4777,6064,16.31,Cocoa
5991,4778,6065,22.0,Cocoa
5992,4778,6066,13.95,Yam
5993,4779,6067,9.27,Yam
5994,4780,6068,22.24,Plantain
5995,4781,6069,2.61,Cassava
5996,4782,6070,8.24,Plantain
5997,4782,6071,2.75,Maize
5998,4782,6072,11.61,Yam
5999,4783,6073,1.83,Rice (Paddy)
6000,4784,6074,19.85,Maize
6001,4785,6075,15.87,Plantain
6002,4785,6076,19.58,Cassava
6003,4785,6077,15.87,Cocoa
6004,4786,6078,15.49,Plantain
6005,4786,6079,12.77,Yam
6006,4786,6080,14.17,Cassava
6007,4787,6081,19.88,Maize
6008,4787,6082,14.04,Cocoa
6009,4787,6083,12.93,Cocoa
6010,4788,6084,4.42,Maize
6011,4789,6085,6.2,Yam
6012,4790,6086,21.34,Cassava
6013,4791,6087,1.62,Cocoa
6014,4792,6088,23.09,Plantain
6015,4793,6089,9.12,Cassava
6016,4794,6090,10.25,Cocoa
6017,4795,6091,23.96,Rice (Paddy)
6018,4796,6092,3.56,Maize
6019,4797,6093,16.64,Maize
6020,4798,6094,7.72,Plantain
6021,4799,6095,20.76,Groundnut
6022,4800,6096,7.92,Groundnut
6023,4801,6097,11.25,Cassava
6024,4801,6098,3.05,Cocoa
6025,4802,6099,6.79,Rice (Paddy)
6026,4803,6100,18.57,Cassava
6027,4804,6101,24.09,Plantain
6028,4805,6102,15.39,Cassava
6029,4806,6103,15.05,Yam
6030,4807,6104,23.26,Maize
6031,4808,6105,13.28,Plantain
6032,4809,6106,1.3,Cocoa
6033,4810,6107,5.46,Cassava
6034,4811,6108,4.07,Groundnut
6035,4811,6109,15.12,Plantain
6036,4812,6110,11.24,Cassava
6037,4812,6111,21.98,Groundnut
6038,4813,6112,21.05,Cocoa
6039,4814,6113,10.36,Cocoa
6040,4815,6114,19.54,Maize
6041,4816,6115,23.4,Maize
6042,4817,6116,13.66,Yam
6043,4818,6117,19.67,Plantain
6044,4819,6118,14.05,Yam
6045,4820,6119,12.79,Yam
6046,4821,6120,4.53,Cocoa
6047,4822,6121,7.79,Groundnut
6048,4823,6122,15.26,Maize
6049,4824,6123,24.92,Cassava
6050,4825,6124,22.93,Rice (Paddy)
6051,4826,6125,16.54,Groundnut
6052,4827,6126,24.56,Maize
6053,4828,6127,13.93,Maize
6054,4829,6128,3.11,Cassava
6055,4830,6129,5.22,Cocoa
6056,4831,6130,22.51,Cocoa
6057,4831,6131,4.9,Rice (Paddy)
6058,4832,6132,0.86,Yam
6059,4833,6133,2.56,Rice (Paddy)
6060,4833,6134,8.77,Maize
6061,4834,6135,16.58,Cocoa
6062,4834,6136,13.92,Cocoa
6063,4835,6137,18.3,Cassava
6064,4836,6138,19.14,Groundnut
6065,4837,6139,14.44,Plantain
6066,4838,6140,18.15,Plantain
6067,4838,6141,14.0,Cassava
6068,4839,6142,5.07,Cocoa
6069,4840,6143,23.47,Rice (Paddy)
6070,4841,6144,17.21,Cassava
6071,4841,6145,23.54,Rice (Paddy)
6072,4842,6146,21.45,Rice (Paddy)
6073,4843,6147,16.19,Yam
6074,4844,6148,15.61,Groundnut
6075,4845,6149,22.19,Plantain
6076,4846,6150,6.29,Groundnut
6077,4847,6151,13.99,Yam
6078,4848,6152,14.37,Rice (Paddy)
6079,4849,6153,3.32,Rice (Paddy)
6080,4850,6154,3.75,Maize
6081,4851,6155,14.01,Cocoa
6082,4852,6156,21.55,Cocoa
6083,4853,6157,17.29,Cassava
6084,4854,6158,23.65,Yam
6085,4855,6159,17.2,Cassava
6086,4856,6160,8.48,Plantain
6087,4857,6161,21.2,Groundnut
6088,4858,6162,7.09,Yam
6089,4859,6163,15.83,Maize
6090,4860,6164,13.35,Cassava
6091,4860,6165,3.99,Cassava
6092,4861,6166,23.47,Cassava
6093,4862,6167,0.81,Groundnut
6094,4863,6168,7.07,Yam
6095,4864,6169,13.59,Plantain
6096,4864,6170,22.8,Maize
6097,4865,6171,9.41,Cassava
6098,4865,6172,3.08,Plantain
6099,4866,6173,7.74,Cassava
6100,4867,6174,9.72,Maize
6101,4868,6175,13.49,Plantain
6102,4869,6176,4.21,Cassava
6103,4869,6177,18.96,Yam
6104,4870,6178,16.28,Yam
6105,4871,6179,2.63,Cocoa
6106,4872,6180,22.37,Yam
6107,4872,6181,23.47,Cassava
6108,4873,6182,16.97,Plantain
6109,4874,6183,1.76,Yam
6110,4875,6184,10.24,Maize
6111,4876,6185,6.21,Plantain
6112,4877,6186,16.4,Cocoa
6113,4878,6187,18.11,Yam
6114,4878,6188,12.78,Maize
6115,4878,6189,23.2,Yam
6116,4879,6190,9.24,Cocoa
6117,4880,6191,9.49,Cocoa
6118,4881,6192,20.3,Groundnut
6119,4882,6193,18.54,Cassava
6120,4883,6194,1.52,Plantain
6121,4884,6195,2.49,Plantain
6122,4884,6196,19.7,Cassava
6123,4885,6197,0.74,Cocoa
6124,4885,6198,18.99,Yam
6125,4886,6199,16.77,Rice (Paddy)
6126,4887,6200,21.15,Plantain
6127,4888,6201,19.92,Cassava
6128,4888,6202,9.78,Cocoa
6129,4889,6203,14.32,Yam
6130,4890,6204,23.98,Cassava
6131,4891,6205,24.81,Plantain
6132,4891,6206,23.55,Rice (Paddy)
6133,4892,6207,21.45,Rice (Paddy)
6134,4892,6208,8.91,Plantain
6135,4892,6209,22.59,Yam
6136,4893,6210,14.31,Rice (Paddy)
6137,4894,6211,8.94,Cassava
6138,4895,6212,0.74,Groundnut
6139,4896,6213,5.03,Plantain
6140,4897,6214,21.24,Rice (Paddy)
6141,4898,6215,14.03,Rice (Paddy)
6142,4899,6216,19.82,Cassava
6143,4900,6217,1.62,Rice (Paddy)
6144,4901,6218,7.57,Maize
6145,4902,6219,14.21,Rice (Paddy)
6146,4903,6220,16.93,Groundnut
6147,4904,6221,10.77,Groundnut
6148,4905,6222,16.66,Plantain
6149,4906,6223,23.54,Yam
6150,4907,6224,20.25,Maize
6151,4908,6225,18.62,Cassava
6152,4909,6226,11.22,Yam
6153,4910,6227,10.5,Yam
6154,4911,6228,16.51,Plantain
6155,4912,6229,24.56,Rice (Paddy)
6156,4913,6230,20.57,Cocoa
6157,4914,6231,21.7,Maize
6158,4915,6232,19.98,Rice (Paddy)
6159,4916,6233,23.88,Rice (Paddy)
6160,4917,6234,15.56,Maize
6161,4918,6235,18.96,Yam
6162,4919,6236,1.66,Rice (Paddy)
6163,4920,6237,18.76,Plantain
6164,4921,6238,12.6,Cassava
6165,4921,6239,8.19,Rice (Paddy)
6166,4922,6240,11.08,Cocoa
6167,4923,6241,17.8,Rice (Paddy)
6168,4924,6242,17.33,Rice (Paddy)
6169,4925,6243,18.49,Maize
6170,4925,6244,18.01,Groundnut
6171,4926,6245,21.37,Groundnut
6172,4927,6246,4.05,Maize
6173,4927,6247,17.42,Groundnut
6174,4928,6248,5.91,Maize
6175,4928,6249,9.53,Maize
6176,4929,6250,13.24,Maize
6177,4930,6251,1.61,Groundnut
6178,4931,6252,21.9,Plantain
6179,4932,6253,15.79,Cassava
6180,4933,6254,14.49,Rice (Paddy)
6181,4934,6255,5.47,Groundnut
6182,4935,6256,9.58,Cocoa
6183,4936,6257,0.77,Cassava
6184,4937,6258,16.82,Cassava
6185,4938,6259,14.98,Plantain
6186,4939,6260,20.32,Groundnut
6187,4940,6261,15.86,Rice (Paddy)
6188,4941,6262,18.56,Cocoa
6189,4941,6263,4.94,Cassava
6190,4941,6264,24.95,Yam
6191,4942,6265,9.96,Yam
6192,4943,6266,11.74,Maize
6193,4944,6267,18.8,Cocoa
6194,4945,6268,8.82,Yam
6195,4946,6269,10.45,Groundnut
6196,4947,6270,2.38,Cassava
6197,4948,6271,6.76,Cassava
6198,4949,6272,15.97,Rice (Paddy)
6199,4950,6273,3.42,Maize
6200,4951,6274,17.82,Cocoa
6201,4952,6275,13.95,Yam
6202,4953,6276,9.82,Groundnut
6203,4953,6277,18.43,Plantain
6204,4954,6278,18.14,Groundnut
6205,4954,6279,23.48,Maize
6206,4955,6280,10.07,Cocoa
6207,4955,6281,8.35,Cassava
6208,4956,6282,13.49,Rice (Paddy)
6209,4957,6283,13.87,Groundnut
6210,4958,6284,5.51,Cassava
6211,4959,6285,24.1,Rice (Paddy)
6212,4960,6286,22.1,Cocoa
6213,4961,6287,13.25,Groundnut
6214,4962,6288,18.42,Groundnut
6215,4963,6289,8.29,Cassava
6216,4963,6290,13.15,Maize
6217,4963,6291,11.51,Rice (Paddy)
6218,4964,6292,12.51,Groundnut
6219,4965,6293,19.62,Cassava
6220,4966,6294,15.64,Yam
6221,4967,6295,21.27,Rice (Paddy)
6222,4968,6296,17.08,Plantain
6223,4969,6297,3.5,Groundnut
6224,4970,6298,17.66,Groundnut
6225,4970,6299,8.09,Maize
6226,4971,6300,21.85,Plantain
6227,4972,6301,2.06,Plantain
6228,4973,6302,16.2,Rice (Paddy)
6229,4974,6303,5.19,Maize
6230,4975,6304,17.73,Yam
6231,4976,6305,3.02,Yam
6232,4977,6306,9.75,Plantain
6233,4978,6307,24.07,Maize
6234,4979,6308,21.84,Maize
6235,4980,6309,8.12,Plantain
6236,4981,6310,15.0,Maize
6237,4981,6311,3.65,Rice (Paddy)
6238,4981,6312,23.93,Groundnut
6239,4982,6313,10.42,Groundnut
6240,4982,6314,8.75,Groundnut
6241,4983,6315,16.74,Maize
6242,4984,6316,17.46,Yam
6243,4985,6317,7.91,Cassava
6244,4986,6318,1.0,Rice (Paddy)
6245,4987,6319,11.91,Cassava
6246,4988,6320,1.03,Maize
6247,4989,6321,18.64,Yam
6248,4990,6322,10.47,Maize
6249,4991,6323,15.69,Cassava
6250,4992,6324,18.56,Maize
6251,4993,6325,17.68,Rice (Paddy)
6252,4994,6326,9.2,Cocoa
6253,4995,6327,4.82,Yam
6254,4996,6328,18.75,Yam
6255,4997,6329,21.08,Cassava
6256,4998,6330,7.01,Plantain
6257,4999,6331,0.68,Groundnut
6258,5000,6332,3.57,Maize
6259,5001,6333,2.33,Rice (Paddy)
6260,5002,6334,16.03,Cassava
6261,5003,6335,4.06,Yam
6262,5004,6336,10.25,Maize
6263,5005,6337,17.13,Cassava
6264,5005,6338,18.69,Maize
6265,5006,6339,10.96,Cassava
6266,5007,6340,23.47,Yam
6267,5008,6341,21.01,Cassava
6268,5009,6342,24.32,Groundnut
6269,5010,6343,12.29,Rice (Paddy)
6270,5011,6344,4.72,Rice (Paddy)
6271,5012,6345,18.39,Cocoa
6272,5013,6346,6.68,Yam
6273,5014,6347,20.69,Groundnut
6274,5015,6348,17.33,Plantain
6275,5016,6349,2.6,Maize
6276,5017,6350,1.04,Rice (Paddy)
6277,5018,6351,13.82,Yam
6278,5019,6352,19.59,Yam
6279,5020,6353,10.08,Rice (Paddy)
6280,5021,6354,2.24,Yam
6281,5022,6355,1.02,Rice (Paddy)
6282,5023,6356,20.95,Cassava
6283,5023,6357,9.4,Plantain
6284,5024,6358,2.45,Plantain
6285,5025,6359,8.96,Plantain
6286,5026,6360,10.19,Maize
6287,5027,6361,15.08,Rice (Paddy)
6288,5028,6362,5.91,Plantain
6289,5029,6363,15.15,Plantain
6290,5029,6364,24.93,Groundnut
6291,5030,6365,6.6,Cassava
6292,5031,6366,23.56,Yam
6293,5031,6367,15.9,Yam
6294,5031,6368,19.21,Cocoa
6295,5032,6369,2.68,Yam
6296,5033,6370,16.06,Cassava
6297,5034,6371,3.11,Plantain
6298,5035,6372,2.45,Groundnut
6299,5036,6373,15.85,Plantain
6300,5037,6374,9.91,Maize
6301,5038,6375,0.63,Plantain
6302,5039,6376,21.74,Maize
6303,5040,6377,10.32,Maize
6304,5041,6378,8.69,Cassava
6305,5042,6379,4.62,Maize
6306,5042,6380,21.53,Yam
6307,5043,6381,22.83,Maize
6308,5044,6382,14.06,Maize
6309,5045,6383,7.31,Cocoa
6310,5046,6384,7.83,Rice (Paddy)
6311,5046,6385,14.87,Cassava
6312,5047,6386,2.7,Groundnut
6313,5048,6387,18.09,Groundnut
6314,5049,6388,13.44,Rice (Paddy)
6315,5050,6389,23.04,Plantain
6316,5051,6390,14.08,Groundnut
6317,5052,6391,12.0,Cassava
6318,5053,6392,12.17,Groundnut
6319,5054,6393,8.48,Rice (Paddy)
6320,5054,6394,17.33,Maize
6321,5054,6395,16.56,Cocoa
6322,5055,6396,10.67,Groundnut
6323,5056,6397,10.22,Groundnut
6324,5057,6398,22.6,Groundnut
6325,5057,6399,18.72,Plantain
6326,5058,6400,8.22,Groundnut
6327,5059,6401,3.92,Rice (Paddy)
6328,5060,6402,20.26,Cassava
6329,5061,6403,15.49,Cocoa
6330,5062,6404,13.07,Groundnut
6331,5062,6405,23.81,Cocoa
6332,5063,6406,5.1,Yam
6333,5064,6407,14.66,Yam
6334,5065,6408,11.78,Rice (Paddy)
6335,5066,6409,8.42,Cocoa
6336,5067,6410,4.75,Yam
6337,5068,6411,6.92,Groundnut
6338,5069,6412,11.91,Cassava
6339,5070,6413,0.65,Groundnut
6340,5071,6414,14.93,Plantain
6341,5072,6415,11.13,Cocoa
6342,5072,6416,21.54,Cassava
6343,5073,6417,10.9,Groundnut
6344,5074,6418,11.69,Rice (Paddy)
6345,5075,6419,22.2,Cocoa
6346,5076,6420,20.8,Groundnut
6347,5077,6421,23.24,Groundnut
6348,5078,6422,16.41,Rice (Paddy)
6349,5078,6423,9.56,Cocoa
6350,5079,6424,3.55,Cocoa
6351,5079,6425,15.51,Groundnut
6352,5079,6426,4.56,Yam
6353,5080,6427,3.77,Rice (Paddy)
6354,5081,6428,6.91,Maize
6355,5082,6429,21.32,Cocoa
6356,5083,6430,11.84,Maize
6357,5083,6431,23.49,Cassava
6358,5083,6432,9.09,Cocoa
6359,5084,6433,21.34,Yam
6360,5085,6434,14.75,Plantain
6361,5086,6435,20.33,Maize
6362,5087,6436,14.58,Groundnut
6363,5088,6437,11.7,Groundnut
6364,5089,6438,13.77,Cocoa
6365,5089,6439,9.0,Groundnut
6366,5090,6440,17.22,Yam
6367,5091,6441,17.92,Groundnut
6368,5092,6442,22.06,Plantain
6369,5093,6443,15.03,Cassava
6370,5094,6444,21.88,Groundnut
6371,5095,6445,4.95,Groundnut
6372,5096,6446,12.61,Groundnut
6373,5097,6447,8.77,Cassava
6374,5098,6448,6.7,Cassava
6375,5098,6449,2.35,Yam
6376,5099,6450,19.24,Groundnut
6377,5100,6451,19.08,Rice (Paddy)
6378,5101,6452,23.82,Plantain
6379,5102,6453,4.6,Cassava
6380,5103,6454,15.09,Plantain
6381,5104,6455,13.47,Cocoa
6382,5105,6456,21.12,Groundnut
6383,5106,6457,10.19,Groundnut
6384,5107,6458,9.93,Groundnut
6385,5108,6459,16.42,Maize
6386,5109,6460,11.07,Groundnut
6387,5110,6461,1.11,Yam
6388,5111,6462,5.43,Rice (Paddy)
6389,5112,6463,13.39,Cassava
6390,5113,6464,7.38,Groundnut
6391,5114,6465,17.86,Rice (Paddy)
6392,5115,6466,4.85,Plantain
6393,5116,6467,17.99,Maize
6394,5116,6468,6.81,Rice (Paddy)
6395,5117,6469,16.36,Cocoa
6396,5118,6470,0.63,Rice (Paddy)
6397,5119,6471,8.55,Cassava
6398,5120,6472,13.14,Maize
6399,5121,6473,7.29,Rice (Paddy)
6400,5121,6474,12.21,Cocoa
6401,5122,6475,2.26,Yam
6402,5123,6476,21.11,Cassava
6403,5124,6477,3.55,Cocoa
6404,5125,6478,9.81,Plantain
6405,5125,6479,18.78,Yam
6406,5125,6480,21.27,Plantain
6407,5126,6481,21.31,Cocoa
6408,5127,6482,24.15,Cassava
6409,5128,6483,14.88,Cassava
6410,5129,6484,11.3,Rice (Paddy)
6411,5130,6485,10.81,Cassava
6412,5131,6486,14.02,Plantain
6413,5132,6487,5.0,Yam
6414,5133,6488,14.72,Cassava
6415,5134,6489,17.69,Cocoa
6416,5135,6490,24.45,Yam
6417,5135,6491,10.24,Groundnut
6418,5136,6492,23.9,Cassava
6419,5137,6493,16.47,Maize
6420,5138,6494,22.47,Cassava
6421,5139,6495,13.62,Rice (Paddy)
6422,5140,6496,16.83,Cassava
6423,5141,6497,7.3,Groundnut
6424,5142,6498,15.53,Maize
6425,5143,6499,24.38,Rice (Paddy)
6426,5144,6500,18.23,Groundnut
6427,5145,6501,2.5,Rice (Paddy)
6428,5146,6502,9.96,Yam
6429,5147,6503,6.74,Yam
6430,5148,6504,16.67,Yam
6431,5149,6505,9.76,Groundnut
6432,5150,6506,19.32,Plantain
6433,5151,6507,13.2,Yam
6434,5152,6508,6.55,Rice (Paddy)
6435,5153,6509,9.99,Maize
6436,5154,6510,20.97,Yam
6437,5155,6511,17.23,Groundnut
6438,5155,6512,11.7,Yam
6439,5156,6513,7.52,Cassava
6440,5156,6514,9.71,Yam
6441,5157,6515,0.64,Plantain
6442,5158,6516,21.57,Cassava
6443,5159,6517,23.43,Yam
6444,5160,6518,5.24,Maize
6445,5161,6519,21.73,Plantain
6446,5161,6520,18.65,Rice (Paddy)
6447,5162,6521,1.52,Plantain
6448,5163,6522,21.23,Groundnut
6449,5164,6523,15.84,Cassava
6450,5165,6524,5.27,Groundnut
6451,5166,6525,13.1,Maize
6452,5166,6526,8.03,Yam
6453,5167,6527,15.36,Rice (Paddy)
6454,5168,6528,7.09,Yam
6455,5169,6529,15.46,Maize
6456,5170,6530,16.8,Rice (Paddy)
6457,5171,6531,9.79,Cocoa
6458,5172,6532,18.27,Rice (Paddy)
6459,5173,6533,19.05,Plantain
6460,5173,6534,22.59,Rice (Paddy)
6461,5173,6535,10.77,Groundnut
6462,5174,6536,17.93,Maize
6463,5175,6537,22.91,Cassava
6464,5176,6538,22.39,Cassava
6465,5176,6539,0.73,Maize
6466,5177,6540,1.52,Plantain
6467,5178,6541,21.4,Cassava
6468,5179,6542,15.45,Cassava
6469,5180,6543,9.33,Rice (Paddy)
6470,5180,6544,24.15,Cassava
6471,5181,6545,15.87,Maize
6472,5182,6546,23.34,Cocoa
6473,5183,6547,15.22,Maize
6474,5183,6548,24.57,Cassava
6475,5183,6549,13.17,Yam
6476,5184,6550,6.75,Maize
6477,5185,6551,16.85,Cocoa
6478,5186,6552,3.86,Rice (Paddy)
6479,5187,6553,18.95,Cassava
6480,5188,6554,4.71,Groundnut
6481,5189,6555,23.52,Plantain
6482,5189,6556,16.06,Plantain
6483,5190,6557,8.91,Maize
6484,5191,6558,3.64,Yam
6485,5191,6559,17.05,Cocoa
6486,5192,6560,5.89,Cassava
6487,5193,6561,7.73,Maize
6488,5194,6562,7.39,Plantain
6489,5195,6563,10.14,Plantain
6490,5196,6564,16.08,Rice (Paddy)
6491,5197,6565,14.49,Groundnut
6492,5198,6566,9.1,Rice (Paddy)
6493,5199,6567,17.22,Rice (Paddy)
6494,5199,6568,8.4,Yam
6495,5199,6569,18.66,Groundnut
6496,5200,6570,13.15,Rice (Paddy)
6497,5200,6571,4.16,Cocoa
6498,5201,6572,4.57,Rice (Paddy)
6499,5202,6573,0.68,Maize
6500,5203,6574,16.17,Cocoa
6501,5203,6575,17.1,Groundnut
6502,5204,6576,0.68,Cassava
6503,5205,6577,1.41,Cassava
6504,5206,6578,7.41,Yam
6505,5206,6579,9.68,Plantain
6506,5206,6580,21.98,Groundnut
6507,5207,6581,18.27,Plantain
6508,5208,6582,10.31,Yam
6509,5209,6583,0.61,Cocoa
6510,5210,6584,14.97,Plantain
6511,5211,6585,13.86,Rice (Paddy)
6512,5211,6586,19.83,Yam
6513,5211,6587,0.64,Rice (Paddy)
6514,5212,6588,5.42,Plantain
6515,5213,6589,15.63,Cassava
6516,5214,6590,17.46,Cocoa
6517,5215,6591,4.23,Groundnut
6518,5216,6592,1.68,Groundnut
6519,5216,6593,21.99,Yam
6520,5217,6594,18.91,Cocoa
6521,5218,6595,18.44,Cocoa
6522,5219,6596,10.58,Rice (Paddy)
6523,5220,6597,23.51,Cassava
6524,5221,6598,18.62,Cocoa
6525,5222,6599,22.29,Maize
6526,5223,6600,6.71,Rice (Paddy)
6527,5224,6601,20.39,Cassava
6528,5225,6602,13.29,Plantain
6529,5226,6603,6.76,Plantain
6530,5227,6604,14.77,Maize
6531,5228,6605,17.32,Cocoa
6532,5229,6606,15.8,Rice (Paddy)
6533,5230,6607,18.81,Maize
6534,5231,6608,3.59,Yam
6535,5232,6609,23.64,Groundnut
6536,5232,6610,22.94,Groundnut
6537,5233,6611,12.05,Yam
6538,5234,6612,7.16,Cassava
6539,5235,6613,9.56,Groundnut
6540,5236,6614,0.89,Cassava
6541,5237,6615,13.68,Groundnut
6542,5238,6616,10.62,Groundnut
6543,5239,6617,8.37,Cocoa
6544,5240,6618,5.29,Maize
6545,5241,6619,2.59,Rice (Paddy)
6546,5242,6620,2.95,Maize
6547,5243,6621,2.0,Rice (Paddy)
6548,5244,6622,24.78,Cassava
6549,5245,6623,6.57,Maize
6550,5245,6624,7.15,Cassava
6551,5246,6625,13.96,Plantain
6552,5247,6626,3.76,Cassava
6553,5248,6627,14.79,Plantain
6554,5249,6628,14.65,Cassava
6555,5250,6629,15.18,Yam
6556,5251,6630,10.02,Groundnut
6557,5252,6631,24.26,Rice (Paddy)
6558,5252,6632,23.99,Cocoa
6559,5253,6633,18.9,Groundnut
6560,5253,6634,13.97,Rice (Paddy)
6561,5254,6635,11.29,Groundnut
6562,5255,6636,20.11,Groundnut
6563,5256,6637,10.07,Groundnut
6564,5257,6638,11.98,Yam
6565,5257,6639,18.41,Yam
6566,5258,6640,11.41,Groundnut
6567,5259,6641,16.74,Plantain
6568,5260,6642,14.5,Rice (Paddy)
6569,5261,6643,18.93,Maize
6570,5262,6644,0.58,Maize
6571,5263,6645,2.0,Plantain
6572,5263,6646,1.51,Rice (Paddy)
6573,5264,6647,4.42,Maize
6574,5265,6648,18.12,Rice (Paddy)
6575,5266,6649,7.53,Yam
6576,5267,6650,0.65,Yam
6577,5268,6651,11.4,Cassava
6578,5269,6652,13.8,Groundnut
6579,5270,6653,7.94,Cassava
6580,5270,6654,14.13,Yam
6581,5271,6655,10.23,Cocoa
6582,5271,6656,5.0,Yam
6583,5271,6657,4.65,Plantain
6584,5272,6658,8.2,Maize
6585,5273,6659,8.65,Rice (Paddy)
6586,5273,6660,12.12,Groundnut
6587,5273,6661,6.73,Yam
6588,5274,6662,6.0,Rice (Paddy)
6589,5275,6663,12.95,Cocoa
6590,5275,6664,24.88,Cocoa
6591,5275,6665,23.48,Plantain
6592,5276,6666,9.09,Plantain
6593,5276,6667,5.35,Plantain
6594,5276,6668,14.08,Cassava
6595,5277,6669,14.26,Cassava
6596,5277,6670,11.92,Cassava
6597,5277,6671,10.5,Maize
6598,5278,6672,16.44,Cassava
6599,5279,6673,5.98,Maize
6600,5280,6674,6.85,Groundnut
6601,5281,6675,22.14,Groundnut
6602,5282,6676,19.42,Yam
6603,5283,6677,21.05,Yam
6604,5284,6678,24.04,Plantain
6605,5285,6679,11.9,Cassava
6606,5286,6680,9.04,Cassava
6607,5287,6681,18.82,Rice (Paddy)
6608,5287,6682,4.82,Rice (Paddy)
6609,5288,6683,7.01,Cassava
6610,5288,6684,9.08,Plantain
6611,5289,6685,22.5,Cocoa
6612,5290,6686,17.48,Yam
6613,5291,6687,18.53,Cocoa
6614,5292,6688,16.48,Rice (Paddy)
6615,5292,6689,5.1,Rice (Paddy)
6616,5292,6690,24.63,Maize
6617,5293,6691,16.95,Yam
6618,5293,6692,4.99,Cocoa
6619,5294,6693,11.3,Cocoa
6620,5295,6694,2.14,Plantain
6621,5296,6695,10.07,Plantain
6622,5297,6696,19.99,Cassava
6623,5298,6697,4.19,Plantain
6624,5299,6698,20.12,Maize
6625,5299,6699,24.09,Cocoa
6626,5300,6700,14.9,Rice (Paddy)
6627,5301,6701,14.24,Cocoa
6628,5302,6702,0.68,Rice (Paddy)
6629,5303,6703,5.57,Cassava
6630,5304,6704,22.23,Rice (Paddy)
6631,5304,6705,12.42,Cassava
6632,5305,6706,8.3,Cassava
6633,5306,6707,8.05,Maize
6634,5307,6708,8.5,Cocoa
6635,5308,6709,4.14,Plantain
6636,5309,6710,17.21,Rice (Paddy)
6637,5310,6711,6.46,Groundnut
6638,5311,6712,14.81,Cassava
6639,5312,6713,11.68,Rice (Paddy)
6640,5313,6714,16.2,Cocoa
6641,5314,6715,4.23,Rice (Paddy)
6642,5315,6716,20.9,Groundnut
6643,5316,6717,8.51,Plantain
6644,5317,6718,9.34,Groundnut
6645,5318,6719,7.03,Cassava
6646,5319,6720,15.85,Cassava
6647,5320,6721,17.62,Maize
6648,5321,6722,8.35,Cassava
6649,5322,6723,17.88,Cocoa
6650,5323,6724,7.58,Yam
6651,5324,6725,18.78,Plantain
6652,5325,6726,12.92,Maize
6653,5326,6727,18.63,Rice (Paddy)
6654,5327,6728,14.89,Plantain
6655,5327,6729,2.53,Cocoa
6656,5328,6730,17.89,Cocoa
6657,5329,6731,22.73,Yam
6658,5330,6732,20.55,Rice (Paddy)
6659,5331,6733,0.96,Maize
6660,5332,6734,10.96,Plantain
6661,5333,6735,20.07,Rice (Paddy)
6662,5334,6736,24.28,Plantain
6663,5335,6737,15.74,Yam
6664,5336,6738,14.54,Cocoa
6665,5337,6739,21.58,Rice (Paddy)
6666,5338,6740,13.55,Rice (Paddy)
6667,5339,6741,23.57,Plantain
6668,5340,6742,16.56,Plantain
6669,5341,6743,15.55,Groundnut
6670,5342,6744,8.14,Cocoa
6671,5343,6745,24.33,Cocoa
6672,5344,6746,16.61,Cocoa
6673,5344,6747,17.74,Yam
6674,5345,6748,22.02,Maize
6675,5345,6749,10.73,Cassava
6676,5346,6750,1.35,Groundnut
6677,5347,6751,18.22,Groundnut
6678,5348,6752,23.6,Maize
6679,5348,6753,13.86,Rice (Paddy)
6680,5349,6754,6.9,Cassava
6681,5350,6755,22.54,Cassava
6682,5351,6756,13.64,Cocoa
6683,5352,6757,14.88,Plantain
6684,5353,6758,12.77,Yam
6685,5353,6759,1.54,Maize
6686,5353,6760,5.61,Yam
6687,5354,6761,4.73,Maize
6688,5354,6762,16.31,Cocoa
6689,5354,6763,21.29,Groundnut
6690,5355,6764,7.35,Cocoa
6691,5355,6765,14.59,Maize
6692,5356,6766,2.49,Plantain
6693,5357,6767,24.08,Plantain
6694,5358,6768,8.22,Rice (Paddy)
6695,5358,6769,6.19,Cassava
6696,5358,6770,20.94,Maize
6697,5359,6771,7.92,Groundnut
6698,5359,6772,15.68,Yam
6699,5359,6773,6.16,Rice (Paddy)
6700,5360,6774,4.69,Plantain
6701,5360,6775,3.19,Cassava
6702,5361,6776,14.99,Maize
6703,5361,6777,16.6,Maize
6704,5361,6778,0.85,Maize
6705,5362,6779,23.75,Maize
6706,5363,6780,12.99,Cassava
6707,5364,6781,23.66,Groundnut
6708,5365,6782,8.33,Groundnut
6709,5366,6783,6.28,Groundnut
6710,5367,6784,20.61,Groundnut
6711,5368,6785,11.04,Cocoa
6712,5369,6786,20.13,Cassava
6713,5370,6787,19.17,Yam
6714,5370,6788,6.99,Plantain
6715,5371,6789,10.52,Yam
6716,5372,6790,8.2,Groundnut
6717,5373,6791,12.34,Cassava
6718,5374,6792,13.34,Cassava
6719,5375,6793,12.87,Yam
6720,5376,6794,11.64,Yam
6721,5377,6795,12.22,Cassava
6722,5378,6796,10.62,Plantain
6723,5379,6797,21.31,Groundnut
6724,5380,6798,3.42,Groundnut
6725,5381,6799,4.94,Groundnut
6726,5381,6800,7.19,Cocoa
6727,5382,6801,1.99,Plantain
6728,5382,6802,21.95,Cocoa
6729,5383,6803,21.73,Rice (Paddy)
6730,5384,6804,17.3,Rice (Paddy)
6731,5385,6805,16.3,Maize
6732,5386,6806,18.25,Rice (Paddy)
6733,5387,6807,11.58,Cocoa
6734,5388,6808,16.93,Cocoa
6735,5389,6809,1.27,Groundnut
6736,5390,6810,21.88,Groundnut
6737,5391,6811,11.14,Cocoa
6738,5391,6812,19.47,Rice (Paddy)
6739,5392,6813,8.96,Yam
6740,5393,6814,4.98,Cocoa
6741,5394,6815,14.18,Rice (Paddy)
6742,5394,6816,8.29,Rice (Paddy)
6743,5395,6817,14.83,Cassava
6744,5395,6818,12.99,Groundnut
6745,5395,6819,3.64,Maize
6746,5396,6820,12.96,Groundnut
6747,5397,6821,1.67,Cassava
6748,5398,6822,24.42,Yam
6749,5399,6823,14.94,Plantain
6750,5400,6824,0.88,Groundnut
6751,5401,6825,3.46,Cocoa
6752,5402,6826,0.62,Plantain
6753,5403,6827,22.75,Maize
6754,5404,6828,17.23,Groundnut
6755,5405,6829,15.25,Groundnut
6756,5406,6830,18.11,Rice (Paddy)
6757,5407,6831,24.03,Cocoa
6758,5408,6832,17.87,Rice (Paddy)
6759,5409,6833,10.45,Cassava
6760,5410,6834,7.12,Cassava
6761,5411,6835,6.75,Yam
6762,5412,6836,18.59,Plantain
6763,5413,6837,20.77,Groundnut
6764,5414,6838,9.7,Groundnut
6765,5414,6839,2.79,Cocoa
6766,5415,6840,3.0,Yam
6767,5416,6841,7.9,Yam
6768,5416,6842,13.73,Rice (Paddy)
6769,5417,6843,3.17,Groundnut
6770,5418,6844,22.44,Maize
6771,5418,6845,20.59,Groundnut
6772,5419,6846,13.86,Cocoa
6773,5420,6847,11.26,Plantain
6774,5420,6848,14.36,Maize
6775,5421,6849,18.41,Groundnut
6776,5422,6850,19.4,Plantain
6777,5423,6851,16.28,Maize
6778,5424,6852,3.98,Plantain
6779,5425,6853,13.66,Yam
6780,5426,6854,13.38,Cassava
6781,5427,6855,0.75,Cocoa
6782,5428,6856,8.66,Groundnut
6783,5429,6857,3.97,Cocoa
6784,5429,6858,3.85,Groundnut
6785,5430,6859,2.92,Cassava
6786,5431,6860,23.82,Groundnut
6787,5432,6861,15.32,Yam
6788,5433,6862,12.38,Groundnut
6789,5434,6863,17.26,Cocoa
6790,5435,6864,16.07,Yam
6791,5435,6865,3.53,Cassava
6792,5436,6866,13.16,Rice (Paddy)
6793,5437,6867,11.42,Groundnut
6794,5438,6868,6.3,Rice (Paddy)
6795,5438,6869,18.46,Yam
6796,5439,6870,15.61,Plantain
6797,5439,6871,17.1,Plantain
6798,5439,6872,22.91,Cassava
6799,5440,6873,13.62,Maize
6800,5440,6874,8.94,Maize
6801,5440,6875,14.75,Groundnut
6802,5441,6876,23.46,Plantain
6803,5442,6877,18.04,Yam
6804,5443,6878,9.11,Rice (Paddy)
6805,5444,6879,13.15,Cocoa
6806,5444,6880,12.29,Yam
6807,5445,6881,21.38,Rice (Paddy)
6808,5446,6882,10.29,Plantain
6809,5447,6883,18.5,Plantain
6810,5448,6884,20.23,Maize
6811,5449,6885,14.68,Rice (Paddy)
6812,5450,6886,19.0,Cocoa
6813,5451,6887,6.66,Cocoa
6814,5452,6888,16.44,Maize
6815,5453,6889,10.03,Groundnut
6816,5453,6890,5.88,Cocoa
6817,5454,6891,0.57,Groundnut
6818,5455,6892,21.12,Yam
6819,5456,6893,24.64,Cassava
6820,5457,6894,0.97,Groundnut
6821,5458,6895,13.88,Groundnut
6822,5459,6896,8.8,Groundnut
6823,5460,6897,4.23,Cassava
6824,5461,6898,1.84,Cassava
6825,5462,6899,1.69,Plantain
6826,5463,6900,22.51,Yam
6827,5464,6901,11.09,Groundnut
6828,5465,6902,15.22,Cassava
6829,5466,6903,1.71,Cocoa
6830,5466,6904,24.46,Maize
6831,5466,6905,2.38,Cocoa
6832,5467,6906,2.49,Cassava
6833,5467,6907,12.78,Rice (Paddy)
6834,5467,6908,17.17,Groundnut
6835,5468,6909,3.9,Yam
6836,5469,6910,24.97,Rice (Paddy)
6837,5469,6911,21.18,Cassava
6838,5470,6912,0.78,Plantain
6839,5471,6913,20.68,Maize
6840,5472,6914,18.83,Maize
6841,5473,6915,2.14,Rice (Paddy)
6842,5473,6916,10.76,Cocoa
6843,5474,6917,11.0,Maize
6844,5475,6918,16.95,Cocoa
6845,5476,6919,10.24,Cassava
6846,5477,6920,22.54,Maize
6847,5477,6921,7.7,Rice (Paddy)
6848,5477,6922,23.82,Yam
6849,5478,6923,20.16,Plantain
6850,5479,6924,14.84,Maize
6851,5480,6925,0.82,Cassava
6852,5481,6926,18.34,Groundnut
6853,5482,6927,3.3,Cassava
6854,5483,6928,20.5,Yam
6855,5483,6929,22.44,Cocoa
6856,5484,6930,21.9,Plantain
6857,5485,6931,20.34,Yam
6858,5486,6932,17.57,Plantain
6859,5487,6933,5.39,Plantain
6860,5488,6934,16.29,Cassava
6861,5489,6935,15.29,Rice (Paddy)
6862,5490,6936,12.54,Cocoa
6863,5491,6937,15.44,Yam
6864,5492,6938,18.96,Groundnut
6865,5493,6939,5.05,Plantain
6866,5493,6940,12.69,Yam
6867,5494,6941,13.55,Groundnut
6868,5495,6942,7.79,Groundnut
6869,5496,6943,21.98,Cassava
6870,5497,6944,1.28,Rice (Paddy)
6871,5498,6945,4.82,Maize
6872,5498,6946,14.75,Rice (Paddy)
6873,5499,6947,8.22,Yam
6874,5500,6948,20.76,Yam
6875,5501,6949,9.68,Cocoa
6876,5502,6950,10.81,Yam
6877,5502,6951,12.74,Plantain
6878,5503,6952,16.0,Cassava
6879,5503,6953,10.48,Groundnut
6880,5504,6954,18.69,Cassava
6881,5505,6955,13.68,Rice (Paddy)
6882,5506,6956,23.2,Maize
6883,5507,6957,12.3,Cocoa
6884,5508,6958,3.28,Maize
6885,5509,6959,18.39,Cocoa
6886,5510,6960,20.48,Maize
6887,5511,6961,24.33,Plantain
6888,5512,6962,22.17,Maize
6889,5513,6963,12.5,Cassava
6890,5514,6964,0.76,Yam
6891,5515,6965,16.01,Groundnut
6892,5516,6966,11.04,Cocoa
6893,5517,6967,13.38,Cocoa
6894,5517,6968,5.61,Yam
6895,5518,6969,19.7,Rice (Paddy)
6896,5519,6970,5.81,Plantain
6897,5520,6971,21.89,Cassava
6898,5521,6972,5.36,Groundnut
6899,5521,6973,17.77,Plantain
6900,5522,6974,17.52,Cocoa
6901,5523,6975,11.43,Plantain
6902,5524,6976,19.89,Plantain
6903,5525,6977,11.14,Yam
6904,5526,6978,20.4,Rice (Paddy)
6905,5527,6979,8.78,Groundnut
6906,5528,6980,14.58,Cocoa
6907,5528,6981,10.2,Rice (Paddy)
6908,5529,6982,14.53,Yam
6909,5530,6983,1.85,Yam
6910,5531,6984,18.33,Groundnut
6911,5532,6985,12.8,Yam
6912,5532,6986,14.25,Groundnut
6913,5532,6987,9.85,Cassava
6914,5533,6988,15.87,Plantain
6915,5534,6989,13.96,Rice (Paddy)
6916,5535,6990,7.54,Groundnut
6917,5536,6991,8.12,Cassava
6918,5537,6992,7.31,Cocoa
6919,5538,6993,3.4,Rice (Paddy)
6920,5539,6994,13.93,Cocoa
6921,5540,6995,3.33,Cocoa
6922,5541,6996,16.5,Cassava
6923,5542,6997,5.93,Cassava
6924,5543,6998,20.61,Plantain
6925,5544,6999,14.76,Cocoa
6926,5545,7000,14.66,Cocoa
6927,5545,7001,17.82,Plantain
6928,5546,7002,12.57,Yam
6929,5547,7003,21.76,Yam
6930,5548,7004,17.11,Rice (Paddy)
6931,5548,7005,19.38,Maize
6932,5549,7006,8.53,Cassava
6933,5549,7007,13.16,Maize
6934,5549,7008,2.6,Maize
6935,5550,7009,4.16,Plantain
6936,5551,7010,17.98,Cassava
6937,5552,7011,0.91,Rice (Paddy)
6938,5553,7012,15.77,Groundnut
6939,5554,7013,17.79,Groundnut
6940,5555,7014,2.03,Cocoa
6941,5555,7015,7.01,Maize
6942,5556,7016,5.46,Cocoa
6943,5557,7017,18.24,Yam
6944,5557,7018,18.61,Groundnut
6945,5558,7019,6.23,Yam
6946,5559,7020,6.98,Maize
6947,5560,7021,19.01,Cocoa
6948,5561,7022,24.01,Cassava
6949,5562,7023,10.43,Rice (Paddy)
6950,5562,7024,7.02,Rice (Paddy)
6951,5563,7025,20.56,Rice (Paddy)
6952,5564,7026,15.69,Maize
6953,5565,7027,24.27,Groundnut
6954,5565,7028,19.86,Plantain
6955,5565,7029,14.53,Maize
6956,5566,7030,10.72,Plantain
6957,5566,7031,5.64,Groundnut
6958,5567,7032,23.45,Yam
6959,5567,7033,10.61,Yam
6960,5567,7034,16.19,Maize
6961,5568,7035,24.15,Groundnut
6962,5569,7036,15.02,Plantain
6963,5570,7037,24.01,Cassava
6964,5570,7038,13.43,Yam
6965,5571,7039,10.92,Plantain
6966,5572,7040,18.84,Groundnut
6967,5573,7041,7.33,Groundnut
6968,5574,7042,21.38,Cocoa
6969,5575,7043,11.78,Yam
6970,5576,7044,21.1,Groundnut
6971,5577,7045,4.42,Cassava
6972,5577,7046,5.03,Cassava
6973,5578,7047,14.2,Maize
6974,5579,7048,17.27,Cassava
6975,5579,7049,19.29,Cassava
6976,5580,7050,3.35,Yam
6977,5580,7051,4.4,Groundnut
6978,5581,7052,20.49,Groundnut
6979,5582,7053,8.3,Maize
6980,5583,7054,12.86,Yam
6981,5584,7055,19.49,Cassava
6982,5585,7056,3.13,Rice (Paddy)
6983,5586,7057,13.39,Rice (Paddy)
6984,5586,7058,8.55,Rice (Paddy)
6985,5587,7059,14.81,Plantain
6986,5588,7060,1.06,Maize
6987,5589,7061,10.14,Cassava
6988,5590,7062,12.84,Plantain
6989,5591,7063,20.59,Cassava
6990,5591,7064,19.03,Rice (Paddy)
6991,5592,7065,14.99,Cassava
6992,5593,7066,10.5,Groundnut
6993,5594,7067,3.98,Plantain
6994,5595,7068,23.56,Rice (Paddy)
6995,5596,7069,4.82,Yam
6996,5597,7070,21.31,Rice (Paddy)
6997,5598,7071,23.6,Plantain
6998,5599,7072,23.15,Groundnut
6999,5600,7073,3.23,Yam
