account_ref_id,customer_id,supplier_id,account_type,account_status,opened_date
1,2,,wallet,active,2020-04-18
2,5,,wallet,active,2026-05-10
3,9,,wallet,active,2019-11-10
4,14,,wallet,active,2025-02-17
5,18,,wallet,active,2023-04-29
6,20,,wallet,active,2021-08-10
7,21,,wallet,active,2023-08-02
8,30,,wallet,active,2025-12-30
9,35,,wallet,active,2022-10-13
10,36,,wallet,active,2019-01-28
11,38,,wallet,active,2023-11-20
12,39,,wallet,active,2022-07-12
13,41,,wallet,active,2025-03-22
14,42,,wallet,active,2026-01-30
15,47,,wallet,active,2026-01-03
16,50,,wallet,active,2020-10-19
17,53,,wallet,active,2019-11-01
18,56,,wallet,active,2019-05-21
19,58,,wallet,active,2021-05-20
20,64,,wallet,active,2026-04-26
21,67,,wallet,active,2019-07-18
22,68,,wallet,active,2026-04-03
23,70,,wallet,active,2019-07-12
24,71,,wallet,active,2023-09-20
25,75,,wallet,active,2022-05-23
26,82,,wallet,active,2020-01-31
27,85,,wallet,active,2021-11-15
28,91,,wallet,active,2024-02-10
29,92,,wallet,active,2020-06-15
30,95,,wallet,active,2019-12-10
31,96,,wallet,active,2024-04-05
32,97,,wallet,active,2020-11-18
33,104,,wallet,active,2022-10-18
34,106,,wallet,active,2020-07-01
35,109,,wallet,active,2024-05-19
36,113,,wallet,active,2022-03-04
37,114,,wallet,active,2024-01-20
38,115,,wallet,active,2019-11-19
39,118,,wallet,active,2022-10-16
40,119,,wallet,active,2021-08-01
41,122,,wallet,active,2021-09-08
42,128,,wallet,active,2024-02-13
43,129,,wallet,active,2023-09-18
44,130,,wallet,active,2022-05-26
45,132,,wallet,active,2026-01-09
46,134,,wallet,active,2022-09-01
47,136,,wallet,active,2021-12-28
48,138,,wallet,active,2020-05-13
49,139,,wallet,active,2019-06-03
50,149,,wallet,active,2022-03-30
51,155,,wallet,active,2021-11-28
52,160,,wallet,active,2025-01-03
53,166,,wallet,active,2022-07-19
54,167,,wallet,active,2023-01-09
55,170,,wallet,active,2025-02-15
56,174,,wallet,active,2022-11-23
57,176,,wallet,active,2024-02-10
58,180,,wallet,active,2022-11-20
59,186,,wallet,active,2025-12-11
60,189,,wallet,active,2023-12-12
61,194,,wallet,active,2020-01-09
62,199,,wallet,active,2019-07-17
63,205,,wallet,active,2022-06-24
64,208,,wallet,active,2019-05-29
65,223,,wallet,active,2021-01-22
66,224,,wallet,active,2024-07-25
67,225,,wallet,active,2023-01-08
68,226,,wallet,active,2023-05-18
69,228,,wallet,active,2019-04-30
70,229,,wallet,active,2020-11-27
71,232,,wallet,active,2024-10-27
72,233,,wallet,active,2024-07-08
73,238,,wallet,active,2024-07-28
74,243,,wallet,active,2026-01-25
75,247,,wallet,active,2023-07-13
76,248,,wallet,active,2019-05-08
77,249,,wallet,active,2022-06-18
78,250,,wallet,active,2025-12-19
79,253,,wallet,active,2024-07-05
80,254,,wallet,active,2025-08-04
81,258,,wallet,active,2020-11-16
82,273,,wallet,active,2020-03-31
83,274,,wallet,active,2026-04-22
84,278,,wallet,active,2023-09-13
85,284,,wallet,active,2023-04-22
86,285,,wallet,active,2020-07-07
87,287,,wallet,active,2025-08-09
88,293,,wallet,active,2022-12-26
89,295,,wallet,active,2019-03-14
90,296,,wallet,active,2025-10-15
91,297,,wallet,active,2020-07-05
92,299,,wallet,active,2022-07-19
93,308,,wallet,active,2024-05-21
94,317,,wallet,active,2025-03-28
95,318,,wallet,active,2021-03-13
96,321,,wallet,active,2021-07-18
97,333,,wallet,active,2024-04-25
98,342,,wallet,active,2025-02-10
99,347,,wallet,active,2023-10-07
100,352,,wallet,active,2023-11-21
101,353,,wallet,active,2022-09-08
102,354,,wallet,active,2023-07-09
103,364,,wallet,active,2019-04-16
104,365,,wallet,active,2021-09-04
105,373,,wallet,active,2024-01-04
106,380,,wallet,active,2024-11-20
107,389,,wallet,active,2019-10-16
108,399,,wallet,active,2026-01-26
109,401,,wallet,active,2020-04-22
110,406,,wallet,active,2025-09-02
111,408,,wallet,active,2020-08-12
112,415,,wallet,active,2023-01-27
113,416,,wallet,active,2023-10-30
114,426,,wallet,active,2020-06-21
115,427,,wallet,active,2022-08-06
116,429,,wallet,active,2022-09-10
117,432,,wallet,active,2019-01-30
118,436,,wallet,active,2022-02-01
119,441,,wallet,active,2025-12-23
120,444,,wallet,active,2025-01-29
121,452,,wallet,active,2020-07-30
122,457,,wallet,active,2021-07-07
123,458,,wallet,active,2023-06-23
124,463,,wallet,active,2020-02-17
125,464,,wallet,active,2019-08-30
126,468,,wallet,active,2025-09-06
127,471,,wallet,active,2019-05-10
128,481,,wallet,active,2023-03-09
129,501,,wallet,active,2023-11-11
130,505,,wallet,active,2023-03-24
131,509,,wallet,active,2022-08-10
132,510,,wallet,active,2021-08-16
133,512,,wallet,active,2020-06-18
134,515,,wallet,active,2022-03-19
135,527,,wallet,active,2025-02-20
136,532,,wallet,active,2019-12-05
137,533,,wallet,active,2021-08-16
138,537,,wallet,active,2025-01-01
139,542,,wallet,active,2021-08-27
140,544,,wallet,active,2022-04-04
141,545,,wallet,active,2021-11-23
142,547,,wallet,active,2020-06-24
143,548,,wallet,active,2024-10-06
144,550,,wallet,active,2019-03-11
145,551,,wallet,active,2022-09-15
146,554,,wallet,active,2026-02-17
147,558,,wallet,active,2024-03-07
148,561,,wallet,active,2024-04-20
149,562,,wallet,active,2020-07-31
150,566,,wallet,active,2020-07-20
151,568,,wallet,active,2022-04-26
152,570,,wallet,active,2024-10-16
153,571,,wallet,active,2024-01-04
154,573,,wallet,active,2024-12-09
155,575,,wallet,active,2025-11-07
156,576,,wallet,active,2025-10-16
157,578,,wallet,active,2023-10-22
158,579,,wallet,active,2019-07-06
159,580,,wallet,active,2020-12-27
160,581,,wallet,active,2026-06-28
161,582,,wallet,active,2019-04-03
162,585,,wallet,active,2019-11-04
163,590,,wallet,active,2020-03-10
164,602,,wallet,active,2021-05-23
165,604,,wallet,active,2024-01-17
166,605,,wallet,active,2021-12-21
167,608,,wallet,active,2021-04-11
168,609,,wallet,active,2026-01-14
169,610,,wallet,active,2021-04-14
170,612,,wallet,active,2023-02-19
171,613,,wallet,active,2023-03-06
172,616,,wallet,active,2024-12-16
173,617,,wallet,active,2025-03-03
174,620,,wallet,active,2021-09-24
175,626,,wallet,active,2026-04-23
176,632,,wallet,active,2025-12-17
177,637,,wallet,active,2024-07-07
178,639,,wallet,active,2023-07-13
179,641,,wallet,active,2025-05-07
180,645,,wallet,active,2023-11-26
181,646,,wallet,active,2020-02-28
182,648,,wallet,active,2025-07-16
183,650,,wallet,active,2019-12-25
184,651,,wallet,active,2024-11-09
185,658,,wallet,active,2025-07-24
186,660,,wallet,active,2021-10-20
187,667,,wallet,active,2021-05-07
188,670,,wallet,active,2021-01-08
189,675,,wallet,active,2019-12-11
190,676,,wallet,active,2023-03-16
191,678,,wallet,active,2021-08-27
192,681,,wallet,active,2022-09-01
193,687,,wallet,active,2023-09-17
194,689,,wallet,active,2019-11-01
195,695,,wallet,active,2025-08-13
196,697,,wallet,active,2024-11-08
197,699,,wallet,active,2025-11-30
198,703,,wallet,active,2024-01-15
199,705,,wallet,active,2020-12-09
200,706,,wallet,active,2026-01-05
201,708,,wallet,active,2020-01-25
202,712,,wallet,active,2023-06-21
203,713,,wallet,active,2025-05-02
204,714,,wallet,active,2022-04-08
205,716,,wallet,active,2019-09-18
206,717,,wallet,active,2020-08-04
207,720,,wallet,active,2019-06-06
208,722,,wallet,active,2024-01-04
209,725,,wallet,active,2019-01-04
210,744,,wallet,active,2026-06-11
211,749,,wallet,active,2023-06-28
212,750,,wallet,active,2022-01-23
213,751,,wallet,active,2022-10-05
214,756,,wallet,active,2021-03-24
215,765,,wallet,active,2026-04-01
216,776,,wallet,active,2025-07-27
217,787,,wallet,active,2025-05-27
218,789,,wallet,active,2023-08-07
219,791,,wallet,active,2019-04-10
220,796,,wallet,active,2022-06-30
221,803,,wallet,active,2025-07-05
222,809,,wallet,active,2025-07-14
223,815,,wallet,active,2022-05-07
224,819,,wallet,active,2019-09-04
225,820,,wallet,active,2024-09-11
226,825,,wallet,active,2023-08-09
227,830,,wallet,active,2019-05-16
228,833,,wallet,active,2023-09-21
229,834,,wallet,active,2022-02-07
230,835,,wallet,active,2024-10-11
231,837,,wallet,active,2026-04-04
232,838,,wallet,active,2019-08-03
233,845,,wallet,active,2025-07-13
234,846,,wallet,active,2026-02-02
235,848,,wallet,active,2019-01-21
236,853,,wallet,active,2026-06-22
237,855,,wallet,active,2023-10-25
238,856,,wallet,active,2020-07-22
239,859,,wallet,active,2021-07-24
240,863,,wallet,active,2024-08-18
241,864,,wallet,active,2024-06-28
242,865,,wallet,active,2025-04-11
243,866,,wallet,active,2019-02-25
244,872,,wallet,active,2020-06-30
245,873,,wallet,active,2026-06-12
246,876,,wallet,active,2025-11-03
247,877,,wallet,active,2021-05-31
248,880,,wallet,active,2023-12-28
249,881,,wallet,active,2021-11-24
250,883,,wallet,active,2020-07-16
251,884,,wallet,active,2024-09-13
252,885,,wallet,active,2022-11-14
253,888,,wallet,active,2025-03-30
254,889,,wallet,active,2025-07-02
255,890,,wallet,active,2020-07-07
256,892,,wallet,active,2021-08-16
257,895,,wallet,active,2022-07-26
258,898,,wallet,active,2019-07-28
259,899,,wallet,active,2022-10-23
260,904,,wallet,active,2025-10-14
261,906,,wallet,active,2022-08-04
262,908,,wallet,active,2023-04-03
263,916,,wallet,active,2024-01-04
264,921,,wallet,active,2020-04-17
265,922,,wallet,active,2024-06-18
266,927,,wallet,active,2025-03-11
267,928,,wallet,active,2021-07-04
268,929,,wallet,active,2024-02-07
269,936,,wallet,active,2021-04-28
270,941,,wallet,active,2023-01-03
271,951,,wallet,active,2024-02-16
272,970,,wallet,active,2022-07-03
273,972,,wallet,active,2023-06-04
274,975,,wallet,active,2024-05-08
275,976,,wallet,active,2024-02-01
276,980,,wallet,active,2019-09-26
277,982,,wallet,active,2019-11-19
278,988,,wallet,active,2023-04-03
279,991,,wallet,active,2019-09-27
280,992,,wallet,active,2025-07-28
281,994,,wallet,active,2020-01-24
282,996,,wallet,active,2025-03-04
283,999,,wallet,active,2020-08-03
284,1002,,wallet,active,2024-09-19
285,1003,,wallet,active,2022-09-06
286,1004,,wallet,active,2020-10-03
287,1005,,wallet,active,2024-05-10
288,1023,,wallet,active,2024-09-24
289,1024,,wallet,active,2025-02-09
290,1029,,wallet,active,2019-07-02
291,1038,,wallet,active,2025-08-19
292,1039,,wallet,active,2019-06-17
293,1040,,wallet,active,2021-07-04
294,1042,,wallet,active,2024-07-28
295,1045,,wallet,active,2025-06-13
296,1046,,wallet,active,2022-10-05
297,1047,,wallet,active,2026-06-29
298,1048,,wallet,active,2025-02-20
299,1056,,wallet,active,2024-11-23
300,1057,,wallet,active,2019-12-03
301,1059,,wallet,active,2022-06-26
302,1063,,wallet,active,2026-03-25
303,1064,,wallet,active,2026-04-25
304,1072,,wallet,active,2025-11-13
305,1087,,wallet,active,2024-12-11
306,1092,,wallet,active,2023-05-04
307,1093,,wallet,active,2025-11-16
308,1096,,wallet,active,2019-08-15
309,1099,,wallet,active,2022-12-16
310,1100,,wallet,active,2022-05-14
311,1108,,wallet,active,2024-05-19
312,1109,,wallet,active,2021-06-10
313,1111,,wallet,active,2022-05-23
314,1113,,wallet,active,2021-04-09
315,1118,,wallet,active,2025-11-27
316,1126,,wallet,active,2023-03-16
317,1132,,wallet,active,2022-05-22
318,1142,,wallet,active,2023-01-26
319,1145,,wallet,active,2025-08-31
320,1149,,wallet,active,2022-10-01
321,1150,,wallet,active,2019-02-24
322,1158,,wallet,active,2021-02-21
323,1159,,wallet,active,2022-03-28
324,1168,,wallet,active,2025-10-11
325,1169,,wallet,active,2026-04-07
326,1172,,wallet,active,2025-10-28
327,1176,,wallet,active,2021-11-06
328,1179,,wallet,active,2025-07-23
329,1190,,wallet,active,2020-06-06
330,1194,,wallet,active,2024-04-17
331,1204,,wallet,active,2019-02-21
332,1205,,wallet,active,2023-09-04
333,1213,,wallet,active,2022-03-16
334,1216,,wallet,active,2023-03-19
335,1218,,wallet,active,2025-08-22
336,1220,,wallet,active,2019-12-04
337,1224,,wallet,active,2024-04-07
338,1226,,wallet,active,2022-03-07
339,1233,,wallet,active,2021-11-26
340,1236,,wallet,active,2019-02-23
341,1237,,wallet,active,2023-02-04
342,1247,,wallet,active,2024-11-14
343,1249,,wallet,active,2024-08-23
344,1253,,wallet,active,2021-04-05
345,1255,,wallet,active,2022-02-12
346,1259,,wallet,active,2021-03-18
347,1261,,wallet,active,2026-01-07
348,1263,,wallet,active,2022-09-21
349,1265,,wallet,active,2023-03-29
350,1266,,wallet,active,2021-09-23
351,1267,,wallet,active,2019-04-19
352,1270,,wallet,active,2024-04-26
353,1271,,wallet,active,2026-03-19
354,1272,,wallet,active,2019-05-18
355,1277,,wallet,active,2019-01-27
356,1279,,wallet,active,2025-09-29
357,1282,,wallet,active,2026-03-14
358,1284,,wallet,active,2021-12-12
359,1287,,wallet,active,2019-09-19
360,1290,,wallet,active,2020-01-21
361,1294,,wallet,active,2021-05-08
362,1295,,wallet,active,2021-02-20
363,1298,,wallet,active,2023-09-23
364,1300,,wallet,active,2021-11-15
365,1304,,wallet,active,2023-12-01
366,1305,,wallet,active,2022-05-15
367,1309,,wallet,active,2019-09-10
368,1310,,wallet,active,2020-04-02
369,1312,,wallet,active,2025-10-06
370,1315,,wallet,active,2025-06-25
371,1316,,wallet,active,2026-05-09
372,1317,,wallet,active,2025-06-21
373,1319,,wallet,active,2025-09-01
374,1324,,wallet,active,2022-03-29
375,1332,,wallet,active,2021-12-09
376,1338,,wallet,active,2021-09-18
377,1346,,wallet,active,2022-02-01
378,1353,,wallet,active,2022-06-21
379,1355,,wallet,active,2020-08-05
380,1362,,wallet,active,2025-11-06
381,1363,,wallet,active,2024-01-02
382,1364,,wallet,active,2026-02-27
383,1367,,wallet,active,2024-09-19
384,1373,,wallet,active,2019-11-02
385,1378,,wallet,active,2019-03-22
386,1380,,wallet,active,2019-06-01
387,1381,,wallet,active,2020-06-22
388,1382,,wallet,active,2023-05-27
389,1386,,wallet,active,2022-12-22
390,1392,,wallet,active,2019-12-24
391,1394,,wallet,active,2022-11-03
392,1397,,wallet,active,2022-08-08
393,1400,,wallet,active,2025-10-11
394,1401,,wallet,active,2019-09-30
395,1404,,wallet,active,2022-02-18
396,1407,,wallet,active,2023-11-10
397,1409,,wallet,active,2023-03-15
398,1414,,wallet,active,2020-08-14
399,1415,,wallet,active,2026-04-16
400,1418,,wallet,active,2020-03-02
401,1421,,wallet,active,2026-01-14
402,1422,,wallet,active,2025-07-11
403,1425,,wallet,active,2022-09-09
404,1429,,wallet,active,2023-04-06
405,1430,,wallet,active,2021-05-28
406,1431,,wallet,active,2019-05-02
407,1432,,wallet,active,2023-07-09
408,1433,,wallet,active,2025-02-26
409,1437,,wallet,active,2020-01-13
410,1444,,wallet,active,2024-02-23
411,1450,,wallet,active,2022-02-10
412,1458,,wallet,active,2021-05-27
413,1461,,wallet,active,2022-07-16
414,1462,,wallet,active,2023-08-28
415,1465,,wallet,active,2023-04-06
416,1466,,wallet,active,2025-12-06
417,1467,,wallet,active,2019-02-03
418,1473,,wallet,active,2025-12-22
419,1475,,wallet,active,2025-10-17
420,1479,,wallet,active,2019-07-18
421,1481,,wallet,active,2020-08-23
422,1482,,wallet,active,2024-04-27
423,1491,,wallet,active,2022-11-03
424,1492,,wallet,active,2022-08-07
425,1501,,wallet,active,2026-05-10
426,1502,,wallet,active,2024-12-27
427,1503,,wallet,active,2019-12-13
428,1508,,wallet,active,2020-02-09
429,1510,,wallet,active,2024-09-16
430,1511,,wallet,active,2021-07-12
431,1512,,wallet,active,2022-04-26
432,1513,,wallet,active,2024-01-22
433,1515,,wallet,active,2025-07-09
434,1516,,wallet,active,2021-07-14
435,1521,,wallet,active,2024-08-16
436,1524,,wallet,active,2025-01-02
437,1525,,wallet,active,2022-03-22
438,1527,,wallet,active,2025-02-13
439,1535,,wallet,active,2023-06-16
440,1539,,wallet,active,2022-02-22
441,1540,,wallet,active,2020-05-28
442,1542,,wallet,active,2026-02-17
443,1543,,wallet,active,2025-08-14
444,1546,,wallet,active,2025-08-21
445,1548,,wallet,active,2019-10-04
446,1549,,wallet,active,2026-05-03
447,1551,,wallet,active,2021-11-04
448,1553,,wallet,active,2021-08-10
449,1561,,wallet,active,2021-04-17
450,1563,,wallet,active,2019-01-29
451,1565,,wallet,active,2021-08-21
452,1566,,wallet,active,2020-07-21
453,1568,,wallet,active,2025-11-21
454,1571,,wallet,active,2019-11-14
455,1574,,wallet,active,2021-09-12
456,1575,,wallet,active,2022-02-08
457,1578,,wallet,active,2025-06-05
458,1580,,wallet,active,2024-03-08
459,1583,,wallet,active,2019-01-07
460,1585,,wallet,active,2024-10-14
461,1586,,wallet,active,2023-12-13
462,1595,,wallet,active,2024-10-23
463,1600,,wallet,active,2020-09-20
464,1605,,wallet,active,2023-08-12
465,1606,,wallet,active,2022-04-24
466,1607,,wallet,active,2025-08-26
467,1609,,wallet,active,2025-09-27
468,1612,,wallet,active,2025-01-22
469,1615,,wallet,active,2023-01-07
470,1616,,wallet,active,2020-04-05
471,1620,,wallet,active,2022-06-01
472,1634,,wallet,active,2020-11-23
473,1635,,wallet,active,2026-04-05
474,1637,,wallet,active,2024-02-04
475,1640,,wallet,active,2025-03-13
476,1643,,wallet,active,2019-04-28
477,1644,,wallet,active,2021-08-26
478,1647,,wallet,active,2021-09-02
479,1648,,wallet,active,2021-05-01
480,1653,,wallet,active,2025-01-04
481,1655,,wallet,active,2022-08-10
482,1658,,wallet,active,2020-06-14
483,1667,,wallet,active,2022-07-18
484,1672,,wallet,active,2025-09-23
485,1674,,wallet,active,2024-10-27
486,1678,,wallet,active,2022-07-20
487,1680,,wallet,active,2022-02-24
488,1684,,wallet,active,2019-12-03
489,1685,,wallet,active,2022-04-17
490,1687,,wallet,active,2022-04-29
491,1688,,wallet,active,2021-01-19
492,1690,,wallet,active,2023-06-03
493,1693,,wallet,active,2021-11-26
494,1694,,wallet,active,2020-05-02
495,1695,,wallet,active,2024-07-29
496,1699,,wallet,active,2022-05-25
497,1701,,wallet,active,2023-07-13
498,1703,,wallet,active,2022-11-21
499,1705,,wallet,active,2020-07-05
500,1719,,wallet,active,2024-07-01
501,1721,,wallet,active,2023-10-15
502,1722,,wallet,active,2021-12-12
503,1725,,wallet,active,2022-01-20
504,1732,,wallet,active,2026-01-02
505,1734,,wallet,active,2023-07-16
506,1740,,wallet,active,2025-03-22
507,1743,,wallet,active,2023-12-17
508,1746,,wallet,active,2025-10-03
509,1747,,wallet,active,2020-12-22
510,1748,,wallet,active,2025-02-02
511,1758,,wallet,active,2019-05-07
512,1760,,wallet,active,2024-04-19
513,1761,,wallet,active,2021-03-13
514,1762,,wallet,active,2022-10-09
515,1769,,wallet,active,2023-08-27
516,1773,,wallet,active,2024-01-12
517,1788,,wallet,active,2021-06-07
518,1791,,wallet,active,2025-01-25
519,1794,,wallet,active,2023-05-12
520,1799,,wallet,active,2020-11-25
521,1802,,wallet,active,2021-09-12
522,1807,,wallet,active,2025-03-08
523,1812,,wallet,active,2021-04-03
524,1813,,wallet,active,2022-05-01
525,1815,,wallet,active,2020-12-20
526,1822,,wallet,active,2026-04-04
527,1823,,wallet,active,2024-08-31
528,1825,,wallet,active,2025-01-18
529,1826,,wallet,active,2019-03-17
530,1830,,wallet,active,2019-10-17
531,1832,,wallet,active,2019-10-21
532,1835,,wallet,active,2023-11-28
533,1839,,wallet,active,2019-07-21
534,1840,,wallet,active,2025-04-10
535,1848,,wallet,active,2024-12-14
536,1851,,wallet,active,2023-04-14
537,1859,,wallet,active,2025-01-17
538,1863,,wallet,active,2025-07-10
539,1865,,wallet,active,2023-07-01
540,1873,,wallet,active,2021-12-09
541,1878,,wallet,active,2024-03-08
542,1879,,wallet,active,2023-08-14
543,1884,,wallet,active,2022-02-06
544,1887,,wallet,active,2020-11-29
545,1889,,wallet,active,2025-12-07
546,1890,,wallet,active,2023-02-03
547,1892,,wallet,active,2021-02-09
548,1897,,wallet,active,2021-09-09
549,1901,,wallet,active,2021-01-02
550,1907,,wallet,active,2019-12-12
551,1908,,wallet,active,2022-11-15
552,1912,,wallet,active,2023-08-11
553,1913,,wallet,active,2024-05-23
554,1914,,wallet,active,2023-01-15
555,1916,,wallet,active,2021-12-10
556,1918,,wallet,active,2022-03-10
557,1921,,wallet,active,2021-07-04
558,1922,,wallet,active,2020-04-30
559,1927,,wallet,active,2019-08-01
560,1930,,wallet,active,2020-03-18
561,1941,,wallet,active,2022-06-18
562,1943,,wallet,active,2022-01-07
563,1945,,wallet,active,2023-10-21
564,1958,,wallet,active,2021-04-07
565,1965,,wallet,active,2020-01-25
566,1969,,wallet,active,2019-06-09
567,1973,,wallet,active,2026-03-28
568,1974,,wallet,active,2021-02-07
569,1976,,wallet,active,2022-11-16
570,1980,,wallet,active,2022-04-17
571,1984,,wallet,active,2026-03-04
572,1989,,wallet,active,2025-09-12
573,1990,,wallet,active,2019-11-08
574,1994,,wallet,active,2025-01-12
575,1996,,wallet,active,2022-04-10
576,2003,,wallet,active,2021-11-25
577,2008,,wallet,active,2022-04-17
578,2011,,wallet,active,2024-06-29
579,2014,,wallet,active,2019-06-27
580,2015,,wallet,active,2019-11-29
581,2016,,wallet,active,2024-05-31
582,2019,,wallet,active,2022-03-01
583,2027,,wallet,active,2023-02-26
584,2028,,wallet,active,2023-06-24
585,2034,,wallet,active,2021-01-09
586,2038,,wallet,active,2023-11-29
587,2043,,wallet,active,2023-03-13
588,2047,,wallet,active,2024-06-27
589,2049,,wallet,active,2025-06-23
590,2057,,wallet,active,2023-02-16
591,2060,,wallet,active,2025-08-06
592,2061,,wallet,active,2021-06-14
593,2063,,wallet,active,2019-07-01
594,2066,,wallet,active,2023-07-28
595,2073,,wallet,active,2025-11-10
596,2074,,wallet,active,2022-03-31
597,2077,,wallet,active,2026-05-10
598,2078,,wallet,active,2024-09-12
599,2083,,wallet,active,2020-11-06
600,2089,,wallet,active,2025-03-21
601,2094,,wallet,active,2023-02-07
602,2096,,wallet,active,2021-11-21
603,2097,,wallet,active,2022-05-17
604,2099,,wallet,active,2023-09-28
605,2102,,wallet,active,2026-05-21
606,2106,,wallet,active,2022-04-29
607,2107,,wallet,active,2019-05-17
608,2108,,wallet,active,2020-03-14
609,2109,,wallet,active,2022-12-01
610,2114,,wallet,active,2025-03-06
611,2119,,wallet,active,2026-05-24
612,2133,,wallet,active,2025-04-10
613,2134,,wallet,active,2019-12-05
614,2135,,wallet,active,2019-04-18
615,2142,,wallet,active,2026-01-14
616,2143,,wallet,active,2026-01-16
617,2146,,wallet,active,2021-08-18
618,2147,,wallet,active,2021-09-15
619,2148,,wallet,active,2019-02-27
620,2150,,wallet,active,2026-05-19
621,2152,,wallet,active,2022-03-16
622,2154,,wallet,active,2020-04-11
623,2155,,wallet,active,2021-07-13
624,2158,,wallet,active,2023-03-15
625,2166,,wallet,active,2021-02-06
626,2175,,wallet,active,2025-09-18
627,2177,,wallet,active,2023-08-28
628,2184,,wallet,active,2021-06-04
629,2185,,wallet,active,2025-11-02
630,2190,,wallet,active,2026-06-05
631,2192,,wallet,active,2019-12-18
632,2193,,wallet,active,2025-09-15
633,2195,,wallet,active,2021-10-30
634,2204,,wallet,active,2021-12-27
635,2210,,wallet,active,2022-06-01
636,2211,,wallet,active,2025-11-28
637,2212,,wallet,active,2022-08-09
638,2217,,wallet,active,2020-05-02
639,2219,,wallet,active,2020-08-22
640,2220,,wallet,active,2022-02-27
641,2225,,wallet,active,2024-11-10
642,2227,,wallet,active,2023-03-14
643,2229,,wallet,active,2024-08-04
644,2241,,wallet,active,2019-01-03
645,2243,,wallet,active,2025-03-05
646,2247,,wallet,active,2020-10-22
647,2251,,wallet,active,2024-12-21
648,2255,,wallet,active,2021-06-25
649,2258,,wallet,active,2023-09-07
650,2260,,wallet,active,2024-07-30
651,2261,,wallet,active,2022-07-15
652,2262,,wallet,active,2025-06-30
653,2270,,wallet,active,2021-02-14
654,2272,,wallet,active,2024-12-04
655,2273,,wallet,active,2024-03-17
656,2277,,wallet,active,2022-02-07
657,2280,,wallet,active,2022-06-23
658,2282,,wallet,active,2024-10-30
659,2284,,wallet,active,2022-10-05
660,2293,,wallet,active,2025-05-24
661,2297,,wallet,active,2022-12-11
662,2301,,wallet,active,2024-11-04
663,2304,,wallet,active,2023-01-25
664,2312,,wallet,active,2023-03-25
665,2313,,wallet,active,2023-06-04
666,2319,,wallet,active,2019-05-08
667,2321,,wallet,active,2021-04-21
668,2324,,wallet,active,2022-01-22
669,2325,,wallet,active,2024-06-28
670,2330,,wallet,active,2025-07-15
671,2332,,wallet,active,2022-06-26
672,2337,,wallet,active,2026-02-24
673,2350,,wallet,active,2020-02-20
674,2352,,wallet,active,2019-10-16
675,2366,,wallet,active,2020-01-21
676,2367,,wallet,active,2025-04-30
677,2371,,wallet,active,2019-06-07
678,2376,,wallet,active,2020-11-01
679,2377,,wallet,active,2023-01-31
680,2381,,wallet,active,2024-12-02
681,2382,,wallet,active,2023-03-23
682,2384,,wallet,active,2026-06-18
683,2386,,wallet,active,2021-12-16
684,2394,,wallet,active,2025-01-24
685,2403,,wallet,active,2022-02-28
686,2407,,wallet,active,2020-05-02
687,2409,,wallet,active,2024-03-22
688,2410,,wallet,active,2025-02-02
689,2411,,wallet,active,2023-01-23
690,2412,,wallet,active,2022-07-08
691,2422,,wallet,active,2022-11-23
692,2425,,wallet,active,2025-12-12
693,2426,,wallet,active,2019-01-24
694,2430,,wallet,active,2020-10-30
695,2431,,wallet,active,2020-01-22
696,2432,,wallet,active,2025-08-19
697,2435,,wallet,active,2024-07-09
698,2438,,wallet,active,2021-07-13
699,2441,,wallet,active,2021-11-04
700,2442,,wallet,active,2025-03-25
701,2443,,wallet,active,2019-11-14
702,2444,,wallet,active,2025-09-03
703,2451,,wallet,active,2026-06-16
704,2452,,wallet,active,2020-12-21
705,2461,,wallet,active,2025-01-03
706,2469,,wallet,active,2019-12-22
707,2471,,wallet,active,2024-05-27
708,2474,,wallet,active,2023-06-08
709,2478,,wallet,active,2020-10-17
710,2485,,wallet,active,2020-10-28
711,2486,,wallet,active,2020-03-21
712,2488,,wallet,active,2020-05-05
713,2489,,wallet,active,2024-07-13
714,2491,,wallet,active,2024-11-22
715,2494,,wallet,active,2026-02-09
716,2497,,wallet,active,2021-04-20
717,2504,,wallet,active,2025-06-15
718,2505,,wallet,active,2019-05-18
719,2510,,wallet,active,2023-05-09
720,2513,,wallet,active,2026-01-07
721,2519,,wallet,active,2025-05-05
722,2522,,wallet,active,2025-09-23
723,2527,,wallet,active,2026-03-27
724,2531,,wallet,active,2023-02-20
725,2532,,wallet,active,2022-04-11
726,2534,,wallet,active,2021-03-30
727,2535,,wallet,active,2025-06-27
728,2541,,wallet,active,2021-11-30
729,2542,,wallet,active,2024-02-26
730,2545,,wallet,active,2024-05-29
731,2546,,wallet,active,2022-08-12
732,2549,,wallet,active,2019-01-20
733,2552,,wallet,active,2025-09-25
734,2555,,wallet,active,2022-06-11
735,2559,,wallet,active,2020-11-09
736,2571,,wallet,active,2020-11-11
737,2573,,wallet,active,2022-07-20
738,2574,,wallet,active,2023-12-31
739,2575,,wallet,active,2019-06-13
740,2579,,wallet,active,2023-10-26
741,2585,,wallet,active,2020-11-29
742,2587,,wallet,active,2019-10-10
743,2594,,wallet,active,2023-03-06
744,2595,,wallet,active,2021-02-03
745,2597,,wallet,active,2023-05-30
746,2600,,wallet,active,2024-01-28
747,2602,,wallet,active,2021-07-25
748,2605,,wallet,active,2019-07-03
749,2609,,wallet,active,2019-09-13
750,2610,,wallet,active,2024-03-15
751,2611,,wallet,active,2025-07-09
752,2612,,wallet,active,2020-01-10
753,2617,,wallet,active,2020-02-24
754,2620,,wallet,active,2025-08-25
755,2623,,wallet,active,2021-01-28
756,2624,,wallet,active,2019-01-05
757,2625,,wallet,active,2024-06-19
758,2631,,wallet,active,2024-05-24
759,2633,,wallet,active,2025-11-30
760,2634,,wallet,active,2022-04-10
761,2639,,wallet,active,2021-03-29
762,2640,,wallet,active,2023-04-29
763,2641,,wallet,active,2025-12-11
764,2642,,wallet,active,2024-03-22
765,2648,,wallet,active,2023-01-25
766,2649,,wallet,active,2025-08-26
767,2653,,wallet,active,2020-02-18
768,2655,,wallet,active,2019-06-17
769,2656,,wallet,active,2019-07-08
770,2662,,wallet,active,2024-11-21
771,2663,,wallet,active,2023-12-07
772,2669,,wallet,active,2024-02-15
773,2673,,wallet,active,2024-05-24
774,2674,,wallet,active,2019-12-12
775,2687,,wallet,active,2025-05-15
776,2689,,wallet,active,2023-06-13
777,2700,,wallet,active,2026-01-03
778,2704,,wallet,active,2022-06-06
779,2712,,wallet,active,2023-10-15
780,2715,,wallet,active,2020-08-10
781,2716,,wallet,active,2024-11-13
782,2718,,wallet,active,2022-10-02
783,2720,,wallet,active,2021-09-01
784,2721,,wallet,active,2026-05-21
785,2724,,wallet,active,2024-07-06
786,2731,,wallet,active,2019-07-16
787,2732,,wallet,active,2024-08-21
788,2735,,wallet,active,2019-10-09
789,2737,,wallet,active,2024-04-27
790,2738,,wallet,active,2024-11-23
791,2739,,wallet,active,2021-11-09
792,2741,,wallet,active,2023-08-24
793,2743,,wallet,active,2020-09-20
794,2746,,wallet,active,2025-09-21
795,2748,,wallet,active,2019-05-27
796,2750,,wallet,active,2024-10-03
797,2754,,wallet,active,2024-10-06
798,2755,,wallet,active,2024-09-17
799,2762,,wallet,active,2019-11-07
800,2764,,wallet,active,2020-05-08
801,2767,,wallet,active,2025-04-10
802,2773,,wallet,active,2022-10-05
803,2774,,wallet,active,2019-11-11
804,2778,,wallet,active,2026-06-25
805,2779,,wallet,active,2021-07-30
806,2792,,wallet,active,2020-08-29
807,2793,,wallet,active,2019-09-21
808,2795,,wallet,active,2023-08-10
809,2796,,wallet,active,2024-12-03
810,2799,,wallet,active,2024-12-30
811,2800,,wallet,active,2025-04-10
812,2806,,wallet,active,2023-08-13
813,2811,,wallet,active,2022-02-18
814,2812,,wallet,active,2023-12-15
815,2815,,wallet,active,2024-10-12
816,2823,,wallet,active,2019-07-08
817,2824,,wallet,active,2024-07-10
818,2827,,wallet,active,2023-04-29
819,2830,,wallet,active,2026-04-23
820,2832,,wallet,active,2020-05-07
821,2833,,wallet,active,2019-12-12
822,2837,,wallet,active,2019-07-19
823,2838,,wallet,active,2020-08-04
824,2840,,wallet,active,2023-01-07
825,2843,,wallet,active,2026-04-01
826,2844,,wallet,active,2024-05-05
827,2847,,wallet,active,2022-07-23
828,2850,,wallet,active,2021-10-27
829,2851,,wallet,active,2019-11-08
830,2855,,wallet,active,2026-03-23
831,2867,,wallet,active,2021-11-17
832,2868,,wallet,active,2021-11-23
833,2869,,wallet,active,2026-03-20
834,2871,,wallet,active,2019-09-04
835,2877,,wallet,active,2025-03-02
836,2880,,wallet,active,2019-11-18
837,2884,,wallet,active,2026-03-09
838,2887,,wallet,active,2023-12-24
839,2890,,wallet,active,2020-11-07
840,2891,,wallet,active,2022-06-22
841,2894,,wallet,active,2020-03-31
842,2896,,wallet,active,2021-08-15
843,2898,,wallet,active,2022-10-02
844,2901,,wallet,active,2021-02-21
845,2905,,wallet,active,2022-04-09
846,2910,,wallet,active,2026-04-25
847,2912,,wallet,active,2020-06-08
848,2915,,wallet,active,2022-09-13
849,2918,,wallet,active,2026-04-27
850,2921,,wallet,active,2022-07-27
851,2925,,wallet,active,2020-08-16
852,2926,,wallet,active,2021-05-13
853,2928,,wallet,active,2025-06-29
854,2936,,wallet,active,2023-11-22
855,2938,,wallet,active,2026-03-17
856,2940,,wallet,active,2021-05-25
857,2943,,wallet,active,2026-04-15
858,2944,,wallet,active,2025-10-27
859,2945,,wallet,active,2020-12-01
860,2947,,wallet,active,2025-12-01
861,2949,,wallet,active,2024-09-21
862,2952,,wallet,active,2024-06-24
863,2954,,wallet,active,2023-10-02
864,2956,,wallet,active,2022-04-13
865,2957,,wallet,active,2023-02-17
866,2958,,wallet,active,2023-03-15
867,2960,,wallet,active,2022-12-01
868,2962,,wallet,active,2020-03-09
869,2964,,wallet,active,2025-11-07
870,2968,,wallet,active,2023-07-23
871,2984,,wallet,active,2023-07-16
872,2988,,wallet,active,2025-09-15
873,2989,,wallet,active,2021-09-24
874,2994,,wallet,active,2023-06-12
875,2995,,wallet,active,2025-06-20
876,2998,,wallet,active,2021-07-30
877,2999,,wallet,active,2020-03-01
878,3003,,wallet,active,2020-07-24
879,3005,,wallet,active,2021-11-03
880,3008,,wallet,active,2023-09-25
881,3009,,wallet,active,2024-05-04
882,3014,,wallet,active,2021-01-25
883,3015,,wallet,active,2026-06-25
884,3016,,wallet,active,2025-03-11
885,3019,,wallet,active,2024-04-02
886,3021,,wallet,active,2019-08-02
887,3022,,wallet,active,2022-07-09
888,3027,,wallet,active,2019-01-28
889,3029,,wallet,active,2025-01-08
890,3031,,wallet,active,2024-04-13
891,3035,,wallet,active,2020-12-09
892,3038,,wallet,active,2026-02-23
893,3043,,wallet,active,2020-09-09
894,3046,,wallet,active,2024-06-01
895,3047,,wallet,active,2021-11-07
896,3055,,wallet,active,2026-03-12
897,3057,,wallet,active,2023-02-26
898,3058,,wallet,active,2021-07-24
899,3064,,wallet,active,2021-04-25
900,3066,,wallet,active,2025-01-30
901,3069,,wallet,active,2022-09-24
902,3071,,wallet,active,2026-03-21
903,3072,,wallet,active,2020-04-11
904,3075,,wallet,active,2019-05-14
905,3079,,wallet,active,2024-11-16
906,3084,,wallet,active,2019-07-26
907,3092,,wallet,active,2023-03-17
908,3096,,wallet,active,2020-03-09
909,3097,,wallet,active,2023-11-07
910,3098,,wallet,active,2020-05-23
911,3102,,wallet,active,2023-07-21
912,3103,,wallet,active,2023-01-24
913,3106,,wallet,active,2026-06-05
914,3107,,wallet,active,2023-04-10
915,3109,,wallet,active,2026-05-06
916,3116,,wallet,active,2025-08-18
917,3123,,wallet,active,2019-02-19
918,3125,,wallet,active,2020-10-10
919,3132,,wallet,active,2019-10-15
920,3134,,wallet,active,2022-02-08
921,3137,,wallet,active,2025-08-29
922,3141,,wallet,active,2025-04-05
923,3143,,wallet,active,2022-01-15
924,3145,,wallet,active,2022-07-25
925,3148,,wallet,active,2019-07-25
926,3149,,wallet,active,2021-08-29
927,3151,,wallet,active,2020-05-03
928,3156,,wallet,active,2023-07-23
929,3157,,wallet,active,2023-06-17
930,3159,,wallet,active,2019-04-30
931,3164,,wallet,active,2024-02-09
932,3168,,wallet,active,2023-04-28
933,3173,,wallet,active,2020-11-05
934,3176,,wallet,active,2020-11-10
935,3178,,wallet,active,2020-10-05
936,3183,,wallet,active,2025-10-02
937,3186,,wallet,active,2020-11-04
938,3188,,wallet,active,2020-05-31
939,3191,,wallet,active,2019-07-18
940,3192,,wallet,active,2020-12-22
941,3197,,wallet,active,2021-03-30
942,3199,,wallet,active,2026-03-12
943,3213,,wallet,active,2023-08-21
944,3215,,wallet,active,2021-06-18
945,3218,,wallet,active,2023-07-08
946,3221,,wallet,active,2020-08-04
947,3227,,wallet,active,2020-10-16
948,3238,,wallet,active,2026-02-03
949,3239,,wallet,active,2024-01-27
950,3241,,wallet,active,2023-08-26
951,3251,,wallet,active,2023-03-28
952,3255,,wallet,active,2019-01-16
953,3256,,wallet,active,2025-02-02
954,3257,,wallet,active,2022-05-03
955,3261,,wallet,active,2024-03-18
956,3266,,wallet,active,2021-07-27
957,3268,,wallet,active,2021-05-07
958,3269,,wallet,active,2022-11-15
959,3271,,wallet,active,2019-02-17
960,3281,,wallet,active,2020-04-26
961,3291,,wallet,active,2022-11-04
962,3293,,wallet,active,2019-03-08
963,3294,,wallet,active,2025-02-14
964,3309,,wallet,active,2024-06-17
965,3310,,wallet,active,2019-01-07
966,3311,,wallet,active,2022-08-05
967,3312,,wallet,active,2019-04-11
968,3317,,wallet,active,2022-06-29
969,3318,,wallet,active,2021-11-02
970,3322,,wallet,active,2020-04-14
971,3326,,wallet,active,2021-12-23
972,3328,,wallet,active,2022-09-28
973,3343,,wallet,active,2021-12-08
974,3344,,wallet,active,2021-05-14
975,3346,,wallet,active,2021-11-27
976,3351,,wallet,active,2020-08-17
977,3352,,wallet,active,2022-03-14
978,3354,,wallet,active,2020-02-26
979,3359,,wallet,active,2022-02-05
980,3361,,wallet,active,2024-10-24
981,3365,,wallet,active,2024-01-25
982,3368,,wallet,active,2025-10-01
983,3378,,wallet,active,2019-02-07
984,3379,,wallet,active,2022-07-22
985,3380,,wallet,active,2019-03-30
986,3391,,wallet,active,2021-10-13
987,3396,,wallet,active,2022-02-16
988,3403,,wallet,active,2021-08-14
989,3405,,wallet,active,2025-05-24
990,3411,,wallet,active,2022-01-10
991,3415,,wallet,active,2024-12-17
992,3419,,wallet,active,2020-08-31
993,3421,,wallet,active,2022-08-03
994,3424,,wallet,active,2020-05-29
995,3425,,wallet,active,2024-09-15
996,3431,,wallet,active,2024-04-17
997,3435,,wallet,active,2024-07-02
998,3437,,wallet,active,2025-04-27
999,3442,,wallet,active,2019-01-13
1000,3443,,wallet,active,2023-05-13
1001,3446,,wallet,active,2019-10-15
1002,3450,,wallet,active,2021-05-13
1003,3454,,wallet,active,2023-06-27
1004,3455,,wallet,active,2023-02-05
1005,3458,,wallet,active,2019-01-23
1006,3460,,wallet,active,2021-01-10
1007,3461,,wallet,active,2026-02-05
1008,3463,,wallet,active,2022-09-19
1009,3464,,wallet,active,2024-08-11
1010,3470,,wallet,active,2023-06-04
1011,3471,,wallet,active,2019-05-16
1012,3472,,wallet,active,2025-04-25
1013,3477,,wallet,active,2024-03-10
1014,3490,,wallet,active,2021-10-05
1015,3496,,wallet,active,2020-08-02
1016,3498,,wallet,active,2021-03-16
1017,3503,,wallet,active,2022-02-16
1018,3517,,wallet,active,2024-11-25
1019,3518,,wallet,active,2022-12-05
1020,3519,,wallet,active,2024-02-29
1021,3521,,wallet,active,2025-01-15
1022,3522,,wallet,active,2023-07-23
1023,3523,,wallet,active,2024-08-24
1024,3526,,wallet,active,2021-11-15
1025,3528,,wallet,active,2021-06-01
1026,3531,,wallet,active,2020-04-14
1027,3538,,wallet,active,2019-03-11
1028,3543,,wallet,active,2022-07-23
1029,3545,,wallet,active,2019-01-19
1030,3546,,wallet,active,2025-11-21
1031,3548,,wallet,active,2025-08-31
1032,3551,,wallet,active,2022-07-03
1033,3557,,wallet,active,2025-09-15
1034,3559,,wallet,active,2024-03-08
1035,3564,,wallet,active,2019-05-08
1036,3567,,wallet,active,2020-12-16
1037,3573,,wallet,active,2019-08-21
1038,3576,,wallet,active,2019-09-21
1039,3583,,wallet,active,2024-02-27
1040,3586,,wallet,active,2023-06-03
1041,3590,,wallet,active,2025-11-07
1042,3591,,wallet,active,2021-06-25
1043,3593,,wallet,active,2021-11-07
1044,3597,,wallet,active,2022-03-28
1045,3610,,wallet,active,2024-06-05
1046,3614,,wallet,active,2021-03-17
1047,3615,,wallet,active,2023-11-23
1048,3616,,wallet,active,2020-06-17
1049,3618,,wallet,active,2025-05-21
1050,3619,,wallet,active,2020-07-20
1051,3626,,wallet,active,2024-02-19
1052,3627,,wallet,active,2022-06-14
1053,3628,,wallet,active,2023-06-20
1054,3631,,wallet,active,2020-10-14
1055,3634,,wallet,active,2019-11-19
1056,3638,,wallet,active,2023-11-24
1057,3644,,wallet,active,2020-12-24
1058,3653,,wallet,active,2020-02-21
1059,3656,,wallet,active,2026-03-16
1060,3658,,wallet,active,2021-03-09
1061,3660,,wallet,active,2019-07-09
1062,3663,,wallet,active,2025-09-11
1063,3667,,wallet,active,2019-06-23
1064,3670,,wallet,active,2022-09-05
1065,3671,,wallet,active,2023-10-22
1066,3672,,wallet,active,2019-03-02
1067,3673,,wallet,active,2019-03-05
1068,3674,,wallet,active,2025-12-15
1069,3675,,wallet,active,2021-04-25
1070,3676,,wallet,active,2026-06-01
1071,3677,,wallet,active,2024-03-24
1072,3679,,wallet,active,2019-11-02
1073,3681,,wallet,active,2024-01-30
1074,3683,,wallet,active,2020-01-03
1075,3684,,wallet,active,2020-01-18
1076,3686,,wallet,active,2025-09-05
1077,3690,,wallet,active,2021-07-12
1078,3693,,wallet,active,2023-04-02
1079,3695,,wallet,active,2021-08-02
1080,3696,,wallet,active,2024-10-09
1081,3697,,wallet,active,2024-06-30
1082,3698,,wallet,active,2024-07-06
1083,3699,,wallet,active,2022-06-01
1084,3702,,wallet,active,2025-09-12
1085,3707,,wallet,active,2024-02-22
1086,3710,,wallet,active,2023-07-17
1087,3711,,wallet,active,2025-09-09
1088,3713,,wallet,active,2022-10-29
1089,3720,,wallet,active,2019-09-18
1090,3721,,wallet,active,2023-04-03
1091,3722,,wallet,active,2021-02-22
1092,3725,,wallet,active,2019-10-27
1093,3726,,wallet,active,2025-02-04
1094,3730,,wallet,active,2022-03-07
1095,3734,,wallet,active,2024-10-11
1096,3740,,wallet,active,2024-06-19
1097,3744,,wallet,active,2025-10-30
1098,3751,,wallet,active,2022-12-02
1099,3752,,wallet,active,2025-10-21
1100,3755,,wallet,active,2021-05-19
1101,3757,,wallet,active,2019-02-05
1102,3758,,wallet,active,2019-05-14
1103,3759,,wallet,active,2019-04-07
1104,3763,,wallet,active,2021-09-30
1105,3766,,wallet,active,2023-12-15
1106,3768,,wallet,active,2019-03-28
1107,3769,,wallet,active,2023-08-31
1108,3771,,wallet,active,2026-02-17
1109,3778,,wallet,active,2024-03-24
1110,3781,,wallet,active,2026-01-04
1111,3782,,wallet,active,2020-12-30
1112,3788,,wallet,active,2019-11-05
1113,3794,,wallet,active,2022-09-27
1114,3796,,wallet,active,2021-10-01
1115,3798,,wallet,active,2020-08-26
1116,3799,,wallet,active,2019-01-05
1117,3806,,wallet,active,2022-01-20
1118,3808,,wallet,active,2022-03-10
1119,3809,,wallet,active,2019-02-27
1120,3812,,wallet,active,2022-12-20
1121,3813,,wallet,active,2022-03-23
1122,3817,,wallet,active,2022-12-27
1123,3825,,wallet,active,2021-01-03
1124,3828,,wallet,active,2019-04-17
1125,3829,,wallet,active,2021-03-11
1126,3830,,wallet,active,2020-07-11
1127,3832,,wallet,active,2024-12-30
1128,3833,,wallet,active,2020-05-05
1129,3836,,wallet,active,2023-01-20
1130,3839,,wallet,active,2022-07-16
1131,3842,,wallet,active,2026-06-03
1132,3859,,wallet,active,2019-07-31
1133,3860,,wallet,active,2020-01-26
1134,3861,,wallet,active,2019-12-31
1135,3866,,wallet,active,2022-01-08
1136,3867,,wallet,active,2019-09-26
1137,3876,,wallet,active,2024-04-26
1138,3879,,wallet,active,2023-11-12
1139,3880,,wallet,active,2024-03-08
1140,3881,,wallet,active,2025-02-20
1141,3882,,wallet,active,2020-06-27
1142,3885,,wallet,active,2019-08-22
1143,3888,,wallet,active,2023-11-02
1144,3899,,wallet,active,2023-01-24
1145,3900,,wallet,active,2024-04-28
1146,3901,,wallet,active,2020-09-12
1147,3902,,wallet,active,2024-04-24
1148,3905,,wallet,active,2019-06-14
1149,3908,,wallet,active,2021-06-26
1150,3911,,wallet,active,2024-06-21
1151,3914,,wallet,active,2021-03-29
1152,3921,,wallet,active,2020-04-02
1153,3924,,wallet,active,2019-01-13
1154,3926,,wallet,active,2019-07-16
1155,3932,,wallet,active,2021-03-30
1156,3937,,wallet,active,2021-04-20
1157,3938,,wallet,active,2024-09-25
1158,3940,,wallet,active,2020-09-29
1159,3949,,wallet,active,2025-07-13
1160,3950,,wallet,active,2021-04-11
1161,3951,,wallet,active,2020-04-26
1162,3954,,wallet,active,2019-06-01
1163,3957,,wallet,active,2025-06-17
1164,3958,,wallet,active,2023-10-19
1165,3959,,wallet,active,2022-03-14
1166,3961,,wallet,active,2024-05-21
1167,3962,,wallet,active,2021-02-08
1168,3963,,wallet,active,2025-03-15
1169,3964,,wallet,active,2020-12-14
1170,3965,,wallet,active,2020-06-04
1171,3971,,wallet,active,2025-09-01
1172,3975,,wallet,active,2023-01-18
1173,3980,,wallet,active,2019-02-16
1174,3986,,wallet,active,2022-05-31
1175,3993,,wallet,active,2024-08-08
1176,3997,,wallet,active,2019-04-08
1177,4001,,wallet,active,2023-09-23
1178,4005,,wallet,active,2023-06-02
1179,4007,,wallet,active,2020-10-01
1180,4008,,wallet,active,2019-11-30
1181,4009,,wallet,active,2023-08-23
1182,4010,,wallet,active,2022-08-10
1183,4014,,wallet,active,2020-04-20
1184,4015,,wallet,active,2024-08-28
1185,4019,,wallet,active,2021-06-24
1186,4020,,wallet,active,2022-08-03
1187,4022,,wallet,active,2023-08-08
1188,4026,,wallet,active,2021-01-25
1189,4027,,wallet,active,2020-07-30
1190,4031,,wallet,active,2023-09-13
1191,4036,,wallet,active,2022-12-21
1192,4038,,wallet,active,2023-12-18
1193,4041,,wallet,active,2022-11-14
1194,4047,,wallet,active,2025-09-28
1195,4048,,wallet,active,2020-01-17
1196,4049,,wallet,active,2023-09-25
1197,4050,,wallet,active,2023-01-18
1198,4054,,wallet,active,2023-11-17
1199,4056,,wallet,active,2023-04-12
1200,4057,,wallet,active,2026-04-10
1201,4058,,wallet,active,2020-09-06
1202,4060,,wallet,active,2020-11-30
1203,4061,,wallet,active,2024-01-13
1204,4062,,wallet,active,2025-02-11
1205,4066,,wallet,active,2020-06-16
1206,4069,,wallet,active,2026-01-18
1207,4070,,wallet,active,2019-08-09
1208,4071,,wallet,active,2025-12-11
1209,4072,,wallet,active,2025-06-18
1210,4073,,wallet,active,2020-12-18
1211,4077,,wallet,active,2022-05-22
1212,4080,,wallet,active,2023-03-08
1213,4084,,wallet,active,2023-10-03
1214,4085,,wallet,active,2020-10-11
1215,4086,,wallet,active,2026-05-03
1216,4089,,wallet,active,2021-05-20
1217,4094,,wallet,active,2019-01-09
1218,4096,,wallet,active,2024-11-23
1219,4097,,wallet,active,2025-04-02
1220,4101,,wallet,active,2019-09-06
1221,4103,,wallet,active,2020-12-02
1222,4104,,wallet,active,2019-03-24
1223,4107,,wallet,active,2024-09-05
1224,4108,,wallet,active,2022-11-06
1225,4114,,wallet,active,2022-07-24
1226,4115,,wallet,active,2020-09-28
1227,4120,,wallet,active,2021-04-25
1228,4122,,wallet,active,2020-08-04
1229,4126,,wallet,active,2022-10-16
1230,4127,,wallet,active,2022-09-27
1231,4128,,wallet,active,2019-10-11
1232,4131,,wallet,active,2019-04-30
1233,4133,,wallet,active,2019-08-01
1234,4137,,wallet,active,2022-06-24
1235,4140,,wallet,active,2026-01-28
1236,4143,,wallet,active,2019-08-12
1237,4149,,wallet,active,2021-02-20
1238,4153,,wallet,active,2020-06-02
1239,4154,,wallet,active,2025-06-17
1240,4158,,wallet,active,2022-04-27
1241,4161,,wallet,active,2024-05-25
1242,4162,,wallet,active,2026-05-02
1243,4165,,wallet,active,2024-04-03
1244,4166,,wallet,active,2022-03-03
1245,4172,,wallet,active,2026-02-02
1246,4173,,wallet,active,2024-01-26
1247,4176,,wallet,active,2024-08-21
1248,4178,,wallet,active,2019-10-22
1249,4179,,wallet,active,2020-10-21
1250,4184,,wallet,active,2020-07-19
1251,4187,,wallet,active,2023-07-06
1252,4188,,wallet,active,2022-09-11
1253,4189,,wallet,active,2020-08-22
1254,4195,,wallet,active,2026-01-15
1255,4197,,wallet,active,2019-07-28
1256,4198,,wallet,active,2022-05-08
1257,4199,,wallet,active,2020-04-30
1258,4202,,wallet,active,2021-01-21
1259,4204,,wallet,active,2023-07-07
1260,4206,,wallet,active,2025-11-26
1261,4212,,wallet,active,2024-06-19
1262,4215,,wallet,active,2025-08-22
1263,4219,,wallet,active,2021-07-13
1264,4220,,wallet,active,2025-08-03
1265,4224,,wallet,active,2021-10-13
1266,4225,,wallet,active,2021-11-11
1267,4231,,wallet,active,2025-09-30
1268,4235,,wallet,active,2022-10-28
1269,4239,,wallet,active,2022-12-06
1270,4241,,wallet,active,2023-11-05
1271,4243,,wallet,active,2022-07-24
1272,4249,,wallet,active,2019-12-06
1273,4250,,wallet,active,2023-12-02
1274,4254,,wallet,active,2021-03-20
1275,4256,,wallet,active,2026-03-08
1276,4261,,wallet,active,2022-10-28
1277,4264,,wallet,active,2025-02-02
1278,4266,,wallet,active,2025-08-16
1279,4267,,wallet,active,2020-09-12
1280,4276,,wallet,active,2025-09-30
1281,4280,,wallet,active,2019-02-22
1282,4281,,wallet,active,2024-09-21
1283,4282,,wallet,active,2024-02-15
1284,4284,,wallet,active,2020-04-14
1285,4285,,wallet,active,2020-04-12
1286,4286,,wallet,active,2023-04-09
1287,4287,,wallet,active,2023-12-29
1288,4289,,wallet,active,2022-12-22
1289,4293,,wallet,active,2026-03-16
1290,4302,,wallet,active,2023-05-28
1291,4305,,wallet,active,2024-02-20
1292,4306,,wallet,active,2024-12-15
1293,4307,,wallet,active,2023-08-21
1294,4309,,wallet,active,2025-06-24
1295,4312,,wallet,active,2022-06-12
1296,4313,,wallet,active,2025-09-18
1297,4314,,wallet,active,2025-06-14
1298,4316,,wallet,active,2026-03-01
1299,4317,,wallet,active,2024-08-31
1300,4318,,wallet,active,2021-06-03
1301,4322,,wallet,active,2025-12-02
1302,4324,,wallet,active,2021-05-23
1303,4325,,wallet,active,2022-08-19
1304,4331,,wallet,active,2021-11-16
1305,4335,,wallet,active,2024-10-12
1306,4338,,wallet,active,2022-10-28
1307,4342,,wallet,active,2025-11-04
1308,4344,,wallet,active,2026-01-11
1309,4346,,wallet,active,2024-08-22
1310,4347,,wallet,active,2022-06-20
1311,4348,,wallet,active,2023-11-01
1312,4349,,wallet,active,2021-04-15
1313,4351,,wallet,active,2022-12-10
1314,4358,,wallet,active,2024-12-09
1315,4359,,wallet,active,2023-03-02
1316,4360,,wallet,active,2025-01-24
1317,4368,,wallet,active,2025-08-07
1318,4377,,wallet,active,2022-08-17
1319,4383,,wallet,active,2020-09-08
1320,4392,,wallet,active,2025-08-14
1321,4398,,wallet,active,2020-10-22
1322,4399,,wallet,active,2020-10-21
1323,4400,,wallet,active,2025-03-20
1324,4405,,wallet,active,2021-04-28
1325,4406,,wallet,active,2022-04-15
1326,4410,,wallet,active,2021-01-19
1327,4414,,wallet,active,2024-09-19
1328,4415,,wallet,active,2020-06-07
1329,4419,,wallet,active,2023-10-30
1330,4420,,wallet,active,2024-06-07
1331,4421,,wallet,active,2022-07-23
1332,4422,,wallet,active,2021-09-25
1333,4426,,wallet,active,2023-09-12
1334,4434,,wallet,active,2021-03-13
1335,4435,,wallet,active,2024-03-26
1336,4437,,wallet,active,2025-05-22
1337,4441,,wallet,active,2025-01-17
1338,4442,,wallet,active,2026-04-15
1339,4444,,wallet,active,2019-12-08
1340,4446,,wallet,active,2020-10-26
1341,4447,,wallet,active,2023-04-11
1342,4448,,wallet,active,2021-02-23
1343,4449,,wallet,active,2023-09-12
1344,4452,,wallet,active,2026-03-12
1345,4455,,wallet,active,2025-05-02
1346,4456,,wallet,active,2020-11-29
1347,4459,,wallet,active,2023-01-22
1348,4461,,wallet,active,2022-11-22
1349,4467,,wallet,active,2019-07-27
1350,4468,,wallet,active,2020-08-04
1351,4475,,wallet,active,2026-06-01
1352,4478,,wallet,active,2025-02-18
1353,4484,,wallet,active,2020-11-25
1354,4486,,wallet,active,2022-09-27
1355,4488,,wallet,active,2019-12-07
1356,4491,,wallet,active,2019-07-31
1357,4492,,wallet,active,2022-08-08
1358,4494,,wallet,active,2019-11-11
1359,4495,,wallet,active,2022-08-18
1360,4496,,wallet,active,2020-03-04
1361,4503,,wallet,active,2022-10-25
1362,4516,,wallet,active,2021-05-19
1363,4522,,wallet,active,2019-01-01
1364,4526,,wallet,active,2022-10-13
1365,4531,,wallet,active,2020-11-24
1366,4532,,wallet,active,2020-11-19
1367,4535,,wallet,active,2023-01-09
1368,4537,,wallet,active,2025-03-31
1369,4538,,wallet,active,2021-03-28
1370,4539,,wallet,active,2019-07-28
1371,4547,,wallet,active,2022-11-10
1372,4552,,wallet,active,2023-04-11
1373,4554,,wallet,active,2021-05-11
1374,4558,,wallet,active,2021-07-17
1375,4559,,wallet,active,2024-03-16
1376,4563,,wallet,active,2021-02-05
1377,4565,,wallet,active,2021-07-03
1378,4572,,wallet,active,2023-03-31
1379,4575,,wallet,active,2022-03-05
1380,4576,,wallet,active,2022-06-17
1381,4577,,wallet,active,2023-05-06
1382,4579,,wallet,active,2025-10-05
1383,4580,,wallet,active,2024-03-08
1384,4583,,wallet,active,2020-02-23
1385,4585,,wallet,active,2021-09-22
1386,4589,,wallet,active,2023-08-21
1387,4591,,wallet,active,2022-01-09
1388,4592,,wallet,active,2024-09-04
1389,4593,,wallet,active,2020-07-26
1390,4605,,wallet,active,2024-05-08
1391,4615,,wallet,active,2019-07-22
1392,4618,,wallet,active,2021-10-28
1393,4619,,wallet,active,2019-11-30
1394,4622,,wallet,active,2019-08-05
1395,4629,,wallet,active,2019-04-11
1396,4630,,wallet,active,2020-10-24
1397,4635,,wallet,active,2020-09-15
1398,4637,,wallet,active,2020-08-12
1399,4642,,wallet,active,2024-01-09
1400,4646,,wallet,active,2022-10-26
1401,4650,,wallet,active,2026-01-04
1402,4654,,wallet,active,2019-05-19
1403,4656,,wallet,active,2025-08-12
1404,4657,,wallet,active,2019-12-09
1405,4663,,wallet,active,2026-04-02
1406,4674,,wallet,active,2022-11-08
1407,4676,,wallet,active,2025-02-21
1408,4677,,wallet,active,2024-07-21
1409,4678,,wallet,active,2019-01-27
1410,4680,,wallet,active,2021-10-08
1411,4687,,wallet,active,2024-08-05
1412,4688,,wallet,active,2019-04-20
1413,4694,,wallet,active,2023-02-10
1414,4699,,wallet,active,2022-06-26
1415,4702,,wallet,active,2024-09-13
1416,4704,,wallet,active,2025-04-03
1417,4715,,wallet,active,2021-08-10
1418,4717,,wallet,active,2023-11-11
1419,4719,,wallet,active,2020-02-21
1420,4722,,wallet,active,2024-12-18
1421,4726,,wallet,active,2024-03-21
1422,4727,,wallet,active,2022-07-11
1423,4728,,wallet,active,2023-12-16
1424,4729,,wallet,active,2026-05-05
1425,4733,,wallet,active,2022-11-25
1426,4737,,wallet,active,2019-01-20
1427,4738,,wallet,active,2021-07-10
1428,4739,,wallet,active,2021-08-22
1429,4740,,wallet,active,2024-10-18
1430,4741,,wallet,active,2022-03-04
1431,4743,,wallet,active,2025-06-06
1432,4744,,wallet,active,2023-10-16
1433,4746,,wallet,active,2021-09-20
1434,4751,,wallet,active,2024-02-29
1435,4752,,wallet,active,2025-10-20
1436,4761,,wallet,active,2019-08-29
1437,4767,,wallet,active,2019-10-17
1438,4768,,wallet,active,2025-10-01
1439,4776,,wallet,active,2021-05-20
1440,4778,,wallet,active,2024-11-24
1441,4784,,wallet,active,2020-04-03
1442,4785,,wallet,active,2020-07-30
1443,4788,,wallet,active,2019-07-14
1444,4790,,wallet,active,2020-05-15
1445,4801,,wallet,active,2021-05-25
1446,4805,,wallet,active,2020-03-10
1447,4806,,wallet,active,2019-12-15
1448,4807,,wallet,active,2022-12-30
1449,4808,,wallet,active,2022-07-28
1450,4809,,wallet,active,2021-10-06
1451,4815,,wallet,active,2024-06-22
1452,4820,,wallet,active,2020-12-08
1453,4829,,wallet,active,2026-01-14
1454,4830,,wallet,active,2019-06-05
1455,4835,,wallet,active,2022-12-01
1456,4836,,wallet,active,2019-01-06
1457,4843,,wallet,active,2023-12-23
1458,4846,,wallet,active,2022-12-19
1459,4849,,wallet,active,2019-01-30
1460,4856,,wallet,active,2021-08-25
1461,4863,,wallet,active,2022-06-23
1462,4866,,wallet,active,2022-03-13
1463,4871,,wallet,active,2021-01-13
1464,4882,,wallet,active,2020-10-21
1465,4883,,wallet,active,2022-02-14
1466,4891,,wallet,active,2025-06-04
1467,4897,,wallet,active,2024-05-23
1468,4898,,wallet,active,2025-01-28
1469,4899,,wallet,active,2021-09-13
1470,4903,,wallet,active,2024-04-08
1471,4907,,wallet,active,2025-03-08
1472,4909,,wallet,active,2022-09-08
1473,4910,,wallet,active,2026-03-01
1474,4912,,wallet,active,2026-06-01
1475,4914,,wallet,active,2026-05-27
1476,4916,,wallet,active,2022-02-20
1477,4918,,wallet,active,2021-02-28
1478,4919,,wallet,active,2020-12-20
1479,4920,,wallet,active,2020-09-04
1480,4922,,wallet,active,2019-12-18
1481,4924,,wallet,active,2022-01-27
1482,4935,,wallet,active,2020-10-04
1483,4940,,wallet,active,2020-04-20
1484,4941,,wallet,active,2020-10-27
1485,4945,,wallet,active,2024-02-10
1486,4952,,wallet,active,2020-06-06
1487,4956,,wallet,active,2025-03-28
1488,4964,,wallet,active,2026-04-01
1489,4965,,wallet,active,2026-01-12
1490,4968,,wallet,active,2022-05-25
1491,4969,,wallet,active,2023-08-28
1492,4971,,wallet,active,2019-01-07
1493,4983,,wallet,active,2021-09-22
1494,4987,,wallet,active,2022-04-09
1495,4989,,wallet,active,2022-10-22
1496,4994,,wallet,active,2024-12-13
1497,4995,,wallet,active,2020-11-04
1498,4999,,wallet,active,2024-03-23
1499,5002,,wallet,active,2021-03-06
1500,5003,,wallet,active,2023-05-29
1501,5005,,wallet,active,2021-01-14
1502,5013,,wallet,active,2026-03-05
1503,5014,,wallet,active,2020-08-11
1504,5018,,wallet,active,2023-06-28
1505,5024,,wallet,active,2023-11-07
1506,5026,,wallet,active,2025-12-23
1507,5030,,wallet,active,2021-11-10
1508,5033,,wallet,active,2019-04-14
1509,5036,,wallet,active,2024-02-04
1510,5040,,wallet,active,2024-07-09
1511,5042,,wallet,active,2025-07-11
1512,5046,,wallet,active,2026-03-14
1513,5048,,wallet,active,2026-04-23
1514,5053,,wallet,active,2021-04-22
1515,5056,,wallet,active,2023-12-09
1516,5058,,wallet,active,2022-05-09
1517,5059,,wallet,active,2019-12-04
1518,5063,,wallet,active,2025-12-30
1519,5065,,wallet,active,2025-07-18
1520,5067,,wallet,active,2025-12-05
1521,5071,,wallet,active,2022-05-17
1522,5081,,wallet,active,2023-10-18
1523,5086,,wallet,active,2025-07-17
1524,5094,,wallet,active,2023-11-29
1525,5100,,wallet,active,2022-08-18
1526,5103,,wallet,active,2019-08-22
1527,5104,,wallet,active,2021-09-25
1528,5108,,wallet,active,2024-04-20
1529,5109,,wallet,active,2019-03-24
1530,5110,,wallet,active,2019-03-16
1531,5114,,wallet,active,2022-11-28
1532,5119,,wallet,active,2024-08-30
1533,5121,,wallet,active,2019-09-21
1534,5126,,wallet,active,2023-12-31
1535,5129,,wallet,active,2023-09-28
1536,5136,,wallet,active,2024-05-04
1537,5142,,wallet,active,2026-03-23
1538,5144,,wallet,active,2019-08-09
1539,5145,,wallet,active,2019-07-20
1540,5146,,wallet,active,2022-08-03
1541,5152,,wallet,active,2019-01-13
1542,5158,,wallet,active,2023-02-23
1543,5159,,wallet,active,2024-11-16
1544,5165,,wallet,active,2023-04-17
1545,5175,,wallet,active,2025-03-18
1546,5179,,wallet,active,2020-12-23
1547,5181,,wallet,active,2024-05-18
1548,5184,,wallet,active,2024-04-08
1549,5190,,wallet,active,2022-05-06
1550,5193,,wallet,active,2025-08-09
1551,5195,,wallet,active,2025-09-30
1552,5197,,wallet,active,2020-06-13
1553,5198,,wallet,active,2021-08-27
1554,5200,,wallet,active,2023-06-16
1555,5201,,wallet,active,2023-12-22
1556,5203,,wallet,active,2020-08-27
1557,5213,,wallet,active,2020-04-20
1558,5217,,wallet,active,2023-07-30
1559,5220,,wallet,active,2022-10-05
1560,5221,,wallet,active,2023-07-14
1561,5225,,wallet,active,2024-02-26
1562,5230,,wallet,active,2020-01-01
1563,5232,,wallet,active,2019-02-05
1564,5238,,wallet,active,2021-02-28
1565,5239,,wallet,active,2022-07-09
1566,5241,,wallet,active,2023-10-04
1567,5243,,wallet,active,2025-06-30
1568,5249,,wallet,active,2025-07-24
1569,5250,,wallet,active,2019-10-28
1570,5251,,wallet,active,2022-09-23
1571,5252,,wallet,active,2022-06-11
1572,5258,,wallet,active,2019-01-17
1573,5261,,wallet,active,2021-05-09
1574,5265,,wallet,active,2024-05-25
1575,5266,,wallet,active,2025-11-14
1576,5267,,wallet,active,2025-03-10
1577,5272,,wallet,active,2020-02-26
1578,5275,,wallet,active,2026-04-23
1579,5280,,wallet,active,2025-09-06
1580,5283,,wallet,active,2022-12-30
1581,5285,,wallet,active,2022-01-21
1582,5287,,wallet,active,2019-03-22
1583,5291,,wallet,active,2023-07-26
1584,5292,,wallet,active,2022-02-12
1585,5294,,wallet,active,2025-05-03
1586,5302,,wallet,active,2023-07-31
1587,5310,,wallet,active,2025-05-11
1588,5316,,wallet,active,2020-04-04
1589,5319,,wallet,active,2020-02-12
1590,5321,,wallet,active,2026-06-19
1591,5326,,wallet,active,2024-08-31
1592,5327,,wallet,active,2024-11-19
1593,5331,,wallet,active,2021-11-11
1594,5332,,wallet,active,2025-03-13
1595,5333,,wallet,active,2024-12-18
1596,5338,,wallet,active,2020-10-04
1597,5341,,wallet,active,2022-04-03
1598,5345,,wallet,active,2019-11-01
1599,5350,,wallet,active,2026-01-12
1600,5367,,wallet,active,2021-12-23
1601,5372,,wallet,active,2023-08-28
1602,5373,,wallet,active,2023-09-13
1603,5375,,wallet,active,2025-04-26
1604,5384,,wallet,active,2020-07-23
1605,5386,,wallet,active,2019-06-22
1606,5388,,wallet,active,2022-02-27
1607,5390,,wallet,active,2026-06-26
1608,5393,,wallet,active,2025-01-20
1609,5397,,wallet,active,2025-09-02
1610,5399,,wallet,active,2021-05-16
1611,5405,,wallet,active,2023-07-13
1612,5407,,wallet,active,2020-08-12
1613,5409,,wallet,active,2025-09-25
1614,5410,,wallet,active,2025-12-18
1615,5412,,wallet,active,2021-11-22
1616,5413,,wallet,active,2020-12-19
1617,5417,,wallet,active,2024-03-13
1618,5420,,wallet,active,2026-01-26
1619,5424,,wallet,active,2024-07-08
1620,5427,,wallet,active,2021-08-22
1621,5428,,wallet,active,2019-10-05
1622,5429,,wallet,active,2025-05-03
1623,5432,,wallet,active,2021-11-06
1624,5440,,wallet,active,2026-01-04
1625,5443,,wallet,active,2021-05-30
1626,5451,,wallet,active,2020-03-03
1627,5454,,wallet,active,2020-06-01
1628,5457,,wallet,active,2025-11-18
1629,5458,,wallet,active,2019-11-17
1630,5461,,wallet,active,2020-06-22
1631,5463,,wallet,active,2025-01-11
1632,5464,,wallet,active,2022-09-03
1633,5467,,wallet,active,2021-12-28
1634,5468,,wallet,active,2019-03-15
1635,5477,,wallet,active,2019-06-22
1636,5491,,wallet,active,2020-01-25
1637,5492,,wallet,active,2023-12-18
1638,5502,,wallet,active,2020-01-18
1639,5504,,wallet,active,2024-03-15
1640,5505,,wallet,active,2021-08-14
1641,5508,,wallet,active,2024-05-06
1642,5510,,wallet,active,2026-01-10
1643,5511,,wallet,active,2021-01-28
1644,5516,,wallet,active,2021-05-31
1645,5519,,wallet,active,2020-08-21
1646,5525,,wallet,active,2019-12-10
1647,5527,,wallet,active,2020-01-02
1648,5528,,wallet,active,2025-05-19
1649,5542,,wallet,active,2020-02-12
1650,5543,,wallet,active,2021-10-15
1651,5544,,wallet,active,2021-06-12
1652,5548,,wallet,active,2020-06-19
1653,5549,,wallet,active,2024-05-19
1654,5554,,wallet,active,2023-09-08
1655,5555,,wallet,active,2024-09-17
1656,5557,,wallet,active,2021-05-18
1657,5561,,wallet,active,2024-04-08
1658,5568,,wallet,active,2025-04-13
1659,5569,,wallet,active,2024-07-08
1660,5572,,wallet,active,2026-03-16
1661,5573,,wallet,active,2023-05-19
1662,5574,,wallet,active,2023-03-30
1663,5581,,wallet,active,2022-07-31
1664,5590,,wallet,active,2020-03-10
1665,5596,,wallet,active,2023-05-11
1666,5598,,wallet,active,2025-02-25
1667,5599,,wallet,active,2024-05-02
1668,5602,,wallet,active,2021-11-03
1669,5609,,wallet,active,2019-06-18
1670,5614,,wallet,active,2026-04-05
1671,5616,,wallet,active,2026-02-26
1672,5620,,wallet,active,2019-08-26
1673,5641,,wallet,active,2025-01-09
1674,5645,,wallet,active,2022-06-19
1675,5649,,wallet,active,2025-01-23
1676,5651,,wallet,active,2022-08-03
1677,5654,,wallet,active,2025-08-11
1678,5657,,wallet,active,2019-09-11
1679,5664,,wallet,active,2025-12-24
1680,5668,,wallet,active,2024-10-08
1681,5675,,wallet,active,2026-02-01
1682,5676,,wallet,active,2021-06-22
1683,5677,,wallet,active,2026-04-21
1684,5678,,wallet,active,2021-02-27
1685,5680,,wallet,active,2023-03-20
1686,5682,,wallet,active,2023-11-28
1687,5683,,wallet,active,2019-01-14
1688,5684,,wallet,active,2022-01-19
1689,5689,,wallet,active,2024-01-26
1690,5696,,wallet,active,2024-06-06
1691,5704,,wallet,active,2024-11-09
1692,5705,,wallet,active,2024-06-09
1693,5710,,wallet,active,2020-05-10
1694,5711,,wallet,active,2025-03-10
1695,5721,,wallet,active,2020-06-28
1696,5723,,wallet,active,2022-12-20
1697,5726,,wallet,active,2019-01-16
1698,5730,,wallet,active,2021-01-01
1699,5733,,wallet,active,2025-01-20
1700,5736,,wallet,active,2020-12-22
1701,5737,,wallet,active,2023-01-13
1702,5742,,wallet,active,2023-04-24
1703,5751,,wallet,active,2020-03-05
1704,5754,,wallet,active,2023-09-16
1705,5755,,wallet,active,2025-09-13
1706,5759,,wallet,active,2022-02-21
1707,5767,,wallet,active,2019-04-04
1708,5771,,wallet,active,2022-10-20
1709,5772,,wallet,active,2024-09-09
1710,5776,,wallet,active,2021-11-06
1711,5779,,wallet,active,2020-05-19
1712,5781,,wallet,active,2024-12-14
1713,5784,,wallet,active,2021-05-10
1714,5799,,wallet,active,2019-09-23
1715,5801,,wallet,active,2022-01-14
1716,5802,,wallet,active,2025-08-21
1717,5809,,wallet,active,2020-04-27
1718,5812,,wallet,active,2020-09-24
1719,5814,,wallet,active,2022-08-29
1720,5819,,wallet,active,2023-02-11
1721,5822,,wallet,active,2021-02-14
1722,5827,,wallet,active,2023-07-13
1723,5838,,wallet,active,2020-08-19
1724,5843,,wallet,active,2022-04-04
1725,5844,,wallet,active,2023-02-26
1726,5845,,wallet,active,2021-04-12
1727,5851,,wallet,active,2022-05-11
1728,5852,,wallet,active,2020-01-07
1729,5854,,wallet,active,2023-03-09
1730,5863,,wallet,active,2020-04-30
1731,5866,,wallet,active,2023-04-09
1732,5867,,wallet,active,2023-04-30
1733,5868,,wallet,active,2025-08-18
1734,5869,,wallet,active,2020-09-12
1735,5871,,wallet,active,2023-04-16
1736,5873,,wallet,active,2022-02-03
1737,5876,,wallet,active,2021-04-11
1738,5877,,wallet,active,2024-03-24
1739,5882,,wallet,active,2022-11-08
1740,5883,,wallet,active,2022-06-24
1741,5886,,wallet,active,2023-01-27
1742,5887,,wallet,active,2024-05-29
1743,5890,,wallet,active,2019-07-14
1744,5891,,wallet,active,2021-03-01
1745,5894,,wallet,active,2022-06-29
1746,5897,,wallet,active,2021-01-22
1747,5901,,wallet,active,2022-03-24
1748,5902,,wallet,active,2023-01-30
1749,5905,,wallet,active,2020-10-05
1750,5907,,wallet,active,2020-04-28
1751,5913,,wallet,active,2021-08-30
1752,5915,,wallet,active,2019-04-10
1753,5917,,wallet,active,2023-09-23
1754,5923,,wallet,active,2023-11-02
1755,5924,,wallet,active,2023-12-26
1756,5926,,wallet,active,2021-09-21
1757,5927,,wallet,active,2019-06-04
1758,5929,,wallet,active,2019-08-10
1759,5933,,wallet,active,2025-01-02
1760,5934,,wallet,active,2020-03-23
1761,5937,,wallet,active,2020-01-29
1762,5940,,wallet,active,2023-09-24
1763,5942,,wallet,active,2019-02-13
1764,5943,,wallet,active,2022-05-18
1765,5948,,wallet,active,2023-11-22
1766,5949,,wallet,active,2024-11-17
1767,5950,,wallet,active,2024-07-22
1768,5951,,wallet,active,2022-09-14
1769,5954,,wallet,active,2022-05-10
1770,5956,,wallet,active,2024-04-01
1771,5961,,wallet,active,2023-07-22
1772,5964,,wallet,active,2019-02-13
1773,5965,,wallet,active,2019-01-09
1774,5968,,wallet,active,2023-10-10
1775,5971,,wallet,active,2021-03-24
1776,5976,,wallet,active,2020-12-17
1777,5977,,wallet,active,2024-10-18
1778,5982,,wallet,active,2021-01-02
1779,5985,,wallet,active,2023-05-03
1780,5989,,wallet,active,2019-05-02
1781,5991,,wallet,active,2023-09-15
1782,5992,,wallet,active,2019-06-04
1783,5997,,wallet,active,2023-07-12
1784,5999,,wallet,active,2025-01-19
1785,6002,,wallet,active,2022-12-29
1786,6006,,wallet,active,2019-04-18
1787,6008,,wallet,active,2025-12-17
1788,6010,,wallet,active,2022-07-30
1789,6011,,wallet,active,2020-04-09
1790,6015,,wallet,active,2022-01-15
1791,6016,,wallet,active,2019-05-07
1792,6017,,wallet,active,2024-07-07
1793,6020,,wallet,active,2025-03-11
1794,6028,,wallet,active,2022-12-01
1795,6031,,wallet,active,2025-02-13
1796,6034,,wallet,active,2026-06-20
1797,6038,,wallet,active,2023-08-04
1798,6039,,wallet,active,2025-05-06
1799,6040,,wallet,active,2021-11-04
1800,6041,,wallet,active,2021-07-22
1801,6043,,wallet,active,2024-07-01
1802,6044,,wallet,active,2019-03-08
1803,6051,,wallet,active,2022-04-01
1804,6053,,wallet,active,2024-12-22
1805,6060,,wallet,active,2019-05-04
1806,6063,,wallet,active,2025-07-02
1807,6066,,wallet,active,2022-09-11
1808,6069,,wallet,active,2023-12-08
1809,6072,,wallet,active,2020-11-20
1810,6073,,wallet,active,2021-06-12
1811,6074,,wallet,active,2022-05-14
1812,6075,,wallet,active,2024-12-28
1813,6083,,wallet,active,2019-09-06
1814,6085,,wallet,active,2019-04-16
1815,6092,,wallet,active,2020-05-15
1816,6093,,wallet,active,2023-09-17
1817,6096,,wallet,active,2022-03-23
1818,6097,,wallet,active,2024-06-22
1819,6100,,wallet,active,2025-10-25
1820,6103,,wallet,active,2022-10-07
1821,6104,,wallet,active,2020-08-30
1822,6107,,wallet,active,2025-08-06
1823,6112,,wallet,active,2022-01-02
1824,6117,,wallet,active,2025-11-29
1825,6118,,wallet,active,2026-01-02
1826,6121,,wallet,active,2019-12-15
1827,6123,,wallet,active,2023-04-23
1828,6126,,wallet,active,2020-10-16
1829,6128,,wallet,active,2019-11-01
1830,6129,,wallet,active,2023-12-09
1831,6132,,wallet,active,2024-05-08
1832,6135,,wallet,active,2021-01-03
1833,6138,,wallet,active,2020-03-28
1834,6146,,wallet,active,2022-01-12
1835,6162,,wallet,active,2025-03-13
1836,6166,,wallet,active,2023-01-02
1837,6167,,wallet,active,2020-06-23
1838,6169,,wallet,active,2022-02-01
1839,6171,,wallet,active,2025-10-25
1840,6175,,wallet,active,2022-12-24
1841,6182,,wallet,active,2024-10-03
1842,6183,,wallet,active,2021-03-26
1843,6184,,wallet,active,2019-10-25
1844,6188,,wallet,active,2021-09-25
1845,6193,,wallet,active,2019-01-01
1846,6194,,wallet,active,2020-12-05
1847,6196,,wallet,active,2019-09-17
1848,6197,,wallet,active,2019-02-14
1849,6200,,wallet,active,2026-02-21
1850,6205,,wallet,active,2026-06-23
1851,6209,,wallet,active,2021-12-28
1852,6210,,wallet,active,2020-12-08
1853,6212,,wallet,active,2023-04-26
1854,6213,,wallet,active,2021-03-23
1855,6219,,wallet,active,2023-01-22
1856,6220,,wallet,active,2023-01-11
1857,6222,,wallet,active,2020-02-01
1858,6224,,wallet,active,2019-03-16
1859,6226,,wallet,active,2020-11-22
1860,6228,,wallet,active,2025-07-08
1861,6229,,wallet,active,2020-10-14
1862,6233,,wallet,active,2021-07-18
1863,6234,,wallet,active,2022-08-27
1864,6236,,wallet,active,2023-01-13
1865,6238,,wallet,active,2024-08-18
1866,6241,,wallet,active,2021-03-14
1867,6247,,wallet,active,2021-01-03
1868,6248,,wallet,active,2020-08-01
1869,6254,,wallet,active,2021-11-15
1870,6258,,wallet,active,2022-07-02
1871,6259,,wallet,active,2025-02-06
1872,6260,,wallet,active,2022-05-29
1873,6268,,wallet,active,2026-02-02
1874,6269,,wallet,active,2020-02-14
1875,6272,,wallet,active,2025-04-26
1876,6273,,wallet,active,2021-04-12
1877,6274,,wallet,active,2025-08-30
1878,6277,,wallet,active,2019-04-24
1879,6281,,wallet,active,2021-07-18
1880,6282,,wallet,active,2020-01-13
1881,6285,,wallet,active,2024-12-13
1882,6288,,wallet,active,2024-11-14
1883,6290,,wallet,active,2021-11-04
1884,6293,,wallet,active,2019-06-08
1885,6295,,wallet,active,2023-03-01
1886,6298,,wallet,active,2022-08-04
1887,6305,,wallet,active,2023-01-28
1888,6306,,wallet,active,2020-07-24
1889,6309,,wallet,active,2025-02-10
1890,6315,,wallet,active,2022-04-15
1891,6316,,wallet,active,2023-08-13
1892,6317,,wallet,active,2022-07-23
1893,6318,,wallet,active,2019-01-29
1894,6322,,wallet,active,2024-02-10
1895,6324,,wallet,active,2020-05-12
1896,6331,,wallet,active,2019-06-09
1897,6333,,wallet,active,2019-12-02
1898,6337,,wallet,active,2025-12-31
1899,6344,,wallet,active,2024-11-24
1900,6345,,wallet,active,2020-08-24
1901,6346,,wallet,active,2021-07-01
1902,6349,,wallet,active,2020-07-09
1903,6351,,wallet,active,2019-11-28
1904,6355,,wallet,active,2020-08-25
1905,6358,,wallet,active,2024-10-13
1906,6359,,wallet,active,2020-02-28
1907,6360,,wallet,active,2025-07-22
1908,6375,,wallet,active,2020-12-24
1909,6376,,wallet,active,2024-04-07
1910,6378,,wallet,active,2022-11-14
1911,6379,,wallet,active,2023-08-25
1912,6382,,wallet,active,2025-10-07
1913,6383,,wallet,active,2022-06-10
1914,6386,,wallet,active,2020-06-04
1915,6387,,wallet,active,2019-08-19
1916,6389,,wallet,active,2024-11-18
1917,6393,,wallet,active,2024-12-31
1918,6394,,wallet,active,2019-02-02
1919,6395,,wallet,active,2019-08-11
1920,6397,,wallet,active,2025-12-18
1921,6399,,wallet,active,2022-10-27
1922,6401,,wallet,active,2023-01-05
1923,6402,,wallet,active,2025-05-23
1924,6403,,wallet,active,2022-03-16
1925,6407,,wallet,active,2024-01-12
1926,6412,,wallet,active,2023-01-27
1927,6417,,wallet,active,2021-02-23
1928,6419,,wallet,active,2022-09-15
1929,6421,,wallet,active,2019-09-19
1930,6422,,wallet,active,2023-07-28
1931,6428,,wallet,active,2019-06-02
1932,6434,,wallet,active,2023-04-06
1933,6436,,wallet,active,2025-08-29
1934,6437,,wallet,active,2024-11-13
1935,6438,,wallet,active,2025-07-21
1936,6442,,wallet,active,2024-03-13
1937,6443,,wallet,active,2021-06-19
1938,6445,,wallet,active,2024-02-06
1939,6447,,wallet,active,2024-11-17
1940,6448,,wallet,active,2025-11-19
1941,6450,,wallet,active,2023-04-04
1942,6452,,wallet,active,2024-08-27
1943,6458,,wallet,active,2020-08-08
1944,6460,,wallet,active,2020-08-30
1945,6462,,wallet,active,2022-02-06
1946,6469,,wallet,active,2021-05-23
1947,6485,,wallet,active,2024-10-26
1948,6488,,wallet,active,2024-04-11
1949,6490,,wallet,active,2024-02-19
1950,6493,,wallet,active,2019-09-26
1951,6495,,wallet,active,2021-11-03
1952,6496,,wallet,active,2023-12-14
1953,6500,,wallet,active,2020-05-18
1954,6502,,wallet,active,2024-07-26
1955,6504,,wallet,active,2022-06-14
1956,6509,,wallet,active,2024-08-15
1957,6510,,wallet,active,2025-02-04
1958,6520,,wallet,active,2025-01-12
1959,6521,,wallet,active,2019-09-24
1960,6525,,wallet,active,2022-10-27
1961,6527,,wallet,active,2020-08-21
1962,6531,,wallet,active,2023-03-26
1963,6533,,wallet,active,2023-10-12
1964,6534,,wallet,active,2024-04-13
1965,6536,,wallet,active,2019-07-29
1966,6540,,wallet,active,2022-03-27
1967,6543,,wallet,active,2025-06-13
1968,6547,,wallet,active,2019-07-05
1969,6548,,wallet,active,2022-04-04
1970,6549,,wallet,active,2019-03-10
1971,6551,,wallet,active,2024-09-03
1972,6556,,wallet,active,2025-08-15
1973,6557,,wallet,active,2020-02-19
1974,6559,,wallet,active,2023-05-15
1975,6563,,wallet,active,2022-09-15
1976,6567,,wallet,active,2020-12-13
1977,6570,,wallet,active,2019-04-21
1978,6572,,wallet,active,2023-05-02
1979,6575,,wallet,active,2024-02-27
1980,6577,,wallet,active,2022-10-23
1981,6581,,wallet,active,2024-03-24
1982,6583,,wallet,active,2021-05-01
1983,6584,,wallet,active,2019-01-27
1984,6588,,wallet,active,2021-01-24
1985,6590,,wallet,active,2021-08-31
1986,6591,,wallet,active,2020-10-05
1987,6592,,wallet,active,2025-10-22
1988,6598,,wallet,active,2020-04-13
1989,6603,,wallet,active,2024-10-14
1990,6607,,wallet,active,2020-07-18
1991,6609,,wallet,active,2022-06-18
1992,6610,,wallet,active,2025-06-17
1993,6611,,wallet,active,2022-06-26
1994,6614,,wallet,active,2023-03-08
1995,6618,,wallet,active,2022-08-13
1996,6621,,wallet,active,2020-11-17
1997,6622,,wallet,active,2022-04-29
1998,6623,,wallet,active,2019-10-18
1999,6629,,wallet,active,2019-06-08
2000,6634,,wallet,active,2023-12-10
2001,6643,,wallet,active,2020-09-05
2002,6646,,wallet,active,2021-12-08
2003,6647,,wallet,active,2019-08-06
2004,6649,,wallet,active,2023-04-28
2005,6651,,wallet,active,2019-08-30
2006,6652,,wallet,active,2023-05-06
2007,6653,,wallet,active,2020-01-18
2008,6655,,wallet,active,2020-04-30
2009,6656,,wallet,active,2020-08-18
2010,6657,,wallet,active,2022-10-10
2011,6660,,wallet,active,2019-11-16
2012,6668,,wallet,active,2023-05-14
2013,6669,,wallet,active,2021-08-03
2014,6671,,wallet,active,2023-01-08
2015,6682,,wallet,active,2019-05-05
2016,6683,,wallet,active,2022-08-09
2017,6697,,wallet,active,2019-08-05
2018,6699,,wallet,active,2021-09-04
2019,6704,,wallet,active,2020-02-02
2020,6711,,wallet,active,2024-07-28
2021,6717,,wallet,active,2025-05-18
2022,6718,,wallet,active,2025-03-21
2023,6719,,wallet,active,2023-03-30
2024,6722,,wallet,active,2020-07-04
2025,6727,,wallet,active,2019-06-01
2026,6728,,wallet,active,2019-01-29
2027,6736,,wallet,active,2021-10-23
2028,6737,,wallet,active,2020-02-01
2029,6738,,wallet,active,2020-04-18
2030,6739,,wallet,active,2021-05-15
2031,6740,,wallet,active,2019-06-05
2032,6742,,wallet,active,2019-10-18
2033,6744,,wallet,active,2025-02-13
2034,6746,,wallet,active,2023-04-05
2035,6749,,wallet,active,2020-12-26
2036,6750,,wallet,active,2024-04-23
2037,6754,,wallet,active,2022-05-18
2038,6759,,wallet,active,2022-11-21
2039,6765,,wallet,active,2020-07-18
2040,6769,,wallet,active,2020-10-29
2041,6772,,wallet,active,2026-03-04
2042,6776,,wallet,active,2023-04-21
2043,6779,,wallet,active,2019-03-21
2044,6785,,wallet,active,2022-11-21
2045,6786,,wallet,active,2024-05-24
2046,6787,,wallet,active,2019-01-14
2047,6790,,wallet,active,2025-02-18
2048,6791,,wallet,active,2026-01-15
2049,6797,,wallet,active,2025-02-03
2050,6801,,wallet,active,2020-12-11
2051,6802,,wallet,active,2021-05-14
2052,6809,,wallet,active,2025-03-25
2053,6810,,wallet,active,2025-07-04
2054,6811,,wallet,active,2025-05-08
2055,6812,,wallet,active,2019-03-23
2056,6818,,wallet,active,2024-05-10
2057,6824,,wallet,active,2024-07-07
2058,6828,,wallet,active,2019-01-22
2059,6835,,wallet,active,2025-11-28
2060,6838,,wallet,active,2025-12-25
2061,6842,,wallet,active,2023-09-30
2062,6845,,wallet,active,2024-08-25
2063,6846,,wallet,active,2019-06-02
2064,6849,,wallet,active,2025-03-18
2065,6851,,wallet,active,2019-10-22
2066,6863,,wallet,active,2021-10-12
2067,6864,,wallet,active,2024-03-19
2068,6869,,wallet,active,2024-09-27
2069,6870,,wallet,active,2025-02-02
2070,6874,,wallet,active,2020-09-11
2071,6876,,wallet,active,2026-06-20
2072,6880,,wallet,active,2026-06-15
2073,6882,,wallet,active,2019-08-09
2074,6887,,wallet,active,2023-07-18
2075,6888,,wallet,active,2021-07-26
2076,6891,,wallet,active,2025-04-07
2077,6898,,wallet,active,2021-03-24
2078,6899,,wallet,active,2021-10-17
2079,6901,,wallet,active,2025-04-22
2080,6902,,wallet,active,2019-05-31
2081,6906,,wallet,active,2020-06-09
2082,6913,,wallet,active,2025-06-03
2083,6922,,wallet,active,2025-06-27
2084,6924,,wallet,active,2022-07-06
2085,6927,,wallet,active,2023-11-03
2086,6928,,wallet,active,2024-08-02
2087,6934,,wallet,active,2022-10-22
2088,6935,,wallet,active,2019-12-03
2089,6937,,wallet,active,2024-08-14
2090,6939,,wallet,active,2022-10-06
2091,6940,,wallet,active,2024-06-23
2092,6941,,wallet,active,2021-06-11
2093,6943,,wallet,active,2024-07-08
2094,6946,,wallet,active,2024-04-17
2095,6950,,wallet,active,2022-10-26
2096,6951,,wallet,active,2022-03-26
2097,6956,,wallet,active,2025-09-15
2098,6957,,wallet,active,2019-11-14
2099,6958,,wallet,active,2019-01-02
2100,6959,,wallet,active,2026-04-26
2101,6961,,wallet,active,2021-02-22
2102,6967,,wallet,active,2024-08-21
2103,6968,,wallet,active,2023-01-26
2104,6974,,wallet,active,2022-02-19
2105,6977,,wallet,active,2025-01-02
2106,6978,,wallet,active,2022-11-04
2107,6982,,wallet,active,2021-09-03
2108,6984,,wallet,active,2020-05-06
2109,6985,,wallet,active,2022-06-04
2110,6988,,wallet,active,2020-09-17
2111,6989,,wallet,active,2020-06-29
2112,6990,,wallet,active,2025-09-19
2113,6993,,wallet,active,2025-07-24
2114,6994,,wallet,active,2020-09-09
2115,6996,,wallet,active,2023-08-06
2116,6997,,wallet,active,2022-06-29
2117,6998,,wallet,active,2020-02-18
2118,7002,,wallet,active,2022-02-15
2119,7003,,wallet,active,2020-08-29
2120,7004,,wallet,active,2024-09-27
2121,7007,,wallet,active,2020-02-19
2122,7010,,wallet,active,2023-10-17
2123,7011,,wallet,active,2019-12-08
2124,7013,,wallet,active,2019-01-24
2125,7014,,wallet,active,2022-05-04
2126,7018,,wallet,active,2022-03-06
2127,7020,,wallet,active,2025-12-25
2128,7024,,wallet,active,2023-07-16
2129,7025,,wallet,active,2024-11-15
2130,7026,,wallet,active,2024-07-19
2131,7036,,wallet,active,2024-07-27
2132,7047,,wallet,active,2024-03-05
2133,7049,,wallet,active,2021-02-24
2134,7050,,wallet,active,2024-09-21
2135,7051,,wallet,active,2023-08-30
2136,7054,,wallet,active,2025-12-28
2137,7060,,wallet,active,2021-05-14
2138,7064,,wallet,active,2019-03-16
2139,7065,,wallet,active,2022-05-14
2140,7068,,wallet,active,2019-12-01
2141,7070,,wallet,active,2025-04-21
2142,7071,,wallet,active,2019-03-09
2143,7077,,wallet,active,2022-10-19
2144,7079,,wallet,active,2023-11-11
2145,7087,,wallet,active,2022-07-05
2146,7092,,wallet,active,2024-07-07
2147,7095,,wallet,active,2022-07-20
2148,7097,,wallet,active,2026-03-24
2149,7099,,wallet,active,2023-06-06
2150,7101,,wallet,active,2020-12-15
2151,7104,,wallet,active,2025-07-20
2152,7105,,wallet,active,2020-05-08
2153,7106,,wallet,active,2026-05-15
2154,7107,,wallet,active,2019-09-11
2155,7110,,wallet,active,2022-01-02
2156,7111,,wallet,active,2024-12-14
2157,7112,,wallet,active,2021-01-09
2158,7117,,wallet,active,2019-04-16
2159,7119,,wallet,active,2019-04-06
2160,7132,,wallet,active,2019-10-23
2161,7134,,wallet,active,2024-08-04
2162,7142,,wallet,active,2023-06-10
2163,7146,,wallet,active,2023-04-03
2164,7147,,wallet,active,2024-12-08
2165,7151,,wallet,active,2020-12-08
2166,7152,,wallet,active,2022-06-30
2167,7156,,wallet,active,2019-09-19
2168,7157,,wallet,active,2023-09-19
2169,7159,,wallet,active,2024-01-29
2170,7162,,wallet,active,2024-05-18
2171,7165,,wallet,active,2020-10-20
2172,7166,,wallet,active,2024-09-23
2173,7169,,wallet,active,2020-12-30
2174,7171,,wallet,active,2019-06-15
2175,7172,,wallet,active,2022-02-07
2176,7177,,wallet,active,2021-04-28
2177,7181,,wallet,active,2023-12-11
2178,7183,,wallet,active,2021-07-08
2179,7185,,wallet,active,2022-09-06
2180,7196,,wallet,active,2023-05-19
2181,7200,,wallet,active,2021-12-11
2182,7203,,wallet,active,2023-05-19
2183,7208,,wallet,active,2020-02-29
2184,7209,,wallet,active,2022-01-08
2185,7213,,wallet,active,2026-03-17
2186,7218,,wallet,active,2022-07-28
2187,7219,,wallet,active,2020-06-30
2188,7221,,wallet,active,2020-05-02
2189,7226,,wallet,active,2020-11-17
2190,7229,,wallet,active,2021-02-28
2191,7231,,wallet,active,2019-12-21
2192,7234,,wallet,active,2024-12-28
2193,7235,,wallet,active,2019-06-13
2194,7236,,wallet,active,2024-10-03
2195,7237,,wallet,active,2022-09-09
2196,7246,,wallet,active,2021-12-22
2197,7254,,wallet,active,2019-10-12
2198,7257,,wallet,active,2024-04-22
2199,7259,,wallet,active,2025-03-05
2200,7280,,wallet,active,2023-12-31
2201,7291,,wallet,active,2020-02-06
2202,7298,,wallet,active,2019-09-03
2203,7299,,wallet,active,2026-03-26
2204,7303,,wallet,active,2023-03-29
2205,7304,,wallet,active,2019-04-23
2206,7309,,wallet,active,2022-05-15
2207,7313,,wallet,active,2025-02-13
2208,7314,,wallet,active,2024-04-29
2209,7315,,wallet,active,2023-06-17
2210,7317,,wallet,active,2020-05-06
2211,7325,,wallet,active,2021-02-06
2212,7327,,wallet,active,2020-01-09
2213,7330,,wallet,active,2019-06-24
2214,7332,,wallet,active,2025-09-20
2215,7333,,wallet,active,2025-11-27
2216,7334,,wallet,active,2022-11-07
2217,7336,,wallet,active,2020-12-01
2218,7337,,wallet,active,2020-06-19
2219,7339,,wallet,active,2025-08-19
2220,7343,,wallet,active,2023-10-23
2221,7348,,wallet,active,2019-10-22
2222,7353,,wallet,active,2021-08-11
2223,7357,,wallet,active,2024-04-02
2224,7365,,wallet,active,2020-10-04
2225,7374,,wallet,active,2022-03-12
2226,7377,,wallet,active,2022-09-13
2227,7380,,wallet,active,2025-10-01
2228,7382,,wallet,active,2021-05-01
2229,7388,,wallet,active,2019-10-22
2230,7390,,wallet,active,2019-08-09
2231,7391,,wallet,active,2025-07-01
2232,7395,,wallet,active,2019-05-21
2233,7399,,wallet,active,2022-05-28
2234,7400,,wallet,active,2024-10-31
2235,7406,,wallet,active,2024-05-11
2236,7407,,wallet,active,2022-08-17
2237,7410,,wallet,active,2025-02-25
2238,7416,,wallet,active,2022-05-15
2239,7422,,wallet,active,2019-04-19
2240,7426,,wallet,active,2024-03-13
2241,7427,,wallet,active,2019-04-10
2242,7428,,wallet,active,2021-02-03
2243,7431,,wallet,active,2024-12-05
2244,7433,,wallet,active,2025-03-13
2245,7434,,wallet,active,2026-02-12
2246,7436,,wallet,active,2025-10-27
2247,7439,,wallet,active,2021-03-10
2248,7442,,wallet,active,2019-02-01
2249,7450,,wallet,active,2024-05-28
2250,7453,,wallet,active,2024-11-22
2251,7457,,wallet,active,2019-05-22
2252,7460,,wallet,active,2021-12-30
2253,7465,,wallet,active,2026-01-20
2254,7468,,wallet,active,2020-11-15
2255,7470,,wallet,active,2023-06-21
2256,7475,,wallet,active,2023-02-10
2257,7480,,wallet,active,2019-12-31
2258,7482,,wallet,active,2019-01-07
2259,7486,,wallet,active,2023-12-30
2260,7487,,wallet,active,2026-04-05
2261,7488,,wallet,active,2019-02-20
2262,7503,,wallet,active,2022-12-07
2263,7504,,wallet,active,2026-01-05
2264,7511,,wallet,active,2021-10-23
2265,7515,,wallet,active,2024-07-20
2266,7516,,wallet,active,2026-01-04
2267,7520,,wallet,active,2021-01-08
2268,7521,,wallet,active,2024-09-10
2269,7522,,wallet,active,2019-11-04
2270,7525,,wallet,active,2024-05-06
2271,7526,,wallet,active,2026-03-05
2272,7529,,wallet,active,2023-06-20
2273,7533,,wallet,active,2026-05-21
2274,7534,,wallet,active,2020-02-20
2275,7536,,wallet,active,2025-04-19
2276,7541,,wallet,active,2025-12-26
2277,7542,,wallet,active,2022-12-02
2278,7545,,wallet,active,2024-08-18
2279,7547,,wallet,active,2021-08-26
2280,7550,,wallet,active,2025-11-26
2281,7554,,wallet,active,2022-12-24
2282,7559,,wallet,active,2020-02-06
2283,7560,,wallet,active,2024-09-10
2284,7580,,wallet,active,2019-08-27
2285,7582,,wallet,active,2020-10-23
2286,7584,,wallet,active,2024-02-23
2287,7585,,wallet,active,2025-09-12
2288,7586,,wallet,active,2024-03-30
2289,7587,,wallet,active,2023-12-19
2290,7590,,wallet,active,2020-11-30
2291,7592,,wallet,active,2023-06-28
2292,7597,,wallet,active,2023-10-12
2293,7611,,wallet,active,2021-04-15
2294,7612,,wallet,active,2024-12-09
2295,7614,,wallet,active,2021-12-24
2296,7619,,wallet,active,2020-02-08
2297,7621,,wallet,active,2023-12-15
2298,7622,,wallet,active,2026-05-06
2299,7627,,wallet,active,2019-02-05
2300,7629,,wallet,active,2021-01-23
2301,7630,,wallet,active,2021-07-14
2302,7633,,wallet,active,2024-05-19
2303,7642,,wallet,active,2023-06-01
2304,7648,,wallet,active,2025-11-20
2305,7650,,wallet,active,2025-07-06
2306,7655,,wallet,active,2025-05-20
2307,7657,,wallet,active,2022-07-30
2308,7658,,wallet,active,2024-09-05
2309,7659,,wallet,active,2025-01-18
2310,7663,,wallet,active,2025-02-26
2311,7664,,wallet,active,2023-11-22
2312,7668,,wallet,active,2024-01-11
2313,7671,,wallet,active,2023-11-02
2314,7681,,wallet,active,2019-01-07
2315,7684,,wallet,active,2020-03-07
2316,7688,,wallet,active,2024-05-29
2317,7690,,wallet,active,2021-07-24
2318,7692,,wallet,active,2020-12-14
2319,7695,,wallet,active,2019-04-13
2320,7702,,wallet,active,2026-04-23
2321,7706,,wallet,active,2025-01-25
2322,7709,,wallet,active,2026-05-31
2323,7714,,wallet,active,2020-11-05
2324,7715,,wallet,active,2023-02-20
2325,7718,,wallet,active,2025-07-12
2326,7722,,wallet,active,2025-07-10
2327,7723,,wallet,active,2020-11-26
2328,7727,,wallet,active,2024-05-30
2329,7731,,wallet,active,2023-10-29
2330,7732,,wallet,active,2024-06-05
2331,7736,,wallet,active,2024-07-08
2332,7747,,wallet,active,2023-12-15
2333,7749,,wallet,active,2021-12-29
2334,7751,,wallet,active,2019-07-30
2335,7752,,wallet,active,2021-07-28
2336,7759,,wallet,active,2023-11-13
2337,7760,,wallet,active,2021-02-19
2338,7761,,wallet,active,2025-06-16
2339,7763,,wallet,active,2019-07-08
2340,7764,,wallet,active,2025-09-30
2341,7771,,wallet,active,2022-10-13
2342,7774,,wallet,active,2021-07-11
2343,7775,,wallet,active,2021-02-04
2344,7776,,wallet,active,2023-08-25
2345,7778,,wallet,active,2020-03-17
2346,7782,,wallet,active,2026-06-10
2347,7783,,wallet,active,2021-05-14
2348,7785,,wallet,active,2020-07-09
2349,7796,,wallet,active,2024-12-18
2350,7797,,wallet,active,2021-07-27
2351,7798,,wallet,active,2026-04-23
2352,7802,,wallet,active,2020-06-07
2353,7805,,wallet,active,2020-08-25
2354,7807,,wallet,active,2019-03-14
2355,7809,,wallet,active,2019-01-30
2356,7810,,wallet,active,2022-04-19
2357,7818,,wallet,active,2025-10-11
2358,7821,,wallet,active,2020-09-14
2359,7825,,wallet,active,2023-08-28
2360,7827,,wallet,active,2025-07-12
2361,7828,,wallet,active,2026-04-24
2362,7830,,wallet,active,2025-07-19
2363,7831,,wallet,active,2025-06-08
2364,7835,,wallet,active,2021-08-12
2365,7837,,wallet,active,2025-01-16
2366,7839,,wallet,active,2022-01-31
2367,7845,,wallet,active,2025-01-09
2368,7846,,wallet,active,2021-08-06
2369,7848,,wallet,active,2025-01-15
2370,7849,,wallet,active,2022-04-08
2371,7850,,wallet,active,2020-02-15
2372,7853,,wallet,active,2023-04-21
2373,7854,,wallet,active,2019-01-07
2374,7857,,wallet,active,2020-08-05
2375,7858,,wallet,active,2022-08-25
2376,7861,,wallet,active,2022-08-15
2377,7862,,wallet,active,2021-03-17
2378,7863,,wallet,active,2025-02-15
2379,7864,,wallet,active,2024-09-10
2380,7866,,wallet,active,2025-03-05
2381,7867,,wallet,active,2022-11-30
2382,7872,,wallet,active,2021-07-21
2383,7873,,wallet,active,2022-05-23
2384,7876,,wallet,active,2023-03-19
2385,7883,,wallet,active,2023-07-03
2386,7898,,wallet,active,2022-11-29
2387,7905,,wallet,active,2024-01-12
2388,7906,,wallet,active,2024-06-27
2389,7907,,wallet,active,2025-12-01
2390,7913,,wallet,active,2019-06-20
2391,7923,,wallet,active,2024-02-10
2392,7924,,wallet,active,2024-07-27
2393,7925,,wallet,active,2021-10-12
2394,7930,,wallet,active,2026-05-04
2395,7932,,wallet,active,2025-04-10
2396,7936,,wallet,active,2022-06-17
2397,7938,,wallet,active,2021-04-08
2398,7944,,wallet,active,2021-08-31
2399,7947,,wallet,active,2023-05-23
2400,7950,,wallet,active,2020-09-23
2401,7951,,wallet,active,2019-04-06
2402,7953,,wallet,active,2021-06-03
2403,7956,,wallet,active,2021-08-02
2404,7958,,wallet,active,2020-09-23
2405,7960,,wallet,active,2025-08-02
2406,7966,,wallet,active,2025-09-15
2407,7968,,wallet,active,2021-07-23
2408,7969,,wallet,active,2025-12-28
2409,7984,,wallet,active,2020-08-20
2410,7990,,wallet,active,2021-06-18
2411,7998,,wallet,active,2023-01-18
2412,8000,,wallet,active,2022-09-09
2413,8001,,wallet,active,2024-11-28
2414,8004,,wallet,active,2025-01-02
2415,8009,,wallet,active,2021-11-25
2416,8011,,wallet,active,2024-06-28
2417,8017,,wallet,active,2025-10-23
2418,8020,,wallet,active,2025-09-27
2419,8023,,wallet,active,2024-02-10
2420,8024,,wallet,active,2021-12-19
2421,8025,,wallet,active,2023-07-15
2422,8026,,wallet,active,2020-09-08
2423,8028,,wallet,active,2025-05-30
2424,8029,,wallet,active,2021-04-15
2425,8030,,wallet,active,2021-05-14
2426,8032,,wallet,active,2019-08-07
2427,8038,,wallet,active,2020-07-28
2428,8041,,wallet,active,2023-05-09
2429,8044,,wallet,active,2024-01-16
2430,8053,,wallet,active,2022-02-10
2431,8054,,wallet,active,2025-02-11
2432,8055,,wallet,active,2021-10-03
2433,8060,,wallet,active,2021-09-27
2434,8063,,wallet,active,2023-07-01
2435,8064,,wallet,active,2025-03-08
2436,8065,,wallet,active,2020-06-14
2437,8066,,wallet,active,2023-03-23
2438,8071,,wallet,active,2019-10-11
2439,8081,,wallet,active,2023-01-13
2440,8090,,wallet,active,2022-11-06
2441,8091,,wallet,active,2026-04-22
2442,8095,,wallet,active,2020-11-10
2443,8103,,wallet,active,2021-07-20
2444,8109,,wallet,active,2023-12-23
2445,8112,,wallet,active,2024-11-30
2446,8116,,wallet,active,2025-01-11
2447,8122,,wallet,active,2020-09-04
2448,8123,,wallet,active,2025-08-20
2449,8124,,wallet,active,2020-09-12
2450,8125,,wallet,active,2020-10-09
2451,8128,,wallet,active,2023-08-16
2452,8129,,wallet,active,2026-02-27
2453,8134,,wallet,active,2023-07-24
2454,8137,,wallet,active,2025-12-31
2455,8139,,wallet,active,2019-07-21
2456,8143,,wallet,active,2020-04-27
2457,8144,,wallet,active,2026-06-18
2458,8145,,wallet,active,2024-12-19
2459,8150,,wallet,active,2020-05-07
2460,8153,,wallet,active,2022-05-23
2461,8154,,wallet,active,2021-09-10
2462,8156,,wallet,active,2022-01-03
2463,8157,,wallet,active,2019-03-06
2464,8164,,wallet,active,2021-05-13
2465,8165,,wallet,active,2023-09-23
2466,8170,,wallet,active,2025-08-03
2467,8171,,wallet,active,2025-08-15
2468,8176,,wallet,active,2020-09-11
2469,8177,,wallet,active,2024-09-22
2470,8180,,wallet,active,2019-07-21
2471,8181,,wallet,active,2024-05-23
2472,8183,,wallet,active,2023-06-29
2473,8184,,wallet,active,2021-08-11
2474,8189,,wallet,active,2022-11-28
2475,8190,,wallet,active,2026-03-21
2476,8191,,wallet,active,2025-03-06
2477,8192,,wallet,active,2020-07-25
2478,8198,,wallet,active,2021-07-30
2479,8200,,wallet,active,2021-09-13
2480,8201,,wallet,active,2022-11-09
2481,8203,,wallet,active,2024-03-13
2482,8204,,wallet,active,2021-07-17
2483,8206,,wallet,active,2021-01-27
2484,8209,,wallet,active,2021-07-02
2485,8210,,wallet,active,2019-10-22
2486,8213,,wallet,active,2025-06-11
2487,8215,,wallet,active,2023-01-26
2488,8217,,wallet,active,2021-04-13
2489,8223,,wallet,active,2019-11-10
2490,8226,,wallet,active,2024-04-07
2491,8227,,wallet,active,2026-04-22
2492,8228,,wallet,active,2022-09-01
2493,8229,,wallet,active,2025-08-05
2494,8232,,wallet,active,2020-11-29
2495,8233,,wallet,active,2024-07-14
2496,8239,,wallet,active,2021-12-07
2497,8243,,wallet,active,2025-04-18
2498,8244,,wallet,active,2021-01-21
2499,8245,,wallet,active,2025-08-17
2500,8249,,wallet,active,2023-11-07
2501,8251,,wallet,active,2019-10-20
2502,8253,,wallet,active,2025-11-27
2503,8254,,wallet,active,2024-09-02
2504,8255,,wallet,active,2023-01-14
2505,8260,,wallet,active,2022-05-06
2506,8262,,wallet,active,2020-07-24
2507,8266,,wallet,active,2021-04-28
2508,8267,,wallet,active,2023-12-22
2509,8272,,wallet,active,2019-10-09
2510,8275,,wallet,active,2025-05-07
2511,8280,,wallet,active,2024-02-20
2512,8286,,wallet,active,2021-06-14
2513,8288,,wallet,active,2021-08-01
2514,8290,,wallet,active,2019-12-13
2515,8294,,wallet,active,2020-02-04
2516,8297,,wallet,active,2025-10-03
2517,8301,,wallet,active,2022-11-22
2518,8304,,wallet,active,2021-05-12
2519,8308,,wallet,active,2024-08-11
2520,8311,,wallet,active,2025-09-04
2521,8317,,wallet,active,2025-06-27
2522,8320,,wallet,active,2021-01-27
2523,8328,,wallet,active,2022-02-05
2524,8329,,wallet,active,2020-11-24
2525,8330,,wallet,active,2022-12-16
2526,8332,,wallet,active,2023-08-19
2527,8333,,wallet,active,2026-04-14
2528,8335,,wallet,active,2020-09-22
2529,8346,,wallet,active,2026-03-27
2530,8355,,wallet,active,2021-12-11
2531,8356,,wallet,active,2022-07-22
2532,8366,,wallet,active,2025-01-15
2533,8370,,wallet,active,2020-05-15
2534,8374,,wallet,active,2025-04-08
2535,8379,,wallet,active,2023-09-06
2536,8380,,wallet,active,2026-04-11
2537,8383,,wallet,active,2022-07-09
2538,8384,,wallet,active,2025-07-16
2539,8385,,wallet,active,2023-11-25
2540,8387,,wallet,active,2021-03-28
2541,8389,,wallet,active,2020-11-10
2542,8395,,wallet,active,2019-02-17
2543,8404,,wallet,active,2026-04-18
2544,8407,,wallet,active,2022-02-13
2545,8409,,wallet,active,2020-11-05
2546,8411,,wallet,active,2021-08-18
2547,8412,,wallet,active,2024-09-26
2548,8413,,wallet,active,2024-02-17
2549,8414,,wallet,active,2020-01-01
2550,8418,,wallet,active,2022-09-22
2551,8420,,wallet,active,2023-03-10
2552,8430,,wallet,active,2023-04-29
2553,8432,,wallet,active,2024-11-08
2554,8443,,wallet,active,2026-05-24
2555,8447,,wallet,active,2024-04-26
2556,8458,,wallet,active,2024-04-03
2557,8460,,wallet,active,2025-01-10
2558,8468,,wallet,active,2024-03-02
2559,8469,,wallet,active,2021-05-17
2560,8472,,wallet,active,2024-08-11
2561,8476,,wallet,active,2022-11-03
2562,8483,,wallet,active,2022-06-25
2563,8484,,wallet,active,2024-12-08
2564,8489,,wallet,active,2024-08-01
2565,8491,,wallet,active,2025-01-01
2566,8494,,wallet,active,2021-04-06
2567,8495,,wallet,active,2026-05-20
2568,8497,,wallet,active,2020-05-16
2569,8498,,wallet,active,2021-03-03
2570,8501,,wallet,active,2023-11-14
2571,8504,,wallet,active,2026-06-09
2572,8505,,wallet,active,2022-07-01
2573,8510,,wallet,active,2024-09-17
2574,8511,,wallet,active,2026-03-24
2575,8515,,wallet,active,2025-04-25
2576,8543,,wallet,active,2019-02-04
2577,8544,,wallet,active,2022-08-10
2578,8554,,wallet,active,2024-07-05
2579,8555,,wallet,active,2020-12-29
2580,8561,,wallet,active,2024-09-03
2581,8562,,wallet,active,2019-07-18
2582,8566,,wallet,active,2019-03-01
2583,8568,,wallet,active,2024-03-08
2584,8575,,wallet,active,2026-02-17
2585,8576,,wallet,active,2022-10-11
2586,8580,,wallet,active,2025-02-24
2587,8581,,wallet,active,2024-02-22
2588,8585,,wallet,active,2026-06-22
2589,8590,,wallet,active,2022-12-21
2590,8592,,wallet,active,2025-06-30
2591,8598,,wallet,active,2021-06-23
2592,8600,,wallet,active,2022-05-24
2593,8601,,wallet,active,2025-01-12
2594,8606,,wallet,active,2021-12-16
2595,8610,,wallet,active,2023-12-26
2596,8614,,wallet,active,2026-03-19
2597,8615,,wallet,active,2021-11-17
2598,8619,,wallet,active,2024-05-15
2599,8620,,wallet,active,2019-04-25
2600,8622,,wallet,active,2019-07-18
2601,8623,,wallet,active,2026-06-17
2602,8624,,wallet,active,2020-01-18
2603,8626,,wallet,active,2025-03-10
2604,8629,,wallet,active,2024-12-21
2605,8641,,wallet,active,2020-07-04
2606,8643,,wallet,active,2024-08-03
2607,8644,,wallet,active,2024-01-30
2608,8647,,wallet,active,2024-06-10
2609,8652,,wallet,active,2026-01-26
2610,8655,,wallet,active,2021-05-12
2611,8658,,wallet,active,2023-12-15
2612,8659,,wallet,active,2020-05-24
2613,8660,,wallet,active,2023-05-11
2614,8664,,wallet,active,2022-12-21
2615,8665,,wallet,active,2023-06-26
2616,8668,,wallet,active,2024-08-21
2617,8669,,wallet,active,2024-12-06
2618,8674,,wallet,active,2024-03-11
2619,8676,,wallet,active,2022-10-12
2620,8679,,wallet,active,2023-04-25
2621,8682,,wallet,active,2019-06-09
2622,8686,,wallet,active,2021-01-18
2623,8687,,wallet,active,2021-08-07
2624,8690,,wallet,active,2022-10-27
2625,8692,,wallet,active,2025-04-28
2626,8697,,wallet,active,2024-10-01
2627,8702,,wallet,active,2020-08-07
2628,8706,,wallet,active,2023-06-05
2629,8710,,wallet,active,2021-12-07
2630,8714,,wallet,active,2019-12-22
2631,8721,,wallet,active,2024-01-01
2632,8727,,wallet,active,2020-11-14
2633,8731,,wallet,active,2022-05-29
2634,8732,,wallet,active,2019-11-21
2635,8735,,wallet,active,2019-09-01
2636,8737,,wallet,active,2022-08-12
2637,8742,,wallet,active,2024-09-06
2638,8743,,wallet,active,2025-06-10
2639,8745,,wallet,active,2026-04-27
2640,8755,,wallet,active,2025-11-27
2641,8756,,wallet,active,2023-07-15
2642,8758,,wallet,active,2024-01-20
2643,8759,,wallet,active,2022-12-23
2644,8760,,wallet,active,2020-01-07
2645,8761,,wallet,active,2020-08-26
2646,8764,,wallet,active,2022-11-21
2647,8772,,wallet,active,2019-04-16
2648,8776,,wallet,active,2019-11-10
2649,8778,,wallet,active,2020-06-09
2650,8785,,wallet,active,2020-07-01
2651,8791,,wallet,active,2026-01-20
2652,8792,,wallet,active,2019-07-11
2653,8793,,wallet,active,2020-07-06
2654,8794,,wallet,active,2023-03-11
2655,8796,,wallet,active,2022-07-07
2656,8797,,wallet,active,2019-01-11
2657,8803,,wallet,active,2024-05-22
2658,8805,,wallet,active,2025-06-03
2659,8811,,wallet,active,2023-12-06
2660,8813,,wallet,active,2025-06-18
2661,8814,,wallet,active,2023-10-31
2662,8815,,wallet,active,2019-09-29
2663,8817,,wallet,active,2022-07-03
2664,8819,,wallet,active,2025-04-13
2665,8822,,wallet,active,2026-06-18
2666,8823,,wallet,active,2020-05-18
2667,8827,,wallet,active,2022-01-20
2668,8828,,wallet,active,2020-02-17
2669,8830,,wallet,active,2021-09-11
2670,8832,,wallet,active,2019-06-17
2671,8836,,wallet,active,2020-06-25
2672,8840,,wallet,active,2022-05-30
2673,8842,,wallet,active,2023-05-16
2674,8843,,wallet,active,2019-01-26
2675,8845,,wallet,active,2023-12-01
2676,8846,,wallet,active,2021-04-17
2677,8852,,wallet,active,2026-05-14
2678,8854,,wallet,active,2025-01-25
2679,8855,,wallet,active,2024-06-18
2680,8859,,wallet,active,2019-11-25
2681,8860,,wallet,active,2023-05-06
2682,8865,,wallet,active,2023-03-24
2683,8866,,wallet,active,2022-05-10
2684,8867,,wallet,active,2022-12-25
2685,8878,,wallet,active,2022-06-11
2686,8879,,wallet,active,2022-06-21
2687,8882,,wallet,active,2023-01-19
2688,8884,,wallet,active,2025-04-29
2689,8886,,wallet,active,2026-03-18
2690,8888,,wallet,active,2023-07-27
2691,8892,,wallet,active,2020-02-04
2692,8895,,wallet,active,2023-05-18
2693,8896,,wallet,active,2024-04-15
2694,8897,,wallet,active,2023-08-06
2695,8903,,wallet,active,2019-04-19
2696,8904,,wallet,active,2023-07-19
2697,8908,,wallet,active,2020-05-05
2698,8910,,wallet,active,2023-03-21
2699,8911,,wallet,active,2019-07-16
2700,8913,,wallet,active,2021-05-19
2701,8914,,wallet,active,2019-09-01
2702,8916,,wallet,active,2024-05-11
2703,8923,,wallet,active,2022-01-21
2704,8927,,wallet,active,2025-03-10
2705,8930,,wallet,active,2025-03-29
2706,8937,,wallet,active,2020-01-21
2707,8947,,wallet,active,2021-06-23
2708,8949,,wallet,active,2024-11-07
2709,8951,,wallet,active,2021-02-17
2710,8952,,wallet,active,2025-02-12
2711,8955,,wallet,active,2025-02-03
2712,8957,,wallet,active,2022-05-29
2713,8959,,wallet,active,2021-01-07
2714,8964,,wallet,active,2023-06-05
2715,8967,,wallet,active,2024-01-25
2716,8968,,wallet,active,2023-07-06
2717,8973,,wallet,active,2020-11-18
2718,8976,,wallet,active,2024-04-18
2719,8979,,wallet,active,2025-12-24
2720,8980,,wallet,active,2024-10-10
2721,8983,,wallet,active,2024-05-14
2722,8985,,wallet,active,2023-01-06
2723,8987,,wallet,active,2022-10-07
2724,8992,,wallet,active,2023-01-31
2725,8993,,wallet,active,2025-01-08
2726,9010,,wallet,active,2020-08-16
2727,9014,,wallet,active,2019-05-23
2728,9016,,wallet,active,2021-04-18
2729,9019,,wallet,active,2025-01-05
2730,9020,,wallet,active,2025-06-24
2731,9025,,wallet,active,2020-01-20
2732,9032,,wallet,active,2023-06-27
2733,9034,,wallet,active,2024-06-12
2734,9035,,wallet,active,2026-02-01
2735,9039,,wallet,active,2025-08-25
2736,9040,,wallet,active,2020-01-20
2737,9042,,wallet,active,2021-06-03
2738,9045,,wallet,active,2026-03-28
2739,9047,,wallet,active,2023-11-15
2740,9052,,wallet,active,2022-05-10
2741,9054,,wallet,active,2023-12-11
2742,9062,,wallet,active,2022-01-02
2743,9065,,wallet,active,2025-09-05
2744,9073,,wallet,active,2021-04-15
2745,9074,,wallet,active,2026-01-27
2746,9076,,wallet,active,2023-01-10
2747,9080,,wallet,active,2020-05-02
2748,9087,,wallet,active,2020-03-10
2749,9088,,wallet,active,2021-08-23
2750,9092,,wallet,active,2025-11-15
2751,9100,,wallet,active,2019-12-28
2752,9108,,wallet,active,2019-06-14
2753,9109,,wallet,active,2023-06-14
2754,9111,,wallet,active,2019-05-19
2755,9112,,wallet,active,2023-11-03
2756,9115,,wallet,active,2022-09-30
2757,9119,,wallet,active,2021-06-27
2758,9120,,wallet,active,2022-10-07
2759,9122,,wallet,active,2022-11-10
2760,9124,,wallet,active,2021-12-26
2761,9129,,wallet,active,2023-05-11
2762,9133,,wallet,active,2024-08-27
2763,9135,,wallet,active,2022-04-05
2764,9136,,wallet,active,2026-03-14
2765,9141,,wallet,active,2022-06-15
2766,9144,,wallet,active,2026-01-28
2767,9145,,wallet,active,2025-01-04
2768,9148,,wallet,active,2019-01-10
2769,9149,,wallet,active,2019-06-14
2770,9151,,wallet,active,2023-10-08
2771,9153,,wallet,active,2020-03-21
2772,9156,,wallet,active,2023-07-18
2773,9157,,wallet,active,2019-10-07
2774,9159,,wallet,active,2023-05-19
2775,9162,,wallet,active,2023-12-19
2776,9169,,wallet,active,2024-03-06
2777,9182,,wallet,active,2023-05-22
2778,9186,,wallet,active,2021-08-23
2779,9189,,wallet,active,2026-04-29
2780,9193,,wallet,active,2025-10-21
2781,9194,,wallet,active,2020-06-29
2782,9196,,wallet,active,2021-12-31
2783,9197,,wallet,active,2022-07-03
2784,9202,,wallet,active,2026-02-24
2785,9204,,wallet,active,2025-12-18
2786,9206,,wallet,active,2026-03-01
2787,9209,,wallet,active,2026-05-14
2788,9215,,wallet,active,2024-05-28
2789,9222,,wallet,active,2022-02-02
2790,9235,,wallet,active,2020-06-26
2791,9239,,wallet,active,2021-05-10
2792,9242,,wallet,active,2021-07-23
2793,9254,,wallet,active,2026-02-10
2794,9258,,wallet,active,2024-07-03
2795,9260,,wallet,active,2024-10-24
2796,9262,,wallet,active,2022-04-19
2797,9266,,wallet,active,2021-01-16
2798,9269,,wallet,active,2022-07-23
2799,9270,,wallet,active,2024-03-09
2800,9272,,wallet,active,2020-07-20
2801,9276,,wallet,active,2019-05-15
2802,9278,,wallet,active,2021-05-06
2803,9280,,wallet,active,2022-11-02
2804,9281,,wallet,active,2021-01-22
2805,9283,,wallet,active,2022-03-07
2806,9292,,wallet,active,2020-04-01
2807,9294,,wallet,active,2019-03-28
2808,9295,,wallet,active,2020-11-10
2809,9299,,wallet,active,2026-02-07
2810,9301,,wallet,active,2021-12-06
2811,9306,,wallet,active,2019-11-06
2812,9310,,wallet,active,2023-05-17
2813,9312,,wallet,active,2022-03-12
2814,9316,,wallet,active,2019-08-10
2815,9317,,wallet,active,2025-06-11
2816,9320,,wallet,active,2023-07-19
2817,9322,,wallet,active,2019-08-15
2818,9323,,wallet,active,2023-09-10
2819,9330,,wallet,active,2022-03-02
2820,9333,,wallet,active,2019-08-07
2821,9337,,wallet,active,2019-02-21
2822,9341,,wallet,active,2023-07-19
2823,9343,,wallet,active,2025-01-08
2824,9344,,wallet,active,2025-03-15
2825,9347,,wallet,active,2020-04-15
2826,9354,,wallet,active,2024-05-08
2827,9361,,wallet,active,2026-01-02
2828,9365,,wallet,active,2019-06-21
2829,9369,,wallet,active,2024-07-20
2830,9370,,wallet,active,2020-03-25
2831,9372,,wallet,active,2025-08-14
2832,9374,,wallet,active,2024-11-24
2833,9378,,wallet,active,2024-12-05
2834,9380,,wallet,active,2024-12-27
2835,9382,,wallet,active,2025-02-04
2836,9385,,wallet,active,2022-07-02
2837,9386,,wallet,active,2019-11-23
2838,9389,,wallet,active,2023-07-21
2839,9391,,wallet,active,2023-04-24
2840,9400,,wallet,active,2023-10-10
2841,9402,,wallet,active,2023-09-22
2842,9403,,wallet,active,2021-06-03
2843,9409,,wallet,active,2021-04-17
2844,9418,,wallet,active,2024-10-10
2845,9421,,wallet,active,2021-07-01
2846,9423,,wallet,active,2020-08-22
2847,9424,,wallet,active,2026-04-20
2848,9426,,wallet,active,2019-11-19
2849,9430,,wallet,active,2025-02-06
2850,9438,,wallet,active,2021-01-16
2851,9441,,wallet,active,2022-12-14
2852,9445,,wallet,active,2024-09-05
2853,9446,,wallet,active,2025-03-27
2854,9447,,wallet,active,2019-11-09
2855,9453,,wallet,active,2020-07-19
2856,9455,,wallet,active,2021-08-14
2857,9461,,wallet,active,2019-10-23
2858,9464,,wallet,active,2022-06-24
2859,9465,,wallet,active,2026-05-04
2860,9468,,wallet,active,2023-06-21
2861,9472,,wallet,active,2022-12-11
2862,9474,,wallet,active,2020-04-06
2863,9476,,wallet,active,2020-11-18
2864,9478,,wallet,active,2023-11-27
2865,9480,,wallet,active,2020-05-25
2866,9482,,wallet,active,2024-05-28
2867,9483,,wallet,active,2020-09-25
2868,9486,,wallet,active,2026-05-19
2869,9496,,wallet,active,2022-12-18
2870,9506,,wallet,active,2019-09-14
2871,9507,,wallet,active,2021-08-27
2872,9510,,wallet,active,2020-10-05
2873,9511,,wallet,active,2024-02-26
2874,9513,,wallet,active,2026-06-25
2875,9521,,wallet,active,2022-06-07
2876,9522,,wallet,active,2019-08-06
2877,9523,,wallet,active,2024-07-24
2878,9524,,wallet,active,2022-05-30
2879,9525,,wallet,active,2025-05-24
2880,9528,,wallet,active,2020-09-29
2881,9533,,wallet,active,2019-01-23
2882,9534,,wallet,active,2019-07-22
2883,9535,,wallet,active,2023-09-09
2884,9536,,wallet,active,2025-12-18
2885,9540,,wallet,active,2024-09-13
2886,9546,,wallet,active,2024-04-11
2887,9549,,wallet,active,2022-09-18
2888,9553,,wallet,active,2021-04-01
2889,9555,,wallet,active,2019-01-18
2890,9565,,wallet,active,2019-10-14
2891,9567,,wallet,active,2019-01-14
2892,9568,,wallet,active,2022-09-18
2893,9580,,wallet,active,2024-03-23
2894,9584,,wallet,active,2020-04-04
2895,9585,,wallet,active,2020-01-14
2896,9588,,wallet,active,2019-03-28
2897,9590,,wallet,active,2024-01-10
2898,9594,,wallet,active,2021-05-12
2899,9602,,wallet,active,2025-11-08
2900,9606,,wallet,active,2023-06-01
2901,9607,,wallet,active,2023-06-03
2902,9609,,wallet,active,2023-12-11
2903,9610,,wallet,active,2023-11-12
2904,9611,,wallet,active,2021-08-10
2905,9612,,wallet,active,2024-06-02
2906,9613,,wallet,active,2023-09-19
2907,9616,,wallet,active,2025-02-11
2908,9618,,wallet,active,2021-08-27
2909,9621,,wallet,active,2019-01-13
2910,9623,,wallet,active,2026-03-28
2911,9627,,wallet,active,2019-06-30
2912,9632,,wallet,active,2021-01-03
2913,9634,,wallet,active,2019-04-13
2914,9642,,wallet,active,2021-12-10
2915,9644,,wallet,active,2025-01-14
2916,9645,,wallet,active,2019-04-17
2917,9649,,wallet,active,2025-10-20
2918,9653,,wallet,active,2024-11-29
2919,9657,,wallet,active,2020-06-24
2920,9661,,wallet,active,2022-05-16
2921,9664,,wallet,active,2021-10-31
2922,9665,,wallet,active,2019-10-21
2923,9666,,wallet,active,2020-12-28
2924,9670,,wallet,active,2021-03-22
2925,9672,,wallet,active,2020-03-17
2926,9675,,wallet,active,2022-09-23
2927,9680,,wallet,active,2025-04-15
2928,9684,,wallet,active,2021-03-10
2929,9686,,wallet,active,2020-01-16
2930,9689,,wallet,active,2022-03-23
2931,9693,,wallet,active,2022-06-08
2932,9696,,wallet,active,2023-02-04
2933,9699,,wallet,active,2022-10-28
2934,9703,,wallet,active,2020-05-10
2935,9705,,wallet,active,2022-12-09
2936,9706,,wallet,active,2025-12-25
2937,9713,,wallet,active,2023-04-09
2938,9719,,wallet,active,2024-09-05
2939,9722,,wallet,active,2021-11-05
2940,9724,,wallet,active,2023-04-01
2941,9725,,wallet,active,2022-09-10
2942,9728,,wallet,active,2019-01-02
2943,9729,,wallet,active,2025-02-14
2944,9731,,wallet,active,2021-09-15
2945,9737,,wallet,active,2020-03-23
2946,9746,,wallet,active,2021-01-07
2947,9747,,wallet,active,2023-12-02
2948,9750,,wallet,active,2023-05-08
2949,9751,,wallet,active,2024-05-22
2950,9758,,wallet,active,2019-04-01
2951,9761,,wallet,active,2022-06-13
2952,9764,,wallet,active,2025-08-29
2953,9765,,wallet,active,2020-08-19
2954,9769,,wallet,active,2025-10-12
2955,9770,,wallet,active,2022-05-30
2956,9773,,wallet,active,2020-01-06
2957,9776,,wallet,active,2023-07-11
2958,9786,,wallet,active,2022-07-11
2959,9791,,wallet,active,2026-03-08
2960,9794,,wallet,active,2019-12-24
2961,9795,,wallet,active,2025-12-19
2962,9796,,wallet,active,2020-09-08
2963,9798,,wallet,active,2020-02-17
2964,9799,,wallet,active,2021-02-20
2965,9805,,wallet,active,2023-01-12
2966,9810,,wallet,active,2020-05-24
2967,9811,,wallet,active,2021-11-25
2968,9814,,wallet,active,2023-06-12
2969,9817,,wallet,active,2026-03-09
2970,9819,,wallet,active,2025-09-10
2971,9821,,wallet,active,2021-04-05
2972,9824,,wallet,active,2024-11-04
2973,9828,,wallet,active,2019-01-02
2974,9829,,wallet,active,2023-11-30
2975,9830,,wallet,active,2022-05-20
2976,9836,,wallet,active,2025-12-05
2977,9838,,wallet,active,2022-01-29
2978,9840,,wallet,active,2026-05-02
2979,9843,,wallet,active,2020-11-13
2980,9852,,wallet,active,2022-07-12
2981,9854,,wallet,active,2024-02-11
2982,9857,,wallet,active,2019-08-13
2983,9862,,wallet,active,2021-01-30
2984,9866,,wallet,active,2025-06-24
2985,9870,,wallet,active,2022-06-12
2986,9873,,wallet,active,2025-09-02
2987,9875,,wallet,active,2023-05-24
2988,9891,,wallet,active,2023-02-24
2989,9892,,wallet,active,2022-03-22
2990,9893,,wallet,active,2021-09-10
2991,9894,,wallet,active,2020-07-19
2992,9895,,wallet,active,2022-01-03
2993,9898,,wallet,active,2021-04-21
2994,9902,,wallet,active,2021-11-03
2995,9904,,wallet,active,2023-05-03
2996,9910,,wallet,active,2019-01-17
2997,9914,,wallet,active,2026-05-05
2998,9915,,wallet,active,2024-01-26
2999,9920,,wallet,active,2023-10-08
3000,9927,,wallet,active,2022-04-22
3001,9928,,wallet,active,2023-01-03
3002,9929,,wallet,active,2024-08-22
3003,9932,,wallet,active,2025-12-10
3004,9937,,wallet,active,2023-12-02
3005,9940,,wallet,active,2025-12-15
3006,9947,,wallet,active,2020-07-19
3007,9948,,wallet,active,2021-04-02
3008,9954,,wallet,active,2024-11-06
3009,9964,,wallet,active,2019-11-14
3010,9967,,wallet,active,2019-09-11
3011,9968,,wallet,active,2021-12-05
3012,9973,,wallet,active,2022-08-28
3013,9974,,wallet,active,2024-03-03
3014,9984,,wallet,active,2021-09-23
3015,9988,,wallet,active,2026-03-23
3016,9990,,wallet,active,2024-08-02
3017,9991,,wallet,active,2020-08-22
3018,9998,,wallet,active,2025-09-03
3019,9999,,wallet,active,2022-01-29
3020,10003,,wallet,active,2020-08-21
3021,10008,,wallet,active,2024-07-17
3022,10009,,wallet,active,2019-10-28
3023,10014,,wallet,active,2021-06-12
3024,10026,,wallet,active,2025-12-25
3025,10033,,wallet,active,2021-11-27
3026,10034,,wallet,active,2026-04-09
3027,10045,,wallet,active,2020-04-23
3028,10050,,wallet,active,2021-05-18
3029,10052,,wallet,active,2023-12-26
3030,10053,,wallet,active,2025-12-09
3031,10066,,wallet,active,2023-10-22
3032,10069,,wallet,active,2020-05-15
3033,10078,,wallet,active,2024-08-01
3034,10081,,wallet,active,2023-09-23
3035,10083,,wallet,active,2025-09-22
3036,10085,,wallet,active,2023-04-04
3037,10086,,wallet,active,2020-01-09
3038,10089,,wallet,active,2022-05-20
3039,10091,,wallet,active,2022-09-13
3040,10093,,wallet,active,2024-02-12
3041,10102,,wallet,active,2025-12-12
3042,10103,,wallet,active,2025-05-13
3043,10106,,wallet,active,2025-10-05
3044,10108,,wallet,active,2019-01-22
3045,10109,,wallet,active,2025-10-29
3046,10110,,wallet,active,2021-01-27
3047,10113,,wallet,active,2022-04-04
3048,10117,,wallet,active,2026-04-11
3049,10122,,wallet,active,2021-11-27
3050,10123,,wallet,active,2020-05-09
3051,10127,,wallet,active,2026-05-11
3052,10133,,wallet,active,2021-11-07
3053,10135,,wallet,active,2019-02-05
3054,10137,,wallet,active,2023-03-12
3055,10138,,wallet,active,2020-12-24
3056,10139,,wallet,active,2025-06-09
3057,10145,,wallet,active,2021-07-29
3058,10147,,wallet,active,2022-10-19
3059,10153,,wallet,active,2021-05-19
3060,10156,,wallet,active,2023-04-16
3061,10167,,wallet,active,2026-03-25
3062,10171,,wallet,active,2022-07-10
3063,10173,,wallet,active,2024-11-20
3064,10178,,wallet,active,2020-10-10
3065,10184,,wallet,active,2023-04-25
3066,10186,,wallet,active,2022-08-23
3067,10189,,wallet,active,2022-11-21
3068,10193,,wallet,active,2020-05-25
3069,10197,,wallet,active,2019-04-13
3070,10198,,wallet,active,2026-01-14
3071,10199,,wallet,active,2020-04-19
3072,10200,,wallet,active,2020-09-28
3073,10202,,wallet,active,2020-05-13
3074,10203,,wallet,active,2021-09-13
3075,10208,,wallet,active,2024-08-14
3076,10212,,wallet,active,2019-09-11
3077,10213,,wallet,active,2021-05-06
3078,10215,,wallet,active,2020-05-21
3079,10216,,wallet,active,2019-11-11
3080,10217,,wallet,active,2024-05-07
3081,10219,,wallet,active,2025-01-21
3082,10220,,wallet,active,2025-02-27
3083,10221,,wallet,active,2023-05-06
3084,10229,,wallet,active,2020-04-06
3085,10230,,wallet,active,2020-03-25
3086,10233,,wallet,active,2022-04-07
3087,10235,,wallet,active,2025-03-23
3088,10240,,wallet,active,2025-08-14
3089,10242,,wallet,active,2019-02-01
3090,10258,,wallet,active,2024-03-27
3091,10260,,wallet,active,2021-08-12
3092,10264,,wallet,active,2025-10-23
3093,10266,,wallet,active,2024-06-29
3094,10268,,wallet,active,2019-03-22
3095,10271,,wallet,active,2025-09-25
3096,10273,,wallet,active,2025-01-26
3097,10274,,wallet,active,2019-06-19
3098,10277,,wallet,active,2023-10-12
3099,10281,,wallet,active,2025-12-21
3100,10284,,wallet,active,2022-12-29
3101,10285,,wallet,active,2023-04-08
3102,10292,,wallet,active,2022-09-08
3103,10293,,wallet,active,2020-10-09
3104,10294,,wallet,active,2025-01-06
3105,10297,,wallet,active,2019-07-18
3106,10298,,wallet,active,2022-07-04
3107,10299,,wallet,active,2024-04-16
3108,10304,,wallet,active,2023-03-19
3109,10310,,wallet,active,2024-07-10
3110,10316,,wallet,active,2019-01-06
3111,10318,,wallet,active,2022-04-07
3112,10319,,wallet,active,2023-02-15
3113,10325,,wallet,active,2022-06-12
3114,10332,,wallet,active,2023-11-02
3115,10337,,wallet,active,2025-09-29
3116,10342,,wallet,active,2023-11-28
3117,10344,,wallet,active,2020-12-25
3118,10345,,wallet,active,2020-07-03
3119,10346,,wallet,active,2024-07-23
3120,10348,,wallet,active,2020-03-17
3121,10352,,wallet,active,2019-01-16
3122,10359,,wallet,active,2022-07-18
3123,10360,,wallet,active,2022-02-07
3124,10364,,wallet,active,2021-11-21
3125,10366,,wallet,active,2020-01-24
3126,10367,,wallet,active,2020-04-17
3127,10371,,wallet,active,2020-03-15
3128,10372,,wallet,active,2021-12-09
3129,10373,,wallet,active,2022-12-26
3130,10380,,wallet,active,2025-09-16
3131,10381,,wallet,active,2020-03-11
3132,10383,,wallet,active,2019-09-06
3133,10384,,wallet,active,2023-06-25
3134,10385,,wallet,active,2024-02-04
3135,10387,,wallet,active,2021-02-19
3136,10394,,wallet,active,2023-05-16
3137,10395,,wallet,active,2026-03-31
3138,10400,,wallet,active,2026-06-08
3139,10401,,wallet,active,2024-01-01
3140,10402,,wallet,active,2019-10-30
3141,10403,,wallet,active,2020-08-21
3142,10405,,wallet,active,2020-10-09
3143,10407,,wallet,active,2023-09-27
3144,10412,,wallet,active,2023-01-20
3145,10413,,wallet,active,2024-05-17
3146,10416,,wallet,active,2022-10-14
3147,10418,,wallet,active,2023-09-25
3148,10419,,wallet,active,2022-09-13
3149,10427,,wallet,active,2019-05-04
3150,10428,,wallet,active,2025-03-03
3151,10432,,wallet,active,2025-03-24
3152,10434,,wallet,active,2019-06-22
3153,10436,,wallet,active,2020-11-18
3154,10437,,wallet,active,2021-05-24
3155,10438,,wallet,active,2023-09-03
3156,10439,,wallet,active,2020-09-14
3157,10445,,wallet,active,2022-01-22
3158,10447,,wallet,active,2022-02-08
3159,10449,,wallet,active,2023-06-22
3160,10453,,wallet,active,2023-01-11
3161,10456,,wallet,active,2025-04-19
3162,10458,,wallet,active,2022-06-04
3163,10464,,wallet,active,2019-08-05
3164,10469,,wallet,active,2020-12-06
3165,10470,,wallet,active,2024-10-11
3166,10476,,wallet,active,2020-04-06
3167,10483,,wallet,active,2021-01-17
3168,10486,,wallet,active,2020-11-22
3169,10490,,wallet,active,2019-09-14
3170,10491,,wallet,active,2023-10-01
3171,10495,,wallet,active,2021-10-03
3172,10496,,wallet,active,2022-04-24
3173,10501,,wallet,active,2019-06-01
3174,10503,,wallet,active,2025-06-28
3175,10505,,wallet,active,2025-08-22
3176,10506,,wallet,active,2020-11-27
3177,10509,,wallet,active,2023-06-18
3178,10511,,wallet,active,2020-07-07
3179,10513,,wallet,active,2024-02-14
3180,10514,,wallet,active,2025-06-15
3181,10518,,wallet,active,2023-10-10
3182,10520,,wallet,active,2024-11-15
3183,10522,,wallet,active,2021-04-30
3184,10525,,wallet,active,2023-05-25
3185,10528,,wallet,active,2024-10-07
3186,10529,,wallet,active,2024-04-02
3187,10531,,wallet,active,2024-07-13
3188,10536,,wallet,active,2023-05-02
3189,10537,,wallet,active,2024-08-30
3190,10541,,wallet,active,2020-10-10
3191,10543,,wallet,active,2019-02-04
3192,10547,,wallet,active,2019-06-08
3193,10549,,wallet,active,2024-11-26
3194,10550,,wallet,active,2023-04-06
3195,10551,,wallet,active,2021-08-01
3196,10560,,wallet,active,2025-04-29
3197,10567,,wallet,active,2022-12-12
3198,10569,,wallet,active,2021-09-16
3199,10573,,wallet,active,2019-04-13
3200,10575,,wallet,active,2019-05-29
3201,10578,,wallet,active,2019-10-19
3202,10582,,wallet,active,2019-06-15
3203,10587,,wallet,active,2024-07-06
3204,10590,,wallet,active,2025-02-06
3205,10593,,wallet,active,2022-08-28
3206,10607,,wallet,active,2023-10-01
3207,10609,,wallet,active,2020-11-26
3208,10611,,wallet,active,2026-02-26
3209,10612,,wallet,active,2026-01-26
3210,10617,,wallet,active,2022-03-01
3211,10623,,wallet,active,2022-01-12
3212,10624,,wallet,active,2026-05-02
3213,10625,,wallet,active,2021-08-04
3214,10627,,wallet,active,2022-08-27
3215,10630,,wallet,active,2019-12-20
3216,10631,,wallet,active,2024-06-09
3217,10633,,wallet,active,2019-11-04
3218,10640,,wallet,active,2025-10-08
3219,10641,,wallet,active,2021-10-30
3220,10645,,wallet,active,2022-05-27
3221,10663,,wallet,active,2019-01-04
3222,10664,,wallet,active,2020-01-03
3223,10669,,wallet,active,2020-08-29
3224,10670,,wallet,active,2023-12-15
3225,10671,,wallet,active,2019-09-03
3226,10672,,wallet,active,2019-08-10
3227,10673,,wallet,active,2023-05-14
3228,10675,,wallet,active,2019-11-26
3229,10676,,wallet,active,2020-11-10
3230,10679,,wallet,active,2026-05-11
3231,10684,,wallet,active,2022-04-05
3232,10687,,wallet,active,2020-08-28
3233,10690,,wallet,active,2019-09-27
3234,10693,,wallet,active,2019-09-11
3235,10694,,wallet,active,2023-01-08
3236,10698,,wallet,active,2022-07-19
3237,10699,,wallet,active,2020-05-03
3238,10700,,wallet,active,2025-05-15
3239,10708,,wallet,active,2021-03-25
3240,10709,,wallet,active,2021-02-02
3241,10710,,wallet,active,2023-02-13
3242,10713,,wallet,active,2021-10-18
3243,10714,,wallet,active,2024-07-28
3244,10715,,wallet,active,2024-10-12
3245,10720,,wallet,active,2025-08-25
3246,10723,,wallet,active,2022-03-11
3247,10725,,wallet,active,2024-02-06
3248,10727,,wallet,active,2025-01-28
3249,10734,,wallet,active,2022-04-21
3250,10736,,wallet,active,2022-09-17
3251,10740,,wallet,active,2020-07-23
3252,10742,,wallet,active,2023-02-05
3253,10747,,wallet,active,2020-03-17
3254,10748,,wallet,active,2023-01-17
3255,10755,,wallet,active,2024-04-12
3256,10758,,wallet,active,2024-01-18
3257,10760,,wallet,active,2020-03-28
3258,10763,,wallet,active,2022-07-26
3259,10764,,wallet,active,2023-07-03
3260,10767,,wallet,active,2019-09-17
3261,10774,,wallet,active,2024-03-20
3262,10776,,wallet,active,2020-06-05
3263,10780,,wallet,active,2023-11-27
3264,10781,,wallet,active,2023-10-09
3265,10782,,wallet,active,2022-04-11
3266,10783,,wallet,active,2020-04-25
3267,10784,,wallet,active,2025-10-20
3268,10787,,wallet,active,2021-12-08
3269,10791,,wallet,active,2024-07-28
3270,10792,,wallet,active,2020-05-09
3271,10795,,wallet,active,2022-11-09
3272,10796,,wallet,active,2019-02-11
3273,10797,,wallet,active,2022-02-19
3274,10800,,wallet,active,2026-06-29
3275,10804,,wallet,active,2021-11-23
3276,10805,,wallet,active,2025-03-29
3277,10806,,wallet,active,2020-03-04
3278,10808,,wallet,active,2023-04-07
3279,10809,,wallet,active,2020-04-08
3280,10817,,wallet,active,2026-01-14
3281,10819,,wallet,active,2024-05-07
3282,10820,,wallet,active,2019-10-03
3283,10822,,wallet,active,2019-02-14
3284,10823,,wallet,active,2022-01-01
3285,10825,,wallet,active,2019-03-04
3286,10826,,wallet,active,2021-03-10
3287,10829,,wallet,active,2024-04-28
3288,10831,,wallet,active,2025-04-30
3289,10835,,wallet,active,2022-11-20
3290,10836,,wallet,active,2020-05-31
3291,10838,,wallet,active,2021-01-14
3292,10843,,wallet,active,2023-04-03
3293,10850,,wallet,active,2020-08-24
3294,10851,,wallet,active,2025-10-20
3295,10853,,wallet,active,2024-04-18
3296,10854,,wallet,active,2022-10-15
3297,10856,,wallet,active,2021-01-12
3298,10859,,wallet,active,2023-07-13
3299,10864,,wallet,active,2023-08-01
3300,10869,,wallet,active,2026-05-08
3301,10870,,wallet,active,2019-07-22
3302,10872,,wallet,active,2025-11-19
3303,10876,,wallet,active,2024-03-31
3304,10877,,wallet,active,2021-06-29
3305,10882,,wallet,active,2023-01-13
3306,10883,,wallet,active,2026-04-13
3307,10886,,wallet,active,2025-11-14
3308,10890,,wallet,active,2026-03-04
3309,10896,,wallet,active,2024-03-29
3310,10902,,wallet,active,2024-08-25
3311,10908,,wallet,active,2024-12-03
3312,10909,,wallet,active,2020-02-12
3313,10910,,wallet,active,2019-04-27
3314,10916,,wallet,active,2022-12-16
3315,10924,,wallet,active,2023-01-26
3316,10926,,wallet,active,2026-02-12
3317,10927,,wallet,active,2020-12-24
3318,10937,,wallet,active,2023-03-23
3319,10940,,wallet,active,2023-07-22
3320,10941,,wallet,active,2019-04-28
3321,10942,,wallet,active,2024-02-07
3322,10945,,wallet,active,2020-04-14
3323,10948,,wallet,active,2020-01-17
3324,10950,,wallet,active,2021-09-03
3325,10952,,wallet,active,2024-01-30
3326,10953,,wallet,active,2019-10-31
3327,10955,,wallet,active,2021-11-29
3328,10956,,wallet,active,2020-10-29
3329,10958,,wallet,active,2019-01-23
3330,10959,,wallet,active,2026-06-10
3331,10960,,wallet,active,2023-05-27
3332,10962,,wallet,active,2022-01-15
3333,10964,,wallet,active,2019-07-02
3334,10967,,wallet,active,2023-10-14
3335,10973,,wallet,active,2020-12-28
3336,10974,,wallet,active,2020-09-22
3337,10976,,wallet,active,2019-11-06
3338,10984,,wallet,active,2020-06-26
3339,10989,,wallet,active,2022-02-28
3340,10993,,wallet,active,2024-11-24
3341,10994,,wallet,active,2021-03-22
3342,11003,,wallet,active,2019-08-19
3343,11005,,wallet,active,2022-10-17
3344,11008,,wallet,active,2023-04-28
3345,11009,,wallet,active,2025-05-01
3346,11012,,wallet,active,2025-10-05
3347,11014,,wallet,active,2022-10-21
3348,11017,,wallet,active,2023-12-27
3349,11019,,wallet,active,2023-06-17
3350,11021,,wallet,active,2020-08-17
3351,11023,,wallet,active,2024-08-21
3352,11030,,wallet,active,2019-12-27
3353,11032,,wallet,active,2026-01-08
3354,11035,,wallet,active,2025-10-30
3355,11036,,wallet,active,2022-10-12
3356,11039,,wallet,active,2022-12-10
3357,11040,,wallet,active,2021-06-06
3358,11044,,wallet,active,2019-05-03
3359,11047,,wallet,active,2025-06-30
3360,11050,,wallet,active,2023-01-06
3361,11051,,wallet,active,2025-09-22
3362,11054,,wallet,active,2020-01-30
3363,11058,,wallet,active,2021-02-08
3364,11062,,wallet,active,2022-05-12
3365,11064,,wallet,active,2021-11-30
3366,11068,,wallet,active,2021-04-15
3367,11083,,wallet,active,2023-10-17
3368,11086,,wallet,active,2024-04-30
3369,11087,,wallet,active,2025-06-30
3370,11088,,wallet,active,2022-07-04
3371,11089,,wallet,active,2021-08-19
3372,11090,,wallet,active,2020-01-23
3373,11092,,wallet,active,2019-06-12
3374,11094,,wallet,active,2026-05-10
3375,11099,,wallet,active,2020-03-08
3376,11105,,wallet,active,2026-03-08
3377,11108,,wallet,active,2024-08-17
3378,11111,,wallet,active,2019-12-19
3379,11113,,wallet,active,2021-01-09
3380,11116,,wallet,active,2019-01-08
3381,11120,,wallet,active,2024-10-18
3382,11122,,wallet,active,2022-01-29
3383,11125,,wallet,active,2025-07-29
3384,11128,,wallet,active,2024-06-13
3385,11130,,wallet,active,2020-10-14
3386,11131,,wallet,active,2025-08-29
3387,11132,,wallet,active,2024-03-27
3388,11133,,wallet,active,2024-10-21
3389,11136,,wallet,active,2023-03-02
3390,11142,,wallet,active,2025-02-03
3391,11143,,wallet,active,2024-06-15
3392,11152,,wallet,active,2024-04-09
3393,11160,,wallet,active,2024-11-11
3394,11168,,wallet,active,2022-09-13
3395,11172,,wallet,active,2019-05-05
3396,11173,,wallet,active,2024-03-16
3397,11175,,wallet,active,2020-05-20
3398,11179,,wallet,active,2023-01-08
3399,11186,,wallet,active,2026-02-24
3400,11189,,wallet,active,2019-07-21
3401,11192,,wallet,active,2024-07-25
3402,11193,,wallet,active,2019-03-04
3403,11199,,wallet,active,2023-07-02
3404,11202,,wallet,active,2023-11-08
3405,11206,,wallet,active,2020-12-01
3406,11208,,wallet,active,2019-05-29
3407,11214,,wallet,active,2019-11-28
3408,11226,,wallet,active,2022-12-03
3409,11228,,wallet,active,2026-06-15
3410,11229,,wallet,active,2025-09-13
3411,11232,,wallet,active,2021-06-14
3412,11238,,wallet,active,2023-07-03
3413,11241,,wallet,active,2023-04-27
3414,11247,,wallet,active,2023-11-30
3415,11249,,wallet,active,2022-08-07
3416,11256,,wallet,active,2024-05-03
3417,11257,,wallet,active,2021-07-04
3418,11258,,wallet,active,2025-12-21
3419,11260,,wallet,active,2023-10-26
3420,11268,,wallet,active,2022-07-09
3421,11275,,wallet,active,2021-08-08
3422,11277,,wallet,active,2023-02-25
3423,11278,,wallet,active,2019-10-31
3424,11283,,wallet,active,2025-03-10
3425,11285,,wallet,active,2022-08-18
3426,11289,,wallet,active,2022-12-19
3427,11294,,wallet,active,2025-04-29
3428,11295,,wallet,active,2022-06-16
3429,11299,,wallet,active,2023-03-19
3430,11305,,wallet,active,2023-05-18
3431,11307,,wallet,active,2022-09-07
3432,11309,,wallet,active,2023-01-17
3433,11314,,wallet,active,2022-10-02
3434,11316,,wallet,active,2025-03-09
3435,11319,,wallet,active,2023-02-13
3436,11320,,wallet,active,2019-06-16
3437,11322,,wallet,active,2021-11-17
3438,11325,,wallet,active,2021-12-01
3439,11330,,wallet,active,2023-02-17
3440,11331,,wallet,active,2022-12-09
3441,11340,,wallet,active,2020-10-14
3442,11344,,wallet,active,2020-10-25
3443,11354,,wallet,active,2020-11-18
3444,11355,,wallet,active,2023-02-23
3445,11356,,wallet,active,2019-08-28
3446,11364,,wallet,active,2020-07-22
3447,11365,,wallet,active,2023-01-12
3448,11370,,wallet,active,2019-01-20
3449,11372,,wallet,active,2021-11-21
3450,11377,,wallet,active,2019-04-14
3451,11379,,wallet,active,2021-06-18
3452,11381,,wallet,active,2022-10-26
3453,11385,,wallet,active,2025-10-02
3454,11388,,wallet,active,2026-02-22
3455,11389,,wallet,active,2025-10-22
3456,11390,,wallet,active,2024-04-25
3457,11391,,wallet,active,2023-06-18
3458,11392,,wallet,active,2019-03-29
3459,11394,,wallet,active,2021-08-17
3460,11398,,wallet,active,2023-09-14
3461,11400,,wallet,active,2024-02-07
3462,11404,,wallet,active,2023-12-13
3463,11406,,wallet,active,2022-03-14
3464,11407,,wallet,active,2022-10-02
3465,11415,,wallet,active,2019-08-30
3466,11417,,wallet,active,2022-10-06
3467,11422,,wallet,active,2019-02-17
3468,11424,,wallet,active,2019-10-11
3469,11427,,wallet,active,2022-04-22
3470,11433,,wallet,active,2023-01-04
3471,11435,,wallet,active,2024-03-15
3472,11440,,wallet,active,2022-11-29
3473,11442,,wallet,active,2019-08-17
3474,11448,,wallet,active,2026-06-27
3475,11450,,wallet,active,2022-12-30
3476,11452,,wallet,active,2025-12-10
3477,11455,,wallet,active,2024-07-07
3478,11456,,wallet,active,2021-12-29
3479,11458,,wallet,active,2022-10-09
3480,11464,,wallet,active,2025-04-01
3481,11470,,wallet,active,2022-07-10
3482,11478,,wallet,active,2021-07-10
3483,11489,,wallet,active,2021-09-10
3484,11490,,wallet,active,2022-07-24
3485,11494,,wallet,active,2024-09-17
3486,11496,,wallet,active,2025-02-17
3487,11499,,wallet,active,2019-06-24
3488,11500,,wallet,active,2021-06-24
3489,11505,,wallet,active,2021-09-18
3490,11513,,wallet,active,2024-01-21
3491,11523,,wallet,active,2021-12-30
3492,11526,,wallet,active,2022-09-01
3493,11530,,wallet,active,2020-11-13
3494,11533,,wallet,active,2020-06-29
3495,11534,,wallet,active,2023-07-03
3496,11535,,wallet,active,2024-05-19
3497,11541,,wallet,active,2022-03-05
3498,11542,,wallet,active,2023-10-12
3499,11553,,wallet,active,2024-11-29
3500,11562,,wallet,active,2023-06-03
3501,11565,,wallet,active,2022-03-16
3502,11567,,wallet,active,2025-09-30
3503,11570,,wallet,active,2020-11-19
3504,11583,,wallet,active,2021-10-19
3505,11586,,wallet,active,2026-01-24
3506,11590,,wallet,active,2024-05-21
3507,11591,,wallet,active,2020-03-21
3508,11601,,wallet,active,2023-02-15
3509,11605,,wallet,active,2021-02-03
3510,11608,,wallet,active,2019-11-23
3511,11610,,wallet,active,2024-03-22
3512,11611,,wallet,active,2022-02-04
3513,11613,,wallet,active,2020-12-18
3514,11617,,wallet,active,2020-11-18
3515,11619,,wallet,active,2025-08-01
3516,11623,,wallet,active,2020-11-08
3517,11624,,wallet,active,2022-12-26
3518,11630,,wallet,active,2020-11-09
3519,11632,,wallet,active,2022-12-26
3520,11638,,wallet,active,2021-04-01
3521,11647,,wallet,active,2023-06-10
3522,11649,,wallet,active,2021-03-06
3523,11658,,wallet,active,2021-03-14
3524,11662,,wallet,active,2025-01-07
3525,11667,,wallet,active,2026-03-10
3526,11669,,wallet,active,2023-05-01
3527,11670,,wallet,active,2024-03-12
3528,11671,,wallet,active,2021-01-28
3529,11688,,wallet,active,2021-03-14
3530,11695,,wallet,active,2021-03-02
3531,11699,,wallet,active,2025-04-27
3532,11702,,wallet,active,2022-06-11
3533,11707,,wallet,active,2024-08-31
3534,11709,,wallet,active,2021-11-10
3535,11710,,wallet,active,2021-10-02
3536,11721,,wallet,active,2023-11-27
3537,11724,,wallet,active,2022-10-17
3538,11734,,wallet,active,2025-06-30
3539,11735,,wallet,active,2023-06-01
3540,11737,,wallet,active,2023-10-29
3541,11741,,wallet,active,2020-11-01
3542,11743,,wallet,active,2021-04-23
3543,11746,,wallet,active,2022-01-06
3544,11752,,wallet,active,2020-10-13
3545,11754,,wallet,active,2019-09-22
3546,11758,,wallet,active,2025-11-26
3547,11759,,wallet,active,2019-07-02
3548,11760,,wallet,active,2019-05-31
3549,11762,,wallet,active,2020-04-29
3550,11771,,wallet,active,2022-04-24
3551,11777,,wallet,active,2024-09-22
3552,11783,,wallet,active,2022-04-07
3553,11784,,wallet,active,2023-05-17
3554,11790,,wallet,active,2023-03-07
3555,11791,,wallet,active,2024-11-26
3556,11793,,wallet,active,2024-11-15
3557,11794,,wallet,active,2026-03-16
3558,11795,,wallet,active,2026-05-15
3559,11802,,wallet,active,2019-06-24
3560,11805,,wallet,active,2026-04-28
3561,11809,,wallet,active,2022-07-20
3562,11811,,wallet,active,2022-02-07
3563,11812,,wallet,active,2020-03-09
3564,11816,,wallet,active,2021-09-17
3565,11818,,wallet,active,2021-11-21
3566,11824,,wallet,active,2024-08-21
3567,11826,,wallet,active,2019-04-09
3568,11827,,wallet,active,2025-01-27
3569,11828,,wallet,active,2023-08-30
3570,11835,,wallet,active,2021-05-13
3571,11849,,wallet,active,2024-08-08
3572,11851,,wallet,active,2022-03-07
3573,11861,,wallet,active,2024-02-19
3574,11863,,wallet,active,2024-10-17
3575,11866,,wallet,active,2022-09-12
3576,11868,,wallet,active,2019-04-05
3577,11869,,wallet,active,2022-03-22
3578,11876,,wallet,active,2026-03-07
3579,11877,,wallet,active,2024-10-23
3580,11878,,wallet,active,2022-07-14
3581,11881,,wallet,active,2021-01-17
3582,11883,,wallet,active,2021-01-22
3583,11886,,wallet,active,2026-02-25
3584,11888,,wallet,active,2026-04-15
3585,11889,,wallet,active,2022-06-13
3586,11891,,wallet,active,2020-05-29
3587,11895,,wallet,active,2023-05-25
3588,11902,,wallet,active,2020-08-05
3589,11906,,wallet,active,2024-06-20
3590,11910,,wallet,active,2021-12-29
3591,11911,,wallet,active,2023-02-01
3592,11912,,wallet,active,2024-03-23
3593,11914,,wallet,active,2021-03-20
3594,11927,,wallet,active,2021-10-25
3595,11930,,wallet,active,2024-11-24
3596,11934,,wallet,active,2024-05-05
3597,11935,,wallet,active,2023-05-03
3598,11938,,wallet,active,2021-02-01
3599,11939,,wallet,active,2024-10-25
3600,11940,,wallet,active,2025-07-12
3601,11942,,wallet,active,2021-08-24
3602,11945,,wallet,active,2022-10-08
3603,11947,,wallet,active,2022-07-25
3604,11952,,wallet,active,2022-10-08
3605,11963,,wallet,active,2020-06-11
3606,11964,,wallet,active,2020-04-24
3607,11972,,wallet,active,2022-06-02
3608,11974,,wallet,active,2023-04-03
3609,11975,,wallet,active,2026-03-09
3610,11978,,wallet,active,2020-10-15
3611,11980,,wallet,active,2026-06-12
3612,11982,,wallet,active,2021-05-12
3613,11987,,wallet,active,2019-10-13
3614,11989,,wallet,active,2024-07-27
3615,11994,,wallet,active,2020-07-09
3616,11995,,wallet,active,2020-07-20
3617,11997,,wallet,active,2022-07-28
3618,11998,,wallet,active,2025-10-12
3619,12002,,wallet,active,2019-06-25
3620,12011,,wallet,active,2021-09-21
3621,12014,,wallet,active,2026-02-24
3622,12018,,wallet,active,2020-07-19
3623,12023,,wallet,active,2021-12-12
3624,12041,,wallet,active,2021-08-07
3625,12043,,wallet,active,2019-07-27
3626,12044,,wallet,active,2025-08-07
3627,12047,,wallet,active,2021-09-22
3628,12060,,wallet,active,2024-11-20
3629,12061,,wallet,active,2020-03-14
3630,12065,,wallet,active,2023-10-07
3631,12067,,wallet,active,2021-11-09
3632,12070,,wallet,active,2025-02-24
3633,12071,,wallet,active,2025-07-16
3634,12073,,wallet,active,2022-09-22
3635,12074,,wallet,active,2023-08-29
3636,12075,,wallet,active,2025-11-06
3637,12076,,wallet,active,2022-08-18
3638,12078,,wallet,active,2020-12-05
3639,12079,,wallet,active,2024-12-30
3640,12081,,wallet,active,2020-02-01
3641,12084,,wallet,active,2020-06-20
3642,12087,,wallet,active,2020-08-06
3643,12088,,wallet,active,2024-04-16
3644,12095,,wallet,active,2024-12-14
3645,12100,,wallet,active,2024-02-08
3646,12115,,wallet,active,2023-03-03
3647,12116,,wallet,active,2025-07-21
3648,12123,,wallet,active,2023-04-01
3649,12124,,wallet,active,2021-06-01
3650,12125,,wallet,active,2021-02-24
3651,12128,,wallet,active,2024-01-17
3652,12140,,wallet,active,2021-03-23
3653,12141,,wallet,active,2022-01-17
3654,12143,,wallet,active,2024-08-29
3655,12146,,wallet,active,2021-05-21
3656,12152,,wallet,active,2021-02-22
3657,12154,,wallet,active,2019-07-17
3658,12155,,wallet,active,2020-10-23
3659,12157,,wallet,active,2022-11-20
3660,12161,,wallet,active,2023-05-16
3661,12162,,wallet,active,2021-11-05
3662,12168,,wallet,active,2023-12-09
3663,12170,,wallet,active,2019-10-02
3664,12171,,wallet,active,2021-08-22
3665,12179,,wallet,active,2025-03-16
3666,12181,,wallet,active,2025-02-22
3667,12182,,wallet,active,2021-11-03
3668,12186,,wallet,active,2021-02-27
3669,12188,,wallet,active,2025-10-22
3670,12195,,wallet,active,2020-10-06
3671,12196,,wallet,active,2023-11-15
3672,12197,,wallet,active,2023-07-06
3673,12199,,wallet,active,2024-11-02
3674,12211,,wallet,active,2021-07-08
3675,12214,,wallet,active,2021-03-06
3676,12215,,wallet,active,2019-03-07
3677,12216,,wallet,active,2019-09-20
3678,12218,,wallet,active,2020-04-05
3679,12223,,wallet,active,2019-08-04
3680,12229,,wallet,active,2019-05-28
3681,12231,,wallet,active,2021-08-30
3682,12233,,wallet,active,2019-10-18
3683,12245,,wallet,active,2021-02-26
3684,12248,,wallet,active,2022-02-17
3685,12249,,wallet,active,2023-08-12
3686,12252,,wallet,active,2022-02-16
3687,12255,,wallet,active,2020-06-15
3688,12257,,wallet,active,2022-04-14
3689,12261,,wallet,active,2025-04-07
3690,12266,,wallet,active,2023-12-11
3691,12268,,wallet,active,2020-05-05
3692,12269,,wallet,active,2025-08-14
3693,12271,,wallet,active,2024-05-02
3694,12273,,wallet,active,2020-07-08
3695,12278,,wallet,active,2026-03-09
3696,12280,,wallet,active,2024-03-27
3697,12283,,wallet,active,2020-10-11
3698,12284,,wallet,active,2019-11-16
3699,12288,,wallet,active,2025-11-23
3700,12290,,wallet,active,2024-04-12
3701,12291,,wallet,active,2019-11-09
3702,12307,,wallet,active,2020-09-19
3703,12311,,wallet,active,2025-12-04
3704,12318,,wallet,active,2020-05-10
3705,12333,,wallet,active,2026-01-25
3706,12334,,wallet,active,2020-12-27
3707,12341,,wallet,active,2023-12-15
3708,12342,,wallet,active,2022-12-24
3709,12346,,wallet,active,2022-07-28
3710,12347,,wallet,active,2019-10-19
3711,12350,,wallet,active,2019-09-13
3712,12354,,wallet,active,2025-12-13
3713,12359,,wallet,active,2026-05-24
3714,12361,,wallet,active,2023-10-30
3715,12363,,wallet,active,2023-09-21
3716,12364,,wallet,active,2021-08-27
3717,12365,,wallet,active,2026-06-20
3718,12366,,wallet,active,2020-05-31
3719,12368,,wallet,active,2019-10-08
3720,12374,,wallet,active,2021-10-17
3721,12380,,wallet,active,2022-07-20
3722,12381,,wallet,active,2019-07-16
3723,12382,,wallet,active,2023-03-15
3724,12385,,wallet,active,2023-04-19
3725,12386,,wallet,active,2019-06-23
3726,12396,,wallet,active,2019-03-07
3727,12397,,wallet,active,2024-02-18
3728,12398,,wallet,active,2019-08-05
3729,12399,,wallet,active,2021-06-06
3730,12403,,wallet,active,2025-03-10
3731,12410,,wallet,active,2021-04-03
3732,12417,,wallet,active,2023-11-19
3733,12418,,wallet,active,2023-02-12
3734,12425,,wallet,active,2024-10-25
3735,12428,,wallet,active,2026-04-04
3736,12431,,wallet,active,2020-12-08
3737,12433,,wallet,active,2021-06-25
3738,12436,,wallet,active,2026-05-08
3739,12438,,wallet,active,2019-02-13
3740,12440,,wallet,active,2023-07-05
3741,12441,,wallet,active,2022-03-31
3742,12444,,wallet,active,2021-05-21
3743,12446,,wallet,active,2021-05-16
3744,12447,,wallet,active,2020-09-20
3745,12449,,wallet,active,2024-10-24
3746,12452,,wallet,active,2026-04-15
3747,12456,,wallet,active,2022-11-15
3748,12457,,wallet,active,2024-07-27
3749,12458,,wallet,active,2019-01-24
3750,12468,,wallet,active,2019-03-28
3751,12473,,wallet,active,2023-03-03
3752,12474,,wallet,active,2019-01-28
3753,12476,,wallet,active,2021-01-26
3754,12481,,wallet,active,2025-05-31
3755,12482,,wallet,active,2020-12-08
3756,12483,,wallet,active,2022-05-26
3757,12485,,wallet,active,2024-01-18
3758,12486,,wallet,active,2024-07-07
3759,12488,,wallet,active,2020-06-15
3760,12493,,wallet,active,2025-01-22
3761,12501,,wallet,active,2019-01-13
3762,12507,,wallet,active,2025-06-15
3763,12508,,wallet,active,2020-11-21
3764,12512,,wallet,active,2023-06-04
3765,12513,,wallet,active,2025-09-11
3766,12515,,wallet,active,2025-10-27
3767,12517,,wallet,active,2023-07-27
3768,12520,,wallet,active,2023-06-07
3769,12526,,wallet,active,2019-11-07
3770,12528,,wallet,active,2020-08-29
3771,12529,,wallet,active,2022-03-26
3772,12539,,wallet,active,2019-05-29
3773,12540,,wallet,active,2025-04-05
3774,12541,,wallet,active,2022-07-31
3775,12542,,wallet,active,2021-01-10
3776,12543,,wallet,active,2020-02-07
3777,12563,,wallet,active,2026-03-07
3778,12568,,wallet,active,2026-01-24
3779,12573,,wallet,active,2025-11-16
3780,12574,,wallet,active,2026-05-01
3781,12582,,wallet,active,2021-10-02
3782,12586,,wallet,active,2025-10-26
3783,12587,,wallet,active,2019-11-14
3784,12589,,wallet,active,2021-11-13
3785,12590,,wallet,active,2024-04-09
3786,12592,,wallet,active,2020-12-17
3787,12593,,wallet,active,2025-09-10
3788,12597,,wallet,active,2024-04-29
3789,12603,,wallet,active,2019-07-21
3790,12604,,wallet,active,2020-09-15
3791,12605,,wallet,active,2019-01-12
3792,12614,,wallet,active,2024-05-13
3793,12618,,wallet,active,2021-09-22
3794,12619,,wallet,active,2024-09-22
3795,12625,,wallet,active,2019-03-09
3796,12626,,wallet,active,2022-10-06
3797,12627,,wallet,active,2021-03-02
3798,12631,,wallet,active,2023-09-09
3799,12632,,wallet,active,2020-09-14
3800,12639,,wallet,active,2024-01-21
3801,12641,,wallet,active,2024-10-24
3802,12651,,wallet,active,2025-09-28
3803,12652,,wallet,active,2023-03-14
3804,12658,,wallet,active,2020-02-11
3805,12659,,wallet,active,2024-04-25
3806,12664,,wallet,active,2026-01-21
3807,12665,,wallet,active,2022-10-01
3808,12672,,wallet,active,2020-02-11
3809,12682,,wallet,active,2019-10-10
3810,12683,,wallet,active,2024-05-15
3811,12684,,wallet,active,2024-04-28
3812,12685,,wallet,active,2020-07-10
3813,12689,,wallet,active,2024-08-19
3814,12692,,wallet,active,2022-06-03
3815,12693,,wallet,active,2025-08-05
3816,12694,,wallet,active,2025-01-19
3817,12699,,wallet,active,2019-04-15
3818,12701,,wallet,active,2022-11-23
3819,12706,,wallet,active,2019-04-14
3820,12708,,wallet,active,2019-05-22
3821,12709,,wallet,active,2024-06-11
3822,12717,,wallet,active,2019-06-10
3823,12720,,wallet,active,2019-09-05
3824,12723,,wallet,active,2026-04-12
3825,12724,,wallet,active,2023-11-18
3826,12725,,wallet,active,2019-10-31
3827,12727,,wallet,active,2019-10-26
3828,12730,,wallet,active,2024-11-10
3829,12734,,wallet,active,2019-07-08
3830,12741,,wallet,active,2020-01-15
3831,12742,,wallet,active,2024-10-07
3832,12744,,wallet,active,2021-05-25
3833,12746,,wallet,active,2024-09-28
3834,12748,,wallet,active,2023-09-02
3835,12751,,wallet,active,2025-07-10
3836,12753,,wallet,active,2021-12-16
3837,12757,,wallet,active,2024-10-20
3838,12764,,wallet,active,2022-04-19
3839,12765,,wallet,active,2022-04-16
3840,12767,,wallet,active,2024-02-18
3841,12772,,wallet,active,2024-02-14
3842,12776,,wallet,active,2024-02-01
3843,12777,,wallet,active,2020-12-08
3844,12780,,wallet,active,2026-04-10
3845,12788,,wallet,active,2025-01-04
3846,12799,,wallet,active,2023-12-19
3847,12800,,wallet,active,2020-04-28
3848,12801,,wallet,active,2022-09-25
3849,12802,,wallet,active,2023-02-02
3850,12805,,wallet,active,2021-05-31
3851,12807,,wallet,active,2025-06-24
3852,12808,,wallet,active,2019-11-30
3853,12813,,wallet,active,2024-02-04
3854,12817,,wallet,active,2023-01-02
3855,12823,,wallet,active,2024-02-03
3856,12825,,wallet,active,2023-10-03
3857,12826,,wallet,active,2024-08-14
3858,12828,,wallet,active,2021-09-19
3859,12829,,wallet,active,2023-05-11
3860,12830,,wallet,active,2022-06-28
3861,12832,,wallet,active,2025-08-28
3862,12834,,wallet,active,2021-09-12
3863,12838,,wallet,active,2024-08-04
3864,12840,,wallet,active,2022-10-24
3865,12841,,wallet,active,2023-09-08
3866,12847,,wallet,active,2023-08-29
3867,12854,,wallet,active,2025-05-27
3868,12855,,wallet,active,2022-07-21
3869,12857,,wallet,active,2026-02-27
3870,12858,,wallet,active,2021-04-10
3871,12870,,wallet,active,2019-03-23
3872,12871,,wallet,active,2023-11-14
3873,12872,,wallet,active,2023-06-15
3874,12873,,wallet,active,2023-08-20
3875,12874,,wallet,active,2019-02-20
3876,12878,,wallet,active,2023-02-23
3877,12880,,wallet,active,2024-09-05
3878,12882,,wallet,active,2025-02-19
3879,12885,,wallet,active,2026-06-01
3880,12890,,wallet,active,2019-10-12
3881,12897,,wallet,active,2024-04-29
3882,12898,,wallet,active,2021-09-23
3883,12901,,wallet,active,2021-02-23
3884,12910,,wallet,active,2025-07-19
3885,12911,,wallet,active,2020-05-24
3886,12922,,wallet,active,2025-01-20
3887,12923,,wallet,active,2021-06-11
3888,12928,,wallet,active,2023-06-05
3889,12929,,wallet,active,2025-07-26
3890,12931,,wallet,active,2020-06-27
3891,12933,,wallet,active,2021-07-08
3892,12942,,wallet,active,2023-04-13
3893,12943,,wallet,active,2023-11-10
3894,12944,,wallet,active,2023-07-26
3895,12945,,wallet,active,2026-06-30
3896,12947,,wallet,active,2022-02-12
3897,12955,,wallet,active,2025-08-23
3898,12962,,wallet,active,2023-04-15
3899,12966,,wallet,active,2019-10-24
3900,12971,,wallet,active,2021-10-30
3901,12972,,wallet,active,2025-12-28
3902,12974,,wallet,active,2019-05-24
3903,12975,,wallet,active,2023-02-27
3904,12979,,wallet,active,2026-06-10
3905,12983,,wallet,active,2019-08-26
3906,12984,,wallet,active,2023-01-09
3907,12987,,wallet,active,2019-08-01
3908,12988,,wallet,active,2021-04-06
3909,12993,,wallet,active,2023-03-01
3910,12994,,wallet,active,2024-05-23
3911,12997,,wallet,active,2025-10-09
3912,12998,,wallet,active,2024-08-28
3913,13002,,wallet,active,2022-03-09
3914,13003,,wallet,active,2024-06-24
3915,13004,,wallet,active,2022-01-04
3916,13009,,wallet,active,2020-06-16
3917,13013,,wallet,active,2019-01-28
3918,13019,,wallet,active,2019-02-18
3919,13024,,wallet,active,2020-08-22
3920,13031,,wallet,active,2019-07-13
3921,13033,,wallet,active,2022-08-04
3922,13035,,wallet,active,2019-10-22
3923,13036,,wallet,active,2019-09-18
3924,13039,,wallet,active,2020-05-20
3925,13041,,wallet,active,2025-05-29
3926,13044,,wallet,active,2019-10-30
3927,13045,,wallet,active,2025-10-30
3928,13046,,wallet,active,2025-03-29
3929,13047,,wallet,active,2024-04-23
3930,13050,,wallet,active,2023-07-07
3931,13051,,wallet,active,2019-06-20
3932,13058,,wallet,active,2022-08-25
3933,13064,,wallet,active,2021-06-15
3934,13066,,wallet,active,2021-12-05
3935,13074,,wallet,active,2023-06-06
3936,13091,,wallet,active,2023-01-13
3937,13092,,wallet,active,2024-04-20
3938,13095,,wallet,active,2019-01-13
3939,13097,,wallet,active,2020-01-17
3940,13103,,wallet,active,2022-07-17
3941,13108,,wallet,active,2020-02-03
3942,13110,,wallet,active,2025-04-14
3943,13113,,wallet,active,2024-08-15
3944,13114,,wallet,active,2025-08-01
3945,13117,,wallet,active,2022-09-03
3946,13127,,wallet,active,2022-03-05
3947,13129,,wallet,active,2021-02-05
3948,13133,,wallet,active,2024-06-24
3949,13135,,wallet,active,2025-10-08
3950,13138,,wallet,active,2021-01-14
3951,13140,,wallet,active,2025-04-11
3952,13150,,wallet,active,2024-05-01
3953,13159,,wallet,active,2021-08-08
3954,13161,,wallet,active,2019-03-30
3955,13164,,wallet,active,2024-08-19
3956,13165,,wallet,active,2019-11-13
3957,13166,,wallet,active,2023-04-06
3958,13171,,wallet,active,2019-04-11
3959,13172,,wallet,active,2026-03-07
3960,13175,,wallet,active,2024-11-27
3961,13178,,wallet,active,2023-12-23
3962,13180,,wallet,active,2020-08-19
3963,13187,,wallet,active,2026-04-18
3964,13189,,wallet,active,2021-04-26
3965,13190,,wallet,active,2026-05-11
3966,13192,,wallet,active,2020-07-23
3967,13195,,wallet,active,2025-10-27
3968,13199,,wallet,active,2025-12-12
3969,13200,,wallet,active,2020-06-03
3970,13202,,wallet,active,2020-08-03
3971,13203,,wallet,active,2025-04-18
3972,13208,,wallet,active,2019-01-02
3973,13218,,wallet,active,2021-04-03
3974,13220,,wallet,active,2026-06-29
3975,13222,,wallet,active,2019-08-12
3976,13238,,wallet,active,2020-06-20
3977,13244,,wallet,active,2019-09-15
3978,13251,,wallet,active,2024-01-07
3979,13254,,wallet,active,2022-12-11
3980,13256,,wallet,active,2023-06-11
3981,13259,,wallet,active,2022-07-29
3982,13264,,wallet,active,2021-11-07
3983,13266,,wallet,active,2024-05-21
3984,13268,,wallet,active,2019-04-04
3985,13272,,wallet,active,2021-01-08
3986,13281,,wallet,active,2021-04-25
3987,13283,,wallet,active,2025-12-20
3988,13293,,wallet,active,2020-11-18
3989,13295,,wallet,active,2021-04-05
3990,13297,,wallet,active,2021-03-17
3991,13298,,wallet,active,2022-11-04
3992,13301,,wallet,active,2022-06-10
3993,13303,,wallet,active,2021-01-20
3994,13305,,wallet,active,2025-07-05
3995,13307,,wallet,active,2025-06-26
3996,13310,,wallet,active,2025-04-01
3997,13313,,wallet,active,2022-08-11
3998,13315,,wallet,active,2020-05-10
3999,13322,,wallet,active,2022-01-11
4000,13323,,wallet,active,2020-09-18
4001,13339,,wallet,active,2021-01-19
4002,13351,,wallet,active,2025-10-02
4003,13353,,wallet,active,2020-09-28
4004,13356,,wallet,active,2023-06-28
4005,13358,,wallet,active,2022-04-13
4006,13359,,wallet,active,2020-07-22
4007,13361,,wallet,active,2022-06-30
4008,13363,,wallet,active,2025-04-24
4009,13364,,wallet,active,2020-04-12
4010,13366,,wallet,active,2024-09-21
4011,13368,,wallet,active,2019-11-22
4012,13379,,wallet,active,2023-10-29
4013,13382,,wallet,active,2020-09-04
4014,13383,,wallet,active,2021-10-22
4015,13384,,wallet,active,2024-03-24
4016,13390,,wallet,active,2022-08-13
4017,13393,,wallet,active,2025-10-18
4018,13395,,wallet,active,2026-05-09
4019,13397,,wallet,active,2021-09-27
4020,13399,,wallet,active,2025-05-01
4021,13401,,wallet,active,2022-02-26
4022,13403,,wallet,active,2023-05-30
4023,13406,,wallet,active,2019-01-28
4024,13408,,wallet,active,2019-02-05
4025,13410,,wallet,active,2025-07-14
4026,13411,,wallet,active,2021-05-19
4027,13412,,wallet,active,2026-01-07
4028,13413,,wallet,active,2022-09-13
4029,13418,,wallet,active,2021-06-20
4030,13423,,wallet,active,2021-04-12
4031,13430,,wallet,active,2021-10-10
4032,13432,,wallet,active,2020-05-13
4033,13433,,wallet,active,2020-09-15
4034,13435,,wallet,active,2021-09-11
4035,13436,,wallet,active,2024-08-04
4036,13437,,wallet,active,2022-09-19
4037,13444,,wallet,active,2025-09-08
4038,13446,,wallet,active,2023-10-26
4039,13452,,wallet,active,2020-02-02
4040,13454,,wallet,active,2019-12-24
4041,13457,,wallet,active,2019-09-09
4042,13460,,wallet,active,2025-07-31
4043,13462,,wallet,active,2024-06-11
4044,13466,,wallet,active,2023-07-08
4045,13467,,wallet,active,2024-10-28
4046,13470,,wallet,active,2025-01-10
4047,13476,,wallet,active,2024-12-12
4048,13480,,wallet,active,2022-01-17
4049,13481,,wallet,active,2022-10-08
4050,13482,,wallet,active,2024-11-21
4051,13483,,wallet,active,2021-11-04
4052,13485,,wallet,active,2023-10-06
4053,13491,,wallet,active,2024-10-12
4054,13494,,wallet,active,2025-09-19
4055,13501,,wallet,active,2019-02-08
4056,13502,,wallet,active,2022-11-09
4057,13503,,wallet,active,2020-03-05
4058,13506,,wallet,active,2024-03-15
4059,13511,,wallet,active,2024-07-12
4060,13513,,wallet,active,2021-10-26
4061,13514,,wallet,active,2026-05-26
4062,13515,,wallet,active,2026-02-24
4063,13519,,wallet,active,2024-11-12
4064,13522,,wallet,active,2024-06-07
4065,13523,,wallet,active,2025-04-22
4066,13527,,wallet,active,2020-03-17
4067,13529,,wallet,active,2025-09-12
4068,13532,,wallet,active,2021-01-18
4069,13542,,wallet,active,2021-01-27
4070,13543,,wallet,active,2020-10-30
4071,13545,,wallet,active,2025-07-03
4072,13554,,wallet,active,2024-10-25
4073,13555,,wallet,active,2025-04-07
4074,13556,,wallet,active,2024-08-02
4075,13558,,wallet,active,2019-06-15
4076,13564,,wallet,active,2019-04-03
4077,13570,,wallet,active,2025-11-19
4078,13575,,wallet,active,2020-07-29
4079,13576,,wallet,active,2021-03-04
4080,13577,,wallet,active,2021-08-31
4081,13578,,wallet,active,2021-07-28
4082,13579,,wallet,active,2024-10-26
4083,13583,,wallet,active,2024-06-12
4084,13585,,wallet,active,2022-10-20
4085,13591,,wallet,active,2024-10-22
4086,13593,,wallet,active,2024-06-01
4087,13594,,wallet,active,2025-10-06
4088,13599,,wallet,active,2022-08-15
4089,13600,,wallet,active,2023-11-10
4090,13601,,wallet,active,2025-06-05
4091,13617,,wallet,active,2025-01-03
4092,13620,,wallet,active,2024-12-06
4093,13622,,wallet,active,2026-05-13
4094,13626,,wallet,active,2025-06-22
4095,13627,,wallet,active,2025-03-16
4096,13628,,wallet,active,2021-05-29
4097,13630,,wallet,active,2022-10-15
4098,13632,,wallet,active,2024-12-10
4099,13633,,wallet,active,2024-07-06
4100,13636,,wallet,active,2025-06-08
4101,13638,,wallet,active,2020-10-31
4102,13640,,wallet,active,2021-09-27
4103,13641,,wallet,active,2021-01-16
4104,13642,,wallet,active,2024-01-09
4105,13645,,wallet,active,2022-02-16
4106,13648,,wallet,active,2022-08-13
4107,13649,,wallet,active,2019-09-27
4108,13657,,wallet,active,2025-03-11
4109,13666,,wallet,active,2021-01-06
4110,13667,,wallet,active,2025-06-23
4111,13668,,wallet,active,2020-10-28
4112,13675,,wallet,active,2024-07-28
4113,13678,,wallet,active,2020-11-10
4114,13686,,wallet,active,2023-06-05
4115,13688,,wallet,active,2025-12-11
4116,13690,,wallet,active,2023-05-17
4117,13696,,wallet,active,2024-06-26
4118,13698,,wallet,active,2021-06-30
4119,13701,,wallet,active,2020-02-21
4120,13711,,wallet,active,2020-09-15
4121,13712,,wallet,active,2025-12-26
4122,13716,,wallet,active,2019-08-22
4123,13718,,wallet,active,2021-09-05
4124,13719,,wallet,active,2025-12-28
4125,13721,,wallet,active,2024-07-12
4126,13726,,wallet,active,2019-06-13
4127,13731,,wallet,active,2023-01-11
4128,13734,,wallet,active,2022-01-16
4129,13736,,wallet,active,2019-07-15
4130,13738,,wallet,active,2022-10-17
4131,13739,,wallet,active,2020-02-18
4132,13744,,wallet,active,2020-07-09
4133,13745,,wallet,active,2021-11-07
4134,13746,,wallet,active,2022-10-28
4135,13748,,wallet,active,2019-09-23
4136,13750,,wallet,active,2021-06-09
4137,13751,,wallet,active,2021-11-21
4138,13752,,wallet,active,2020-10-10
4139,13754,,wallet,active,2024-07-05
4140,13756,,wallet,active,2020-04-30
4141,13760,,wallet,active,2020-03-30
4142,13768,,wallet,active,2019-11-30
4143,13774,,wallet,active,2021-11-23
4144,13778,,wallet,active,2022-02-20
4145,13779,,wallet,active,2023-05-18
4146,13782,,wallet,active,2021-01-10
4147,13785,,wallet,active,2019-05-20
4148,13787,,wallet,active,2019-08-18
4149,13788,,wallet,active,2020-08-19
4150,13791,,wallet,active,2021-06-23
4151,13795,,wallet,active,2024-10-10
4152,13797,,wallet,active,2023-01-16
4153,13804,,wallet,active,2021-06-16
4154,13806,,wallet,active,2021-09-14
4155,13810,,wallet,active,2020-05-31
4156,13812,,wallet,active,2026-03-12
4157,13814,,wallet,active,2026-06-21
4158,13815,,wallet,active,2024-09-29
4159,13821,,wallet,active,2024-08-28
4160,13825,,wallet,active,2020-01-15
4161,13827,,wallet,active,2023-08-08
4162,13830,,wallet,active,2021-06-22
4163,13835,,wallet,active,2023-02-03
4164,13840,,wallet,active,2019-08-18
4165,13841,,wallet,active,2025-04-02
4166,13843,,wallet,active,2020-04-03
4167,13844,,wallet,active,2021-01-25
4168,13856,,wallet,active,2024-10-20
4169,13857,,wallet,active,2026-03-09
4170,13861,,wallet,active,2020-06-10
4171,13862,,wallet,active,2023-11-20
4172,13864,,wallet,active,2025-04-23
4173,13866,,wallet,active,2022-11-08
4174,13868,,wallet,active,2019-09-12
4175,13871,,wallet,active,2021-11-26
4176,13872,,wallet,active,2024-12-17
4177,13878,,wallet,active,2022-01-03
4178,13882,,wallet,active,2022-01-07
4179,13888,,wallet,active,2024-03-08
4180,13894,,wallet,active,2026-01-28
4181,13897,,wallet,active,2025-07-09
4182,13898,,wallet,active,2020-12-15
4183,13901,,wallet,active,2020-04-14
4184,13902,,wallet,active,2019-10-01
4185,13904,,wallet,active,2021-01-14
4186,13905,,wallet,active,2020-02-10
4187,13910,,wallet,active,2023-03-17
4188,13911,,wallet,active,2024-11-22
4189,13913,,wallet,active,2020-06-02
4190,13920,,wallet,active,2023-07-10
4191,13922,,wallet,active,2022-06-18
4192,13923,,wallet,active,2021-07-19
4193,13924,,wallet,active,2020-03-27
4194,13925,,wallet,active,2025-05-24
4195,13927,,wallet,active,2022-02-04
4196,13933,,wallet,active,2023-11-15
4197,13934,,wallet,active,2019-11-24
4198,13937,,wallet,active,2021-03-05
4199,13939,,wallet,active,2022-08-16
4200,13941,,wallet,active,2022-02-19
4201,13942,,wallet,active,2019-12-15
4202,13943,,wallet,active,2020-03-26
4203,13944,,wallet,active,2024-09-13
4204,13946,,wallet,active,2021-07-11
4205,13948,,wallet,active,2026-04-10
4206,13950,,wallet,active,2022-01-08
4207,13963,,wallet,active,2023-04-01
4208,13967,,wallet,active,2022-05-24
4209,13968,,wallet,active,2022-12-16
4210,13969,,wallet,active,2025-01-19
4211,13974,,wallet,active,2024-05-25
4212,13978,,wallet,active,2023-04-20
4213,13982,,wallet,active,2023-05-05
4214,13985,,wallet,active,2026-01-26
4215,13988,,wallet,active,2024-08-01
4216,13990,,wallet,active,2022-06-24
4217,13993,,wallet,active,2022-02-05
4218,13994,,wallet,active,2023-12-17
4219,13996,,wallet,active,2025-02-04
4220,14001,,wallet,active,2021-08-14
4221,14004,,wallet,active,2020-09-30
4222,14005,,wallet,active,2026-01-28
4223,14010,,wallet,active,2022-03-02
4224,14016,,wallet,active,2023-02-26
4225,14017,,wallet,active,2026-05-11
4226,14019,,wallet,active,2019-07-01
4227,14026,,wallet,active,2019-08-25
4228,14029,,wallet,active,2024-10-27
4229,14030,,wallet,active,2023-04-17
4230,14033,,wallet,active,2019-06-01
4231,14036,,wallet,active,2026-06-05
4232,14039,,wallet,active,2021-01-22
4233,14040,,wallet,active,2020-10-23
4234,14044,,wallet,active,2025-11-01
4235,14046,,wallet,active,2025-07-30
4236,14053,,wallet,active,2021-05-28
4237,14054,,wallet,active,2023-12-06
4238,14055,,wallet,active,2019-12-20
4239,14056,,wallet,active,2023-03-07
4240,14057,,wallet,active,2021-07-10
4241,14060,,wallet,active,2024-10-05
4242,14064,,wallet,active,2025-05-17
4243,14066,,wallet,active,2025-11-16
4244,14067,,wallet,active,2020-02-28
4245,14068,,wallet,active,2020-02-24
4246,14074,,wallet,active,2021-04-23
4247,14076,,wallet,active,2021-11-18
4248,14077,,wallet,active,2022-02-13
4249,14078,,wallet,active,2019-04-10
4250,14082,,wallet,active,2020-11-12
4251,14083,,wallet,active,2022-05-31
4252,14086,,wallet,active,2022-02-13
4253,14087,,wallet,active,2022-05-10
4254,14091,,wallet,active,2025-01-19
4255,14095,,wallet,active,2020-01-31
4256,14103,,wallet,active,2026-06-26
4257,14105,,wallet,active,2021-11-05
4258,14108,,wallet,active,2023-05-30
4259,14111,,wallet,active,2020-05-14
4260,14117,,wallet,active,2022-03-25
4261,14119,,wallet,active,2020-03-23
4262,14120,,wallet,active,2023-04-26
4263,14122,,wallet,active,2021-12-17
4264,14123,,wallet,active,2022-05-22
4265,14125,,wallet,active,2023-10-07
4266,14127,,wallet,active,2025-09-29
4267,14131,,wallet,active,2026-06-21
4268,14134,,wallet,active,2022-12-07
4269,14135,,wallet,active,2025-10-19
4270,14137,,wallet,active,2023-12-24
4271,14138,,wallet,active,2024-04-02
4272,14141,,wallet,active,2022-10-03
4273,14143,,wallet,active,2020-12-14
4274,14147,,wallet,active,2024-07-14
4275,14152,,wallet,active,2026-04-01
4276,14153,,wallet,active,2024-07-13
4277,14156,,wallet,active,2023-07-10
4278,14159,,wallet,active,2025-05-01
4279,14161,,wallet,active,2025-02-08
4280,14163,,wallet,active,2020-05-02
4281,14164,,wallet,active,2021-05-07
4282,14165,,wallet,active,2023-07-28
4283,14166,,wallet,active,2023-10-06
4284,14172,,wallet,active,2019-06-05
4285,14173,,wallet,active,2019-06-24
4286,14175,,wallet,active,2020-12-15
4287,14176,,wallet,active,2020-08-16
4288,14180,,wallet,active,2019-04-27
4289,14183,,wallet,active,2022-05-19
4290,14185,,wallet,active,2022-08-29
4291,14186,,wallet,active,2022-10-14
4292,14187,,wallet,active,2019-08-12
4293,14193,,wallet,active,2023-08-29
4294,14199,,wallet,active,2024-12-10
4295,14200,,wallet,active,2020-01-16
4296,14203,,wallet,active,2025-04-25
4297,14206,,wallet,active,2025-07-19
4298,14216,,wallet,active,2023-11-04
4299,14218,,wallet,active,2024-05-17
4300,14231,,wallet,active,2019-07-13
4301,14232,,wallet,active,2025-11-05
4302,14235,,wallet,active,2019-03-28
4303,14238,,wallet,active,2020-02-15
4304,14252,,wallet,active,2022-04-06
4305,14253,,wallet,active,2019-11-04
4306,14255,,wallet,active,2021-12-11
4307,14257,,wallet,active,2021-03-08
4308,14259,,wallet,active,2025-05-06
4309,14260,,wallet,active,2020-03-31
4310,14265,,wallet,active,2023-01-26
4311,14270,,wallet,active,2021-03-28
4312,14277,,wallet,active,2021-11-14
4313,14278,,wallet,active,2019-06-24
4314,14282,,wallet,active,2020-03-10
4315,14283,,wallet,active,2020-02-22
4316,14290,,wallet,active,2021-11-21
4317,14300,,wallet,active,2019-04-03
4318,14309,,wallet,active,2021-07-28
4319,14315,,wallet,active,2021-06-15
4320,14317,,wallet,active,2019-09-04
4321,14320,,wallet,active,2020-12-29
4322,14322,,wallet,active,2025-10-14
4323,14324,,wallet,active,2023-08-22
4324,14330,,wallet,active,2021-06-01
4325,14335,,wallet,active,2021-11-13
4326,14338,,wallet,active,2022-05-26
4327,14351,,wallet,active,2022-09-20
4328,14354,,wallet,active,2021-11-27
4329,14360,,wallet,active,2026-05-27
4330,14365,,wallet,active,2026-06-03
4331,14369,,wallet,active,2022-08-06
4332,14374,,wallet,active,2023-02-21
4333,14376,,wallet,active,2026-04-14
4334,14388,,wallet,active,2020-06-06
4335,14393,,wallet,active,2026-01-30
4336,14395,,wallet,active,2026-02-15
4337,14396,,wallet,active,2020-12-07
4338,14397,,wallet,active,2021-06-30
4339,14401,,wallet,active,2025-12-13
4340,14403,,wallet,active,2023-12-27
4341,14408,,wallet,active,2025-06-09
4342,14409,,wallet,active,2022-10-22
4343,14414,,wallet,active,2023-10-03
4344,14424,,wallet,active,2022-01-23
4345,14427,,wallet,active,2025-12-04
4346,14428,,wallet,active,2021-05-02
4347,14429,,wallet,active,2025-04-21
4348,14432,,wallet,active,2021-09-21
4349,14433,,wallet,active,2021-08-11
4350,14435,,wallet,active,2022-05-29
4351,14436,,wallet,active,2019-02-05
4352,14437,,wallet,active,2022-03-15
4353,14439,,wallet,active,2024-03-31
4354,14440,,wallet,active,2022-07-12
4355,14441,,wallet,active,2021-03-14
4356,14450,,wallet,active,2023-01-31
4357,14454,,wallet,active,2025-10-28
4358,14458,,wallet,active,2023-12-15
4359,14461,,wallet,active,2025-09-25
4360,14462,,wallet,active,2024-03-11
4361,14466,,wallet,active,2021-10-07
4362,14471,,wallet,active,2025-01-22
4363,14482,,wallet,active,2025-11-05
4364,14484,,wallet,active,2025-03-05
4365,14489,,wallet,active,2022-03-15
4366,14491,,wallet,active,2019-12-20
4367,14492,,wallet,active,2020-04-28
4368,14494,,wallet,active,2023-08-02
4369,14497,,wallet,active,2024-05-08
4370,14498,,wallet,active,2019-05-26
4371,14500,,wallet,active,2021-03-01
4372,14512,,wallet,active,2023-08-30
4373,14516,,wallet,active,2021-06-15
4374,14517,,wallet,active,2026-02-24
4375,14521,,wallet,active,2020-08-07
4376,14523,,wallet,active,2024-08-19
4377,14527,,wallet,active,2020-10-15
4378,14530,,wallet,active,2020-05-26
4379,14536,,wallet,active,2019-10-10
4380,14537,,wallet,active,2020-07-06
4381,14539,,wallet,active,2019-07-16
4382,14540,,wallet,active,2026-06-07
4383,14544,,wallet,active,2019-06-18
4384,14545,,wallet,active,2022-04-07
4385,14551,,wallet,active,2022-06-06
4386,14554,,wallet,active,2025-08-16
4387,14556,,wallet,active,2023-07-20
4388,14559,,wallet,active,2025-12-06
4389,14563,,wallet,active,2022-08-30
4390,14566,,wallet,active,2021-09-10
4391,14567,,wallet,active,2024-04-14
4392,14568,,wallet,active,2025-08-06
4393,14569,,wallet,active,2024-02-15
4394,14570,,wallet,active,2026-01-10
4395,14581,,wallet,active,2019-02-11
4396,14584,,wallet,active,2019-01-31
4397,14585,,wallet,active,2024-10-05
4398,14587,,wallet,active,2022-05-22
4399,14590,,wallet,active,2025-11-06
4400,14593,,wallet,active,2019-11-06
4401,14594,,wallet,active,2019-03-30
4402,14596,,wallet,active,2025-06-22
4403,14598,,wallet,active,2024-06-24
4404,14600,,wallet,active,2023-05-09
4405,14606,,wallet,active,2024-05-10
4406,14611,,wallet,active,2025-09-19
4407,14612,,wallet,active,2020-08-25
4408,14614,,wallet,active,2024-04-18
4409,14620,,wallet,active,2023-03-04
4410,14624,,wallet,active,2022-06-08
4411,14625,,wallet,active,2023-09-19
4412,14626,,wallet,active,2023-11-24
4413,14628,,wallet,active,2022-12-27
4414,14630,,wallet,active,2024-10-28
4415,14631,,wallet,active,2024-07-31
4416,14634,,wallet,active,2021-07-29
4417,14640,,wallet,active,2020-11-18
4418,14654,,wallet,active,2020-11-26
4419,14655,,wallet,active,2022-08-14
4420,14657,,wallet,active,2024-08-22
4421,14662,,wallet,active,2021-04-05
4422,14664,,wallet,active,2019-08-20
4423,14667,,wallet,active,2020-04-18
4424,14672,,wallet,active,2022-03-25
4425,14673,,wallet,active,2019-01-27
4426,14676,,wallet,active,2020-11-21
4427,14678,,wallet,active,2019-04-21
4428,14681,,wallet,active,2021-01-30
4429,14682,,wallet,active,2024-01-30
4430,14684,,wallet,active,2026-01-16
4431,14685,,wallet,active,2020-03-11
4432,14689,,wallet,active,2025-05-10
4433,14691,,wallet,active,2025-04-01
4434,14692,,wallet,active,2026-02-26
4435,14694,,wallet,active,2022-11-29
4436,14695,,wallet,active,2020-05-29
4437,14696,,wallet,active,2023-09-19
4438,14700,,wallet,active,2022-04-14
4439,14701,,wallet,active,2021-12-24
4440,14702,,wallet,active,2024-02-10
4441,14703,,wallet,active,2022-07-16
4442,14710,,wallet,active,2020-07-23
4443,14712,,wallet,active,2021-05-09
4444,14714,,wallet,active,2024-12-23
4445,14716,,wallet,active,2024-06-26
4446,14717,,wallet,active,2019-11-23
4447,14725,,wallet,active,2019-08-20
4448,14728,,wallet,active,2025-05-25
4449,14729,,wallet,active,2021-05-26
4450,14730,,wallet,active,2022-10-01
4451,14731,,wallet,active,2023-02-28
4452,14732,,wallet,active,2020-02-25
4453,14733,,wallet,active,2021-08-06
4454,14735,,wallet,active,2025-03-25
4455,14740,,wallet,active,2021-04-20
4456,14741,,wallet,active,2023-01-14
4457,14742,,wallet,active,2019-03-18
4458,14747,,wallet,active,2019-10-04
4459,14755,,wallet,active,2022-04-16
4460,14759,,wallet,active,2026-04-09
4461,14760,,wallet,active,2024-10-22
4462,14762,,wallet,active,2021-06-05
4463,14763,,wallet,active,2021-09-07
4464,14766,,wallet,active,2025-04-29
4465,14769,,wallet,active,2026-01-24
4466,14776,,wallet,active,2019-05-07
4467,14778,,wallet,active,2020-08-05
4468,14780,,wallet,active,2021-10-05
4469,14782,,wallet,active,2022-01-01
4470,14784,,wallet,active,2019-10-29
4471,14790,,wallet,active,2019-01-11
4472,14795,,wallet,active,2025-01-04
4473,14800,,wallet,active,2026-04-30
4474,14807,,wallet,active,2024-12-28
4475,14808,,wallet,active,2023-12-28
4476,14816,,wallet,active,2021-02-19
4477,14817,,wallet,active,2020-09-05
4478,14819,,wallet,active,2023-04-16
4479,14820,,wallet,active,2025-10-29
4480,14821,,wallet,active,2024-03-29
4481,14824,,wallet,active,2024-05-05
4482,14825,,wallet,active,2025-07-24
4483,14826,,wallet,active,2025-05-01
4484,14831,,wallet,active,2021-06-14
4485,14835,,wallet,active,2025-05-12
4486,14836,,wallet,active,2022-01-16
4487,14838,,wallet,active,2026-03-25
4488,14841,,wallet,active,2024-03-07
4489,14846,,wallet,active,2023-07-20
4490,14856,,wallet,active,2020-11-18
4491,14858,,wallet,active,2020-10-19
4492,14859,,wallet,active,2022-06-28
4493,14862,,wallet,active,2024-05-10
4494,14863,,wallet,active,2024-05-11
4495,14866,,wallet,active,2024-06-17
4496,14867,,wallet,active,2024-06-26
4497,14868,,wallet,active,2021-03-11
4498,14872,,wallet,active,2021-01-29
4499,14881,,wallet,active,2022-06-09
4500,14882,,wallet,active,2020-04-03
4501,14888,,wallet,active,2019-11-28
4502,14889,,wallet,active,2025-12-22
4503,14892,,wallet,active,2020-08-17
4504,14896,,wallet,active,2019-07-03
4505,14897,,wallet,active,2025-08-21
4506,14901,,wallet,active,2023-08-28
4507,14902,,wallet,active,2019-06-29
4508,14905,,wallet,active,2024-05-28
4509,14906,,wallet,active,2023-01-18
4510,14915,,wallet,active,2024-08-14
4511,14918,,wallet,active,2023-09-17
4512,14920,,wallet,active,2020-11-26
4513,14921,,wallet,active,2022-09-25
4514,14925,,wallet,active,2020-09-15
4515,14928,,wallet,active,2020-10-26
4516,14929,,wallet,active,2021-05-29
4517,14930,,wallet,active,2023-12-29
4518,14931,,wallet,active,2019-06-06
4519,14934,,wallet,active,2020-10-24
4520,14936,,wallet,active,2021-10-26
4521,14939,,wallet,active,2019-11-13
4522,14945,,wallet,active,2025-02-02
4523,14947,,wallet,active,2019-07-09
4524,14950,,wallet,active,2023-02-22
4525,14951,,wallet,active,2023-01-29
4526,14958,,wallet,active,2019-06-01
4527,14962,,wallet,active,2020-01-28
4528,14972,,wallet,active,2025-01-11
4529,14974,,wallet,active,2020-01-20
4530,14980,,wallet,active,2020-02-11
4531,14981,,wallet,active,2022-07-03
4532,14982,,wallet,active,2019-09-27
4533,14983,,wallet,active,2022-04-20
4534,14987,,wallet,active,2022-11-08
4535,14990,,wallet,active,2021-12-15
4536,14991,,wallet,active,2024-03-17
4537,14996,,wallet,active,2020-04-21
4538,15006,,wallet,active,2026-04-11
4539,15007,,wallet,active,2025-09-05
4540,15009,,wallet,active,2019-05-11
4541,15015,,wallet,active,2025-06-07
4542,15022,,wallet,active,2021-01-16
4543,15024,,wallet,active,2024-09-11
4544,15026,,wallet,active,2019-05-11
4545,15036,,wallet,active,2025-01-08
4546,15040,,wallet,active,2020-04-24
4547,15046,,wallet,active,2025-06-24
4548,15050,,wallet,active,2021-03-14
4549,15051,,wallet,active,2023-09-05
4550,15052,,wallet,active,2022-06-05
4551,15053,,wallet,active,2021-03-22
4552,15057,,wallet,active,2020-02-07
4553,15061,,wallet,active,2022-07-28
4554,15062,,wallet,active,2022-09-05
4555,15063,,wallet,active,2022-04-12
4556,15067,,wallet,active,2021-11-17
4557,15068,,wallet,active,2019-01-05
4558,15070,,wallet,active,2020-01-17
4559,15075,,wallet,active,2019-01-22
4560,15076,,wallet,active,2022-04-15
4561,15079,,wallet,active,2022-10-24
4562,15081,,wallet,active,2022-04-11
4563,15082,,wallet,active,2023-08-17
4564,15096,,wallet,active,2019-02-17
4565,15103,,wallet,active,2019-11-11
4566,15112,,wallet,active,2020-01-03
4567,15115,,wallet,active,2019-09-12
4568,15117,,wallet,active,2025-04-20
4569,15118,,wallet,active,2022-11-06
4570,15127,,wallet,active,2021-11-28
4571,15132,,wallet,active,2021-02-25
4572,15133,,wallet,active,2020-03-20
4573,15140,,wallet,active,2023-10-12
4574,15146,,wallet,active,2023-03-15
4575,15150,,wallet,active,2020-06-07
4576,15155,,wallet,active,2024-04-19
4577,15156,,wallet,active,2022-06-18
4578,15158,,wallet,active,2021-07-27
4579,15161,,wallet,active,2024-10-01
4580,15176,,wallet,active,2023-12-19
4581,15178,,wallet,active,2024-07-14
4582,15180,,wallet,active,2019-12-13
4583,15182,,wallet,active,2023-02-24
4584,15184,,wallet,active,2019-03-28
4585,15186,,wallet,active,2019-10-18
4586,15189,,wallet,active,2025-07-11
4587,15196,,wallet,active,2024-03-16
4588,15197,,wallet,active,2021-06-16
4589,15203,,wallet,active,2024-07-30
4590,15210,,wallet,active,2021-09-06
4591,15211,,wallet,active,2023-12-31
4592,15212,,wallet,active,2021-08-30
4593,15219,,wallet,active,2021-12-28
4594,15225,,wallet,active,2026-01-17
4595,15226,,wallet,active,2023-10-01
4596,15231,,wallet,active,2025-05-27
4597,15233,,wallet,active,2025-10-02
4598,15235,,wallet,active,2022-06-16
4599,15239,,wallet,active,2023-11-29
4600,15244,,wallet,active,2019-01-07
4601,15250,,wallet,active,2020-10-01
4602,15259,,wallet,active,2023-11-24
4603,15260,,wallet,active,2024-08-06
4604,15263,,wallet,active,2019-11-23
4605,15264,,wallet,active,2022-02-10
4606,15267,,wallet,active,2024-06-13
4607,15268,,wallet,active,2026-06-30
4608,15276,,wallet,active,2024-06-13
4609,15284,,wallet,active,2020-10-09
4610,15286,,wallet,active,2023-05-02
4611,15288,,wallet,active,2026-04-22
4612,15292,,wallet,active,2024-10-10
4613,15296,,wallet,active,2020-11-11
4614,15298,,wallet,active,2019-12-12
4615,15300,,wallet,active,2024-04-16
4616,15301,,wallet,active,2024-09-04
4617,15302,,wallet,active,2023-03-27
4618,15303,,wallet,active,2022-06-04
4619,15304,,wallet,active,2019-03-26
4620,15307,,wallet,active,2021-06-02
4621,15318,,wallet,active,2025-03-09
4622,15319,,wallet,active,2024-06-10
4623,15320,,wallet,active,2020-10-10
4624,15321,,wallet,active,2020-07-30
4625,15326,,wallet,active,2022-05-05
4626,15328,,wallet,active,2023-02-18
4627,15330,,wallet,active,2021-12-29
4628,15334,,wallet,active,2020-11-10
4629,15336,,wallet,active,2026-01-12
4630,15337,,wallet,active,2024-11-26
4631,15342,,wallet,active,2025-08-02
4632,15343,,wallet,active,2020-06-17
4633,15349,,wallet,active,2023-05-16
4634,15351,,wallet,active,2022-07-09
4635,15358,,wallet,active,2021-01-27
4636,15360,,wallet,active,2020-08-26
4637,15361,,wallet,active,2022-03-02
4638,15363,,wallet,active,2025-01-29
4639,15365,,wallet,active,2020-06-10
4640,15376,,wallet,active,2021-03-04
4641,15378,,wallet,active,2025-07-04
4642,15382,,wallet,active,2025-03-04
4643,15389,,wallet,active,2022-05-31
4644,15396,,wallet,active,2025-05-31
4645,15400,,wallet,active,2023-10-02
4646,15403,,wallet,active,2024-04-17
4647,15415,,wallet,active,2024-07-24
4648,15421,,wallet,active,2022-06-24
4649,15423,,wallet,active,2025-06-26
4650,15424,,wallet,active,2024-03-18
4651,15427,,wallet,active,2022-03-16
4652,15431,,wallet,active,2023-04-23
4653,15433,,wallet,active,2021-12-05
4654,15438,,wallet,active,2019-05-11
4655,15440,,wallet,active,2024-06-26
4656,15448,,wallet,active,2026-06-27
4657,15450,,wallet,active,2023-02-22
4658,15452,,wallet,active,2019-12-12
4659,15456,,wallet,active,2020-09-27
4660,15458,,wallet,active,2020-08-08
4661,15460,,wallet,active,2024-06-13
4662,15463,,wallet,active,2020-10-07
4663,15464,,wallet,active,2023-01-11
4664,15465,,wallet,active,2023-05-19
4665,15466,,wallet,active,2019-04-07
4666,15467,,wallet,active,2025-07-29
4667,15469,,wallet,active,2022-03-08
4668,15470,,wallet,active,2022-09-26
4669,15474,,wallet,active,2019-02-02
4670,15476,,wallet,active,2025-02-18
4671,15477,,wallet,active,2020-12-18
4672,15484,,wallet,active,2019-01-19
4673,15487,,wallet,active,2023-01-28
4674,15492,,wallet,active,2025-10-13
4675,15507,,wallet,active,2022-05-03
4676,15514,,wallet,active,2020-11-10
4677,15518,,wallet,active,2021-07-08
4678,15523,,wallet,active,2023-03-15
4679,15529,,wallet,active,2020-10-23
4680,15530,,wallet,active,2023-08-22
4681,15534,,wallet,active,2023-09-14
4682,15535,,wallet,active,2025-05-10
4683,15536,,wallet,active,2024-11-27
4684,15544,,wallet,active,2024-09-26
4685,15546,,wallet,active,2019-03-13
4686,15548,,wallet,active,2020-11-27
4687,15549,,wallet,active,2026-05-11
4688,15551,,wallet,active,2023-06-02
4689,15555,,wallet,active,2020-05-12
4690,15557,,wallet,active,2021-09-16
4691,15558,,wallet,active,2019-10-05
4692,15559,,wallet,active,2024-07-22
4693,15564,,wallet,active,2021-03-01
4694,15569,,wallet,active,2020-10-07
4695,15572,,wallet,active,2023-02-21
4696,15579,,wallet,active,2023-07-29
4697,15585,,wallet,active,2019-12-15
4698,15589,,wallet,active,2020-04-29
4699,15590,,wallet,active,2025-12-02
4700,15605,,wallet,active,2024-07-08
4701,15607,,wallet,active,2025-01-11
4702,15609,,wallet,active,2019-07-02
4703,15611,,wallet,active,2024-07-17
4704,15614,,wallet,active,2022-08-17
4705,15616,,wallet,active,2019-10-03
4706,15618,,wallet,active,2022-07-28
4707,15625,,wallet,active,2022-12-31
4708,15626,,wallet,active,2024-11-11
4709,15629,,wallet,active,2022-12-02
4710,15630,,wallet,active,2024-01-06
4711,15633,,wallet,active,2026-06-11
4712,15634,,wallet,active,2024-05-27
4713,15639,,wallet,active,2022-11-21
4714,15643,,wallet,active,2026-01-27
4715,15644,,wallet,active,2023-11-30
4716,15653,,wallet,active,2022-10-03
4717,15654,,wallet,active,2025-09-03
4718,15656,,wallet,active,2020-11-03
4719,15661,,wallet,active,2024-02-15
4720,15663,,wallet,active,2021-06-18
4721,15664,,wallet,active,2023-01-23
4722,15673,,wallet,active,2026-06-26
4723,15675,,wallet,active,2026-04-09
4724,15679,,wallet,active,2020-04-03
4725,15681,,wallet,active,2025-02-07
4726,15682,,wallet,active,2020-09-11
4727,15684,,wallet,active,2019-07-12
4728,15685,,wallet,active,2024-03-25
4729,15689,,wallet,active,2025-10-26
4730,15692,,wallet,active,2024-04-27
4731,15696,,wallet,active,2021-02-09
4732,15701,,wallet,active,2022-11-12
4733,15702,,wallet,active,2019-03-11
4734,15703,,wallet,active,2022-11-16
4735,15708,,wallet,active,2020-11-04
4736,15712,,wallet,active,2022-07-16
4737,15714,,wallet,active,2022-12-24
4738,15719,,wallet,active,2023-06-28
4739,15721,,wallet,active,2019-10-05
4740,15722,,wallet,active,2025-11-25
4741,15728,,wallet,active,2025-12-26
4742,15733,,wallet,active,2025-08-05
4743,15735,,wallet,active,2024-03-16
4744,15739,,wallet,active,2025-06-05
4745,15742,,wallet,active,2019-06-27
4746,15745,,wallet,active,2021-11-15
4747,15746,,wallet,active,2024-09-04
4748,15749,,wallet,active,2020-01-04
4749,15751,,wallet,active,2019-09-30
4750,15759,,wallet,active,2021-10-21
4751,15770,,wallet,active,2024-11-25
4752,15772,,wallet,active,2022-05-09
4753,15785,,wallet,active,2024-07-16
4754,15789,,wallet,active,2019-02-06
4755,15799,,wallet,active,2021-09-02
4756,15800,,wallet,active,2025-12-23
4757,15805,,wallet,active,2026-03-11
4758,15806,,wallet,active,2026-04-10
4759,15814,,wallet,active,2023-02-02
4760,15818,,wallet,active,2022-05-05
4761,15826,,wallet,active,2019-04-04
4762,15831,,wallet,active,2022-08-10
4763,15834,,wallet,active,2026-02-18
4764,15835,,wallet,active,2021-08-16
4765,15837,,wallet,active,2023-09-23
4766,15843,,wallet,active,2026-03-12
4767,15844,,wallet,active,2022-03-30
4768,15845,,wallet,active,2022-02-05
4769,15846,,wallet,active,2025-09-10
4770,15852,,wallet,active,2024-04-01
4771,15857,,wallet,active,2020-12-18
4772,15858,,wallet,active,2026-01-01
4773,15859,,wallet,active,2019-04-25
4774,15860,,wallet,active,2026-06-17
4775,15862,,wallet,active,2019-05-26
4776,15864,,wallet,active,2019-12-02
4777,15866,,wallet,active,2020-09-06
4778,15870,,wallet,active,2020-03-15
4779,15875,,wallet,active,2023-12-29
4780,15877,,wallet,active,2025-08-27
4781,15878,,wallet,active,2024-03-30
4782,15886,,wallet,active,2020-04-27
4783,15891,,wallet,active,2022-12-02
4784,15893,,wallet,active,2019-10-31
4785,15895,,wallet,active,2024-06-15
4786,15896,,wallet,active,2025-01-16
4787,15901,,wallet,active,2024-04-20
4788,15905,,wallet,active,2021-05-09
4789,15908,,wallet,active,2021-08-07
4790,15912,,wallet,active,2025-10-16
4791,15913,,wallet,active,2021-11-17
4792,15915,,wallet,active,2021-01-18
4793,15916,,wallet,active,2022-06-16
4794,15918,,wallet,active,2024-03-31
4795,15920,,wallet,active,2025-11-27
4796,15924,,wallet,active,2021-01-09
4797,15925,,wallet,active,2020-12-26
4798,15928,,wallet,active,2025-01-11
4799,15929,,wallet,active,2019-05-03
4800,15930,,wallet,active,2026-06-07
4801,15934,,wallet,active,2024-01-26
4802,15951,,wallet,active,2024-02-27
4803,15959,,wallet,active,2022-12-10
4804,15961,,wallet,active,2024-10-26
4805,15962,,wallet,active,2025-09-05
4806,15964,,wallet,active,2022-05-23
4807,15965,,wallet,active,2021-05-16
4808,15966,,wallet,active,2022-04-07
4809,15972,,wallet,active,2025-09-23
4810,15973,,wallet,active,2021-10-16
4811,15974,,wallet,active,2023-09-22
4812,15978,,wallet,active,2023-11-19
4813,15985,,wallet,active,2024-07-16
4814,15986,,wallet,active,2021-10-29
4815,15991,,wallet,active,2024-09-28
4816,15994,,wallet,active,2024-08-08
4817,15997,,wallet,active,2021-10-06
4818,16002,,wallet,active,2025-02-19
4819,16003,,wallet,active,2019-09-20
4820,16017,,wallet,active,2021-01-01
4821,16018,,wallet,active,2024-06-09
4822,16028,,wallet,active,2019-09-30
4823,16030,,wallet,active,2023-09-09
4824,16032,,wallet,active,2021-05-04
4825,16033,,wallet,active,2020-05-28
4826,16041,,wallet,active,2024-09-14
4827,16045,,wallet,active,2020-06-11
4828,16053,,wallet,active,2024-02-24
4829,16064,,wallet,active,2026-02-16
4830,16068,,wallet,active,2025-02-11
4831,16069,,wallet,active,2026-02-06
4832,16073,,wallet,active,2021-03-29
4833,16078,,wallet,active,2025-02-18
4834,16080,,wallet,active,2023-07-22
4835,16082,,wallet,active,2020-09-27
4836,16084,,wallet,active,2022-02-20
4837,16085,,wallet,active,2022-12-08
4838,16094,,wallet,active,2025-08-06
4839,16097,,wallet,active,2025-01-05
4840,16098,,wallet,active,2020-11-10
4841,16106,,wallet,active,2023-11-11
4842,16107,,wallet,active,2020-06-09
4843,16109,,wallet,active,2021-08-31
4844,16113,,wallet,active,2021-09-01
4845,16114,,wallet,active,2021-04-29
4846,16120,,wallet,active,2021-10-31
4847,16124,,wallet,active,2019-01-20
4848,16125,,wallet,active,2021-04-21
4849,16130,,wallet,active,2020-01-15
4850,16131,,wallet,active,2024-04-20
4851,16133,,wallet,active,2023-01-03
4852,16134,,wallet,active,2023-03-17
4853,16135,,wallet,active,2024-08-05
4854,16145,,wallet,active,2022-07-08
4855,16148,,wallet,active,2024-12-15
4856,16151,,wallet,active,2020-11-06
4857,16154,,wallet,active,2025-01-08
4858,16157,,wallet,active,2021-01-05
4859,16167,,wallet,active,2020-05-23
4860,16168,,wallet,active,2021-03-21
4861,16170,,wallet,active,2024-08-22
4862,16182,,wallet,active,2025-07-14
4863,16183,,wallet,active,2019-01-11
4864,16187,,wallet,active,2021-09-29
4865,16188,,wallet,active,2024-06-27
4866,16189,,wallet,active,2023-03-23
4867,16190,,wallet,active,2021-03-06
4868,16191,,wallet,active,2022-04-01
4869,16192,,wallet,active,2026-01-31
4870,16198,,wallet,active,2020-06-29
4871,16199,,wallet,active,2024-05-22
4872,16201,,wallet,active,2024-10-07
4873,16203,,wallet,active,2020-11-02
4874,16205,,wallet,active,2024-06-14
4875,16210,,wallet,active,2024-03-07
4876,16211,,wallet,active,2019-02-03
4877,16215,,wallet,active,2020-05-20
4878,16217,,wallet,active,2022-12-07
4879,16222,,wallet,active,2025-08-11
4880,16224,,wallet,active,2024-02-29
4881,16225,,wallet,active,2025-12-11
4882,16226,,wallet,active,2021-12-13
4883,16227,,wallet,active,2021-11-26
4884,16229,,wallet,active,2022-12-05
4885,16233,,wallet,active,2022-10-12
4886,16236,,wallet,active,2023-04-12
4887,16237,,wallet,active,2022-11-23
4888,16238,,wallet,active,2024-09-20
4889,16239,,wallet,active,2023-06-01
4890,16241,,wallet,active,2021-12-25
4891,16242,,wallet,active,2022-11-07
4892,16244,,wallet,active,2026-03-14
4893,16246,,wallet,active,2022-01-02
4894,16247,,wallet,active,2024-03-13
4895,16248,,wallet,active,2019-12-29
4896,16252,,wallet,active,2019-05-28
4897,16259,,wallet,active,2026-03-02
4898,16260,,wallet,active,2024-08-11
4899,16265,,wallet,active,2024-12-18
4900,16269,,wallet,active,2022-06-30
4901,16276,,wallet,active,2019-11-05
4902,16278,,wallet,active,2025-03-23
4903,16282,,wallet,active,2023-08-16
4904,16283,,wallet,active,2023-07-09
4905,16284,,wallet,active,2025-04-14
4906,16286,,wallet,active,2024-02-07
4907,16294,,wallet,active,2025-03-16
4908,16298,,wallet,active,2021-02-01
4909,16301,,wallet,active,2025-10-09
4910,16303,,wallet,active,2025-04-29
4911,16304,,wallet,active,2022-07-14
4912,16308,,wallet,active,2024-05-22
4913,16316,,wallet,active,2021-08-30
4914,16317,,wallet,active,2026-02-12
4915,16320,,wallet,active,2025-11-14
4916,16324,,wallet,active,2022-08-27
4917,16329,,wallet,active,2020-02-28
4918,16339,,wallet,active,2019-04-29
4919,16340,,wallet,active,2024-02-23
4920,16342,,wallet,active,2020-12-22
4921,16343,,wallet,active,2021-12-15
4922,16344,,wallet,active,2022-10-19
4923,16345,,wallet,active,2025-12-10
4924,16346,,wallet,active,2023-10-13
4925,16358,,wallet,active,2025-11-24
4926,16363,,wallet,active,2023-07-06
4927,16368,,wallet,active,2019-01-05
4928,16371,,wallet,active,2022-11-19
4929,16378,,wallet,active,2025-12-24
4930,16380,,wallet,active,2021-04-08
4931,16384,,wallet,active,2021-11-21
4932,16386,,wallet,active,2024-11-10
4933,16389,,wallet,active,2019-11-19
4934,16395,,wallet,active,2023-04-16
4935,16398,,wallet,active,2020-02-24
4936,16401,,wallet,active,2022-01-30
4937,16405,,wallet,active,2026-02-12
4938,16406,,wallet,active,2024-02-26
4939,16409,,wallet,active,2025-12-02
4940,16412,,wallet,active,2021-12-19
4941,16419,,wallet,active,2024-07-13
4942,16421,,wallet,active,2024-11-08
4943,16422,,wallet,active,2021-03-04
4944,16425,,wallet,active,2024-04-27
4945,16432,,wallet,active,2024-05-21
4946,16433,,wallet,active,2024-03-08
4947,16436,,wallet,active,2025-10-20
4948,16437,,wallet,active,2019-05-24
4949,16439,,wallet,active,2022-01-11
4950,16440,,wallet,active,2024-12-30
4951,16449,,wallet,active,2023-06-25
4952,16453,,wallet,active,2026-06-16
4953,16456,,wallet,active,2021-12-12
4954,16457,,wallet,active,2020-05-27
4955,16464,,wallet,active,2024-09-30
4956,16465,,wallet,active,2019-10-04
4957,16466,,wallet,active,2022-02-25
4958,16470,,wallet,active,2023-10-13
4959,16472,,wallet,active,2023-10-28
4960,16474,,wallet,active,2021-11-01
4961,16476,,wallet,active,2024-02-15
4962,16477,,wallet,active,2025-09-11
4963,16480,,wallet,active,2024-09-16
4964,16481,,wallet,active,2023-07-03
4965,16484,,wallet,active,2023-01-24
4966,16488,,wallet,active,2023-09-01
4967,16490,,wallet,active,2023-03-16
4968,16491,,wallet,active,2025-02-14
4969,16493,,wallet,active,2025-05-11
4970,16496,,wallet,active,2024-12-19
4971,16500,,wallet,active,2020-05-29
4972,16503,,wallet,active,2023-10-17
4973,16508,,wallet,active,2024-10-13
4974,16513,,wallet,active,2025-12-21
4975,16519,,wallet,active,2025-01-18
4976,16520,,wallet,active,2020-09-28
4977,16524,,wallet,active,2023-05-22
4978,16527,,wallet,active,2023-06-10
4979,16528,,wallet,active,2020-03-03
4980,16531,,wallet,active,2024-04-04
4981,16533,,wallet,active,2020-06-04
4982,16534,,wallet,active,2025-07-09
4983,16542,,wallet,active,2020-04-16
4984,16543,,wallet,active,2021-07-30
4985,16546,,wallet,active,2020-09-19
4986,16554,,wallet,active,2022-04-18
4987,16555,,wallet,active,2019-11-18
4988,16561,,wallet,active,2024-03-14
4989,16563,,wallet,active,2020-03-03
4990,16565,,wallet,active,2023-12-05
4991,16570,,wallet,active,2021-08-16
4992,16571,,wallet,active,2023-12-29
4993,16574,,wallet,active,2020-09-01
4994,16589,,wallet,active,2025-05-14
4995,16594,,wallet,active,2019-04-27
4996,16598,,wallet,active,2026-01-17
4997,16599,,wallet,active,2019-07-25
4998,16602,,wallet,active,2020-09-16
4999,16605,,wallet,active,2020-05-29
5000,16609,,wallet,active,2023-11-30
5001,16613,,wallet,active,2024-08-27
5002,16618,,wallet,active,2021-04-09
5003,16620,,wallet,active,2020-09-15
5004,16625,,wallet,active,2020-06-22
5005,16630,,wallet,active,2020-12-30
5006,16632,,wallet,active,2024-11-21
5007,16633,,wallet,active,2021-03-01
5008,16635,,wallet,active,2023-10-01
5009,16638,,wallet,active,2023-04-07
5010,16639,,wallet,active,2022-07-18
5011,16640,,wallet,active,2025-06-18
5012,16641,,wallet,active,2026-06-21
5013,16646,,wallet,active,2020-10-17
5014,16647,,wallet,active,2023-10-31
5015,16649,,wallet,active,2025-12-12
5016,16650,,wallet,active,2023-09-01
5017,16654,,wallet,active,2022-08-20
5018,16656,,wallet,active,2022-07-05
5019,16657,,wallet,active,2022-12-17
5020,16660,,wallet,active,2026-03-25
5021,16662,,wallet,active,2019-08-03
5022,16666,,wallet,active,2022-03-02
5023,16669,,wallet,active,2024-06-24
5024,16674,,wallet,active,2019-07-27
5025,16675,,wallet,active,2022-09-03
5026,16679,,wallet,active,2021-10-07
5027,16680,,wallet,active,2019-06-02
5028,16681,,wallet,active,2024-05-22
5029,16682,,wallet,active,2024-03-11
5030,16683,,wallet,active,2025-06-16
5031,16684,,wallet,active,2020-04-23
5032,16689,,wallet,active,2024-11-22
5033,16692,,wallet,active,2023-01-09
5034,16693,,wallet,active,2019-01-13
5035,16698,,wallet,active,2026-05-10
5036,16707,,wallet,active,2023-11-24
5037,16710,,wallet,active,2019-08-19
5038,16712,,wallet,active,2022-12-17
5039,16713,,wallet,active,2021-03-08
5040,16718,,wallet,active,2026-04-16
5041,16720,,wallet,active,2023-11-13
5042,16721,,wallet,active,2026-01-11
5043,16729,,wallet,active,2023-09-19
5044,16732,,wallet,active,2022-12-15
5045,16733,,wallet,active,2025-12-19
5046,16735,,wallet,active,2024-02-21
5047,16737,,wallet,active,2025-10-21
5048,16739,,wallet,active,2021-01-28
5049,16743,,wallet,active,2024-08-26
5050,16744,,wallet,active,2024-04-23
5051,16746,,wallet,active,2023-05-04
5052,16747,,wallet,active,2020-09-21
5053,16749,,wallet,active,2021-10-15
5054,16750,,wallet,active,2020-03-04
5055,16752,,wallet,active,2019-12-17
5056,16760,,wallet,active,2022-04-04
5057,16763,,wallet,active,2023-07-18
5058,16765,,wallet,active,2022-05-19
5059,16766,,wallet,active,2024-12-26
5060,16773,,wallet,active,2023-02-18
5061,16774,,wallet,active,2020-07-22
5062,16776,,wallet,active,2020-03-10
5063,16780,,wallet,active,2023-09-30
5064,16781,,wallet,active,2021-05-15
5065,16785,,wallet,active,2025-05-23
5066,16787,,wallet,active,2021-02-05
5067,16788,,wallet,active,2021-01-28
5068,16793,,wallet,active,2019-11-15
5069,16797,,wallet,active,2025-06-29
5070,16799,,wallet,active,2019-12-22
5071,16802,,wallet,active,2021-10-05
5072,16803,,wallet,active,2025-01-26
5073,16804,,wallet,active,2025-04-20
5074,16808,,wallet,active,2023-06-02
5075,16816,,wallet,active,2022-10-20
5076,16818,,wallet,active,2023-07-17
5077,16828,,wallet,active,2021-10-12
5078,16844,,wallet,active,2024-03-14
5079,16848,,wallet,active,2024-08-04
5080,16849,,wallet,active,2021-04-13
5081,16853,,wallet,active,2021-08-20
5082,16859,,wallet,active,2026-06-12
5083,16860,,wallet,active,2019-07-01
5084,16863,,wallet,active,2024-02-29
5085,16865,,wallet,active,2025-03-02
5086,16869,,wallet,active,2024-01-16
5087,16870,,wallet,active,2023-09-30
5088,16873,,wallet,active,2022-02-02
5089,16876,,wallet,active,2025-11-08
5090,16877,,wallet,active,2024-09-07
5091,16879,,wallet,active,2023-09-01
5092,16880,,wallet,active,2021-08-04
5093,16881,,wallet,active,2023-07-26
5094,16883,,wallet,active,2021-08-15
5095,16886,,wallet,active,2024-03-30
5096,16888,,wallet,active,2019-08-18
5097,16896,,wallet,active,2024-08-07
5098,16900,,wallet,active,2023-11-30
5099,16911,,wallet,active,2025-06-12
5100,16914,,wallet,active,2021-02-05
5101,16916,,wallet,active,2025-03-03
5102,16924,,wallet,active,2023-02-25
5103,16925,,wallet,active,2021-11-11
5104,16926,,wallet,active,2024-11-21
5105,16928,,wallet,active,2021-11-21
5106,16929,,wallet,active,2023-03-08
5107,16932,,wallet,active,2024-07-26
5108,16938,,wallet,active,2022-10-12
5109,16945,,wallet,active,2020-07-13
5110,16946,,wallet,active,2025-09-19
5111,16954,,wallet,active,2021-04-24
5112,16955,,wallet,active,2022-02-18
5113,16956,,wallet,active,2021-02-03
5114,16960,,wallet,active,2025-01-15
5115,16963,,wallet,active,2024-06-21
5116,16964,,wallet,active,2021-03-09
5117,16966,,wallet,active,2022-06-30
5118,16967,,wallet,active,2022-08-29
5119,16970,,wallet,active,2020-07-22
5120,16974,,wallet,active,2019-10-16
5121,16975,,wallet,active,2025-01-22
5122,16976,,wallet,active,2024-01-08
5123,16977,,wallet,active,2025-07-15
5124,16978,,wallet,active,2021-07-31
5125,16979,,wallet,active,2024-09-22
5126,16981,,wallet,active,2024-10-30
5127,16982,,wallet,active,2022-11-17
5128,16985,,wallet,active,2023-12-09
5129,16991,,wallet,active,2025-05-18
5130,17004,,wallet,active,2020-08-18
5131,17005,,wallet,active,2020-11-01
5132,17010,,wallet,active,2026-01-21
5133,17012,,wallet,active,2025-09-11
5134,17013,,wallet,active,2023-10-31
5135,17014,,wallet,active,2026-01-19
5136,17021,,wallet,active,2024-04-16
5137,17027,,wallet,active,2024-01-18
5138,17028,,wallet,active,2025-11-27
5139,17036,,wallet,active,2022-05-16
5140,17039,,wallet,active,2021-11-28
5141,17050,,wallet,active,2022-05-28
5142,17053,,wallet,active,2020-08-25
5143,17058,,wallet,active,2022-08-27
5144,17060,,wallet,active,2022-04-28
5145,17061,,wallet,active,2022-11-12
5146,17066,,wallet,active,2023-08-02
5147,17067,,wallet,active,2021-09-11
5148,17073,,wallet,active,2019-08-03
5149,17074,,wallet,active,2019-06-23
5150,17082,,wallet,active,2020-04-19
5151,17089,,wallet,active,2021-08-24
5152,17096,,wallet,active,2022-08-20
5153,17100,,wallet,active,2020-09-28
5154,17102,,wallet,active,2023-05-21
5155,17103,,wallet,active,2024-02-17
5156,17104,,wallet,active,2023-09-13
5157,17106,,wallet,active,2020-08-24
5158,17107,,wallet,active,2019-02-14
5159,17115,,wallet,active,2023-12-12
5160,17116,,wallet,active,2019-12-14
5161,17121,,wallet,active,2019-08-11
5162,17125,,wallet,active,2021-07-25
5163,17127,,wallet,active,2022-11-29
5164,17129,,wallet,active,2021-08-27
5165,17136,,wallet,active,2020-06-24
5166,17142,,wallet,active,2021-09-18
5167,17144,,wallet,active,2021-06-14
5168,17145,,wallet,active,2025-06-30
5169,17151,,wallet,active,2021-08-26
5170,17152,,wallet,active,2021-12-02
5171,17158,,wallet,active,2023-12-07
5172,17159,,wallet,active,2024-01-26
5173,17160,,wallet,active,2020-03-26
5174,17162,,wallet,active,2023-06-30
5175,17166,,wallet,active,2025-06-30
5176,17176,,wallet,active,2024-12-29
5177,17178,,wallet,active,2025-05-25
5178,17179,,wallet,active,2021-01-17
5179,17183,,wallet,active,2020-06-18
5180,17184,,wallet,active,2020-04-15
5181,17189,,wallet,active,2019-09-12
5182,17193,,wallet,active,2022-05-12
5183,17194,,wallet,active,2021-01-19
5184,17198,,wallet,active,2021-02-07
5185,17199,,wallet,active,2024-04-27
5186,17201,,wallet,active,2024-06-03
5187,17202,,wallet,active,2023-11-09
5188,17205,,wallet,active,2019-10-06
5189,17207,,wallet,active,2022-11-10
5190,17208,,wallet,active,2026-02-28
5191,17212,,wallet,active,2023-11-17
5192,17219,,wallet,active,2022-03-24
5193,17221,,wallet,active,2021-04-21
5194,17224,,wallet,active,2025-07-03
5195,17229,,wallet,active,2021-04-06
5196,17232,,wallet,active,2024-06-24
5197,17234,,wallet,active,2021-01-18
5198,17235,,wallet,active,2023-03-10
5199,17236,,wallet,active,2025-11-18
5200,17238,,wallet,active,2023-11-26
5201,17241,,wallet,active,2023-12-14
5202,17249,,wallet,active,2023-09-11
5203,17255,,wallet,active,2019-10-20
5204,17258,,wallet,active,2019-09-14
5205,17263,,wallet,active,2019-09-25
5206,17269,,wallet,active,2023-10-26
5207,17271,,wallet,active,2019-09-06
5208,17275,,wallet,active,2020-05-08
5209,17276,,wallet,active,2021-08-02
5210,17277,,wallet,active,2023-11-07
5211,17278,,wallet,active,2021-12-16
5212,17282,,wallet,active,2022-06-26
5213,17289,,wallet,active,2020-05-20
5214,17290,,wallet,active,2022-03-20
5215,17293,,wallet,active,2019-01-14
5216,17297,,wallet,active,2021-02-27
5217,17298,,wallet,active,2024-03-01
5218,17299,,wallet,active,2024-10-01
5219,17300,,wallet,active,2022-04-08
5220,17304,,wallet,active,2024-01-29
5221,17305,,wallet,active,2024-12-04
5222,17312,,wallet,active,2024-04-05
5223,17318,,wallet,active,2022-01-09
5224,17323,,wallet,active,2021-10-18
5225,17324,,wallet,active,2025-11-02
5226,17325,,wallet,active,2020-06-02
5227,17333,,wallet,active,2021-10-19
5228,17334,,wallet,active,2021-05-15
5229,17340,,wallet,active,2024-01-18
5230,17341,,wallet,active,2021-12-18
5231,17342,,wallet,active,2021-07-14
5232,17346,,wallet,active,2021-09-23
5233,17347,,wallet,active,2021-03-28
5234,17349,,wallet,active,2019-02-28
5235,17351,,wallet,active,2024-10-04
5236,17352,,wallet,active,2024-06-18
5237,17355,,wallet,active,2024-07-16
5238,17358,,wallet,active,2021-12-15
5239,17360,,wallet,active,2020-07-05
5240,17364,,wallet,active,2025-12-20
5241,17370,,wallet,active,2021-08-14
5242,17378,,wallet,active,2025-12-31
5243,17382,,wallet,active,2022-10-21
5244,17383,,wallet,active,2023-04-22
5245,17386,,wallet,active,2025-08-08
5246,17389,,wallet,active,2024-03-29
5247,17390,,wallet,active,2019-02-09
5248,17391,,wallet,active,2019-07-23
5249,17392,,wallet,active,2019-11-21
5250,17398,,wallet,active,2025-03-17
5251,17399,,wallet,active,2020-03-06
5252,17400,,wallet,active,2019-05-17
5253,17401,,wallet,active,2020-09-04
5254,17402,,wallet,active,2019-08-19
5255,17403,,wallet,active,2021-01-22
5256,17404,,wallet,active,2023-12-17
5257,17409,,wallet,active,2019-02-16
5258,17414,,wallet,active,2019-12-25
5259,17428,,wallet,active,2020-07-18
5260,17431,,wallet,active,2021-06-06
5261,17443,,wallet,active,2021-09-15
5262,17445,,wallet,active,2020-08-01
5263,17448,,wallet,active,2024-02-24
5264,17449,,wallet,active,2020-02-26
5265,17452,,wallet,active,2025-10-28
5266,17454,,wallet,active,2020-06-03
5267,17461,,wallet,active,2020-06-08
5268,17471,,wallet,active,2025-02-13
5269,17475,,wallet,active,2021-10-10
5270,17476,,wallet,active,2023-09-29
5271,17478,,wallet,active,2024-03-25
5272,17479,,wallet,active,2024-06-12
5273,17485,,wallet,active,2023-02-01
5274,17489,,wallet,active,2023-07-10
5275,17490,,wallet,active,2024-05-05
5276,17492,,wallet,active,2025-01-19
5277,17494,,wallet,active,2023-04-22
5278,17495,,wallet,active,2026-05-07
5279,17501,,wallet,active,2025-05-11
5280,17513,,wallet,active,2023-01-20
5281,17514,,wallet,active,2024-09-15
5282,17516,,wallet,active,2025-04-21
5283,17517,,wallet,active,2026-03-07
5284,17519,,wallet,active,2024-05-05
5285,17524,,wallet,active,2021-05-18
5286,17526,,wallet,active,2019-07-21
5287,17529,,wallet,active,2023-08-02
5288,17530,,wallet,active,2023-07-19
5289,17537,,wallet,active,2021-04-23
5290,17538,,wallet,active,2022-11-17
5291,17539,,wallet,active,2023-02-27
5292,17546,,wallet,active,2019-01-14
5293,17548,,wallet,active,2023-07-06
5294,17552,,wallet,active,2021-03-24
5295,17556,,wallet,active,2025-09-22
5296,17562,,wallet,active,2020-08-29
5297,17564,,wallet,active,2025-01-23
5298,17567,,wallet,active,2025-05-21
5299,17568,,wallet,active,2025-07-18
5300,17569,,wallet,active,2024-12-16
5301,17573,,wallet,active,2020-10-30
5302,17575,,wallet,active,2019-04-18
5303,17576,,wallet,active,2019-12-10
5304,17579,,wallet,active,2024-03-03
5305,17580,,wallet,active,2024-01-26
5306,17581,,wallet,active,2019-09-15
5307,17582,,wallet,active,2025-08-16
5308,17586,,wallet,active,2025-07-02
5309,17591,,wallet,active,2021-08-27
5310,17594,,wallet,active,2019-10-03
5311,17598,,wallet,active,2020-09-27
5312,17603,,wallet,active,2020-08-05
5313,17608,,wallet,active,2024-03-17
5314,17612,,wallet,active,2026-03-20
5315,17613,,wallet,active,2021-10-20
5316,17616,,wallet,active,2026-01-15
5317,17617,,wallet,active,2025-07-19
5318,17622,,wallet,active,2023-06-04
5319,17626,,wallet,active,2024-09-23
5320,17627,,wallet,active,2024-06-17
5321,17629,,wallet,active,2021-03-31
5322,17637,,wallet,active,2020-04-10
5323,17648,,wallet,active,2020-11-16
5324,17649,,wallet,active,2024-08-08
5325,17651,,wallet,active,2021-10-31
5326,17652,,wallet,active,2024-03-04
5327,17654,,wallet,active,2020-04-28
5328,17655,,wallet,active,2020-09-15
5329,17656,,wallet,active,2023-10-23
5330,17659,,wallet,active,2019-02-21
5331,17660,,wallet,active,2024-11-18
5332,17671,,wallet,active,2024-10-12
5333,17672,,wallet,active,2026-05-17
5334,17673,,wallet,active,2024-02-02
5335,17674,,wallet,active,2020-12-11
5336,17678,,wallet,active,2026-01-19
5337,17679,,wallet,active,2024-09-05
5338,17683,,wallet,active,2023-08-24
5339,17685,,wallet,active,2021-12-20
5340,17686,,wallet,active,2022-01-30
5341,17687,,wallet,active,2021-02-06
5342,17689,,wallet,active,2022-01-21
5343,17692,,wallet,active,2026-05-18
5344,17698,,wallet,active,2024-04-18
5345,17699,,wallet,active,2024-03-10
5346,17700,,wallet,active,2022-04-15
5347,17701,,wallet,active,2023-02-03
5348,17703,,wallet,active,2019-04-19
5349,17705,,wallet,active,2024-06-20
5350,17714,,wallet,active,2024-10-17
5351,17720,,wallet,active,2023-10-28
5352,17727,,wallet,active,2021-07-11
5353,17728,,wallet,active,2025-08-30
5354,17735,,wallet,active,2020-09-04
5355,17736,,wallet,active,2025-05-18
5356,17751,,wallet,active,2022-05-05
5357,17753,,wallet,active,2021-01-13
5358,17764,,wallet,active,2023-10-27
5359,17765,,wallet,active,2023-08-18
5360,17768,,wallet,active,2026-01-09
5361,17769,,wallet,active,2022-04-01
5362,17770,,wallet,active,2025-06-13
5363,17771,,wallet,active,2024-04-05
5364,17775,,wallet,active,2020-05-03
5365,17780,,wallet,active,2021-03-23
5366,17782,,wallet,active,2022-11-12
5367,17785,,wallet,active,2020-01-09
5368,17786,,wallet,active,2019-11-02
5369,17793,,wallet,active,2022-03-14
5370,17796,,wallet,active,2025-03-30
5371,17797,,wallet,active,2026-05-21
5372,17798,,wallet,active,2021-11-24
5373,17808,,wallet,active,2026-03-21
5374,17811,,wallet,active,2023-09-13
5375,17817,,wallet,active,2024-04-24
5376,17818,,wallet,active,2024-11-20
5377,17819,,wallet,active,2022-05-28
5378,17824,,wallet,active,2023-01-08
5379,17826,,wallet,active,2026-01-16
5380,17829,,wallet,active,2019-02-02
5381,17831,,wallet,active,2022-04-21
5382,17833,,wallet,active,2025-05-02
5383,17836,,wallet,active,2023-06-27
5384,17838,,wallet,active,2023-04-12
5385,17840,,wallet,active,2021-09-12
5386,17842,,wallet,active,2025-05-28
5387,17844,,wallet,active,2021-04-09
5388,17845,,wallet,active,2021-03-21
5389,17849,,wallet,active,2023-07-31
5390,17851,,wallet,active,2021-04-20
5391,17857,,wallet,active,2022-01-25
5392,17862,,wallet,active,2021-09-25
5393,17863,,wallet,active,2023-06-20
5394,17864,,wallet,active,2024-11-23
5395,17865,,wallet,active,2026-02-17
5396,17866,,wallet,active,2024-12-18
5397,17867,,wallet,active,2024-04-12
5398,17868,,wallet,active,2023-03-23
5399,17870,,wallet,active,2021-12-25
5400,17871,,wallet,active,2021-05-11
5401,17874,,wallet,active,2021-06-20
5402,17876,,wallet,active,2026-01-02
5403,17885,,wallet,active,2023-09-01
5404,17886,,wallet,active,2024-12-11
5405,17890,,wallet,active,2022-11-08
5406,17891,,wallet,active,2026-01-24
5407,17895,,wallet,active,2023-01-31
5408,17896,,wallet,active,2023-11-07
5409,17897,,wallet,active,2025-09-19
5410,17904,,wallet,active,2022-10-20
5411,17907,,wallet,active,2022-01-17
5412,17917,,wallet,active,2020-12-07
5413,17920,,wallet,active,2021-12-13
5414,17922,,wallet,active,2021-06-20
5415,17928,,wallet,active,2026-02-21
5416,17931,,wallet,active,2025-01-25
5417,17936,,wallet,active,2026-02-19
5418,17937,,wallet,active,2023-11-24
5419,17941,,wallet,active,2024-07-11
5420,17942,,wallet,active,2019-08-29
5421,17944,,wallet,active,2023-07-31
5422,17947,,wallet,active,2020-12-14
5423,17948,,wallet,active,2023-01-14
5424,17949,,wallet,active,2025-06-20
5425,17951,,wallet,active,2023-06-03
5426,17953,,wallet,active,2023-07-03
5427,17954,,wallet,active,2020-04-08
5428,17957,,wallet,active,2025-10-17
5429,17958,,wallet,active,2019-12-07
5430,17965,,wallet,active,2019-09-20
5431,17969,,wallet,active,2021-09-08
5432,17970,,wallet,active,2019-12-17
5433,17975,,wallet,active,2021-04-30
5434,17977,,wallet,active,2025-10-11
5435,17984,,wallet,active,2025-06-15
5436,17994,,wallet,active,2023-09-25
5437,17998,,wallet,active,2022-10-12
5438,18002,,wallet,active,2025-08-06
5439,18013,,wallet,active,2023-05-25
5440,18014,,wallet,active,2024-10-05
5441,18015,,wallet,active,2021-10-21
5442,18016,,wallet,active,2025-11-13
5443,18017,,wallet,active,2019-07-21
5444,18019,,wallet,active,2023-02-27
5445,18020,,wallet,active,2021-03-24
5446,18023,,wallet,active,2026-01-27
5447,18025,,wallet,active,2019-08-06
5448,18031,,wallet,active,2020-03-13
5449,18032,,wallet,active,2025-02-10
5450,18036,,wallet,active,2022-11-25
5451,18037,,wallet,active,2020-08-19
5452,18038,,wallet,active,2025-11-04
5453,18040,,wallet,active,2020-01-25
5454,18045,,wallet,active,2022-08-18
5455,18054,,wallet,active,2021-06-24
5456,18058,,wallet,active,2023-08-17
5457,18063,,wallet,active,2022-03-13
5458,18069,,wallet,active,2025-02-23
5459,18071,,wallet,active,2024-06-23
5460,18076,,wallet,active,2026-01-26
5461,18077,,wallet,active,2021-06-18
5462,18080,,wallet,active,2023-10-20
5463,18083,,wallet,active,2026-04-09
5464,18100,,wallet,active,2024-07-31
5465,18102,,wallet,active,2019-05-05
5466,18103,,wallet,active,2024-08-11
5467,18105,,wallet,active,2021-11-07
5468,18106,,wallet,active,2021-05-21
5469,18109,,wallet,active,2020-12-25
5470,18117,,wallet,active,2022-09-30
5471,18118,,wallet,active,2020-09-08
5472,18119,,wallet,active,2025-03-09
5473,18120,,wallet,active,2019-10-08
5474,18121,,wallet,active,2022-02-09
5475,18123,,wallet,active,2020-07-24
5476,18125,,wallet,active,2025-08-08
5477,18127,,wallet,active,2021-11-15
5478,18141,,wallet,active,2026-04-16
5479,18142,,wallet,active,2021-08-29
5480,18143,,wallet,active,2024-10-21
5481,18146,,wallet,active,2022-06-22
5482,18149,,wallet,active,2025-11-14
5483,18154,,wallet,active,2019-12-29
5484,18162,,wallet,active,2020-10-15
5485,18166,,wallet,active,2025-10-16
5486,18177,,wallet,active,2024-12-24
5487,18179,,wallet,active,2026-02-27
5488,18184,,wallet,active,2022-05-15
5489,18193,,wallet,active,2023-10-10
5490,18194,,wallet,active,2021-01-04
5491,18196,,wallet,active,2019-02-07
5492,18206,,wallet,active,2020-01-08
5493,18207,,wallet,active,2025-06-27
5494,18212,,wallet,active,2021-05-11
5495,18217,,wallet,active,2019-10-25
5496,18218,,wallet,active,2025-10-04
5497,18219,,wallet,active,2024-08-15
5498,18220,,wallet,active,2021-08-07
5499,18221,,wallet,active,2020-06-18
5500,18225,,wallet,active,2023-03-20
5501,18227,,wallet,active,2023-08-08
5502,18228,,wallet,active,2023-10-20
5503,18231,,wallet,active,2022-04-08
5504,18239,,wallet,active,2020-07-21
5505,18249,,wallet,active,2025-05-12
5506,18251,,wallet,active,2025-02-28
5507,18255,,wallet,active,2025-01-20
5508,18260,,wallet,active,2025-05-03
5509,18261,,wallet,active,2019-07-08
5510,18266,,wallet,active,2025-03-31
5511,18272,,wallet,active,2019-07-22
5512,18273,,wallet,active,2024-09-20
5513,18281,,wallet,active,2021-04-03
5514,18282,,wallet,active,2025-04-29
5515,18285,,wallet,active,2024-08-11
5516,18286,,wallet,active,2025-10-19
5517,18293,,wallet,active,2021-07-04
5518,18294,,wallet,active,2022-06-14
5519,18296,,wallet,active,2026-05-11
5520,18301,,wallet,active,2023-03-15
5521,18305,,wallet,active,2022-12-01
5522,18306,,wallet,active,2019-05-22
5523,18310,,wallet,active,2025-04-24
5524,18311,,wallet,active,2020-01-17
5525,18312,,wallet,active,2025-01-27
5526,18313,,wallet,active,2022-04-04
5527,18318,,wallet,active,2024-03-03
5528,18325,,wallet,active,2025-09-20
5529,18326,,wallet,active,2019-03-16
5530,18327,,wallet,active,2026-02-01
5531,18331,,wallet,active,2019-07-16
5532,18333,,wallet,active,2025-01-28
5533,18334,,wallet,active,2022-01-20
5534,18336,,wallet,active,2025-01-15
5535,18338,,wallet,active,2022-10-06
5536,18341,,wallet,active,2021-06-06
5537,18342,,wallet,active,2022-10-28
5538,18349,,wallet,active,2019-01-25
5539,18357,,wallet,active,2020-11-24
5540,18360,,wallet,active,2023-11-25
5541,18365,,wallet,active,2024-11-18
5542,18374,,wallet,active,2019-01-14
5543,18376,,wallet,active,2024-09-01
5544,18379,,wallet,active,2023-06-24
5545,18381,,wallet,active,2022-03-05
5546,18383,,wallet,active,2021-07-16
5547,18385,,wallet,active,2023-09-29
5548,18388,,wallet,active,2025-03-24
5549,18389,,wallet,active,2025-07-20
5550,18391,,wallet,active,2021-12-23
5551,18393,,wallet,active,2019-07-18
5552,18397,,wallet,active,2023-10-26
5553,18398,,wallet,active,2025-07-01
5554,18400,,wallet,active,2019-06-13
5555,18406,,wallet,active,2024-06-29
5556,18407,,wallet,active,2022-03-07
5557,18408,,wallet,active,2022-12-30
5558,18415,,wallet,active,2025-01-12
5559,18423,,wallet,active,2025-08-29
5560,18428,,wallet,active,2023-11-24
5561,18429,,wallet,active,2026-02-02
5562,18432,,wallet,active,2019-08-03
5563,18434,,wallet,active,2023-04-11
5564,18435,,wallet,active,2019-04-09
5565,18437,,wallet,active,2019-10-03
5566,18438,,wallet,active,2022-06-28
5567,18445,,wallet,active,2019-03-18
5568,18447,,wallet,active,2023-03-23
5569,18449,,wallet,active,2023-07-24
5570,18450,,wallet,active,2021-05-23
5571,18462,,wallet,active,2022-05-22
5572,18463,,wallet,active,2021-08-28
5573,18464,,wallet,active,2020-05-08
5574,18465,,wallet,active,2023-03-31
5575,18468,,wallet,active,2025-12-20
5576,18471,,wallet,active,2021-11-11
5577,18475,,wallet,active,2021-12-12
5578,18480,,wallet,active,2020-12-07
5579,18481,,wallet,active,2020-05-17
5580,18485,,wallet,active,2022-07-15
5581,18487,,wallet,active,2024-01-11
5582,18491,,wallet,active,2019-06-04
5583,18492,,wallet,active,2020-05-01
5584,18494,,wallet,active,2021-05-15
5585,18499,,wallet,active,2024-03-27
5586,18501,,wallet,active,2025-03-26
5587,18506,,wallet,active,2026-03-12
5588,18512,,wallet,active,2025-04-24
5589,18515,,wallet,active,2023-04-29
5590,18518,,wallet,active,2022-10-04
5591,18525,,wallet,active,2020-10-21
5592,18527,,wallet,active,2019-06-11
5593,18528,,wallet,active,2020-09-23
5594,18529,,wallet,active,2024-01-21
5595,18530,,wallet,active,2023-10-21
5596,18533,,wallet,active,2019-06-20
5597,18536,,wallet,active,2023-11-29
5598,18537,,wallet,active,2025-06-24
5599,18548,,wallet,active,2020-03-11
5600,18555,,wallet,active,2025-04-27
5601,18559,,wallet,active,2023-09-26
5602,18561,,wallet,active,2020-06-05
5603,18572,,wallet,active,2019-04-26
5604,18573,,wallet,active,2026-06-27
5605,18578,,wallet,active,2025-01-05
5606,18581,,wallet,active,2025-09-29
5607,18583,,wallet,active,2024-01-26
5608,18585,,wallet,active,2024-01-26
5609,18586,,wallet,active,2020-05-06
5610,18588,,wallet,active,2025-10-24
5611,18590,,wallet,active,2022-11-12
5612,18592,,wallet,active,2020-05-12
5613,18600,,wallet,active,2019-09-28
5614,18601,,wallet,active,2024-08-10
5615,18603,,wallet,active,2025-12-06
5616,18604,,wallet,active,2024-12-19
5617,18608,,wallet,active,2024-11-11
5618,18610,,wallet,active,2022-03-16
5619,18612,,wallet,active,2019-10-26
5620,18613,,wallet,active,2019-10-18
5621,18616,,wallet,active,2021-07-21
5622,18617,,wallet,active,2021-03-12
5623,18618,,wallet,active,2021-01-01
5624,18621,,wallet,active,2020-10-31
5625,18622,,wallet,active,2022-06-06
5626,18624,,wallet,active,2021-04-02
5627,18629,,wallet,active,2024-05-17
5628,18631,,wallet,active,2025-12-02
5629,18633,,wallet,active,2024-11-04
5630,18635,,wallet,active,2026-03-21
5631,18636,,wallet,active,2019-09-14
5632,18638,,wallet,active,2024-10-18
5633,18639,,wallet,active,2020-01-19
5634,18641,,wallet,active,2023-01-28
5635,18646,,wallet,active,2019-04-08
5636,18647,,wallet,active,2023-09-10
5637,18656,,wallet,active,2019-11-11
5638,18657,,wallet,active,2021-02-02
5639,18659,,wallet,active,2019-09-01
5640,18664,,wallet,active,2026-06-03
5641,18665,,wallet,active,2021-12-21
5642,18667,,wallet,active,2023-03-09
5643,18668,,wallet,active,2022-09-29
5644,18670,,wallet,active,2025-01-22
5645,18674,,wallet,active,2026-06-15
5646,18677,,wallet,active,2023-07-01
5647,18680,,wallet,active,2022-03-31
5648,18682,,wallet,active,2024-05-30
5649,18685,,wallet,active,2019-12-22
5650,18686,,wallet,active,2021-12-28
5651,18689,,wallet,active,2023-02-04
5652,18690,,wallet,active,2019-08-18
5653,18692,,wallet,active,2023-02-21
5654,18696,,wallet,active,2026-01-31
5655,18701,,wallet,active,2026-01-21
5656,18707,,wallet,active,2025-01-21
5657,18709,,wallet,active,2024-12-09
5658,18712,,wallet,active,2024-10-13
5659,18713,,wallet,active,2020-11-02
5660,18721,,wallet,active,2025-09-04
5661,18724,,wallet,active,2023-09-30
5662,18728,,wallet,active,2019-03-21
5663,18729,,wallet,active,2021-01-19
5664,18735,,wallet,active,2022-06-05
5665,18744,,wallet,active,2023-02-13
5666,18746,,wallet,active,2019-09-09
5667,18747,,wallet,active,2023-06-02
5668,18750,,wallet,active,2019-10-15
5669,18754,,wallet,active,2019-04-15
5670,18757,,wallet,active,2019-06-02
5671,18759,,wallet,active,2023-07-19
5672,18760,,wallet,active,2022-10-17
5673,18763,,wallet,active,2021-02-25
5674,18764,,wallet,active,2020-11-24
5675,18766,,wallet,active,2021-06-02
5676,18780,,wallet,active,2019-11-15
5677,18783,,wallet,active,2025-04-11
5678,18784,,wallet,active,2025-04-17
5679,18788,,wallet,active,2020-05-20
5680,18796,,wallet,active,2022-02-16
5681,18798,,wallet,active,2025-03-13
5682,18803,,wallet,active,2025-12-13
5683,18807,,wallet,active,2024-02-15
5684,18808,,wallet,active,2022-07-05
5685,18810,,wallet,active,2022-08-05
5686,18817,,wallet,active,2024-08-13
5687,18819,,wallet,active,2024-03-23
5688,18821,,wallet,active,2019-09-24
5689,18823,,wallet,active,2024-10-08
5690,18828,,wallet,active,2025-02-11
5691,18833,,wallet,active,2019-05-06
5692,18846,,wallet,active,2021-10-25
5693,18847,,wallet,active,2020-05-02
5694,18850,,wallet,active,2020-05-19
5695,18851,,wallet,active,2024-06-18
5696,18852,,wallet,active,2024-06-10
5697,18856,,wallet,active,2022-07-26
5698,18858,,wallet,active,2023-01-21
5699,18862,,wallet,active,2023-05-19
5700,18865,,wallet,active,2019-12-01
5701,18866,,wallet,active,2021-10-04
5702,18871,,wallet,active,2020-09-17
5703,18872,,wallet,active,2026-03-28
5704,18874,,wallet,active,2020-03-08
5705,18875,,wallet,active,2020-06-21
5706,18880,,wallet,active,2022-12-31
5707,18884,,wallet,active,2022-03-14
5708,18887,,wallet,active,2025-05-28
5709,18894,,wallet,active,2020-08-11
5710,18898,,wallet,active,2023-03-11
5711,18900,,wallet,active,2021-01-14
5712,18901,,wallet,active,2025-05-15
5713,18909,,wallet,active,2023-09-10
5714,18911,,wallet,active,2025-06-08
5715,18913,,wallet,active,2021-08-17
5716,18914,,wallet,active,2024-12-17
5717,18922,,wallet,active,2022-08-21
5718,18923,,wallet,active,2024-08-08
5719,18926,,wallet,active,2025-08-27
5720,18927,,wallet,active,2020-12-04
5721,18928,,wallet,active,2022-03-05
5722,18929,,wallet,active,2026-02-15
5723,18930,,wallet,active,2021-04-18
5724,18933,,wallet,active,2020-02-13
5725,18936,,wallet,active,2025-02-23
5726,18937,,wallet,active,2025-02-18
5727,18938,,wallet,active,2019-03-15
5728,18942,,wallet,active,2020-05-04
5729,18946,,wallet,active,2022-01-26
5730,18947,,wallet,active,2019-01-26
5731,18948,,wallet,active,2020-03-27
5732,18950,,wallet,active,2020-04-15
5733,18952,,wallet,active,2025-06-22
5734,18955,,wallet,active,2025-06-18
5735,18957,,wallet,active,2019-01-01
5736,18959,,wallet,active,2019-10-15
5737,18960,,wallet,active,2020-09-17
5738,18961,,wallet,active,2021-10-16
5739,18965,,wallet,active,2021-01-18
5740,18967,,wallet,active,2026-03-06
5741,18969,,wallet,active,2023-09-26
5742,18972,,wallet,active,2022-11-13
5743,18973,,wallet,active,2022-08-13
5744,18974,,wallet,active,2025-02-23
5745,18975,,wallet,active,2022-03-19
5746,18980,,wallet,active,2023-06-15
5747,18987,,wallet,active,2023-04-13
5748,18989,,wallet,active,2022-09-28
5749,18992,,wallet,active,2022-08-14
5750,18993,,wallet,active,2025-08-01
5751,18994,,wallet,active,2020-07-13
5752,19001,,wallet,active,2025-02-11
5753,19002,,wallet,active,2019-06-23
5754,19003,,wallet,active,2024-05-20
5755,19005,,wallet,active,2023-09-12
5756,19006,,wallet,active,2026-04-08
5757,19008,,wallet,active,2021-12-16
5758,19009,,wallet,active,2022-06-27
5759,19011,,wallet,active,2022-04-22
5760,19014,,wallet,active,2019-07-03
5761,19016,,wallet,active,2025-11-17
5762,19023,,wallet,active,2019-01-16
5763,19026,,wallet,active,2025-02-10
5764,19029,,wallet,active,2020-11-20
5765,19034,,wallet,active,2024-08-30
5766,19037,,wallet,active,2026-01-13
5767,19042,,wallet,active,2026-06-17
5768,19043,,wallet,active,2024-03-27
5769,19044,,wallet,active,2024-12-28
5770,19046,,wallet,active,2024-06-17
5771,19050,,wallet,active,2025-03-28
5772,19051,,wallet,active,2024-11-23
5773,19052,,wallet,active,2022-01-25
5774,19057,,wallet,active,2025-08-15
5775,19058,,wallet,active,2023-05-11
5776,19063,,wallet,active,2023-06-01
5777,19064,,wallet,active,2021-05-09
5778,19065,,wallet,active,2020-12-14
5779,19066,,wallet,active,2025-07-13
5780,19068,,wallet,active,2022-06-13
5781,19069,,wallet,active,2024-10-28
5782,19072,,wallet,active,2026-04-24
5783,19076,,wallet,active,2026-02-17
5784,19081,,wallet,active,2023-04-24
5785,19083,,wallet,active,2023-04-20
5786,19084,,wallet,active,2024-10-20
5787,19090,,wallet,active,2020-12-23
5788,19091,,wallet,active,2020-02-06
5789,19102,,wallet,active,2020-05-13
5790,19104,,wallet,active,2025-11-03
5791,19111,,wallet,active,2023-09-21
5792,19114,,wallet,active,2025-11-26
5793,19121,,wallet,active,2025-11-10
5794,19124,,wallet,active,2019-12-10
5795,19125,,wallet,active,2020-07-21
5796,19126,,wallet,active,2023-01-08
5797,19128,,wallet,active,2024-10-10
5798,19131,,wallet,active,2025-09-06
5799,19133,,wallet,active,2022-09-25
5800,19137,,wallet,active,2022-03-10
5801,19139,,wallet,active,2022-07-05
5802,19147,,wallet,active,2024-01-28
5803,19150,,wallet,active,2023-03-23
5804,19152,,wallet,active,2021-11-03
5805,19154,,wallet,active,2025-01-28
5806,19157,,wallet,active,2022-03-27
5807,19160,,wallet,active,2020-03-21
5808,19161,,wallet,active,2021-04-17
5809,19163,,wallet,active,2022-08-21
5810,19167,,wallet,active,2020-03-09
5811,19168,,wallet,active,2019-04-25
5812,19174,,wallet,active,2022-08-06
5813,19180,,wallet,active,2021-04-28
5814,19181,,wallet,active,2022-12-14
5815,19182,,wallet,active,2023-09-06
5816,19196,,wallet,active,2022-11-24
5817,19197,,wallet,active,2019-02-08
5818,19198,,wallet,active,2025-12-26
5819,19200,,wallet,active,2025-04-28
5820,19204,,wallet,active,2025-02-09
5821,19206,,wallet,active,2020-01-20
5822,19208,,wallet,active,2022-04-15
5823,19209,,wallet,active,2024-01-05
5824,19211,,wallet,active,2026-02-11
5825,19214,,wallet,active,2024-09-22
5826,19215,,wallet,active,2020-08-20
5827,19216,,wallet,active,2019-07-11
5828,19217,,wallet,active,2025-01-22
5829,19218,,wallet,active,2023-03-17
5830,19219,,wallet,active,2019-06-17
5831,19226,,wallet,active,2026-05-22
5832,19228,,wallet,active,2021-10-29
5833,19229,,wallet,active,2025-01-22
5834,19230,,wallet,active,2022-05-14
5835,19231,,wallet,active,2022-12-29
5836,19232,,wallet,active,2026-01-21
5837,19234,,wallet,active,2023-06-22
5838,19237,,wallet,active,2024-06-10
5839,19240,,wallet,active,2021-03-17
5840,19241,,wallet,active,2020-02-25
5841,19242,,wallet,active,2024-09-13
5842,19244,,wallet,active,2023-08-16
5843,19248,,wallet,active,2025-11-23
5844,19252,,wallet,active,2019-12-02
5845,19253,,wallet,active,2023-05-25
5846,19254,,wallet,active,2026-06-10
5847,19257,,wallet,active,2024-05-26
5848,19259,,wallet,active,2019-04-14
5849,19261,,wallet,active,2025-04-28
5850,19264,,wallet,active,2024-04-02
5851,19271,,wallet,active,2025-09-01
5852,19272,,wallet,active,2020-04-22
5853,19273,,wallet,active,2020-03-08
5854,19284,,wallet,active,2022-12-12
5855,19286,,wallet,active,2021-12-28
5856,19294,,wallet,active,2024-07-23
5857,19298,,wallet,active,2022-11-05
5858,19300,,wallet,active,2021-06-21
5859,19308,,wallet,active,2021-02-24
5860,19310,,wallet,active,2026-03-21
5861,19311,,wallet,active,2024-07-25
5862,19313,,wallet,active,2022-10-20
5863,19314,,wallet,active,2023-06-10
5864,19315,,wallet,active,2023-02-05
5865,19318,,wallet,active,2023-06-15
5866,19321,,wallet,active,2023-03-27
5867,19323,,wallet,active,2023-06-17
5868,19324,,wallet,active,2021-01-21
5869,19327,,wallet,active,2020-03-23
5870,19329,,wallet,active,2021-12-22
5871,19331,,wallet,active,2021-06-22
5872,19332,,wallet,active,2024-06-08
5873,19334,,wallet,active,2026-01-08
5874,19340,,wallet,active,2021-02-13
5875,19348,,wallet,active,2021-01-14
5876,19350,,wallet,active,2022-07-28
5877,19354,,wallet,active,2022-04-27
5878,19356,,wallet,active,2021-06-29
5879,19357,,wallet,active,2020-04-28
5880,19364,,wallet,active,2023-03-18
5881,19367,,wallet,active,2023-09-04
5882,19369,,wallet,active,2022-02-03
5883,19372,,wallet,active,2022-02-06
5884,19373,,wallet,active,2026-03-22
5885,19374,,wallet,active,2021-05-06
5886,19376,,wallet,active,2021-05-10
5887,19377,,wallet,active,2020-05-10
5888,19382,,wallet,active,2023-02-20
5889,19383,,wallet,active,2024-11-22
5890,19387,,wallet,active,2019-05-22
5891,19389,,wallet,active,2022-06-01
5892,19393,,wallet,active,2022-03-06
5893,19396,,wallet,active,2019-11-30
5894,19398,,wallet,active,2019-10-31
5895,19399,,wallet,active,2023-09-15
5896,19400,,wallet,active,2023-12-09
5897,19409,,wallet,active,2025-11-06
5898,19415,,wallet,active,2019-07-26
5899,19417,,wallet,active,2022-02-06
5900,19429,,wallet,active,2023-01-13
5901,19433,,wallet,active,2019-06-03
5902,19437,,wallet,active,2021-02-17
5903,19439,,wallet,active,2023-10-10
5904,19447,,wallet,active,2021-04-01
5905,19448,,wallet,active,2024-06-08
5906,19451,,wallet,active,2026-05-05
5907,19452,,wallet,active,2020-06-20
5908,19454,,wallet,active,2026-04-13
5909,19455,,wallet,active,2022-11-28
5910,19456,,wallet,active,2020-08-12
5911,19458,,wallet,active,2023-11-11
5912,19459,,wallet,active,2019-12-23
5913,19461,,wallet,active,2019-12-01
5914,19465,,wallet,active,2024-05-21
5915,19470,,wallet,active,2020-12-28
5916,19474,,wallet,active,2024-09-14
5917,19476,,wallet,active,2021-06-16
5918,19477,,wallet,active,2024-01-18
5919,19480,,wallet,active,2025-05-15
5920,19482,,wallet,active,2024-11-22
5921,19484,,wallet,active,2023-08-12
5922,19489,,wallet,active,2024-01-02
5923,19495,,wallet,active,2020-12-12
5924,19497,,wallet,active,2023-07-08
5925,19501,,wallet,active,2019-12-26
5926,19502,,wallet,active,2026-03-07
5927,19503,,wallet,active,2026-02-05
5928,19505,,wallet,active,2026-01-17
5929,19506,,wallet,active,2019-01-31
5930,19507,,wallet,active,2021-03-30
5931,19509,,wallet,active,2019-09-14
5932,19514,,wallet,active,2022-12-16
5933,19515,,wallet,active,2023-07-23
5934,19524,,wallet,active,2026-03-20
5935,19526,,wallet,active,2023-03-12
5936,19530,,wallet,active,2020-01-19
5937,19531,,wallet,active,2025-02-28
5938,19538,,wallet,active,2022-03-24
5939,19542,,wallet,active,2024-07-16
5940,19544,,wallet,active,2023-04-30
5941,19546,,wallet,active,2019-01-19
5942,19550,,wallet,active,2022-03-19
5943,19554,,wallet,active,2024-10-26
5944,19555,,wallet,active,2021-04-29
5945,19568,,wallet,active,2019-05-09
5946,19572,,wallet,active,2023-05-31
5947,19583,,wallet,active,2026-06-04
5948,19585,,wallet,active,2024-10-19
5949,19595,,wallet,active,2022-01-09
5950,19598,,wallet,active,2024-04-03
5951,19600,,wallet,active,2022-11-01
5952,19602,,wallet,active,2023-12-17
5953,19603,,wallet,active,2023-06-22
5954,19605,,wallet,active,2022-09-30
5955,19609,,wallet,active,2023-03-01
5956,19611,,wallet,active,2023-01-04
5957,19615,,wallet,active,2022-09-18
5958,19616,,wallet,active,2025-04-23
5959,19618,,wallet,active,2019-09-30
5960,19619,,wallet,active,2025-06-07
5961,19623,,wallet,active,2020-08-22
5962,19626,,wallet,active,2019-05-01
5963,19628,,wallet,active,2024-12-30
5964,19630,,wallet,active,2025-10-18
5965,19634,,wallet,active,2022-03-12
5966,19635,,wallet,active,2020-11-16
5967,19636,,wallet,active,2025-11-26
5968,19637,,wallet,active,2025-10-07
5969,19638,,wallet,active,2024-08-21
5970,19649,,wallet,active,2024-03-14
5971,19654,,wallet,active,2025-09-27
5972,19655,,wallet,active,2023-06-25
5973,19660,,wallet,active,2020-04-03
5974,19662,,wallet,active,2024-04-14
5975,19669,,wallet,active,2024-08-17
5976,19671,,wallet,active,2023-02-03
5977,19675,,wallet,active,2023-10-04
5978,19677,,wallet,active,2020-07-02
5979,19680,,wallet,active,2019-12-03
5980,19683,,wallet,active,2023-12-09
5981,19684,,wallet,active,2020-10-25
5982,19686,,wallet,active,2024-05-01
5983,19689,,wallet,active,2025-11-05
5984,19692,,wallet,active,2020-11-18
5985,19699,,wallet,active,2024-09-01
5986,19701,,wallet,active,2021-10-24
5987,19705,,wallet,active,2020-03-31
5988,19707,,wallet,active,2022-08-23
5989,19709,,wallet,active,2025-11-15
5990,19710,,wallet,active,2021-04-19
5991,19712,,wallet,active,2020-03-12
5992,19713,,wallet,active,2020-01-10
5993,19715,,wallet,active,2019-01-21
5994,19717,,wallet,active,2022-06-26
5995,19720,,wallet,active,2021-04-01
5996,19724,,wallet,active,2025-03-15
5997,19736,,wallet,active,2019-10-01
5998,19737,,wallet,active,2019-07-01
5999,19738,,wallet,active,2023-08-25
6000,19739,,wallet,active,2019-09-10
6001,19754,,wallet,active,2025-04-18
6002,19757,,wallet,active,2022-09-22
6003,19759,,wallet,active,2023-10-23
6004,19762,,wallet,active,2022-02-12
6005,19771,,wallet,active,2019-12-20
6006,19772,,wallet,active,2021-10-28
6007,19776,,wallet,active,2023-03-24
6008,19779,,wallet,active,2022-02-24
6009,19781,,wallet,active,2022-07-14
6010,19783,,wallet,active,2026-01-15
6011,19790,,wallet,active,2022-01-02
6012,19798,,wallet,active,2021-04-14
6013,19804,,wallet,active,2020-06-27
6014,19805,,wallet,active,2019-12-03
6015,19809,,wallet,active,2025-04-10
6016,19810,,wallet,active,2026-04-11
6017,19811,,wallet,active,2023-10-25
6018,19824,,wallet,active,2022-06-27
6019,19825,,wallet,active,2020-01-02
6020,19826,,wallet,active,2022-11-09
6021,19829,,wallet,active,2019-03-22
6022,19834,,wallet,active,2020-08-12
6023,19837,,wallet,active,2024-11-21
6024,19844,,wallet,active,2020-04-17
6025,19845,,wallet,active,2022-04-12
6026,19850,,wallet,active,2024-01-06
6027,19851,,wallet,active,2026-03-08
6028,19853,,wallet,active,2021-04-28
6029,19856,,wallet,active,2022-11-03
6030,19857,,wallet,active,2020-07-18
6031,19858,,wallet,active,2021-08-06
6032,19860,,wallet,active,2023-05-30
6033,19863,,wallet,active,2026-02-07
6034,19866,,wallet,active,2022-05-17
6035,19868,,wallet,active,2020-12-23
6036,19870,,wallet,active,2020-05-14
6037,19872,,wallet,active,2024-10-25
6038,19874,,wallet,active,2024-08-13
6039,19878,,wallet,active,2019-01-27
6040,19882,,wallet,active,2019-09-06
6041,19883,,wallet,active,2020-07-23
6042,19886,,wallet,active,2024-10-17
6043,19888,,wallet,active,2021-09-28
6044,19892,,wallet,active,2020-10-14
6045,19897,,wallet,active,2025-02-06
6046,19908,,wallet,active,2023-08-18
6047,19913,,wallet,active,2024-02-26
6048,19914,,wallet,active,2020-01-17
6049,19916,,wallet,active,2021-07-31
6050,19922,,wallet,active,2025-04-27
6051,19924,,wallet,active,2025-08-15
6052,19926,,wallet,active,2022-06-01
6053,19928,,wallet,active,2019-10-28
6054,19931,,wallet,active,2023-04-08
6055,19932,,wallet,active,2023-11-14
6056,19934,,wallet,active,2025-10-09
6057,19935,,wallet,active,2025-01-31
6058,19937,,wallet,active,2020-10-03
6059,19938,,wallet,active,2022-11-17
6060,19941,,wallet,active,2021-12-14
6061,19945,,wallet,active,2021-10-01
6062,19948,,wallet,active,2025-06-21
6063,19950,,wallet,active,2023-05-03
6064,19954,,wallet,active,2024-03-12
6065,19955,,wallet,active,2021-02-06
6066,19957,,wallet,active,2023-06-06
6067,19962,,wallet,active,2020-03-30
6068,19963,,wallet,active,2025-06-09
6069,19968,,wallet,active,2019-09-05
6070,19970,,wallet,active,2022-01-01
6071,19974,,wallet,active,2024-03-26
6072,19975,,wallet,active,2025-12-28
6073,19976,,wallet,active,2021-03-15
6074,19977,,wallet,active,2024-11-29
6075,19980,,wallet,active,2019-04-02
6076,19987,,wallet,active,2019-04-24
6077,19991,,wallet,active,2025-07-03
6078,19999,,wallet,active,2019-09-20
6079,20005,,wallet,active,2026-02-07
6080,20007,,wallet,active,2026-01-31
6081,20016,,wallet,active,2020-12-11
6082,20022,,wallet,active,2024-06-08
6083,20024,,wallet,active,2022-10-03
6084,20029,,wallet,active,2024-05-24
6085,20031,,wallet,active,2025-12-23
6086,20034,,wallet,active,2022-09-04
6087,20036,,wallet,active,2025-04-25
6088,20041,,wallet,active,2021-03-04
6089,20043,,wallet,active,2019-08-13
6090,20048,,wallet,active,2021-03-08
6091,20051,,wallet,active,2020-08-01
6092,20052,,wallet,active,2019-08-02
6093,20056,,wallet,active,2025-03-19
6094,20063,,wallet,active,2025-04-27
6095,20064,,wallet,active,2024-08-09
6096,20069,,wallet,active,2023-11-28
6097,20070,,wallet,active,2020-12-06
6098,20072,,wallet,active,2026-05-20
6099,20073,,wallet,active,2019-01-06
6100,20077,,wallet,active,2024-04-14
6101,20079,,wallet,active,2022-11-20
6102,20080,,wallet,active,2022-04-06
6103,20085,,wallet,active,2019-03-28
6104,20087,,wallet,active,2022-04-06
6105,20095,,wallet,active,2022-07-16
6106,20101,,wallet,active,2022-03-27
6107,20103,,wallet,active,2026-02-14
6108,20104,,wallet,active,2024-02-20
6109,20105,,wallet,active,2020-08-02
6110,20107,,wallet,active,2023-05-03
6111,20108,,wallet,active,2021-10-07
6112,20113,,wallet,active,2021-04-23
6113,20115,,wallet,active,2020-03-27
6114,20118,,wallet,active,2021-03-08
6115,20122,,wallet,active,2024-09-04
6116,20124,,wallet,active,2023-02-09
6117,20125,,wallet,active,2019-05-25
6118,20128,,wallet,active,2020-05-28
6119,20129,,wallet,active,2020-05-24
6120,20131,,wallet,active,2021-08-01
6121,20133,,wallet,active,2019-03-27
6122,20138,,wallet,active,2025-07-26
6123,20139,,wallet,active,2022-05-24
6124,20144,,wallet,active,2024-04-28
6125,20145,,wallet,active,2023-06-02
6126,20152,,wallet,active,2019-05-09
6127,20164,,wallet,active,2020-11-01
6128,20165,,wallet,active,2023-07-14
6129,20166,,wallet,active,2024-11-04
6130,20170,,wallet,active,2020-08-26
6131,20171,,wallet,active,2025-07-02
6132,20186,,wallet,active,2023-12-10
6133,20187,,wallet,active,2024-01-14
6134,20201,,wallet,active,2021-10-29
6135,20203,,wallet,active,2021-10-31
6136,20210,,wallet,active,2023-07-16
6137,20212,,wallet,active,2025-08-20
6138,20213,,wallet,active,2023-06-29
6139,20215,,wallet,active,2020-09-04
6140,20220,,wallet,active,2023-08-29
6141,20225,,wallet,active,2023-08-05
6142,20227,,wallet,active,2020-02-24
6143,20232,,wallet,active,2024-08-02
6144,20238,,wallet,active,2020-05-23
6145,20239,,wallet,active,2024-07-02
6146,20240,,wallet,active,2025-04-30
6147,20241,,wallet,active,2023-03-09
6148,20251,,wallet,active,2019-11-21
6149,20255,,wallet,active,2023-04-07
6150,20261,,wallet,active,2020-04-07
6151,20263,,wallet,active,2023-05-18
6152,20268,,wallet,active,2019-11-01
6153,20269,,wallet,active,2023-08-13
6154,20273,,wallet,active,2025-11-08
6155,20274,,wallet,active,2024-06-05
6156,20283,,wallet,active,2026-06-07
6157,20286,,wallet,active,2023-09-09
6158,20287,,wallet,active,2022-08-11
6159,20290,,wallet,active,2020-12-12
6160,20292,,wallet,active,2026-05-30
6161,20294,,wallet,active,2026-04-21
6162,20303,,wallet,active,2021-06-02
6163,20309,,wallet,active,2020-04-25
6164,20314,,wallet,active,2024-12-06
6165,20317,,wallet,active,2022-03-15
6166,20321,,wallet,active,2019-06-12
6167,20322,,wallet,active,2026-05-05
6168,20326,,wallet,active,2025-06-09
6169,20327,,wallet,active,2021-03-20
6170,20331,,wallet,active,2019-09-18
6171,20336,,wallet,active,2019-06-10
6172,20337,,wallet,active,2025-02-10
6173,20338,,wallet,active,2021-10-16
6174,20339,,wallet,active,2024-06-06
6175,20343,,wallet,active,2025-04-24
6176,20344,,wallet,active,2025-03-28
6177,20346,,wallet,active,2022-10-10
6178,20347,,wallet,active,2026-01-10
6179,20348,,wallet,active,2023-01-31
6180,20350,,wallet,active,2025-08-26
6181,20363,,wallet,active,2019-08-05
6182,20367,,wallet,active,2022-04-07
6183,20368,,wallet,active,2026-04-23
6184,20372,,wallet,active,2019-08-26
6185,20376,,wallet,active,2026-01-11
6186,20377,,wallet,active,2024-10-28
6187,20379,,wallet,active,2020-07-08
6188,20381,,wallet,active,2019-09-04
6189,20382,,wallet,active,2024-09-26
6190,20383,,wallet,active,2025-10-02
6191,20384,,wallet,active,2024-10-01
6192,20387,,wallet,active,2020-04-28
6193,20389,,wallet,active,2024-05-06
6194,20393,,wallet,active,2025-11-17
6195,20395,,wallet,active,2023-11-16
6196,20396,,wallet,active,2025-11-22
6197,20397,,wallet,active,2024-12-08
6198,20400,,wallet,active,2023-02-21
6199,20401,,wallet,active,2025-06-17
6200,20402,,wallet,active,2024-08-10
6201,20403,,wallet,active,2021-05-09
6202,20409,,wallet,active,2025-04-20
6203,20414,,wallet,active,2022-02-24
6204,20416,,wallet,active,2022-03-30
6205,20418,,wallet,active,2021-02-08
6206,20425,,wallet,active,2025-05-07
6207,20432,,wallet,active,2019-04-07
6208,20436,,wallet,active,2023-11-20
6209,20441,,wallet,active,2021-10-08
6210,20445,,wallet,active,2023-06-06
6211,20455,,wallet,active,2024-03-14
6212,20458,,wallet,active,2021-04-13
6213,20461,,wallet,active,2023-06-26
6214,20466,,wallet,active,2022-04-09
6215,20476,,wallet,active,2022-01-15
6216,20477,,wallet,active,2022-08-17
6217,20480,,wallet,active,2025-04-03
6218,20482,,wallet,active,2020-02-08
6219,20486,,wallet,active,2021-04-11
6220,20489,,wallet,active,2019-10-23
6221,20502,,wallet,active,2022-09-14
6222,20503,,wallet,active,2022-12-30
6223,20506,,wallet,active,2020-03-09
6224,20507,,wallet,active,2022-12-16
6225,20510,,wallet,active,2022-01-19
6226,20512,,wallet,active,2026-06-25
6227,20514,,wallet,active,2023-09-30
6228,20515,,wallet,active,2020-09-29
6229,20516,,wallet,active,2022-09-20
6230,20520,,wallet,active,2019-11-08
6231,20522,,wallet,active,2023-07-22
6232,20527,,wallet,active,2022-06-26
6233,20528,,wallet,active,2021-02-20
6234,20530,,wallet,active,2020-06-26
6235,20532,,wallet,active,2025-01-04
6236,20535,,wallet,active,2023-08-16
6237,20536,,wallet,active,2020-08-28
6238,20542,,wallet,active,2021-09-21
6239,20545,,wallet,active,2025-03-28
6240,20551,,wallet,active,2025-01-13
6241,20554,,wallet,active,2023-08-03
6242,20556,,wallet,active,2024-04-02
6243,20559,,wallet,active,2021-06-19
6244,20564,,wallet,active,2019-12-28
6245,20567,,wallet,active,2022-07-14
6246,20570,,wallet,active,2025-06-24
6247,20573,,wallet,active,2025-03-21
6248,20579,,wallet,active,2019-02-07
6249,20587,,wallet,active,2025-07-25
6250,20588,,wallet,active,2020-05-09
6251,20590,,wallet,active,2023-06-06
6252,20592,,wallet,active,2024-02-14
6253,20593,,wallet,active,2022-10-22
6254,20602,,wallet,active,2025-12-05
6255,20604,,wallet,active,2020-04-11
6256,20608,,wallet,active,2019-02-23
6257,20610,,wallet,active,2024-06-05
6258,20611,,wallet,active,2020-08-23
6259,20614,,wallet,active,2019-06-15
6260,20618,,wallet,active,2025-02-18
6261,20620,,wallet,active,2023-10-29
6262,20622,,wallet,active,2020-09-15
6263,20623,,wallet,active,2022-04-30
6264,20628,,wallet,active,2026-06-12
6265,20629,,wallet,active,2020-12-05
6266,20638,,wallet,active,2020-08-14
6267,20639,,wallet,active,2019-04-02
6268,20640,,wallet,active,2026-06-11
6269,20641,,wallet,active,2024-01-28
6270,20642,,wallet,active,2022-06-20
6271,20644,,wallet,active,2021-05-18
6272,20647,,wallet,active,2025-08-18
6273,20648,,wallet,active,2020-09-07
6274,20650,,wallet,active,2026-04-09
6275,20651,,wallet,active,2025-09-05
6276,20652,,wallet,active,2023-04-03
6277,20659,,wallet,active,2019-10-08
6278,20665,,wallet,active,2026-05-17
6279,20671,,wallet,active,2023-04-11
6280,20674,,wallet,active,2025-09-27
6281,20676,,wallet,active,2023-12-08
6282,20677,,wallet,active,2023-02-25
6283,20678,,wallet,active,2025-09-12
6284,20682,,wallet,active,2020-02-05
6285,20684,,wallet,active,2020-01-22
6286,20688,,wallet,active,2024-08-26
6287,20691,,wallet,active,2025-01-20
6288,20695,,wallet,active,2019-05-09
6289,20700,,wallet,active,2021-08-10
6290,20701,,wallet,active,2023-03-08
6291,20702,,wallet,active,2019-10-08
6292,20706,,wallet,active,2025-01-09
6293,20707,,wallet,active,2022-01-04
6294,20709,,wallet,active,2022-05-15
6295,20714,,wallet,active,2024-05-09
6296,20715,,wallet,active,2025-02-02
6297,20716,,wallet,active,2019-08-27
6298,20718,,wallet,active,2020-02-08
6299,20720,,wallet,active,2021-04-25
6300,20722,,wallet,active,2024-10-30
6301,20730,,wallet,active,2021-03-17
6302,20732,,wallet,active,2020-09-21
6303,20733,,wallet,active,2023-08-18
6304,20735,,wallet,active,2020-09-16
6305,20740,,wallet,active,2025-10-20
6306,20742,,wallet,active,2025-07-06
6307,20743,,wallet,active,2025-10-15
6308,20744,,wallet,active,2020-08-22
6309,20749,,wallet,active,2023-06-29
6310,20758,,wallet,active,2020-11-22
6311,20759,,wallet,active,2021-12-27
6312,20762,,wallet,active,2021-01-04
6313,20765,,wallet,active,2024-01-14
6314,20771,,wallet,active,2021-09-24
6315,20772,,wallet,active,2019-08-23
6316,20775,,wallet,active,2026-01-03
6317,20776,,wallet,active,2020-08-19
6318,20788,,wallet,active,2019-05-28
6319,20789,,wallet,active,2019-02-27
6320,20793,,wallet,active,2025-11-22
6321,20806,,wallet,active,2025-02-23
6322,20813,,wallet,active,2024-12-09
6323,20819,,wallet,active,2019-12-08
6324,20823,,wallet,active,2021-12-20
6325,20832,,wallet,active,2019-01-29
6326,20833,,wallet,active,2022-03-11
6327,20839,,wallet,active,2023-03-10
6328,20841,,wallet,active,2025-04-17
6329,20843,,wallet,active,2022-03-01
6330,20846,,wallet,active,2020-11-10
6331,20850,,wallet,active,2025-03-17
6332,20852,,wallet,active,2020-03-10
6333,20859,,wallet,active,2020-05-25
6334,20861,,wallet,active,2020-12-14
6335,20865,,wallet,active,2020-06-25
6336,20868,,wallet,active,2021-08-05
6337,20869,,wallet,active,2023-01-12
6338,20872,,wallet,active,2023-06-13
6339,20874,,wallet,active,2021-06-04
6340,20875,,wallet,active,2019-10-02
6341,20878,,wallet,active,2022-08-15
6342,20882,,wallet,active,2024-12-24
6343,20883,,wallet,active,2022-05-15
6344,20885,,wallet,active,2023-09-22
6345,20886,,wallet,active,2020-10-17
6346,20890,,wallet,active,2020-07-21
6347,20892,,wallet,active,2021-12-27
6348,20897,,wallet,active,2020-11-15
6349,20904,,wallet,active,2025-05-22
6350,20906,,wallet,active,2024-09-14
6351,20908,,wallet,active,2021-03-04
6352,20910,,wallet,active,2020-04-12
6353,20913,,wallet,active,2021-09-17
6354,20915,,wallet,active,2022-01-28
6355,20917,,wallet,active,2019-08-17
6356,20932,,wallet,active,2021-01-04
6357,20942,,wallet,active,2024-02-12
6358,20946,,wallet,active,2023-01-15
6359,20947,,wallet,active,2026-03-11
6360,20948,,wallet,active,2021-03-31
6361,20957,,wallet,active,2024-01-13
6362,20962,,wallet,active,2021-12-03
6363,20964,,wallet,active,2025-03-05
6364,20965,,wallet,active,2025-11-08
6365,20970,,wallet,active,2023-07-11
6366,20974,,wallet,active,2020-05-07
6367,20975,,wallet,active,2026-06-24
6368,20976,,wallet,active,2023-01-21
6369,20977,,wallet,active,2023-05-30
6370,20981,,wallet,active,2024-08-14
6371,20984,,wallet,active,2022-04-12
6372,20990,,wallet,active,2023-08-12
6373,20994,,wallet,active,2026-03-26
6374,20997,,wallet,active,2025-05-03
6375,21002,,wallet,active,2019-02-15
6376,21003,,wallet,active,2020-04-15
6377,21004,,wallet,active,2023-02-03
6378,21017,,wallet,active,2023-04-11
6379,21019,,wallet,active,2026-01-11
6380,21020,,wallet,active,2021-07-15
6381,21021,,wallet,active,2021-12-24
6382,21024,,wallet,active,2025-09-22
6383,21030,,wallet,active,2024-11-06
6384,21032,,wallet,active,2025-03-21
6385,21034,,wallet,active,2019-01-10
6386,21037,,wallet,active,2025-01-08
6387,21041,,wallet,active,2020-10-07
6388,21042,,wallet,active,2026-06-22
6389,21046,,wallet,active,2020-08-05
6390,21051,,wallet,active,2022-10-26
6391,21053,,wallet,active,2019-09-18
6392,21060,,wallet,active,2022-05-18
6393,21061,,wallet,active,2023-04-22
6394,21063,,wallet,active,2025-07-24
6395,21065,,wallet,active,2020-12-20
6396,21066,,wallet,active,2024-08-16
6397,21068,,wallet,active,2020-01-13
6398,21069,,wallet,active,2021-04-11
6399,21071,,wallet,active,2025-02-16
6400,21072,,wallet,active,2023-12-04
6401,21074,,wallet,active,2026-02-06
6402,21075,,wallet,active,2019-02-04
6403,21076,,wallet,active,2023-09-01
6404,21077,,wallet,active,2023-09-05
6405,21080,,wallet,active,2020-07-21
6406,21083,,wallet,active,2022-04-27
6407,21086,,wallet,active,2025-03-12
6408,21097,,wallet,active,2020-11-30
6409,21098,,wallet,active,2022-06-13
6410,21103,,wallet,active,2021-04-13
6411,21106,,wallet,active,2022-05-12
6412,21109,,wallet,active,2021-05-01
6413,21110,,wallet,active,2022-05-03
6414,21114,,wallet,active,2024-10-27
6415,21128,,wallet,active,2023-11-11
6416,21129,,wallet,active,2022-04-09
6417,21130,,wallet,active,2019-01-06
6418,21132,,wallet,active,2021-05-02
6419,21133,,wallet,active,2021-02-09
6420,21141,,wallet,active,2023-04-27
6421,21147,,wallet,active,2024-08-13
6422,21150,,wallet,active,2020-03-16
6423,21153,,wallet,active,2024-02-16
6424,21155,,wallet,active,2023-10-30
6425,21157,,wallet,active,2023-07-21
6426,21158,,wallet,active,2025-02-20
6427,21159,,wallet,active,2022-06-27
6428,21161,,wallet,active,2020-02-09
6429,21163,,wallet,active,2019-03-26
6430,21167,,wallet,active,2025-12-28
6431,21172,,wallet,active,2023-05-10
6432,21183,,wallet,active,2022-06-14
6433,21185,,wallet,active,2026-02-10
6434,21191,,wallet,active,2020-09-20
6435,21198,,wallet,active,2024-11-25
6436,21199,,wallet,active,2026-06-17
6437,21203,,wallet,active,2020-04-03
6438,21207,,wallet,active,2023-03-26
6439,21208,,wallet,active,2024-01-03
6440,21211,,wallet,active,2023-07-04
6441,21212,,wallet,active,2025-10-28
6442,21215,,wallet,active,2021-10-30
6443,21226,,wallet,active,2021-02-09
6444,21232,,wallet,active,2025-01-29
6445,21233,,wallet,active,2024-07-29
6446,21237,,wallet,active,2020-07-30
6447,21240,,wallet,active,2019-10-21
6448,21242,,wallet,active,2021-06-22
6449,21243,,wallet,active,2022-02-14
6450,21248,,wallet,active,2022-11-29
6451,21251,,wallet,active,2022-05-07
6452,21258,,wallet,active,2025-08-25
6453,21261,,wallet,active,2025-09-17
6454,21265,,wallet,active,2024-12-05
6455,21267,,wallet,active,2019-09-08
6456,21273,,wallet,active,2025-03-12
6457,21277,,wallet,active,2021-04-11
6458,21278,,wallet,active,2021-09-05
6459,21285,,wallet,active,2025-03-20
6460,21289,,wallet,active,2025-02-20
6461,21290,,wallet,active,2026-03-06
6462,21291,,wallet,active,2019-05-16
6463,21294,,wallet,active,2020-04-16
6464,21295,,wallet,active,2022-09-14
6465,21298,,wallet,active,2023-03-04
6466,21304,,wallet,active,2025-01-08
6467,21308,,wallet,active,2022-11-25
6468,21313,,wallet,active,2021-05-01
6469,21314,,wallet,active,2022-02-07
6470,21321,,wallet,active,2022-03-02
6471,21324,,wallet,active,2019-03-29
6472,21325,,wallet,active,2024-03-11
6473,21338,,wallet,active,2019-08-26
6474,21344,,wallet,active,2020-03-22
6475,21353,,wallet,active,2026-03-26
6476,21354,,wallet,active,2025-03-25
6477,21358,,wallet,active,2020-12-21
6478,21359,,wallet,active,2020-03-15
6479,21360,,wallet,active,2020-06-22
6480,21364,,wallet,active,2022-12-18
6481,21365,,wallet,active,2022-02-23
6482,21366,,wallet,active,2024-01-25
6483,21371,,wallet,active,2026-06-03
6484,21372,,wallet,active,2021-12-18
6485,21374,,wallet,active,2022-04-19
6486,21375,,wallet,active,2020-03-18
6487,21376,,wallet,active,2022-06-17
6488,21378,,wallet,active,2021-02-25
6489,21381,,wallet,active,2023-12-05
6490,21386,,wallet,active,2022-08-11
6491,21388,,wallet,active,2021-08-24
6492,21389,,wallet,active,2021-01-03
6493,21391,,wallet,active,2022-08-26
6494,21393,,wallet,active,2020-02-01
6495,21396,,wallet,active,2020-12-07
6496,21400,,wallet,active,2019-09-25
6497,21401,,wallet,active,2022-08-29
6498,21402,,wallet,active,2023-09-25
6499,21403,,wallet,active,2021-11-07
6500,21404,,wallet,active,2021-03-29
6501,21405,,wallet,active,2021-04-21
6502,21408,,wallet,active,2022-08-21
6503,21411,,wallet,active,2023-01-09
6504,21414,,wallet,active,2024-06-03
6505,21415,,wallet,active,2022-05-30
6506,21416,,wallet,active,2019-04-18
6507,21417,,wallet,active,2021-08-10
6508,21420,,wallet,active,2021-02-04
6509,21421,,wallet,active,2019-04-23
6510,21424,,wallet,active,2020-07-23
6511,21429,,wallet,active,2020-05-30
6512,21442,,wallet,active,2022-09-07
6513,21446,,wallet,active,2022-07-10
6514,21450,,wallet,active,2026-06-04
6515,21452,,wallet,active,2025-09-28
6516,21453,,wallet,active,2020-07-08
6517,21457,,wallet,active,2026-06-11
6518,21458,,wallet,active,2020-04-20
6519,21459,,wallet,active,2022-10-15
6520,21460,,wallet,active,2021-04-16
6521,21464,,wallet,active,2019-09-26
6522,21477,,wallet,active,2022-10-22
6523,21478,,wallet,active,2021-06-03
6524,21479,,wallet,active,2020-07-17
6525,21480,,wallet,active,2024-01-31
6526,21481,,wallet,active,2022-11-14
6527,21486,,wallet,active,2020-06-02
6528,21488,,wallet,active,2020-12-31
6529,21492,,wallet,active,2025-10-13
6530,21497,,wallet,active,2026-01-20
6531,21502,,wallet,active,2025-11-11
6532,21504,,wallet,active,2020-08-03
6533,21507,,wallet,active,2023-04-17
6534,21508,,wallet,active,2024-03-01
6535,21510,,wallet,active,2021-07-22
6536,21515,,wallet,active,2022-01-09
6537,21516,,wallet,active,2024-09-22
6538,21524,,wallet,active,2026-03-21
6539,21528,,wallet,active,2024-02-22
6540,21538,,wallet,active,2022-07-17
6541,21547,,wallet,active,2025-08-15
6542,21550,,wallet,active,2021-07-15
6543,21552,,wallet,active,2019-05-07
6544,21553,,wallet,active,2020-12-14
6545,21559,,wallet,active,2023-07-19
6546,21560,,wallet,active,2019-05-04
6547,21564,,wallet,active,2026-04-07
6548,21565,,wallet,active,2020-02-12
6549,21567,,wallet,active,2021-11-03
6550,21568,,wallet,active,2025-01-17
6551,21570,,wallet,active,2022-04-08
6552,21572,,wallet,active,2025-08-10
6553,21575,,wallet,active,2022-02-01
6554,21577,,wallet,active,2023-03-05
6555,21584,,wallet,active,2020-04-01
6556,21587,,wallet,active,2025-10-18
6557,21588,,wallet,active,2022-07-25
6558,21591,,wallet,active,2019-08-22
6559,21593,,wallet,active,2021-12-10
6560,21597,,wallet,active,2020-08-30
6561,21600,,wallet,active,2020-03-14
6562,21601,,wallet,active,2025-04-14
6563,21602,,wallet,active,2023-07-12
6564,21606,,wallet,active,2021-04-25
6565,21610,,wallet,active,2025-02-05
6566,21613,,wallet,active,2019-02-06
6567,21618,,wallet,active,2022-09-19
6568,21619,,wallet,active,2024-02-25
6569,21620,,wallet,active,2024-11-25
6570,21624,,wallet,active,2025-09-02
6571,21625,,wallet,active,2023-03-05
6572,21626,,wallet,active,2024-04-18
6573,21628,,wallet,active,2025-11-08
6574,21631,,wallet,active,2019-10-20
6575,21634,,wallet,active,2024-03-23
6576,21639,,wallet,active,2024-12-06
6577,21643,,wallet,active,2024-01-23
6578,21646,,wallet,active,2024-04-16
6579,21649,,wallet,active,2019-11-19
6580,21650,,wallet,active,2021-11-12
6581,21653,,wallet,active,2024-04-21
6582,21656,,wallet,active,2025-10-17
6583,21657,,wallet,active,2021-03-08
6584,21660,,wallet,active,2023-12-11
6585,21665,,wallet,active,2022-03-21
6586,21669,,wallet,active,2023-10-08
6587,21670,,wallet,active,2023-01-24
6588,21673,,wallet,active,2025-03-10
6589,21675,,wallet,active,2022-07-17
6590,21678,,wallet,active,2020-01-17
6591,21679,,wallet,active,2020-10-29
6592,21681,,wallet,active,2025-09-27
6593,21685,,wallet,active,2022-12-04
6594,21688,,wallet,active,2025-05-09
6595,21689,,wallet,active,2020-09-21
6596,21694,,wallet,active,2021-02-25
6597,21698,,wallet,active,2020-10-28
6598,21699,,wallet,active,2020-12-16
6599,21703,,wallet,active,2021-08-14
6600,21707,,wallet,active,2020-03-14
6601,21710,,wallet,active,2020-02-20
6602,21713,,wallet,active,2022-09-12
6603,21719,,wallet,active,2021-07-13
6604,21726,,wallet,active,2024-01-08
6605,21727,,wallet,active,2024-09-04
6606,21729,,wallet,active,2021-04-02
6607,21732,,wallet,active,2021-08-13
6608,21738,,wallet,active,2025-11-14
6609,21740,,wallet,active,2020-02-02
6610,21742,,wallet,active,2025-11-23
6611,21746,,wallet,active,2023-02-20
6612,21752,,wallet,active,2020-03-06
6613,21754,,wallet,active,2019-12-30
6614,21759,,wallet,active,2021-06-11
6615,21760,,wallet,active,2020-12-05
6616,21763,,wallet,active,2026-03-02
6617,21765,,wallet,active,2020-09-07
6618,21766,,wallet,active,2023-09-11
6619,21767,,wallet,active,2020-06-23
6620,21770,,wallet,active,2024-03-30
6621,21792,,wallet,active,2024-01-16
6622,21801,,wallet,active,2020-09-18
6623,21802,,wallet,active,2021-02-14
6624,21803,,wallet,active,2023-05-03
6625,21804,,wallet,active,2022-10-18
6626,21805,,wallet,active,2022-05-31
6627,21808,,wallet,active,2019-08-22
6628,21814,,wallet,active,2020-03-30
6629,21820,,wallet,active,2022-12-06
6630,21821,,wallet,active,2026-06-29
6631,21822,,wallet,active,2023-07-01
6632,21826,,wallet,active,2025-12-15
6633,21827,,wallet,active,2025-09-04
6634,21828,,wallet,active,2023-05-31
6635,21833,,wallet,active,2025-08-23
6636,21835,,wallet,active,2021-11-05
6637,21839,,wallet,active,2024-03-03
6638,21842,,wallet,active,2022-04-03
6639,21843,,wallet,active,2020-05-30
6640,21845,,wallet,active,2023-01-14
6641,21847,,wallet,active,2019-02-26
6642,21849,,wallet,active,2024-12-01
6643,21853,,wallet,active,2021-04-07
6644,21855,,wallet,active,2026-06-28
6645,21858,,wallet,active,2025-02-07
6646,21865,,wallet,active,2020-07-25
6647,21873,,wallet,active,2026-01-07
6648,21878,,wallet,active,2021-08-20
6649,21879,,wallet,active,2020-10-13
6650,21880,,wallet,active,2022-06-22
6651,21883,,wallet,active,2021-03-29
6652,21905,,wallet,active,2023-07-06
6653,21906,,wallet,active,2023-09-04
6654,21907,,wallet,active,2026-05-18
6655,21909,,wallet,active,2022-06-01
6656,21910,,wallet,active,2023-04-13
6657,21911,,wallet,active,2020-08-08
6658,21912,,wallet,active,2026-05-14
6659,21914,,wallet,active,2024-08-14
6660,21916,,wallet,active,2023-05-13
6661,21921,,wallet,active,2021-12-03
6662,21929,,wallet,active,2019-02-14
6663,21932,,wallet,active,2022-03-21
6664,21934,,wallet,active,2025-05-21
6665,21935,,wallet,active,2022-04-26
6666,21940,,wallet,active,2023-04-14
6667,21947,,wallet,active,2023-12-21
6668,21948,,wallet,active,2026-05-18
6669,21951,,wallet,active,2026-05-24
6670,21957,,wallet,active,2020-08-01
6671,21961,,wallet,active,2024-08-07
6672,21965,,wallet,active,2021-11-06
6673,21967,,wallet,active,2021-03-22
6674,21969,,wallet,active,2024-09-06
6675,21971,,wallet,active,2026-05-27
6676,21973,,wallet,active,2020-08-06
6677,21978,,wallet,active,2019-11-21
6678,21979,,wallet,active,2023-04-21
6679,21980,,wallet,active,2019-03-17
6680,21991,,wallet,active,2023-03-13
6681,21994,,wallet,active,2022-06-22
6682,21998,,wallet,active,2019-09-26
6683,22001,,wallet,active,2022-08-01
6684,22004,,wallet,active,2022-08-16
6685,22005,,wallet,active,2021-10-03
6686,22006,,wallet,active,2026-03-23
6687,22007,,wallet,active,2022-06-07
6688,22009,,wallet,active,2023-04-05
6689,22011,,wallet,active,2020-01-08
6690,22016,,wallet,active,2025-01-14
6691,22017,,wallet,active,2023-09-06
6692,22020,,wallet,active,2023-01-19
6693,22022,,wallet,active,2020-04-09
6694,22028,,wallet,active,2026-04-27
6695,22029,,wallet,active,2021-07-04
6696,22030,,wallet,active,2025-04-21
6697,22032,,wallet,active,2025-01-04
6698,22034,,wallet,active,2024-05-26
6699,22035,,wallet,active,2020-02-02
6700,22036,,wallet,active,2021-03-20
6701,22038,,wallet,active,2024-09-05
6702,22058,,wallet,active,2020-03-06
6703,22063,,wallet,active,2025-03-11
6704,22065,,wallet,active,2019-11-12
6705,22067,,wallet,active,2019-12-30
6706,22068,,wallet,active,2025-03-09
6707,22076,,wallet,active,2020-05-21
6708,22077,,wallet,active,2021-01-20
6709,22079,,wallet,active,2021-05-27
6710,22080,,wallet,active,2025-05-18
6711,22088,,wallet,active,2021-03-24
6712,22089,,wallet,active,2020-12-04
6713,22093,,wallet,active,2019-03-06
6714,22094,,wallet,active,2022-06-16
6715,22102,,wallet,active,2020-09-22
6716,22103,,wallet,active,2024-10-29
6717,22108,,wallet,active,2021-02-24
6718,22111,,wallet,active,2020-08-20
6719,22118,,wallet,active,2023-09-22
6720,22122,,wallet,active,2019-01-21
6721,22125,,wallet,active,2019-07-19
6722,22128,,wallet,active,2022-12-09
6723,22130,,wallet,active,2025-02-16
6724,22134,,wallet,active,2024-01-28
6725,22135,,wallet,active,2019-06-09
6726,22137,,wallet,active,2022-09-21
6727,22140,,wallet,active,2019-01-12
6728,22143,,wallet,active,2020-09-22
6729,22146,,wallet,active,2019-07-28
6730,22150,,wallet,active,2023-09-05
6731,22155,,wallet,active,2022-06-01
6732,22157,,wallet,active,2025-03-20
6733,22162,,wallet,active,2024-11-04
6734,22173,,wallet,active,2023-12-20
6735,22182,,wallet,active,2023-11-07
6736,22184,,wallet,active,2022-11-02
6737,22187,,wallet,active,2019-09-26
6738,22190,,wallet,active,2024-10-19
6739,22191,,wallet,active,2024-05-01
6740,22201,,wallet,active,2019-05-31
6741,22203,,wallet,active,2026-06-29
6742,22204,,wallet,active,2023-09-12
6743,22206,,wallet,active,2025-03-09
6744,22207,,wallet,active,2021-09-02
6745,22209,,wallet,active,2021-10-12
6746,22212,,wallet,active,2022-04-25
6747,22213,,wallet,active,2019-04-10
6748,22216,,wallet,active,2019-04-30
6749,22218,,wallet,active,2025-09-02
6750,22219,,wallet,active,2023-06-16
6751,22220,,wallet,active,2022-10-27
6752,22223,,wallet,active,2019-04-10
6753,22224,,wallet,active,2025-12-16
6754,22225,,wallet,active,2026-04-12
6755,22226,,wallet,active,2021-12-09
6756,22227,,wallet,active,2019-11-28
6757,22228,,wallet,active,2021-04-28
6758,22229,,wallet,active,2022-02-05
6759,22231,,wallet,active,2024-09-20
6760,22233,,wallet,active,2020-06-15
6761,22234,,wallet,active,2024-09-30
6762,22235,,wallet,active,2023-05-07
6763,22236,,wallet,active,2021-08-30
6764,22237,,wallet,active,2019-07-06
6765,22239,,wallet,active,2022-10-25
6766,22242,,wallet,active,2023-08-26
6767,22243,,wallet,active,2020-04-08
6768,22245,,wallet,active,2019-03-26
6769,22246,,wallet,active,2020-08-04
6770,22253,,wallet,active,2025-10-12
6771,22254,,wallet,active,2020-07-31
6772,22258,,wallet,active,2024-02-13
6773,22263,,wallet,active,2020-10-08
6774,22264,,wallet,active,2023-07-02
6775,22269,,wallet,active,2025-04-16
6776,22271,,wallet,active,2025-11-23
6777,22272,,wallet,active,2021-11-07
6778,22274,,wallet,active,2019-05-06
6779,22275,,wallet,active,2024-06-28
6780,22276,,wallet,active,2019-07-27
6781,22277,,wallet,active,2022-07-19
6782,22281,,wallet,active,2026-06-06
6783,22285,,wallet,active,2021-05-23
6784,22287,,wallet,active,2020-11-04
6785,22291,,wallet,active,2019-12-07
6786,22293,,wallet,active,2019-08-23
6787,22295,,wallet,active,2023-05-28
6788,22302,,wallet,active,2022-02-13
6789,22305,,wallet,active,2025-02-07
6790,22313,,wallet,active,2019-07-17
6791,22317,,wallet,active,2021-04-29
6792,22320,,wallet,active,2021-06-30
6793,22321,,wallet,active,2023-04-09
6794,22325,,wallet,active,2019-07-10
6795,22327,,wallet,active,2023-06-30
6796,22331,,wallet,active,2026-06-08
6797,22337,,wallet,active,2026-01-25
6798,22338,,wallet,active,2023-05-28
6799,22339,,wallet,active,2022-01-19
6800,22342,,wallet,active,2019-04-03
6801,22344,,wallet,active,2024-06-04
6802,22347,,wallet,active,2023-06-06
6803,22357,,wallet,active,2025-11-03
6804,22358,,wallet,active,2019-03-08
6805,22360,,wallet,active,2025-03-21
6806,22363,,wallet,active,2020-08-18
6807,22367,,wallet,active,2024-11-01
6808,22370,,wallet,active,2021-08-05
6809,22373,,wallet,active,2023-02-20
6810,22377,,wallet,active,2024-08-04
6811,22379,,wallet,active,2020-03-27
6812,22383,,wallet,active,2019-12-26
6813,22386,,wallet,active,2025-07-20
6814,22393,,wallet,active,2021-11-25
6815,22395,,wallet,active,2025-02-14
6816,22402,,wallet,active,2021-08-21
6817,22407,,wallet,active,2019-10-14
6818,22409,,wallet,active,2021-10-31
6819,22414,,wallet,active,2022-06-01
6820,22415,,wallet,active,2019-11-09
6821,22417,,wallet,active,2020-11-17
6822,22419,,wallet,active,2020-10-07
6823,22420,,wallet,active,2020-01-14
6824,22421,,wallet,active,2026-06-18
6825,22423,,wallet,active,2025-03-11
6826,22424,,wallet,active,2020-05-16
6827,22427,,wallet,active,2020-12-25
6828,22428,,wallet,active,2023-08-07
6829,22430,,wallet,active,2024-01-21
6830,22431,,wallet,active,2024-05-30
6831,22433,,wallet,active,2021-11-02
6832,22435,,wallet,active,2020-09-10
6833,22437,,wallet,active,2024-03-25
6834,22443,,wallet,active,2022-07-27
6835,22450,,wallet,active,2023-07-18
6836,22453,,wallet,active,2023-08-09
6837,22456,,wallet,active,2023-07-22
6838,22458,,wallet,active,2019-01-10
6839,22461,,wallet,active,2021-11-03
6840,22463,,wallet,active,2023-10-13
6841,22465,,wallet,active,2024-08-06
6842,22466,,wallet,active,2020-06-23
6843,22469,,wallet,active,2023-11-18
6844,22470,,wallet,active,2019-07-30
6845,22471,,wallet,active,2023-11-14
6846,22472,,wallet,active,2023-12-01
6847,22473,,wallet,active,2020-03-06
6848,22481,,wallet,active,2022-08-23
6849,22483,,wallet,active,2019-12-13
6850,22484,,wallet,active,2020-11-17
6851,22491,,wallet,active,2023-01-03
6852,22503,,wallet,active,2019-01-06
6853,22513,,wallet,active,2024-05-05
6854,22516,,wallet,active,2021-11-03
6855,22517,,wallet,active,2021-05-04
6856,22519,,wallet,active,2025-01-28
6857,22521,,wallet,active,2025-10-17
6858,22523,,wallet,active,2019-04-09
6859,22525,,wallet,active,2025-05-23
6860,22527,,wallet,active,2022-11-23
6861,22530,,wallet,active,2024-10-29
6862,22532,,wallet,active,2023-01-05
6863,22536,,wallet,active,2026-05-13
6864,22539,,wallet,active,2019-01-07
6865,22546,,wallet,active,2025-10-25
6866,22550,,wallet,active,2019-09-10
6867,22551,,wallet,active,2024-11-26
6868,22556,,wallet,active,2019-09-17
6869,22557,,wallet,active,2025-10-29
6870,22562,,wallet,active,2025-09-13
6871,22566,,wallet,active,2022-10-09
6872,22568,,wallet,active,2024-07-21
6873,22570,,wallet,active,2023-05-15
6874,22572,,wallet,active,2023-05-12
6875,22577,,wallet,active,2026-02-11
6876,22578,,wallet,active,2019-03-11
6877,22581,,wallet,active,2021-07-31
6878,22585,,wallet,active,2021-03-09
6879,22594,,wallet,active,2019-05-26
6880,22597,,wallet,active,2020-05-08
6881,22598,,wallet,active,2020-10-29
6882,22604,,wallet,active,2023-05-25
6883,22608,,wallet,active,2019-01-06
6884,22609,,wallet,active,2024-01-07
6885,22610,,wallet,active,2022-07-25
6886,22613,,wallet,active,2021-12-09
6887,22616,,wallet,active,2020-04-19
6888,22619,,wallet,active,2023-04-12
6889,22622,,wallet,active,2021-08-03
6890,22623,,wallet,active,2022-05-19
6891,22626,,wallet,active,2021-10-10
6892,22628,,wallet,active,2019-02-25
6893,22630,,wallet,active,2024-05-12
6894,22631,,wallet,active,2023-12-29
6895,22633,,wallet,active,2019-07-09
6896,22636,,wallet,active,2019-10-16
6897,22638,,wallet,active,2022-06-22
6898,22639,,wallet,active,2024-11-30
6899,22644,,wallet,active,2024-08-03
6900,22646,,wallet,active,2022-12-01
6901,22654,,wallet,active,2021-03-31
6902,22657,,wallet,active,2021-08-15
6903,22660,,wallet,active,2022-02-11
6904,22664,,wallet,active,2023-03-09
6905,22665,,wallet,active,2021-12-06
6906,22668,,wallet,active,2020-01-30
6907,22670,,wallet,active,2019-02-10
6908,22678,,wallet,active,2022-11-04
6909,22680,,wallet,active,2019-10-28
6910,22681,,wallet,active,2021-10-29
6911,22682,,wallet,active,2026-05-19
6912,22683,,wallet,active,2024-12-27
6913,22689,,wallet,active,2023-05-17
6914,22693,,wallet,active,2023-10-31
6915,22695,,wallet,active,2021-01-21
6916,22696,,wallet,active,2023-07-04
6917,22697,,wallet,active,2020-03-03
6918,22699,,wallet,active,2025-04-24
6919,22700,,wallet,active,2026-02-28
6920,22701,,wallet,active,2020-11-05
6921,22704,,wallet,active,2021-05-18
6922,22713,,wallet,active,2021-09-17
6923,22714,,wallet,active,2022-03-19
6924,22716,,wallet,active,2021-11-13
6925,22719,,wallet,active,2025-01-13
6926,22729,,wallet,active,2025-03-08
6927,22739,,wallet,active,2022-01-10
6928,22743,,wallet,active,2023-07-28
6929,22747,,wallet,active,2022-05-30
6930,22753,,wallet,active,2020-06-24
6931,22754,,wallet,active,2021-03-05
6932,22758,,wallet,active,2024-05-17
6933,22768,,wallet,active,2024-04-18
6934,22774,,wallet,active,2022-02-07
6935,22779,,wallet,active,2022-01-04
6936,22780,,wallet,active,2024-09-04
6937,22782,,wallet,active,2025-05-19
6938,22791,,wallet,active,2024-05-08
6939,22794,,wallet,active,2020-09-24
6940,22801,,wallet,active,2020-04-23
6941,22803,,wallet,active,2024-07-18
6942,22807,,wallet,active,2022-06-02
6943,22808,,wallet,active,2021-12-11
6944,22811,,wallet,active,2019-10-28
6945,22813,,wallet,active,2024-10-15
6946,22815,,wallet,active,2020-08-27
6947,22819,,wallet,active,2023-05-02
6948,22820,,wallet,active,2021-09-29
6949,22825,,wallet,active,2019-09-08
6950,22826,,wallet,active,2019-01-06
6951,22827,,wallet,active,2024-01-07
6952,22838,,wallet,active,2019-07-13
6953,22839,,wallet,active,2020-06-09
6954,22850,,wallet,active,2020-06-15
6955,22852,,wallet,active,2025-04-15
6956,22855,,wallet,active,2023-01-25
6957,22860,,wallet,active,2023-02-16
6958,22865,,wallet,active,2026-02-23
6959,22868,,wallet,active,2021-06-14
6960,22870,,wallet,active,2020-11-04
6961,22874,,wallet,active,2025-07-02
6962,22876,,wallet,active,2025-05-01
6963,22882,,wallet,active,2020-08-20
6964,22891,,wallet,active,2021-12-12
6965,22896,,wallet,active,2019-02-11
6966,22898,,wallet,active,2022-04-21
6967,22904,,wallet,active,2020-02-10
6968,22909,,wallet,active,2024-11-25
6969,22914,,wallet,active,2019-01-28
6970,22916,,wallet,active,2025-03-10
6971,22921,,wallet,active,2025-02-21
6972,22922,,wallet,active,2021-03-24
6973,22923,,wallet,active,2022-11-08
6974,22924,,wallet,active,2020-05-30
6975,22926,,wallet,active,2020-12-09
6976,22932,,wallet,active,2022-02-10
6977,22934,,wallet,active,2025-05-22
6978,22937,,wallet,active,2022-02-17
6979,22938,,wallet,active,2024-04-18
6980,22939,,wallet,active,2025-10-14
6981,22942,,wallet,active,2025-06-15
6982,22944,,wallet,active,2021-09-27
6983,22957,,wallet,active,2022-03-09
6984,22969,,wallet,active,2024-04-01
6985,22970,,wallet,active,2022-04-25
6986,22972,,wallet,active,2019-01-17
6987,22980,,wallet,active,2023-08-27
6988,22981,,wallet,active,2024-05-14
6989,22984,,wallet,active,2025-09-07
6990,22989,,wallet,active,2026-03-21
6991,22993,,wallet,active,2025-03-27
6992,23003,,wallet,active,2024-03-20
6993,23006,,wallet,active,2021-11-02
6994,23009,,wallet,active,2021-07-01
6995,23011,,wallet,active,2025-10-14
6996,23017,,wallet,active,2022-05-09
6997,23018,,wallet,active,2026-06-24
6998,23019,,wallet,active,2024-04-18
6999,23020,,wallet,active,2024-09-20
7000,23023,,wallet,active,2023-10-16
7001,23031,,wallet,active,2020-06-20
7002,23036,,wallet,active,2023-03-26
7003,23041,,wallet,active,2020-01-26
7004,23043,,wallet,active,2019-08-26
7005,23044,,wallet,active,2019-12-25
7006,23047,,wallet,active,2020-03-05
7007,23049,,wallet,active,2023-01-24
7008,23054,,wallet,active,2025-05-22
7009,23057,,wallet,active,2026-01-16
7010,23063,,wallet,active,2022-05-29
7011,23065,,wallet,active,2020-12-11
7012,23066,,wallet,active,2021-08-01
7013,23071,,wallet,active,2023-11-01
7014,23072,,wallet,active,2024-09-19
7015,23074,,wallet,active,2025-11-28
7016,23075,,wallet,active,2023-06-29
7017,23077,,wallet,active,2021-02-11
7018,23078,,wallet,active,2019-07-02
7019,23083,,wallet,active,2021-04-29
7020,23084,,wallet,active,2024-03-31
7021,23092,,wallet,active,2021-09-15
7022,23097,,wallet,active,2025-07-27
7023,23098,,wallet,active,2023-09-26
7024,23104,,wallet,active,2019-09-02
7025,23105,,wallet,active,2019-02-08
7026,23109,,wallet,active,2022-05-14
7027,23111,,wallet,active,2019-09-04
7028,23112,,wallet,active,2021-03-28
7029,23114,,wallet,active,2023-10-26
7030,23125,,wallet,active,2023-10-22
7031,23126,,wallet,active,2024-02-10
7032,23130,,wallet,active,2024-08-05
7033,23139,,wallet,active,2024-05-15
7034,23141,,wallet,active,2022-02-22
7035,23143,,wallet,active,2020-05-31
7036,23145,,wallet,active,2019-07-14
7037,23148,,wallet,active,2026-04-10
7038,23149,,wallet,active,2024-01-13
7039,23150,,wallet,active,2020-05-06
7040,23155,,wallet,active,2024-12-30
7041,23156,,wallet,active,2019-05-20
7042,23158,,wallet,active,2026-05-01
7043,23159,,wallet,active,2022-08-08
7044,23160,,wallet,active,2023-12-29
7045,23162,,wallet,active,2022-07-10
7046,23164,,wallet,active,2019-10-07
7047,23168,,wallet,active,2024-11-24
7048,23171,,wallet,active,2024-07-08
7049,23174,,wallet,active,2024-04-16
7050,23175,,wallet,active,2022-10-10
7051,23176,,wallet,active,2025-02-20
7052,23178,,wallet,active,2020-12-18
7053,23184,,wallet,active,2024-10-15
7054,23185,,wallet,active,2024-12-25
7055,23187,,wallet,active,2023-04-04
7056,23189,,wallet,active,2023-09-12
7057,23190,,wallet,active,2021-05-15
7058,23196,,wallet,active,2023-11-18
7059,23200,,wallet,active,2025-12-25
7060,23205,,wallet,active,2024-10-25
7061,23210,,wallet,active,2025-07-03
7062,23215,,wallet,active,2024-03-28
7063,23217,,wallet,active,2024-04-02
7064,23220,,wallet,active,2025-04-20
7065,23222,,wallet,active,2026-03-06
7066,23230,,wallet,active,2024-06-11
7067,23233,,wallet,active,2019-04-25
7068,23234,,wallet,active,2021-07-27
7069,23241,,wallet,active,2021-06-13
7070,23245,,wallet,active,2026-02-21
7071,23246,,wallet,active,2023-11-26
7072,23248,,wallet,active,2025-07-10
7073,23250,,wallet,active,2022-12-25
7074,23253,,wallet,active,2025-07-22
7075,23256,,wallet,active,2023-06-17
7076,23269,,wallet,active,2019-10-23
7077,23273,,wallet,active,2022-11-03
7078,23274,,wallet,active,2019-09-21
7079,23275,,wallet,active,2023-05-28
7080,23280,,wallet,active,2024-01-01
7081,23287,,wallet,active,2019-02-04
7082,23295,,wallet,active,2024-05-22
7083,23296,,wallet,active,2024-01-29
7084,23297,,wallet,active,2025-12-13
7085,23298,,wallet,active,2024-06-10
7086,23299,,wallet,active,2025-02-06
7087,23303,,wallet,active,2020-07-14
7088,23308,,wallet,active,2023-05-09
7089,23310,,wallet,active,2019-02-05
7090,23314,,wallet,active,2020-12-12
7091,23315,,wallet,active,2024-04-14
7092,23316,,wallet,active,2019-05-21
7093,23317,,wallet,active,2022-02-04
7094,23320,,wallet,active,2023-12-03
7095,23321,,wallet,active,2020-06-01
7096,23323,,wallet,active,2023-04-06
7097,23328,,wallet,active,2022-09-07
7098,23334,,wallet,active,2022-01-12
7099,23335,,wallet,active,2023-04-23
7100,23340,,wallet,active,2019-10-15
7101,23347,,wallet,active,2024-10-30
7102,23348,,wallet,active,2022-11-29
7103,23349,,wallet,active,2025-06-22
7104,23352,,wallet,active,2019-07-22
7105,23353,,wallet,active,2020-10-20
7106,23358,,wallet,active,2019-01-05
7107,23359,,wallet,active,2023-09-11
7108,23364,,wallet,active,2021-01-07
7109,23365,,wallet,active,2022-01-30
7110,23366,,wallet,active,2019-11-05
7111,23368,,wallet,active,2024-01-14
7112,23371,,wallet,active,2022-01-04
7113,23372,,wallet,active,2020-08-28
7114,23373,,wallet,active,2026-04-01
7115,23378,,wallet,active,2026-05-23
7116,23383,,wallet,active,2021-04-12
7117,23384,,wallet,active,2021-12-29
7118,23385,,wallet,active,2023-05-13
7119,23387,,wallet,active,2026-03-01
7120,23391,,wallet,active,2019-01-09
7121,23393,,wallet,active,2024-10-01
7122,23395,,wallet,active,2020-09-14
7123,23403,,wallet,active,2022-12-12
7124,23404,,wallet,active,2020-12-12
7125,23408,,wallet,active,2019-04-05
7126,23409,,wallet,active,2025-01-28
7127,23412,,wallet,active,2025-08-15
7128,23414,,wallet,active,2024-03-12
7129,23417,,wallet,active,2022-08-01
7130,23418,,wallet,active,2020-07-30
7131,23419,,wallet,active,2025-11-01
7132,23420,,wallet,active,2026-04-24
7133,23421,,wallet,active,2019-04-30
7134,23422,,wallet,active,2023-11-01
7135,23423,,wallet,active,2023-08-09
7136,23427,,wallet,active,2025-07-05
7137,23428,,wallet,active,2025-08-01
7138,23437,,wallet,active,2025-11-09
7139,23438,,wallet,active,2024-09-06
7140,23441,,wallet,active,2019-07-29
7141,23442,,wallet,active,2024-01-10
7142,23446,,wallet,active,2019-08-10
7143,23451,,wallet,active,2026-03-05
7144,23454,,wallet,active,2023-06-14
7145,23457,,wallet,active,2021-02-02
7146,23462,,wallet,active,2026-03-09
7147,23463,,wallet,active,2019-11-16
7148,23465,,wallet,active,2021-12-16
7149,23466,,wallet,active,2026-01-23
7150,23467,,wallet,active,2024-10-22
7151,23469,,wallet,active,2021-04-08
7152,23473,,wallet,active,2025-02-21
7153,23475,,wallet,active,2025-05-29
7154,23483,,wallet,active,2025-08-10
7155,23484,,wallet,active,2020-01-23
7156,23485,,wallet,active,2025-04-23
7157,23486,,wallet,active,2026-03-16
7158,23488,,wallet,active,2020-08-02
7159,23489,,wallet,active,2024-09-19
7160,23491,,wallet,active,2021-06-30
7161,23493,,wallet,active,2024-09-14
7162,23498,,wallet,active,2020-11-04
7163,23501,,wallet,active,2020-01-31
7164,23512,,wallet,active,2019-04-22
7165,23516,,wallet,active,2022-09-10
7166,23523,,wallet,active,2024-01-19
7167,23524,,wallet,active,2019-04-15
7168,23527,,wallet,active,2023-01-05
7169,23531,,wallet,active,2025-10-28
7170,23532,,wallet,active,2019-01-15
7171,23537,,wallet,active,2021-06-04
7172,23539,,wallet,active,2026-05-04
7173,23543,,wallet,active,2024-11-18
7174,23546,,wallet,active,2021-10-13
7175,23548,,wallet,active,2020-01-11
7176,23549,,wallet,active,2021-03-08
7177,23550,,wallet,active,2022-02-08
7178,23552,,wallet,active,2021-07-18
7179,23554,,wallet,active,2023-02-14
7180,23555,,wallet,active,2021-12-16
7181,23556,,wallet,active,2019-08-09
7182,23561,,wallet,active,2025-12-14
7183,23563,,wallet,active,2025-11-16
7184,23564,,wallet,active,2020-02-09
7185,23566,,wallet,active,2026-01-31
7186,23567,,wallet,active,2024-03-25
7187,23571,,wallet,active,2021-02-20
7188,23572,,wallet,active,2022-02-04
7189,23573,,wallet,active,2025-10-29
7190,23581,,wallet,active,2023-07-07
7191,23582,,wallet,active,2022-07-12
7192,23583,,wallet,active,2023-02-11
7193,23585,,wallet,active,2023-07-25
7194,23586,,wallet,active,2020-09-28
7195,23587,,wallet,active,2019-06-20
7196,23592,,wallet,active,2020-08-13
7197,23596,,wallet,active,2021-07-05
7198,23599,,wallet,active,2022-07-14
7199,23600,,wallet,active,2023-02-02
7200,23604,,wallet,active,2025-09-08
7201,23608,,wallet,active,2025-06-18
7202,23609,,wallet,active,2021-08-01
7203,23610,,wallet,active,2026-04-12
7204,23617,,wallet,active,2026-01-16
7205,23629,,wallet,active,2019-01-25
7206,23630,,wallet,active,2025-07-10
7207,23639,,wallet,active,2021-10-14
7208,23650,,wallet,active,2021-02-22
7209,23654,,wallet,active,2019-03-11
7210,23656,,wallet,active,2025-11-05
7211,23661,,wallet,active,2024-10-15
7212,23668,,wallet,active,2025-04-20
7213,23671,,wallet,active,2019-04-05
7214,23673,,wallet,active,2022-07-06
7215,23675,,wallet,active,2022-05-25
7216,23677,,wallet,active,2025-06-17
7217,23678,,wallet,active,2022-10-03
7218,23680,,wallet,active,2021-05-19
7219,23681,,wallet,active,2021-02-01
7220,23684,,wallet,active,2024-10-05
7221,23685,,wallet,active,2021-07-21
7222,23686,,wallet,active,2019-11-28
7223,23692,,wallet,active,2019-09-24
7224,23696,,wallet,active,2024-04-10
7225,23698,,wallet,active,2019-09-11
7226,23701,,wallet,active,2020-02-20
7227,23704,,wallet,active,2019-05-15
7228,23705,,wallet,active,2026-01-06
7229,23706,,wallet,active,2026-01-22
7230,23708,,wallet,active,2025-06-28
7231,23711,,wallet,active,2025-06-27
7232,23716,,wallet,active,2021-12-19
7233,23720,,wallet,active,2019-07-22
7234,23721,,wallet,active,2024-10-31
7235,23722,,wallet,active,2024-05-12
7236,23729,,wallet,active,2022-11-17
7237,23732,,wallet,active,2020-08-28
7238,23733,,wallet,active,2024-03-27
7239,23734,,wallet,active,2023-05-09
7240,23739,,wallet,active,2020-09-05
7241,23740,,wallet,active,2022-10-30
7242,23741,,wallet,active,2021-04-20
7243,23744,,wallet,active,2026-02-03
7244,23745,,wallet,active,2022-01-13
7245,23748,,wallet,active,2020-10-08
7246,23753,,wallet,active,2021-01-23
7247,23755,,wallet,active,2023-02-18
7248,23761,,wallet,active,2023-04-10
7249,23763,,wallet,active,2025-10-23
7250,23770,,wallet,active,2025-01-14
7251,23775,,wallet,active,2022-08-10
7252,23777,,wallet,active,2021-11-11
7253,23778,,wallet,active,2023-12-27
7254,23782,,wallet,active,2019-12-14
7255,23789,,wallet,active,2022-01-13
7256,23790,,wallet,active,2025-12-11
7257,23792,,wallet,active,2020-07-18
7258,23795,,wallet,active,2023-01-18
7259,23796,,wallet,active,2026-05-17
7260,23799,,wallet,active,2025-07-30
7261,23806,,wallet,active,2021-01-23
7262,23816,,wallet,active,2026-06-28
7263,23821,,wallet,active,2025-12-20
7264,23822,,wallet,active,2025-09-07
7265,23826,,wallet,active,2026-02-03
7266,23829,,wallet,active,2021-11-14
7267,23831,,wallet,active,2024-08-30
7268,23832,,wallet,active,2019-09-06
7269,23834,,wallet,active,2022-09-28
7270,23835,,wallet,active,2026-05-11
7271,23837,,wallet,active,2022-09-12
7272,23839,,wallet,active,2024-09-13
7273,23845,,wallet,active,2026-04-20
7274,23846,,wallet,active,2024-04-24
7275,23847,,wallet,active,2024-02-22
7276,23848,,wallet,active,2025-07-04
7277,23850,,wallet,active,2024-04-12
7278,23857,,wallet,active,2024-07-26
7279,23858,,wallet,active,2023-07-25
7280,23859,,wallet,active,2022-01-19
7281,23861,,wallet,active,2025-09-12
7282,23864,,wallet,active,2021-12-26
7283,23865,,wallet,active,2024-05-24
7284,23867,,wallet,active,2026-06-15
7285,23870,,wallet,active,2020-12-18
7286,23871,,wallet,active,2020-11-13
7287,23881,,wallet,active,2025-09-20
7288,23883,,wallet,active,2022-01-23
7289,23886,,wallet,active,2019-10-29
7290,23887,,wallet,active,2022-01-23
7291,23888,,wallet,active,2019-10-25
7292,23890,,wallet,active,2023-07-16
7293,23893,,wallet,active,2023-04-02
7294,23897,,wallet,active,2021-11-13
7295,23910,,wallet,active,2025-08-27
7296,23911,,wallet,active,2019-05-22
7297,23912,,wallet,active,2019-04-08
7298,23916,,wallet,active,2020-05-18
7299,23917,,wallet,active,2020-12-12
7300,23918,,wallet,active,2025-05-05
7301,23921,,wallet,active,2025-05-27
7302,23924,,wallet,active,2020-01-04
7303,23925,,wallet,active,2025-07-23
7304,23929,,wallet,active,2019-10-23
7305,23931,,wallet,active,2019-03-16
7306,23933,,wallet,active,2024-08-10
7307,23938,,wallet,active,2025-07-02
7308,23939,,wallet,active,2019-08-19
7309,23942,,wallet,active,2020-06-09
7310,23948,,wallet,active,2026-01-28
7311,23954,,wallet,active,2020-04-25
7312,23962,,wallet,active,2019-01-12
7313,23965,,wallet,active,2020-06-28
7314,23970,,wallet,active,2022-10-06
7315,23971,,wallet,active,2019-08-27
7316,23974,,wallet,active,2019-07-02
7317,23975,,wallet,active,2019-02-07
7318,23979,,wallet,active,2025-12-27
7319,23982,,wallet,active,2020-04-12
7320,23993,,wallet,active,2020-10-25
7321,23995,,wallet,active,2021-05-28
7322,23998,,wallet,active,2024-12-11
7323,23999,,wallet,active,2022-12-07
7324,24006,,wallet,active,2019-10-02
7325,24007,,wallet,active,2024-07-18
7326,24011,,wallet,active,2019-05-25
7327,24013,,wallet,active,2023-09-23
7328,24015,,wallet,active,2024-03-17
7329,24025,,wallet,active,2023-09-25
7330,24026,,wallet,active,2023-03-05
7331,24034,,wallet,active,2020-06-19
7332,24035,,wallet,active,2025-08-20
7333,24039,,wallet,active,2020-08-01
7334,24041,,wallet,active,2024-04-19
7335,24046,,wallet,active,2022-06-30
7336,24049,,wallet,active,2023-12-10
7337,24054,,wallet,active,2025-05-03
7338,24055,,wallet,active,2022-02-03
7339,24057,,wallet,active,2021-06-23
7340,24058,,wallet,active,2026-01-25
7341,24064,,wallet,active,2023-08-27
7342,24071,,wallet,active,2021-01-04
7343,24072,,wallet,active,2021-08-17
7344,24074,,wallet,active,2020-03-16
7345,24078,,wallet,active,2020-11-24
7346,24079,,wallet,active,2025-09-12
7347,24081,,wallet,active,2024-06-08
7348,24082,,wallet,active,2019-04-09
7349,24086,,wallet,active,2022-11-10
7350,24087,,wallet,active,2024-12-02
7351,24089,,wallet,active,2022-08-13
7352,24090,,wallet,active,2022-12-08
7353,24091,,wallet,active,2024-11-15
7354,24095,,wallet,active,2021-01-01
7355,24100,,wallet,active,2025-07-10
7356,24101,,wallet,active,2019-12-01
7357,24106,,wallet,active,2024-07-08
7358,24111,,wallet,active,2022-01-15
7359,24123,,wallet,active,2026-05-18
7360,24128,,wallet,active,2019-09-09
7361,24133,,wallet,active,2026-04-24
7362,24135,,wallet,active,2020-05-22
7363,24137,,wallet,active,2024-12-15
7364,24138,,wallet,active,2021-04-15
7365,24139,,wallet,active,2020-12-01
7366,24140,,wallet,active,2023-02-10
7367,24141,,wallet,active,2023-10-26
7368,24142,,wallet,active,2022-10-19
7369,24145,,wallet,active,2020-01-16
7370,24150,,wallet,active,2024-07-19
7371,24152,,wallet,active,2025-11-21
7372,24153,,wallet,active,2019-07-05
7373,24158,,wallet,active,2024-12-12
7374,24159,,wallet,active,2024-12-05
7375,24166,,wallet,active,2024-02-12
7376,24177,,wallet,active,2022-10-24
7377,24178,,wallet,active,2026-02-10
7378,24183,,wallet,active,2023-06-15
7379,24185,,wallet,active,2022-02-24
7380,24186,,wallet,active,2021-11-27
7381,24187,,wallet,active,2025-01-06
7382,24191,,wallet,active,2022-03-18
7383,24197,,wallet,active,2020-09-08
7384,24202,,wallet,active,2026-04-02
7385,24204,,wallet,active,2024-11-13
7386,24208,,wallet,active,2019-06-12
7387,24218,,wallet,active,2026-03-16
7388,24220,,wallet,active,2026-01-07
7389,24221,,wallet,active,2022-01-16
7390,24222,,wallet,active,2024-10-29
7391,24227,,wallet,active,2021-07-30
7392,24230,,wallet,active,2020-06-27
7393,24232,,wallet,active,2026-03-03
7394,24245,,wallet,active,2019-05-11
7395,24250,,wallet,active,2025-02-17
7396,24255,,wallet,active,2025-10-26
7397,24256,,wallet,active,2019-08-18
7398,24261,,wallet,active,2025-10-20
7399,24266,,wallet,active,2023-07-22
7400,24267,,wallet,active,2026-02-06
7401,24274,,wallet,active,2023-04-29
7402,24279,,wallet,active,2019-01-01
7403,24280,,wallet,active,2025-11-14
7404,24281,,wallet,active,2019-05-05
7405,24291,,wallet,active,2025-07-22
7406,24294,,wallet,active,2021-01-10
7407,24297,,wallet,active,2026-03-12
7408,24299,,wallet,active,2022-06-02
7409,24300,,wallet,active,2026-04-04
7410,24305,,wallet,active,2020-03-12
7411,24315,,wallet,active,2026-04-08
7412,24318,,wallet,active,2025-09-18
7413,24321,,wallet,active,2024-01-26
7414,24327,,wallet,active,2021-07-24
7415,24332,,wallet,active,2025-02-28
7416,24334,,wallet,active,2019-08-08
7417,24338,,wallet,active,2019-11-15
7418,24343,,wallet,active,2024-02-09
7419,24344,,wallet,active,2025-04-04
7420,24350,,wallet,active,2024-03-07
7421,24351,,wallet,active,2025-12-30
7422,24380,,wallet,active,2024-06-08
7423,24382,,wallet,active,2023-05-20
7424,24387,,wallet,active,2021-09-12
7425,24396,,wallet,active,2024-03-18
7426,24402,,wallet,active,2023-01-18
7427,24403,,wallet,active,2023-09-17
7428,24404,,wallet,active,2021-10-14
7429,24410,,wallet,active,2021-06-05
7430,24412,,wallet,active,2023-01-18
7431,24414,,wallet,active,2022-03-12
7432,24419,,wallet,active,2022-01-15
7433,24420,,wallet,active,2022-05-27
7434,24422,,wallet,active,2019-07-15
7435,24423,,wallet,active,2025-12-10
7436,24424,,wallet,active,2023-03-22
7437,24429,,wallet,active,2021-12-10
7438,24431,,wallet,active,2022-12-23
7439,24437,,wallet,active,2021-11-21
7440,24438,,wallet,active,2025-02-05
7441,24440,,wallet,active,2021-04-05
7442,24458,,wallet,active,2026-06-23
7443,24460,,wallet,active,2020-03-04
7444,24462,,wallet,active,2019-01-27
7445,24469,,wallet,active,2019-12-25
7446,24477,,wallet,active,2023-06-05
7447,24478,,wallet,active,2023-05-01
7448,24479,,wallet,active,2020-12-11
7449,24491,,wallet,active,2023-08-02
7450,24493,,wallet,active,2021-01-20
7451,24494,,wallet,active,2025-12-21
7452,24496,,wallet,active,2022-07-01
7453,24500,,wallet,active,2019-10-09
7454,24501,,wallet,active,2025-06-24
7455,24502,,wallet,active,2021-01-08
7456,24506,,wallet,active,2024-06-21
7457,24508,,wallet,active,2020-05-23
7458,24510,,wallet,active,2020-08-23
7459,24512,,wallet,active,2020-11-30
7460,24515,,wallet,active,2023-06-12
7461,24518,,wallet,active,2026-02-14
7462,24523,,wallet,active,2023-03-13
7463,24527,,wallet,active,2026-03-30
7464,24530,,wallet,active,2021-04-13
7465,24531,,wallet,active,2022-03-11
7466,24535,,wallet,active,2019-05-21
7467,24537,,wallet,active,2022-11-08
7468,24543,,wallet,active,2021-07-06
7469,24544,,wallet,active,2022-03-18
7470,24548,,wallet,active,2024-05-25
7471,24549,,wallet,active,2019-11-28
7472,24550,,wallet,active,2024-01-17
7473,24553,,wallet,active,2019-01-24
7474,24556,,wallet,active,2025-02-01
7475,24557,,wallet,active,2024-04-22
7476,24560,,wallet,active,2025-06-05
7477,24563,,wallet,active,2025-07-30
7478,24568,,wallet,active,2021-09-23
7479,24569,,wallet,active,2022-01-03
7480,24573,,wallet,active,2021-04-28
7481,24575,,wallet,active,2023-02-21
7482,24583,,wallet,active,2020-04-12
7483,24589,,wallet,active,2024-07-17
7484,24590,,wallet,active,2024-05-23
7485,24591,,wallet,active,2025-02-20
7486,24602,,wallet,active,2022-06-12
7487,24607,,wallet,active,2022-12-08
7488,24611,,wallet,active,2026-02-03
7489,24612,,wallet,active,2019-12-04
7490,24619,,wallet,active,2022-12-30
7491,24622,,wallet,active,2023-06-27
7492,24624,,wallet,active,2022-04-05
7493,24626,,wallet,active,2022-05-29
7494,24628,,wallet,active,2022-10-16
7495,24629,,wallet,active,2025-03-07
7496,24631,,wallet,active,2023-03-28
7497,24635,,wallet,active,2022-09-25
7498,24637,,wallet,active,2020-07-30
7499,24639,,wallet,active,2024-09-08
7500,24640,,wallet,active,2019-06-12
7501,24644,,wallet,active,2023-04-26
7502,24650,,wallet,active,2020-02-21
7503,24652,,wallet,active,2021-03-21
7504,24653,,wallet,active,2019-12-08
7505,24658,,wallet,active,2019-08-27
7506,24660,,wallet,active,2026-06-24
7507,24661,,wallet,active,2020-11-11
7508,24662,,wallet,active,2024-07-26
7509,24665,,wallet,active,2025-06-20
7510,24668,,wallet,active,2020-01-20
7511,24669,,wallet,active,2025-11-16
7512,24670,,wallet,active,2024-08-02
7513,24672,,wallet,active,2020-11-13
7514,24673,,wallet,active,2021-01-19
7515,24679,,wallet,active,2024-05-04
7516,24684,,wallet,active,2022-02-22
7517,24688,,wallet,active,2020-09-05
7518,24701,,wallet,active,2019-07-18
7519,24702,,wallet,active,2025-05-02
7520,24706,,wallet,active,2026-06-11
7521,24707,,wallet,active,2024-10-31
7522,24709,,wallet,active,2020-08-14
7523,24710,,wallet,active,2022-09-27
7524,24711,,wallet,active,2026-04-20
7525,24714,,wallet,active,2020-10-05
7526,24717,,wallet,active,2024-07-26
7527,24718,,wallet,active,2020-04-14
7528,24720,,wallet,active,2020-07-14
7529,24724,,wallet,active,2022-03-23
7530,24728,,wallet,active,2021-05-24
7531,24730,,wallet,active,2021-04-12
7532,24731,,wallet,active,2025-03-11
7533,24732,,wallet,active,2020-04-18
7534,24736,,wallet,active,2024-06-19
7535,24737,,wallet,active,2025-11-14
7536,24738,,wallet,active,2022-06-09
7537,24739,,wallet,active,2021-05-19
7538,24741,,wallet,active,2020-04-06
7539,24742,,wallet,active,2023-09-16
7540,24746,,wallet,active,2019-06-23
7541,24747,,wallet,active,2023-03-30
7542,24762,,wallet,active,2020-03-04
7543,24763,,wallet,active,2019-03-11
7544,24766,,wallet,active,2019-10-24
7545,24768,,wallet,active,2020-04-28
7546,24769,,wallet,active,2019-02-03
7547,24771,,wallet,active,2023-04-25
7548,24775,,wallet,active,2020-12-23
7549,24778,,wallet,active,2024-08-26
7550,24779,,wallet,active,2022-07-12
7551,24780,,wallet,active,2022-06-06
7552,24782,,wallet,active,2025-10-17
7553,24783,,wallet,active,2024-09-23
7554,24785,,wallet,active,2021-12-07
7555,24786,,wallet,active,2026-04-07
7556,24788,,wallet,active,2023-02-19
7557,24789,,wallet,active,2022-09-03
7558,24790,,wallet,active,2024-01-18
7559,24791,,wallet,active,2023-02-08
7560,24794,,wallet,active,2019-08-01
7561,24799,,wallet,active,2023-03-26
7562,24800,,wallet,active,2023-12-01
7563,24804,,wallet,active,2024-04-10
7564,24807,,wallet,active,2026-01-04
7565,24808,,wallet,active,2019-08-25
7566,24816,,wallet,active,2021-02-25
7567,24817,,wallet,active,2020-08-27
7568,24823,,wallet,active,2024-02-09
7569,24827,,wallet,active,2023-06-22
7570,24829,,wallet,active,2023-02-16
7571,24833,,wallet,active,2025-11-23
7572,24835,,wallet,active,2023-12-26
7573,24843,,wallet,active,2026-05-12
7574,24844,,wallet,active,2021-04-08
7575,24845,,wallet,active,2025-04-25
7576,24846,,wallet,active,2019-07-04
7577,24850,,wallet,active,2024-04-25
7578,24854,,wallet,active,2020-03-19
7579,24855,,wallet,active,2022-01-27
7580,24858,,wallet,active,2022-02-15
7581,24861,,wallet,active,2021-05-21
7582,24863,,wallet,active,2019-10-04
7583,24864,,wallet,active,2024-07-24
7584,24866,,wallet,active,2022-03-08
7585,24867,,wallet,active,2022-04-21
7586,24870,,wallet,active,2024-02-11
7587,24873,,wallet,active,2021-07-08
7588,24874,,wallet,active,2023-01-02
7589,24877,,wallet,active,2020-07-21
7590,24880,,wallet,active,2020-04-27
7591,24885,,wallet,active,2022-12-30
7592,24890,,wallet,active,2024-01-07
7593,24895,,wallet,active,2022-05-21
7594,24896,,wallet,active,2025-10-11
7595,24897,,wallet,active,2022-04-09
7596,24902,,wallet,active,2021-12-06
7597,24904,,wallet,active,2022-07-16
7598,24908,,wallet,active,2025-11-09
7599,24909,,wallet,active,2020-08-19
7600,24912,,wallet,active,2020-01-30
7601,24913,,wallet,active,2024-07-01
7602,24917,,wallet,active,2024-07-18
7603,24919,,wallet,active,2019-01-18
7604,24923,,wallet,active,2025-03-02
7605,24926,,wallet,active,2023-08-05
7606,24928,,wallet,active,2021-04-11
7607,24929,,wallet,active,2025-03-07
7608,24936,,wallet,active,2021-12-01
7609,24941,,wallet,active,2020-07-16
7610,24942,,wallet,active,2021-02-16
7611,24943,,wallet,active,2019-06-27
7612,24944,,wallet,active,2023-06-22
7613,24945,,wallet,active,2021-10-13
7614,24946,,wallet,active,2019-06-27
7615,24951,,wallet,active,2020-04-18
7616,24955,,wallet,active,2023-04-17
7617,24970,,wallet,active,2020-12-07
7618,24971,,wallet,active,2022-06-21
7619,24979,,wallet,active,2019-09-26
7620,24983,,wallet,active,2019-02-13
7621,24993,,wallet,active,2022-04-09
7622,24995,,wallet,active,2026-01-14
7623,24996,,wallet,active,2024-05-08
7624,24998,,wallet,active,2023-12-04
7625,25004,,wallet,active,2025-11-26
7626,25005,,wallet,active,2026-06-05
7627,25007,,wallet,active,2022-04-26
7628,25008,,wallet,active,2024-07-10
7629,25010,,wallet,active,2025-09-30
7630,25011,,wallet,active,2022-10-13
7631,25015,,wallet,active,2026-05-10
7632,25018,,wallet,active,2023-05-03
7633,25021,,wallet,active,2021-07-01
7634,25023,,wallet,active,2020-07-20
7635,25024,,wallet,active,2020-06-30
7636,25026,,wallet,active,2024-01-30
7637,25030,,wallet,active,2021-05-28
7638,25035,,wallet,active,2021-08-06
7639,25036,,wallet,active,2022-10-18
7640,25038,,wallet,active,2024-09-08
7641,25049,,wallet,active,2021-02-11
7642,25051,,wallet,active,2024-02-11
7643,25058,,wallet,active,2021-11-11
7644,25063,,wallet,active,2019-01-20
7645,25068,,wallet,active,2024-08-19
7646,25077,,wallet,active,2022-04-01
7647,25078,,wallet,active,2021-10-04
7648,25079,,wallet,active,2021-05-08
7649,25083,,wallet,active,2024-01-05
7650,25096,,wallet,active,2020-11-12
7651,25098,,wallet,active,2021-03-22
7652,25101,,wallet,active,2020-09-02
7653,25102,,wallet,active,2019-03-30
7654,25104,,wallet,active,2020-02-13
7655,25109,,wallet,active,2020-08-06
7656,25122,,wallet,active,2024-04-02
7657,25124,,wallet,active,2023-07-01
7658,25126,,wallet,active,2025-11-02
7659,25133,,wallet,active,2026-03-30
7660,25134,,wallet,active,2021-02-26
7661,25136,,wallet,active,2019-05-07
7662,25138,,wallet,active,2024-09-07
7663,25144,,wallet,active,2024-06-04
7664,25150,,wallet,active,2019-09-08
7665,25155,,wallet,active,2025-03-31
7666,25156,,wallet,active,2025-01-11
7667,25161,,wallet,active,2026-04-07
7668,25164,,wallet,active,2020-07-11
7669,25168,,wallet,active,2023-09-04
7670,25169,,wallet,active,2020-07-01
7671,25170,,wallet,active,2021-09-20
7672,25173,,wallet,active,2019-07-29
7673,25174,,wallet,active,2026-05-06
7674,25181,,wallet,active,2019-09-17
7675,25185,,wallet,active,2020-01-27
7676,25195,,wallet,active,2019-11-21
7677,25198,,wallet,active,2024-09-21
7678,25199,,wallet,active,2019-11-01
7679,25205,,wallet,active,2025-02-13
7680,25209,,wallet,active,2022-02-07
7681,25210,,wallet,active,2022-03-06
7682,25214,,wallet,active,2019-06-06
7683,25215,,wallet,active,2026-02-06
7684,25216,,wallet,active,2019-05-29
7685,25223,,wallet,active,2024-07-09
7686,25226,,wallet,active,2023-02-18
7687,25227,,wallet,active,2026-01-16
7688,25228,,wallet,active,2020-12-13
7689,25232,,wallet,active,2022-04-19
7690,25236,,wallet,active,2020-12-19
7691,25243,,wallet,active,2024-03-05
7692,25245,,wallet,active,2020-01-18
7693,25251,,wallet,active,2026-05-18
7694,25256,,wallet,active,2021-12-21
7695,25263,,wallet,active,2024-03-23
7696,25264,,wallet,active,2025-05-08
7697,25266,,wallet,active,2023-12-13
7698,25267,,wallet,active,2020-09-15
7699,25270,,wallet,active,2022-10-24
7700,25272,,wallet,active,2022-09-01
7701,25278,,wallet,active,2019-12-18
7702,25280,,wallet,active,2022-12-12
7703,25281,,wallet,active,2025-02-18
7704,25285,,wallet,active,2025-08-01
7705,25286,,wallet,active,2024-10-30
7706,25288,,wallet,active,2025-03-22
7707,25294,,wallet,active,2022-12-09
7708,25298,,wallet,active,2022-02-24
7709,25302,,wallet,active,2024-01-07
7710,25303,,wallet,active,2020-06-10
7711,25311,,wallet,active,2021-08-05
7712,25313,,wallet,active,2019-05-31
7713,25315,,wallet,active,2023-01-24
7714,25316,,wallet,active,2019-11-15
7715,25320,,wallet,active,2022-07-22
7716,25329,,wallet,active,2020-12-22
7717,25335,,wallet,active,2021-04-05
7718,25343,,wallet,active,2022-10-13
7719,25347,,wallet,active,2019-09-26
7720,25352,,wallet,active,2022-07-16
7721,25356,,wallet,active,2025-02-02
7722,25357,,wallet,active,2019-01-09
7723,25358,,wallet,active,2024-09-28
7724,25360,,wallet,active,2022-04-11
7725,25364,,wallet,active,2023-11-15
7726,25366,,wallet,active,2025-09-29
7727,25367,,wallet,active,2020-03-12
7728,25370,,wallet,active,2023-12-23
7729,25377,,wallet,active,2020-11-03
7730,25399,,wallet,active,2021-01-02
7731,25403,,wallet,active,2025-08-11
7732,25405,,wallet,active,2021-12-11
7733,25407,,wallet,active,2024-06-18
7734,25411,,wallet,active,2023-08-28
7735,25413,,wallet,active,2020-02-01
7736,25421,,wallet,active,2019-12-04
7737,25423,,wallet,active,2023-03-23
7738,25430,,wallet,active,2026-05-10
7739,25435,,wallet,active,2020-04-02
7740,25438,,wallet,active,2022-12-11
7741,25442,,wallet,active,2023-03-26
7742,25443,,wallet,active,2025-02-19
7743,25445,,wallet,active,2025-01-08
7744,25446,,wallet,active,2023-02-11
7745,25447,,wallet,active,2021-08-04
7746,25450,,wallet,active,2020-07-18
7747,25451,,wallet,active,2020-09-27
7748,25454,,wallet,active,2026-06-02
7749,25455,,wallet,active,2024-09-08
7750,25461,,wallet,active,2019-04-03
7751,25463,,wallet,active,2021-07-09
7752,25464,,wallet,active,2021-05-28
7753,25470,,wallet,active,2024-11-21
7754,25472,,wallet,active,2026-05-09
7755,25478,,wallet,active,2023-11-07
7756,25481,,wallet,active,2022-11-30
7757,25485,,wallet,active,2023-03-17
7758,25489,,wallet,active,2024-03-31
7759,25490,,wallet,active,2020-01-01
7760,25495,,wallet,active,2022-07-06
7761,25508,,wallet,active,2024-03-15
7762,25512,,wallet,active,2020-10-09
7763,25514,,wallet,active,2023-02-05
7764,25516,,wallet,active,2021-09-24
7765,25520,,wallet,active,2022-01-06
7766,25522,,wallet,active,2024-01-29
7767,25525,,wallet,active,2024-11-16
7768,25526,,wallet,active,2022-07-24
7769,25529,,wallet,active,2020-08-13
7770,25531,,wallet,active,2024-10-09
7771,25533,,wallet,active,2023-10-25
7772,25535,,wallet,active,2023-09-16
7773,25537,,wallet,active,2025-09-10
7774,25539,,wallet,active,2023-03-23
7775,25540,,wallet,active,2021-07-30
7776,25541,,wallet,active,2025-11-08
7777,25544,,wallet,active,2021-05-13
7778,25547,,wallet,active,2023-12-20
7779,25550,,wallet,active,2020-03-12
7780,25551,,wallet,active,2022-12-01
7781,25553,,wallet,active,2020-04-26
7782,25555,,wallet,active,2021-07-15
7783,25558,,wallet,active,2025-01-20
7784,25559,,wallet,active,2023-12-31
7785,25566,,wallet,active,2024-06-02
7786,25570,,wallet,active,2023-01-29
7787,25571,,wallet,active,2026-01-28
7788,25577,,wallet,active,2021-08-16
7789,25578,,wallet,active,2020-06-17
7790,25579,,wallet,active,2025-04-29
7791,25588,,wallet,active,2024-12-29
7792,25589,,wallet,active,2023-10-03
7793,25591,,wallet,active,2019-08-06
7794,25597,,wallet,active,2026-02-07
7795,25603,,wallet,active,2020-08-13
7796,25604,,wallet,active,2025-06-13
7797,25608,,wallet,active,2024-11-14
7798,25610,,wallet,active,2022-07-03
7799,25612,,wallet,active,2022-08-12
7800,25620,,wallet,active,2021-12-15
7801,25621,,wallet,active,2025-07-31
7802,25623,,wallet,active,2020-10-08
7803,25628,,wallet,active,2024-05-25
7804,25630,,wallet,active,2022-09-21
7805,25631,,wallet,active,2024-02-27
7806,25633,,wallet,active,2024-04-03
7807,25639,,wallet,active,2024-07-12
7808,25646,,wallet,active,2024-07-10
7809,25652,,wallet,active,2024-01-31
7810,25654,,wallet,active,2021-09-05
7811,25660,,wallet,active,2024-10-18
7812,25667,,wallet,active,2023-07-01
7813,25673,,wallet,active,2021-11-06
7814,25674,,wallet,active,2019-06-27
7815,25676,,wallet,active,2025-06-18
7816,25678,,wallet,active,2024-12-17
7817,25686,,wallet,active,2023-11-13
7818,25688,,wallet,active,2025-09-20
7819,25689,,wallet,active,2019-10-01
7820,25692,,wallet,active,2023-06-03
7821,25697,,wallet,active,2023-09-24
7822,25699,,wallet,active,2020-10-15
7823,25709,,wallet,active,2024-05-06
7824,25710,,wallet,active,2020-04-05
7825,25714,,wallet,active,2023-04-17
7826,25723,,wallet,active,2024-11-01
7827,25726,,wallet,active,2026-01-10
7828,25731,,wallet,active,2023-05-21
7829,25738,,wallet,active,2019-05-16
7830,25739,,wallet,active,2022-07-31
7831,25749,,wallet,active,2019-07-01
7832,25750,,wallet,active,2024-03-06
7833,25751,,wallet,active,2025-02-19
7834,25752,,wallet,active,2023-12-23
7835,25756,,wallet,active,2025-04-21
7836,25759,,wallet,active,2025-01-02
7837,25766,,wallet,active,2021-11-29
7838,25769,,wallet,active,2020-04-25
7839,25770,,wallet,active,2020-10-14
7840,25780,,wallet,active,2019-07-10
7841,25781,,wallet,active,2020-10-30
7842,25785,,wallet,active,2022-04-30
7843,25788,,wallet,active,2021-07-12
7844,25789,,wallet,active,2025-01-08
7845,25800,,wallet,active,2023-03-10
7846,25804,,wallet,active,2019-02-08
7847,25805,,wallet,active,2024-11-20
7848,25808,,wallet,active,2025-12-21
7849,25810,,wallet,active,2020-08-16
7850,25812,,wallet,active,2021-06-10
7851,25813,,wallet,active,2020-04-13
7852,25822,,wallet,active,2024-05-17
7853,25823,,wallet,active,2023-02-15
7854,25831,,wallet,active,2022-10-07
7855,25833,,wallet,active,2020-07-04
7856,25834,,wallet,active,2022-01-14
7857,25836,,wallet,active,2025-11-12
7858,25837,,wallet,active,2025-09-27
7859,25838,,wallet,active,2024-01-07
7860,25840,,wallet,active,2023-02-23
7861,25848,,wallet,active,2020-11-11
7862,25850,,wallet,active,2026-04-26
7863,25851,,wallet,active,2025-06-04
7864,25852,,wallet,active,2022-03-03
7865,25857,,wallet,active,2025-05-04
7866,25860,,wallet,active,2019-03-10
7867,25863,,wallet,active,2020-07-13
7868,25870,,wallet,active,2024-02-09
7869,25876,,wallet,active,2022-06-11
7870,25877,,wallet,active,2022-09-25
7871,25878,,wallet,active,2025-03-29
7872,25886,,wallet,active,2020-07-21
7873,25889,,wallet,active,2019-04-27
7874,25890,,wallet,active,2022-09-24
7875,25893,,wallet,active,2024-03-16
7876,25894,,wallet,active,2022-11-20
7877,25899,,wallet,active,2024-07-03
7878,25901,,wallet,active,2019-05-26
7879,25902,,wallet,active,2023-04-29
7880,25906,,wallet,active,2022-01-06
7881,25910,,wallet,active,2020-07-09
7882,25912,,wallet,active,2023-05-17
7883,25919,,wallet,active,2023-12-03
7884,25923,,wallet,active,2025-02-11
7885,25934,,wallet,active,2022-09-26
7886,25936,,wallet,active,2025-09-23
7887,25938,,wallet,active,2024-11-30
7888,25946,,wallet,active,2021-07-22
7889,25949,,wallet,active,2025-09-18
7890,25954,,wallet,active,2023-03-06
7891,25956,,wallet,active,2024-07-11
7892,25957,,wallet,active,2024-08-11
7893,25962,,wallet,active,2019-10-16
7894,25964,,wallet,active,2026-03-02
7895,25967,,wallet,active,2024-05-11
7896,25969,,wallet,active,2024-05-20
7897,25972,,wallet,active,2024-06-01
7898,25976,,wallet,active,2024-07-30
7899,25998,,wallet,active,2019-08-14
7900,26005,,wallet,active,2026-06-15
7901,26006,,wallet,active,2023-02-20
7902,26008,,wallet,active,2019-08-29
7903,26016,,wallet,active,2023-04-27
7904,26018,,wallet,active,2021-02-17
7905,26022,,wallet,active,2023-07-13
7906,26026,,wallet,active,2023-06-05
7907,26029,,wallet,active,2021-11-09
7908,26033,,wallet,active,2020-01-26
7909,26035,,wallet,active,2020-04-07
7910,26042,,wallet,active,2020-12-28
7911,26047,,wallet,active,2022-12-08
7912,26053,,wallet,active,2024-06-15
7913,26055,,wallet,active,2025-11-10
7914,26057,,wallet,active,2020-05-06
7915,26060,,wallet,active,2024-01-25
7916,26065,,wallet,active,2025-10-28
7917,26067,,wallet,active,2020-02-21
7918,26072,,wallet,active,2024-04-25
7919,26073,,wallet,active,2024-05-01
7920,26080,,wallet,active,2019-08-03
7921,26086,,wallet,active,2024-07-13
7922,26087,,wallet,active,2020-05-30
7923,26094,,wallet,active,2023-03-13
7924,26097,,wallet,active,2024-06-26
7925,26098,,wallet,active,2021-09-17
7926,26101,,wallet,active,2025-05-14
7927,26103,,wallet,active,2025-05-20
7928,26104,,wallet,active,2020-07-28
7929,26112,,wallet,active,2023-12-26
7930,26113,,wallet,active,2019-11-18
7931,26116,,wallet,active,2019-07-12
7932,26118,,wallet,active,2022-01-19
7933,26129,,wallet,active,2023-09-05
7934,26140,,wallet,active,2022-09-05
7935,26142,,wallet,active,2024-10-25
7936,26143,,wallet,active,2024-04-24
7937,26146,,wallet,active,2022-08-19
7938,26149,,wallet,active,2019-02-12
7939,26151,,wallet,active,2020-10-02
7940,26154,,wallet,active,2025-08-08
7941,26155,,wallet,active,2024-06-05
7942,26161,,wallet,active,2025-04-16
7943,26162,,wallet,active,2022-05-29
7944,26171,,wallet,active,2023-04-24
7945,26173,,wallet,active,2025-02-20
7946,26175,,wallet,active,2025-12-29
7947,26178,,wallet,active,2022-05-17
7948,26179,,wallet,active,2021-04-20
7949,26182,,wallet,active,2023-01-08
7950,26185,,wallet,active,2024-03-28
7951,26189,,wallet,active,2021-04-20
7952,26197,,wallet,active,2025-08-01
7953,26199,,wallet,active,2025-06-22
7954,26201,,wallet,active,2026-03-06
7955,26203,,wallet,active,2024-02-21
7956,26206,,wallet,active,2025-12-16
7957,26208,,wallet,active,2021-06-04
7958,26211,,wallet,active,2025-07-14
7959,26216,,wallet,active,2024-03-17
7960,26218,,wallet,active,2025-07-29
7961,26220,,wallet,active,2021-04-19
7962,26225,,wallet,active,2025-08-12
7963,26228,,wallet,active,2022-10-01
7964,26229,,wallet,active,2019-02-09
7965,26231,,wallet,active,2022-08-08
7966,26232,,wallet,active,2021-09-05
7967,26234,,wallet,active,2022-03-11
7968,26235,,wallet,active,2022-08-26
7969,26236,,wallet,active,2024-12-02
7970,26237,,wallet,active,2020-02-08
7971,26240,,wallet,active,2019-05-27
7972,26241,,wallet,active,2025-12-21
7973,26243,,wallet,active,2022-08-19
7974,26256,,wallet,active,2021-12-13
7975,26258,,wallet,active,2019-06-02
7976,26262,,wallet,active,2024-05-31
7977,26266,,wallet,active,2023-10-20
7978,26273,,wallet,active,2020-03-05
7979,26279,,wallet,active,2021-04-23
7980,26283,,wallet,active,2020-07-27
7981,26284,,wallet,active,2024-11-13
7982,26286,,wallet,active,2023-05-06
7983,26287,,wallet,active,2021-12-06
7984,26289,,wallet,active,2023-01-16
7985,26292,,wallet,active,2022-10-29
7986,26293,,wallet,active,2023-12-09
7987,26297,,wallet,active,2025-11-26
7988,26299,,wallet,active,2026-04-12
7989,26301,,wallet,active,2021-12-10
7990,26303,,wallet,active,2022-04-29
7991,26306,,wallet,active,2025-04-01
7992,26309,,wallet,active,2023-05-31
7993,26311,,wallet,active,2022-12-31
7994,26322,,wallet,active,2026-05-05
7995,26323,,wallet,active,2021-02-12
7996,26324,,wallet,active,2019-02-26
7997,26327,,wallet,active,2020-09-16
7998,26332,,wallet,active,2023-12-05
7999,26337,,wallet,active,2026-06-30
8000,26339,,wallet,active,2019-10-16
8001,26340,,wallet,active,2024-12-27
8002,26345,,wallet,active,2019-07-18
8003,26351,,wallet,active,2021-03-25
8004,26353,,wallet,active,2024-03-11
8005,26364,,wallet,active,2024-01-22
8006,26366,,wallet,active,2024-05-20
8007,26367,,wallet,active,2023-09-06
8008,26368,,wallet,active,2021-03-20
8009,26371,,wallet,active,2023-05-21
8010,26374,,wallet,active,2021-05-25
8011,26375,,wallet,active,2023-03-15
8012,26376,,wallet,active,2021-01-07
8013,26381,,wallet,active,2026-01-16
8014,26388,,wallet,active,2024-04-18
8015,26391,,wallet,active,2024-08-01
8016,26393,,wallet,active,2020-09-01
8017,26394,,wallet,active,2026-05-04
8018,26396,,wallet,active,2020-03-31
8019,26397,,wallet,active,2025-08-26
8020,26399,,wallet,active,2022-07-20
8021,26401,,wallet,active,2019-02-03
8022,26407,,wallet,active,2020-07-30
8023,26409,,wallet,active,2025-12-10
8024,26420,,wallet,active,2019-09-16
8025,26433,,wallet,active,2022-10-19
8026,26434,,wallet,active,2022-08-19
8027,26436,,wallet,active,2019-01-08
8028,26441,,wallet,active,2024-08-07
8029,26451,,wallet,active,2019-11-10
8030,26455,,wallet,active,2024-08-26
8031,26462,,wallet,active,2022-04-29
8032,26463,,wallet,active,2021-08-19
8033,26465,,wallet,active,2021-08-16
8034,26466,,wallet,active,2021-04-19
8035,26470,,wallet,active,2023-08-28
8036,26474,,wallet,active,2023-08-23
8037,26475,,wallet,active,2019-10-09
8038,26479,,wallet,active,2020-02-21
8039,26481,,wallet,active,2025-05-18
8040,26483,,wallet,active,2022-05-10
8041,26486,,wallet,active,2019-05-19
8042,26487,,wallet,active,2020-03-22
8043,26490,,wallet,active,2023-08-10
8044,26492,,wallet,active,2021-06-08
8045,26500,,wallet,active,2020-07-06
8046,26501,,wallet,active,2024-03-11
8047,26502,,wallet,active,2022-07-14
8048,26505,,wallet,active,2020-10-26
8049,26507,,wallet,active,2020-09-20
8050,26509,,wallet,active,2022-03-01
8051,26516,,wallet,active,2020-06-04
8052,26522,,wallet,active,2019-06-14
8053,26523,,wallet,active,2022-11-03
8054,26528,,wallet,active,2025-04-20
8055,26532,,wallet,active,2025-04-11
8056,26537,,wallet,active,2020-07-03
8057,26542,,wallet,active,2019-03-28
8058,26544,,wallet,active,2021-06-26
8059,26545,,wallet,active,2022-10-13
8060,26548,,wallet,active,2025-06-18
8061,26550,,wallet,active,2024-12-16
8062,26551,,wallet,active,2020-03-17
8063,26559,,wallet,active,2024-05-21
8064,26562,,wallet,active,2024-07-09
8065,26566,,wallet,active,2021-07-20
8066,26567,,wallet,active,2020-07-23
8067,26568,,wallet,active,2026-02-01
8068,26569,,wallet,active,2026-04-29
8069,26571,,wallet,active,2021-05-13
8070,26575,,wallet,active,2025-09-03
8071,26578,,wallet,active,2020-11-08
8072,26580,,wallet,active,2021-02-07
8073,26584,,wallet,active,2019-12-08
8074,26587,,wallet,active,2026-03-17
8075,26589,,wallet,active,2025-06-01
8076,26593,,wallet,active,2019-07-29
8077,26595,,wallet,active,2025-05-17
8078,26597,,wallet,active,2019-09-15
8079,26598,,wallet,active,2020-07-24
8080,26599,,wallet,active,2021-09-21
8081,26603,,wallet,active,2020-08-22
8082,26604,,wallet,active,2022-10-01
8083,26607,,wallet,active,2021-09-29
8084,26608,,wallet,active,2025-05-05
8085,26611,,wallet,active,2020-08-07
8086,26626,,wallet,active,2023-07-02
8087,26629,,wallet,active,2026-05-27
8088,26631,,wallet,active,2020-07-18
8089,26634,,wallet,active,2024-01-31
8090,26635,,wallet,active,2022-06-28
8091,26639,,wallet,active,2025-05-27
8092,26641,,wallet,active,2019-01-08
8093,26648,,wallet,active,2020-07-27
8094,26653,,wallet,active,2021-03-14
8095,26655,,wallet,active,2021-12-18
8096,26657,,wallet,active,2024-02-02
8097,26666,,wallet,active,2019-08-31
8098,26673,,wallet,active,2026-01-15
8099,26686,,wallet,active,2024-01-17
8100,26687,,wallet,active,2023-01-09
8101,26691,,wallet,active,2025-10-18
8102,26692,,wallet,active,2019-01-06
8103,26693,,wallet,active,2024-04-12
8104,26702,,wallet,active,2025-10-31
8105,26711,,wallet,active,2025-09-29
8106,26716,,wallet,active,2026-04-13
8107,26717,,wallet,active,2023-07-06
8108,26721,,wallet,active,2023-01-09
8109,26722,,wallet,active,2022-07-15
8110,26726,,wallet,active,2021-08-26
8111,26731,,wallet,active,2021-02-16
8112,26732,,wallet,active,2024-12-16
8113,26738,,wallet,active,2021-11-04
8114,26744,,wallet,active,2025-12-08
8115,26745,,wallet,active,2024-10-22
8116,26758,,wallet,active,2019-10-24
8117,26761,,wallet,active,2024-02-07
8118,26764,,wallet,active,2019-10-30
8119,26765,,wallet,active,2025-01-25
8120,26766,,wallet,active,2025-04-06
8121,26767,,wallet,active,2019-10-11
8122,26768,,wallet,active,2021-09-05
8123,26770,,wallet,active,2021-08-07
8124,26773,,wallet,active,2019-04-08
8125,26775,,wallet,active,2023-11-05
8126,26776,,wallet,active,2020-08-24
8127,26777,,wallet,active,2023-02-06
8128,26778,,wallet,active,2022-12-01
8129,26779,,wallet,active,2024-03-23
8130,26785,,wallet,active,2023-04-30
8131,26789,,wallet,active,2020-05-15
8132,26790,,wallet,active,2020-06-05
8133,26799,,wallet,active,2023-08-28
8134,26801,,wallet,active,2022-10-03
8135,26805,,wallet,active,2025-11-30
8136,26806,,wallet,active,2021-03-08
8137,26812,,wallet,active,2023-08-22
8138,26818,,wallet,active,2023-08-11
8139,26823,,wallet,active,2019-10-19
8140,26825,,wallet,active,2023-11-08
8141,26828,,wallet,active,2020-03-23
8142,26834,,wallet,active,2025-11-29
8143,26839,,wallet,active,2020-05-19
8144,26841,,wallet,active,2020-09-04
8145,26843,,wallet,active,2023-08-25
8146,26847,,wallet,active,2023-12-25
8147,26848,,wallet,active,2026-06-11
8148,26856,,wallet,active,2021-09-18
8149,26859,,wallet,active,2025-03-26
8150,26862,,wallet,active,2020-01-12
8151,26868,,wallet,active,2026-04-03
8152,26869,,wallet,active,2019-03-17
8153,26871,,wallet,active,2025-08-07
8154,26874,,wallet,active,2024-09-10
8155,26877,,wallet,active,2019-10-09
8156,26886,,wallet,active,2021-01-17
8157,26887,,wallet,active,2021-06-22
8158,26888,,wallet,active,2024-08-14
8159,26895,,wallet,active,2021-07-05
8160,26896,,wallet,active,2026-03-22
8161,26897,,wallet,active,2024-09-29
8162,26899,,wallet,active,2026-01-22
8163,26901,,wallet,active,2026-01-27
8164,26902,,wallet,active,2019-12-31
8165,26904,,wallet,active,2022-05-07
8166,26905,,wallet,active,2019-08-19
8167,26907,,wallet,active,2024-09-11
8168,26908,,wallet,active,2020-12-17
8169,26911,,wallet,active,2025-09-10
8170,26913,,wallet,active,2019-03-30
8171,26915,,wallet,active,2025-01-25
8172,26919,,wallet,active,2024-02-24
8173,26922,,wallet,active,2021-01-17
8174,26923,,wallet,active,2025-07-06
8175,26927,,wallet,active,2019-09-12
8176,26928,,wallet,active,2025-07-27
8177,26932,,wallet,active,2023-01-01
8178,26933,,wallet,active,2025-04-25
8179,26937,,wallet,active,2025-06-05
8180,26940,,wallet,active,2024-07-09
8181,26942,,wallet,active,2023-06-02
8182,26960,,wallet,active,2020-04-21
8183,26963,,wallet,active,2020-11-18
8184,26971,,wallet,active,2024-07-04
8185,26977,,wallet,active,2020-12-13
8186,26980,,wallet,active,2019-10-12
8187,26981,,wallet,active,2021-07-25
8188,26982,,wallet,active,2021-07-21
8189,26999,,wallet,active,2020-01-24
8190,27011,,wallet,active,2025-10-10
8191,27017,,wallet,active,2023-09-21
8192,27021,,wallet,active,2023-10-07
8193,27025,,wallet,active,2020-06-18
8194,27026,,wallet,active,2020-05-18
8195,27027,,wallet,active,2021-10-08
8196,27028,,wallet,active,2023-04-07
8197,27032,,wallet,active,2021-02-17
8198,27034,,wallet,active,2022-04-25
8199,27037,,wallet,active,2019-12-18
8200,27045,,wallet,active,2021-04-02
8201,27049,,wallet,active,2019-03-30
8202,27050,,wallet,active,2025-12-09
8203,27052,,wallet,active,2023-09-01
8204,27054,,wallet,active,2020-02-04
8205,27060,,wallet,active,2020-06-14
8206,27061,,wallet,active,2024-06-24
8207,27065,,wallet,active,2025-06-30
8208,27069,,wallet,active,2022-03-02
8209,27070,,wallet,active,2021-04-01
8210,27072,,wallet,active,2021-11-04
8211,27073,,wallet,active,2023-12-19
8212,27074,,wallet,active,2021-04-15
8213,27088,,wallet,active,2023-03-23
8214,27090,,wallet,active,2024-06-07
8215,27091,,wallet,active,2020-11-25
8216,27093,,wallet,active,2022-03-30
8217,27095,,wallet,active,2024-09-18
8218,27102,,wallet,active,2019-06-14
8219,27104,,wallet,active,2025-10-07
8220,27114,,wallet,active,2024-07-09
8221,27115,,wallet,active,2023-01-03
8222,27120,,wallet,active,2026-05-13
8223,27126,,wallet,active,2021-11-27
8224,27132,,wallet,active,2021-05-05
8225,27135,,wallet,active,2024-11-26
8226,27136,,wallet,active,2025-02-14
8227,27139,,wallet,active,2024-07-18
8228,27144,,wallet,active,2024-01-07
8229,27147,,wallet,active,2022-03-13
8230,27152,,wallet,active,2022-10-31
8231,27155,,wallet,active,2020-07-20
8232,27158,,wallet,active,2020-07-26
8233,27159,,wallet,active,2022-09-11
8234,27161,,wallet,active,2025-04-24
8235,27173,,wallet,active,2021-06-11
8236,27174,,wallet,active,2023-09-24
8237,27176,,wallet,active,2020-11-21
8238,27179,,wallet,active,2020-04-14
8239,27180,,wallet,active,2020-12-05
8240,27187,,wallet,active,2026-03-26
8241,27193,,wallet,active,2024-07-03
8242,27194,,wallet,active,2020-04-27
8243,27196,,wallet,active,2019-05-28
8244,27199,,wallet,active,2025-05-15
8245,27200,,wallet,active,2025-07-17
8246,27206,,wallet,active,2019-05-13
8247,27207,,wallet,active,2021-02-25
8248,27209,,wallet,active,2024-11-10
8249,27210,,wallet,active,2021-11-05
8250,27211,,wallet,active,2024-10-02
8251,27213,,wallet,active,2019-05-04
8252,27215,,wallet,active,2024-06-20
8253,27225,,wallet,active,2022-06-12
8254,27234,,wallet,active,2019-07-20
8255,27239,,wallet,active,2020-08-28
8256,27250,,wallet,active,2022-10-06
8257,27254,,wallet,active,2024-11-24
8258,27255,,wallet,active,2019-07-07
8259,27258,,wallet,active,2023-04-10
8260,27267,,wallet,active,2024-10-07
8261,27270,,wallet,active,2025-12-31
8262,27272,,wallet,active,2019-08-20
8263,27274,,wallet,active,2023-11-25
8264,27279,,wallet,active,2026-03-13
8265,27281,,wallet,active,2021-12-28
8266,27282,,wallet,active,2019-07-25
8267,27287,,wallet,active,2021-11-11
8268,27288,,wallet,active,2019-07-05
8269,27291,,wallet,active,2020-08-17
8270,27294,,wallet,active,2025-12-01
8271,27300,,wallet,active,2020-03-10
8272,27303,,wallet,active,2023-10-07
8273,27311,,wallet,active,2025-05-01
8274,27315,,wallet,active,2022-03-12
8275,27316,,wallet,active,2022-02-12
8276,27317,,wallet,active,2021-01-04
8277,27322,,wallet,active,2019-07-26
8278,27325,,wallet,active,2019-04-14
8279,27326,,wallet,active,2020-08-25
8280,27328,,wallet,active,2026-02-05
8281,27334,,wallet,active,2021-07-04
8282,27335,,wallet,active,2026-02-11
8283,27336,,wallet,active,2021-11-18
8284,27340,,wallet,active,2026-03-03
8285,27345,,wallet,active,2021-04-09
8286,27347,,wallet,active,2023-01-12
8287,27349,,wallet,active,2020-03-09
8288,27351,,wallet,active,2021-01-19
8289,27361,,wallet,active,2021-05-27
8290,27363,,wallet,active,2019-11-13
8291,27364,,wallet,active,2022-05-21
8292,27371,,wallet,active,2020-04-16
8293,27372,,wallet,active,2025-04-10
8294,27375,,wallet,active,2023-07-01
8295,27377,,wallet,active,2022-11-21
8296,27378,,wallet,active,2019-09-18
8297,27380,,wallet,active,2025-07-10
8298,27381,,wallet,active,2024-05-27
8299,27391,,wallet,active,2019-06-15
8300,27392,,wallet,active,2019-09-29
8301,27394,,wallet,active,2023-02-14
8302,27395,,wallet,active,2023-12-05
8303,27398,,wallet,active,2026-01-11
8304,27401,,wallet,active,2025-12-19
8305,27402,,wallet,active,2023-07-21
8306,27404,,wallet,active,2022-08-24
8307,27415,,wallet,active,2020-10-24
8308,27416,,wallet,active,2021-02-15
8309,27419,,wallet,active,2025-02-21
8310,27424,,wallet,active,2020-09-18
8311,27427,,wallet,active,2021-03-04
8312,27429,,wallet,active,2024-02-05
8313,27434,,wallet,active,2021-04-20
8314,27435,,wallet,active,2022-04-28
8315,27436,,wallet,active,2025-05-15
8316,27439,,wallet,active,2024-10-11
8317,27443,,wallet,active,2021-04-09
8318,27444,,wallet,active,2020-07-16
8319,27449,,wallet,active,2024-05-26
8320,27455,,wallet,active,2022-05-31
8321,27457,,wallet,active,2023-05-02
8322,27461,,wallet,active,2023-02-24
8323,27462,,wallet,active,2025-06-15
8324,27465,,wallet,active,2026-05-17
8325,27473,,wallet,active,2021-01-23
8326,27483,,wallet,active,2024-06-22
8327,27485,,wallet,active,2019-12-25
8328,27489,,wallet,active,2020-10-24
8329,27493,,wallet,active,2023-04-10
8330,27494,,wallet,active,2026-05-17
8331,27496,,wallet,active,2025-05-23
8332,27497,,wallet,active,2019-04-11
8333,27499,,wallet,active,2021-01-27
8334,27500,,wallet,active,2021-01-04
8335,27501,,wallet,active,2020-11-15
8336,27506,,wallet,active,2019-01-04
8337,27508,,wallet,active,2019-04-29
8338,27518,,wallet,active,2025-03-04
8339,27519,,wallet,active,2025-11-19
8340,27520,,wallet,active,2025-09-29
8341,27525,,wallet,active,2025-07-20
8342,27532,,wallet,active,2024-10-22
8343,27535,,wallet,active,2022-04-30
8344,27538,,wallet,active,2023-02-19
8345,27541,,wallet,active,2024-04-11
8346,27542,,wallet,active,2026-03-30
8347,27548,,wallet,active,2020-03-30
8348,27549,,wallet,active,2020-01-07
8349,27552,,wallet,active,2021-04-05
8350,27553,,wallet,active,2022-01-13
8351,27557,,wallet,active,2024-03-29
8352,27559,,wallet,active,2022-08-09
8353,27562,,wallet,active,2021-06-16
8354,27566,,wallet,active,2022-10-25
8355,27571,,wallet,active,2026-06-12
8356,27572,,wallet,active,2024-08-08
8357,27574,,wallet,active,2025-12-29
8358,27579,,wallet,active,2020-03-04
8359,27581,,wallet,active,2025-12-14
8360,27585,,wallet,active,2022-02-03
8361,27586,,wallet,active,2020-08-27
8362,27588,,wallet,active,2025-07-30
8363,27590,,wallet,active,2024-10-12
8364,27591,,wallet,active,2021-05-03
8365,27593,,wallet,active,2026-04-15
8366,27594,,wallet,active,2023-12-04
8367,27595,,wallet,active,2022-04-28
8368,27597,,wallet,active,2020-02-09
8369,27605,,wallet,active,2023-11-11
8370,27608,,wallet,active,2022-06-02
8371,27609,,wallet,active,2026-01-23
8372,27611,,wallet,active,2020-04-23
8373,27615,,wallet,active,2023-07-21
8374,27618,,wallet,active,2022-06-28
8375,27622,,wallet,active,2023-08-28
8376,27626,,wallet,active,2022-07-09
8377,27627,,wallet,active,2024-07-08
8378,27628,,wallet,active,2026-05-08
8379,27630,,wallet,active,2025-10-22
8380,27638,,wallet,active,2019-02-12
8381,27644,,wallet,active,2022-02-09
8382,27645,,wallet,active,2020-02-08
8383,27646,,wallet,active,2021-01-14
8384,27647,,wallet,active,2024-07-15
8385,27649,,wallet,active,2024-04-13
8386,27654,,wallet,active,2020-06-29
8387,27662,,wallet,active,2025-06-25
8388,27663,,wallet,active,2021-07-30
8389,27666,,wallet,active,2021-11-14
8390,27668,,wallet,active,2022-03-07
8391,27671,,wallet,active,2021-08-24
8392,27677,,wallet,active,2026-06-25
8393,27678,,wallet,active,2022-11-03
8394,27679,,wallet,active,2020-01-18
8395,27680,,wallet,active,2020-04-04
8396,27683,,wallet,active,2021-03-07
8397,27687,,wallet,active,2021-09-02
8398,27688,,wallet,active,2023-02-19
8399,27695,,wallet,active,2025-08-14
8400,27698,,wallet,active,2022-07-23
8401,27699,,wallet,active,2020-03-01
8402,27701,,wallet,active,2023-07-08
8403,27705,,wallet,active,2025-10-09
8404,27707,,wallet,active,2021-07-10
8405,27712,,wallet,active,2025-07-06
8406,27719,,wallet,active,2022-03-01
8407,27724,,wallet,active,2019-06-11
8408,27727,,wallet,active,2021-03-03
8409,27736,,wallet,active,2020-01-21
8410,27738,,wallet,active,2021-03-20
8411,27741,,wallet,active,2021-05-27
8412,27747,,wallet,active,2020-11-02
8413,27748,,wallet,active,2024-10-24
8414,27754,,wallet,active,2022-03-09
8415,27756,,wallet,active,2019-03-21
8416,27765,,wallet,active,2021-02-12
8417,27766,,wallet,active,2023-04-29
8418,27768,,wallet,active,2019-06-10
8419,27769,,wallet,active,2026-06-18
8420,27774,,wallet,active,2019-07-18
8421,27776,,wallet,active,2022-05-14
8422,27783,,wallet,active,2026-01-19
8423,27784,,wallet,active,2019-04-13
8424,27787,,wallet,active,2025-10-19
8425,27788,,wallet,active,2024-06-02
8426,27789,,wallet,active,2022-07-15
8427,27795,,wallet,active,2026-05-27
8428,27798,,wallet,active,2022-03-03
8429,27805,,wallet,active,2020-02-16
8430,27806,,wallet,active,2026-05-16
8431,27809,,wallet,active,2024-03-23
8432,27812,,wallet,active,2021-11-23
8433,27814,,wallet,active,2019-10-21
8434,27815,,wallet,active,2023-10-27
8435,27818,,wallet,active,2024-08-13
8436,27826,,wallet,active,2024-09-13
8437,27831,,wallet,active,2023-02-08
8438,27833,,wallet,active,2020-01-07
8439,27836,,wallet,active,2022-10-24
8440,27841,,wallet,active,2025-11-22
8441,27843,,wallet,active,2021-03-15
8442,27844,,wallet,active,2020-11-16
8443,27845,,wallet,active,2022-01-16
8444,27847,,wallet,active,2024-07-01
8445,27850,,wallet,active,2024-01-21
8446,27851,,wallet,active,2025-04-11
8447,27853,,wallet,active,2020-10-29
8448,27854,,wallet,active,2020-01-23
8449,27856,,wallet,active,2025-10-09
8450,27858,,wallet,active,2024-03-08
8451,27864,,wallet,active,2021-09-24
8452,27866,,wallet,active,2026-06-04
8453,27868,,wallet,active,2025-06-15
8454,27869,,wallet,active,2024-05-18
8455,27880,,wallet,active,2024-07-25
8456,27884,,wallet,active,2022-04-07
8457,27886,,wallet,active,2026-06-20
8458,27892,,wallet,active,2020-10-22
8459,27894,,wallet,active,2023-07-26
8460,27895,,wallet,active,2020-08-21
8461,27897,,wallet,active,2025-10-25
8462,27898,,wallet,active,2025-11-27
8463,27899,,wallet,active,2020-02-08
8464,27905,,wallet,active,2022-01-16
8465,27907,,wallet,active,2020-08-09
8466,27911,,wallet,active,2025-10-07
8467,27916,,wallet,active,2019-09-01
8468,27919,,wallet,active,2025-01-29
8469,27926,,wallet,active,2022-03-12
8470,27929,,wallet,active,2023-07-15
8471,27931,,wallet,active,2020-01-14
8472,27933,,wallet,active,2019-10-13
8473,27938,,wallet,active,2026-03-06
8474,27940,,wallet,active,2020-01-27
8475,27941,,wallet,active,2022-12-19
8476,27945,,wallet,active,2020-01-16
8477,27946,,wallet,active,2026-06-01
8478,27947,,wallet,active,2021-06-18
8479,27950,,wallet,active,2022-05-12
8480,27953,,wallet,active,2025-06-24
8481,27954,,wallet,active,2024-10-31
8482,27963,,wallet,active,2025-04-10
8483,27972,,wallet,active,2025-05-23
8484,27976,,wallet,active,2023-08-07
8485,27978,,wallet,active,2021-07-30
8486,27980,,wallet,active,2023-04-06
8487,27982,,wallet,active,2026-03-16
8488,27984,,wallet,active,2024-01-25
8489,27986,,wallet,active,2019-06-17
8490,28000,,wallet,active,2019-08-17
8491,28001,,wallet,active,2022-11-28
8492,28003,,wallet,active,2024-03-20
8493,28007,,wallet,active,2021-08-08
8494,28011,,wallet,active,2026-01-15
8495,28021,,wallet,active,2022-09-30
8496,28023,,wallet,active,2020-06-22
8497,28024,,wallet,active,2023-05-05
8498,28025,,wallet,active,2025-10-08
8499,28026,,wallet,active,2023-06-22
8500,28029,,wallet,active,2026-02-05
8501,28030,,wallet,active,2024-01-21
8502,28031,,wallet,active,2019-10-15
8503,28032,,wallet,active,2023-01-28
8504,28034,,wallet,active,2023-07-21
8505,28037,,wallet,active,2026-03-26
8506,28038,,wallet,active,2026-06-27
8507,28042,,wallet,active,2024-08-06
8508,28043,,wallet,active,2019-10-18
8509,28047,,wallet,active,2022-11-23
8510,28048,,wallet,active,2025-05-04
8511,28050,,wallet,active,2022-12-21
8512,28058,,wallet,active,2019-11-22
8513,28059,,wallet,active,2020-10-06
8514,28072,,wallet,active,2022-04-15
8515,28073,,wallet,active,2025-09-18
8516,28076,,wallet,active,2020-01-24
8517,28077,,wallet,active,2026-06-17
8518,28078,,wallet,active,2024-10-19
8519,28079,,wallet,active,2021-03-10
8520,28084,,wallet,active,2022-03-03
8521,28085,,wallet,active,2020-06-08
8522,28087,,wallet,active,2020-07-02
8523,28089,,wallet,active,2021-12-15
8524,28093,,wallet,active,2019-04-10
8525,28104,,wallet,active,2020-05-03
8526,28106,,wallet,active,2026-06-05
8527,28108,,wallet,active,2022-07-18
8528,28109,,wallet,active,2022-07-08
8529,28110,,wallet,active,2020-07-04
8530,28115,,wallet,active,2021-02-17
8531,28120,,wallet,active,2024-06-14
8532,28122,,wallet,active,2019-07-11
8533,28124,,wallet,active,2024-03-17
8534,28129,,wallet,active,2025-09-06
8535,28131,,wallet,active,2019-12-30
8536,28135,,wallet,active,2026-06-19
8537,28138,,wallet,active,2023-05-24
8538,28142,,wallet,active,2020-06-29
8539,28143,,wallet,active,2021-01-13
8540,28144,,wallet,active,2019-11-11
8541,28145,,wallet,active,2025-07-22
8542,28146,,wallet,active,2022-07-20
8543,28147,,wallet,active,2024-11-11
8544,28150,,wallet,active,2022-01-23
8545,28151,,wallet,active,2023-05-26
8546,28152,,wallet,active,2022-02-10
8547,28162,,wallet,active,2019-09-15
8548,28163,,wallet,active,2025-02-05
8549,28165,,wallet,active,2023-01-16
8550,28171,,wallet,active,2026-01-28
8551,28174,,wallet,active,2025-10-09
8552,28180,,wallet,active,2022-03-19
8553,28181,,wallet,active,2025-02-09
8554,28182,,wallet,active,2021-10-31
8555,28189,,wallet,active,2024-02-29
8556,28194,,wallet,active,2024-12-01
8557,28198,,wallet,active,2024-12-31
8558,28199,,wallet,active,2022-10-14
8559,28201,,wallet,active,2022-08-24
8560,28203,,wallet,active,2022-08-13
8561,28208,,wallet,active,2024-04-07
8562,28221,,wallet,active,2023-12-26
8563,28222,,wallet,active,2021-11-08
8564,28226,,wallet,active,2021-12-04
8565,28232,,wallet,active,2020-01-18
8566,28233,,wallet,active,2026-04-01
8567,28236,,wallet,active,2023-02-01
8568,28237,,wallet,active,2024-05-28
8569,28238,,wallet,active,2020-04-08
8570,28240,,wallet,active,2026-06-23
8571,28241,,wallet,active,2025-05-24
8572,28245,,wallet,active,2020-10-22
8573,28248,,wallet,active,2021-09-27
8574,28250,,wallet,active,2024-08-18
8575,28254,,wallet,active,2022-06-27
8576,28256,,wallet,active,2020-03-26
8577,28261,,wallet,active,2026-05-06
8578,28263,,wallet,active,2020-11-02
8579,28264,,wallet,active,2021-04-09
8580,28275,,wallet,active,2026-03-02
8581,28279,,wallet,active,2020-07-11
8582,28281,,wallet,active,2024-09-16
8583,28283,,wallet,active,2022-08-29
8584,28284,,wallet,active,2021-02-18
8585,28289,,wallet,active,2020-08-13
8586,28293,,wallet,active,2020-03-31
8587,28294,,wallet,active,2025-05-21
8588,28298,,wallet,active,2023-01-08
8589,28299,,wallet,active,2024-04-07
8590,28304,,wallet,active,2023-02-11
8591,28305,,wallet,active,2019-12-30
8592,28308,,wallet,active,2025-07-03
8593,28317,,wallet,active,2021-04-25
8594,28318,,wallet,active,2025-07-12
8595,28321,,wallet,active,2022-05-26
8596,28322,,wallet,active,2025-11-18
8597,28324,,wallet,active,2023-11-09
8598,28341,,wallet,active,2025-12-02
8599,28348,,wallet,active,2025-10-30
8600,28350,,wallet,active,2022-02-04
8601,28352,,wallet,active,2020-08-14
8602,28355,,wallet,active,2021-01-22
8603,28357,,wallet,active,2025-06-04
8604,28359,,wallet,active,2021-03-28
8605,28362,,wallet,active,2024-09-15
8606,28370,,wallet,active,2019-07-10
8607,28371,,wallet,active,2022-07-03
8608,28379,,wallet,active,2020-05-03
8609,28381,,wallet,active,2021-02-09
8610,28382,,wallet,active,2020-10-03
8611,28383,,wallet,active,2022-02-27
8612,28384,,wallet,active,2021-08-19
8613,28389,,wallet,active,2019-09-29
8614,28396,,wallet,active,2023-10-10
8615,28398,,wallet,active,2026-03-23
8616,28403,,wallet,active,2020-04-01
8617,28408,,wallet,active,2024-12-22
8618,28420,,wallet,active,2023-01-13
8619,28421,,wallet,active,2026-04-19
8620,28426,,wallet,active,2023-07-30
8621,28429,,wallet,active,2024-01-30
8622,28433,,wallet,active,2023-11-02
8623,28437,,wallet,active,2021-06-26
8624,28438,,wallet,active,2022-12-12
8625,28440,,wallet,active,2021-04-29
8626,28441,,wallet,active,2020-09-30
8627,28442,,wallet,active,2022-08-14
8628,28457,,wallet,active,2019-04-08
8629,28463,,wallet,active,2026-03-01
8630,28467,,wallet,active,2020-08-14
8631,28471,,wallet,active,2024-11-17
8632,28472,,wallet,active,2019-12-14
8633,28478,,wallet,active,2026-05-14
8634,28479,,wallet,active,2021-10-20
8635,28480,,wallet,active,2023-05-24
8636,28486,,wallet,active,2023-09-27
8637,28487,,wallet,active,2019-02-11
8638,28493,,wallet,active,2023-10-06
8639,28501,,wallet,active,2024-11-02
8640,28502,,wallet,active,2022-04-05
8641,28503,,wallet,active,2020-01-13
8642,28506,,wallet,active,2019-07-12
8643,28507,,wallet,active,2020-03-11
8644,28511,,wallet,active,2020-11-30
8645,28513,,wallet,active,2023-07-01
8646,28514,,wallet,active,2025-05-19
8647,28522,,wallet,active,2025-03-17
8648,28523,,wallet,active,2022-05-08
8649,28527,,wallet,active,2020-07-04
8650,28529,,wallet,active,2021-10-07
8651,28531,,wallet,active,2021-06-03
8652,28532,,wallet,active,2019-10-13
8653,28534,,wallet,active,2020-12-08
8654,28548,,wallet,active,2021-10-10
8655,28552,,wallet,active,2022-02-18
8656,28556,,wallet,active,2019-06-29
8657,28557,,wallet,active,2025-10-29
8658,28563,,wallet,active,2023-01-12
8659,28565,,wallet,active,2020-01-10
8660,28572,,wallet,active,2024-08-23
8661,28574,,wallet,active,2020-02-25
8662,28578,,wallet,active,2025-10-19
8663,28582,,wallet,active,2021-12-15
8664,28590,,wallet,active,2021-07-30
8665,28592,,wallet,active,2020-10-18
8666,28593,,wallet,active,2021-03-17
8667,28594,,wallet,active,2020-08-14
8668,28595,,wallet,active,2020-03-27
8669,28602,,wallet,active,2025-11-17
8670,28603,,wallet,active,2019-02-23
8671,28604,,wallet,active,2023-01-19
8672,28606,,wallet,active,2024-08-08
8673,28608,,wallet,active,2022-03-18
8674,28609,,wallet,active,2022-01-26
8675,28611,,wallet,active,2022-08-17
8676,28616,,wallet,active,2024-08-27
8677,28619,,wallet,active,2024-10-05
8678,28631,,wallet,active,2020-05-15
8679,28633,,wallet,active,2019-08-30
8680,28639,,wallet,active,2019-05-10
8681,28640,,wallet,active,2026-06-06
8682,28641,,wallet,active,2024-05-01
8683,28643,,wallet,active,2019-08-30
8684,28645,,wallet,active,2024-01-21
8685,28646,,wallet,active,2025-02-17
8686,28647,,wallet,active,2021-09-23
8687,28652,,wallet,active,2022-11-24
8688,28661,,wallet,active,2025-12-07
8689,28662,,wallet,active,2023-08-13
8690,28663,,wallet,active,2023-02-24
8691,28667,,wallet,active,2024-01-01
8692,28680,,wallet,active,2024-02-01
8693,28682,,wallet,active,2019-09-02
8694,28683,,wallet,active,2022-01-13
8695,28687,,wallet,active,2022-08-03
8696,28694,,wallet,active,2022-03-12
8697,28698,,wallet,active,2021-07-05
8698,28703,,wallet,active,2022-01-04
8699,28709,,wallet,active,2021-12-01
8700,28711,,wallet,active,2023-01-30
8701,28728,,wallet,active,2021-10-07
8702,28732,,wallet,active,2021-01-23
8703,28733,,wallet,active,2025-11-06
8704,28737,,wallet,active,2024-01-19
8705,28738,,wallet,active,2020-02-24
8706,28739,,wallet,active,2020-03-05
8707,28743,,wallet,active,2023-03-16
8708,28744,,wallet,active,2025-06-30
8709,28746,,wallet,active,2022-06-04
8710,28754,,wallet,active,2020-09-06
8711,28756,,wallet,active,2025-08-23
8712,28758,,wallet,active,2022-01-05
8713,28762,,wallet,active,2019-04-07
8714,28767,,wallet,active,2022-07-10
8715,28770,,wallet,active,2021-03-22
8716,28772,,wallet,active,2019-03-12
8717,28774,,wallet,active,2025-07-07
8718,28779,,wallet,active,2022-12-03
8719,28781,,wallet,active,2019-07-21
8720,28784,,wallet,active,2021-07-12
8721,28787,,wallet,active,2022-06-08
8722,28790,,wallet,active,2020-12-20
8723,28791,,wallet,active,2026-06-09
8724,28792,,wallet,active,2024-08-16
8725,28793,,wallet,active,2019-05-15
8726,28794,,wallet,active,2021-10-28
8727,28795,,wallet,active,2021-09-13
8728,28803,,wallet,active,2024-03-23
8729,28805,,wallet,active,2019-08-11
8730,28806,,wallet,active,2025-05-04
8731,28807,,wallet,active,2024-03-07
8732,28809,,wallet,active,2020-03-13
8733,28822,,wallet,active,2019-08-19
8734,28823,,wallet,active,2019-01-10
8735,28824,,wallet,active,2024-04-24
8736,28827,,wallet,active,2025-11-24
8737,28832,,wallet,active,2026-04-18
8738,28834,,wallet,active,2025-04-15
8739,28835,,wallet,active,2024-02-22
8740,28839,,wallet,active,2022-05-30
8741,28840,,wallet,active,2023-08-22
8742,28845,,wallet,active,2026-01-23
8743,28855,,wallet,active,2019-04-10
8744,28857,,wallet,active,2023-03-20
8745,28858,,wallet,active,2023-10-23
8746,28860,,wallet,active,2021-03-28
8747,28861,,wallet,active,2025-01-24
8748,28867,,wallet,active,2022-04-23
8749,28873,,wallet,active,2021-05-06
8750,28874,,wallet,active,2020-08-19
8751,28876,,wallet,active,2021-11-15
8752,28878,,wallet,active,2023-09-30
8753,28881,,wallet,active,2020-01-26
8754,28883,,wallet,active,2019-07-05
8755,28884,,wallet,active,2023-10-27
8756,28894,,wallet,active,2020-08-21
8757,28895,,wallet,active,2021-05-20
8758,28897,,wallet,active,2022-03-09
8759,28900,,wallet,active,2023-04-09
8760,28902,,wallet,active,2023-09-04
8761,28906,,wallet,active,2022-02-25
8762,28907,,wallet,active,2021-10-25
8763,28908,,wallet,active,2019-11-05
8764,28914,,wallet,active,2024-08-02
8765,28920,,wallet,active,2023-09-29
8766,28923,,wallet,active,2024-02-07
8767,28926,,wallet,active,2025-06-14
8768,28928,,wallet,active,2019-05-28
8769,28935,,wallet,active,2025-10-26
8770,28937,,wallet,active,2020-03-17
8771,28940,,wallet,active,2024-10-05
8772,28941,,wallet,active,2022-06-06
8773,28945,,wallet,active,2021-05-05
8774,28946,,wallet,active,2019-07-07
8775,28947,,wallet,active,2019-05-06
8776,28949,,wallet,active,2025-07-20
8777,28951,,wallet,active,2023-05-28
8778,28953,,wallet,active,2019-05-15
8779,28956,,wallet,active,2022-02-21
8780,28958,,wallet,active,2023-09-25
8781,28966,,wallet,active,2020-11-11
8782,28970,,wallet,active,2019-07-24
8783,28971,,wallet,active,2021-03-10
8784,28972,,wallet,active,2021-01-29
8785,28973,,wallet,active,2024-10-25
8786,28979,,wallet,active,2022-04-26
8787,28981,,wallet,active,2023-03-13
8788,28983,,wallet,active,2024-05-16
8789,28990,,wallet,active,2024-07-25
8790,28995,,wallet,active,2019-06-20
8791,28997,,wallet,active,2025-01-21
8792,29001,,wallet,active,2019-08-17
8793,29005,,wallet,active,2021-07-03
8794,29006,,wallet,active,2021-07-21
8795,29007,,wallet,active,2025-09-12
8796,29008,,wallet,active,2020-05-20
8797,29010,,wallet,active,2023-05-17
8798,29011,,wallet,active,2021-11-15
8799,29028,,wallet,active,2019-10-26
8800,29036,,wallet,active,2020-07-16
8801,29037,,wallet,active,2022-09-01
8802,29038,,wallet,active,2020-02-27
8803,29040,,wallet,active,2024-01-31
8804,29043,,wallet,active,2025-04-28
8805,29045,,wallet,active,2025-02-18
8806,29049,,wallet,active,2024-11-01
8807,29051,,wallet,active,2019-10-22
8808,29061,,wallet,active,2019-02-19
8809,29068,,wallet,active,2023-11-25
8810,29073,,wallet,active,2023-04-20
8811,29075,,wallet,active,2026-03-15
8812,29078,,wallet,active,2026-02-26
8813,29079,,wallet,active,2023-05-06
8814,29086,,wallet,active,2019-05-09
8815,29090,,wallet,active,2020-07-07
8816,29091,,wallet,active,2022-09-25
8817,29095,,wallet,active,2025-10-20
8818,29099,,wallet,active,2021-06-08
8819,29105,,wallet,active,2020-11-21
8820,29106,,wallet,active,2019-08-12
8821,29112,,wallet,active,2019-08-16
8822,29113,,wallet,active,2024-02-03
8823,29117,,wallet,active,2024-02-07
8824,29120,,wallet,active,2026-04-11
8825,29132,,wallet,active,2025-08-04
8826,29133,,wallet,active,2019-10-25
8827,29141,,wallet,active,2026-04-06
8828,29146,,wallet,active,2020-05-10
8829,29150,,wallet,active,2025-10-14
8830,29152,,wallet,active,2020-10-23
8831,29155,,wallet,active,2023-04-22
8832,29156,,wallet,active,2023-02-03
8833,29157,,wallet,active,2023-11-12
8834,29161,,wallet,active,2025-02-04
8835,29168,,wallet,active,2022-06-14
8836,29171,,wallet,active,2020-03-23
8837,29185,,wallet,active,2021-10-11
8838,29187,,wallet,active,2025-07-09
8839,29191,,wallet,active,2020-12-08
8840,29197,,wallet,active,2022-07-30
8841,29198,,wallet,active,2021-07-29
8842,29201,,wallet,active,2026-03-18
8843,29210,,wallet,active,2026-03-14
8844,29211,,wallet,active,2022-05-17
8845,29216,,wallet,active,2019-01-30
8846,29219,,wallet,active,2020-05-25
8847,29220,,wallet,active,2024-10-19
8848,29225,,wallet,active,2019-02-14
8849,29232,,wallet,active,2026-03-03
8850,29234,,wallet,active,2021-06-15
8851,29239,,wallet,active,2022-01-20
8852,29240,,wallet,active,2022-05-11
8853,29243,,wallet,active,2023-08-01
8854,29244,,wallet,active,2024-02-22
8855,29249,,wallet,active,2024-12-14
8856,29253,,wallet,active,2023-09-29
8857,29257,,wallet,active,2019-06-08
8858,29258,,wallet,active,2020-10-28
8859,29259,,wallet,active,2024-11-13
8860,29263,,wallet,active,2020-08-09
8861,29266,,wallet,active,2022-02-16
8862,29276,,wallet,active,2021-03-29
8863,29277,,wallet,active,2023-08-22
8864,29281,,wallet,active,2025-05-05
8865,29283,,wallet,active,2021-02-26
8866,29289,,wallet,active,2020-01-21
8867,29297,,wallet,active,2025-07-24
8868,29298,,wallet,active,2024-11-05
8869,29299,,wallet,active,2021-02-24
8870,29306,,wallet,active,2024-03-10
8871,29307,,wallet,active,2022-03-15
8872,29308,,wallet,active,2025-06-15
8873,29318,,wallet,active,2021-08-18
8874,29319,,wallet,active,2024-03-01
8875,29320,,wallet,active,2019-12-30
8876,29323,,wallet,active,2020-02-23
8877,29324,,wallet,active,2022-09-01
8878,29326,,wallet,active,2020-07-18
8879,29328,,wallet,active,2023-02-23
8880,29334,,wallet,active,2022-06-18
8881,29339,,wallet,active,2021-08-15
8882,29340,,wallet,active,2020-12-18
8883,29343,,wallet,active,2020-10-26
8884,29352,,wallet,active,2019-09-21
8885,29354,,wallet,active,2023-07-31
8886,29355,,wallet,active,2022-05-09
8887,29356,,wallet,active,2024-05-26
8888,29357,,wallet,active,2022-04-12
8889,29360,,wallet,active,2024-07-05
8890,29361,,wallet,active,2023-05-31
8891,29366,,wallet,active,2026-03-04
8892,29367,,wallet,active,2019-06-26
8893,29370,,wallet,active,2021-04-21
8894,29373,,wallet,active,2019-07-07
8895,29376,,wallet,active,2020-10-22
8896,29381,,wallet,active,2025-12-29
8897,29383,,wallet,active,2024-09-06
8898,29384,,wallet,active,2024-02-15
8899,29386,,wallet,active,2022-01-02
8900,29393,,wallet,active,2024-05-19
8901,29395,,wallet,active,2021-05-18
8902,29398,,wallet,active,2020-06-28
8903,29399,,wallet,active,2021-10-28
8904,29406,,wallet,active,2020-06-02
8905,29412,,wallet,active,2026-05-20
8906,29413,,wallet,active,2026-05-28
8907,29427,,wallet,active,2022-01-13
8908,29430,,wallet,active,2026-03-11
8909,29434,,wallet,active,2025-12-08
8910,29435,,wallet,active,2023-03-06
8911,29441,,wallet,active,2019-08-09
8912,29446,,wallet,active,2023-07-28
8913,29447,,wallet,active,2024-03-01
8914,29453,,wallet,active,2022-11-21
8915,29454,,wallet,active,2022-08-08
8916,29456,,wallet,active,2020-05-24
8917,29472,,wallet,active,2020-04-11
8918,29475,,wallet,active,2025-07-14
8919,29479,,wallet,active,2019-11-13
8920,29481,,wallet,active,2024-03-01
8921,29485,,wallet,active,2025-10-12
8922,29486,,wallet,active,2020-03-10
8923,29487,,wallet,active,2025-02-20
8924,29488,,wallet,active,2019-09-15
8925,29492,,wallet,active,2021-12-20
8926,29494,,wallet,active,2025-04-10
8927,29500,,wallet,active,2025-04-02
8928,29501,,wallet,active,2025-07-05
8929,29507,,wallet,active,2025-04-28
8930,29508,,wallet,active,2019-11-22
8931,29509,,wallet,active,2021-08-29
8932,29514,,wallet,active,2022-11-28
8933,29517,,wallet,active,2021-11-26
8934,29518,,wallet,active,2019-08-06
8935,29519,,wallet,active,2024-06-26
8936,29524,,wallet,active,2025-06-10
8937,29528,,wallet,active,2026-01-22
8938,29530,,wallet,active,2019-12-10
8939,29532,,wallet,active,2021-12-10
8940,29536,,wallet,active,2020-11-09
8941,29547,,wallet,active,2022-01-24
8942,29548,,wallet,active,2022-12-14
8943,29551,,wallet,active,2024-12-11
8944,29552,,wallet,active,2026-03-10
8945,29554,,wallet,active,2025-01-09
8946,29555,,wallet,active,2026-01-15
8947,29559,,wallet,active,2022-05-07
8948,29561,,wallet,active,2025-06-08
8949,29564,,wallet,active,2019-05-19
8950,29565,,wallet,active,2024-10-16
8951,29571,,wallet,active,2025-09-11
8952,29577,,wallet,active,2020-07-06
8953,29579,,wallet,active,2020-03-06
8954,29583,,wallet,active,2020-08-06
8955,29586,,wallet,active,2022-07-11
8956,29587,,wallet,active,2020-12-15
8957,29589,,wallet,active,2020-11-04
8958,29593,,wallet,active,2019-11-21
8959,29595,,wallet,active,2020-09-09
8960,29599,,wallet,active,2025-07-14
8961,29601,,wallet,active,2023-11-03
8962,29609,,wallet,active,2022-11-13
8963,29613,,wallet,active,2025-05-21
8964,29619,,wallet,active,2021-07-25
8965,29621,,wallet,active,2021-06-11
8966,29623,,wallet,active,2025-12-05
8967,29625,,wallet,active,2023-09-22
8968,29627,,wallet,active,2025-05-12
8969,29631,,wallet,active,2021-06-10
8970,29633,,wallet,active,2023-03-02
8971,29635,,wallet,active,2022-12-31
8972,29641,,wallet,active,2020-10-27
8973,29643,,wallet,active,2025-07-22
8974,29650,,wallet,active,2021-02-26
8975,29651,,wallet,active,2022-03-17
8976,29677,,wallet,active,2020-11-29
8977,29683,,wallet,active,2024-05-12
8978,29685,,wallet,active,2022-06-05
8979,29691,,wallet,active,2019-05-23
8980,29693,,wallet,active,2026-05-22
8981,29696,,wallet,active,2020-03-24
8982,29698,,wallet,active,2025-04-27
8983,29701,,wallet,active,2021-12-07
8984,29703,,wallet,active,2021-01-20
8985,29717,,wallet,active,2019-01-30
8986,29722,,wallet,active,2021-01-10
8987,29725,,wallet,active,2021-01-07
8988,29728,,wallet,active,2023-03-24
8989,29730,,wallet,active,2022-11-25
8990,29732,,wallet,active,2023-10-13
8991,29733,,wallet,active,2024-10-11
8992,29737,,wallet,active,2025-02-28
8993,29738,,wallet,active,2024-10-18
8994,29747,,wallet,active,2021-02-07
8995,29753,,wallet,active,2024-10-11
8996,29755,,wallet,active,2022-11-08
8997,29759,,wallet,active,2023-07-08
8998,29763,,wallet,active,2022-03-02
8999,29765,,wallet,active,2026-05-23
9000,29766,,wallet,active,2019-05-15
9001,29767,,wallet,active,2025-05-26
9002,29775,,wallet,active,2025-12-23
9003,29778,,wallet,active,2019-11-10
9004,29779,,wallet,active,2021-03-02
9005,29783,,wallet,active,2023-03-22
9006,29785,,wallet,active,2021-11-22
9007,29788,,wallet,active,2021-01-27
9008,29789,,wallet,active,2023-11-19
9009,29792,,wallet,active,2023-12-13
9010,29795,,wallet,active,2022-11-09
9011,29798,,wallet,active,2026-01-17
9012,29799,,wallet,active,2022-06-02
9013,29806,,wallet,active,2019-04-26
9014,29810,,wallet,active,2021-12-18
9015,29811,,wallet,active,2023-03-30
9016,29817,,wallet,active,2023-04-23
9017,29818,,wallet,active,2020-09-05
9018,29821,,wallet,active,2019-11-16
9019,29825,,wallet,active,2025-07-31
9020,29826,,wallet,active,2019-02-02
9021,29832,,wallet,active,2022-09-06
9022,29835,,wallet,active,2025-04-17
9023,29837,,wallet,active,2020-09-28
9024,29838,,wallet,active,2024-12-12
9025,29842,,wallet,active,2020-01-08
9026,29843,,wallet,active,2021-01-29
9027,29844,,wallet,active,2025-01-29
9028,29845,,wallet,active,2025-12-18
9029,29847,,wallet,active,2025-04-03
9030,29848,,wallet,active,2023-07-25
9031,29849,,wallet,active,2025-07-25
9032,29853,,wallet,active,2019-05-16
9033,29855,,wallet,active,2026-06-21
9034,29856,,wallet,active,2019-02-04
9035,29859,,wallet,active,2022-04-07
9036,29861,,wallet,active,2020-04-12
9037,29862,,wallet,active,2026-03-22
9038,29868,,wallet,active,2020-12-16
9039,29877,,wallet,active,2023-03-31
9040,29883,,wallet,active,2023-09-17
9041,29886,,wallet,active,2020-07-23
9042,29888,,wallet,active,2024-10-18
9043,29891,,wallet,active,2021-12-27
9044,29892,,wallet,active,2021-04-09
9045,29896,,wallet,active,2023-12-20
9046,29897,,wallet,active,2024-01-23
9047,29898,,wallet,active,2023-08-07
9048,29902,,wallet,active,2024-09-04
9049,29906,,wallet,active,2024-11-19
9050,29907,,wallet,active,2020-01-10
9051,29915,,wallet,active,2026-03-28
9052,29916,,wallet,active,2021-09-16
9053,29919,,wallet,active,2024-04-19
9054,29921,,wallet,active,2020-05-14
9055,29922,,wallet,active,2019-10-09
9056,29923,,wallet,active,2025-07-23
9057,29927,,wallet,active,2021-04-07
9058,29929,,wallet,active,2024-07-04
9059,29931,,wallet,active,2019-06-03
9060,29932,,wallet,active,2023-04-01
9061,29937,,wallet,active,2019-11-02
9062,29939,,wallet,active,2019-10-03
9063,29940,,wallet,active,2021-03-01
9064,29941,,wallet,active,2022-06-13
9065,29944,,wallet,active,2020-04-21
9066,29945,,wallet,active,2019-12-21
9067,29947,,wallet,active,2021-04-11
9068,29948,,wallet,active,2020-10-30
9069,29949,,wallet,active,2022-03-14
9070,29952,,wallet,active,2026-03-07
9071,29953,,wallet,active,2019-04-01
9072,29954,,wallet,active,2023-09-26
9073,29955,,wallet,active,2022-01-01
9074,29957,,wallet,active,2022-04-06
9075,29961,,wallet,active,2026-05-23
9076,29963,,wallet,active,2022-10-26
9077,29966,,wallet,active,2021-10-16
9078,29967,,wallet,active,2021-10-16
9079,29968,,wallet,active,2025-09-18
9080,29972,,wallet,active,2023-06-16
9081,29973,,wallet,active,2021-09-05
9082,29975,,wallet,active,2024-04-26
9083,29976,,wallet,active,2026-01-11
9084,29977,,wallet,active,2023-06-17
9085,29983,,wallet,active,2020-06-24
9086,29984,,wallet,active,2019-11-14
9087,29987,,wallet,active,2019-08-15
9088,29991,,wallet,active,2023-12-11
9089,29992,,wallet,active,2019-03-12
9090,29995,,wallet,active,2024-06-07
9091,30001,,wallet,active,2020-12-23
9092,30014,,wallet,active,2025-08-17
9093,30019,,wallet,active,2023-10-07
9094,30021,,wallet,active,2019-08-13
9095,30023,,wallet,active,2022-03-28
9096,30025,,wallet,active,2026-03-04
9097,30028,,wallet,active,2023-08-15
9098,30030,,wallet,active,2021-01-07
9099,30032,,wallet,active,2020-07-03
9100,30033,,wallet,active,2021-06-29
9101,30037,,wallet,active,2021-09-14
9102,30041,,wallet,active,2023-08-12
9103,30047,,wallet,active,2023-06-27
9104,30052,,wallet,active,2022-08-02
9105,30053,,wallet,active,2024-05-18
9106,30061,,wallet,active,2022-04-19
9107,30067,,wallet,active,2026-05-01
9108,30071,,wallet,active,2025-02-17
9109,30087,,wallet,active,2022-06-16
9110,30091,,wallet,active,2022-07-01
9111,30092,,wallet,active,2025-06-11
9112,30094,,wallet,active,2020-12-22
9113,30095,,wallet,active,2024-12-18
9114,30107,,wallet,active,2026-01-12
9115,30110,,wallet,active,2019-04-18
9116,30111,,wallet,active,2023-02-27
9117,30114,,wallet,active,2025-12-11
9118,30121,,wallet,active,2025-05-27
9119,30123,,wallet,active,2025-04-17
9120,30124,,wallet,active,2021-12-08
9121,30125,,wallet,active,2022-10-23
9122,30130,,wallet,active,2020-02-23
9123,30139,,wallet,active,2022-05-15
9124,30142,,wallet,active,2022-10-08
9125,30145,,wallet,active,2019-05-06
9126,30146,,wallet,active,2021-02-18
9127,30148,,wallet,active,2022-01-09
9128,30149,,wallet,active,2023-11-19
9129,30152,,wallet,active,2024-04-21
9130,30154,,wallet,active,2021-01-29
9131,30155,,wallet,active,2022-06-18
9132,30163,,wallet,active,2026-05-19
9133,30165,,wallet,active,2021-10-18
9134,30166,,wallet,active,2020-09-06
9135,30168,,wallet,active,2024-09-29
9136,30169,,wallet,active,2021-01-07
9137,30174,,wallet,active,2025-09-01
9138,30179,,wallet,active,2021-08-08
9139,30184,,wallet,active,2024-07-09
9140,30190,,wallet,active,2021-04-15
9141,30195,,wallet,active,2020-01-26
9142,30197,,wallet,active,2020-06-05
9143,30200,,wallet,active,2023-06-26
9144,30220,,wallet,active,2020-07-19
9145,30221,,wallet,active,2025-08-05
9146,30222,,wallet,active,2020-05-10
9147,30224,,wallet,active,2022-11-23
9148,30227,,wallet,active,2019-08-03
9149,30236,,wallet,active,2019-07-30
9150,30237,,wallet,active,2022-10-29
9151,30239,,wallet,active,2021-08-02
9152,30240,,wallet,active,2021-05-08
9153,30241,,wallet,active,2024-09-05
9154,30243,,wallet,active,2022-10-13
9155,30244,,wallet,active,2020-12-30
9156,30246,,wallet,active,2019-12-02
9157,30247,,wallet,active,2024-01-16
9158,30248,,wallet,active,2024-07-11
9159,30255,,wallet,active,2022-05-13
9160,30257,,wallet,active,2023-04-06
9161,30268,,wallet,active,2024-12-03
9162,30274,,wallet,active,2023-03-05
9163,30275,,wallet,active,2026-01-10
9164,30277,,wallet,active,2024-02-18
9165,30281,,wallet,active,2025-04-17
9166,30282,,wallet,active,2025-09-03
9167,30285,,wallet,active,2021-03-21
9168,30286,,wallet,active,2019-06-16
9169,30288,,wallet,active,2023-11-06
9170,30293,,wallet,active,2021-03-09
9171,30296,,wallet,active,2022-08-01
9172,30301,,wallet,active,2019-09-20
9173,30303,,wallet,active,2024-08-09
9174,30305,,wallet,active,2020-01-03
9175,30308,,wallet,active,2022-06-25
9176,30311,,wallet,active,2022-02-28
9177,30316,,wallet,active,2022-02-07
9178,30324,,wallet,active,2024-02-28
9179,30325,,wallet,active,2022-12-11
9180,30327,,wallet,active,2023-06-03
9181,30329,,wallet,active,2025-04-22
9182,30338,,wallet,active,2019-11-12
9183,30347,,wallet,active,2024-06-15
9184,30348,,wallet,active,2020-12-17
9185,30351,,wallet,active,2026-03-19
9186,30352,,wallet,active,2024-02-03
9187,30356,,wallet,active,2019-05-17
9188,30362,,wallet,active,2020-05-22
9189,30364,,wallet,active,2022-05-20
9190,30370,,wallet,active,2024-12-22
9191,30374,,wallet,active,2022-10-19
9192,30376,,wallet,active,2019-08-23
9193,30393,,wallet,active,2020-01-09
9194,30396,,wallet,active,2024-11-13
9195,30397,,wallet,active,2024-07-03
9196,30398,,wallet,active,2023-06-10
9197,30399,,wallet,active,2024-05-29
9198,30403,,wallet,active,2020-07-26
9199,30410,,wallet,active,2024-02-16
9200,30413,,wallet,active,2020-01-12
9201,30414,,wallet,active,2020-04-12
9202,30417,,wallet,active,2025-06-17
9203,30418,,wallet,active,2022-08-27
9204,30420,,wallet,active,2022-11-03
9205,30422,,wallet,active,2025-04-17
9206,30423,,wallet,active,2019-09-17
9207,30425,,wallet,active,2020-05-07
9208,30428,,wallet,active,2021-07-21
9209,30430,,wallet,active,2021-04-15
9210,30434,,wallet,active,2025-09-28
9211,30435,,wallet,active,2023-09-10
9212,30442,,wallet,active,2023-11-19
9213,30445,,wallet,active,2019-07-13
9214,30446,,wallet,active,2025-05-11
9215,30448,,wallet,active,2020-01-07
9216,30449,,wallet,active,2022-10-19
9217,30451,,wallet,active,2024-02-25
9218,30461,,wallet,active,2020-02-10
9219,30463,,wallet,active,2023-03-16
9220,30464,,wallet,active,2025-11-22
9221,30468,,wallet,active,2025-08-17
9222,30469,,wallet,active,2021-05-06
9223,30474,,wallet,active,2020-08-29
9224,30477,,wallet,active,2024-07-11
9225,30483,,wallet,active,2022-12-06
9226,30486,,wallet,active,2019-04-15
9227,30487,,wallet,active,2025-05-16
9228,30497,,wallet,active,2024-11-23
9229,30499,,wallet,active,2025-07-08
9230,30501,,wallet,active,2026-03-21
9231,30508,,wallet,active,2019-04-02
9232,30512,,wallet,active,2025-12-03
9233,30513,,wallet,active,2020-06-02
9234,30514,,wallet,active,2025-05-08
9235,30515,,wallet,active,2022-06-16
9236,30516,,wallet,active,2025-01-29
9237,30525,,wallet,active,2021-06-18
9238,30527,,wallet,active,2024-04-10
9239,30528,,wallet,active,2025-06-09
9240,30530,,wallet,active,2022-02-20
9241,30531,,wallet,active,2020-03-20
9242,30534,,wallet,active,2024-09-10
9243,30541,,wallet,active,2023-10-21
9244,30549,,wallet,active,2021-07-16
9245,30552,,wallet,active,2019-04-26
9246,30554,,wallet,active,2024-08-01
9247,30558,,wallet,active,2021-05-27
9248,30559,,wallet,active,2019-05-24
9249,30562,,wallet,active,2020-04-22
9250,30563,,wallet,active,2021-03-28
9251,30564,,wallet,active,2022-09-28
9252,30565,,wallet,active,2021-10-06
9253,30567,,wallet,active,2020-12-26
9254,30569,,wallet,active,2023-11-19
9255,30571,,wallet,active,2022-03-22
9256,30572,,wallet,active,2023-07-24
9257,30578,,wallet,active,2020-07-26
9258,30579,,wallet,active,2025-05-10
9259,30592,,wallet,active,2020-08-09
9260,30595,,wallet,active,2022-09-16
9261,30598,,wallet,active,2025-09-24
9262,30600,,wallet,active,2025-04-14
9263,30602,,wallet,active,2024-01-19
9264,30608,,wallet,active,2021-08-31
9265,30612,,wallet,active,2020-06-08
9266,30613,,wallet,active,2020-10-27
9267,30616,,wallet,active,2025-05-05
9268,30617,,wallet,active,2024-04-18
9269,30625,,wallet,active,2019-04-27
9270,30629,,wallet,active,2023-11-25
9271,30630,,wallet,active,2026-02-03
9272,30632,,wallet,active,2023-07-21
9273,30637,,wallet,active,2019-01-16
9274,30638,,wallet,active,2021-04-15
9275,30643,,wallet,active,2022-09-30
9276,30646,,wallet,active,2025-06-24
9277,30649,,wallet,active,2025-11-01
9278,30654,,wallet,active,2026-05-17
9279,30656,,wallet,active,2026-04-29
9280,30661,,wallet,active,2022-11-05
9281,30667,,wallet,active,2025-01-10
9282,30669,,wallet,active,2026-02-15
9283,30670,,wallet,active,2019-03-04
9284,30671,,wallet,active,2023-12-21
9285,30673,,wallet,active,2019-01-29
9286,30675,,wallet,active,2025-05-02
9287,30683,,wallet,active,2020-12-30
9288,30685,,wallet,active,2025-03-26
9289,30686,,wallet,active,2025-01-16
9290,30691,,wallet,active,2023-09-15
9291,30692,,wallet,active,2023-11-02
9292,30693,,wallet,active,2024-01-29
9293,30695,,wallet,active,2019-01-18
9294,30697,,wallet,active,2021-12-05
9295,30704,,wallet,active,2024-07-23
9296,30708,,wallet,active,2019-02-07
9297,30712,,wallet,active,2021-03-16
9298,30713,,wallet,active,2021-02-11
9299,30714,,wallet,active,2024-08-05
9300,30720,,wallet,active,2020-12-17
9301,30726,,wallet,active,2023-06-06
9302,30728,,wallet,active,2024-06-01
9303,30734,,wallet,active,2022-06-13
9304,30741,,wallet,active,2021-06-05
9305,30744,,wallet,active,2025-02-11
9306,30746,,wallet,active,2020-04-23
9307,30750,,wallet,active,2019-11-29
9308,30751,,wallet,active,2025-12-02
9309,30754,,wallet,active,2023-02-21
9310,30756,,wallet,active,2021-08-13
9311,30758,,wallet,active,2020-09-08
9312,30760,,wallet,active,2025-04-04
9313,30761,,wallet,active,2022-06-17
9314,30766,,wallet,active,2025-09-20
9315,30769,,wallet,active,2022-05-25
9316,30770,,wallet,active,2026-01-15
9317,30775,,wallet,active,2026-04-07
9318,30779,,wallet,active,2025-11-16
9319,30781,,wallet,active,2026-05-11
9320,30787,,wallet,active,2020-07-02
9321,30788,,wallet,active,2019-09-27
9322,30794,,wallet,active,2021-09-27
9323,30800,,wallet,active,2019-11-06
9324,30806,,wallet,active,2022-09-25
9325,30808,,wallet,active,2020-09-29
9326,30810,,wallet,active,2025-01-10
9327,30814,,wallet,active,2025-06-18
9328,30818,,wallet,active,2024-01-27
9329,30822,,wallet,active,2023-10-03
9330,30825,,wallet,active,2023-09-24
9331,30826,,wallet,active,2024-06-28
9332,30829,,wallet,active,2022-05-26
9333,30835,,wallet,active,2025-03-16
9334,30837,,wallet,active,2019-02-07
9335,30841,,wallet,active,2022-08-09
9336,30845,,wallet,active,2023-03-11
9337,30850,,wallet,active,2025-11-30
9338,30851,,wallet,active,2025-12-25
9339,30854,,wallet,active,2021-09-19
9340,30860,,wallet,active,2024-12-10
9341,30864,,wallet,active,2026-04-30
9342,30867,,wallet,active,2019-04-21
9343,30870,,wallet,active,2025-12-21
9344,30872,,wallet,active,2019-07-02
9345,30875,,wallet,active,2021-10-02
9346,30876,,wallet,active,2022-07-24
9347,30880,,wallet,active,2023-07-29
9348,30881,,wallet,active,2022-02-02
9349,30882,,wallet,active,2025-01-17
9350,30883,,wallet,active,2021-02-16
9351,30886,,wallet,active,2020-09-27
9352,30891,,wallet,active,2024-08-26
9353,30895,,wallet,active,2024-11-03
9354,30897,,wallet,active,2020-01-04
9355,30903,,wallet,active,2020-03-11
9356,30905,,wallet,active,2023-02-16
9357,30908,,wallet,active,2023-06-22
9358,30909,,wallet,active,2020-01-12
9359,30910,,wallet,active,2024-03-04
9360,30911,,wallet,active,2019-06-23
9361,30920,,wallet,active,2020-10-13
9362,30921,,wallet,active,2025-10-10
9363,30922,,wallet,active,2019-10-06
9364,30924,,wallet,active,2025-12-13
9365,30927,,wallet,active,2021-09-08
9366,30929,,wallet,active,2025-03-24
9367,30930,,wallet,active,2020-02-28
9368,30935,,wallet,active,2019-10-15
9369,30938,,wallet,active,2024-10-18
9370,30939,,wallet,active,2024-05-13
9371,30942,,wallet,active,2021-12-08
9372,30946,,wallet,active,2024-11-24
9373,30948,,wallet,active,2023-12-14
9374,30951,,wallet,active,2022-07-09
9375,30960,,wallet,active,2025-06-29
9376,30964,,wallet,active,2021-11-13
9377,30966,,wallet,active,2023-03-16
9378,30967,,wallet,active,2025-05-22
9379,30979,,wallet,active,2019-09-24
9380,30983,,wallet,active,2023-05-22
9381,30989,,wallet,active,2020-01-26
9382,30991,,wallet,active,2019-01-01
9383,30993,,wallet,active,2024-12-08
9384,30995,,wallet,active,2019-08-27
9385,30998,,wallet,active,2023-08-25
9386,31002,,wallet,active,2022-01-22
9387,31010,,wallet,active,2022-08-02
9388,31022,,wallet,active,2024-05-11
9389,31026,,wallet,active,2022-01-24
9390,31027,,wallet,active,2023-06-22
9391,31030,,wallet,active,2022-01-04
9392,31039,,wallet,active,2024-02-08
9393,31040,,wallet,active,2022-08-05
9394,31042,,wallet,active,2021-09-08
9395,31044,,wallet,active,2021-01-17
9396,31046,,wallet,active,2022-01-15
9397,31050,,wallet,active,2023-09-01
9398,31053,,wallet,active,2022-07-30
9399,31055,,wallet,active,2022-06-05
9400,31057,,wallet,active,2021-12-31
9401,31058,,wallet,active,2025-08-29
9402,31076,,wallet,active,2025-01-10
9403,31079,,wallet,active,2020-09-10
9404,31080,,wallet,active,2020-08-10
9405,31082,,wallet,active,2019-10-07
9406,31084,,wallet,active,2022-07-04
9407,31088,,wallet,active,2024-07-28
9408,31092,,wallet,active,2023-11-21
9409,31093,,wallet,active,2022-05-29
9410,31095,,wallet,active,2022-12-22
9411,31103,,wallet,active,2025-01-26
9412,31105,,wallet,active,2022-10-24
9413,31108,,wallet,active,2021-07-01
9414,31109,,wallet,active,2021-09-29
9415,31113,,wallet,active,2019-05-18
9416,31115,,wallet,active,2021-08-04
9417,31117,,wallet,active,2019-10-08
9418,31120,,wallet,active,2024-02-26
9419,31122,,wallet,active,2025-02-01
9420,31125,,wallet,active,2023-05-24
9421,31126,,wallet,active,2019-07-18
9422,31128,,wallet,active,2020-01-20
9423,31132,,wallet,active,2024-06-07
9424,31133,,wallet,active,2023-06-18
9425,31141,,wallet,active,2025-08-26
9426,31142,,wallet,active,2019-06-29
9427,31144,,wallet,active,2025-12-09
9428,31147,,wallet,active,2026-05-09
9429,31150,,wallet,active,2021-10-30
9430,31151,,wallet,active,2023-09-27
9431,31162,,wallet,active,2024-04-15
9432,31166,,wallet,active,2023-08-22
9433,31167,,wallet,active,2026-01-15
9434,31172,,wallet,active,2020-11-19
9435,31182,,wallet,active,2025-01-29
9436,31184,,wallet,active,2022-12-10
9437,31188,,wallet,active,2023-11-25
9438,31193,,wallet,active,2020-06-12
9439,31195,,wallet,active,2024-10-31
9440,31200,,wallet,active,2020-11-05
9441,31201,,wallet,active,2025-11-27
9442,31204,,wallet,active,2020-01-20
9443,31207,,wallet,active,2022-10-06
9444,31209,,wallet,active,2024-01-29
9445,31212,,wallet,active,2022-08-13
9446,31214,,wallet,active,2019-01-05
9447,31218,,wallet,active,2023-06-20
9448,31223,,wallet,active,2024-08-02
9449,31227,,wallet,active,2019-07-11
9450,31233,,wallet,active,2023-06-14
9451,31235,,wallet,active,2019-07-02
9452,31238,,wallet,active,2020-11-24
9453,31240,,wallet,active,2020-07-16
9454,31242,,wallet,active,2022-01-24
9455,31244,,wallet,active,2025-12-14
9456,31247,,wallet,active,2021-09-14
9457,31248,,wallet,active,2022-10-16
9458,31253,,wallet,active,2026-06-25
9459,31256,,wallet,active,2021-03-12
9460,31264,,wallet,active,2023-08-24
9461,31265,,wallet,active,2021-10-02
9462,31266,,wallet,active,2022-11-04
9463,31269,,wallet,active,2019-04-26
9464,31271,,wallet,active,2021-09-13
9465,31272,,wallet,active,2024-05-20
9466,31278,,wallet,active,2023-10-11
9467,31283,,wallet,active,2021-09-10
9468,31284,,wallet,active,2026-02-07
9469,31285,,wallet,active,2022-06-20
9470,31286,,wallet,active,2022-12-30
9471,31287,,wallet,active,2020-06-29
9472,31288,,wallet,active,2020-09-21
9473,31292,,wallet,active,2023-05-27
9474,31306,,wallet,active,2023-03-20
9475,31309,,wallet,active,2025-06-04
9476,31311,,wallet,active,2021-08-11
9477,31312,,wallet,active,2022-12-03
9478,31313,,wallet,active,2019-06-06
9479,31317,,wallet,active,2024-08-09
9480,31331,,wallet,active,2026-04-21
9481,31332,,wallet,active,2021-08-29
9482,31333,,wallet,active,2020-10-03
9483,31335,,wallet,active,2021-08-28
9484,31337,,wallet,active,2021-06-22
9485,31344,,wallet,active,2024-02-29
9486,31345,,wallet,active,2020-12-09
9487,31349,,wallet,active,2023-12-30
9488,31358,,wallet,active,2026-01-02
9489,31359,,wallet,active,2022-12-26
9490,31361,,wallet,active,2019-08-12
9491,31368,,wallet,active,2021-01-08
9492,31370,,wallet,active,2024-06-23
9493,31371,,wallet,active,2024-05-31
9494,31372,,wallet,active,2025-01-04
9495,31377,,wallet,active,2019-11-06
9496,31385,,wallet,active,2021-03-19
9497,31388,,wallet,active,2019-09-14
9498,31397,,wallet,active,2024-08-18
9499,31403,,wallet,active,2026-05-04
9500,31409,,wallet,active,2021-11-23
9501,31410,,wallet,active,2022-11-17
9502,31412,,wallet,active,2026-02-18
9503,31415,,wallet,active,2025-07-26
9504,31416,,wallet,active,2026-02-18
9505,31417,,wallet,active,2022-05-12
9506,31422,,wallet,active,2025-11-08
9507,31423,,wallet,active,2021-01-16
9508,31429,,wallet,active,2021-04-11
9509,31430,,wallet,active,2020-05-13
9510,31434,,wallet,active,2019-06-01
9511,31435,,wallet,active,2023-02-01
9512,31436,,wallet,active,2022-05-09
9513,31442,,wallet,active,2020-10-26
9514,31443,,wallet,active,2022-05-11
9515,31449,,wallet,active,2019-03-13
9516,31455,,wallet,active,2019-03-11
9517,31456,,wallet,active,2025-05-31
9518,31463,,wallet,active,2019-11-16
9519,31466,,wallet,active,2019-04-05
9520,31470,,wallet,active,2020-07-01
9521,31475,,wallet,active,2026-05-26
9522,31479,,wallet,active,2023-03-08
9523,31482,,wallet,active,2019-01-02
9524,31486,,wallet,active,2022-07-07
9525,31491,,wallet,active,2021-08-11
9526,31492,,wallet,active,2021-08-03
9527,31493,,wallet,active,2024-05-13
9528,31494,,wallet,active,2022-10-15
9529,31497,,wallet,active,2025-11-06
9530,31498,,wallet,active,2025-06-18
9531,31501,,wallet,active,2019-09-08
9532,31503,,wallet,active,2021-06-21
9533,31509,,wallet,active,2022-12-20
9534,31512,,wallet,active,2022-12-03
9535,31513,,wallet,active,2023-10-04
9536,31518,,wallet,active,2021-12-02
9537,31520,,wallet,active,2019-11-17
9538,31528,,wallet,active,2022-06-24
9539,31529,,wallet,active,2022-06-10
9540,31530,,wallet,active,2023-05-04
9541,31531,,wallet,active,2024-07-11
9542,31532,,wallet,active,2020-06-12
9543,31533,,wallet,active,2020-11-11
9544,31534,,wallet,active,2024-04-26
9545,31535,,wallet,active,2022-06-20
9546,31541,,wallet,active,2024-04-24
9547,31542,,wallet,active,2026-03-12
9548,31543,,wallet,active,2026-05-12
9549,31545,,wallet,active,2021-10-16
9550,31547,,wallet,active,2025-10-15
9551,31549,,wallet,active,2026-03-12
9552,31554,,wallet,active,2020-11-11
9553,31560,,wallet,active,2025-08-05
9554,31561,,wallet,active,2020-01-13
9555,31563,,wallet,active,2022-08-26
9556,31573,,wallet,active,2022-09-05
9557,31579,,wallet,active,2023-03-28
9558,31581,,wallet,active,2023-09-18
9559,31582,,wallet,active,2025-02-17
9560,31586,,wallet,active,2025-08-31
9561,31587,,wallet,active,2022-02-28
9562,31588,,wallet,active,2022-02-28
9563,31593,,wallet,active,2026-02-11
9564,31600,,wallet,active,2024-01-14
9565,31608,,wallet,active,2023-10-28
9566,31610,,wallet,active,2023-11-12
9567,31612,,wallet,active,2020-03-19
9568,31616,,wallet,active,2022-07-14
9569,31617,,wallet,active,2024-03-09
9570,31620,,wallet,active,2025-08-28
9571,31624,,wallet,active,2022-12-29
9572,31626,,wallet,active,2023-04-14
9573,31627,,wallet,active,2023-03-29
9574,31629,,wallet,active,2023-12-27
9575,31633,,wallet,active,2023-09-24
9576,31639,,wallet,active,2025-01-21
9577,31640,,wallet,active,2021-07-19
9578,31642,,wallet,active,2024-05-19
9579,31646,,wallet,active,2021-03-04
9580,31649,,wallet,active,2023-09-08
9581,31650,,wallet,active,2025-05-11
9582,31655,,wallet,active,2021-04-20
9583,31657,,wallet,active,2019-02-06
9584,31660,,wallet,active,2022-12-12
9585,31664,,wallet,active,2019-01-01
9586,31665,,wallet,active,2020-01-08
9587,31669,,wallet,active,2024-06-07
9588,31673,,wallet,active,2023-12-06
9589,31674,,wallet,active,2019-01-06
9590,31676,,wallet,active,2020-09-13
9591,31680,,wallet,active,2021-12-06
9592,31682,,wallet,active,2026-06-11
9593,31691,,wallet,active,2024-03-08
9594,31694,,wallet,active,2019-03-14
9595,31698,,wallet,active,2020-11-01
9596,31704,,wallet,active,2024-03-03
9597,31706,,wallet,active,2020-12-07
9598,31708,,wallet,active,2020-06-09
9599,31710,,wallet,active,2024-08-19
9600,31715,,wallet,active,2019-07-13
9601,31717,,wallet,active,2019-03-24
9602,31730,,wallet,active,2024-06-22
9603,31731,,wallet,active,2025-04-17
9604,31735,,wallet,active,2021-11-09
9605,31745,,wallet,active,2023-06-22
9606,31747,,wallet,active,2025-08-30
9607,31749,,wallet,active,2020-05-28
9608,31751,,wallet,active,2020-03-09
9609,31752,,wallet,active,2020-05-08
9610,31753,,wallet,active,2026-05-16
9611,31760,,wallet,active,2023-07-28
9612,31763,,wallet,active,2024-03-06
9613,31770,,wallet,active,2023-03-09
9614,31771,,wallet,active,2025-12-10
9615,31772,,wallet,active,2023-06-28
9616,31776,,wallet,active,2021-08-12
9617,31777,,wallet,active,2024-08-27
9618,31783,,wallet,active,2019-11-15
9619,31786,,wallet,active,2023-10-07
9620,31788,,wallet,active,2024-05-12
9621,31795,,wallet,active,2021-04-12
9622,31797,,wallet,active,2026-01-11
9623,31798,,wallet,active,2024-04-22
9624,31799,,wallet,active,2021-12-09
9625,31801,,wallet,active,2019-10-21
9626,31804,,wallet,active,2022-08-26
9627,31806,,wallet,active,2024-08-14
9628,31809,,wallet,active,2023-09-04
9629,31810,,wallet,active,2024-10-07
9630,31814,,wallet,active,2022-02-05
9631,31818,,wallet,active,2022-12-01
9632,31820,,wallet,active,2025-04-05
9633,31823,,wallet,active,2022-10-03
9634,31824,,wallet,active,2022-09-16
9635,31827,,wallet,active,2024-09-20
9636,31829,,wallet,active,2019-11-18
9637,31831,,wallet,active,2023-09-14
9638,31835,,wallet,active,2023-03-15
9639,31837,,wallet,active,2023-07-29
9640,31839,,wallet,active,2025-07-20
9641,31842,,wallet,active,2020-07-28
9642,31854,,wallet,active,2024-09-15
9643,31860,,wallet,active,2024-06-18
9644,31861,,wallet,active,2021-02-11
9645,31863,,wallet,active,2019-10-15
9646,31864,,wallet,active,2019-05-28
9647,31865,,wallet,active,2025-03-03
9648,31867,,wallet,active,2025-09-11
9649,31872,,wallet,active,2021-04-13
9650,31876,,wallet,active,2022-10-30
9651,31877,,wallet,active,2024-08-30
9652,31880,,wallet,active,2025-03-06
9653,31886,,wallet,active,2023-01-25
9654,31889,,wallet,active,2020-03-03
9655,31890,,wallet,active,2019-02-15
9656,31893,,wallet,active,2022-12-21
9657,31905,,wallet,active,2026-06-12
9658,31906,,wallet,active,2019-07-17
9659,31908,,wallet,active,2024-07-11
9660,31909,,wallet,active,2023-10-12
9661,31913,,wallet,active,2022-06-06
9662,31915,,wallet,active,2020-01-06
9663,31916,,wallet,active,2021-05-19
9664,31917,,wallet,active,2019-09-05
9665,31919,,wallet,active,2024-04-04
9666,31926,,wallet,active,2024-11-04
9667,31927,,wallet,active,2019-11-23
9668,31938,,wallet,active,2019-01-03
9669,31941,,wallet,active,2025-07-27
9670,31943,,wallet,active,2020-12-20
9671,31946,,wallet,active,2024-03-13
9672,31947,,wallet,active,2019-02-13
9673,31951,,wallet,active,2021-04-26
9674,31952,,wallet,active,2019-07-04
9675,31953,,wallet,active,2026-05-16
9676,31954,,wallet,active,2023-06-30
9677,31956,,wallet,active,2023-05-26
9678,31960,,wallet,active,2026-02-19
9679,31964,,wallet,active,2026-04-20
9680,31965,,wallet,active,2023-06-05
9681,31966,,wallet,active,2023-09-18
9682,31967,,wallet,active,2021-02-07
9683,31973,,wallet,active,2023-03-15
9684,31978,,wallet,active,2022-06-11
9685,31982,,wallet,active,2022-05-13
9686,31984,,wallet,active,2024-03-19
9687,31985,,wallet,active,2022-07-17
9688,31988,,wallet,active,2019-04-28
9689,31989,,wallet,active,2022-12-03
9690,31995,,wallet,active,2021-08-27
9691,32003,,wallet,active,2021-04-06
9692,32005,,wallet,active,2021-02-10
9693,32018,,wallet,active,2026-02-22
9694,32020,,wallet,active,2021-03-14
9695,32026,,wallet,active,2021-11-20
9696,32028,,wallet,active,2023-11-09
9697,32032,,wallet,active,2019-07-04
9698,32033,,wallet,active,2026-05-13
9699,32045,,wallet,active,2022-01-24
9700,32047,,wallet,active,2025-06-12
9701,32051,,wallet,active,2025-11-14
9702,32058,,wallet,active,2025-11-26
9703,32068,,wallet,active,2023-08-30
9704,32070,,wallet,active,2021-02-11
9705,32071,,wallet,active,2021-01-24
9706,32075,,wallet,active,2025-12-14
9707,32080,,wallet,active,2019-12-26
9708,32082,,wallet,active,2024-06-22
9709,32084,,wallet,active,2022-01-04
9710,32087,,wallet,active,2023-10-18
9711,32090,,wallet,active,2019-07-08
9712,32094,,wallet,active,2022-09-30
9713,32095,,wallet,active,2019-09-18
9714,32098,,wallet,active,2025-11-07
9715,32100,,wallet,active,2024-06-05
9716,32101,,wallet,active,2021-12-16
9717,32106,,wallet,active,2022-04-02
9718,32108,,wallet,active,2023-02-12
9719,32112,,wallet,active,2026-06-24
9720,32114,,wallet,active,2023-08-05
9721,32120,,wallet,active,2020-03-20
9722,32130,,wallet,active,2020-07-21
9723,32131,,wallet,active,2025-11-21
9724,32134,,wallet,active,2024-10-30
9725,32135,,wallet,active,2025-05-08
9726,32138,,wallet,active,2025-01-10
9727,32141,,wallet,active,2020-05-27
9728,32145,,wallet,active,2020-03-15
9729,32152,,wallet,active,2021-06-03
9730,32153,,wallet,active,2022-04-30
9731,32168,,wallet,active,2019-03-16
9732,32171,,wallet,active,2023-07-29
9733,32179,,wallet,active,2026-04-26
9734,32183,,wallet,active,2022-07-13
9735,32184,,wallet,active,2021-07-25
9736,32187,,wallet,active,2021-12-02
9737,32188,,wallet,active,2023-08-08
9738,32194,,wallet,active,2023-04-13
9739,32197,,wallet,active,2022-05-22
9740,32199,,wallet,active,2021-05-05
9741,32201,,wallet,active,2022-07-03
9742,32204,,wallet,active,2021-01-11
9743,32205,,wallet,active,2021-09-10
9744,32209,,wallet,active,2023-11-26
9745,32214,,wallet,active,2022-10-07
9746,32218,,wallet,active,2025-05-01
9747,32226,,wallet,active,2025-09-16
9748,32227,,wallet,active,2024-12-04
9749,32230,,wallet,active,2021-11-19
9750,32233,,wallet,active,2021-10-15
9751,32236,,wallet,active,2025-09-16
9752,32237,,wallet,active,2024-01-30
9753,32243,,wallet,active,2021-01-23
9754,32244,,wallet,active,2024-03-04
9755,32245,,wallet,active,2021-10-17
9756,32248,,wallet,active,2023-05-20
9757,32249,,wallet,active,2025-08-27
9758,32252,,wallet,active,2019-08-06
9759,32253,,wallet,active,2022-05-16
9760,32254,,wallet,active,2023-12-04
9761,32255,,wallet,active,2025-10-18
9762,32257,,wallet,active,2026-02-24
9763,32259,,wallet,active,2022-01-31
9764,32264,,wallet,active,2024-04-26
9765,32268,,wallet,active,2023-12-08
9766,32272,,wallet,active,2025-12-02
9767,32273,,wallet,active,2022-09-26
9768,32276,,wallet,active,2021-10-25
9769,32279,,wallet,active,2024-10-25
9770,32281,,wallet,active,2023-06-26
9771,32283,,wallet,active,2022-07-08
9772,32292,,wallet,active,2023-09-25
9773,32295,,wallet,active,2024-04-18
9774,32299,,wallet,active,2024-12-09
9775,32306,,wallet,active,2025-09-22
9776,32312,,wallet,active,2019-01-26
9777,32318,,wallet,active,2020-07-25
9778,32322,,wallet,active,2025-11-06
9779,32324,,wallet,active,2025-10-24
9780,32331,,wallet,active,2020-09-24
9781,32342,,wallet,active,2019-09-07
9782,32344,,wallet,active,2019-06-20
9783,32349,,wallet,active,2022-03-11
9784,32356,,wallet,active,2025-03-23
9785,32360,,wallet,active,2022-03-31
9786,32362,,wallet,active,2024-10-24
9787,32366,,wallet,active,2024-04-10
9788,32368,,wallet,active,2019-01-01
9789,32375,,wallet,active,2022-11-05
9790,32376,,wallet,active,2024-01-29
9791,32377,,wallet,active,2025-08-26
9792,32379,,wallet,active,2019-10-19
9793,32381,,wallet,active,2022-05-27
9794,32387,,wallet,active,2024-04-10
9795,32391,,wallet,active,2024-02-10
9796,32392,,wallet,active,2021-04-13
9797,32394,,wallet,active,2024-03-31
9798,32395,,wallet,active,2026-04-02
9799,32396,,wallet,active,2020-12-09
9800,32397,,wallet,active,2023-06-15
9801,32398,,wallet,active,2023-12-22
9802,32400,,wallet,active,2022-01-30
9803,32406,,wallet,active,2024-07-31
9804,32407,,wallet,active,2026-05-19
9805,32409,,wallet,active,2025-11-16
9806,32412,,wallet,active,2023-03-18
9807,32414,,wallet,active,2019-08-07
9808,32417,,wallet,active,2025-12-14
9809,32421,,wallet,active,2025-06-04
9810,32435,,wallet,active,2026-03-09
9811,32436,,wallet,active,2023-12-10
9812,32438,,wallet,active,2024-05-10
9813,32440,,wallet,active,2023-12-09
9814,32442,,wallet,active,2021-04-08
9815,32444,,wallet,active,2024-01-07
9816,32448,,wallet,active,2021-07-11
9817,32450,,wallet,active,2019-01-20
9818,32451,,wallet,active,2025-09-19
9819,32452,,wallet,active,2024-03-21
9820,32456,,wallet,active,2021-10-30
9821,32457,,wallet,active,2020-11-05
9822,32461,,wallet,active,2024-11-10
9823,32465,,wallet,active,2019-07-18
9824,32467,,wallet,active,2023-10-26
9825,32472,,wallet,active,2025-12-01
9826,32474,,wallet,active,2019-12-04
9827,32475,,wallet,active,2024-08-20
9828,32480,,wallet,active,2023-01-06
9829,32481,,wallet,active,2023-07-17
9830,32482,,wallet,active,2024-01-13
9831,32486,,wallet,active,2021-06-11
9832,32489,,wallet,active,2022-05-20
9833,32495,,wallet,active,2019-03-30
9834,32496,,wallet,active,2026-05-19
9835,32497,,wallet,active,2024-03-20
9836,32498,,wallet,active,2019-10-28
9837,32499,,wallet,active,2019-06-06
9838,32501,,wallet,active,2024-03-13
9839,32508,,wallet,active,2021-02-17
9840,32517,,wallet,active,2020-11-28
9841,32518,,wallet,active,2021-02-13
9842,32520,,wallet,active,2021-11-29
9843,32523,,wallet,active,2020-09-10
9844,32524,,wallet,active,2020-03-16
9845,32528,,wallet,active,2024-11-05
9846,32531,,wallet,active,2023-11-25
9847,32533,,wallet,active,2024-04-20
9848,32539,,wallet,active,2023-10-17
9849,32543,,wallet,active,2022-04-16
9850,32544,,wallet,active,2025-09-07
9851,32547,,wallet,active,2020-07-27
9852,32550,,wallet,active,2025-11-06
9853,32551,,wallet,active,2022-02-13
9854,32558,,wallet,active,2021-08-15
9855,32560,,wallet,active,2024-08-17
9856,32564,,wallet,active,2020-02-01
9857,32565,,wallet,active,2023-09-24
9858,32568,,wallet,active,2020-07-27
9859,32573,,wallet,active,2020-05-04
9860,32574,,wallet,active,2022-11-20
9861,32577,,wallet,active,2019-01-12
9862,32584,,wallet,active,2026-03-07
9863,32589,,wallet,active,2020-01-28
9864,32596,,wallet,active,2024-02-08
9865,32597,,wallet,active,2023-08-24
9866,32598,,wallet,active,2021-08-14
9867,32601,,wallet,active,2022-01-19
9868,32605,,wallet,active,2023-08-06
9869,32607,,wallet,active,2022-08-30
9870,32610,,wallet,active,2021-12-11
9871,32611,,wallet,active,2020-07-14
9872,32622,,wallet,active,2022-10-21
9873,32623,,wallet,active,2019-07-11
9874,32626,,wallet,active,2021-02-26
9875,32635,,wallet,active,2022-08-14
9876,32637,,wallet,active,2020-07-27
9877,32638,,wallet,active,2019-01-01
9878,32646,,wallet,active,2026-03-28
9879,32652,,wallet,active,2022-04-07
9880,32653,,wallet,active,2019-10-20
9881,32669,,wallet,active,2021-08-11
9882,32672,,wallet,active,2025-02-28
9883,32675,,wallet,active,2023-08-18
9884,32676,,wallet,active,2020-10-10
9885,32679,,wallet,active,2024-03-23
9886,32680,,wallet,active,2019-06-15
9887,32682,,wallet,active,2021-11-30
9888,32684,,wallet,active,2025-11-02
9889,32688,,wallet,active,2024-09-23
9890,32690,,wallet,active,2025-05-24
9891,32692,,wallet,active,2020-06-22
9892,32693,,wallet,active,2025-06-07
9893,32698,,wallet,active,2021-05-29
9894,32700,,wallet,active,2024-08-03
9895,32709,,wallet,active,2019-10-09
9896,32712,,wallet,active,2025-12-06
9897,32719,,wallet,active,2024-06-30
9898,32721,,wallet,active,2021-11-08
9899,32722,,wallet,active,2021-05-22
9900,32723,,wallet,active,2025-05-07
9901,32726,,wallet,active,2022-04-20
9902,32733,,wallet,active,2024-04-13
9903,32734,,wallet,active,2026-05-20
9904,32736,,wallet,active,2019-12-04
9905,32743,,wallet,active,2022-03-25
9906,32745,,wallet,active,2022-01-19
9907,32748,,wallet,active,2020-04-14
9908,32749,,wallet,active,2021-02-19
9909,32751,,wallet,active,2020-04-15
9910,32752,,wallet,active,2025-09-27
9911,32757,,wallet,active,2020-05-02
9912,32759,,wallet,active,2025-04-03
9913,32766,,wallet,active,2024-01-02
9914,32768,,wallet,active,2021-06-14
9915,32771,,wallet,active,2019-03-19
9916,32772,,wallet,active,2021-09-18
9917,32774,,wallet,active,2021-04-22
9918,32778,,wallet,active,2020-06-13
9919,32781,,wallet,active,2021-10-21
9920,32782,,wallet,active,2021-05-14
9921,32783,,wallet,active,2019-12-30
9922,32789,,wallet,active,2020-04-03
9923,32790,,wallet,active,2025-05-03
9924,32791,,wallet,active,2026-03-30
9925,32804,,wallet,active,2024-08-14
9926,32805,,wallet,active,2024-06-18
9927,32814,,wallet,active,2024-01-08
9928,32815,,wallet,active,2020-08-17
9929,32823,,wallet,active,2021-11-26
9930,32824,,wallet,active,2024-12-12
9931,32829,,wallet,active,2021-01-22
9932,32830,,wallet,active,2020-02-10
9933,32831,,wallet,active,2019-01-21
9934,32832,,wallet,active,2023-06-03
9935,32836,,wallet,active,2020-11-18
9936,32846,,wallet,active,2024-02-24
9937,32847,,wallet,active,2026-02-03
9938,32850,,wallet,active,2021-10-17
9939,32851,,wallet,active,2024-06-03
9940,32852,,wallet,active,2020-12-20
9941,32856,,wallet,active,2019-08-17
9942,32860,,wallet,active,2020-12-01
9943,32861,,wallet,active,2023-11-20
9944,32862,,wallet,active,2021-07-20
9945,32865,,wallet,active,2023-08-10
9946,32866,,wallet,active,2025-04-26
9947,32867,,wallet,active,2021-12-28
9948,32868,,wallet,active,2021-06-15
9949,32872,,wallet,active,2020-07-10
9950,32875,,wallet,active,2020-03-21
9951,32880,,wallet,active,2022-04-15
9952,32883,,wallet,active,2021-08-12
9953,32884,,wallet,active,2022-04-04
9954,32889,,wallet,active,2023-12-04
9955,32895,,wallet,active,2020-09-14
9956,32896,,wallet,active,2026-04-11
9957,32898,,wallet,active,2020-08-30
9958,32902,,wallet,active,2019-02-20
9959,32903,,wallet,active,2022-10-11
9960,32916,,wallet,active,2020-11-25
9961,32919,,wallet,active,2020-03-04
9962,32923,,wallet,active,2025-05-04
9963,32926,,wallet,active,2024-02-16
9964,32931,,wallet,active,2024-04-25
9965,32939,,wallet,active,2019-07-11
9966,32944,,wallet,active,2021-01-08
9967,32946,,wallet,active,2019-08-20
9968,32953,,wallet,active,2022-09-08
9969,32960,,wallet,active,2024-11-03
9970,32962,,wallet,active,2019-01-01
9971,32963,,wallet,active,2019-08-24
9972,32965,,wallet,active,2021-07-04
9973,32966,,wallet,active,2025-03-01
9974,32967,,wallet,active,2024-11-17
9975,32969,,wallet,active,2023-01-28
9976,32970,,wallet,active,2020-03-02
9977,32971,,wallet,active,2022-08-29
9978,32974,,wallet,active,2023-08-19
9979,32976,,wallet,active,2025-02-26
9980,32982,,wallet,active,2022-11-07
9981,32984,,wallet,active,2019-02-25
9982,32986,,wallet,active,2026-05-20
9983,32988,,wallet,active,2026-04-09
9984,32994,,wallet,active,2019-12-27
9985,33002,,wallet,active,2022-09-14
9986,33006,,wallet,active,2020-08-29
9987,33015,,wallet,active,2023-03-04
9988,33018,,wallet,active,2025-11-10
9989,33019,,wallet,active,2025-03-25
9990,33021,,wallet,active,2019-03-01
9991,33026,,wallet,active,2021-05-20
9992,33029,,wallet,active,2019-07-01
9993,33032,,wallet,active,2021-10-20
9994,33037,,wallet,active,2021-04-07
9995,33044,,wallet,active,2020-02-15
9996,33053,,wallet,active,2026-03-20
9997,33057,,wallet,active,2025-12-16
9998,33060,,wallet,active,2020-04-25
9999,33065,,wallet,active,2022-04-10
10000,33075,,wallet,active,2026-06-23
10001,33076,,wallet,active,2024-10-11
10002,33079,,wallet,active,2026-06-04
10003,33082,,wallet,active,2026-05-29
10004,33083,,wallet,active,2020-08-10
10005,33090,,wallet,active,2024-05-15
10006,33091,,wallet,active,2022-03-10
10007,33092,,wallet,active,2025-01-13
10008,33102,,wallet,active,2019-05-15
10009,33103,,wallet,active,2025-06-22
10010,33106,,wallet,active,2022-04-24
10011,33110,,wallet,active,2025-08-04
10012,33114,,wallet,active,2024-04-12
10013,33121,,wallet,active,2021-10-22
10014,33122,,wallet,active,2020-08-26
10015,33123,,wallet,active,2025-08-31
10016,33126,,wallet,active,2025-12-03
10017,33128,,wallet,active,2021-11-22
10018,33133,,wallet,active,2026-02-26
10019,33136,,wallet,active,2021-07-14
10020,33137,,wallet,active,2019-10-11
10021,33139,,wallet,active,2020-11-28
10022,33141,,wallet,active,2022-12-12
10023,33143,,wallet,active,2021-08-19
10024,33145,,wallet,active,2020-01-23
10025,33146,,wallet,active,2026-02-12
10026,33147,,wallet,active,2021-02-06
10027,33148,,wallet,active,2019-02-11
10028,33153,,wallet,active,2022-08-24
10029,33156,,wallet,active,2023-05-03
10030,33161,,wallet,active,2025-05-31
10031,33170,,wallet,active,2019-03-27
10032,33173,,wallet,active,2025-09-20
10033,33175,,wallet,active,2022-08-03
10034,33176,,wallet,active,2024-11-09
10035,33178,,wallet,active,2022-06-20
10036,33179,,wallet,active,2025-10-08
10037,33181,,wallet,active,2022-07-03
10038,33183,,wallet,active,2022-09-20
10039,33190,,wallet,active,2020-01-16
10040,33196,,wallet,active,2023-02-22
10041,33204,,wallet,active,2019-02-05
10042,33205,,wallet,active,2024-07-17
10043,33216,,wallet,active,2023-06-04
10044,33230,,wallet,active,2025-12-03
10045,33232,,wallet,active,2026-04-27
10046,33235,,wallet,active,2023-04-02
10047,33239,,wallet,active,2025-10-13
10048,33250,,wallet,active,2023-10-16
10049,33252,,wallet,active,2026-05-22
10050,33255,,wallet,active,2021-12-19
10051,33257,,wallet,active,2023-11-26
10052,33263,,wallet,active,2024-11-27
10053,33266,,wallet,active,2026-05-26
10054,33282,,wallet,active,2024-03-25
10055,33283,,wallet,active,2022-09-02
10056,33285,,wallet,active,2026-02-24
10057,33286,,wallet,active,2020-08-02
10058,33291,,wallet,active,2025-03-02
10059,33297,,wallet,active,2019-04-26
10060,33300,,wallet,active,2021-12-11
10061,33311,,wallet,active,2025-09-22
10062,33316,,wallet,active,2024-05-28
10063,33319,,wallet,active,2025-04-17
10064,33320,,wallet,active,2022-07-13
10065,33321,,wallet,active,2025-12-11
10066,33322,,wallet,active,2019-10-26
10067,33324,,wallet,active,2021-06-06
10068,33325,,wallet,active,2025-09-19
10069,33326,,wallet,active,2022-11-19
10070,33328,,wallet,active,2024-06-07
10071,33334,,wallet,active,2025-12-13
10072,33336,,wallet,active,2026-02-12
10073,33337,,wallet,active,2021-06-28
10074,33338,,wallet,active,2023-01-08
10075,33340,,wallet,active,2024-12-18
10076,33342,,wallet,active,2024-10-19
10077,33343,,wallet,active,2021-01-31
10078,33344,,wallet,active,2025-09-01
10079,33347,,wallet,active,2026-05-19
10080,33349,,wallet,active,2025-02-24
10081,33351,,wallet,active,2020-12-28
10082,33356,,wallet,active,2023-07-22
10083,33357,,wallet,active,2025-11-19
10084,33360,,wallet,active,2024-12-06
10085,33362,,wallet,active,2020-04-27
10086,33363,,wallet,active,2022-04-05
10087,33364,,wallet,active,2026-06-20
10088,33365,,wallet,active,2023-11-29
10089,33367,,wallet,active,2021-07-18
10090,33371,,wallet,active,2021-04-21
10091,33377,,wallet,active,2025-06-20
10092,33378,,wallet,active,2023-07-18
10093,33382,,wallet,active,2020-04-26
10094,33384,,wallet,active,2024-07-04
10095,33387,,wallet,active,2020-10-14
10096,33394,,wallet,active,2025-12-09
10097,33395,,wallet,active,2021-11-01
10098,33397,,wallet,active,2021-10-30
10099,33400,,wallet,active,2026-06-20
10100,33405,,wallet,active,2024-10-20
10101,33408,,wallet,active,2024-10-16
10102,33412,,wallet,active,2023-04-05
10103,33413,,wallet,active,2023-04-19
10104,33418,,wallet,active,2020-11-18
10105,33421,,wallet,active,2023-05-06
10106,33422,,wallet,active,2019-03-18
10107,33426,,wallet,active,2024-01-29
10108,33427,,wallet,active,2023-04-01
10109,33428,,wallet,active,2026-04-15
10110,33430,,wallet,active,2024-07-10
10111,33433,,wallet,active,2019-12-19
10112,33434,,wallet,active,2026-02-17
10113,33436,,wallet,active,2023-10-08
10114,33441,,wallet,active,2020-09-08
10115,33444,,wallet,active,2022-08-12
10116,33450,,wallet,active,2023-05-13
10117,33458,,wallet,active,2024-09-16
10118,33460,,wallet,active,2026-05-09
10119,33464,,wallet,active,2020-01-18
10120,33465,,wallet,active,2024-10-04
10121,33467,,wallet,active,2025-02-11
10122,33468,,wallet,active,2025-11-15
10123,33470,,wallet,active,2020-12-02
10124,33471,,wallet,active,2019-02-23
10125,33476,,wallet,active,2025-11-30
10126,33480,,wallet,active,2025-07-21
10127,33482,,wallet,active,2019-07-18
10128,33484,,wallet,active,2019-12-13
10129,33485,,wallet,active,2024-11-25
10130,33488,,wallet,active,2020-06-26
10131,33490,,wallet,active,2022-01-04
10132,33493,,wallet,active,2023-01-11
10133,33495,,wallet,active,2021-08-04
10134,33501,,wallet,active,2025-03-13
10135,33508,,wallet,active,2019-04-12
10136,33509,,wallet,active,2025-06-14
10137,33511,,wallet,active,2024-02-15
10138,33513,,wallet,active,2024-11-07
10139,33514,,wallet,active,2026-01-13
10140,33515,,wallet,active,2021-10-08
10141,33518,,wallet,active,2020-07-03
10142,33519,,wallet,active,2022-12-12
10143,33521,,wallet,active,2025-03-19
10144,33523,,wallet,active,2020-02-10
10145,33527,,wallet,active,2019-11-06
10146,33528,,wallet,active,2020-09-17
10147,33541,,wallet,active,2019-10-25
10148,33545,,wallet,active,2024-01-26
10149,33546,,wallet,active,2022-06-08
10150,33547,,wallet,active,2023-10-13
10151,33549,,wallet,active,2020-03-14
10152,33550,,wallet,active,2022-11-12
10153,33554,,wallet,active,2024-08-03
10154,33556,,wallet,active,2022-01-16
10155,33557,,wallet,active,2024-01-07
10156,33559,,wallet,active,2020-02-29
10157,33560,,wallet,active,2024-09-20
10158,33561,,wallet,active,2023-06-11
10159,33563,,wallet,active,2023-03-15
10160,33568,,wallet,active,2024-05-12
10161,33569,,wallet,active,2026-02-08
10162,33572,,wallet,active,2022-12-23
10163,33579,,wallet,active,2023-11-12
10164,33581,,wallet,active,2021-08-03
10165,33582,,wallet,active,2021-04-11
10166,33587,,wallet,active,2024-07-19
10167,33588,,wallet,active,2023-08-29
10168,33591,,wallet,active,2025-11-13
10169,33597,,wallet,active,2019-11-05
10170,33601,,wallet,active,2019-01-07
10171,33602,,wallet,active,2020-01-18
10172,33604,,wallet,active,2025-09-20
10173,33606,,wallet,active,2026-05-14
10174,33621,,wallet,active,2024-04-04
10175,33625,,wallet,active,2024-08-09
10176,33627,,wallet,active,2024-10-03
10177,33631,,wallet,active,2020-05-14
10178,33632,,wallet,active,2022-08-26
10179,33636,,wallet,active,2024-10-19
10180,33637,,wallet,active,2022-01-29
10181,33639,,wallet,active,2022-08-09
10182,33642,,wallet,active,2020-05-05
10183,33644,,wallet,active,2019-05-06
10184,33650,,wallet,active,2019-03-11
10185,33660,,wallet,active,2021-02-27
10186,33661,,wallet,active,2026-06-27
10187,33663,,wallet,active,2025-01-09
10188,33664,,wallet,active,2024-08-16
10189,33665,,wallet,active,2024-07-25
10190,33669,,wallet,active,2022-12-12
10191,33670,,wallet,active,2020-03-22
10192,33673,,wallet,active,2020-07-24
10193,33676,,wallet,active,2022-02-01
10194,33689,,wallet,active,2023-11-30
10195,33703,,wallet,active,2022-04-26
10196,33704,,wallet,active,2019-04-13
10197,33707,,wallet,active,2023-03-01
10198,33709,,wallet,active,2026-01-27
10199,33711,,wallet,active,2019-08-06
10200,33715,,wallet,active,2020-07-17
10201,33716,,wallet,active,2025-03-23
10202,33721,,wallet,active,2025-05-03
10203,33723,,wallet,active,2020-06-19
10204,33724,,wallet,active,2022-04-03
10205,33728,,wallet,active,2020-02-06
10206,33729,,wallet,active,2020-10-23
10207,33733,,wallet,active,2024-09-12
10208,33736,,wallet,active,2019-05-04
10209,33741,,wallet,active,2025-09-17
10210,33749,,wallet,active,2025-04-01
10211,33757,,wallet,active,2026-03-02
10212,33763,,wallet,active,2021-08-12
10213,33772,,wallet,active,2019-01-14
10214,33774,,wallet,active,2025-09-29
10215,33787,,wallet,active,2025-07-20
10216,33788,,wallet,active,2022-02-14
10217,33789,,wallet,active,2025-10-16
10218,33790,,wallet,active,2022-05-01
10219,33793,,wallet,active,2025-05-14
10220,33796,,wallet,active,2021-12-28
10221,33803,,wallet,active,2025-08-05
10222,33804,,wallet,active,2024-05-13
10223,33810,,wallet,active,2025-11-26
10224,33818,,wallet,active,2020-09-18
10225,33820,,wallet,active,2019-08-24
10226,33827,,wallet,active,2024-05-25
10227,33828,,wallet,active,2023-03-26
10228,33833,,wallet,active,2025-01-04
10229,33836,,wallet,active,2019-01-08
10230,33837,,wallet,active,2026-01-02
10231,33845,,wallet,active,2023-10-04
10232,33846,,wallet,active,2024-06-21
10233,33847,,wallet,active,2024-12-20
10234,33848,,wallet,active,2025-12-28
10235,33860,,wallet,active,2021-08-08
10236,33861,,wallet,active,2019-02-05
10237,33865,,wallet,active,2020-03-20
10238,33866,,wallet,active,2024-06-01
10239,33868,,wallet,active,2022-03-09
10240,33870,,wallet,active,2020-03-26
10241,33873,,wallet,active,2022-02-14
10242,33879,,wallet,active,2020-11-30
10243,33884,,wallet,active,2021-01-12
10244,33894,,wallet,active,2019-12-21
10245,33905,,wallet,active,2020-05-27
10246,33907,,wallet,active,2021-03-21
10247,33910,,wallet,active,2021-09-15
10248,33912,,wallet,active,2021-12-16
10249,33913,,wallet,active,2022-09-16
10250,33919,,wallet,active,2020-01-05
10251,33921,,wallet,active,2026-02-04
10252,33922,,wallet,active,2025-08-22
10253,33923,,wallet,active,2025-03-16
10254,33926,,wallet,active,2021-04-13
10255,33930,,wallet,active,2022-10-02
10256,33935,,wallet,active,2021-11-13
10257,33936,,wallet,active,2026-02-17
10258,33938,,wallet,active,2026-02-04
10259,33941,,wallet,active,2024-06-23
10260,33943,,wallet,active,2019-12-09
10261,33947,,wallet,active,2022-12-04
10262,33948,,wallet,active,2023-10-13
10263,33952,,wallet,active,2023-07-11
10264,33957,,wallet,active,2022-02-03
10265,33961,,wallet,active,2025-01-02
10266,33962,,wallet,active,2025-06-25
10267,33965,,wallet,active,2024-05-22
10268,33972,,wallet,active,2020-02-21
10269,33973,,wallet,active,2019-04-04
10270,33985,,wallet,active,2020-10-31
10271,33988,,wallet,active,2024-05-12
10272,33990,,wallet,active,2025-03-11
10273,33999,,wallet,active,2024-07-17
10274,34002,,wallet,active,2025-06-27
10275,34004,,wallet,active,2025-08-25
10276,34005,,wallet,active,2023-04-03
10277,34006,,wallet,active,2021-11-10
10278,34007,,wallet,active,2020-10-23
10279,34009,,wallet,active,2022-05-06
10280,34011,,wallet,active,2021-08-05
10281,34014,,wallet,active,2019-02-04
10282,34015,,wallet,active,2025-02-02
10283,34018,,wallet,active,2024-12-26
10284,34019,,wallet,active,2019-06-20
10285,34021,,wallet,active,2024-12-29
10286,34024,,wallet,active,2021-03-07
10287,34025,,wallet,active,2020-01-12
10288,34026,,wallet,active,2022-08-28
10289,34027,,wallet,active,2022-10-28
10290,34031,,wallet,active,2021-08-21
10291,34033,,wallet,active,2022-06-11
10292,34034,,wallet,active,2024-06-03
10293,34040,,wallet,active,2024-05-25
10294,34043,,wallet,active,2024-04-26
10295,34045,,wallet,active,2019-08-07
10296,34050,,wallet,active,2022-10-22
10297,34052,,wallet,active,2023-01-08
10298,34053,,wallet,active,2024-12-13
10299,34054,,wallet,active,2022-03-05
10300,34057,,wallet,active,2024-06-16
10301,34058,,wallet,active,2026-05-01
10302,34059,,wallet,active,2025-10-30
10303,34061,,wallet,active,2025-02-07
10304,34063,,wallet,active,2025-02-05
10305,34065,,wallet,active,2021-01-15
10306,34070,,wallet,active,2024-09-25
10307,34078,,wallet,active,2021-02-26
10308,34094,,wallet,active,2019-05-28
10309,34097,,wallet,active,2021-06-29
10310,34098,,wallet,active,2019-09-14
10311,34103,,wallet,active,2024-03-12
10312,34105,,wallet,active,2025-01-15
10313,34106,,wallet,active,2025-12-30
10314,34109,,wallet,active,2022-02-25
10315,34113,,wallet,active,2021-09-02
10316,34120,,wallet,active,2021-04-30
10317,34131,,wallet,active,2025-01-11
10318,34134,,wallet,active,2025-09-15
10319,34143,,wallet,active,2020-05-14
10320,34151,,wallet,active,2026-03-07
10321,34152,,wallet,active,2019-12-14
10322,34155,,wallet,active,2020-02-14
10323,34156,,wallet,active,2021-04-09
10324,34158,,wallet,active,2022-11-13
10325,34167,,wallet,active,2024-05-12
10326,34168,,wallet,active,2022-03-17
10327,34169,,wallet,active,2023-05-09
10328,34173,,wallet,active,2024-06-23
10329,34177,,wallet,active,2023-06-22
10330,34178,,wallet,active,2021-11-26
10331,34181,,wallet,active,2024-11-25
10332,34185,,wallet,active,2024-10-09
10333,34186,,wallet,active,2023-05-21
10334,34189,,wallet,active,2019-12-13
10335,34193,,wallet,active,2021-04-06
10336,34204,,wallet,active,2024-08-30
10337,34207,,wallet,active,2022-03-10
10338,34208,,wallet,active,2022-07-05
10339,34209,,wallet,active,2021-12-20
10340,34212,,wallet,active,2025-04-10
10341,34213,,wallet,active,2020-07-06
10342,34214,,wallet,active,2023-07-06
10343,34220,,wallet,active,2019-03-30
10344,34221,,wallet,active,2023-03-01
10345,34231,,wallet,active,2023-02-22
10346,34234,,wallet,active,2025-12-05
10347,34235,,wallet,active,2024-10-23
10348,34236,,wallet,active,2023-09-02
10349,34239,,wallet,active,2022-12-18
10350,34241,,wallet,active,2020-04-24
10351,34247,,wallet,active,2023-04-28
10352,34250,,wallet,active,2019-07-12
10353,34252,,wallet,active,2020-05-14
10354,34255,,wallet,active,2020-01-09
10355,34263,,wallet,active,2021-05-30
10356,34267,,wallet,active,2019-10-20
10357,34273,,wallet,active,2019-12-07
10358,34276,,wallet,active,2021-09-17
10359,34279,,wallet,active,2025-02-24
10360,34281,,wallet,active,2020-04-20
10361,34282,,wallet,active,2019-09-16
10362,34285,,wallet,active,2019-01-08
10363,34288,,wallet,active,2025-05-11
10364,34290,,wallet,active,2019-04-15
10365,34291,,wallet,active,2023-01-08
10366,34303,,wallet,active,2022-07-16
10367,34307,,wallet,active,2022-09-29
10368,34308,,wallet,active,2020-08-28
10369,34310,,wallet,active,2022-01-27
10370,34311,,wallet,active,2025-07-22
10371,34312,,wallet,active,2022-04-01
10372,34315,,wallet,active,2020-08-16
10373,34319,,wallet,active,2019-10-02
10374,34324,,wallet,active,2023-04-22
10375,34328,,wallet,active,2023-03-03
10376,34329,,wallet,active,2026-03-07
10377,34334,,wallet,active,2023-05-06
10378,34340,,wallet,active,2021-06-07
10379,34343,,wallet,active,2020-12-17
10380,34346,,wallet,active,2026-06-30
10381,34352,,wallet,active,2020-01-03
10382,34354,,wallet,active,2025-01-27
10383,34359,,wallet,active,2022-08-12
10384,34360,,wallet,active,2019-10-15
10385,34366,,wallet,active,2021-06-25
10386,34371,,wallet,active,2024-10-01
10387,34379,,wallet,active,2024-08-03
10388,34381,,wallet,active,2022-06-28
10389,34386,,wallet,active,2023-07-05
10390,34390,,wallet,active,2025-04-08
10391,34393,,wallet,active,2020-01-25
10392,34396,,wallet,active,2020-11-13
10393,34398,,wallet,active,2026-05-07
10394,34400,,wallet,active,2026-05-10
10395,34401,,wallet,active,2025-12-07
10396,34405,,wallet,active,2021-04-04
10397,34408,,wallet,active,2025-01-21
10398,34411,,wallet,active,2019-02-06
10399,34412,,wallet,active,2019-04-01
10400,34414,,wallet,active,2022-02-09
10401,34415,,wallet,active,2022-04-26
10402,34418,,wallet,active,2019-12-14
10403,34419,,wallet,active,2019-04-01
10404,34423,,wallet,active,2026-02-02
10405,34426,,wallet,active,2019-05-27
10406,34427,,wallet,active,2021-01-11
10407,34429,,wallet,active,2023-09-29
10408,34430,,wallet,active,2020-11-09
10409,34433,,wallet,active,2020-04-12
10410,34434,,wallet,active,2026-03-03
10411,34445,,wallet,active,2019-03-14
10412,34446,,wallet,active,2026-06-03
10413,34448,,wallet,active,2019-12-13
10414,34449,,wallet,active,2025-09-03
10415,34453,,wallet,active,2024-01-15
10416,34454,,wallet,active,2020-06-02
10417,34460,,wallet,active,2023-10-23
10418,34466,,wallet,active,2022-03-28
10419,34468,,wallet,active,2020-09-12
10420,34470,,wallet,active,2025-09-13
10421,34473,,wallet,active,2023-08-31
10422,34474,,wallet,active,2021-06-12
10423,34477,,wallet,active,2023-01-19
10424,34478,,wallet,active,2019-11-25
10425,34479,,wallet,active,2019-09-22
10426,34482,,wallet,active,2025-05-18
10427,34483,,wallet,active,2025-08-19
10428,34485,,wallet,active,2020-08-15
10429,34490,,wallet,active,2023-07-22
10430,34498,,wallet,active,2021-12-21
10431,34508,,wallet,active,2021-07-04
10432,34509,,wallet,active,2020-03-28
10433,34512,,wallet,active,2022-04-14
10434,34513,,wallet,active,2023-09-24
10435,34514,,wallet,active,2021-05-02
10436,34516,,wallet,active,2025-12-24
10437,34522,,wallet,active,2023-08-13
10438,34523,,wallet,active,2021-09-03
10439,34528,,wallet,active,2024-08-05
10440,34530,,wallet,active,2026-05-21
10441,34534,,wallet,active,2025-10-18
10442,34539,,wallet,active,2022-11-10
10443,34543,,wallet,active,2019-11-27
10444,34545,,wallet,active,2020-12-14
10445,34547,,wallet,active,2020-02-11
10446,34559,,wallet,active,2019-08-10
10447,34561,,wallet,active,2019-10-19
10448,34565,,wallet,active,2020-09-11
10449,34567,,wallet,active,2021-09-02
10450,34579,,wallet,active,2021-02-19
10451,34581,,wallet,active,2024-08-04
10452,34586,,wallet,active,2022-07-06
10453,34591,,wallet,active,2022-03-07
10454,34596,,wallet,active,2024-04-16
10455,34597,,wallet,active,2025-04-15
10456,34603,,wallet,active,2022-03-15
10457,34605,,wallet,active,2025-10-28
10458,34616,,wallet,active,2020-03-24
10459,34618,,wallet,active,2020-02-21
10460,34619,,wallet,active,2023-11-30
10461,34620,,wallet,active,2025-11-11
10462,34628,,wallet,active,2019-12-21
10463,34638,,wallet,active,2026-01-12
10464,34641,,wallet,active,2020-02-08
10465,34642,,wallet,active,2020-09-12
10466,34643,,wallet,active,2024-05-14
10467,34646,,wallet,active,2024-08-23
10468,34650,,wallet,active,2022-07-15
10469,34652,,wallet,active,2025-10-30
10470,34653,,wallet,active,2022-07-27
10471,34658,,wallet,active,2024-08-21
10472,34660,,wallet,active,2024-03-27
10473,34663,,wallet,active,2019-12-22
10474,34665,,wallet,active,2023-01-30
10475,34667,,wallet,active,2021-10-25
10476,34671,,wallet,active,2022-10-03
10477,34674,,wallet,active,2019-05-11
10478,34678,,wallet,active,2022-09-11
10479,34681,,wallet,active,2020-12-10
10480,34682,,wallet,active,2025-10-11
10481,34684,,wallet,active,2026-06-05
10482,34687,,wallet,active,2023-04-24
10483,34694,,wallet,active,2022-09-25
10484,34696,,wallet,active,2019-10-02
10485,34697,,wallet,active,2022-04-30
10486,34701,,wallet,active,2019-06-08
10487,34703,,wallet,active,2022-11-22
10488,34704,,wallet,active,2023-06-04
10489,34707,,wallet,active,2023-01-03
10490,34709,,wallet,active,2021-04-03
10491,34714,,wallet,active,2026-04-12
10492,34715,,wallet,active,2020-01-03
10493,34716,,wallet,active,2020-09-26
10494,34717,,wallet,active,2021-11-01
10495,34724,,wallet,active,2022-08-29
10496,34727,,wallet,active,2025-03-05
10497,34733,,wallet,active,2022-03-23
10498,34736,,wallet,active,2020-11-24
10499,34743,,wallet,active,2020-11-03
10500,34744,,wallet,active,2019-10-20
10501,34745,,wallet,active,2019-07-12
10502,34747,,wallet,active,2025-03-30
10503,34748,,wallet,active,2021-02-19
10504,34749,,wallet,active,2023-10-20
10505,34756,,wallet,active,2022-06-17
10506,34757,,wallet,active,2023-04-22
10507,34764,,wallet,active,2025-12-06
10508,34765,,wallet,active,2020-08-19
10509,34766,,wallet,active,2023-11-14
10510,34767,,wallet,active,2021-04-18
10511,34778,,wallet,active,2024-05-24
10512,34779,,wallet,active,2021-03-12
10513,34781,,wallet,active,2020-08-21
10514,34783,,wallet,active,2019-12-04
10515,34785,,wallet,active,2022-09-04
10516,34786,,wallet,active,2023-09-11
10517,34790,,wallet,active,2021-12-04
10518,34795,,wallet,active,2020-06-05
10519,34800,,wallet,active,2024-05-11
10520,34812,,wallet,active,2019-02-18
10521,34819,,wallet,active,2025-04-04
10522,34820,,wallet,active,2023-10-23
10523,34823,,wallet,active,2021-03-27
10524,34830,,wallet,active,2019-07-30
10525,34832,,wallet,active,2026-04-12
10526,34833,,wallet,active,2019-06-26
10527,34842,,wallet,active,2026-01-20
10528,34844,,wallet,active,2022-06-08
10529,34845,,wallet,active,2022-08-12
10530,34846,,wallet,active,2024-11-01
10531,34850,,wallet,active,2024-03-30
10532,34860,,wallet,active,2020-10-14
10533,34866,,wallet,active,2026-03-26
10534,34867,,wallet,active,2019-09-27
10535,34868,,wallet,active,2024-04-11
10536,34871,,wallet,active,2026-04-13
10537,34872,,wallet,active,2026-03-15
10538,34877,,wallet,active,2019-08-29
10539,34878,,wallet,active,2023-06-28
10540,34880,,wallet,active,2022-06-13
10541,34882,,wallet,active,2026-01-09
10542,34883,,wallet,active,2026-02-20
10543,34885,,wallet,active,2022-02-09
10544,34887,,wallet,active,2025-06-14
10545,34893,,wallet,active,2020-01-19
10546,34901,,wallet,active,2025-11-17
10547,34908,,wallet,active,2019-05-19
10548,34909,,wallet,active,2024-06-26
10549,34915,,wallet,active,2025-09-06
10550,34918,,wallet,active,2020-04-28
10551,34923,,wallet,active,2024-08-05
10552,34930,,wallet,active,2024-08-06
10553,34932,,wallet,active,2023-04-12
10554,34939,,wallet,active,2023-11-19
10555,34940,,wallet,active,2019-06-23
10556,34943,,wallet,active,2024-12-28
10557,34944,,wallet,active,2022-06-25
10558,34946,,wallet,active,2021-01-07
10559,34949,,wallet,active,2019-03-08
10560,34950,,wallet,active,2020-11-24
10561,34951,,wallet,active,2022-07-08
10562,34955,,wallet,active,2022-12-24
10563,34956,,wallet,active,2019-09-28
10564,34960,,wallet,active,2024-02-16
10565,34964,,wallet,active,2019-04-10
10566,34968,,wallet,active,2022-10-05
10567,34972,,wallet,active,2026-01-13
10568,34976,,wallet,active,2024-06-07
10569,34977,,wallet,active,2019-07-25
10570,34978,,wallet,active,2021-02-13
10571,34979,,wallet,active,2025-07-05
10572,34985,,wallet,active,2022-08-09
10573,34989,,wallet,active,2025-03-07
10574,34991,,wallet,active,2023-11-01
10575,34992,,wallet,active,2021-11-19
10576,34996,,wallet,active,2023-06-27
10577,35000,,wallet,active,2022-05-06
10578,35002,,wallet,active,2023-02-11
10579,35016,,wallet,active,2021-08-24
10580,35018,,wallet,active,2023-04-12
10581,35019,,wallet,active,2020-02-27
10582,35022,,wallet,active,2023-11-04
10583,35024,,wallet,active,2022-05-01
10584,35029,,wallet,active,2022-06-09
10585,35041,,wallet,active,2024-06-23
10586,35042,,wallet,active,2020-05-25
10587,35052,,wallet,active,2023-09-05
10588,35056,,wallet,active,2021-04-13
10589,35060,,wallet,active,2024-06-13
10590,35061,,wallet,active,2025-01-03
10591,35062,,wallet,active,2024-02-22
10592,35063,,wallet,active,2019-10-31
10593,35064,,wallet,active,2024-12-06
10594,35066,,wallet,active,2022-07-28
10595,35067,,wallet,active,2020-03-18
10596,35069,,wallet,active,2023-10-26
10597,35070,,wallet,active,2019-11-26
10598,35071,,wallet,active,2023-03-02
10599,35073,,wallet,active,2019-06-09
10600,35079,,wallet,active,2025-09-18
10601,35083,,wallet,active,2021-10-30
10602,35084,,wallet,active,2023-12-30
10603,35089,,wallet,active,2022-10-15
10604,35096,,wallet,active,2022-02-08
10605,35098,,wallet,active,2024-12-18
10606,35099,,wallet,active,2022-12-01
10607,35102,,wallet,active,2021-06-08
10608,35104,,wallet,active,2022-06-01
10609,35106,,wallet,active,2022-12-25
10610,35108,,wallet,active,2024-03-29
10611,35109,,wallet,active,2024-04-13
10612,35111,,wallet,active,2023-09-14
10613,35115,,wallet,active,2022-12-13
10614,35116,,wallet,active,2019-02-20
10615,35120,,wallet,active,2024-12-31
10616,35121,,wallet,active,2025-05-15
10617,35122,,wallet,active,2024-04-20
10618,35123,,wallet,active,2025-11-07
10619,35125,,wallet,active,2024-11-04
10620,35126,,wallet,active,2021-03-22
10621,35129,,wallet,active,2024-04-13
10622,35130,,wallet,active,2026-06-06
10623,35136,,wallet,active,2020-02-11
10624,35142,,wallet,active,2020-08-06
10625,35144,,wallet,active,2024-09-14
10626,35158,,wallet,active,2025-07-02
10627,35160,,wallet,active,2025-09-17
10628,35162,,wallet,active,2020-03-23
10629,35163,,wallet,active,2025-05-23
10630,35165,,wallet,active,2026-03-21
10631,35166,,wallet,active,2024-11-20
10632,35167,,wallet,active,2024-11-24
10633,35170,,wallet,active,2019-09-18
10634,35171,,wallet,active,2025-01-26
10635,35178,,wallet,active,2021-10-02
10636,35179,,wallet,active,2021-07-27
10637,35183,,wallet,active,2022-07-03
10638,35193,,wallet,active,2023-09-02
10639,35195,,wallet,active,2023-02-15
10640,35199,,wallet,active,2019-03-31
10641,35200,,wallet,active,2023-12-21
10642,35208,,wallet,active,2022-02-03
10643,35210,,wallet,active,2020-08-07
10644,35212,,wallet,active,2020-09-23
10645,35222,,wallet,active,2021-10-13
10646,35224,,wallet,active,2023-02-14
10647,35230,,wallet,active,2024-11-15
10648,35231,,wallet,active,2025-02-08
10649,35235,,wallet,active,2023-07-06
10650,35237,,wallet,active,2021-08-25
10651,35238,,wallet,active,2025-02-01
10652,35241,,wallet,active,2024-11-16
10653,35244,,wallet,active,2021-07-18
10654,35258,,wallet,active,2023-08-26
10655,35259,,wallet,active,2024-02-05
10656,35263,,wallet,active,2019-04-25
10657,35267,,wallet,active,2020-12-18
10658,35271,,wallet,active,2022-02-08
10659,35275,,wallet,active,2020-12-07
10660,35280,,wallet,active,2023-06-02
10661,35284,,wallet,active,2022-11-14
10662,35293,,wallet,active,2023-04-24
10663,35295,,wallet,active,2020-04-26
10664,35299,,wallet,active,2024-02-23
10665,35302,,wallet,active,2021-11-18
10666,35305,,wallet,active,2022-08-16
10667,35306,,wallet,active,2021-08-26
10668,35311,,wallet,active,2024-06-06
10669,35312,,wallet,active,2021-08-25
10670,35318,,wallet,active,2022-11-15
10671,35324,,wallet,active,2024-03-17
10672,35325,,wallet,active,2024-03-05
10673,35326,,wallet,active,2021-12-21
10674,35327,,wallet,active,2019-02-28
10675,35328,,wallet,active,2025-05-03
10676,35331,,wallet,active,2023-03-22
10677,35332,,wallet,active,2019-04-02
10678,35335,,wallet,active,2020-09-28
10679,35342,,wallet,active,2020-05-16
10680,35346,,wallet,active,2021-12-10
10681,35347,,wallet,active,2021-06-05
10682,35348,,wallet,active,2025-11-19
10683,35350,,wallet,active,2019-10-27
10684,35355,,wallet,active,2023-07-11
10685,35358,,wallet,active,2019-02-15
10686,35365,,wallet,active,2026-02-19
10687,35369,,wallet,active,2025-07-15
10688,35372,,wallet,active,2022-01-01
10689,35373,,wallet,active,2025-12-04
10690,35375,,wallet,active,2020-12-23
10691,35380,,wallet,active,2025-02-24
10692,35384,,wallet,active,2021-02-13
10693,35392,,wallet,active,2019-08-09
10694,35395,,wallet,active,2022-10-23
10695,35396,,wallet,active,2020-08-03
10696,35397,,wallet,active,2020-04-11
10697,35400,,wallet,active,2021-12-09
10698,35402,,wallet,active,2025-04-27
10699,35403,,wallet,active,2025-11-28
10700,35412,,wallet,active,2022-02-12
10701,35415,,wallet,active,2023-03-23
10702,35417,,wallet,active,2021-03-28
10703,35418,,wallet,active,2023-07-31
10704,35419,,wallet,active,2025-01-30
10705,35421,,wallet,active,2022-10-15
10706,35428,,wallet,active,2025-04-19
10707,35431,,wallet,active,2025-10-05
10708,35436,,wallet,active,2022-08-19
10709,35440,,wallet,active,2022-02-19
10710,35451,,wallet,active,2024-06-30
10711,35462,,wallet,active,2025-01-09
10712,35465,,wallet,active,2019-03-26
10713,35470,,wallet,active,2024-08-20
10714,35477,,wallet,active,2021-01-02
10715,35480,,wallet,active,2025-11-29
10716,35481,,wallet,active,2026-01-07
10717,35482,,wallet,active,2021-05-02
10718,35499,,wallet,active,2022-11-12
10719,35501,,wallet,active,2020-07-26
10720,35503,,wallet,active,2020-07-29
10721,35504,,wallet,active,2020-11-24
10722,35508,,wallet,active,2026-06-02
10723,35514,,wallet,active,2021-01-05
10724,35517,,wallet,active,2024-05-29
10725,35525,,wallet,active,2020-06-27
10726,35528,,wallet,active,2023-08-16
10727,35530,,wallet,active,2023-03-21
10728,35533,,wallet,active,2019-09-08
10729,35538,,wallet,active,2021-01-21
10730,35545,,wallet,active,2020-10-16
10731,35549,,wallet,active,2022-03-30
10732,35550,,wallet,active,2025-11-28
10733,35551,,wallet,active,2023-11-24
10734,35555,,wallet,active,2020-06-11
10735,35559,,wallet,active,2021-03-05
10736,35560,,wallet,active,2024-05-10
10737,35561,,wallet,active,2023-02-07
10738,35562,,wallet,active,2020-09-28
10739,35563,,wallet,active,2021-11-05
10740,35569,,wallet,active,2021-02-24
10741,35571,,wallet,active,2020-10-17
10742,35573,,wallet,active,2022-02-23
10743,35574,,wallet,active,2024-07-17
10744,35577,,wallet,active,2024-05-02
10745,35578,,wallet,active,2025-07-17
10746,35582,,wallet,active,2024-11-29
10747,35586,,wallet,active,2019-02-06
10748,35598,,wallet,active,2024-07-29
10749,35600,,wallet,active,2022-06-22
10750,35601,,wallet,active,2019-10-21
10751,35610,,wallet,active,2024-06-09
10752,35611,,wallet,active,2021-03-18
10753,35612,,wallet,active,2020-11-03
10754,35614,,wallet,active,2025-10-21
10755,35616,,wallet,active,2021-07-27
10756,35619,,wallet,active,2025-12-25
10757,35620,,wallet,active,2022-03-12
10758,35623,,wallet,active,2026-01-31
10759,35624,,wallet,active,2019-02-06
10760,35630,,wallet,active,2025-04-08
10761,35631,,wallet,active,2023-10-31
10762,35636,,wallet,active,2019-08-07
10763,35639,,wallet,active,2023-04-27
10764,35642,,wallet,active,2022-12-02
10765,35644,,wallet,active,2022-05-29
10766,35646,,wallet,active,2021-04-09
10767,35650,,wallet,active,2020-05-22
10768,35655,,wallet,active,2025-08-30
10769,35656,,wallet,active,2019-06-30
10770,35659,,wallet,active,2023-08-16
10771,35660,,wallet,active,2025-01-09
10772,35666,,wallet,active,2024-07-20
10773,35668,,wallet,active,2025-10-29
10774,35669,,wallet,active,2023-08-13
10775,35670,,wallet,active,2026-01-30
10776,35672,,wallet,active,2024-04-30
10777,35676,,wallet,active,2019-01-14
10778,35681,,wallet,active,2021-02-16
10779,35689,,wallet,active,2020-06-22
10780,35690,,wallet,active,2020-09-16
10781,35699,,wallet,active,2024-03-30
10782,35702,,wallet,active,2020-07-12
10783,35706,,wallet,active,2020-08-17
10784,35708,,wallet,active,2021-08-30
10785,35713,,wallet,active,2021-08-24
10786,35722,,wallet,active,2021-03-29
10787,35724,,wallet,active,2025-08-12
10788,35727,,wallet,active,2025-01-21
10789,35728,,wallet,active,2024-09-15
10790,35731,,wallet,active,2019-09-01
10791,35735,,wallet,active,2024-02-27
10792,35736,,wallet,active,2026-05-25
10793,35742,,wallet,active,2025-02-27
10794,35743,,wallet,active,2024-06-15
10795,35747,,wallet,active,2025-03-08
10796,35750,,wallet,active,2023-03-27
10797,35751,,wallet,active,2020-08-09
10798,35757,,wallet,active,2020-03-07
10799,35758,,wallet,active,2025-07-24
10800,35761,,wallet,active,2021-10-14
10801,35763,,wallet,active,2020-09-29
10802,35765,,wallet,active,2022-10-09
10803,35772,,wallet,active,2024-12-21
10804,35778,,wallet,active,2019-05-12
10805,35780,,wallet,active,2021-10-15
10806,35782,,wallet,active,2020-03-06
10807,35791,,wallet,active,2021-06-21
10808,35794,,wallet,active,2022-01-26
10809,35795,,wallet,active,2020-07-07
10810,35796,,wallet,active,2019-07-04
10811,35798,,wallet,active,2021-02-15
10812,35800,,wallet,active,2024-03-10
10813,35803,,wallet,active,2021-01-12
10814,35804,,wallet,active,2025-03-21
10815,35807,,wallet,active,2024-01-22
10816,35809,,wallet,active,2026-03-21
10817,35810,,wallet,active,2025-06-08
10818,35816,,wallet,active,2023-06-12
10819,35822,,wallet,active,2025-02-22
10820,35824,,wallet,active,2025-05-13
10821,35831,,wallet,active,2024-05-22
10822,35833,,wallet,active,2021-04-26
10823,35835,,wallet,active,2020-10-23
10824,35837,,wallet,active,2025-08-27
10825,35840,,wallet,active,2024-02-03
10826,35841,,wallet,active,2019-11-25
10827,35845,,wallet,active,2020-09-30
10828,35847,,wallet,active,2021-09-20
10829,35851,,wallet,active,2021-11-03
10830,35852,,wallet,active,2026-03-14
10831,35854,,wallet,active,2025-05-17
10832,35855,,wallet,active,2019-07-03
10833,35856,,wallet,active,2025-06-13
10834,35857,,wallet,active,2020-10-24
10835,35860,,wallet,active,2021-04-01
10836,35861,,wallet,active,2020-10-03
10837,35865,,wallet,active,2023-04-22
10838,35867,,wallet,active,2020-07-22
10839,35868,,wallet,active,2022-03-08
10840,35870,,wallet,active,2021-09-26
10841,35872,,wallet,active,2024-08-31
10842,35879,,wallet,active,2019-09-06
10843,35888,,wallet,active,2023-11-22
10844,35891,,wallet,active,2025-06-28
10845,35892,,wallet,active,2019-09-05
10846,35893,,wallet,active,2019-10-31
10847,35894,,wallet,active,2022-08-20
10848,35895,,wallet,active,2022-09-05
10849,35896,,wallet,active,2020-04-14
10850,35900,,wallet,active,2020-01-12
10851,35902,,wallet,active,2023-05-24
10852,35904,,wallet,active,2023-04-17
10853,35909,,wallet,active,2022-09-05
10854,35918,,wallet,active,2022-04-27
10855,35920,,wallet,active,2022-11-20
10856,35922,,wallet,active,2019-07-18
10857,35923,,wallet,active,2020-10-25
10858,35926,,wallet,active,2022-04-26
10859,35927,,wallet,active,2019-12-02
10860,35929,,wallet,active,2019-11-05
10861,35932,,wallet,active,2022-06-15
10862,35945,,wallet,active,2025-07-11
10863,35947,,wallet,active,2024-08-01
10864,35950,,wallet,active,2020-12-12
10865,35951,,wallet,active,2020-10-28
10866,35952,,wallet,active,2024-03-19
10867,35953,,wallet,active,2021-11-19
10868,35962,,wallet,active,2020-12-22
10869,35963,,wallet,active,2023-11-13
10870,35970,,wallet,active,2023-08-03
10871,35972,,wallet,active,2024-10-24
10872,35982,,wallet,active,2022-04-23
10873,35985,,wallet,active,2024-05-06
10874,35988,,wallet,active,2023-03-21
10875,35992,,wallet,active,2025-06-20
10876,35997,,wallet,active,2021-09-30
10877,35998,,wallet,active,2022-02-20
10878,36001,,wallet,active,2019-07-27
10879,36002,,wallet,active,2019-04-21
10880,36007,,wallet,active,2019-11-02
10881,36010,,wallet,active,2019-02-23
10882,36011,,wallet,active,2024-03-27
10883,36012,,wallet,active,2025-04-09
10884,36017,,wallet,active,2019-08-15
10885,36021,,wallet,active,2022-06-25
10886,36026,,wallet,active,2021-03-01
10887,36029,,wallet,active,2026-01-16
10888,36030,,wallet,active,2025-01-08
10889,36036,,wallet,active,2022-05-28
10890,36037,,wallet,active,2025-06-30
10891,36041,,wallet,active,2019-01-19
10892,36048,,wallet,active,2024-08-23
10893,36055,,wallet,active,2020-07-08
10894,36064,,wallet,active,2025-04-06
10895,36068,,wallet,active,2022-08-13
10896,36073,,wallet,active,2024-11-20
10897,36075,,wallet,active,2025-04-29
10898,36077,,wallet,active,2021-09-24
10899,36078,,wallet,active,2020-03-06
10900,36079,,wallet,active,2020-08-10
10901,36084,,wallet,active,2021-10-18
10902,36086,,wallet,active,2020-01-10
10903,36089,,wallet,active,2021-10-28
10904,36091,,wallet,active,2025-03-09
10905,36096,,wallet,active,2023-04-20
10906,36101,,wallet,active,2020-11-21
10907,36109,,wallet,active,2023-04-03
10908,36113,,wallet,active,2020-09-22
10909,36115,,wallet,active,2021-06-10
10910,36116,,wallet,active,2023-06-18
10911,36120,,wallet,active,2025-02-02
10912,36125,,wallet,active,2022-09-25
10913,36129,,wallet,active,2019-08-09
10914,36131,,wallet,active,2024-09-05
10915,36140,,wallet,active,2020-12-28
10916,36141,,wallet,active,2023-09-28
10917,36147,,wallet,active,2021-07-21
10918,36152,,wallet,active,2021-08-16
10919,36155,,wallet,active,2025-07-09
10920,36156,,wallet,active,2025-04-20
10921,36158,,wallet,active,2025-08-16
10922,36162,,wallet,active,2020-08-27
10923,36164,,wallet,active,2024-11-01
10924,36168,,wallet,active,2022-06-27
10925,36169,,wallet,active,2023-10-25
10926,36171,,wallet,active,2019-04-15
10927,36179,,wallet,active,2020-05-26
10928,36182,,wallet,active,2019-01-27
10929,36183,,wallet,active,2026-03-04
10930,36187,,wallet,active,2026-05-15
10931,36188,,wallet,active,2020-05-22
10932,36193,,wallet,active,2025-07-26
10933,36194,,wallet,active,2022-02-10
10934,36204,,wallet,active,2025-07-20
10935,36208,,wallet,active,2023-11-06
10936,36209,,wallet,active,2024-12-03
10937,36211,,wallet,active,2020-10-04
10938,36213,,wallet,active,2019-07-12
10939,36214,,wallet,active,2025-01-17
10940,36216,,wallet,active,2023-08-29
10941,36218,,wallet,active,2021-03-03
10942,36219,,wallet,active,2026-03-21
10943,36220,,wallet,active,2023-11-07
10944,36221,,wallet,active,2022-10-20
10945,36222,,wallet,active,2023-11-01
10946,36223,,wallet,active,2019-09-19
10947,36225,,wallet,active,2020-02-02
10948,36226,,wallet,active,2020-03-21
10949,36229,,wallet,active,2024-08-25
10950,36232,,wallet,active,2019-07-28
10951,36234,,wallet,active,2020-08-02
10952,36240,,wallet,active,2024-09-11
10953,36242,,wallet,active,2025-07-13
10954,36248,,wallet,active,2022-09-22
10955,36250,,wallet,active,2024-03-23
10956,36252,,wallet,active,2024-05-09
10957,36256,,wallet,active,2025-02-28
10958,36257,,wallet,active,2024-02-18
10959,36259,,wallet,active,2024-05-30
10960,36260,,wallet,active,2025-05-04
10961,36261,,wallet,active,2019-04-25
10962,36262,,wallet,active,2024-11-23
10963,36264,,wallet,active,2021-02-12
10964,36268,,wallet,active,2025-07-03
10965,36271,,wallet,active,2025-10-30
10966,36276,,wallet,active,2019-09-15
10967,36277,,wallet,active,2022-12-14
10968,36285,,wallet,active,2021-02-07
10969,36287,,wallet,active,2020-10-22
10970,36291,,wallet,active,2025-11-07
10971,36292,,wallet,active,2022-04-13
10972,36296,,wallet,active,2020-01-05
10973,36300,,wallet,active,2024-04-08
10974,36301,,wallet,active,2019-12-16
10975,36304,,wallet,active,2019-09-10
10976,36305,,wallet,active,2023-10-25
10977,36312,,wallet,active,2022-08-22
10978,36313,,wallet,active,2023-10-10
10979,36314,,wallet,active,2019-09-09
10980,36316,,wallet,active,2019-08-28
10981,36317,,wallet,active,2020-07-06
10982,36321,,wallet,active,2026-03-05
10983,36343,,wallet,active,2020-04-22
10984,36347,,wallet,active,2019-09-01
10985,36360,,wallet,active,2023-05-17
10986,36361,,wallet,active,2022-02-06
10987,36363,,wallet,active,2022-08-27
10988,36364,,wallet,active,2024-12-22
10989,36367,,wallet,active,2026-04-13
10990,36369,,wallet,active,2024-06-05
10991,36370,,wallet,active,2020-02-01
10992,36373,,wallet,active,2026-04-24
10993,36375,,wallet,active,2026-05-24
10994,36376,,wallet,active,2020-09-13
10995,36381,,wallet,active,2023-04-16
10996,36384,,wallet,active,2025-01-11
10997,36394,,wallet,active,2022-06-05
10998,36398,,wallet,active,2019-04-05
10999,36400,,wallet,active,2019-09-08
11000,36409,,wallet,active,2020-12-15
11001,36410,,wallet,active,2020-10-23
11002,36411,,wallet,active,2020-10-01
11003,36412,,wallet,active,2021-02-19
11004,36414,,wallet,active,2026-01-18
11005,36421,,wallet,active,2022-07-10
11006,36422,,wallet,active,2021-02-02
11007,36423,,wallet,active,2022-09-01
11008,36425,,wallet,active,2024-04-30
11009,36428,,wallet,active,2023-04-04
11010,36436,,wallet,active,2023-07-26
11011,36438,,wallet,active,2019-10-13
11012,36439,,wallet,active,2022-04-23
11013,36440,,wallet,active,2022-09-28
11014,36441,,wallet,active,2021-03-13
11015,36444,,wallet,active,2025-05-06
11016,36445,,wallet,active,2025-06-29
11017,36446,,wallet,active,2023-12-04
11018,36447,,wallet,active,2024-09-16
11019,36450,,wallet,active,2024-08-19
11020,36455,,wallet,active,2023-01-18
11021,36456,,wallet,active,2026-04-30
11022,36458,,wallet,active,2026-02-12
11023,36459,,wallet,active,2023-10-13
11024,36461,,wallet,active,2024-08-08
11025,36467,,wallet,active,2023-01-09
11026,36469,,wallet,active,2019-03-08
11027,36470,,wallet,active,2022-03-04
11028,36473,,wallet,active,2023-07-02
11029,36476,,wallet,active,2023-06-05
11030,36486,,wallet,active,2024-01-25
11031,36487,,wallet,active,2020-06-04
11032,36488,,wallet,active,2021-06-21
11033,36492,,wallet,active,2023-11-18
11034,36497,,wallet,active,2023-11-18
11035,36499,,wallet,active,2022-06-09
11036,36500,,wallet,active,2019-03-06
11037,36501,,wallet,active,2023-10-24
11038,36504,,wallet,active,2024-11-09
11039,36505,,wallet,active,2020-05-16
11040,36508,,wallet,active,2024-08-11
11041,36515,,wallet,active,2020-01-09
11042,36516,,wallet,active,2021-06-27
11043,36518,,wallet,active,2023-06-08
11044,36526,,wallet,active,2024-03-29
11045,36527,,wallet,active,2026-04-26
11046,36529,,wallet,active,2021-08-08
11047,36530,,wallet,active,2021-04-24
11048,36539,,wallet,active,2020-09-17
11049,36541,,wallet,active,2026-05-03
11050,36542,,wallet,active,2020-07-21
11051,36546,,wallet,active,2025-06-04
11052,36554,,wallet,active,2020-04-30
11053,36558,,wallet,active,2025-11-03
11054,36560,,wallet,active,2021-01-11
11055,36563,,wallet,active,2020-09-25
11056,36565,,wallet,active,2022-07-17
11057,36566,,wallet,active,2025-01-04
11058,36567,,wallet,active,2026-06-16
11059,36569,,wallet,active,2025-04-16
11060,36570,,wallet,active,2023-01-26
11061,36577,,wallet,active,2022-02-09
11062,36581,,wallet,active,2022-06-26
11063,36582,,wallet,active,2022-07-26
11064,36584,,wallet,active,2021-11-18
11065,36585,,wallet,active,2019-10-14
11066,36594,,wallet,active,2024-12-04
11067,36595,,wallet,active,2024-12-23
11068,36596,,wallet,active,2020-05-03
11069,36598,,wallet,active,2021-10-07
11070,36604,,wallet,active,2020-04-03
11071,36608,,wallet,active,2025-08-14
11072,36611,,wallet,active,2026-02-24
11073,36615,,wallet,active,2019-01-27
11074,36619,,wallet,active,2019-04-20
11075,36624,,wallet,active,2022-01-19
11076,36629,,wallet,active,2024-03-29
11077,36635,,wallet,active,2023-10-12
11078,36646,,wallet,active,2022-03-30
11079,36647,,wallet,active,2021-07-02
11080,36649,,wallet,active,2020-12-06
11081,36652,,wallet,active,2025-06-01
11082,36653,,wallet,active,2024-09-02
11083,36654,,wallet,active,2021-12-05
11084,36656,,wallet,active,2022-02-13
11085,36673,,wallet,active,2023-01-08
11086,36674,,wallet,active,2022-10-11
11087,36676,,wallet,active,2021-09-23
11088,36677,,wallet,active,2022-12-11
11089,36678,,wallet,active,2019-06-27
11090,36679,,wallet,active,2020-03-31
11091,36683,,wallet,active,2025-05-22
11092,36684,,wallet,active,2022-08-01
11093,36687,,wallet,active,2022-03-08
11094,36689,,wallet,active,2023-09-14
11095,36690,,wallet,active,2026-04-07
11096,36693,,wallet,active,2021-08-19
11097,36695,,wallet,active,2022-10-22
11098,36699,,wallet,active,2025-01-26
11099,36704,,wallet,active,2019-06-11
11100,36705,,wallet,active,2021-12-04
11101,36713,,wallet,active,2026-03-13
11102,36724,,wallet,active,2023-02-26
11103,36731,,wallet,active,2026-04-07
11104,36732,,wallet,active,2019-04-29
11105,36733,,wallet,active,2025-11-06
11106,36736,,wallet,active,2022-03-21
11107,36737,,wallet,active,2022-09-17
11108,36739,,wallet,active,2024-02-03
11109,36740,,wallet,active,2023-08-10
11110,36741,,wallet,active,2021-01-09
11111,36745,,wallet,active,2022-06-01
11112,36748,,wallet,active,2025-08-22
11113,36749,,wallet,active,2024-07-02
11114,36751,,wallet,active,2025-12-04
11115,36752,,wallet,active,2022-08-04
11116,36755,,wallet,active,2023-04-27
11117,36757,,wallet,active,2022-09-23
11118,36764,,wallet,active,2025-11-05
11119,36775,,wallet,active,2019-07-04
11120,36784,,wallet,active,2023-06-11
11121,36787,,wallet,active,2026-04-07
11122,36789,,wallet,active,2022-08-03
11123,36794,,wallet,active,2024-10-21
11124,36796,,wallet,active,2019-03-05
11125,36797,,wallet,active,2024-06-19
11126,36799,,wallet,active,2024-10-19
11127,36801,,wallet,active,2023-09-25
11128,36803,,wallet,active,2019-06-19
11129,36809,,wallet,active,2019-03-28
11130,36810,,wallet,active,2025-03-24
11131,36814,,wallet,active,2020-10-07
11132,36818,,wallet,active,2021-10-12
11133,36821,,wallet,active,2022-08-07
11134,36826,,wallet,active,2021-04-03
11135,36828,,wallet,active,2026-01-13
11136,36838,,wallet,active,2025-10-01
11137,36845,,wallet,active,2020-10-05
11138,36854,,wallet,active,2024-11-29
11139,36855,,wallet,active,2022-12-21
11140,36858,,wallet,active,2020-04-09
11141,36862,,wallet,active,2020-05-30
11142,36863,,wallet,active,2020-06-26
11143,36867,,wallet,active,2020-12-10
11144,36869,,wallet,active,2020-06-10
11145,36872,,wallet,active,2025-01-31
11146,36876,,wallet,active,2021-02-18
11147,36879,,wallet,active,2020-02-06
11148,36883,,wallet,active,2023-09-23
11149,36885,,wallet,active,2020-12-11
11150,36890,,wallet,active,2022-03-20
11151,36893,,wallet,active,2025-04-30
11152,36894,,wallet,active,2024-05-25
11153,36899,,wallet,active,2025-03-15
11154,36901,,wallet,active,2021-04-22
11155,36909,,wallet,active,2022-04-24
11156,36920,,wallet,active,2022-07-24
11157,36922,,wallet,active,2022-09-06
11158,36925,,wallet,active,2023-04-27
11159,36928,,wallet,active,2025-10-18
11160,36931,,wallet,active,2022-02-17
11161,36932,,wallet,active,2023-02-21
11162,36935,,wallet,active,2023-06-14
11163,36941,,wallet,active,2021-06-15
11164,36943,,wallet,active,2023-02-06
11165,36946,,wallet,active,2020-05-30
11166,36947,,wallet,active,2019-07-09
11167,36951,,wallet,active,2024-07-13
11168,36953,,wallet,active,2021-03-06
11169,36955,,wallet,active,2020-08-03
11170,36959,,wallet,active,2023-07-12
11171,36962,,wallet,active,2024-04-12
11172,36963,,wallet,active,2026-03-15
11173,36964,,wallet,active,2026-01-16
11174,36968,,wallet,active,2019-08-31
11175,36969,,wallet,active,2020-09-24
11176,36970,,wallet,active,2021-12-14
11177,36971,,wallet,active,2023-01-27
11178,36972,,wallet,active,2025-01-01
11179,36973,,wallet,active,2024-12-29
11180,36977,,wallet,active,2023-01-15
11181,36978,,wallet,active,2021-12-19
11182,36985,,wallet,active,2023-10-30
11183,36991,,wallet,active,2023-07-30
11184,37004,,wallet,active,2019-01-02
11185,37005,,wallet,active,2026-03-24
11186,37008,,wallet,active,2023-02-21
11187,37009,,wallet,active,2023-06-11
11188,37011,,wallet,active,2020-04-05
11189,37014,,wallet,active,2023-06-11
11190,37023,,wallet,active,2025-04-14
11191,37024,,wallet,active,2024-12-30
11192,37032,,wallet,active,2021-09-11
11193,37033,,wallet,active,2019-04-01
11194,37038,,wallet,active,2023-10-06
11195,37041,,wallet,active,2022-09-08
11196,37042,,wallet,active,2024-08-24
11197,37045,,wallet,active,2019-08-27
11198,37047,,wallet,active,2025-08-09
11199,37048,,wallet,active,2021-04-30
11200,37049,,wallet,active,2019-12-22
11201,37050,,wallet,active,2022-06-27
11202,37051,,wallet,active,2023-03-11
11203,37059,,wallet,active,2020-01-03
11204,37062,,wallet,active,2025-09-22
11205,37064,,wallet,active,2020-08-08
11206,37066,,wallet,active,2023-10-08
11207,37067,,wallet,active,2024-04-06
11208,37070,,wallet,active,2019-06-21
11209,37075,,wallet,active,2023-08-04
11210,37076,,wallet,active,2021-08-09
11211,37077,,wallet,active,2022-03-05
11212,37079,,wallet,active,2019-11-18
11213,37082,,wallet,active,2023-02-09
11214,37088,,wallet,active,2024-03-31
11215,37091,,wallet,active,2021-02-23
11216,37092,,wallet,active,2025-08-13
11217,37095,,wallet,active,2021-12-10
11218,37097,,wallet,active,2021-02-15
11219,37099,,wallet,active,2020-02-23
11220,37103,,wallet,active,2020-08-10
11221,37104,,wallet,active,2021-04-29
11222,37107,,wallet,active,2025-05-18
11223,37109,,wallet,active,2021-11-01
11224,37113,,wallet,active,2022-08-26
11225,37116,,wallet,active,2024-03-07
11226,37120,,wallet,active,2021-07-03
11227,37121,,wallet,active,2020-01-22
11228,37123,,wallet,active,2025-02-20
11229,37126,,wallet,active,2023-04-05
11230,37127,,wallet,active,2025-04-09
11231,37128,,wallet,active,2026-01-10
11232,37130,,wallet,active,2023-09-28
11233,37133,,wallet,active,2025-08-26
11234,37136,,wallet,active,2024-07-16
11235,37139,,wallet,active,2020-08-31
11236,37143,,wallet,active,2023-08-03
11237,37148,,wallet,active,2020-03-29
11238,37150,,wallet,active,2020-10-30
11239,37151,,wallet,active,2024-02-24
11240,37152,,wallet,active,2022-12-01
11241,37153,,wallet,active,2024-09-21
11242,37157,,wallet,active,2021-10-31
11243,37160,,wallet,active,2022-01-19
11244,37167,,wallet,active,2025-05-16
11245,37169,,wallet,active,2024-08-09
11246,37170,,wallet,active,2019-12-11
11247,37171,,wallet,active,2021-03-06
11248,37174,,wallet,active,2024-03-31
11249,37175,,wallet,active,2023-04-21
11250,37177,,wallet,active,2021-11-18
11251,37179,,wallet,active,2022-01-05
11252,37182,,wallet,active,2024-10-27
11253,37185,,wallet,active,2022-01-25
11254,37187,,wallet,active,2025-08-01
11255,37191,,wallet,active,2020-06-18
11256,37194,,wallet,active,2023-01-24
11257,37196,,wallet,active,2020-10-13
11258,37198,,wallet,active,2022-05-17
11259,37199,,wallet,active,2022-04-06
11260,37202,,wallet,active,2024-01-25
11261,37206,,wallet,active,2020-07-12
11262,37207,,wallet,active,2026-01-22
11263,37208,,wallet,active,2022-01-05
11264,37209,,wallet,active,2025-06-15
11265,37211,,wallet,active,2026-03-16
11266,37213,,wallet,active,2021-03-02
11267,37217,,wallet,active,2026-05-02
11268,37219,,wallet,active,2019-12-05
11269,37221,,wallet,active,2025-11-05
11270,37223,,wallet,active,2019-06-04
11271,37225,,wallet,active,2020-10-17
11272,37228,,wallet,active,2021-06-25
11273,37230,,wallet,active,2023-01-08
11274,37233,,wallet,active,2026-05-21
11275,37234,,wallet,active,2019-10-16
11276,37235,,wallet,active,2025-01-23
11277,37236,,wallet,active,2020-07-06
11278,37238,,wallet,active,2020-04-10
11279,37239,,wallet,active,2021-12-16
11280,37243,,wallet,active,2023-10-07
11281,37247,,wallet,active,2019-10-07
11282,37250,,wallet,active,2024-09-07
11283,37254,,wallet,active,2023-05-07
11284,37255,,wallet,active,2022-10-05
11285,37258,,wallet,active,2019-06-06
11286,37260,,wallet,active,2021-11-24
11287,37264,,wallet,active,2019-06-03
11288,37266,,wallet,active,2020-05-30
11289,37267,,wallet,active,2020-01-05
11290,37268,,wallet,active,2022-10-07
11291,37271,,wallet,active,2019-02-03
11292,37280,,wallet,active,2023-03-04
11293,37282,,wallet,active,2019-08-24
11294,37283,,wallet,active,2026-02-23
11295,37284,,wallet,active,2020-06-09
11296,37291,,wallet,active,2024-07-26
11297,37294,,wallet,active,2024-02-09
11298,37297,,wallet,active,2021-05-19
11299,37298,,wallet,active,2025-06-01
11300,37299,,wallet,active,2022-04-27
11301,37303,,wallet,active,2026-06-16
11302,37305,,wallet,active,2019-02-09
11303,37306,,wallet,active,2023-01-12
11304,37308,,wallet,active,2019-03-29
11305,37310,,wallet,active,2022-08-25
11306,37312,,wallet,active,2024-09-16
11307,37315,,wallet,active,2022-10-28
11308,37316,,wallet,active,2022-06-01
11309,37317,,wallet,active,2019-03-28
11310,37320,,wallet,active,2021-05-11
11311,37323,,wallet,active,2025-02-23
11312,37325,,wallet,active,2021-05-30
11313,37327,,wallet,active,2019-08-01
11314,37329,,wallet,active,2019-01-22
11315,37335,,wallet,active,2023-11-13
11316,37337,,wallet,active,2021-09-29
11317,37338,,wallet,active,2024-10-10
11318,37339,,wallet,active,2021-05-03
11319,37344,,wallet,active,2019-12-17
11320,37346,,wallet,active,2021-11-12
11321,37349,,wallet,active,2020-01-13
11322,37350,,wallet,active,2026-05-19
11323,37351,,wallet,active,2022-07-25
11324,37356,,wallet,active,2024-07-24
11325,37357,,wallet,active,2020-06-16
11326,37359,,wallet,active,2021-07-31
11327,37362,,wallet,active,2021-09-14
11328,37365,,wallet,active,2019-12-12
11329,37366,,wallet,active,2022-09-18
11330,37376,,wallet,active,2020-11-02
11331,37380,,wallet,active,2025-08-04
11332,37382,,wallet,active,2021-07-07
11333,37384,,wallet,active,2024-02-23
11334,37395,,wallet,active,2021-05-20
11335,37396,,wallet,active,2019-11-23
11336,37397,,wallet,active,2022-04-06
11337,37402,,wallet,active,2025-11-03
11338,37411,,wallet,active,2022-09-19
11339,37412,,wallet,active,2024-12-20
11340,37413,,wallet,active,2022-08-08
11341,37417,,wallet,active,2020-12-26
11342,37419,,wallet,active,2021-06-24
11343,37420,,wallet,active,2019-07-08
11344,37421,,wallet,active,2019-07-28
11345,37422,,wallet,active,2026-01-12
11346,37423,,wallet,active,2023-03-24
11347,37426,,wallet,active,2026-05-29
11348,37428,,wallet,active,2021-11-17
11349,37429,,wallet,active,2021-11-27
11350,37430,,wallet,active,2024-12-02
11351,37436,,wallet,active,2020-02-21
11352,37437,,wallet,active,2025-12-20
11353,37438,,wallet,active,2023-03-13
11354,37441,,wallet,active,2023-11-01
11355,37443,,wallet,active,2025-02-04
11356,37444,,wallet,active,2022-02-06
11357,37447,,wallet,active,2020-10-27
11358,37452,,wallet,active,2023-02-23
11359,37454,,wallet,active,2025-10-30
11360,37457,,wallet,active,2024-04-02
11361,37462,,wallet,active,2022-06-17
11362,37463,,wallet,active,2023-05-04
11363,37464,,wallet,active,2025-02-02
11364,37473,,wallet,active,2023-12-26
11365,37474,,wallet,active,2021-02-24
11366,37477,,wallet,active,2023-08-14
11367,37481,,wallet,active,2023-03-29
11368,37482,,wallet,active,2025-05-02
11369,37483,,wallet,active,2025-06-02
11370,37485,,wallet,active,2023-01-20
11371,37490,,wallet,active,2021-09-19
11372,37492,,wallet,active,2023-05-18
11373,37493,,wallet,active,2020-06-16
11374,37494,,wallet,active,2019-04-23
11375,37495,,wallet,active,2025-12-19
11376,37496,,wallet,active,2021-10-21
11377,37500,,wallet,active,2020-12-06
11378,37505,,wallet,active,2020-03-12
11379,37507,,wallet,active,2020-03-05
11380,37510,,wallet,active,2021-06-10
11381,37516,,wallet,active,2020-08-14
11382,37520,,wallet,active,2024-12-23
11383,37526,,wallet,active,2021-07-28
11384,37528,,wallet,active,2021-07-16
11385,37534,,wallet,active,2021-04-27
11386,37535,,wallet,active,2026-05-18
11387,37538,,wallet,active,2020-12-13
11388,37539,,wallet,active,2021-02-24
11389,37542,,wallet,active,2021-07-21
11390,37544,,wallet,active,2020-08-09
11391,37551,,wallet,active,2023-03-02
11392,37552,,wallet,active,2025-05-17
11393,37553,,wallet,active,2025-06-19
11394,37559,,wallet,active,2020-04-10
11395,37563,,wallet,active,2021-09-17
11396,37569,,wallet,active,2021-05-03
11397,37572,,wallet,active,2024-08-08
11398,37574,,wallet,active,2022-09-27
11399,37575,,wallet,active,2021-03-16
11400,37581,,wallet,active,2022-11-14
11401,37582,,wallet,active,2022-06-08
11402,37588,,wallet,active,2023-06-28
11403,37590,,wallet,active,2022-09-05
11404,37591,,wallet,active,2021-03-25
11405,37594,,wallet,active,2020-12-05
11406,37599,,wallet,active,2019-08-01
11407,37602,,wallet,active,2024-08-02
11408,37606,,wallet,active,2021-01-18
11409,37609,,wallet,active,2020-05-31
11410,37611,,wallet,active,2024-08-11
11411,37614,,wallet,active,2019-10-05
11412,37615,,wallet,active,2024-04-11
11413,37616,,wallet,active,2019-05-03
11414,37618,,wallet,active,2025-02-15
11415,37620,,wallet,active,2022-12-25
11416,37621,,wallet,active,2021-10-29
11417,37626,,wallet,active,2022-05-25
11418,37633,,wallet,active,2019-03-27
11419,37634,,wallet,active,2020-05-12
11420,37635,,wallet,active,2023-03-13
11421,37638,,wallet,active,2023-11-28
11422,37640,,wallet,active,2024-08-17
11423,37643,,wallet,active,2021-12-18
11424,37646,,wallet,active,2019-08-31
11425,37648,,wallet,active,2024-10-01
11426,37651,,wallet,active,2024-02-23
11427,37652,,wallet,active,2024-04-06
11428,37653,,wallet,active,2023-02-27
11429,37656,,wallet,active,2023-11-14
11430,37659,,wallet,active,2022-01-13
11431,37664,,wallet,active,2020-03-16
11432,37665,,wallet,active,2021-07-31
11433,37666,,wallet,active,2023-05-20
11434,37667,,wallet,active,2026-01-20
11435,37678,,wallet,active,2025-01-13
11436,37681,,wallet,active,2025-04-28
11437,37686,,wallet,active,2019-09-29
11438,37696,,wallet,active,2025-03-29
11439,37698,,wallet,active,2026-01-18
11440,37701,,wallet,active,2021-02-20
11441,37703,,wallet,active,2023-09-12
11442,37704,,wallet,active,2023-08-05
11443,37708,,wallet,active,2020-12-17
11444,37709,,wallet,active,2021-09-11
11445,37710,,wallet,active,2020-03-20
11446,37713,,wallet,active,2024-03-11
11447,37715,,wallet,active,2023-01-16
11448,37716,,wallet,active,2024-01-26
11449,37718,,wallet,active,2025-12-16
11450,37725,,wallet,active,2025-02-26
11451,37727,,wallet,active,2022-11-27
11452,37741,,wallet,active,2023-01-23
11453,37748,,wallet,active,2019-02-23
11454,37750,,wallet,active,2023-05-05
11455,37752,,wallet,active,2023-09-06
11456,37756,,wallet,active,2019-09-11
11457,37762,,wallet,active,2020-06-27
11458,37763,,wallet,active,2025-12-27
11459,37768,,wallet,active,2019-07-10
11460,37772,,wallet,active,2026-02-25
11461,37774,,wallet,active,2026-02-02
11462,37775,,wallet,active,2024-06-23
11463,37783,,wallet,active,2025-11-06
11464,37784,,wallet,active,2024-06-13
11465,37788,,wallet,active,2026-06-07
11466,37789,,wallet,active,2020-03-26
11467,37792,,wallet,active,2020-12-01
11468,37795,,wallet,active,2019-07-07
11469,37796,,wallet,active,2023-07-31
11470,37797,,wallet,active,2023-04-19
11471,37805,,wallet,active,2023-06-18
11472,37806,,wallet,active,2019-07-05
11473,37807,,wallet,active,2025-05-26
11474,37809,,wallet,active,2020-12-23
11475,37810,,wallet,active,2023-05-22
11476,37814,,wallet,active,2020-06-07
11477,37817,,wallet,active,2025-06-20
11478,37818,,wallet,active,2024-06-12
11479,37820,,wallet,active,2025-09-25
11480,37826,,wallet,active,2019-03-03
11481,37829,,wallet,active,2019-10-08
11482,37834,,wallet,active,2025-03-10
11483,37836,,wallet,active,2019-09-09
11484,37838,,wallet,active,2019-06-13
11485,37843,,wallet,active,2025-03-29
11486,37847,,wallet,active,2025-01-16
11487,37848,,wallet,active,2019-07-27
11488,37852,,wallet,active,2023-01-23
11489,37853,,wallet,active,2024-09-24
11490,37854,,wallet,active,2024-11-18
11491,37859,,wallet,active,2019-06-14
11492,37864,,wallet,active,2021-01-21
11493,37865,,wallet,active,2024-07-02
11494,37866,,wallet,active,2020-10-15
11495,37867,,wallet,active,2020-10-02
11496,37868,,wallet,active,2025-10-25
11497,37870,,wallet,active,2025-05-26
11498,37873,,wallet,active,2023-11-12
11499,37875,,wallet,active,2022-07-27
11500,37877,,wallet,active,2023-03-27
11501,37893,,wallet,active,2023-03-22
11502,37894,,wallet,active,2024-06-16
11503,37898,,wallet,active,2025-06-09
11504,37912,,wallet,active,2026-03-18
11505,37914,,wallet,active,2026-04-28
11506,37915,,wallet,active,2022-03-25
11507,37917,,wallet,active,2020-07-25
11508,37918,,wallet,active,2022-10-06
11509,37920,,wallet,active,2023-11-30
11510,37925,,wallet,active,2025-11-11
11511,37928,,wallet,active,2024-09-30
11512,37931,,wallet,active,2021-05-30
11513,37935,,wallet,active,2023-06-30
11514,37936,,wallet,active,2025-01-18
11515,37939,,wallet,active,2026-03-13
11516,37942,,wallet,active,2024-10-11
11517,37944,,wallet,active,2025-06-08
11518,37951,,wallet,active,2026-06-17
11519,37952,,wallet,active,2020-01-31
11520,37961,,wallet,active,2021-11-15
11521,37962,,wallet,active,2025-02-19
11522,37964,,wallet,active,2020-04-07
11523,37967,,wallet,active,2021-07-23
11524,37968,,wallet,active,2022-07-24
11525,37970,,wallet,active,2019-09-28
11526,37972,,wallet,active,2025-11-26
11527,37974,,wallet,active,2026-02-16
11528,37981,,wallet,active,2021-07-28
11529,37992,,wallet,active,2020-06-20
11530,37993,,wallet,active,2024-03-02
11531,37997,,wallet,active,2026-05-21
11532,38001,,wallet,active,2020-06-05
11533,38003,,wallet,active,2019-05-29
11534,38010,,wallet,active,2020-07-01
11535,38012,,wallet,active,2023-01-21
11536,38013,,wallet,active,2024-07-28
11537,38016,,wallet,active,2021-04-30
11538,38029,,wallet,active,2020-12-18
11539,38030,,wallet,active,2024-06-04
11540,38034,,wallet,active,2025-12-18
11541,38041,,wallet,active,2025-09-06
11542,38042,,wallet,active,2021-03-29
11543,38046,,wallet,active,2021-05-20
11544,38051,,wallet,active,2023-12-05
11545,38052,,wallet,active,2023-08-24
11546,38055,,wallet,active,2024-08-04
11547,38057,,wallet,active,2025-06-10
11548,38058,,wallet,active,2025-05-29
11549,38060,,wallet,active,2025-01-20
11550,38061,,wallet,active,2022-03-31
11551,38066,,wallet,active,2022-11-19
11552,38070,,wallet,active,2025-11-27
11553,38072,,wallet,active,2020-08-30
11554,38078,,wallet,active,2023-05-14
11555,38079,,wallet,active,2024-07-02
11556,38081,,wallet,active,2022-12-08
11557,38086,,wallet,active,2025-01-06
11558,38088,,wallet,active,2023-08-27
11559,38089,,wallet,active,2022-02-07
11560,38091,,wallet,active,2024-02-29
11561,38093,,wallet,active,2024-03-24
11562,38096,,wallet,active,2021-01-13
11563,38097,,wallet,active,2021-08-25
11564,38098,,wallet,active,2025-07-30
11565,38102,,wallet,active,2023-11-18
11566,38103,,wallet,active,2020-04-08
11567,38106,,wallet,active,2025-06-01
11568,38110,,wallet,active,2023-02-04
11569,38114,,wallet,active,2022-12-30
11570,38117,,wallet,active,2020-02-11
11571,38118,,wallet,active,2023-11-01
11572,38119,,wallet,active,2019-03-29
11573,38120,,wallet,active,2025-09-17
11574,38121,,wallet,active,2023-01-20
11575,38125,,wallet,active,2023-10-22
11576,38127,,wallet,active,2025-07-15
11577,38141,,wallet,active,2022-10-03
11578,38147,,wallet,active,2019-06-13
11579,38152,,wallet,active,2019-10-06
11580,38154,,wallet,active,2026-04-23
11581,38157,,wallet,active,2025-02-06
11582,38158,,wallet,active,2020-08-11
11583,38159,,wallet,active,2019-01-16
11584,38161,,wallet,active,2022-12-09
11585,38167,,wallet,active,2019-11-22
11586,38168,,wallet,active,2025-06-09
11587,38169,,wallet,active,2020-07-28
11588,38170,,wallet,active,2020-11-28
11589,38172,,wallet,active,2025-05-12
11590,38173,,wallet,active,2022-07-01
11591,38175,,wallet,active,2021-03-14
11592,38177,,wallet,active,2026-06-11
11593,38179,,wallet,active,2026-01-28
11594,38180,,wallet,active,2019-02-22
11595,38183,,wallet,active,2020-06-03
11596,38185,,wallet,active,2025-03-26
11597,38186,,wallet,active,2026-05-01
11598,38190,,wallet,active,2023-03-30
11599,38192,,wallet,active,2021-11-28
11600,38196,,wallet,active,2021-10-05
11601,38204,,wallet,active,2021-02-22
11602,38208,,wallet,active,2021-09-25
11603,38209,,wallet,active,2020-07-14
11604,38214,,wallet,active,2025-10-18
11605,38221,,wallet,active,2023-01-25
11606,38223,,wallet,active,2023-04-20
11607,38228,,wallet,active,2019-05-06
11608,38234,,wallet,active,2025-06-29
11609,38235,,wallet,active,2022-07-04
11610,38236,,wallet,active,2025-09-02
11611,38237,,wallet,active,2025-02-09
11612,38242,,wallet,active,2019-03-25
11613,38243,,wallet,active,2023-10-22
11614,38245,,wallet,active,2025-06-24
11615,38246,,wallet,active,2021-05-14
11616,38247,,wallet,active,2019-09-05
11617,38250,,wallet,active,2021-10-09
11618,38259,,wallet,active,2026-03-17
11619,38262,,wallet,active,2023-06-18
11620,38267,,wallet,active,2023-02-05
11621,38273,,wallet,active,2025-09-06
11622,38278,,wallet,active,2025-07-12
11623,38279,,wallet,active,2020-03-04
11624,38285,,wallet,active,2023-03-20
11625,38292,,wallet,active,2025-07-18
11626,38294,,wallet,active,2022-01-30
11627,38297,,wallet,active,2025-07-18
11628,38299,,wallet,active,2023-12-16
11629,38301,,wallet,active,2019-03-12
11630,38304,,wallet,active,2019-05-08
11631,38309,,wallet,active,2024-11-17
11632,38310,,wallet,active,2025-07-13
11633,38312,,wallet,active,2021-04-23
11634,38320,,wallet,active,2019-03-18
11635,38321,,wallet,active,2023-05-20
11636,38324,,wallet,active,2023-08-05
11637,38327,,wallet,active,2023-02-16
11638,38330,,wallet,active,2021-07-31
11639,38332,,wallet,active,2024-02-18
11640,38334,,wallet,active,2020-03-23
11641,38335,,wallet,active,2024-10-30
11642,38340,,wallet,active,2025-08-02
11643,38342,,wallet,active,2022-01-12
11644,38349,,wallet,active,2022-11-20
11645,38350,,wallet,active,2020-04-03
11646,38352,,wallet,active,2019-09-19
11647,38354,,wallet,active,2021-12-04
11648,38360,,wallet,active,2019-07-20
11649,38361,,wallet,active,2024-04-01
11650,38364,,wallet,active,2023-02-11
11651,38367,,wallet,active,2026-01-20
11652,38368,,wallet,active,2023-11-26
11653,38371,,wallet,active,2023-07-20
11654,38372,,wallet,active,2025-10-24
11655,38374,,wallet,active,2021-07-26
11656,38379,,wallet,active,2019-12-17
11657,38384,,wallet,active,2024-08-04
11658,38385,,wallet,active,2022-08-08
11659,38388,,wallet,active,2020-07-05
11660,38391,,wallet,active,2022-03-09
11661,38398,,wallet,active,2026-04-24
11662,38401,,wallet,active,2020-02-29
11663,38405,,wallet,active,2024-10-10
11664,38406,,wallet,active,2020-05-12
11665,38410,,wallet,active,2019-07-05
11666,38411,,wallet,active,2023-11-13
11667,38413,,wallet,active,2025-11-13
11668,38417,,wallet,active,2021-04-25
11669,38418,,wallet,active,2025-05-26
11670,38419,,wallet,active,2022-09-16
11671,38424,,wallet,active,2020-11-20
11672,38428,,wallet,active,2019-09-07
11673,38429,,wallet,active,2022-01-30
11674,38430,,wallet,active,2024-08-28
11675,38433,,wallet,active,2022-06-29
11676,38435,,wallet,active,2025-07-04
11677,38437,,wallet,active,2019-11-12
11678,38438,,wallet,active,2019-05-01
11679,38443,,wallet,active,2021-11-17
11680,38445,,wallet,active,2022-08-04
11681,38446,,wallet,active,2026-06-10
11682,38449,,wallet,active,2021-05-28
11683,38450,,wallet,active,2025-07-13
11684,38452,,wallet,active,2019-05-21
11685,38453,,wallet,active,2025-10-25
11686,38454,,wallet,active,2020-05-17
11687,38456,,wallet,active,2020-05-15
11688,38458,,wallet,active,2021-03-30
11689,38470,,wallet,active,2020-07-31
11690,38474,,wallet,active,2021-01-01
11691,38477,,wallet,active,2024-12-08
11692,38480,,wallet,active,2025-01-23
11693,38481,,wallet,active,2026-03-03
11694,38484,,wallet,active,2025-01-23
11695,38485,,wallet,active,2025-04-06
11696,38488,,wallet,active,2020-02-18
11697,38493,,wallet,active,2026-02-26
11698,38495,,wallet,active,2022-12-15
11699,38496,,wallet,active,2021-11-19
11700,38498,,wallet,active,2024-01-29
11701,38502,,wallet,active,2025-09-09
11702,38506,,wallet,active,2024-11-02
11703,38507,,wallet,active,2021-02-19
11704,38512,,wallet,active,2025-05-20
11705,38513,,wallet,active,2019-09-26
11706,38514,,wallet,active,2024-07-06
11707,38517,,wallet,active,2024-12-04
11708,38523,,wallet,active,2020-03-01
11709,38527,,wallet,active,2021-10-10
11710,38528,,wallet,active,2024-02-26
11711,38530,,wallet,active,2019-08-04
11712,38534,,wallet,active,2021-01-15
11713,38535,,wallet,active,2020-12-06
11714,38555,,wallet,active,2024-09-21
11715,38557,,wallet,active,2021-11-18
11716,38559,,wallet,active,2021-03-04
11717,38573,,wallet,active,2020-08-02
11718,38575,,wallet,active,2020-02-22
11719,38577,,wallet,active,2021-05-17
11720,38581,,wallet,active,2021-01-25
11721,38589,,wallet,active,2024-07-21
11722,38597,,wallet,active,2021-09-04
11723,38600,,wallet,active,2021-01-09
11724,38605,,wallet,active,2023-12-04
11725,38606,,wallet,active,2020-06-18
11726,38607,,wallet,active,2021-01-28
11727,38608,,wallet,active,2019-10-02
11728,38613,,wallet,active,2021-03-12
11729,38614,,wallet,active,2023-03-11
11730,38617,,wallet,active,2022-12-01
11731,38622,,wallet,active,2025-10-30
11732,38624,,wallet,active,2019-06-03
11733,38627,,wallet,active,2021-04-23
11734,38628,,wallet,active,2021-12-12
11735,38629,,wallet,active,2019-10-01
11736,38637,,wallet,active,2019-04-06
11737,38640,,wallet,active,2022-09-26
11738,38642,,wallet,active,2021-12-02
11739,38649,,wallet,active,2020-09-30
11740,38653,,wallet,active,2020-11-21
11741,38654,,wallet,active,2025-09-10
11742,38655,,wallet,active,2019-11-15
11743,38657,,wallet,active,2021-07-02
11744,38663,,wallet,active,2025-03-11
11745,38664,,wallet,active,2020-08-19
11746,38668,,wallet,active,2021-10-20
11747,38677,,wallet,active,2024-12-29
11748,38678,,wallet,active,2026-01-08
11749,38679,,wallet,active,2023-01-07
11750,38680,,wallet,active,2026-03-08
11751,38684,,wallet,active,2019-05-11
11752,38685,,wallet,active,2019-03-07
11753,38686,,wallet,active,2023-04-22
11754,38688,,wallet,active,2019-03-23
11755,38693,,wallet,active,2021-08-16
11756,38697,,wallet,active,2019-10-29
11757,38702,,wallet,active,2024-12-23
11758,38704,,wallet,active,2021-12-21
11759,38705,,wallet,active,2019-07-16
11760,38715,,wallet,active,2019-11-21
11761,38716,,wallet,active,2022-10-22
11762,38718,,wallet,active,2026-06-28
11763,38719,,wallet,active,2023-10-11
11764,38726,,wallet,active,2019-05-16
11765,38734,,wallet,active,2026-05-23
11766,38736,,wallet,active,2019-04-28
11767,38745,,wallet,active,2023-02-21
11768,38768,,wallet,active,2022-10-04
11769,38769,,wallet,active,2023-10-27
11770,38770,,wallet,active,2026-03-20
11771,38775,,wallet,active,2022-01-07
11772,38777,,wallet,active,2022-08-08
11773,38779,,wallet,active,2019-10-24
11774,38782,,wallet,active,2023-10-22
11775,38785,,wallet,active,2023-01-23
11776,38793,,wallet,active,2020-06-05
11777,38794,,wallet,active,2022-06-28
11778,38797,,wallet,active,2025-07-11
11779,38799,,wallet,active,2025-12-28
11780,38801,,wallet,active,2024-04-10
11781,38811,,wallet,active,2023-04-05
11782,38814,,wallet,active,2020-09-03
11783,38816,,wallet,active,2022-07-26
11784,38818,,wallet,active,2022-10-17
11785,38820,,wallet,active,2023-02-13
11786,38821,,wallet,active,2022-09-09
11787,38823,,wallet,active,2025-11-16
11788,38827,,wallet,active,2024-01-02
11789,38831,,wallet,active,2021-09-30
11790,38833,,wallet,active,2023-08-30
11791,38834,,wallet,active,2020-01-06
11792,38835,,wallet,active,2021-10-12
11793,38838,,wallet,active,2022-08-20
11794,38842,,wallet,active,2020-09-22
11795,38848,,wallet,active,2021-12-14
11796,38849,,wallet,active,2026-04-12
11797,38850,,wallet,active,2024-11-06
11798,38854,,wallet,active,2020-03-30
11799,38855,,wallet,active,2021-07-20
11800,38860,,wallet,active,2023-12-31
11801,38861,,wallet,active,2022-10-05
11802,38866,,wallet,active,2022-01-26
11803,38869,,wallet,active,2025-12-06
11804,38876,,wallet,active,2024-08-06
11805,38881,,wallet,active,2024-01-22
11806,38882,,wallet,active,2024-01-31
11807,38885,,wallet,active,2026-03-04
11808,38890,,wallet,active,2021-11-18
11809,38892,,wallet,active,2021-02-01
11810,38893,,wallet,active,2023-11-13
11811,38899,,wallet,active,2022-09-17
11812,38902,,wallet,active,2024-11-20
11813,38908,,wallet,active,2026-05-15
11814,38910,,wallet,active,2024-01-16
11815,38915,,wallet,active,2022-05-16
11816,38918,,wallet,active,2021-04-10
11817,38922,,wallet,active,2024-10-22
11818,38924,,wallet,active,2024-04-19
11819,38934,,wallet,active,2024-12-20
11820,38935,,wallet,active,2019-01-16
11821,38936,,wallet,active,2019-08-17
11822,38937,,wallet,active,2019-01-05
11823,38946,,wallet,active,2019-03-05
11824,38947,,wallet,active,2024-03-01
11825,38951,,wallet,active,2022-04-23
11826,38953,,wallet,active,2022-08-04
11827,38956,,wallet,active,2025-09-04
11828,38961,,wallet,active,2025-03-18
11829,38963,,wallet,active,2024-10-21
11830,38964,,wallet,active,2019-03-23
11831,38968,,wallet,active,2024-12-22
11832,38970,,wallet,active,2024-07-24
11833,38971,,wallet,active,2024-08-10
11834,38974,,wallet,active,2023-01-11
11835,38978,,wallet,active,2023-10-20
11836,38981,,wallet,active,2020-01-05
11837,38982,,wallet,active,2020-03-16
11838,38983,,wallet,active,2020-11-08
11839,38985,,wallet,active,2024-01-18
11840,38996,,wallet,active,2026-05-14
11841,38998,,wallet,active,2021-07-15
11842,39001,,wallet,active,2023-08-17
11843,39008,,wallet,active,2019-12-29
11844,39012,,wallet,active,2021-01-26
11845,39013,,wallet,active,2021-06-16
11846,39015,,wallet,active,2024-05-16
11847,39017,,wallet,active,2020-05-02
11848,39021,,wallet,active,2023-03-09
11849,39025,,wallet,active,2019-03-08
11850,39032,,wallet,active,2025-09-14
11851,39034,,wallet,active,2023-10-27
11852,39035,,wallet,active,2026-06-28
11853,39037,,wallet,active,2021-11-21
11854,39038,,wallet,active,2026-01-19
11855,39041,,wallet,active,2022-07-20
11856,39044,,wallet,active,2019-05-28
11857,39048,,wallet,active,2019-07-17
11858,39049,,wallet,active,2024-01-18
11859,39054,,wallet,active,2024-03-26
11860,39058,,wallet,active,2024-08-05
11861,39061,,wallet,active,2022-01-16
11862,39063,,wallet,active,2023-05-09
11863,39065,,wallet,active,2022-09-07
11864,39071,,wallet,active,2022-09-24
11865,39074,,wallet,active,2020-01-18
11866,39076,,wallet,active,2024-06-26
11867,39079,,wallet,active,2022-08-08
11868,39087,,wallet,active,2019-01-20
11869,39090,,wallet,active,2026-04-02
11870,39091,,wallet,active,2023-02-19
11871,39092,,wallet,active,2019-04-07
11872,39096,,wallet,active,2020-04-17
11873,39099,,wallet,active,2022-12-12
11874,39101,,wallet,active,2024-04-25
11875,39105,,wallet,active,2020-05-03
11876,39109,,wallet,active,2025-07-11
11877,39118,,wallet,active,2021-01-10
11878,39119,,wallet,active,2021-08-16
11879,39128,,wallet,active,2023-11-23
11880,39129,,wallet,active,2019-07-26
11881,39132,,wallet,active,2022-06-24
11882,39135,,wallet,active,2020-07-24
11883,39140,,wallet,active,2026-06-23
11884,39141,,wallet,active,2021-09-22
11885,39145,,wallet,active,2019-05-05
11886,39146,,wallet,active,2022-10-12
11887,39147,,wallet,active,2021-11-01
11888,39148,,wallet,active,2022-09-14
11889,39151,,wallet,active,2024-06-19
11890,39152,,wallet,active,2021-01-12
11891,39156,,wallet,active,2023-12-15
11892,39158,,wallet,active,2022-03-22
11893,39161,,wallet,active,2019-01-26
11894,39162,,wallet,active,2022-02-19
11895,39165,,wallet,active,2021-06-11
11896,39166,,wallet,active,2022-07-05
11897,39168,,wallet,active,2023-07-07
11898,39170,,wallet,active,2023-11-11
11899,39171,,wallet,active,2021-08-20
11900,39172,,wallet,active,2022-03-03
11901,39178,,wallet,active,2022-09-18
11902,39181,,wallet,active,2024-12-31
11903,39182,,wallet,active,2024-05-20
11904,39188,,wallet,active,2024-03-31
11905,39189,,wallet,active,2024-07-04
11906,39193,,wallet,active,2025-12-09
11907,39197,,wallet,active,2021-12-18
11908,39199,,wallet,active,2019-02-02
11909,39206,,wallet,active,2024-11-27
11910,39209,,wallet,active,2024-02-17
11911,39212,,wallet,active,2019-01-16
11912,39213,,wallet,active,2025-01-26
11913,39218,,wallet,active,2024-01-27
11914,39220,,wallet,active,2023-04-08
11915,39222,,wallet,active,2022-01-31
11916,39223,,wallet,active,2021-02-20
11917,39224,,wallet,active,2020-11-10
11918,39225,,wallet,active,2024-01-24
11919,39236,,wallet,active,2023-02-20
11920,39237,,wallet,active,2024-01-10
11921,39238,,wallet,active,2020-09-09
11922,39239,,wallet,active,2021-01-25
11923,39240,,wallet,active,2021-05-15
11924,39241,,wallet,active,2020-10-30
11925,39248,,wallet,active,2024-01-19
11926,39252,,wallet,active,2019-03-06
11927,39253,,wallet,active,2025-04-26
11928,39260,,wallet,active,2022-01-27
11929,39261,,wallet,active,2020-01-06
11930,39263,,wallet,active,2022-08-26
11931,39266,,wallet,active,2026-02-08
11932,39275,,wallet,active,2019-01-27
11933,39280,,wallet,active,2020-10-18
11934,39281,,wallet,active,2020-03-17
11935,39283,,wallet,active,2024-08-11
11936,39284,,wallet,active,2025-11-17
11937,39286,,wallet,active,2024-06-14
11938,39287,,wallet,active,2019-07-12
11939,39291,,wallet,active,2019-02-11
11940,39293,,wallet,active,2025-12-01
11941,39299,,wallet,active,2019-07-05
11942,39310,,wallet,active,2021-09-04
11943,39317,,wallet,active,2020-03-18
11944,39319,,wallet,active,2024-08-04
11945,39322,,wallet,active,2023-09-21
11946,39326,,wallet,active,2019-04-05
11947,39330,,wallet,active,2024-10-13
11948,39334,,wallet,active,2024-02-21
11949,39337,,wallet,active,2020-11-25
11950,39341,,wallet,active,2026-03-24
11951,39342,,wallet,active,2021-12-22
11952,39347,,wallet,active,2024-12-10
11953,39352,,wallet,active,2020-11-27
11954,39354,,wallet,active,2019-05-04
11955,39355,,wallet,active,2021-03-19
11956,39356,,wallet,active,2025-01-10
11957,39358,,wallet,active,2026-03-23
11958,39359,,wallet,active,2019-10-17
11959,39360,,wallet,active,2020-09-21
11960,39361,,wallet,active,2025-05-21
11961,39363,,wallet,active,2024-09-25
11962,39364,,wallet,active,2022-04-02
11963,39366,,wallet,active,2025-02-05
11964,39368,,wallet,active,2025-06-18
11965,39372,,wallet,active,2022-03-04
11966,39373,,wallet,active,2022-01-21
11967,39375,,wallet,active,2023-07-04
11968,39378,,wallet,active,2024-06-28
11969,39381,,wallet,active,2020-10-23
11970,39391,,wallet,active,2019-07-10
11971,39395,,wallet,active,2020-03-13
11972,39398,,wallet,active,2025-06-24
11973,39404,,wallet,active,2020-08-17
11974,39412,,wallet,active,2023-12-26
11975,39413,,wallet,active,2021-05-04
11976,39415,,wallet,active,2026-02-21
11977,39417,,wallet,active,2023-10-19
11978,39418,,wallet,active,2019-06-27
11979,39420,,wallet,active,2024-05-08
11980,39422,,wallet,active,2025-07-11
11981,39423,,wallet,active,2026-03-20
11982,39426,,wallet,active,2026-01-13
11983,39431,,wallet,active,2021-11-30
11984,39432,,wallet,active,2025-04-04
11985,39433,,wallet,active,2020-01-21
11986,39446,,wallet,active,2024-06-20
11987,39448,,wallet,active,2019-03-06
11988,39449,,wallet,active,2025-10-30
11989,39451,,wallet,active,2019-06-08
11990,39454,,wallet,active,2022-08-16
11991,39456,,wallet,active,2023-04-28
11992,39461,,wallet,active,2021-01-15
11993,39463,,wallet,active,2022-01-11
11994,39467,,wallet,active,2026-05-10
11995,39473,,wallet,active,2023-10-24
11996,39475,,wallet,active,2021-03-13
11997,39476,,wallet,active,2022-10-21
11998,39477,,wallet,active,2021-03-20
11999,39478,,wallet,active,2025-12-25
12000,39479,,wallet,active,2023-12-10
12001,39485,,wallet,active,2026-06-14
12002,39488,,wallet,active,2020-06-02
12003,39492,,wallet,active,2021-01-11
12004,39493,,wallet,active,2025-11-22
12005,39494,,wallet,active,2024-01-11
12006,39499,,wallet,active,2021-04-13
12007,39500,,wallet,active,2020-12-30
12008,39508,,wallet,active,2022-08-16
12009,39510,,wallet,active,2025-05-01
12010,39515,,wallet,active,2024-02-13
12011,39517,,wallet,active,2022-10-21
12012,39518,,wallet,active,2020-11-29
12013,39520,,wallet,active,2025-07-30
12014,39521,,wallet,active,2026-06-25
12015,39524,,wallet,active,2019-08-17
12016,39527,,wallet,active,2025-12-20
12017,39535,,wallet,active,2021-11-18
12018,39538,,wallet,active,2024-02-07
12019,39543,,wallet,active,2023-06-21
12020,39545,,wallet,active,2019-03-27
12021,39548,,wallet,active,2022-05-16
12022,39550,,wallet,active,2022-12-21
12023,39558,,wallet,active,2025-04-05
12024,39559,,wallet,active,2022-12-09
12025,39562,,wallet,active,2023-12-31
12026,39567,,wallet,active,2022-07-14
12027,39568,,wallet,active,2020-07-11
12028,39569,,wallet,active,2020-03-24
12029,39575,,wallet,active,2020-04-24
12030,39578,,wallet,active,2019-02-01
12031,39580,,wallet,active,2019-09-28
12032,39581,,wallet,active,2021-07-07
12033,39582,,wallet,active,2020-08-20
12034,39591,,wallet,active,2025-08-25
12035,39594,,wallet,active,2025-05-30
12036,39595,,wallet,active,2019-10-27
12037,39596,,wallet,active,2023-09-26
12038,39598,,wallet,active,2024-09-04
12039,39599,,wallet,active,2021-03-07
12040,39605,,wallet,active,2023-04-30
12041,39608,,wallet,active,2024-04-15
12042,39610,,wallet,active,2019-04-15
12043,39611,,wallet,active,2022-01-22
12044,39615,,wallet,active,2020-05-23
12045,39616,,wallet,active,2023-01-02
12046,39618,,wallet,active,2019-05-21
12047,39623,,wallet,active,2023-08-03
12048,39624,,wallet,active,2022-01-03
12049,39625,,wallet,active,2024-12-14
12050,39628,,wallet,active,2020-02-13
12051,39629,,wallet,active,2025-04-12
12052,39630,,wallet,active,2022-08-10
12053,39636,,wallet,active,2023-11-19
12054,39637,,wallet,active,2020-07-01
12055,39641,,wallet,active,2026-05-28
12056,39658,,wallet,active,2023-11-01
12057,39666,,wallet,active,2024-12-07
12058,39667,,wallet,active,2026-04-12
12059,39668,,wallet,active,2024-06-10
12060,39669,,wallet,active,2020-02-22
12061,39673,,wallet,active,2025-12-13
12062,39676,,wallet,active,2023-01-05
12063,39680,,wallet,active,2020-04-21
12064,39682,,wallet,active,2021-04-11
12065,39686,,wallet,active,2024-05-24
12066,39687,,wallet,active,2025-05-13
12067,39688,,wallet,active,2022-03-25
12068,39691,,wallet,active,2021-05-29
12069,39692,,wallet,active,2024-03-18
12070,39693,,wallet,active,2023-02-18
12071,39695,,wallet,active,2021-10-09
12072,39696,,wallet,active,2020-08-22
12073,39697,,wallet,active,2024-08-13
12074,39700,,wallet,active,2023-10-18
12075,39702,,wallet,active,2023-04-04
12076,39704,,wallet,active,2019-10-08
12077,39716,,wallet,active,2020-10-26
12078,39724,,wallet,active,2020-10-31
12079,39725,,wallet,active,2022-09-19
12080,39726,,wallet,active,2019-09-12
12081,39727,,wallet,active,2023-01-09
12082,39731,,wallet,active,2019-02-06
12083,39735,,wallet,active,2023-05-30
12084,39737,,wallet,active,2024-09-02
12085,39744,,wallet,active,2020-06-08
12086,39747,,wallet,active,2021-05-25
12087,39757,,wallet,active,2022-10-21
12088,39767,,wallet,active,2023-06-28
12089,39771,,wallet,active,2025-12-29
12090,39773,,wallet,active,2020-06-28
12091,39778,,wallet,active,2025-01-22
12092,39781,,wallet,active,2023-09-24
12093,39784,,wallet,active,2023-05-14
12094,39786,,wallet,active,2022-06-13
12095,39787,,wallet,active,2025-07-20
12096,39792,,wallet,active,2026-03-27
12097,39793,,wallet,active,2020-02-07
12098,39802,,wallet,active,2023-04-18
12099,39806,,wallet,active,2022-01-20
12100,39807,,wallet,active,2024-05-20
12101,39812,,wallet,active,2020-12-31
12102,39816,,wallet,active,2024-09-06
12103,39818,,wallet,active,2021-05-17
12104,39819,,wallet,active,2021-04-25
12105,39820,,wallet,active,2023-03-21
12106,39821,,wallet,active,2024-01-26
12107,39833,,wallet,active,2022-08-28
12108,39842,,wallet,active,2021-02-18
12109,39844,,wallet,active,2025-08-31
12110,39847,,wallet,active,2021-06-23
12111,39848,,wallet,active,2024-01-20
12112,39850,,wallet,active,2021-08-29
12113,39854,,wallet,active,2021-09-06
12114,39856,,wallet,active,2019-07-20
12115,39861,,wallet,active,2023-01-12
12116,39862,,wallet,active,2023-04-22
12117,39863,,wallet,active,2024-10-18
12118,39866,,wallet,active,2025-02-02
12119,39868,,wallet,active,2023-08-28
12120,39877,,wallet,active,2021-10-14
12121,39881,,wallet,active,2025-07-30
12122,39882,,wallet,active,2022-12-19
12123,39883,,wallet,active,2025-02-15
12124,39884,,wallet,active,2023-11-13
12125,39885,,wallet,active,2025-12-05
12126,39889,,wallet,active,2019-09-13
12127,39895,,wallet,active,2026-02-24
12128,39900,,wallet,active,2022-12-21
12129,39901,,wallet,active,2022-01-14
12130,39903,,wallet,active,2020-09-20
12131,39907,,wallet,active,2025-05-03
12132,39909,,wallet,active,2019-01-20
12133,39914,,wallet,active,2025-09-08
12134,39916,,wallet,active,2022-04-02
12135,39917,,wallet,active,2026-03-28
12136,39920,,wallet,active,2024-07-20
12137,39922,,wallet,active,2025-10-19
12138,39924,,wallet,active,2019-07-12
12139,39932,,wallet,active,2021-03-18
12140,39935,,wallet,active,2020-04-30
12141,39940,,wallet,active,2021-07-03
12142,39941,,wallet,active,2021-09-03
12143,39943,,wallet,active,2019-07-17
12144,39945,,wallet,active,2024-04-30
12145,39947,,wallet,active,2025-10-09
12146,39949,,wallet,active,2026-01-25
12147,39952,,wallet,active,2026-04-27
12148,39967,,wallet,active,2024-09-05
12149,39972,,wallet,active,2021-06-18
12150,39974,,wallet,active,2023-03-31
12151,39980,,wallet,active,2020-09-09
12152,39981,,wallet,active,2024-06-01
12153,39984,,wallet,active,2022-08-15
12154,39985,,wallet,active,2020-07-11
12155,39987,,wallet,active,2021-11-25
12156,39988,,wallet,active,2024-05-20
12157,39990,,wallet,active,2023-08-01
12158,39994,,wallet,active,2020-10-14
12159,39995,,wallet,active,2022-11-22
12160,40000,,wallet,active,2021-09-06
12161,,1449,wallet,active,2022-02-07
12162,,869,wallet,active,2019-03-26
12163,,3818,wallet,active,2019-08-10
12164,,2293,wallet,active,2026-03-28
12165,,3615,wallet,active,2020-01-26
12166,,554,wallet,active,2024-08-13
12167,,3661,wallet,active,2023-08-31
12168,,3743,wallet,active,2021-09-26
12169,,856,wallet,active,2025-09-19
12170,,3370,wallet,active,2025-07-07
12171,,3914,wallet,active,2022-01-28
12172,,1939,wallet,active,2019-11-11
12173,,4442,wallet,active,2019-06-20
12174,,5281,wallet,active,2021-12-20
12175,,5234,wallet,active,2026-02-28
12176,,2015,wallet,active,2025-10-17
12177,,752,wallet,active,2022-10-10
12178,,5442,wallet,active,2022-05-06
12179,,2420,wallet,active,2019-10-10
12180,,2135,wallet,active,2023-02-23
12181,,5000,wallet,active,2024-09-30
12182,,504,wallet,active,2026-05-21
12183,,3731,wallet,active,2019-09-27
12184,,3746,wallet,active,2022-12-22
12185,,1378,wallet,active,2023-08-16
12186,,1927,wallet,active,2026-04-01
12187,,4218,wallet,active,2019-10-24
12188,,3074,wallet,active,2020-06-06
12189,,3212,wallet,active,2023-08-24
12190,,4428,wallet,active,2025-11-12
12191,,1339,wallet,active,2022-10-27
12192,,3148,wallet,active,2025-05-12
12193,,4199,wallet,active,2021-01-02
12194,,2087,wallet,active,2025-09-17
12195,,3309,wallet,active,2020-06-14
12196,,5419,wallet,active,2023-10-18
12197,,2901,wallet,active,2024-07-24
12198,,676,wallet,active,2019-07-16
12199,,728,wallet,active,2019-08-17
12200,,2363,wallet,active,2026-05-10
12201,,3932,wallet,active,2020-04-09
12202,,2265,wallet,active,2019-01-16
12203,,1014,wallet,active,2024-02-07
12204,,3665,wallet,active,2023-09-14
12205,,1598,wallet,active,2021-03-13
12206,,1330,wallet,active,2021-04-10
12207,,2576,wallet,active,2020-06-27
12208,,32,wallet,active,2019-08-02
12209,,4121,wallet,active,2021-09-08
12210,,4236,wallet,active,2019-08-08
12211,,715,wallet,active,2024-08-04
12212,,1323,wallet,active,2026-02-17
12213,,677,wallet,active,2023-05-01
12214,,3225,wallet,active,2021-12-01
12215,,3419,wallet,active,2019-10-21
12216,,3760,wallet,active,2025-09-06
12217,,2172,wallet,active,2026-06-25
12218,,5133,wallet,active,2026-02-17
12219,,2685,wallet,active,2022-12-26
12220,,1653,wallet,active,2026-06-19
12221,,854,wallet,active,2023-09-15
12222,,5415,wallet,active,2021-01-20
12223,,1028,wallet,active,2021-09-21
12224,,981,wallet,active,2024-10-01
12225,,1133,wallet,active,2022-09-04
12226,,1468,wallet,active,2023-07-02
12227,,739,wallet,active,2020-08-22
12228,,3886,wallet,active,2021-06-18
12229,,251,wallet,active,2021-04-25
12230,,2483,wallet,active,2019-03-28
12231,,3899,wallet,active,2019-12-05
12232,,4229,wallet,active,2025-03-25
12233,,3700,wallet,active,2022-07-10
12234,,326,wallet,active,2025-05-06
12235,,4360,wallet,active,2025-11-15
12236,,4728,wallet,active,2021-02-15
12237,,3315,wallet,active,2021-10-02
12238,,1795,wallet,active,2019-03-03
12239,,5526,wallet,active,2022-05-20
12240,,314,wallet,active,2024-11-01
12241,,5169,wallet,active,2022-10-25
12242,,4602,wallet,active,2025-10-27
12243,,4457,wallet,active,2024-07-17
12244,,4102,wallet,active,2023-03-26
12245,,3517,wallet,active,2021-01-15
12246,,997,wallet,active,2025-10-11
12247,,4706,wallet,active,2020-10-04
12248,,2856,wallet,active,2020-08-26
12249,,5271,wallet,active,2020-07-19
12250,,4373,wallet,active,2023-12-14
12251,,3825,wallet,active,2025-07-14
12252,,3679,wallet,active,2026-02-03
12253,,397,wallet,active,2026-02-09
12254,,1483,wallet,active,2022-09-13
12255,,558,wallet,active,2022-01-01
12256,,1570,wallet,active,2019-09-29
12257,,4195,wallet,active,2021-02-04
12258,,2459,wallet,active,2025-06-09
12259,,526,wallet,active,2023-02-15
12260,,4700,wallet,active,2020-09-12
12261,,1245,wallet,active,2023-02-20
12262,,1320,wallet,active,2022-06-28
12263,,4092,wallet,active,2020-02-25
12264,,1969,wallet,active,2024-06-14
12265,,4209,wallet,active,2021-05-06
12266,,4001,wallet,active,2019-04-27
12267,,3189,wallet,active,2024-11-20
12268,,4937,wallet,active,2025-08-29
12269,,2925,wallet,active,2021-01-01
12270,,1243,wallet,active,2019-11-13
12271,,1223,wallet,active,2024-08-22
12272,,2052,wallet,active,2024-08-26
12273,,4202,wallet,active,2026-04-20
12274,,2982,wallet,active,2024-10-14
12275,,1583,wallet,active,2020-06-27
12276,,473,wallet,active,2024-02-08
12277,,4659,wallet,active,2022-11-01
12278,,4383,wallet,active,2024-09-19
12279,,3424,wallet,active,2019-04-27
12280,,2046,wallet,active,2026-06-04
12281,,392,wallet,active,2025-10-24
12282,,4693,wallet,active,2022-10-23
12283,,2177,wallet,active,2023-07-22
12284,,1915,wallet,active,2022-12-24
12285,,471,wallet,active,2023-08-06
12286,,3533,wallet,active,2019-01-29
12287,,4771,wallet,active,2020-06-23
12288,,3367,wallet,active,2023-12-12
12289,,1035,wallet,active,2023-05-11
12290,,3912,wallet,active,2023-09-05
12291,,3160,wallet,active,2022-08-09
12292,,1950,wallet,active,2024-03-11
12293,,2673,wallet,active,2022-09-08
12294,,1177,wallet,active,2024-02-07
12295,,4014,wallet,active,2022-06-11
12296,,502,wallet,active,2021-03-16
12297,,4110,wallet,active,2022-10-15
12298,,4634,wallet,active,2022-06-09
12299,,2325,wallet,active,2025-07-29
12300,,5333,wallet,active,2025-04-10
12301,,4154,wallet,active,2020-04-03
12302,,1636,wallet,active,2025-11-28
12303,,4170,wallet,active,2026-01-12
12304,,4747,wallet,active,2020-04-26
12305,,2194,wallet,active,2023-07-14
12306,,5171,wallet,active,2022-08-25
12307,,1941,wallet,active,2026-06-14
12308,,3266,wallet,active,2020-09-25
12309,,3203,wallet,active,2025-09-12
12310,,5483,wallet,active,2019-07-06
12311,,513,wallet,active,2019-12-13
12312,,4378,wallet,active,2019-10-17
12313,,1210,wallet,active,2019-10-26
12314,,1781,wallet,active,2019-07-26
12315,,2548,wallet,active,2023-02-22
12316,,3457,wallet,active,2019-03-18
12317,,2735,wallet,active,2023-12-11
12318,,4379,wallet,active,2022-09-02
12319,,1772,wallet,active,2024-06-09
12320,,736,wallet,active,2023-07-14
12321,,3486,wallet,active,2021-10-02
12322,,4072,wallet,active,2019-04-30
12323,,3190,wallet,active,2019-01-15
12324,,4980,wallet,active,2025-04-15
12325,,4088,wallet,active,2019-12-03
12326,,2132,wallet,active,2025-01-22
12327,,1719,wallet,active,2022-05-16
12328,,2371,wallet,active,2024-12-09
12329,,5229,wallet,active,2025-04-02
12330,,1744,wallet,active,2025-02-11
12331,,741,wallet,active,2022-04-14
12332,,2765,wallet,active,2026-05-08
12333,,461,wallet,active,2025-11-05
12334,,1451,wallet,active,2020-09-01
12335,,22,wallet,active,2019-02-01
12336,,3987,wallet,active,2024-12-18
12337,,1858,wallet,active,2019-04-27
12338,,3962,wallet,active,2020-01-21
12339,,3062,wallet,active,2019-10-18
12340,,5587,wallet,active,2019-09-18
12341,,1317,wallet,active,2025-08-16
12342,,5422,wallet,active,2023-07-06
12343,,1831,wallet,active,2022-03-18
12344,,1788,wallet,active,2022-05-16
12345,,5199,wallet,active,2019-04-29
12346,,4177,wallet,active,2019-10-14
12347,,3712,wallet,active,2022-12-16
12348,,743,wallet,active,2025-06-18
12349,,547,wallet,active,2025-07-05
12350,,4468,wallet,active,2025-10-19
12351,,2904,wallet,active,2025-08-26
12352,,157,wallet,active,2026-01-25
12353,,2460,wallet,active,2023-11-24
12354,,1519,wallet,active,2020-09-05
12355,,4926,wallet,active,2020-10-08
12356,,3362,wallet,active,2020-04-16
12357,,3739,wallet,active,2022-09-30
12358,,4157,wallet,active,2024-02-24
12359,,3313,wallet,active,2023-12-12
12360,,3005,wallet,active,2020-01-31
12361,,2629,wallet,active,2020-03-21
12362,,613,wallet,active,2026-05-21
12363,,133,wallet,active,2022-03-28
12364,,4739,wallet,active,2019-12-31
12365,,5130,wallet,active,2021-07-10
12366,,167,wallet,active,2024-10-30
12367,,5395,wallet,active,2019-08-21
12368,,139,wallet,active,2020-07-27
12369,,4129,wallet,active,2024-10-14
12370,,4689,wallet,active,2024-08-23
12371,,1678,wallet,active,2025-06-19
12372,,3961,wallet,active,2021-07-09
12373,,2005,wallet,active,2019-04-17
12374,,4857,wallet,active,2020-07-05
12375,,87,wallet,active,2025-06-16
12376,,5521,wallet,active,2022-09-30
12377,,1367,wallet,active,2025-09-29
12378,,5252,wallet,active,2023-11-05
12379,,2727,wallet,active,2022-09-22
12380,,4299,wallet,active,2026-06-24
12381,,2878,wallet,active,2019-09-08
12382,,1853,wallet,active,2019-06-25
12383,,4866,wallet,active,2021-09-08
12384,,59,wallet,active,2025-07-10
12385,,2154,wallet,active,2024-06-28
12386,,5373,wallet,active,2022-12-09
12387,,1648,wallet,active,2025-04-10
12388,,1609,wallet,active,2021-10-22
12389,,4282,wallet,active,2021-09-20
12390,,1313,wallet,active,2023-08-11
12391,,3223,wallet,active,2026-05-12
12392,,2908,wallet,active,2023-12-21
12393,,3334,wallet,active,2025-03-28
12394,,885,wallet,active,2022-08-09
12395,,4119,wallet,active,2025-09-09
12396,,3445,wallet,active,2021-10-22
12397,,3237,wallet,active,2020-06-03
12398,,5296,wallet,active,2022-05-23
12399,,428,wallet,active,2023-07-26
12400,,627,wallet,active,2020-12-22
12401,,1402,wallet,active,2024-02-23
12402,,3717,wallet,active,2020-07-23
12403,,4501,wallet,active,2021-07-04
12404,,1247,wallet,active,2023-07-15
12405,,1010,wallet,active,2022-12-13
12406,,2831,wallet,active,2021-06-17
12407,,3536,wallet,active,2025-11-29
12408,,48,wallet,active,2024-08-24
12409,,735,wallet,active,2021-09-19
12410,,5469,wallet,active,2019-02-25
12411,,662,wallet,active,2025-03-11
12412,,819,wallet,active,2019-04-02
12413,,3996,wallet,active,2019-12-19
12414,,638,wallet,active,2022-08-19
12415,,2842,wallet,active,2022-04-28
12416,,4256,wallet,active,2022-12-31
12417,,2726,wallet,active,2026-02-09
12418,,4125,wallet,active,2022-09-01
12419,,1537,wallet,active,2023-10-22
12420,,2334,wallet,active,2024-08-26
12421,,2072,wallet,active,2023-01-09
12422,,3180,wallet,active,2025-06-17
12423,,2341,wallet,active,2020-06-17
12424,,3472,wallet,active,2024-02-20
12425,,1569,wallet,active,2025-11-23
12426,,4364,wallet,active,2023-10-19
12427,,2604,wallet,active,2023-12-21
12428,,4797,wallet,active,2025-01-23
12429,,2145,wallet,active,2022-03-28
12430,,4613,wallet,active,2024-05-04
12431,,659,wallet,active,2020-01-13
12432,,606,wallet,active,2024-11-18
12433,,2588,wallet,active,2022-04-06
12434,,4114,wallet,active,2021-02-19
12435,,1405,wallet,active,2024-07-06
12436,,2736,wallet,active,2019-07-07
12437,,2534,wallet,active,2019-03-12
12438,,4334,wallet,active,2024-10-20
12439,,345,wallet,active,2022-02-06
12440,,1867,wallet,active,2019-12-26
12441,,2818,wallet,active,2025-07-19
12442,,716,wallet,active,2025-05-27
12443,,3510,wallet,active,2021-11-30
12444,,2322,wallet,active,2022-05-19
12445,,5410,wallet,active,2020-02-15
12446,,4039,wallet,active,2026-04-10
12447,,1516,wallet,active,2019-11-07
12448,,316,wallet,active,2020-03-21
12449,,1746,wallet,active,2020-10-31
12450,,2914,wallet,active,2023-07-26
12451,,396,wallet,active,2025-07-22
12452,,2612,wallet,active,2025-01-24
12453,,2848,wallet,active,2025-01-28
12454,,5013,wallet,active,2022-08-18
12455,,1091,wallet,active,2019-08-12
12456,,2868,wallet,active,2026-04-13
12457,,5010,wallet,active,2024-06-18
12458,,4853,wallet,active,2025-08-29
12459,,194,wallet,active,2024-07-14
12460,,1270,wallet,active,2025-05-09
12461,,4510,wallet,active,2021-01-07
12462,,4091,wallet,active,2024-11-01
12463,,977,wallet,active,2019-09-05
12464,,2583,wallet,active,2023-03-26
12465,,2190,wallet,active,2020-02-14
12466,,2176,wallet,active,2024-11-26
12467,,66,wallet,active,2023-12-05
12468,,747,wallet,active,2024-06-12
12469,,5329,wallet,active,2024-04-21
12470,,2949,wallet,active,2021-11-14
12471,,4618,wallet,active,2020-12-16
12472,,3889,wallet,active,2026-02-21
12473,,5185,wallet,active,2020-02-22
12474,,1141,wallet,active,2020-12-13
12475,,2430,wallet,active,2023-09-06
12476,,5580,wallet,active,2019-05-03
12477,,5393,wallet,active,2026-02-06
12478,,2877,wallet,active,2021-12-15
12479,,5564,wallet,active,2025-12-20
12480,,2527,wallet,active,2021-12-30
12481,,722,wallet,active,2025-05-19
12482,,94,wallet,active,2022-01-20
12483,,2597,wallet,active,2022-09-04
12484,,3413,wallet,active,2026-03-10
12485,,3126,wallet,active,2025-08-15
12486,,4537,wallet,active,2026-04-05
12487,,2887,wallet,active,2019-03-21
12488,,3935,wallet,active,2021-03-27
12489,,4996,wallet,active,2021-06-11
12490,,1549,wallet,active,2021-08-17
12491,,5522,wallet,active,2019-03-20
12492,,3151,wallet,active,2019-02-20
12493,,5082,wallet,active,2022-12-14
12494,,3663,wallet,active,2021-09-19
12495,,3124,wallet,active,2021-04-16
12496,,3294,wallet,active,2019-11-10
12497,,1512,wallet,active,2019-05-14
12498,,2296,wallet,active,2019-12-03
12499,,4267,wallet,active,2020-12-12
12500,,4517,wallet,active,2024-12-31
12501,,2999,wallet,active,2022-12-22
12502,,3477,wallet,active,2024-08-04
12503,,5259,wallet,active,2019-12-07
12504,,4084,wallet,active,2025-10-26
12505,,699,wallet,active,2020-01-08
12506,,4923,wallet,active,2019-10-02
12507,,3820,wallet,active,2026-05-04
12508,,3736,wallet,active,2022-08-16
12509,,1162,wallet,active,2020-02-14
12510,,2062,wallet,active,2023-05-03
12511,,3842,wallet,active,2019-05-14
12512,,1815,wallet,active,2022-02-22
12513,,4846,wallet,active,2025-12-24
12514,,1358,wallet,active,2019-08-18
12515,,4244,wallet,active,2020-07-28
12516,,1181,wallet,active,2021-07-23
12517,,1305,wallet,active,2021-12-29
12518,,2107,wallet,active,2021-04-10
12519,,2336,wallet,active,2021-10-19
12520,,3055,wallet,active,2019-09-04
12521,,2960,wallet,active,2023-05-15
12522,,1164,wallet,active,2022-11-22
12523,,5283,wallet,active,2024-05-28
12524,,2223,wallet,active,2020-08-31
12525,,2875,wallet,active,2024-06-30
12526,,1314,wallet,active,2019-12-24
12527,,5339,wallet,active,2021-10-12
12528,,179,wallet,active,2021-03-22
12529,,4868,wallet,active,2021-01-20
12530,,1879,wallet,active,2024-04-20
12531,,3284,wallet,active,2019-07-16
12532,,4066,wallet,active,2025-01-13
12533,,864,wallet,active,2019-03-12
12534,,1099,wallet,active,2023-09-27
12535,,1736,wallet,active,2023-08-27
12536,,950,wallet,active,2019-11-09
12537,,3544,wallet,active,2023-01-22
12538,,3735,wallet,active,2023-08-14
12539,,4258,wallet,active,2022-09-29
12540,,1568,wallet,active,2024-10-17
12541,,5025,wallet,active,2024-02-10
12542,,122,wallet,active,2019-12-21
12543,,3292,wallet,active,2025-01-14
12544,,844,wallet,active,2023-06-19
12545,,1215,wallet,active,2023-03-05
12546,,297,wallet,active,2022-01-23
12547,,3688,wallet,active,2023-12-10
12548,,5131,wallet,active,2020-06-05
12549,,204,wallet,active,2022-10-14
12550,,3071,wallet,active,2019-05-31
12551,,109,wallet,active,2021-01-27
12552,,1011,wallet,active,2021-08-22
12553,,4710,wallet,active,2019-03-17
12554,,1739,wallet,active,2026-02-25
12555,,1827,wallet,active,2023-11-23
12556,,5091,wallet,active,2023-07-20
12557,,3883,wallet,active,2025-08-30
12558,,2150,wallet,active,2022-05-01
12559,,2278,wallet,active,2025-10-05
12560,,2400,wallet,active,2021-04-04
12561,,4219,wallet,active,2019-01-31
12562,,4992,wallet,active,2019-10-19
12563,,3348,wallet,active,2023-05-13
12564,,5449,wallet,active,2022-12-19
12565,,4943,wallet,active,2019-05-09
12566,,3869,wallet,active,2020-07-13
12567,,3389,wallet,active,2021-12-14
12568,,4182,wallet,active,2021-02-07
12569,,332,wallet,active,2022-12-31
12570,,2594,wallet,active,2020-11-16
12571,,1446,wallet,active,2020-07-10
12572,,2175,wallet,active,2019-12-13
12573,,4380,wallet,active,2021-09-18
12574,,336,wallet,active,2020-03-23
12575,,3863,wallet,active,2024-03-06
12576,,2976,wallet,active,2023-07-11
12577,,4206,wallet,active,2023-06-10
12578,,1779,wallet,active,2020-09-10
12579,,2693,wallet,active,2025-12-31
12580,,4929,wallet,active,2025-05-18
12581,,4357,wallet,active,2025-04-13
12582,,2357,wallet,active,2019-06-02
12583,,44,wallet,active,2024-02-04
12584,,5542,wallet,active,2022-07-30
12585,,2025,wallet,active,2020-03-06
12586,,2935,wallet,active,2021-11-01
12587,,3686,wallet,active,2020-03-22
12588,,4888,wallet,active,2024-03-29
12589,,5458,wallet,active,2026-02-01
12590,,573,wallet,active,2019-08-23
12591,,4268,wallet,active,2023-10-29
12592,,1535,wallet,active,2023-01-21
12593,,1246,wallet,active,2022-12-15
12594,,789,wallet,active,2024-09-22
12595,,5280,wallet,active,2025-09-29
12596,,1741,wallet,active,2023-09-04
12597,,2180,wallet,active,2019-01-27
12598,,5552,wallet,active,2024-03-29
12599,,1916,wallet,active,2022-04-23
12600,,2851,wallet,active,2019-11-10
12601,,3713,wallet,active,2023-09-28
12602,,4116,wallet,active,2022-06-16
12603,,1759,wallet,active,2020-01-05
12604,,1386,wallet,active,2024-09-20
12605,,5018,wallet,active,2020-07-15
12606,,2061,wallet,active,2023-08-08
12607,,1935,wallet,active,2022-03-23
12608,,4008,wallet,active,2024-12-26
12609,,3175,wallet,active,2021-11-27
12610,,2985,wallet,active,2020-10-13
12611,,5503,wallet,active,2025-09-26
12612,,1488,wallet,active,2022-12-26
12613,,2171,wallet,active,2024-05-25
12614,,3013,wallet,active,2022-08-29
12615,,1901,wallet,active,2020-01-25
12616,,213,wallet,active,2025-10-10
12617,,4912,wallet,active,2024-07-07
12618,,2708,wallet,active,2019-08-27
12619,,3938,wallet,active,2021-01-17
12620,,899,wallet,active,2023-03-24
12621,,3662,wallet,active,2022-09-21
12622,,637,wallet,active,2020-07-19
12623,,26,wallet,active,2022-04-14
12624,,437,wallet,active,2026-04-04
12625,,1774,wallet,active,2025-09-07
12626,,1938,wallet,active,2025-05-29
12627,,432,wallet,active,2026-05-01
12628,,1669,wallet,active,2024-03-07
12629,,5516,wallet,active,2019-06-13
12630,,3219,wallet,active,2020-08-11
12631,,4824,wallet,active,2025-01-28
12632,,4798,wallet,active,2025-12-06
12633,,3913,wallet,active,2023-01-25
12634,,1692,wallet,active,2019-04-28
12635,,595,wallet,active,2019-04-03
12636,,491,wallet,active,2025-04-28
12637,,4130,wallet,active,2026-01-05
12638,,2169,wallet,active,2022-03-15
12639,,222,wallet,active,2023-03-29
12640,,1460,wallet,active,2025-12-22
12641,,2018,wallet,active,2019-12-09
12642,,2785,wallet,active,2021-04-21
12643,,1411,wallet,active,2025-08-06
12644,,4638,wallet,active,2022-08-29
12645,,2770,wallet,active,2021-03-15
12646,,3299,wallet,active,2020-05-02
12647,,593,wallet,active,2019-01-08
12648,,2283,wallet,active,2023-01-24
12649,,3525,wallet,active,2023-02-19
12650,,1906,wallet,active,2023-01-02
12651,,2715,wallet,active,2025-02-03
12652,,3778,wallet,active,2024-09-28
12653,,2655,wallet,active,2022-06-19
12654,,1497,wallet,active,2025-06-28
12655,,481,wallet,active,2021-01-19
12656,,975,wallet,active,2021-05-03
12657,,5203,wallet,active,2020-11-11
12658,,3947,wallet,active,2023-05-08
12659,,2289,wallet,active,2019-06-02
12660,,1404,wallet,active,2025-04-03
12661,,2227,wallet,active,2019-10-05
12662,,4873,wallet,active,2022-07-04
12663,,2054,wallet,active,2024-07-09
12664,,455,wallet,active,2023-05-14
12665,,4246,wallet,active,2022-05-27
12666,,1077,wallet,active,2026-05-03
12667,,1258,wallet,active,2019-05-10
12668,,4817,wallet,active,2024-03-25
12669,,108,wallet,active,2025-06-05
12670,,2917,wallet,active,2024-01-26
12671,,4872,wallet,active,2020-09-29
12672,,2963,wallet,active,2024-06-16
12673,,5227,wallet,active,2021-03-30
12674,,176,wallet,active,2025-04-11
12675,,1908,wallet,active,2023-01-26
12676,,3357,wallet,active,2023-11-05
12677,,1321,wallet,active,2024-05-18
12678,,3611,wallet,active,2026-06-11
12679,,4392,wallet,active,2021-03-11
12680,,3138,wallet,active,2019-11-30
12681,,2148,wallet,active,2025-09-05
12682,,4140,wallet,active,2025-05-19
12683,,4146,wallet,active,2022-09-10
12684,,1250,wallet,active,2021-01-30
12685,,5120,wallet,active,2019-08-27
12686,,1690,wallet,active,2023-09-13
12687,,2550,wallet,active,2023-09-29
12688,,4432,wallet,active,2019-01-28
12689,,1905,wallet,active,2019-07-30
12690,,467,wallet,active,2022-07-12
12691,,569,wallet,active,2024-12-12
12692,,343,wallet,active,2025-10-14
12693,,4213,wallet,active,2024-05-21
12694,,3268,wallet,active,2026-01-12
12695,,3096,wallet,active,2024-03-28
12696,,2304,wallet,active,2020-05-16
12697,,1009,wallet,active,2025-01-09
12698,,2060,wallet,active,2024-10-16
12699,,4242,wallet,active,2025-12-21
12700,,496,wallet,active,2021-12-02
12701,,2466,wallet,active,2021-04-27
12702,,1644,wallet,active,2022-03-21
12703,,443,wallet,active,2022-07-31
12704,,263,wallet,active,2021-08-26
12705,,2235,wallet,active,2022-10-09
12706,,1984,wallet,active,2020-03-16
12707,,101,wallet,active,2020-06-30
12708,,1803,wallet,active,2024-04-03
12709,,2041,wallet,active,2021-01-02
12710,,351,wallet,active,2022-10-10
12711,,505,wallet,active,2020-03-20
12712,,5297,wallet,active,2020-11-14
12713,,1166,wallet,active,2025-10-18
12714,,3097,wallet,active,2025-11-23
12715,,1628,wallet,active,2026-02-22
12716,,5098,wallet,active,2025-01-25
12717,,3312,wallet,active,2021-09-22
12718,,517,wallet,active,2021-08-05
12719,,758,wallet,active,2022-01-07
12720,,324,wallet,active,2025-09-17
12721,,5094,wallet,active,2023-05-06
12722,,1775,wallet,active,2022-10-25
12723,,1303,wallet,active,2022-09-10
12724,,2637,wallet,active,2025-11-15
12725,,5592,wallet,active,2023-02-21
12726,,708,wallet,active,2019-06-17
12727,,972,wallet,active,2019-11-12
12728,,5563,wallet,active,2019-12-12
12729,,2695,wallet,active,2020-07-21
12730,,563,wallet,active,2025-08-04
12731,,3982,wallet,active,2022-11-27
12732,,1579,wallet,active,2023-09-22
12733,,5349,wallet,active,2020-11-03
12734,,3492,wallet,active,2025-10-04
12735,,652,wallet,active,2022-10-31
12736,,4730,wallet,active,2023-08-30
12737,,205,wallet,active,2023-02-23
12738,,1139,wallet,active,2022-04-17
12739,,1180,wallet,active,2019-01-02
12740,,4679,wallet,active,2019-12-05
12741,,5408,wallet,active,2021-05-23
12742,,3733,wallet,active,2025-01-20
12743,,4494,wallet,active,2024-12-19
12744,,4049,wallet,active,2023-08-20
12745,,1406,wallet,active,2022-03-08
12746,,2967,wallet,active,2023-11-25
12747,,836,wallet,active,2024-10-28
12748,,1117,wallet,active,2020-05-16
12749,,1828,wallet,active,2023-04-19
12750,,3699,wallet,active,2021-06-10
12751,,2500,wallet,active,2021-11-06
12752,,2906,wallet,active,2020-11-10
12753,,3397,wallet,active,2025-12-31
12754,,3130,wallet,active,2024-01-31
12755,,2031,wallet,active,2026-04-13
12756,,4461,wallet,active,2021-02-07
12757,,88,wallet,active,2020-09-16
12758,,3589,wallet,active,2025-08-20
12759,,3037,wallet,active,2021-09-04
12760,,4477,wallet,active,2019-04-10
12761,,5502,wallet,active,2024-08-18
12762,,4906,wallet,active,2021-12-31
12763,,2819,wallet,active,2024-04-11
12764,,4423,wallet,active,2024-12-14
12765,,3282,wallet,active,2023-02-14
12766,,1482,wallet,active,2019-12-04
12767,,4326,wallet,active,2026-06-21
12768,,2759,wallet,active,2025-12-11
12769,,690,wallet,active,2025-05-19
12770,,3458,wallet,active,2025-09-22
12771,,838,wallet,active,2019-01-14
12772,,422,wallet,active,2020-02-28
12773,,3044,wallet,active,2021-10-27
12774,,2402,wallet,active,2022-10-20
12775,,3625,wallet,active,2025-09-27
12776,,2338,wallet,active,2020-04-24
12777,,2981,wallet,active,2019-12-24
12778,,5050,wallet,active,2021-04-21
12779,,4230,wallet,active,2025-09-06
12780,,3777,wallet,active,2021-08-15
12781,,423,wallet,active,2020-04-23
12782,,3703,wallet,active,2021-08-27
12783,,5235,wallet,active,2020-10-04
12784,,3506,wallet,active,2020-06-17
12785,,5167,wallet,active,2023-02-03
12786,,1560,wallet,active,2020-11-27
12787,,3027,wallet,active,2022-08-18
12788,,5569,wallet,active,2026-06-11
12789,,3748,wallet,active,2022-05-31
12790,,1881,wallet,active,2020-05-21
12791,,840,wallet,active,2023-03-30
12792,,2950,wallet,active,2022-01-25
12793,,2788,wallet,active,2025-04-06
12794,,274,wallet,active,2025-08-13
12795,,4940,wallet,active,2020-05-10
12796,,2568,wallet,active,2019-01-12
12797,,4160,wallet,active,2026-06-18
12798,,583,wallet,active,2020-01-05
12799,,1889,wallet,active,2022-05-27
12800,,3641,wallet,active,2023-05-31
12801,,1588,wallet,active,2023-07-08
12802,,4524,wallet,active,2021-06-02
12803,,4959,wallet,active,2024-12-03
12804,,4617,wallet,active,2024-07-09
12805,,3227,wallet,active,2022-05-20
12806,,1308,wallet,active,2019-01-02
12807,,13,wallet,active,2021-09-24
12808,,1415,wallet,active,2021-06-07
12809,,5365,wallet,active,2021-10-27
12810,,2318,wallet,active,2021-06-26
12811,,2313,wallet,active,2024-12-07
12812,,264,wallet,active,2025-12-19
12813,,4006,wallet,active,2025-08-10
12814,,2616,wallet,active,2020-08-22
12815,,4404,wallet,active,2023-08-22
12816,,4036,wallet,active,2022-11-01
12817,,1050,wallet,active,2025-07-03
12818,,4439,wallet,active,2025-05-17
12819,,533,wallet,active,2022-03-15
12820,,1948,wallet,active,2021-10-07
12821,,898,wallet,active,2025-04-04
12822,,2048,wallet,active,2019-12-08
12823,,391,wallet,active,2025-08-02
12824,,262,wallet,active,2025-01-17
12825,,1412,wallet,active,2020-09-12
12826,,3393,wallet,active,2023-09-21
12827,,4422,wallet,active,2023-04-23
12828,,1068,wallet,active,2023-09-06
12829,,3402,wallet,active,2019-12-10
12830,,755,wallet,active,2023-10-21
12831,,2634,wallet,active,2019-01-11
12832,,655,wallet,active,2020-07-07
12833,,3940,wallet,active,2021-05-28
12834,,5276,wallet,active,2024-07-05
12835,,3545,wallet,active,2025-12-05
12836,,2903,wallet,active,2019-11-23
12837,,3042,wallet,active,2019-04-17
12838,,3969,wallet,active,2021-04-16
12839,,2892,wallet,active,2020-06-25
12840,,4944,wallet,active,2026-05-30
12841,,3835,wallet,active,2026-06-26
12842,,3718,wallet,active,2021-10-11
12843,,5248,wallet,active,2019-11-14
12844,,4165,wallet,active,2020-07-30
12845,,1102,wallet,active,2019-12-14
12846,,4483,wallet,active,2021-11-20
12847,,1295,wallet,active,2025-01-21
12848,,2102,wallet,active,2024-02-18
12849,,1733,wallet,active,2021-06-10
12850,,353,wallet,active,2024-11-13
12851,,1080,wallet,active,2022-10-12
12852,,4245,wallet,active,2020-03-06
12853,,4261,wallet,active,2020-03-04
12854,,5047,wallet,active,2021-06-08
12855,,4894,wallet,active,2022-10-12
12856,,119,wallet,active,2024-08-07
12857,,92,wallet,active,2025-08-08
12858,,3833,wallet,active,2022-03-11
12859,,1203,wallet,active,2021-02-06
12860,,4993,wallet,active,2021-09-18
12861,,1445,wallet,active,2020-11-21
12862,,5314,wallet,active,2021-05-27
12863,,1349,wallet,active,2025-09-22
12864,,478,wallet,active,2024-03-31
12865,,4395,wallet,active,2020-12-02
12866,,2907,wallet,active,2022-06-10
12867,,100,wallet,active,2024-05-15
12868,,2488,wallet,active,2022-06-26
12869,,82,wallet,active,2020-09-19
12870,,3325,wallet,active,2024-06-05
12871,,2929,wallet,active,2022-05-09
12872,,807,wallet,active,2023-01-20
12873,,1979,wallet,active,2025-04-19
12874,,5062,wallet,active,2025-09-27
12875,,2520,wallet,active,2022-07-02
12876,,4666,wallet,active,2024-05-02
12877,,3796,wallet,active,2021-11-06
12878,,3671,wallet,active,2026-06-09
12879,,2638,wallet,active,2024-04-01
12880,,480,wallet,active,2022-08-02
12881,,1016,wallet,active,2021-10-18
12882,,3192,wallet,active,2025-06-18
12883,,1400,wallet,active,2021-06-06
12884,,4768,wallet,active,2019-07-30
12885,,4545,wallet,active,2020-03-26
12886,,4287,wallet,active,2023-12-16
12887,,4646,wallet,active,2021-09-08
12888,,292,wallet,active,2022-01-20
12889,,4692,wallet,active,2024-04-27
12890,,4958,wallet,active,2024-11-03
12891,,2613,wallet,active,2023-04-29
12892,,646,wallet,active,2026-04-11
12893,,4942,wallet,active,2019-04-11
12894,,4779,wallet,active,2025-03-21
12895,,4184,wallet,active,2023-07-26
12896,,1319,wallet,active,2022-02-10
12897,,3577,wallet,active,2021-10-08
12898,,2754,wallet,active,2020-06-28
12899,,3608,wallet,active,2021-01-21
12900,,5058,wallet,active,2021-08-01
12901,,3178,wallet,active,2022-04-09
12902,,5347,wallet,active,2021-08-06
12903,,923,wallet,active,2023-10-17
12904,,5081,wallet,active,2025-07-27
12905,,2039,wallet,active,2023-07-05
12906,,466,wallet,active,2020-04-02
12907,,2869,wallet,active,2023-06-08
12908,,278,wallet,active,2021-10-28
12909,,4764,wallet,active,2023-12-04
12910,,3599,wallet,active,2021-03-30
12911,,1073,wallet,active,2023-11-17
12912,,4189,wallet,active,2023-11-01
12913,,1046,wallet,active,2019-07-08
12914,,135,wallet,active,2024-09-25
12915,,1760,wallet,active,2020-02-13
12916,,3616,wallet,active,2019-04-29
12917,,4004,wallet,active,2019-09-19
12918,,4946,wallet,active,2019-05-21
12919,,960,wallet,active,2025-10-04
12920,,1745,wallet,active,2022-01-22
12921,,4499,wallet,active,2023-02-22
12922,,2514,wallet,active,2021-09-17
12923,,2416,wallet,active,2019-11-01
12924,,4560,wallet,active,2022-05-27
12925,,2412,wallet,active,2021-09-25
12926,,2865,wallet,active,2020-08-08
12927,,5180,wallet,active,2022-07-24
12928,,3490,wallet,active,2022-10-09
12929,,4930,wallet,active,2021-10-13
12930,,2936,wallet,active,2020-04-27
12931,,4276,wallet,active,2022-04-16
12932,,348,wallet,active,2021-11-10
12933,,2117,wallet,active,2025-08-07
12934,,4589,wallet,active,2026-01-17
12935,,3485,wallet,active,2020-04-09
12936,,3350,wallet,active,2023-08-10
12937,,4305,wallet,active,2021-12-08
12938,,4238,wallet,active,2022-12-31
12939,,833,wallet,active,2020-04-22
12940,,5106,wallet,active,2019-08-27
12941,,5465,wallet,active,2020-05-29
12942,,2067,wallet,active,2019-03-24
12943,,3933,wallet,active,2019-05-30
12944,,4762,wallet,active,2020-04-17
12945,,3917,wallet,active,2025-08-07
12946,,3066,wallet,active,2023-10-26
12947,,1865,wallet,active,2021-04-12
12948,,1515,wallet,active,2024-12-09
12949,,1912,wallet,active,2019-08-10
12950,,3082,wallet,active,2025-06-08
12951,,3080,wallet,active,2026-05-24
12952,,4598,wallet,active,2020-10-25
12953,,3421,wallet,active,2024-06-11
12954,,452,wallet,active,2024-04-21
12955,,2213,wallet,active,2023-08-06
12956,,1419,wallet,active,2022-11-28
12957,,3436,wallet,active,2026-05-06
12958,,2836,wallet,active,2026-05-17
12959,,2386,wallet,active,2021-07-07
12960,,3372,wallet,active,2025-12-13
12961,,991,wallet,active,2021-05-07
12962,,4985,wallet,active,2022-06-12
12963,,3999,wallet,active,2019-02-04
12964,,4883,wallet,active,2022-02-03
12965,,1145,wallet,active,2025-12-30
12966,,308,wallet,active,2021-01-28
12967,,4793,wallet,active,2020-06-13
12968,,5097,wallet,active,2021-12-21
12969,,3247,wallet,active,2022-10-12
12970,,3008,wallet,active,2021-08-18
12971,,1552,wallet,active,2023-02-10
12972,,5255,wallet,active,2021-03-02
12973,,1375,wallet,active,2026-03-29
12974,,3300,wallet,active,2021-02-18
12975,,2888,wallet,active,2021-08-27
12976,,5319,wallet,active,2025-08-29
12977,,4688,wallet,active,2025-05-27
12978,,3053,wallet,active,2023-03-02
12979,,5265,wallet,active,2022-06-03
12980,,2512,wallet,active,2026-01-29
12981,,68,wallet,active,2025-12-21
12982,,2380,wallet,active,2020-09-10
12983,,4950,wallet,active,2023-07-31
12984,,1340,wallet,active,2020-05-03
12985,,3011,wallet,active,2022-02-27
12986,,2023,wallet,active,2023-03-20
12987,,2003,wallet,active,2025-05-26
12988,,3579,wallet,active,2022-07-22
12989,,1982,wallet,active,2021-09-17
12990,,3524,wallet,active,2020-05-02
12991,,5348,wallet,active,2025-04-08
12992,,3676,wallet,active,2022-04-08
12993,,338,wallet,active,2024-02-16
12994,,1356,wallet,active,2025-11-04
12995,,1582,wallet,active,2025-05-16
12996,,2094,wallet,active,2020-06-23
12997,,3345,wallet,active,2023-03-23
12998,,2924,wallet,active,2025-11-11
12999,,2158,wallet,active,2021-01-06
13000,,166,wallet,active,2019-10-20
13001,,5571,wallet,active,2022-01-07
13002,,2399,wallet,active,2025-04-26
13003,,1786,wallet,active,2019-04-02
13004,,2022,wallet,active,2023-07-01
13005,,586,wallet,active,2026-04-08
13006,,266,wallet,active,2020-04-01
13007,,3906,wallet,active,2025-02-12
13008,,229,wallet,active,2020-10-21
13009,,4382,wallet,active,2023-04-07
13010,,5541,wallet,active,2023-07-08
13011,,4984,wallet,active,2024-07-22
13012,,1426,wallet,active,2026-06-19
13013,,5291,wallet,active,2020-04-19
13014,,4132,wallet,active,2021-12-08
13015,,3552,wallet,active,2021-03-13
13016,,596,wallet,active,2024-06-22
13017,,475,wallet,active,2025-11-11
13018,,3580,wallet,active,2020-04-28
13019,,1331,wallet,active,2021-08-08
13020,,3742,wallet,active,2020-04-03
13021,,63,wallet,active,2023-04-09
13022,,1186,wallet,active,2025-11-04
13023,,5262,wallet,active,2025-11-09
13024,,4721,wallet,active,2023-10-12
13025,,403,wallet,active,2024-03-22
13026,,717,wallet,active,2024-06-18
13027,,3390,wallet,active,2023-06-27
13028,,4925,wallet,active,2023-10-22
13029,,2814,wallet,active,2019-04-30
13030,,889,wallet,active,2025-02-03
13031,,38,wallet,active,2020-11-19
13032,,2259,wallet,active,2020-06-25
13033,,5132,wallet,active,2020-06-24
13034,,5424,wallet,active,2024-03-08
13035,,3994,wallet,active,2019-04-09
13036,,4098,wallet,active,2019-11-22
13037,,3338,wallet,active,2022-11-13
13038,,4061,wallet,active,2023-04-05
13039,,1529,wallet,active,2021-04-25
13040,,2083,wallet,active,2026-01-13
13041,,2315,wallet,active,2019-11-04
13042,,2309,wallet,active,2022-11-13
13043,,4193,wallet,active,2026-04-14
13044,,4736,wallet,active,2021-08-01
13045,,3218,wallet,active,2019-05-21
13046,,79,wallet,active,2024-11-11
13047,,3314,wallet,active,2022-03-04
13048,,4572,wallet,active,2019-06-25
13049,,499,wallet,active,2023-11-06
13050,,5401,wallet,active,2020-06-16
13051,,9,wallet,active,2019-03-02
13052,,1686,wallet,active,2024-09-10
13053,,2263,wallet,active,2021-01-18
13054,,3751,wallet,active,2023-04-19
13055,,4024,wallet,active,2024-04-11
13056,,2852,wallet,active,2023-09-10
13057,,949,wallet,active,2020-05-06
13058,,614,wallet,active,2026-04-11
13059,,4518,wallet,active,2021-10-01
13060,,4283,wallet,active,2026-02-02
13061,,1031,wallet,active,2019-12-01
13062,,4062,wallet,active,2020-09-03
13063,,1547,wallet,active,2025-11-14
13064,,2881,wallet,active,2025-12-05
13065,,198,wallet,active,2021-02-07
13066,,2610,wallet,active,2020-10-26
13067,,3823,wallet,active,2019-03-25
13068,,4968,wallet,active,2025-08-10
13069,,2292,wallet,active,2025-09-02
13070,,2215,wallet,active,2022-10-13
13071,,1958,wallet,active,2025-10-02
13072,,5139,wallet,active,2020-03-25
13073,,5356,wallet,active,2020-11-01
13074,,4845,wallet,active,2021-06-16
13075,,4543,wallet,active,2021-11-29
13076,,159,wallet,active,2022-02-02
13077,,1975,wallet,active,2023-04-15
13078,,4556,wallet,active,2024-12-13
13079,,4352,wallet,active,2024-01-12
13080,,1883,wallet,active,2024-07-23
13081,,4000,wallet,active,2022-04-02
13082,,829,wallet,active,2025-03-26
13083,,2808,wallet,active,2021-08-07
13084,,4841,wallet,active,2024-04-26
13085,,5320,wallet,active,2026-06-26
13086,,2918,wallet,active,2026-06-28
13087,,3810,wallet,active,2023-02-10
13088,,1985,wallet,active,2023-07-15
13089,,465,wallet,active,2020-03-03
13090,,2533,wallet,active,2023-09-16
13091,,2101,wallet,active,2024-02-15
13092,,2286,wallet,active,2019-11-23
13093,,897,wallet,active,2025-11-11
13094,,3572,wallet,active,2024-02-03
13095,,2701,wallet,active,2023-05-07
13096,,2515,wallet,active,2023-06-23
13097,,2249,wallet,active,2026-03-22
13098,,3047,wallet,active,2025-05-27
13099,,935,wallet,active,2020-06-05
13100,,3496,wallet,active,2025-01-07
13101,,1871,wallet,active,2026-06-03
13102,,5041,wallet,active,2025-12-09
13103,,3459,wallet,active,2020-09-13
13104,,3621,wallet,active,2020-06-16
13105,,2306,wallet,active,2025-06-04
13106,,3559,wallet,active,2025-02-18
13107,,3741,wallet,active,2019-07-12
13108,,3532,wallet,active,2020-03-18
13109,,3100,wallet,active,2024-07-05
13110,,3378,wallet,active,2023-07-01
13111,,4546,wallet,active,2025-06-09
13112,,3729,wallet,active,2020-11-04
13113,,4914,wallet,active,2026-04-03
13114,,3612,wallet,active,2020-10-19
13115,,1642,wallet,active,2026-05-28
13116,,1234,wallet,active,2019-02-08
13117,,5429,wallet,active,2019-11-04
13118,,1450,wallet,active,2020-11-27
13119,,902,wallet,active,2023-03-09
13120,,2779,wallet,active,2020-04-28
13121,,2718,wallet,active,2019-09-06
13122,,666,wallet,active,2025-05-31
13123,,5354,wallet,active,2023-08-24
13124,,5260,wallet,active,2026-03-31
13125,,4231,wallet,active,2022-07-10
13126,,3801,wallet,active,2021-05-02
13127,,639,wallet,active,2022-02-25
13128,,1544,wallet,active,2025-03-02
13129,,3991,wallet,active,2019-06-07
13130,,5342,wallet,active,2020-06-22
13131,,692,wallet,active,2023-08-11
13132,,405,wallet,active,2026-06-29
13133,,2446,wallet,active,2021-02-09
13134,,3185,wallet,active,2019-05-27
13135,,1526,wallet,active,2023-01-21
13136,,1266,wallet,active,2020-06-29
13137,,93,wallet,active,2020-07-03
13138,,1988,wallet,active,2019-02-22
13139,,3154,wallet,active,2020-11-27
13140,,3758,wallet,active,2022-02-25
13141,,3565,wallet,active,2022-06-27
13142,,3745,wallet,active,2023-10-03
13143,,1930,wallet,active,2022-11-08
13144,,5328,wallet,active,2025-06-10
13145,,3371,wallet,active,2023-04-04
13146,,90,wallet,active,2025-06-02
13147,,3474,wallet,active,2021-06-19
13148,,3782,wallet,active,2023-04-01
13149,,2377,wallet,active,2023-03-05
13150,,4948,wallet,active,2020-09-08
13151,,5247,wallet,active,2023-02-19
13152,,4686,wallet,active,2024-06-02
13153,,2393,wallet,active,2019-12-23
13154,,1361,wallet,active,2024-07-02
13155,,2111,wallet,active,2023-10-09
13156,,310,wallet,active,2023-07-02
13157,,4191,wallet,active,2020-10-16
13158,,2103,wallet,active,2021-05-29
13159,,2559,wallet,active,2020-01-25
13160,,2082,wallet,active,2021-04-26
13161,,3607,wallet,active,2022-02-01
13162,,672,wallet,active,2024-07-29
13163,,508,wallet,active,2025-07-08
13164,,3073,wallet,active,2023-06-25
13165,,2536,wallet,active,2019-01-17
13166,,4124,wallet,active,2022-04-09
13167,,3865,wallet,active,2021-07-24
13168,,1665,wallet,active,2024-11-05
13169,,3672,wallet,active,2026-01-28
13170,,36,wallet,active,2024-02-28
13171,,1758,wallet,active,2022-09-01
13172,,476,wallet,active,2019-05-20
13173,,2797,wallet,active,2019-09-16
13174,,2894,wallet,active,2026-04-12
13175,,1311,wallet,active,2022-06-03
13176,,1087,wallet,active,2024-05-20
13177,,1817,wallet,active,2021-05-16
13178,,947,wallet,active,2019-01-29
13179,,2029,wallet,active,2023-07-13
13180,,1649,wallet,active,2021-07-09
13181,,4772,wallet,active,2024-07-24
13182,,2846,wallet,active,2021-12-20
13183,,53,wallet,active,2021-02-05
13184,,3200,wallet,active,2025-09-16
13185,,192,wallet,active,2025-04-19
13186,,5555,wallet,active,2020-03-04
13187,,1936,wallet,active,2019-04-20
13188,,4806,wallet,active,2019-06-20
13189,,2237,wallet,active,2025-02-04
13190,,5115,wallet,active,2024-01-15
13191,,419,wallet,active,2025-11-30
13192,,4425,wallet,active,2022-11-17
13193,,562,wallet,active,2025-01-21
13194,,3059,wallet,active,2021-03-31
13195,,4234,wallet,active,2025-08-13
13196,,1417,wallet,active,2022-12-29
13197,,3828,wallet,active,2025-02-28
13198,,1120,wallet,active,2026-02-10
13199,,1650,wallet,active,2025-04-15
13200,,3303,wallet,active,2019-08-31
13201,,734,wallet,active,2022-03-07
13202,,5583,wallet,active,2023-09-27
13203,,3523,wallet,active,2025-04-23
13204,,3609,wallet,active,2026-02-08
13205,,3766,wallet,active,2021-02-17
13206,,893,wallet,active,2021-02-14
13207,,3905,wallet,active,2021-12-20
13208,,1919,wallet,active,2025-10-24
13209,,1296,wallet,active,2021-05-06
13210,,2187,wallet,active,2022-03-20
13211,,1511,wallet,active,2019-02-14
13212,,3706,wallet,active,2020-11-27
13213,,1205,wallet,active,2022-07-07
13214,,2461,wallet,active,2021-12-02
13215,,3236,wallet,active,2023-01-27
13216,,649,wallet,active,2020-06-30
13217,,3840,wallet,active,2025-04-03
13218,,3464,wallet,active,2022-12-10
13219,,4843,wallet,active,2025-03-25
13220,,3322,wallet,active,2022-07-31
13221,,462,wallet,active,2019-05-13
13222,,3942,wallet,active,2021-01-09
13223,,4070,wallet,active,2024-09-09
13224,,4027,wallet,active,2024-01-14
13225,,4497,wallet,active,2020-05-12
13226,,2130,wallet,active,2021-01-19
13227,,1613,wallet,active,2023-06-17
13228,,3139,wallet,active,2024-02-27
13229,,368,wallet,active,2025-10-28
13230,,623,wallet,active,2023-11-17
13231,,3788,wallet,active,2022-07-30
13232,,2508,wallet,active,2019-02-04
13233,,4205,wallet,active,2023-06-22
13234,,1924,wallet,active,2024-01-25
13235,,247,wallet,active,2023-03-29
13236,,814,wallet,active,2022-12-23
13237,,776,wallet,active,2021-04-26
13238,,1407,wallet,active,2019-08-05
13239,,359,wallet,active,2024-04-14
13240,,2179,wallet,active,2024-12-10
13241,,4025,wallet,active,2025-01-27
13242,,4670,wallet,active,2026-04-13
13243,,4012,wallet,active,2023-06-22
13244,,5481,wallet,active,2023-03-04
13245,,1442,wallet,active,2023-06-07
13246,,4292,wallet,active,2023-02-28
13247,,3838,wallet,active,2020-03-03
13248,,1388,wallet,active,2022-10-28
13249,,5433,wallet,active,2026-03-13
13250,,1332,wallet,active,2023-03-29
13251,,4235,wallet,active,2019-08-14
13252,,321,wallet,active,2019-05-25
13253,,4410,wallet,active,2022-03-22
13254,,5488,wallet,active,2019-06-20
13255,,2397,wallet,active,2019-05-09
13256,,3643,wallet,active,2023-07-04
13257,,2181,wallet,active,2025-04-03
13258,,5331,wallet,active,2021-08-14
13259,,1385,wallet,active,2021-09-20
13260,,3515,wallet,active,2023-11-27
13261,,1390,wallet,active,2022-12-25
13262,,3873,wallet,active,2019-06-28
13263,,2697,wallet,active,2022-10-21
13264,,4954,wallet,active,2019-06-13
13265,,3811,wallet,active,2019-08-19
13266,,2480,wallet,active,2022-11-19
13267,,3957,wallet,active,2022-03-08
13268,,425,wallet,active,2025-01-27
13269,,3024,wallet,active,2021-08-12
13270,,5065,wallet,active,2021-08-07
13271,,4969,wallet,active,2024-02-20
13272,,5030,wallet,active,2020-01-22
13273,,2766,wallet,active,2019-04-29
13274,,3518,wallet,active,2021-12-26
13275,,628,wallet,active,2020-03-13
13276,,4127,wallet,active,2021-01-22
13277,,1567,wallet,active,2021-11-16
13278,,1966,wallet,active,2023-03-25
13279,,1005,wallet,active,2020-03-01
13280,,216,wallet,active,2024-03-30
