location_id,site_name,site_type,address,city,country_code,latitude,longitude
1,Meridian Mart Uyo 1,store,29132 Kevin Route Apt. 361,Uyo,NG,9.920915,7.053295
2,Meridian Mart Mombasa 2,store,14613 Angela Alley,Mombasa,KE,12.268475,32.858203
3,Meridian Mart Enugu 3,store,11639 Moore Roads Apt. 174,Enugu,NG,13.327201,38.32753
4,Meridian Mart Lagos 4,store,31516 Kelly Burgs Apt. 520,Lagos,NG,4.427057,6.885967
5,Meridian Mart Uyo 5,store,310 Wise Station,Uyo,NG,6.818165,-2.609983
6,Meridian Mart Ibadan 6,store,47785 Smith Haven Apt. 087,Ibadan,NG,10.154239,35.931036
7,Meridian Mart Uyo 7,store,03060 Edwards Summit Suite 499,Uyo,NG,8.810434,22.387283
8,Meridian Mart Nairobi 8,store,930 Delacruz Green,Nairobi,KE,6.432827,9.410172
9,Meridian Mart Tamale 9,store,85206 Phelps Knolls,Tamale,GH,7.565009,22.664654
10,Meridian Mart Tamale 10,store,07269 Debbie Valley Apt. 019,Tamale,GH,7.970891,1.358415
11,Meridian Mart Abuja 11,store,13789 Jonathan Bypass,Abuja,NG,8.822769,39.022034
12,Meridian Mart Uyo 12,store,7612 Samantha Ferry,Uyo,NG,8.132171,27.220196
13,Meridian Mart Kisumu 13,store,289 Ortiz Circles,Kisumu,KE,10.940027,38.198218
14,Meridian Mart Abuja 14,store,069 Christopher Mission,Abuja,NG,9.867764,22.475293
15,Meridian Mart Accra 15,store,68150 Matthew Port Suite 924,Accra,GH,7.775956,7.768335
16,Meridian Mart Enugu 16,store,686 Leach Run Suite 305,Enugu,NG,6.029851,8.778446
17,Meridian Mart Lagos 17,store,79827 Lucas Freeway Suite 264,Lagos,NG,4.200138,20.701577
18,Meridian Mart Uyo 18,store,204 Brandon Glen Apt. 604,Uyo,NG,12.252981,18.901813
19,Meridian Mart Lagos 19,store,51578 Robinson Coves,Lagos,NG,7.428595,6.478659
20,Meridian Mart Benin City 20,store,774 Alicia Islands Apt. 298,Benin City,NG,7.251267,31.679849
21,Meridian Mart Kisumu 21,store,146 Roberto Highway,Kisumu,KE,10.122171,17.781843
22,Meridian Mart Enugu 22,store,8618 Richard Union,Enugu,NG,9.241396,16.031645
23,Meridian Mart Accra 23,store,61327 Nicole Spur Apt. 457,Accra,GH,6.908131,21.873857
24,Meridian Mart Abuja 24,store,8527 Amy Divide,Abuja,NG,10.91106,26.33747
25,Meridian Mart Port Harcourt 25,store,564 Andrea Court Apt. 762,Port Harcourt,NG,4.145044,21.797854
26,Meridian Mart Ibadan 26,store,8863 Dennis Drive Suite 564,Ibadan,NG,9.706432,31.499161
27,Meridian Mart Abuja 27,store,748 Morgan Keys,Abuja,NG,7.263644,10.787139
28,Meridian Mart Ibadan 28,store,489 Coleman Park Suite 553,Ibadan,NG,10.046055,37.115487
29,Meridian Mart Kano 29,store,39207 Marquez Divide,Kano,NG,8.256284,6.036107
30,Meridian Mart Port Harcourt 30,store,95261 Kelly Brook,Port Harcourt,NG,9.158321,16.987844
31,Meridian Mart Nakuru 31,store,7422 Garrett Parkway Suite 646,Nakuru,KE,10.008033,20.524925
32,Meridian Mart Uyo 32,store,4438 Mcbride Fields,Uyo,NG,5.64943,26.339172
33,Meridian Mart Lagos 33,store,1413 Young Spurs,Lagos,NG,4.315301,1.600956
34,Meridian Mart Takoradi 34,store,525 Soto Roads Apt. 365,Takoradi,GH,7.778714,33.995719
35,Meridian Mart Abuja 35,store,6547 Savage Harbor,Abuja,NG,6.855988,-2.512339
36,Meridian Mart Kumasi 36,store,44335 Mendez Inlet,Kumasi,GH,12.021831,35.833433
37,Meridian Mart Ibadan 37,store,635 Berry Shores,Ibadan,NG,12.363853,0.843164
38,Meridian Mart Port Harcourt 38,store,183 Scott Glens Apt. 263,Port Harcourt,NG,13.034762,-1.165725
39,Meridian Mart Accra 39,store,7038 Jordan Roads Suite 494,Accra,GH,13.494738,8.544776
40,Meridian Mart Ibadan 40,store,490 Eric Square Apt. 974,Ibadan,NG,11.554938,5.106567
41,Meridian Mart Benin City 41,store,400 Martha Loaf,Benin City,NG,6.662505,21.29133
42,Meridian Mart Port Harcourt 42,store,76911 Nathan Locks Suite 032,Port Harcourt,NG,8.639787,14.323348
43,Meridian Mart Nakuru 43,store,394 Moran Neck Suite 809,Nakuru,KE,13.259636,2.756837
44,Meridian Mart Benin City 44,store,2997 Murphy Cape,Benin City,NG,4.933358,30.725176
45,Meridian Mart Lagos 45,store,3757 Ware Tunnel Apt. 263,Lagos,NG,9.987065,8.02784
46,Meridian Mart Kano 46,store,2520 Boyer Green Apt. 107,Kano,NG,4.092058,17.594907
47,Meridian Mart Port Harcourt 47,store,75144 Maldonado Green Apt. 804,Port Harcourt,NG,4.120656,21.123228
48,Meridian Mart Kisumu 48,store,19341 Yang Mission Apt. 190,Kisumu,KE,4.660452,39.810235
49,Meridian Mart Enugu 49,store,529 Michael Walk,Enugu,NG,11.264767,23.09887
50,Meridian Mart Mombasa 50,store,445 Wayne Overpass Apt. 126,Mombasa,KE,10.619245,-3.098235
51,Meridian Mart Tamale 51,store,7322 Chad Brook Apt. 907,Tamale,GH,6.1906,30.956139
52,Meridian Mart Benin City 52,store,28857 Ryan Meadow Suite 763,Benin City,NG,7.805011,14.24955
53,Meridian Mart Port Harcourt 53,store,51473 Emily Place,Port Harcourt,NG,5.362552,13.32543
54,Meridian Mart Uyo 54,store,456 Rebecca Lodge,Uyo,NG,12.757182,31.049972
55,Meridian Mart Kumasi 55,store,101 Edward Lights Suite 916,Kumasi,GH,6.915945,1.29255
56,Meridian Mart Accra 56,store,29036 Kevin Causeway,Accra,GH,9.209097,31.313696
57,Meridian Mart Ibadan 57,store,4060 Williams Garden Apt. 876,Ibadan,NG,7.632618,23.032396
58,Meridian Mart Accra 58,store,50424 Mandy Trace,Accra,GH,13.14898,5.123633
59,Meridian Mart Benin City 59,store,935 Samantha Cape,Benin City,NG,9.625101,20.62096
60,Meridian Mart Benin City 60,store,0874 Greer Forges,Benin City,NG,5.561416,6.037634
61,Meridian Mart Uyo 61,store,4953 Sarah Estates Suite 578,Uyo,NG,8.826075,12.491803
62,Meridian Mart Tamale 62,store,71491 Nicole Ridge Suite 964,Tamale,GH,7.895283,6.94864
63,Meridian Mart Uyo 63,store,615 David Dale Suite 218,Uyo,NG,8.084119,15.842838
64,Meridian Mart Ibadan 64,store,29980 Sarah Run,Ibadan,NG,10.082726,20.385158
65,Meridian Mart Nakuru 65,store,57275 Sanders Parkways,Nakuru,KE,9.200079,11.907727
66,Meridian Mart Lagos 66,store,3974 Jones Place Apt. 816,Lagos,NG,12.330651,-3.180498
67,Meridian Mart Benin City 67,store,687 Garcia Overpass Apt. 112,Benin City,NG,4.025472,37.077684
68,Meridian Mart Ibadan 68,store,6886 James Mills Suite 636,Ibadan,NG,4.07807,29.254033
69,Concord Depot Uyo 69,warehouse,0024 Suzanne Extensions Suite 881,Uyo,NG,11.502929,40.629466
70,Concord Depot Accra 70,warehouse,03483 Andrew Via Suite 208,Accra,GH,12.575929,30.310532
71,Concord Depot Lagos 71,warehouse,0449 Jeffrey Inlet Apt. 373,Lagos,NG,10.290087,6.718523
72,Concord Depot Ibadan 72,warehouse,635 Thomas Court Suite 072,Ibadan,NG,8.159722,12.634631
73,Concord Depot Uyo 73,warehouse,417 Diaz Orchard,Uyo,NG,7.298776,39.25055
74,Concord Depot Nakuru 74,warehouse,90105 Tyler Stream Apt. 627,Nakuru,KE,9.919078,2.486067
75,Ibadan Farm Site 75,farm,25116 Sean Meadows Suite 890,Ibadan,NG,7.885329,26.926459
76,Kisumu Farm Site 76,farm,3512 George Trafficway,Kisumu,KE,13.390492,37.420808
77,Enugu Farm Site 77,farm,0632 Mcconnell Extensions,Enugu,NG,10.699754,14.081557
78,Port Harcourt Farm Site 78,farm,70590 Johnson Falls,Port Harcourt,NG,6.032182,13.955159
79,Nairobi Farm Site 79,farm,6921 Rodriguez Circle,Nairobi,KE,12.174503,3.428009
80,Lagos Farm Site 80,farm,684 Lee Land Apt. 594,Lagos,NG,5.861862,18.105344
81,Uyo Farm Site 81,farm,635 Hall Locks Suite 913,Uyo,NG,10.027342,20.891591
82,Abuja Farm Site 82,farm,2249 Peter Alley Suite 666,Abuja,NG,11.88906,33.393593
83,Benin City Farm Site 83,farm,410 Jeff Club,Benin City,NG,7.484288,18.325646
84,Enugu Farm Site 84,farm,16149 Shane Knoll,Enugu,NG,11.969923,4.766548
85,Accra Farm Site 85,farm,4108 Ward Square,Accra,GH,4.838768,36.51258
86,Enugu Farm Site 86,farm,60425 Hansen Glens Suite 630,Enugu,NG,6.53673,31.526063
87,Kumasi Farm Site 87,farm,424 Kevin Plaza Suite 847,Kumasi,GH,11.731941,19.307682
88,Port Harcourt Farm Site 88,farm,87572 Hernandez Wells Suite 530,Port Harcourt,NG,7.818504,3.072241
89,Accra Farm Site 89,farm,405 Robyn Cape Suite 397,Accra,GH,11.035717,32.185234
90,Takoradi Farm Site 90,farm,5896 Michelle Causeway Apt. 412,Takoradi,GH,12.390102,4.444011
91,Enugu Farm Site 91,farm,6182 Michael Motorway,Enugu,NG,9.252131,4.101573
92,Lagos Farm Site 92,farm,7187 Brad Groves,Lagos,NG,6.574175,0.236892
93,Ibadan Farm Site 93,farm,634 Price Plains Suite 960,Ibadan,NG,5.030306,33.19276
94,Mombasa Farm Site 94,farm,09969 Kirby Centers Suite 488,Mombasa,KE,10.750619,8.485662
95,Kano Farm Site 95,farm,8147 Paul Stream,Kano,NG,11.500851,27.392699
96,Lagos Farm Site 96,farm,7414 John Streets Apt. 444,Lagos,NG,9.936418,23.869989
97,Tamale Farm Site 97,farm,80705 Stephen Brook,Tamale,GH,13.292059,30.114029
98,Lagos Farm Site 98,farm,0437 Mark Ford,Lagos,NG,10.834779,39.082178
99,Kano Farm Site 99,farm,02355 Lopez Falls Suite 667,Kano,NG,8.025235,18.810969
100,Kano Farm Site 100,farm,834 Scott Course,Kano,NG,8.746234,12.825639
101,Uyo Farm Site 101,farm,04181 Harrison Ramp Suite 990,Uyo,NG,7.196164,6.640816
102,Kumasi Farm Site 102,farm,4736 Susan Oval Suite 639,Kumasi,GH,11.957157,25.075978
103,Kisumu Farm Site 103,farm,29420 Luke Mews Apt. 340,Kisumu,KE,11.000541,38.023832
104,Lagos Farm Site 104,farm,87561 Chris Trail Suite 740,Lagos,NG,11.955989,25.428813
105,Uyo Farm Site 105,farm,505 Mario Mountains Apt. 049,Uyo,NG,11.522683,24.66276
106,Enugu Farm Site 106,farm,09749 Mark Junction,Enugu,NG,7.481752,7.583803
107,Port Harcourt Farm Site 107,farm,2506 Wells Via,Port Harcourt,NG,11.888177,29.010531
108,Enugu Farm Site 108,farm,0118 Paul Burg,Enugu,NG,10.178511,19.769991
109,Accra Farm Site 109,farm,933 Williams Forest Suite 739,Accra,GH,6.534814,20.452284
110,Benin City Farm Site 110,farm,05583 Rebecca Burg Suite 137,Benin City,NG,8.263364,19.648485
111,Port Harcourt Farm Site 111,farm,62595 Julia Spring,Port Harcourt,NG,9.761015,15.898663
112,Port Harcourt Farm Site 112,farm,880 Shane Branch Apt. 492,Port Harcourt,NG,13.303473,11.961958
113,Lagos Farm Site 113,farm,0901 Melinda Pine,Lagos,NG,9.411126,-0.577905
114,Uyo Farm Site 114,farm,723 Kenneth Manor Suite 300,Uyo,NG,12.327051,23.842552
115,Port Harcourt Farm Site 115,farm,221 Contreras Mountain Apt. 531,Port Harcourt,NG,13.286888,16.536927
116,Uyo Farm Site 116,farm,94606 Wolfe Island Suite 612,Uyo,NG,6.280983,-0.389159
117,Benin City Farm Site 117,farm,03472 Elizabeth Radial Apt. 207,Benin City,NG,11.874443,-3.399342
118,Abuja Farm Site 118,farm,1284 Shawn Ways,Abuja,NG,4.370928,33.895571
119,Enugu Farm Site 119,farm,6383 Jermaine Streets,Enugu,NG,9.167096,17.696189
120,Tamale Farm Site 120,farm,429 Alicia Manor,Tamale,GH,10.722619,38.086965
121,Kano Farm Site 121,farm,4982 Swanson Valley,Kano,NG,10.935885,16.057043
122,Lagos Farm Site 122,farm,640 White Glen Suite 017,Lagos,NG,8.821663,8.170754
123,Kumasi Farm Site 123,farm,63387 Khan Courts Apt. 104,Kumasi,GH,11.15719,7.50508
124,Enugu Farm Site 124,farm,21572 Robinson Dam,Enugu,NG,12.289385,29.504122
125,Tamale Farm Site 125,farm,507 Nicole Lane Suite 851,Tamale,GH,4.795752,-0.523962
126,Abuja Farm Site 126,farm,79596 Anthony Junctions Apt. 410,Abuja,NG,9.378537,-1.6188
127,Port Harcourt Farm Site 127,farm,4436 Ruiz Motorway Apt. 061,Port Harcourt,NG,9.543782,-2.061194
128,Uyo Farm Site 128,farm,93839 Ward Rue Suite 035,Uyo,NG,12.863942,21.411258
129,Abuja Farm Site 129,farm,896 Jacob Point,Abuja,NG,9.459869,18.023871
130,Enugu Farm Site 130,farm,646 Green Streets Suite 480,Enugu,NG,7.494867,18.628612
131,Abuja Farm Site 131,farm,804 Roger Turnpike,Abuja,NG,9.934799,23.366225
132,Nairobi Farm Site 132,farm,4745 Leonard Skyway,Nairobi,KE,6.667389,37.259136
133,Kano Farm Site 133,farm,260 Sarah Overpass,Kano,NG,11.058343,36.155719
134,Takoradi Farm Site 134,farm,7842 Yu Loaf,Takoradi,GH,12.071354,-2.288556
135,Benin City Farm Site 135,farm,34765 Mary Keys Apt. 606,Benin City,NG,7.508955,10.273486
136,Uyo Farm Site 136,farm,093 Brown Terrace,Uyo,NG,5.80282,31.848347
137,Accra Farm Site 137,farm,209 Rhodes Ramp Suite 537,Accra,GH,9.422692,27.196195
138,Lagos Farm Site 138,farm,701 Carter Knolls,Lagos,NG,5.960444,29.576225
139,Ibadan Farm Site 139,farm,1244 Ross Point,Ibadan,NG,7.00185,3.081359
140,Kano Farm Site 140,farm,280 Hutchinson Stravenue,Kano,NG,12.8328,10.892164
141,Tamale Farm Site 141,farm,0035 Tamara Freeway,Tamale,GH,13.154464,36.107211
142,Ibadan Farm Site 142,farm,00804 Moore Fords,Ibadan,NG,6.754695,36.371964
143,Port Harcourt Farm Site 143,farm,28525 Jonathan Ports Apt. 889,Port Harcourt,NG,8.342525,17.953785
144,Kumasi Farm Site 144,farm,8729 Theresa Parkways Suite 538,Kumasi,GH,10.417364,2.41018
145,Kumasi Farm Site 145,farm,24704 Melanie Ridges Apt. 517,Kumasi,GH,8.136189,35.144088
146,Ibadan Farm Site 146,farm,487 York Plain Apt. 994,Ibadan,NG,10.334529,30.45612
147,Nakuru Farm Site 147,farm,841 Evans Fall Suite 179,Nakuru,KE,6.679081,21.750081
148,Takoradi Farm Site 148,farm,16619 Ferguson Station Suite 310,Takoradi,GH,10.179059,35.386198
149,Abuja Farm Site 149,farm,2292 Wade Course Apt. 916,Abuja,NG,9.431691,22.049063
150,Abuja Farm Site 150,farm,821 Andrew Dale,Abuja,NG,12.128934,9.924076
151,Enugu Farm Site 151,farm,573 Freeman Courts Suite 415,Enugu,NG,12.316853,12.382532
152,Benin City Farm Site 152,farm,57966 Cabrera Port Suite 207,Benin City,NG,8.716238,5.988626
153,Kumasi Farm Site 153,farm,43808 Wood Ville,Kumasi,GH,5.743411,10.644171
154,Uyo Farm Site 154,farm,572 Sandra Loop,Uyo,NG,8.847806,-0.98131
155,Tamale Farm Site 155,farm,00657 Christopher Street Apt. 221,Tamale,GH,4.417022,18.262382
156,Kano Farm Site 156,farm,5875 Alexander Well Apt. 870,Kano,NG,9.984383,18.558208
157,Mombasa Farm Site 157,farm,1925 Wilson Unions,Mombasa,KE,7.907427,17.314056
158,Kisumu Farm Site 158,farm,590 Joyce Pines Apt. 619,Kisumu,KE,11.716766,37.356453
159,Port Harcourt Farm Site 159,farm,1437 Jason Viaduct,Port Harcourt,NG,6.236596,36.881949
160,Port Harcourt Farm Site 160,farm,96611 Mcpherson Motorway Apt. 782,Port Harcourt,NG,9.984552,37.677581
161,Kumasi Farm Site 161,farm,271 Roberts Heights,Kumasi,GH,10.430814,40.19732
162,Tamale Farm Site 162,farm,0630 Nicholas Lakes Apt. 410,Tamale,GH,8.932381,24.454443
163,Tamale Farm Site 163,farm,191 Gross Walks Suite 110,Tamale,GH,12.422711,38.812676
164,Kumasi Farm Site 164,farm,164 Sandra Village Apt. 567,Kumasi,GH,9.903484,30.346605
165,Enugu Farm Site 165,farm,845 Johnson Ville Suite 087,Enugu,NG,4.08579,21.766218
166,Uyo Farm Site 166,farm,119 Sarah Run,Uyo,NG,13.01342,20.648172
167,Lagos Farm Site 167,farm,8898 Amber Spring,Lagos,NG,9.072689,5.269563
168,Kano Farm Site 168,farm,0594 Matthew Common Apt. 150,Kano,NG,10.024672,4.680868
169,Port Harcourt Farm Site 169,farm,979 Hunt Union Suite 652,Port Harcourt,NG,8.700096,-2.958881
170,Enugu Farm Site 170,farm,52005 Serrano Pike Apt. 458,Enugu,NG,9.486813,34.888469
171,Kumasi Farm Site 171,farm,59772 Montes Greens,Kumasi,GH,10.870293,38.554503
172,Kumasi Farm Site 172,farm,427 Davis Cliff,Kumasi,GH,8.247236,25.779937
173,Tamale Farm Site 173,farm,8273 Zachary Motorway Suite 552,Tamale,GH,5.41418,11.274311
174,Ibadan Farm Site 174,farm,1308 Brandy Fort,Ibadan,NG,10.858695,37.12493
175,Lagos Farm Site 175,farm,32462 Mark Plains Suite 467,Lagos,NG,12.262801,37.594938
176,Uyo Farm Site 176,farm,021 Hernandez Estate,Uyo,NG,6.062042,37.170692
177,Lagos Farm Site 177,farm,16765 Peterson Club,Lagos,NG,6.007432,30.456289
178,Abuja Farm Site 178,farm,93708 Smith Ridges Apt. 577,Abuja,NG,11.004224,32.284607
179,Lagos Farm Site 179,farm,2146 Luke Port,Lagos,NG,4.039318,-0.451807
180,Benin City Farm Site 180,farm,7533 Danielle Isle Apt. 038,Benin City,NG,4.769248,15.517172
181,Abuja Farm Site 181,farm,642 Henderson Turnpike Apt. 629,Abuja,NG,11.472577,23.396315
182,Abuja Farm Site 182,farm,352 Johns Ridge,Abuja,NG,8.514354,2.89664
183,Port Harcourt Farm Site 183,farm,2484 Larry Spring,Port Harcourt,NG,8.728595,39.531212
184,Port Harcourt Farm Site 184,farm,01072 Angela Loop Apt. 160,Port Harcourt,NG,5.614349,11.762946
185,Port Harcourt Farm Site 185,farm,45606 Andrea Wells,Port Harcourt,NG,4.220042,19.020039
186,Mombasa Farm Site 186,farm,6645 Mark Mount Apt. 538,Mombasa,KE,10.537815,21.142559
187,Port Harcourt Farm Site 187,farm,08549 Connie Crossing,Port Harcourt,NG,13.13537,30.724656
188,Uyo Farm Site 188,farm,966 Gregory Fort Apt. 871,Uyo,NG,10.575546,31.915593
189,Nakuru Farm Site 189,farm,14280 Wade Mission Suite 934,Nakuru,KE,12.751838,24.039654
190,Abuja Farm Site 190,farm,331 Justin Squares,Abuja,NG,11.980565,19.204354
191,Enugu Farm Site 191,farm,5759 Savage Landing,Enugu,NG,5.820365,24.003823
192,Port Harcourt Farm Site 192,farm,6262 Jones Locks,Port Harcourt,NG,7.356568,4.506134
193,Accra Farm Site 193,farm,28190 Gonzalez Ford,Accra,GH,9.297859,25.939644
194,Ibadan Farm Site 194,farm,0158 Ricky Grove,Ibadan,NG,10.200363,35.733699
195,Lagos Farm Site 195,farm,745 Taylor Hills,Lagos,NG,13.266664,18.941815
196,Accra Farm Site 196,farm,7804 Dorsey Brooks,Accra,GH,13.391502,10.200344
197,Enugu Farm Site 197,farm,894 Ortiz Dam Suite 705,Enugu,NG,8.696319,9.537511
198,Kano Farm Site 198,farm,121 Jacobson Tunnel,Kano,NG,9.65653,6.941514
199,Uyo Farm Site 199,farm,4248 Wu Wells Suite 081,Uyo,NG,13.490435,5.341125
200,Port Harcourt Farm Site 200,farm,242 Theresa Lights Apt. 326,Port Harcourt,NG,5.062761,16.969818
201,Kumasi Farm Site 201,farm,39706 Hart Ville Apt. 512,Kumasi,GH,6.616818,25.915408
202,Accra Farm Site 202,farm,53924 Suzanne Ville Apt. 593,Accra,GH,9.456498,32.306999
203,Benin City Farm Site 203,farm,758 Ashlee River Apt. 507,Benin City,NG,8.884796,9.586516
204,Lagos Farm Site 204,farm,898 Smith Cape,Lagos,NG,7.533796,33.252289
205,Lagos Farm Site 205,farm,013 Tracy Parks Apt. 733,Lagos,NG,6.68424,40.786125
206,Accra Farm Site 206,farm,62885 Baker Flats Suite 734,Accra,GH,9.587773,23.216446
207,Enugu Farm Site 207,farm,8543 Stacey Unions,Enugu,NG,4.863901,11.620707
208,Enugu Farm Site 208,farm,47294 Brian Junction Apt. 855,Enugu,NG,6.7342,29.704164
209,Enugu Farm Site 209,farm,490 Bruce Plaza Apt. 372,Enugu,NG,6.450233,32.281402
210,Ibadan Farm Site 210,farm,8116 Gonzalez Inlet Apt. 199,Ibadan,NG,6.886457,13.540005
211,Uyo Farm Site 211,farm,828 David Estate,Uyo,NG,12.742888,20.352565
212,Accra Farm Site 212,farm,3236 Adams Hill,Accra,GH,12.902012,3.429028
213,Port Harcourt Farm Site 213,farm,0937 William Village,Port Harcourt,NG,4.455653,-1.972803
214,Lagos Farm Site 214,farm,744 Andrea Estates Apt. 251,Lagos,NG,7.362987,23.667732
215,Port Harcourt Farm Site 215,farm,1306 Vasquez Flats,Port Harcourt,NG,9.361028,15.637018
216,Accra Farm Site 216,farm,83786 Blevins Terrace,Accra,GH,7.867521,20.184457
217,Takoradi Farm Site 217,farm,0439 Rebecca Burgs,Takoradi,GH,5.663308,3.87982
218,Ibadan Farm Site 218,farm,51563 Morris Circles Apt. 852,Ibadan,NG,7.735553,33.455487
219,Tamale Farm Site 219,farm,42849 Boyd Points,Tamale,GH,4.061995,7.674882
220,Uyo Farm Site 220,farm,06774 Lisa Glen Suite 927,Uyo,NG,7.743865,13.58113
221,Takoradi Farm Site 221,farm,07590 Martin Park,Takoradi,GH,8.400571,18.419733
222,Enugu Farm Site 222,farm,6170 Andrew Falls Apt. 661,Enugu,NG,8.381963,25.169378
223,Benin City Farm Site 223,farm,5487 Powers Mill Apt. 431,Benin City,NG,10.024227,30.673029
224,Abuja Farm Site 224,farm,218 Alexandra Greens,Abuja,NG,6.732397,28.181053
225,Benin City Farm Site 225,farm,8403 Robert Haven Apt. 988,Benin City,NG,8.686675,12.625908
226,Benin City Farm Site 226,farm,7643 Mooney Locks Apt. 359,Benin City,NG,10.333088,14.650319
227,Uyo Farm Site 227,farm,3164 Smith Cape Apt. 083,Uyo,NG,5.67945,37.270342
228,Enugu Farm Site 228,farm,5237 Khan Gateway Apt. 833,Enugu,NG,5.811721,18.787405
229,Nairobi Farm Site 229,farm,79078 Larry Ferry,Nairobi,KE,4.928593,1.492084
230,Enugu Farm Site 230,farm,09745 Martinez Groves,Enugu,NG,11.362694,25.052519
231,Port Harcourt Farm Site 231,farm,4681 Janet Harbors,Port Harcourt,NG,5.729335,33.742573
232,Lagos Farm Site 232,farm,00931 Coleman Key Apt. 607,Lagos,NG,8.960183,30.927011
233,Nairobi Farm Site 233,farm,90332 David Loop Apt. 213,Nairobi,KE,13.280226,24.321518
234,Uyo Farm Site 234,farm,35495 Ray Light,Uyo,NG,6.566625,19.496519
235,Tamale Farm Site 235,farm,97011 Anthony Common,Tamale,GH,12.457751,11.333442
236,Tamale Farm Site 236,farm,40327 Mendez Shores Suite 474,Tamale,GH,13.464171,16.094414
237,Kano Farm Site 237,farm,725 Thomas Estate Apt. 134,Kano,NG,11.344185,28.211062
238,Enugu Farm Site 238,farm,344 Owens Mountains,Enugu,NG,4.636257,9.76085
239,Accra Farm Site 239,farm,501 Smith Passage,Accra,GH,5.9528,25.864562
240,Abuja Farm Site 240,farm,8930 Barbara Junctions Suite 533,Abuja,NG,5.880593,21.724803
241,Lagos Farm Site 241,farm,1626 Garrison Streets Apt. 687,Lagos,NG,7.499939,28.803155
242,Kano Farm Site 242,farm,05595 Sandoval Rest,Kano,NG,11.256292,3.480244
243,Mombasa Farm Site 243,farm,04520 Jones Summit,Mombasa,KE,11.882365,15.550468
244,Takoradi Farm Site 244,farm,815 Young Isle Suite 328,Takoradi,GH,10.860572,28.148829
245,Kano Farm Site 245,farm,79807 Jon Run Suite 784,Kano,NG,9.941469,-2.623281
246,Takoradi Farm Site 246,farm,7497 Medina Stream,Takoradi,GH,12.940146,14.224745
247,Uyo Farm Site 247,farm,25488 Elliott Crescent,Uyo,NG,9.074508,10.093091
248,Mombasa Farm Site 248,farm,011 Moore Crescent Suite 888,Mombasa,KE,10.698115,11.464681
249,Port Harcourt Farm Site 249,farm,5128 Jimenez Fall,Port Harcourt,NG,7.421013,35.295714
250,Enugu Farm Site 250,farm,497 Leach Stream Apt. 168,Enugu,NG,12.036613,19.902367
251,Uyo Farm Site 251,farm,938 Jessica Prairie,Uyo,NG,7.549233,12.298773
252,Nakuru Farm Site 252,farm,524 Taylor Hollow Suite 202,Nakuru,KE,12.276262,23.860462
253,Uyo Farm Site 253,farm,1786 Durham Pass Apt. 923,Uyo,NG,6.569955,6.24989
254,Benin City Farm Site 254,farm,839 Jeffery Islands,Benin City,NG,4.232061,19.529001
255,Nakuru Farm Site 255,farm,304 Stephanie Spurs,Nakuru,KE,8.617718,-1.002626
256,Kumasi Farm Site 256,farm,4484 Jeremy Stravenue Apt. 810,Kumasi,GH,11.289684,-2.582073
257,Enugu Farm Site 257,farm,659 Roberts Road,Enugu,NG,4.902339,37.057448
258,Accra Farm Site 258,farm,99339 Jeffrey Lights,Accra,GH,11.364999,33.691856
259,Benin City Farm Site 259,farm,24836 Leah Village,Benin City,NG,11.907658,30.308887
260,Kumasi Farm Site 260,farm,7033 Angela Mount,Kumasi,GH,8.16229,25.181803
261,Takoradi Farm Site 261,farm,174 Cox Vista,Takoradi,GH,13.208403,-0.974568
262,Benin City Farm Site 262,farm,975 Cooper Light Apt. 435,Benin City,NG,7.315987,3.908935
263,Uyo Farm Site 263,farm,702 Molly Circles,Uyo,NG,11.716836,9.613984
264,Port Harcourt Farm Site 264,farm,4560 Anderson Circles Apt. 022,Port Harcourt,NG,6.719026,20.219064
265,Nakuru Farm Site 265,farm,459 Robert Center Apt. 457,Nakuru,KE,8.523923,7.270676
266,Port Harcourt Farm Site 266,farm,218 Dennis Fords Suite 700,Port Harcourt,NG,6.422279,39.585808
267,Kano Farm Site 267,farm,4425 Mary Station,Kano,NG,5.204338,13.038087
268,Enugu Farm Site 268,farm,8231 Simpson Wells Suite 723,Enugu,NG,7.146285,6.504298
269,Port Harcourt Farm Site 269,farm,146 Murphy Shore,Port Harcourt,NG,8.57347,4.710843
270,Mombasa Farm Site 270,farm,1351 Ellen Squares Suite 189,Mombasa,KE,11.583482,19.467293
271,Uyo Farm Site 271,farm,14129 Robert Tunnel Apt. 670,Uyo,NG,5.637723,30.905002
272,Nakuru Farm Site 272,farm,68835 Pearson Ridge Suite 472,Nakuru,KE,11.901319,-0.705536
273,Takoradi Farm Site 273,farm,7911 Rebecca Stream,Takoradi,GH,7.670645,2.922341
274,Uyo Farm Site 274,farm,6330 Brown Freeway Suite 569,Uyo,NG,5.533233,38.699214
275,Benin City Farm Site 275,farm,862 Rodgers Falls Suite 090,Benin City,NG,4.08794,11.923689
276,Benin City Farm Site 276,farm,22771 Kimberly Inlet Apt. 934,Benin City,NG,10.666408,12.607473
277,Uyo Farm Site 277,farm,0637 Kevin Rapids Suite 142,Uyo,NG,8.626934,16.462363
278,Tamale Farm Site 278,farm,40941 Richards Plaza,Tamale,GH,7.822699,9.719914
279,Enugu Farm Site 279,farm,730 Diaz Cliff,Enugu,NG,9.094035,21.042921
280,Port Harcourt Farm Site 280,farm,76315 Zhang Ridges Suite 822,Port Harcourt,NG,6.088725,5.456042
281,Ibadan Farm Site 281,farm,0146 Brown Skyway,Ibadan,NG,6.101464,36.219195
282,Port Harcourt Farm Site 282,farm,8370 Rose Ports,Port Harcourt,NG,7.991386,34.317188
283,Lagos Farm Site 283,farm,03550 Reynolds Passage Apt. 750,Lagos,NG,11.57338,30.656788
284,Ibadan Farm Site 284,farm,9302 Hammond Extension,Ibadan,NG,8.199702,17.152849
285,Uyo Farm Site 285,farm,3904 Alexander Track Apt. 906,Uyo,NG,5.317,-2.628823
286,Kano Farm Site 286,farm,48908 Weber Pine,Kano,NG,6.229025,17.613145
287,Benin City Farm Site 287,farm,3960 Cummings Cliffs,Benin City,NG,8.845191,-0.321786
288,Ibadan Farm Site 288,farm,732 Clark Center,Ibadan,NG,8.906273,9.236254
289,Nakuru Farm Site 289,farm,95438 Heath Divide Apt. 758,Nakuru,KE,8.020074,22.240558
290,Abuja Farm Site 290,farm,924 Crystal Ports,Abuja,NG,6.88373,12.660394
291,Tamale Farm Site 291,farm,065 Michael Valleys Apt. 239,Tamale,GH,11.062222,7.016965
292,Takoradi Farm Site 292,farm,4552 Amanda Island,Takoradi,GH,7.430024,1.050428
293,Nairobi Farm Site 293,farm,1042 Kevin Wells Apt. 494,Nairobi,KE,6.074007,32.73508
294,Uyo Farm Site 294,farm,53830 Robyn Shores,Uyo,NG,13.013939,30.741235
295,Accra Farm Site 295,farm,9757 Alexander Radial Suite 992,Accra,GH,9.762438,28.58549
296,Accra Farm Site 296,farm,069 Gordon Haven,Accra,GH,7.406452,11.786739
297,Benin City Farm Site 297,farm,9473 Christopher Lights Apt. 337,Benin City,NG,5.640572,27.548258
298,Abuja Farm Site 298,farm,036 Barber Tunnel Suite 615,Abuja,NG,11.032801,39.354928
299,Kisumu Farm Site 299,farm,38423 Guerra Harbor Suite 038,Kisumu,KE,5.620972,12.24499
300,Uyo Farm Site 300,farm,0982 Thompson Road Apt. 296,Uyo,NG,8.06477,36.810093
301,Port Harcourt Farm Site 301,farm,2858 Mccall Forest,Port Harcourt,NG,12.694889,37.160383
302,Enugu Farm Site 302,farm,779 Allen Corners,Enugu,NG,11.973174,2.430967
303,Benin City Farm Site 303,farm,49493 Pamela Stream,Benin City,NG,12.158489,30.121953
304,Port Harcourt Farm Site 304,farm,422 Shaw Branch,Port Harcourt,NG,11.302938,3.651145
305,Kano Farm Site 305,farm,4478 April Port,Kano,NG,5.699572,7.334893
306,Tamale Farm Site 306,farm,6548 John Ports Apt. 908,Tamale,GH,7.702379,40.921843
307,Kano Farm Site 307,farm,002 Becky Run Suite 698,Kano,NG,9.660202,22.336475
308,Abuja Farm Site 308,farm,28959 Tristan Heights Suite 299,Abuja,NG,10.736235,5.434015
309,Abuja Farm Site 309,farm,74095 Price Hills Apt. 742,Abuja,NG,12.717235,12.764817
310,Tamale Farm Site 310,farm,0128 Colleen Orchard,Tamale,GH,12.812074,22.402787
311,Kano Farm Site 311,farm,62181 Crawford Ports Suite 904,Kano,NG,12.813769,25.160863
312,Uyo Farm Site 312,farm,13282 Harry Avenue,Uyo,NG,6.311377,40.854689
313,Kano Farm Site 313,farm,6382 Ramirez Spring,Kano,NG,4.142891,7.402927
314,Lagos Farm Site 314,farm,9448 Hines Lake Suite 015,Lagos,NG,9.277629,14.42503
315,Ibadan Farm Site 315,farm,47173 Cain Mount,Ibadan,NG,9.219809,0.071947
316,Abuja Farm Site 316,farm,3634 Jensen Lodge Apt. 551,Abuja,NG,9.414464,9.430749
317,Nairobi Farm Site 317,farm,680 Jessica Well Apt. 902,Nairobi,KE,6.177169,30.349958
318,Benin City Farm Site 318,farm,340 Rogers Street,Benin City,NG,8.472323,23.515392
319,Kisumu Farm Site 319,farm,494 Regina Shores Apt. 442,Kisumu,KE,5.333231,13.465405
320,Takoradi Farm Site 320,farm,9135 Jenkins Spring,Takoradi,GH,10.088312,27.731652
321,Benin City Farm Site 321,farm,46756 Natasha Land,Benin City,NG,11.995484,31.441015
322,Enugu Farm Site 322,farm,41712 Daniel Court,Enugu,NG,5.22757,36.239428
323,Kumasi Farm Site 323,farm,3653 Betty Wells,Kumasi,GH,8.867055,38.690276
324,Nakuru Farm Site 324,farm,9340 Mcdowell Circles Apt. 852,Nakuru,KE,7.208164,2.358281
325,Enugu Farm Site 325,farm,593 Ashley Plains Suite 353,Enugu,NG,12.786691,12.918265
326,Ibadan Farm Site 326,farm,546 Daniel Throughway,Ibadan,NG,5.968527,2.853295
327,Mombasa Farm Site 327,farm,05707 Chavez Plains,Mombasa,KE,7.023727,39.668715
328,Uyo Farm Site 328,farm,8499 Dudley Square Apt. 295,Uyo,NG,7.494888,-0.444039
329,Enugu Farm Site 329,farm,38950 Taylor Trail Suite 792,Enugu,NG,11.12358,38.659086
330,Kano Farm Site 330,farm,1280 Janice Ville Suite 158,Kano,NG,7.190843,23.465535
331,Uyo Farm Site 331,farm,191 Lee Mountains,Uyo,NG,4.081667,17.324345
332,Port Harcourt Farm Site 332,farm,61421 Fisher Trail,Port Harcourt,NG,11.030614,28.008945
333,Port Harcourt Farm Site 333,farm,1539 Wall Mountain Suite 873,Port Harcourt,NG,6.278787,11.160366
334,Nakuru Farm Site 334,farm,9628 Christine Parkways Suite 667,Nakuru,KE,12.054828,16.278656
335,Benin City Farm Site 335,farm,6771 Watson Fields,Benin City,NG,6.948825,34.706599
336,Takoradi Farm Site 336,farm,7330 Roy Bridge,Takoradi,GH,6.882042,27.423545
337,Port Harcourt Farm Site 337,farm,09504 Moreno Junctions,Port Harcourt,NG,10.383296,15.091118
338,Lagos Farm Site 338,farm,5390 Sanders Lake Suite 021,Lagos,NG,13.096206,15.533555
339,Kumasi Farm Site 339,farm,06821 Patrick Fields,Kumasi,GH,13.384413,8.054098
340,Abuja Farm Site 340,farm,50306 Brenda Mountain Suite 220,Abuja,NG,10.926632,5.932269
341,Abuja Farm Site 341,farm,425 Megan Brook Apt. 423,Abuja,NG,6.53229,15.700235
342,Benin City Farm Site 342,farm,595 John Keys,Benin City,NG,12.544743,30.311533
343,Benin City Farm Site 343,farm,058 Michael Spur Apt. 491,Benin City,NG,11.011954,1.641334
344,Ibadan Farm Site 344,farm,160 Daniel Centers,Ibadan,NG,10.974288,37.886894
345,Kumasi Farm Site 345,farm,0700 Allen Roads Apt. 205,Kumasi,GH,7.037547,11.613396
346,Lagos Farm Site 346,farm,094 Tran Track,Lagos,NG,7.247969,25.089411
347,Uyo Farm Site 347,farm,752 Richardson Viaduct Suite 002,Uyo,NG,7.858585,1.975627
348,Port Harcourt Farm Site 348,farm,136 William Alley,Port Harcourt,NG,12.076411,29.49064
349,Port Harcourt Farm Site 349,farm,077 Becker Springs Apt. 363,Port Harcourt,NG,12.715555,20.052661
350,Enugu Farm Site 350,farm,0568 Patrick Passage Suite 576,Enugu,NG,7.081215,28.124178
351,Enugu Farm Site 351,farm,2790 Margaret Station Suite 977,Enugu,NG,13.302019,27.178149
352,Lagos Farm Site 352,farm,7227 Kerry Loaf,Lagos,NG,11.047618,32.740926
353,Ibadan Farm Site 353,farm,320 Don Glen Suite 038,Ibadan,NG,12.183712,17.83571
354,Kano Farm Site 354,farm,545 Henderson Views Suite 214,Kano,NG,4.080857,7.70427
355,Benin City Farm Site 355,farm,876 Madison Fords,Benin City,NG,12.233063,-0.292505
356,Takoradi Farm Site 356,farm,7158 Moreno Ville,Takoradi,GH,4.787565,17.134021
357,Uyo Farm Site 357,farm,573 Diaz Crest Suite 824,Uyo,NG,5.744978,38.34281
358,Mombasa Farm Site 358,farm,226 Eileen Greens,Mombasa,KE,4.217551,22.975631
359,Abuja Farm Site 359,farm,1846 Ashley Plaza,Abuja,NG,11.176325,25.434678
360,Abuja Farm Site 360,farm,35611 Rogers Curve Apt. 251,Abuja,NG,10.977342,22.515204
361,Kumasi Farm Site 361,farm,288 Arellano Villages Suite 158,Kumasi,GH,5.219851,14.576431
362,Mombasa Farm Site 362,farm,779 Ashley Island Apt. 909,Mombasa,KE,10.941047,-2.037736
363,Kumasi Farm Site 363,farm,307 Gloria Underpass,Kumasi,GH,8.729379,28.589227
364,Tamale Farm Site 364,farm,84707 Eric Lakes Apt. 075,Tamale,GH,7.315003,16.512383
365,Tamale Farm Site 365,farm,584 Ford Shores,Tamale,GH,8.548253,-0.324105
366,Abuja Farm Site 366,farm,532 Jeremy Glen,Abuja,NG,7.56675,31.47986
367,Kumasi Farm Site 367,farm,7800 Kenneth Shoals,Kumasi,GH,7.864124,2.352139
368,Abuja Farm Site 368,farm,542 Diaz Port,Abuja,NG,9.362463,26.543177
369,Enugu Farm Site 369,farm,80967 Angela Freeway,Enugu,NG,4.089888,23.986048
370,Takoradi Farm Site 370,farm,778 Chris Plaza Suite 220,Takoradi,GH,10.992587,1.075228
371,Benin City Farm Site 371,farm,957 James Causeway,Benin City,NG,13.271772,27.712416
372,Abuja Farm Site 372,farm,96455 Stuart Ridge Apt. 837,Abuja,NG,9.186075,24.656694
373,Abuja Farm Site 373,farm,796 Coleman Mills,Abuja,NG,4.945471,26.604539
374,Kisumu Farm Site 374,farm,91583 Holt River,Kisumu,KE,8.737536,38.703759
375,Benin City Farm Site 375,farm,409 Lin Roads,Benin City,NG,11.283126,40.888997
376,Enugu Farm Site 376,farm,5572 Davis Curve Apt. 837,Enugu,NG,9.394468,11.365565
377,Port Harcourt Farm Site 377,farm,982 Mitchell Meadows Suite 755,Port Harcourt,NG,12.665152,12.533573
378,Takoradi Farm Site 378,farm,00825 Anne Mount Apt. 825,Takoradi,GH,5.063656,38.135724
379,Ibadan Farm Site 379,farm,8443 Jessica Field Apt. 075,Ibadan,NG,10.727067,15.000773
380,Port Harcourt Farm Site 380,farm,114 Kimberly Point Apt. 606,Port Harcourt,NG,12.754458,17.588514
381,Kano Farm Site 381,farm,265 Luke Burgs Apt. 244,Kano,NG,13.193633,20.609259
382,Ibadan Farm Site 382,farm,788 Kelly Passage Apt. 568,Ibadan,NG,7.595799,12.419796
383,Abuja Farm Site 383,farm,5164 Kelsey Lodge,Abuja,NG,6.736249,10.14748
384,Enugu Farm Site 384,farm,7260 Evans Station Suite 626,Enugu,NG,4.348955,35.86865
385,Enugu Farm Site 385,farm,1609 Danielle Center,Enugu,NG,13.005781,-1.691225
386,Kano Farm Site 386,farm,7266 Scott Station Apt. 952,Kano,NG,12.984549,-3.428043
387,Kumasi Farm Site 387,farm,77797 Green Forges Suite 069,Kumasi,GH,10.891044,40.183304
388,Enugu Farm Site 388,farm,0049 Phillips Tunnel Suite 872,Enugu,NG,8.527658,7.688481
389,Port Harcourt Farm Site 389,farm,72053 Smith Forest Suite 826,Port Harcourt,NG,7.898802,8.482564
390,Mombasa Farm Site 390,farm,4693 Kevin Brook,Mombasa,KE,6.855377,22.551891
391,Kumasi Farm Site 391,farm,2808 Ortiz Rue Suite 574,Kumasi,GH,6.467418,25.981002
392,Abuja Farm Site 392,farm,178 Riddle Cove,Abuja,NG,4.363782,16.301485
393,Uyo Farm Site 393,farm,3346 Bright Lock Apt. 288,Uyo,NG,4.951529,15.777897
394,Benin City Farm Site 394,farm,6734 Wright Turnpike Suite 047,Benin City,NG,11.730227,36.615157
395,Accra Farm Site 395,farm,04627 Nicole Loaf Apt. 445,Accra,GH,4.081425,0.317977
396,Takoradi Farm Site 396,farm,8125 Cody Trail,Takoradi,GH,9.60769,4.439487
397,Takoradi Farm Site 397,farm,902 Estrada Streets Suite 225,Takoradi,GH,8.694798,0.399772
398,Tamale Farm Site 398,farm,058 Bailey Forges Suite 339,Tamale,GH,6.558016,26.845716
399,Kano Farm Site 399,farm,134 Ashley Plain,Kano,NG,8.833114,40.057198
400,Lagos Farm Site 400,farm,8415 Flores Prairie Suite 255,Lagos,NG,5.382257,23.623472
401,Benin City Farm Site 401,farm,5426 Rose Flats,Benin City,NG,8.073376,27.888548
402,Nairobi Farm Site 402,farm,5196 Downs Inlet Apt. 570,Nairobi,KE,5.486953,33.944058
403,Takoradi Farm Site 403,farm,746 Jason Plains,Takoradi,GH,4.661517,1.055195
404,Benin City Farm Site 404,farm,928 Jacob Village Suite 996,Benin City,NG,7.420995,-2.713351
405,Ibadan Farm Site 405,farm,8500 Hanson Center Suite 000,Ibadan,NG,7.897065,25.828565
406,Kisumu Farm Site 406,farm,768 Diaz Shoals,Kisumu,KE,4.405965,-1.077147
407,Lagos Farm Site 407,farm,9750 Carol Street,Lagos,NG,12.673351,36.867543
408,Kano Farm Site 408,farm,49327 Lewis Isle,Kano,NG,8.815918,31.242795
409,Benin City Farm Site 409,farm,92941 Christine Drives Suite 543,Benin City,NG,5.289583,5.014041
410,Ibadan Farm Site 410,farm,90800 Amber Flat Suite 503,Ibadan,NG,6.398283,28.765499
411,Kisumu Farm Site 411,farm,4533 Jason Prairie,Kisumu,KE,5.244397,27.069384
412,Accra Farm Site 412,farm,2998 Figueroa Rest,Accra,GH,6.772806,0.632027
413,Port Harcourt Farm Site 413,farm,06009 Teresa Locks Apt. 054,Port Harcourt,NG,7.79159,40.374522
414,Kano Farm Site 414,farm,7266 Mcdaniel Tunnel Apt. 684,Kano,NG,4.14367,8.496389
415,Lagos Farm Site 415,farm,520 Moore Heights,Lagos,NG,9.640909,39.274095
416,Kumasi Farm Site 416,farm,280 Kemp Green Suite 804,Kumasi,GH,12.069296,19.459517
417,Enugu Farm Site 417,farm,940 Sullivan View Apt. 918,Enugu,NG,6.62114,31.867943
418,Abuja Farm Site 418,farm,646 Jesse Camp Apt. 784,Abuja,NG,6.921633,15.297356
419,Tamale Farm Site 419,farm,916 Wilson Glens Suite 138,Tamale,GH,12.642006,15.028357
420,Port Harcourt Farm Site 420,farm,32179 Bradley Row Apt. 255,Port Harcourt,NG,9.34255,17.913805
421,Abuja Farm Site 421,farm,371 Anderson Lights Suite 209,Abuja,NG,10.162837,-1.043861
422,Lagos Farm Site 422,farm,53798 Dawn Rapids,Lagos,NG,7.734219,15.920926
423,Lagos Farm Site 423,farm,2354 Harold Views Suite 007,Lagos,NG,13.339432,14.781372
424,Kumasi Farm Site 424,farm,7692 Jacob Squares Apt. 375,Kumasi,GH,6.229479,8.505214
425,Kano Farm Site 425,farm,19041 Tracey Streets Apt. 387,Kano,NG,13.243671,38.490523
426,Mombasa Farm Site 426,farm,2732 Patricia Cove,Mombasa,KE,8.090886,27.584788
427,Port Harcourt Farm Site 427,farm,2139 Giles Burg,Port Harcourt,NG,6.472065,24.134842
428,Ibadan Farm Site 428,farm,59900 Porter Underpass,Ibadan,NG,10.856555,23.946894
429,Abuja Farm Site 429,farm,8624 Barry Brook Apt. 748,Abuja,NG,5.053612,23.156857
430,Abuja Farm Site 430,farm,8109 Brooke Springs,Abuja,NG,4.636872,7.847095
431,Ibadan Farm Site 431,farm,43528 Dennis Greens,Ibadan,NG,8.634838,4.612454
432,Ibadan Farm Site 432,farm,2763 Woods Flat,Ibadan,NG,11.063415,2.110226
433,Uyo Farm Site 433,farm,6858 Mills Greens,Uyo,NG,8.8198,36.080437
434,Enugu Farm Site 434,farm,816 Mary Highway Apt. 126,Enugu,NG,6.062135,27.751395
435,Accra Farm Site 435,farm,936 Troy Crest,Accra,GH,11.283084,12.101691
436,Abuja Farm Site 436,farm,77651 Rodriguez Lake Apt. 975,Abuja,NG,8.631017,10.926067
437,Kano Farm Site 437,farm,9935 Mcclain Hills,Kano,NG,10.969246,-2.151392
438,Takoradi Farm Site 438,farm,1181 Mitchell Islands Apt. 928,Takoradi,GH,10.334062,8.318724
439,Kano Farm Site 439,farm,572 Lisa Dale Apt. 894,Kano,NG,9.42803,31.594201
440,Port Harcourt Farm Site 440,farm,23354 Santos Ford Apt. 538,Port Harcourt,NG,6.1084,28.217812
441,Uyo Farm Site 441,farm,54197 Kari Courts,Uyo,NG,6.901835,34.61421
442,Enugu Farm Site 442,farm,2045 Thomas Estates,Enugu,NG,7.625358,6.244127
443,Benin City Farm Site 443,farm,550 Simmons Summit Apt. 920,Benin City,NG,11.612499,39.890485
444,Abuja Farm Site 444,farm,678 Roman Wall,Abuja,NG,7.767621,7.156966
445,Takoradi Farm Site 445,farm,2440 Jackson Landing Suite 431,Takoradi,GH,4.009347,2.795464
446,Enugu Farm Site 446,farm,87297 Jessica Shores Apt. 449,Enugu,NG,11.857586,17.570876
447,Enugu Farm Site 447,farm,0550 Brewer Inlet Apt. 820,Enugu,NG,10.181801,39.891332
448,Enugu Farm Site 448,farm,66077 Gregory Stravenue,Enugu,NG,4.554385,-2.801098
449,Lagos Farm Site 449,farm,0955 Andrew Ridge,Lagos,NG,5.616262,24.783847
450,Ibadan Farm Site 450,farm,941 Cooper Ranch,Ibadan,NG,13.442119,9.707951
451,Kumasi Farm Site 451,farm,55150 Michael Meadows,Kumasi,GH,12.258566,33.652296
452,Kano Farm Site 452,farm,396 Nichols Dale,Kano,NG,12.473433,28.891728
453,Takoradi Farm Site 453,farm,1699 Esparza Way,Takoradi,GH,10.698936,1.294582
454,Takoradi Farm Site 454,farm,3216 Torres Mill Apt. 225,Takoradi,GH,5.086886,-2.044393
455,Enugu Farm Site 455,farm,895 Harris Stream Suite 606,Enugu,NG,5.808871,23.998672
456,Enugu Farm Site 456,farm,497 Evans Common,Enugu,NG,8.711793,-0.516131
457,Uyo Farm Site 457,farm,07092 Joseph Grove,Uyo,NG,9.503014,-2.367617
458,Port Harcourt Farm Site 458,farm,0003 Rasmussen Harbors,Port Harcourt,NG,7.754117,26.324321
459,Abuja Farm Site 459,farm,1920 Simmons Forge,Abuja,NG,7.792328,27.633127
460,Kano Farm Site 460,farm,3662 Morrison Road Apt. 556,Kano,NG,7.064191,3.323157
461,Abuja Farm Site 461,farm,767 Jennifer Ridge,Abuja,NG,5.811101,25.243768
462,Ibadan Farm Site 462,farm,596 Cantrell Springs Apt. 393,Ibadan,NG,13.091169,24.058646
463,Kisumu Farm Site 463,farm,8755 Mann Walks Suite 641,Kisumu,KE,6.929837,40.557181
464,Abuja Farm Site 464,farm,4646 White Ports,Abuja,NG,12.785431,11.097711
465,Accra Farm Site 465,farm,7878 Katie Wall,Accra,GH,9.917646,0.686817
466,Kumasi Farm Site 466,farm,9771 Renee Hollow,Kumasi,GH,13.037516,13.100871
467,Kano Farm Site 467,farm,81159 Matthew Terrace Suite 774,Kano,NG,11.337291,27.528865
468,Kano Farm Site 468,farm,68351 Davidson Gateway Apt. 170,Kano,NG,9.330218,0.948857
469,Kano Farm Site 469,farm,34401 Tran Drive,Kano,NG,5.476126,17.36985
470,Ibadan Farm Site 470,farm,21573 Klein Points,Ibadan,NG,8.694656,15.14668
471,Tamale Farm Site 471,farm,3038 Webb Islands,Tamale,GH,6.33111,6.049643
472,Ibadan Farm Site 472,farm,727 Allison Center Suite 248,Ibadan,NG,7.828199,30.587611
473,Abuja Farm Site 473,farm,121 Vasquez Plain,Abuja,NG,10.008719,15.913967
474,Benin City Farm Site 474,farm,47132 Taylor Roads,Benin City,NG,9.488748,-1.939437
475,Port Harcourt Farm Site 475,farm,10943 Kramer Road,Port Harcourt,NG,8.234947,31.315163
476,Enugu Farm Site 476,farm,50838 Geoffrey Port Apt. 472,Enugu,NG,5.115811,2.734684
477,Kumasi Farm Site 477,farm,6623 Stephanie Roads Apt. 690,Kumasi,GH,10.128907,11.172102
478,Takoradi Farm Site 478,farm,66562 Lindsey Avenue,Takoradi,GH,9.44852,1.822637
479,Port Harcourt Farm Site 479,farm,9985 Michelle Meadows,Port Harcourt,NG,4.133998,27.316851
480,Port Harcourt Farm Site 480,farm,0978 David Grove Suite 535,Port Harcourt,NG,4.883872,17.932324
481,Abuja Farm Site 481,farm,04399 Charles Ranch Suite 755,Abuja,NG,7.861941,19.739917
482,Benin City Farm Site 482,farm,121 Fisher Field,Benin City,NG,11.357049,6.664782
483,Port Harcourt Farm Site 483,farm,02635 Hannah Spurs Apt. 407,Port Harcourt,NG,12.497657,-0.155144
484,Uyo Farm Site 484,farm,351 Cisneros Route Suite 059,Uyo,NG,5.696874,10.84333
485,Mombasa Farm Site 485,farm,90171 Jensen Ridge,Mombasa,KE,11.460134,15.512398
486,Abuja Farm Site 486,farm,387 Perry Port,Abuja,NG,7.325093,25.431224
487,Ibadan Farm Site 487,farm,86055 Jennifer Orchard Apt. 017,Ibadan,NG,10.866869,38.776692
488,Lagos Farm Site 488,farm,527 Hunter Road,Lagos,NG,9.529741,31.639013
489,Benin City Farm Site 489,farm,7908 Timothy Station,Benin City,NG,8.981183,10.144081
490,Nakuru Farm Site 490,farm,1000 Lucas Spurs,Nakuru,KE,5.078996,8.605795
491,Benin City Farm Site 491,farm,39248 Leslie Land,Benin City,NG,5.615743,-1.796274
492,Enugu Farm Site 492,farm,292 Daniel Mission Apt. 113,Enugu,NG,13.272796,30.786434
493,Tamale Farm Site 493,farm,24025 Shane Parkways Apt. 588,Tamale,GH,11.367694,1.113953
494,Abuja Farm Site 494,farm,421 William Vista,Abuja,NG,9.267408,6.121452
495,Takoradi Farm Site 495,farm,0019 Whitaker Mall,Takoradi,GH,4.36507,1.705546
496,Kano Farm Site 496,farm,388 Elizabeth Garden,Kano,NG,4.88487,10.045835
497,Abuja Farm Site 497,farm,28193 Henry Orchard Apt. 331,Abuja,NG,5.860172,13.969371
498,Uyo Farm Site 498,farm,6106 Juan Loaf Apt. 100,Uyo,NG,11.773309,40.077821
499,Kano Farm Site 499,farm,3478 Brooks Glen Suite 985,Kano,NG,10.761683,2.681678
500,Benin City Farm Site 500,farm,7705 Mary Mills,Benin City,NG,12.855108,10.59592
501,Port Harcourt Farm Site 501,farm,216 Trevor Avenue Suite 043,Port Harcourt,NG,12.263282,10.954452
502,Kisumu Farm Site 502,farm,106 Hernandez Hills Suite 904,Kisumu,KE,12.069601,37.36989
503,Nairobi Farm Site 503,farm,0379 Mclean Roads,Nairobi,KE,6.693941,12.108819
504,Lagos Farm Site 504,farm,357 Meghan Parkways Apt. 112,Lagos,NG,9.846913,34.920314
505,Kisumu Farm Site 505,farm,745 Hector Crest,Kisumu,KE,4.709829,26.643552
506,Benin City Farm Site 506,farm,502 Moore Flats,Benin City,NG,10.15623,17.690023
507,Kisumu Farm Site 507,farm,5495 Bradley Creek Apt. 912,Kisumu,KE,9.285918,-0.565611
508,Kano Farm Site 508,farm,753 Wilson Estates,Kano,NG,11.962056,24.726766
509,Port Harcourt Farm Site 509,farm,38455 Antonio Centers Suite 077,Port Harcourt,NG,9.027751,-3.350701
510,Accra Farm Site 510,farm,96612 Mcneil Mountains Suite 101,Accra,GH,8.501538,22.054064
511,Mombasa Farm Site 511,farm,7263 Mann Parks,Mombasa,KE,12.952597,10.933242
512,Port Harcourt Farm Site 512,farm,592 Michele Vista Suite 033,Port Harcourt,NG,10.852118,8.30861
513,Benin City Farm Site 513,farm,7382 Samantha Point,Benin City,NG,6.285638,8.500851
514,Uyo Farm Site 514,farm,2384 Vasquez Summit,Uyo,NG,9.653593,17.511586
515,Benin City Farm Site 515,farm,378 Beth Corner Suite 109,Benin City,NG,7.121333,26.175539
516,Kisumu Farm Site 516,farm,023 Bradford Forks Suite 299,Kisumu,KE,5.642377,3.729082
517,Kano Farm Site 517,farm,77477 Mckay Causeway Suite 166,Kano,NG,5.44291,11.282034
518,Tamale Farm Site 518,farm,1056 Jennifer Lodge,Tamale,GH,5.919428,10.681109
519,Abuja Farm Site 519,farm,01624 Brown Court Apt. 942,Abuja,NG,8.191826,22.393515
520,Ibadan Farm Site 520,farm,385 Timothy Hills Apt. 631,Ibadan,NG,5.154368,22.377109
521,Accra Farm Site 521,farm,05570 Jody Shores,Accra,GH,6.421793,28.34814
522,Lagos Farm Site 522,farm,2219 Dalton Fork,Lagos,NG,13.229749,14.357672
523,Kisumu Farm Site 523,farm,552 Norman Meadow,Kisumu,KE,5.435963,16.405986
524,Benin City Farm Site 524,farm,3806 Wong Throughway,Benin City,NG,4.711867,34.208832
525,Lagos Farm Site 525,farm,951 James Orchard,Lagos,NG,7.265669,13.924169
526,Kumasi Farm Site 526,farm,0551 Daniel Station,Kumasi,GH,7.696949,31.631578
527,Uyo Farm Site 527,farm,2628 Gonzalez Brook Suite 619,Uyo,NG,4.367791,8.419814
528,Ibadan Farm Site 528,farm,8414 Hudson Harbor Suite 327,Ibadan,NG,12.092923,13.868165
529,Lagos Farm Site 529,farm,018 Elizabeth Cliffs,Lagos,NG,4.725516,32.405737
530,Lagos Farm Site 530,farm,9920 Frazier Mission,Lagos,NG,8.587483,12.613871
531,Benin City Farm Site 531,farm,5515 Linda Rapids Apt. 465,Benin City,NG,13.362109,11.64387
532,Port Harcourt Farm Site 532,farm,26339 Debbie Roads,Port Harcourt,NG,9.134428,25.083532
533,Benin City Farm Site 533,farm,6648 Timothy Loop Apt. 458,Benin City,NG,10.297776,2.611892
534,Kumasi Farm Site 534,farm,3850 Chandler Knoll Apt. 941,Kumasi,GH,5.547006,39.70341
535,Kumasi Farm Site 535,farm,0927 Oliver Pine,Kumasi,GH,8.121635,-2.203651
536,Ibadan Farm Site 536,farm,57045 Sarah Plaza Apt. 449,Ibadan,NG,10.301505,16.338847
537,Mombasa Farm Site 537,farm,52337 Vanessa Estate Suite 893,Mombasa,KE,5.749723,26.901883
538,Kano Farm Site 538,farm,90883 Janice Rapids,Kano,NG,9.180746,-1.372164
539,Port Harcourt Farm Site 539,farm,512 Mary Lodge Suite 520,Port Harcourt,NG,12.06019,6.701581
540,Accra Farm Site 540,farm,924 Holly Garden Apt. 058,Accra,GH,12.765951,-0.560906
541,Tamale Farm Site 541,farm,60100 Yates Fork,Tamale,GH,5.236905,20.326294
542,Lagos Farm Site 542,farm,2952 Rivas Parkways Suite 124,Lagos,NG,5.345973,0.602735
543,Benin City Farm Site 543,farm,01904 Shepherd Roads Suite 242,Benin City,NG,6.377312,28.220897
544,Benin City Farm Site 544,farm,06689 Mitchell Stravenue Suite 092,Benin City,NG,11.464587,22.334042
545,Kano Farm Site 545,farm,9143 Cardenas Row,Kano,NG,5.963977,35.113037
546,Accra Farm Site 546,farm,486 Mclean Villages Apt. 557,Accra,GH,8.420612,15.990544
547,Takoradi Farm Site 547,farm,517 James Wall Suite 966,Takoradi,GH,7.575893,29.496683
548,Mombasa Farm Site 548,farm,45987 Woods Lakes,Mombasa,KE,13.018595,17.050905
549,Kano Farm Site 549,farm,2178 Jessica Roads Apt. 173,Kano,NG,5.373687,18.953204
550,Takoradi Farm Site 550,farm,714 Ashlee Branch,Takoradi,GH,10.799291,28.664107
551,Lagos Farm Site 551,farm,911 Bates Estates,Lagos,NG,12.800783,11.054371
552,Lagos Farm Site 552,farm,86733 Lewis Pine Suite 393,Lagos,NG,5.397746,9.53371
553,Uyo Farm Site 553,farm,204 Cole Fields Apt. 578,Uyo,NG,9.293834,39.269309
554,Tamale Farm Site 554,farm,17643 Gregory Viaduct,Tamale,GH,9.68322,24.675064
555,Benin City Farm Site 555,farm,92671 Gay Fields Suite 808,Benin City,NG,5.581961,-0.871305
556,Port Harcourt Farm Site 556,farm,15842 Hoffman Circles Suite 426,Port Harcourt,NG,6.011308,11.396357
557,Uyo Farm Site 557,farm,382 Diana Trail Apt. 386,Uyo,NG,8.41687,-0.474117
558,Benin City Farm Site 558,farm,610 Haas Harbors,Benin City,NG,11.858323,17.82808
559,Ibadan Farm Site 559,farm,3214 Smith Crossing,Ibadan,NG,7.730301,31.091348
560,Kano Farm Site 560,farm,7352 Hines Burg Apt. 246,Kano,NG,12.312573,26.660468
561,Enugu Farm Site 561,farm,88578 Smith Valley Apt. 237,Enugu,NG,7.771701,28.604293
562,Port Harcourt Farm Site 562,farm,74925 Ann Port Suite 749,Port Harcourt,NG,5.306831,5.28217
563,Port Harcourt Farm Site 563,farm,636 Harmon Landing Suite 267,Port Harcourt,NG,13.310596,25.536158
564,Port Harcourt Farm Site 564,farm,999 Hays Stravenue,Port Harcourt,NG,12.581401,20.945334
565,Abuja Farm Site 565,farm,83979 Rodney Dam,Abuja,NG,12.502999,7.89822
566,Tamale Farm Site 566,farm,0800 Brenda Hill Apt. 654,Tamale,GH,7.77685,38.774488
567,Uyo Farm Site 567,farm,13579 Adams Gateway Suite 328,Uyo,NG,4.939073,11.161622
568,Uyo Farm Site 568,farm,24330 Bonilla Pass,Uyo,NG,6.259877,7.203478
569,Ibadan Farm Site 569,farm,052 Butler Squares,Ibadan,NG,9.671164,11.359563
570,Uyo Farm Site 570,farm,080 Michael Field,Uyo,NG,4.941447,6.522773
571,Lagos Farm Site 571,farm,92019 Judy Parkway Apt. 877,Lagos,NG,9.17859,-2.239282
572,Enugu Farm Site 572,farm,613 Watson Green,Enugu,NG,13.353343,0.629598
573,Enugu Farm Site 573,farm,206 Scott Squares,Enugu,NG,7.334446,1.273876
574,Lagos Farm Site 574,farm,84017 Laura Meadows Suite 875,Lagos,NG,10.443111,9.713722
575,Ibadan Farm Site 575,farm,2642 Julia Mills Suite 568,Ibadan,NG,9.333328,5.777302
576,Kano Farm Site 576,farm,73944 Yang Tunnel,Kano,NG,8.285637,15.797969
577,Takoradi Farm Site 577,farm,9394 Luke Motorway,Takoradi,GH,10.247307,17.027195
578,Mombasa Farm Site 578,farm,2965 Holmes Trail,Mombasa,KE,8.191231,10.111884
579,Ibadan Farm Site 579,farm,503 James Ford,Ibadan,NG,4.791746,16.991245
580,Port Harcourt Farm Site 580,farm,54588 Gilbert Spurs Apt. 262,Port Harcourt,NG,10.14602,12.044012
581,Abuja Farm Site 581,farm,3143 Maria Shores,Abuja,NG,8.831365,39.533766
582,Nairobi Farm Site 582,farm,0499 Jacqueline Parks,Nairobi,KE,8.50753,26.14494
583,Port Harcourt Farm Site 583,farm,599 Brian Ridges Suite 985,Port Harcourt,NG,12.940522,29.828084
584,Uyo Farm Site 584,farm,88823 Kelly Valley Suite 973,Uyo,NG,13.107145,36.420465
585,Port Harcourt Farm Site 585,farm,71436 Michael Haven,Port Harcourt,NG,5.400304,26.655897
586,Ibadan Farm Site 586,farm,761 Brown Lights Suite 757,Ibadan,NG,7.719359,7.503446
587,Lagos Farm Site 587,farm,7270 Amber Club,Lagos,NG,12.69409,13.09347
588,Abuja Farm Site 588,farm,36020 Kim Loop Suite 369,Abuja,NG,11.565265,36.591213
589,Benin City Farm Site 589,farm,044 Larsen Pass Suite 927,Benin City,NG,7.859704,30.87107
590,Abuja Farm Site 590,farm,7522 Kathy Mission Apt. 608,Abuja,NG,9.697756,6.813212
591,Tamale Farm Site 591,farm,2302 Martinez Points Apt. 379,Tamale,GH,9.009776,20.729166
592,Tamale Farm Site 592,farm,68036 Marshall Bridge,Tamale,GH,11.44179,1.252751
593,Enugu Farm Site 593,farm,05554 Simpson Creek,Enugu,NG,5.101729,33.587399
594,Benin City Farm Site 594,farm,6027 Robertson Creek,Benin City,NG,7.362651,1.677926
595,Kano Farm Site 595,farm,17076 Russell Squares,Kano,NG,11.646055,-2.227879
596,Uyo Farm Site 596,farm,2330 Nancy Divide,Uyo,NG,11.261341,39.206922
597,Accra Farm Site 597,farm,78673 Jennifer Garden,Accra,GH,9.267552,10.39674
598,Tamale Farm Site 598,farm,07571 Middleton Common,Tamale,GH,7.154146,37.1238
599,Benin City Farm Site 599,farm,9714 Elizabeth Viaduct Suite 233,Benin City,NG,4.205101,25.285946
600,Kumasi Farm Site 600,farm,2473 Wayne Trace,Kumasi,GH,6.609426,7.797347
601,Benin City Farm Site 601,farm,22058 Graham Streets,Benin City,NG,6.678984,14.319343
602,Kano Farm Site 602,farm,844 Angela Avenue,Kano,NG,8.408888,16.707707
603,Uyo Farm Site 603,farm,99918 Marcus Crescent Apt. 712,Uyo,NG,13.463115,7.810034
604,Ibadan Farm Site 604,farm,68212 Bethany Turnpike,Ibadan,NG,12.292554,31.80136
605,Lagos Farm Site 605,farm,270 Melissa Prairie,Lagos,NG,7.884613,26.865527
606,Nakuru Farm Site 606,farm,90682 Cynthia Path,Nakuru,KE,9.41877,-0.657173
607,Benin City Farm Site 607,farm,762 Cody Trail,Benin City,NG,10.709139,39.579548
608,Benin City Farm Site 608,farm,5898 Murray Rue Suite 468,Benin City,NG,9.740711,37.164477
609,Abuja Farm Site 609,farm,967 Daniel Garden,Abuja,NG,7.220104,11.826654
610,Benin City Farm Site 610,farm,0339 Foster Villages Apt. 603,Benin City,NG,9.639323,22.042799
611,Kano Farm Site 611,farm,710 David Lake,Kano,NG,9.155257,20.737884
612,Lagos Farm Site 612,farm,254 Scott Street Suite 739,Lagos,NG,7.592269,35.998506
613,Kisumu Farm Site 613,farm,435 Keller Inlet,Kisumu,KE,12.779048,-3.221072
614,Accra Farm Site 614,farm,92527 Danielle Fall,Accra,GH,5.888322,32.263511
615,Lagos Farm Site 615,farm,8768 Mcintyre Port,Lagos,NG,9.367429,18.938033
616,Kano Farm Site 616,farm,0021 Christopher Place,Kano,NG,8.179377,24.833516
617,Port Harcourt Farm Site 617,farm,1564 Higgins Stravenue Suite 349,Port Harcourt,NG,6.837232,30.856458
618,Abuja Farm Site 618,farm,58816 Jeffrey Oval,Abuja,NG,5.964979,38.604363
619,Takoradi Farm Site 619,farm,0142 Carol Branch,Takoradi,GH,13.402169,39.621436
620,Kano Farm Site 620,farm,79354 Vaughan Rapid,Kano,NG,6.670117,26.521371
621,Enugu Farm Site 621,farm,38683 Patrick Falls Apt. 014,Enugu,NG,11.026941,32.725446
622,Takoradi Farm Site 622,farm,244 Harris Canyon,Takoradi,GH,12.545472,5.649208
623,Ibadan Farm Site 623,farm,1856 Jennifer Rapids Apt. 082,Ibadan,NG,10.203339,23.528272
624,Abuja Farm Site 624,farm,3088 Lyons Fords Apt. 485,Abuja,NG,8.810041,18.440887
625,Abuja Farm Site 625,farm,2982 Maxwell Throughway,Abuja,NG,6.441983,30.41925
626,Accra Farm Site 626,farm,6647 Zachary Mountains Suite 122,Accra,GH,8.225288,29.911055
627,Lagos Farm Site 627,farm,649 Victoria Summit Suite 766,Lagos,NG,11.601266,4.264229
628,Lagos Farm Site 628,farm,24332 Nicole Burg,Lagos,NG,12.566926,11.456013
629,Uyo Farm Site 629,farm,44813 Joseph Trafficway Apt. 427,Uyo,NG,7.336607,0.838579
630,Ibadan Farm Site 630,farm,275 Scott Row,Ibadan,NG,6.825368,25.685518
631,Port Harcourt Farm Site 631,farm,77912 Luis Ramp,Port Harcourt,NG,6.102885,10.624187
632,Port Harcourt Farm Site 632,farm,798 Jason Valley,Port Harcourt,NG,4.27763,10.017454
633,Ibadan Farm Site 633,farm,016 Paul Fort Suite 654,Ibadan,NG,13.40545,28.409274
634,Benin City Farm Site 634,farm,71985 Candice Throughway Apt. 156,Benin City,NG,11.210818,33.649017
635,Port Harcourt Farm Site 635,farm,97218 Stewart Key,Port Harcourt,NG,12.517627,19.157053
636,Abuja Farm Site 636,farm,552 Jeffrey Manor,Abuja,NG,6.759533,32.78183
637,Enugu Farm Site 637,farm,1719 Erica Lake,Enugu,NG,7.386681,19.134194
638,Lagos Farm Site 638,farm,74228 Johnson Divide,Lagos,NG,10.119287,6.716014
639,Tamale Farm Site 639,farm,5912 Price Crescent,Tamale,GH,5.527719,6.567537
640,Mombasa Farm Site 640,farm,309 Rodney Junction Suite 128,Mombasa,KE,5.934269,-3.376603
641,Uyo Farm Site 641,farm,09597 Diana Forest,Uyo,NG,4.589683,7.728461
642,Benin City Farm Site 642,farm,676 Rogers Forge Suite 176,Benin City,NG,10.252372,21.307673
643,Kano Farm Site 643,farm,3451 Butler Walk Apt. 946,Kano,NG,10.340104,14.945021
644,Kano Farm Site 644,farm,33724 Miranda Terrace,Kano,NG,5.291458,19.230011
645,Benin City Farm Site 645,farm,322 Martinez Cove,Benin City,NG,8.956626,13.54592
646,Nairobi Farm Site 646,farm,101 Brian Port,Nairobi,KE,7.661375,32.202142
647,Benin City Farm Site 647,farm,477 Cooper Fall Apt. 668,Benin City,NG,6.367512,29.739995
648,Kano Farm Site 648,farm,94716 Nguyen Falls,Kano,NG,7.959397,23.896496
649,Abuja Farm Site 649,farm,8015 Guerra Forges,Abuja,NG,9.347553,-0.674469
650,Port Harcourt Farm Site 650,farm,77461 Hernandez Common,Port Harcourt,NG,9.836763,20.228921
651,Takoradi Farm Site 651,farm,6384 Miller Manors,Takoradi,GH,11.685381,20.382548
652,Kumasi Farm Site 652,farm,382 Tara Junction Apt. 406,Kumasi,GH,13.016244,4.322295
653,Kumasi Farm Site 653,farm,1336 Paula Forest,Kumasi,GH,10.862814,25.592017
654,Kano Farm Site 654,farm,41693 Amanda Vista Suite 094,Kano,NG,8.051854,10.297681
655,Takoradi Farm Site 655,farm,498 Hudson Falls Apt. 129,Takoradi,GH,10.411321,40.332111
656,Takoradi Farm Site 656,farm,42167 Freeman Meadow Apt. 286,Takoradi,GH,10.336436,35.397036
657,Tamale Farm Site 657,farm,86581 Henry Drive Apt. 785,Tamale,GH,4.294284,35.537979
658,Kano Farm Site 658,farm,38759 Alex Park Apt. 248,Kano,NG,6.738787,19.300436
659,Takoradi Farm Site 659,farm,316 Emily Flat Suite 026,Takoradi,GH,11.214122,28.886926
660,Ibadan Farm Site 660,farm,0249 Tucker Station,Ibadan,NG,7.00875,15.076033
661,Ibadan Farm Site 661,farm,25372 Brown Wells Suite 237,Ibadan,NG,7.514538,34.74252
662,Port Harcourt Farm Site 662,farm,0042 Ross Estates,Port Harcourt,NG,6.524414,23.88244
663,Nairobi Farm Site 663,farm,9291 Dunn Way Apt. 584,Nairobi,KE,13.431459,11.476436
664,Abuja Farm Site 664,farm,7773 Catherine Ramp,Abuja,NG,13.103756,26.203366
665,Kisumu Farm Site 665,farm,618 Williams Dale,Kisumu,KE,6.228698,31.80696
666,Port Harcourt Farm Site 666,farm,95716 Leslie Prairie Suite 211,Port Harcourt,NG,6.191471,4.823392
667,Kisumu Farm Site 667,farm,7929 Bell Manors Apt. 917,Kisumu,KE,12.733567,30.611508
668,Lagos Farm Site 668,farm,22756 Rojas Hills Suite 549,Lagos,NG,5.538818,0.01402
669,Takoradi Farm Site 669,farm,3842 Perry Tunnel Apt. 782,Takoradi,GH,8.799015,32.848848
670,Takoradi Farm Site 670,farm,622 Anderson Roads Apt. 164,Takoradi,GH,5.098624,1.113234
671,Enugu Farm Site 671,farm,059 Gallegos Courts Apt. 809,Enugu,NG,9.103837,11.224485
672,Uyo Farm Site 672,farm,47961 Christina Shores Suite 777,Uyo,NG,11.946614,28.942772
673,Mombasa Farm Site 673,farm,545 Martin Pike,Mombasa,KE,10.844323,20.598344
674,Nairobi Farm Site 674,farm,364 Jeff Ford Apt. 303,Nairobi,KE,4.056556,27.076589
675,Enugu Farm Site 675,farm,80853 Davis Trace Suite 195,Enugu,NG,4.887924,14.439432
676,Lagos Farm Site 676,farm,5395 Jones Land Apt. 982,Lagos,NG,4.793425,6.998506
677,Ibadan Farm Site 677,farm,847 Joshua Walk Suite 450,Ibadan,NG,6.41302,0.538748
678,Tamale Farm Site 678,farm,845 Hayden Stream,Tamale,GH,10.182796,39.144135
679,Lagos Farm Site 679,farm,3860 Oconnor Forest,Lagos,NG,11.08603,20.745572
680,Kano Farm Site 680,farm,4269 Pamela Island Apt. 523,Kano,NG,8.980422,31.681725
681,Abuja Farm Site 681,farm,4635 Mckinney Cape Apt. 423,Abuja,NG,4.355096,9.13451
682,Mombasa Farm Site 682,farm,7090 Chloe Court Suite 699,Mombasa,KE,8.009368,39.60214
683,Takoradi Farm Site 683,farm,9395 Jacqueline Via Suite 732,Takoradi,GH,8.739391,20.371649
684,Benin City Farm Site 684,farm,22780 Fuentes Ridge Suite 095,Benin City,NG,9.400122,32.529494
685,Benin City Farm Site 685,farm,7598 Reed Groves Apt. 044,Benin City,NG,10.92043,40.436505
686,Abuja Farm Site 686,farm,45780 Zoe Shoal,Abuja,NG,4.808778,19.214749
687,Uyo Farm Site 687,farm,17536 Stein Islands,Uyo,NG,10.053758,18.074462
688,Uyo Farm Site 688,farm,7761 Amy Overpass,Uyo,NG,5.909595,27.518555
689,Port Harcourt Farm Site 689,farm,920 Smith Glen Suite 357,Port Harcourt,NG,6.720597,38.002525
690,Benin City Farm Site 690,farm,35958 Michael Ridge,Benin City,NG,7.431377,29.145538
691,Enugu Farm Site 691,farm,40091 Lopez Centers,Enugu,NG,10.44285,7.535403
692,Uyo Farm Site 692,farm,855 Larry Cape Apt. 817,Uyo,NG,5.144509,7.476599
693,Benin City Farm Site 693,farm,06320 Kane Burg Suite 857,Benin City,NG,10.56759,25.294955
694,Lagos Farm Site 694,farm,4656 Jonathan Valley Suite 960,Lagos,NG,12.944131,34.952601
695,Kano Farm Site 695,farm,4413 Haynes Lakes,Kano,NG,6.240772,27.768775
696,Accra Farm Site 696,farm,15258 Jeffery Bridge Suite 975,Accra,GH,6.23463,11.674242
697,Abuja Farm Site 697,farm,7873 Brandy Cliffs Apt. 745,Abuja,NG,4.703117,23.34068
698,Benin City Farm Site 698,farm,67737 Erik Burgs,Benin City,NG,5.519057,32.612564
699,Nakuru Farm Site 699,farm,56320 Ann Extensions Apt. 041,Nakuru,KE,10.965389,17.459768
700,Lagos Farm Site 700,farm,077 Steve Knoll Suite 019,Lagos,NG,11.362996,6.128539
701,Kano Farm Site 701,farm,4272 Vaughn Prairie Apt. 260,Kano,NG,6.455036,26.441427
702,Abuja Farm Site 702,farm,7367 Alvarez Roads,Abuja,NG,9.159198,33.883013
703,Abuja Farm Site 703,farm,316 Fisher Extensions,Abuja,NG,6.717123,40.662529
704,Ibadan Farm Site 704,farm,723 Higgins Villages Suite 936,Ibadan,NG,7.861721,38.118978
705,Kano Farm Site 705,farm,203 Kim Street,Kano,NG,10.199712,38.84282
706,Nairobi Farm Site 706,farm,68973 Harris Lock,Nairobi,KE,8.235936,10.261819
707,Takoradi Farm Site 707,farm,0859 Barnett Ports Suite 580,Takoradi,GH,6.218092,5.143395
708,Port Harcourt Farm Site 708,farm,5129 Villa Inlet Apt. 071,Port Harcourt,NG,9.443846,11.557526
709,Abuja Farm Site 709,farm,257 Jackson Springs Apt. 880,Abuja,NG,9.228081,11.258274
710,Uyo Farm Site 710,farm,22171 Jennifer Mews,Uyo,NG,12.659937,7.756216
711,Lagos Farm Site 711,farm,8157 Frank Gateway Suite 720,Lagos,NG,11.263372,32.103073
712,Abuja Farm Site 712,farm,2476 Bailey Courts Apt. 429,Abuja,NG,12.110708,0.864115
713,Accra Farm Site 713,farm,195 Steven Neck,Accra,GH,8.27981,25.890029
714,Kisumu Farm Site 714,farm,80577 Hughes Port,Kisumu,KE,8.818436,29.238994
715,Benin City Farm Site 715,farm,144 Steven Plaza,Benin City,NG,10.338576,8.116996
716,Port Harcourt Farm Site 716,farm,641 Franco Lights Suite 346,Port Harcourt,NG,12.552496,11.384474
717,Kano Farm Site 717,farm,3283 Denise Ford Apt. 588,Kano,NG,12.974836,30.156732
718,Ibadan Farm Site 718,farm,3919 Kyle Lake Suite 349,Ibadan,NG,8.167604,31.822132
719,Abuja Farm Site 719,farm,034 Barr Way Apt. 607,Abuja,NG,6.640543,3.641532
720,Abuja Farm Site 720,farm,46221 Walker Mountains,Abuja,NG,11.966886,31.812761
721,Lagos Farm Site 721,farm,71145 Bryan Mountains,Lagos,NG,9.924924,23.821543
722,Accra Farm Site 722,farm,709 Russo Underpass,Accra,GH,7.979126,26.584162
723,Uyo Farm Site 723,farm,039 Byrd Lake Apt. 543,Uyo,NG,7.273105,35.395043
724,Port Harcourt Farm Site 724,farm,55457 Scott Corner,Port Harcourt,NG,5.605583,22.260836
725,Mombasa Farm Site 725,farm,109 Roberts Alley,Mombasa,KE,8.485806,5.954567
726,Enugu Farm Site 726,farm,51798 Brandt Skyway,Enugu,NG,6.42626,18.39572
727,Enugu Farm Site 727,farm,364 Bell Village Suite 014,Enugu,NG,5.056006,5.729024
728,Ibadan Farm Site 728,farm,9987 Chase Glens Suite 865,Ibadan,NG,8.898435,31.781177
729,Takoradi Farm Site 729,farm,15790 Felicia Alley,Takoradi,GH,8.481318,4.316728
730,Kumasi Farm Site 730,farm,3131 Jennifer Creek,Kumasi,GH,4.28524,0.395561
731,Nairobi Farm Site 731,farm,1721 Brandy Greens,Nairobi,KE,8.09151,37.481167
732,Tamale Farm Site 732,farm,11714 Knight Turnpike,Tamale,GH,13.020185,0.376274
733,Kano Farm Site 733,farm,6584 Carol Turnpike Suite 673,Kano,NG,6.358723,-2.197698
734,Lagos Farm Site 734,farm,97927 Lopez Coves,Lagos,NG,9.616429,32.966842
735,Uyo Farm Site 735,farm,21351 Keith Mall,Uyo,NG,6.266088,28.0883
736,Lagos Farm Site 736,farm,77142 Cynthia Mountains,Lagos,NG,12.642416,26.61529
737,Uyo Farm Site 737,farm,2989 Mary Estates,Uyo,NG,6.464843,10.65569
738,Enugu Farm Site 738,farm,796 Smith Street,Enugu,NG,9.172213,0.825732
739,Benin City Farm Site 739,farm,8470 Costa Stream Apt. 754,Benin City,NG,13.114732,34.549736
740,Uyo Farm Site 740,farm,0247 Jacqueline Summit Apt. 557,Uyo,NG,5.502694,19.19333
741,Nakuru Farm Site 741,farm,6052 Wright Ranch,Nakuru,KE,5.542193,23.316306
742,Tamale Farm Site 742,farm,704 Walker Ridges,Tamale,GH,5.738509,2.293342
743,Enugu Farm Site 743,farm,949 Johnson Viaduct,Enugu,NG,9.565395,12.983734
744,Mombasa Farm Site 744,farm,90820 Hawkins Groves Apt. 295,Mombasa,KE,9.610222,24.738478
745,Port Harcourt Farm Site 745,farm,63001 Williams Fort Apt. 900,Port Harcourt,NG,5.412015,14.928411
746,Abuja Farm Site 746,farm,36870 Brown Meadow,Abuja,NG,6.293946,5.145126
747,Uyo Farm Site 747,farm,9777 Nicholson Stream,Uyo,NG,7.564774,39.630493
748,Uyo Farm Site 748,farm,108 Zavala Keys Apt. 791,Uyo,NG,12.021533,15.632001
749,Ibadan Farm Site 749,farm,674 Lopez Spring,Ibadan,NG,5.444242,-2.258253
750,Kumasi Farm Site 750,farm,0500 Thompson Way Apt. 574,Kumasi,GH,8.72123,19.835577
751,Kano Farm Site 751,farm,34689 Kelly Mills,Kano,NG,5.897152,0.998925
752,Ibadan Farm Site 752,farm,276 Moore Walks Suite 624,Ibadan,NG,12.124121,38.28631
753,Lagos Farm Site 753,farm,067 David Terrace,Lagos,NG,10.320901,19.090913
754,Nakuru Farm Site 754,farm,4730 Robinson Brooks Suite 006,Nakuru,KE,13.040797,18.906645
755,Lagos Farm Site 755,farm,75923 Daniel Loop,Lagos,NG,7.505436,3.741131
756,Benin City Farm Site 756,farm,69412 King Parkway,Benin City,NG,10.889465,5.168903
757,Abuja Farm Site 757,farm,57899 Alex Field,Abuja,NG,8.243352,5.075761
758,Port Harcourt Farm Site 758,farm,69988 Aguirre Falls,Port Harcourt,NG,10.140227,30.842335
759,Enugu Farm Site 759,farm,52812 Amanda Trace,Enugu,NG,9.522346,35.493946
760,Takoradi Farm Site 760,farm,880 Duffy Springs Apt. 520,Takoradi,GH,4.15018,4.69153
761,Uyo Farm Site 761,farm,6542 Julie Ridge,Uyo,NG,12.903565,8.136502
762,Uyo Farm Site 762,farm,8637 Melinda Haven Apt. 517,Uyo,NG,4.178099,5.723157
763,Kisumu Farm Site 763,farm,214 Stokes Forges Suite 407,Kisumu,KE,7.964165,22.995779
764,Enugu Farm Site 764,farm,937 Sophia Glen Apt. 232,Enugu,NG,8.507742,6.360335
765,Enugu Farm Site 765,farm,0037 Hancock Mountains,Enugu,NG,7.653879,35.776842
766,Ibadan Farm Site 766,farm,845 Roberson Passage Apt. 345,Ibadan,NG,9.56741,36.267695
767,Kano Farm Site 767,farm,20931 Stephen Shore,Kano,NG,7.492418,24.072795
768,Uyo Farm Site 768,farm,634 Allison Ways Suite 962,Uyo,NG,4.505221,8.438903
769,Ibadan Farm Site 769,farm,035 Scott View,Ibadan,NG,9.145932,33.542822
770,Lagos Farm Site 770,farm,62411 Cruz Station Apt. 186,Lagos,NG,13.128198,27.951724
771,Uyo Farm Site 771,farm,170 Theodore Crescent Apt. 568,Uyo,NG,5.575579,-0.54553
772,Accra Farm Site 772,farm,978 Bell Path Suite 733,Accra,GH,11.064534,16.542426
773,Nakuru Farm Site 773,farm,39631 Fuentes Park Apt. 739,Nakuru,KE,10.81161,4.035424
774,Tamale Farm Site 774,farm,75242 Green Mission,Tamale,GH,4.408225,-0.39437
775,Tamale Farm Site 775,farm,978 Rubio Stream Apt. 515,Tamale,GH,8.730629,35.572328
776,Kano Farm Site 776,farm,745 Wilson Orchard,Kano,NG,5.592789,0.777131
777,Uyo Farm Site 777,farm,274 Collins Viaduct Apt. 842,Uyo,NG,12.962548,26.579225
778,Ibadan Farm Site 778,farm,885 Pace Harbor,Ibadan,NG,9.011195,32.654164
779,Port Harcourt Farm Site 779,farm,7704 Foster Cape,Port Harcourt,NG,11.891263,25.282804
780,Abuja Farm Site 780,farm,267 Susan Forge,Abuja,NG,7.174146,27.823606
781,Accra Farm Site 781,farm,28432 Cynthia Common Apt. 715,Accra,GH,5.975856,-2.981608
782,Kano Farm Site 782,farm,0588 Linda Mountains Suite 425,Kano,NG,10.180974,40.058217
783,Port Harcourt Farm Site 783,farm,9224 Oliver Plains Apt. 604,Port Harcourt,NG,12.697795,27.05922
784,Benin City Farm Site 784,farm,311 Carlos Rest Apt. 886,Benin City,NG,5.871759,9.412842
785,Uyo Farm Site 785,farm,871 Brian Cliff Apt. 985,Uyo,NG,12.553558,0.202859
786,Tamale Farm Site 786,farm,32979 Kennedy Centers,Tamale,GH,6.601336,2.92166
787,Mombasa Farm Site 787,farm,942 King Parks,Mombasa,KE,10.659967,18.327924
788,Enugu Farm Site 788,farm,0559 Becker Turnpike,Enugu,NG,4.175264,33.872346
789,Tamale Farm Site 789,farm,415 Gallegos Vista,Tamale,GH,11.54899,29.767769
790,Abuja Farm Site 790,farm,00909 Matthew Isle,Abuja,NG,9.268577,0.337904
791,Kisumu Farm Site 791,farm,387 Nicole Isle Apt. 511,Kisumu,KE,10.342114,8.755722
792,Kano Farm Site 792,farm,251 Shane Ferry,Kano,NG,4.064468,-2.77806
793,Abuja Farm Site 793,farm,169 Morgan Avenue,Abuja,NG,7.156253,34.103904
794,Benin City Farm Site 794,farm,755 Roberto Vista,Benin City,NG,6.337215,23.014452
795,Accra Farm Site 795,farm,338 Kristie Inlet Suite 026,Accra,GH,4.185504,39.737811
796,Kano Farm Site 796,farm,574 Tyrone Lock,Kano,NG,5.3549,4.481017
797,Uyo Farm Site 797,farm,751 Zachary Knolls Suite 455,Uyo,NG,10.148975,0.388803
798,Lagos Farm Site 798,farm,49463 Brown Prairie Suite 315,Lagos,NG,12.921565,14.73452
799,Accra Farm Site 799,farm,39185 Samantha Dale,Accra,GH,4.427743,27.792652
800,Ibadan Farm Site 800,farm,5529 Wilson Expressway Suite 781,Ibadan,NG,6.604576,5.191719
801,Uyo Farm Site 801,farm,177 Kevin Circle Suite 434,Uyo,NG,12.457296,17.406537
802,Mombasa Farm Site 802,farm,20394 Andrew Locks,Mombasa,KE,12.636898,17.878531
803,Nakuru Farm Site 803,farm,3197 Cynthia Vista,Nakuru,KE,5.579204,7.976378
804,Ibadan Farm Site 804,farm,27573 Schneider Parkways Apt. 297,Ibadan,NG,4.802979,40.124395
805,Tamale Farm Site 805,farm,273 Charles Branch Apt. 583,Tamale,GH,6.413973,18.529456
806,Uyo Farm Site 806,farm,910 Joseph Bypass,Uyo,NG,12.787914,5.76938
807,Port Harcourt Farm Site 807,farm,6075 Wyatt Course Apt. 114,Port Harcourt,NG,9.968922,12.849799
808,Abuja Farm Site 808,farm,360 Joshua Gateway,Abuja,NG,5.138761,15.823696
809,Lagos Farm Site 809,farm,81782 Johnson Junction,Lagos,NG,8.428408,22.578718
810,Benin City Farm Site 810,farm,70615 Braun Manors,Benin City,NG,13.216944,29.597738
811,Benin City Farm Site 811,farm,3930 Taylor Land,Benin City,NG,13.421731,26.232783
812,Mombasa Farm Site 812,farm,77257 Page Mews,Mombasa,KE,6.956951,-1.560019
813,Benin City Farm Site 813,farm,285 Sharon Manor,Benin City,NG,5.031147,5.307317
814,Abuja Farm Site 814,farm,895 Sara Islands Suite 032,Abuja,NG,8.719448,21.555448
815,Kano Farm Site 815,farm,19082 Garcia Square Suite 751,Kano,NG,12.708315,18.421219
816,Lagos Farm Site 816,farm,02101 Khan Hill Apt. 537,Lagos,NG,6.456989,4.165532
817,Tamale Farm Site 817,farm,310 Gregory Street,Tamale,GH,7.715056,-1.257729
818,Mombasa Farm Site 818,farm,34425 Vega Hills Apt. 804,Mombasa,KE,4.096762,23.456334
819,Abuja Farm Site 819,farm,94649 Earl Keys Suite 704,Abuja,NG,12.587645,16.889636
820,Benin City Farm Site 820,farm,6414 Riddle Rapid,Benin City,NG,4.977407,21.656972
821,Takoradi Farm Site 821,farm,380 Jones Pass,Takoradi,GH,13.375607,13.396894
822,Benin City Farm Site 822,farm,454 Williams Plain,Benin City,NG,6.487308,9.457425
823,Port Harcourt Farm Site 823,farm,9103 Dickson Parkway Suite 935,Port Harcourt,NG,7.564213,-0.8592
824,Takoradi Farm Site 824,farm,00698 Bowman Flats Suite 972,Takoradi,GH,7.508567,34.331106
825,Benin City Farm Site 825,farm,643 Jeffery Station,Benin City,NG,4.136693,17.853533
826,Nairobi Farm Site 826,farm,3568 Weeks Islands,Nairobi,KE,11.690026,23.832011
827,Abuja Farm Site 827,farm,61780 Philip Station,Abuja,NG,10.866734,-2.027188
828,Tamale Farm Site 828,farm,07815 John Locks,Tamale,GH,12.436183,-2.955468
829,Kano Farm Site 829,farm,539 Morales Mountain,Kano,NG,10.462115,10.594374
830,Ibadan Farm Site 830,farm,483 Lewis Plains,Ibadan,NG,11.137626,19.22014
831,Abuja Farm Site 831,farm,17947 Lucas Garden Apt. 376,Abuja,NG,9.404444,20.168666
832,Ibadan Farm Site 832,farm,748 April Canyon Apt. 257,Ibadan,NG,5.080835,8.177579
833,Ibadan Farm Site 833,farm,787 Brady Port Suite 503,Ibadan,NG,4.755016,37.981281
834,Mombasa Farm Site 834,farm,224 Brittany Vista,Mombasa,KE,10.067665,0.407339
835,Kano Farm Site 835,farm,8508 Joshua Spurs,Kano,NG,7.423947,10.925309
836,Port Harcourt Farm Site 836,farm,20417 Shepard Groves Apt. 951,Port Harcourt,NG,8.871485,30.497011
837,Kano Farm Site 837,farm,0397 Hays Route Apt. 696,Kano,NG,10.068935,6.04841
838,Enugu Farm Site 838,farm,02016 Amanda View,Enugu,NG,6.466473,29.984853
839,Ibadan Farm Site 839,farm,13670 Russell Skyway,Ibadan,NG,11.882482,38.264376
840,Kano Farm Site 840,farm,71602 Alan Neck Suite 184,Kano,NG,7.393663,7.758507
841,Kano Farm Site 841,farm,3236 John Spring Suite 297,Kano,NG,10.089421,-0.850888
842,Kumasi Farm Site 842,farm,8392 James Hollow Apt. 581,Kumasi,GH,7.394877,14.433843
843,Kano Farm Site 843,farm,2485 Davis Keys,Kano,NG,6.255592,22.452691
844,Tamale Farm Site 844,farm,57886 Ray Field,Tamale,GH,9.060266,39.532957
845,Lagos Farm Site 845,farm,63438 Whitney Trace,Lagos,NG,5.099367,36.632473
846,Lagos Farm Site 846,farm,23754 Rachel Plains Apt. 416,Lagos,NG,5.622785,34.091107
847,Port Harcourt Farm Site 847,farm,0554 Cook Shoal Suite 749,Port Harcourt,NG,7.472844,9.379327
848,Takoradi Farm Site 848,farm,13825 Timothy Dale Apt. 131,Takoradi,GH,4.647918,33.117906
849,Ibadan Farm Site 849,farm,359 Brown Plaza,Ibadan,NG,5.691731,15.790161
850,Kisumu Farm Site 850,farm,94920 Richard Wall Apt. 981,Kisumu,KE,8.647021,18.478373
851,Nairobi Farm Site 851,farm,2545 Burnett Estates Suite 952,Nairobi,KE,9.54117,37.097705
852,Kano Farm Site 852,farm,6359 Brown Flats,Kano,NG,8.251152,11.317116
853,Ibadan Farm Site 853,farm,780 Walker Parkways Suite 204,Ibadan,NG,6.755652,11.481986
854,Abuja Farm Site 854,farm,88413 Patton Mission Apt. 266,Abuja,NG,4.766889,22.529924
855,Lagos Farm Site 855,farm,79807 Garcia Square,Lagos,NG,5.284781,32.981629
856,Lagos Farm Site 856,farm,782 Lindsey Dale,Lagos,NG,6.155907,40.055514
857,Takoradi Farm Site 857,farm,89613 Jeffrey Locks Apt. 983,Takoradi,GH,7.958369,16.072607
858,Kumasi Farm Site 858,farm,19103 Tyler Passage Apt. 686,Kumasi,GH,10.090194,34.485863
859,Port Harcourt Farm Site 859,farm,7164 Lucas Ramp,Port Harcourt,NG,12.330595,18.964564
860,Kisumu Farm Site 860,farm,18068 Foster Center,Kisumu,KE,4.442973,29.199491
861,Uyo Farm Site 861,farm,08508 Gutierrez Path Apt. 165,Uyo,NG,5.404704,8.865392
862,Abuja Farm Site 862,farm,74180 Katherine Fork Apt. 723,Abuja,NG,6.825392,12.957926
863,Kisumu Farm Site 863,farm,026 Brittany Shore Apt. 348,Kisumu,KE,12.804093,4.580035
864,Kisumu Farm Site 864,farm,4874 Jessica Bridge,Kisumu,KE,9.220648,22.79996
865,Benin City Farm Site 865,farm,9426 Mary Centers,Benin City,NG,4.619125,8.512131
866,Kano Farm Site 866,farm,2950 Garcia Divide,Kano,NG,9.172105,36.726186
867,Lagos Farm Site 867,farm,534 William Inlet,Lagos,NG,7.93827,25.97638
868,Kumasi Farm Site 868,farm,42535 Mann Landing Suite 518,Kumasi,GH,7.137058,29.695792
869,Lagos Farm Site 869,farm,2266 Campbell Neck Suite 202,Lagos,NG,8.83915,8.519495
870,Enugu Farm Site 870,farm,59267 Smith Trafficway Suite 410,Enugu,NG,7.029496,31.340546
871,Enugu Farm Site 871,farm,142 Schultz Lights Suite 621,Enugu,NG,6.455424,18.578319
872,Lagos Farm Site 872,farm,1761 Kelly Walks Suite 726,Lagos,NG,9.049041,3.626209
873,Port Harcourt Farm Site 873,farm,813 Williams Highway Suite 446,Port Harcourt,NG,11.590568,2.442362
874,Tamale Farm Site 874,farm,559 Munoz Plain Apt. 250,Tamale,GH,8.404807,-1.931448
875,Uyo Farm Site 875,farm,38454 Collins Corners,Uyo,NG,6.198578,20.157943
876,Benin City Farm Site 876,farm,7732 George Centers Suite 927,Benin City,NG,9.420567,7.419816
877,Nakuru Farm Site 877,farm,0703 William Field,Nakuru,KE,8.791246,34.952717
878,Tamale Farm Site 878,farm,003 Phillips Junctions Suite 820,Tamale,GH,5.735864,37.160191
879,Takoradi Farm Site 879,farm,9272 Justin Bypass,Takoradi,GH,4.914206,7.2757
880,Port Harcourt Farm Site 880,farm,186 Pineda Bypass Apt. 764,Port Harcourt,NG,6.30806,37.440075
881,Tamale Farm Site 881,farm,815 Castro Glen Apt. 293,Tamale,GH,10.441317,23.536815
882,Ibadan Farm Site 882,farm,07276 Levy Wall Apt. 179,Ibadan,NG,11.137132,27.169472
883,Tamale Farm Site 883,farm,90301 Kenneth Tunnel Apt. 178,Tamale,GH,7.987218,10.15024
884,Uyo Farm Site 884,farm,76930 Todd Mills Suite 521,Uyo,NG,11.738061,27.222201
885,Abuja Farm Site 885,farm,2452 Mcclure Trail,Abuja,NG,6.772925,4.239311
886,Takoradi Farm Site 886,farm,114 Perez Spring,Takoradi,GH,9.765065,16.181695
887,Kano Farm Site 887,farm,93231 Bailey Ports,Kano,NG,12.395304,32.854931
888,Abuja Farm Site 888,farm,985 Julie Parkways Apt. 481,Abuja,NG,11.048975,20.909312
889,Lagos Farm Site 889,farm,9744 Cox Islands Apt. 747,Lagos,NG,11.690729,33.555426
890,Uyo Farm Site 890,farm,59344 Arnold Village Apt. 440,Uyo,NG,5.210101,21.927762
891,Port Harcourt Farm Site 891,farm,4294 Whitney Forge,Port Harcourt,NG,7.333244,14.007667
892,Abuja Farm Site 892,farm,172 Crawford Locks Suite 466,Abuja,NG,11.849962,35.56196
893,Uyo Farm Site 893,farm,843 Baker Walks Apt. 194,Uyo,NG,5.481411,26.999536
894,Enugu Farm Site 894,farm,591 Parker Lane,Enugu,NG,4.004287,14.748924
895,Enugu Farm Site 895,farm,65747 Melissa Unions Apt. 022,Enugu,NG,4.339562,29.531746
896,Ibadan Farm Site 896,farm,27390 William Rapids,Ibadan,NG,5.677083,40.906768
897,Benin City Farm Site 897,farm,540 Kristine Isle,Benin City,NG,10.326659,18.159523
898,Kano Farm Site 898,farm,25154 Kyle Oval,Kano,NG,6.06297,2.008429
899,Port Harcourt Farm Site 899,farm,6862 Becker Trafficway Apt. 101,Port Harcourt,NG,9.357072,0.589168
900,Accra Farm Site 900,farm,80584 Cooley Via,Accra,GH,7.323213,13.436315
901,Uyo Farm Site 901,farm,60915 Johnson Pass Suite 634,Uyo,NG,9.035519,-3.205594
902,Benin City Farm Site 902,farm,470 Young Field Apt. 012,Benin City,NG,11.930273,-0.183298
903,Abuja Farm Site 903,farm,42186 Eric Hill,Abuja,NG,5.711459,19.30104
904,Uyo Farm Site 904,farm,19817 Amber Mount Suite 160,Uyo,NG,4.193048,33.207516
905,Port Harcourt Farm Site 905,farm,208 Jimenez Curve Apt. 821,Port Harcourt,NG,9.400664,35.074475
906,Nakuru Farm Site 906,farm,843 Margaret Burg Apt. 164,Nakuru,KE,12.824901,28.469113
907,Port Harcourt Farm Site 907,farm,567 Amanda Island Apt. 720,Port Harcourt,NG,6.053235,24.952198
908,Kano Farm Site 908,farm,157 Andrew Bridge,Kano,NG,6.569335,17.768868
909,Uyo Farm Site 909,farm,3605 Howell Loop Suite 276,Uyo,NG,11.270069,9.992821
910,Port Harcourt Farm Site 910,farm,31343 Rhodes Trace,Port Harcourt,NG,12.447411,-3.181536
911,Kumasi Farm Site 911,farm,4810 Gillespie Pines,Kumasi,GH,6.274742,27.950787
912,Tamale Farm Site 912,farm,784 Smith Port,Tamale,GH,6.412694,37.965881
913,Abuja Farm Site 913,farm,3600 David Trace,Abuja,NG,9.010579,7.062078
914,Port Harcourt Farm Site 914,farm,6047 Joseph Mount Apt. 714,Port Harcourt,NG,13.2581,20.441435
915,Enugu Farm Site 915,farm,21204 Richardson Green,Enugu,NG,12.646379,12.450486
916,Kano Farm Site 916,farm,66330 Silva Garden Suite 259,Kano,NG,6.785393,16.166897
917,Benin City Farm Site 917,farm,803 Smith Fall Apt. 922,Benin City,NG,5.048678,28.642916
918,Ibadan Farm Site 918,farm,3720 Benjamin Gateway,Ibadan,NG,4.36612,29.391851
919,Accra Farm Site 919,farm,6073 Johnson Isle,Accra,GH,5.402551,21.50522
920,Abuja Farm Site 920,farm,4207 Cindy Cove Suite 586,Abuja,NG,12.64889,27.808592
921,Abuja Farm Site 921,farm,49255 Williams Canyon,Abuja,NG,5.517215,24.399768
922,Port Harcourt Farm Site 922,farm,723 Jarvis Course Suite 978,Port Harcourt,NG,7.197519,16.492547
923,Kano Farm Site 923,farm,611 Nathan Ferry,Kano,NG,4.173812,36.941332
924,Tamale Farm Site 924,farm,994 Derrick Forest Apt. 991,Tamale,GH,7.042076,23.599946
925,Ibadan Farm Site 925,farm,2575 Phillips Hill Apt. 339,Ibadan,NG,11.478697,22.366513
926,Lagos Farm Site 926,farm,3656 Warren Islands Suite 258,Lagos,NG,8.022973,23.874801
927,Lagos Farm Site 927,farm,82241 Mary Lane,Lagos,NG,11.510985,9.72918
928,Enugu Farm Site 928,farm,47735 Phillip Roads Suite 737,Enugu,NG,9.74799,13.981675
929,Kano Farm Site 929,farm,37370 Shawn Valley,Kano,NG,8.0351,17.924323
930,Abuja Farm Site 930,farm,0136 Nathan Keys,Abuja,NG,7.061634,-0.678241
931,Lagos Farm Site 931,farm,5043 Nicholas Dam Suite 163,Lagos,NG,4.287469,11.105014
932,Abuja Farm Site 932,farm,391 Anderson Freeway,Abuja,NG,9.176487,9.634845
933,Mombasa Farm Site 933,farm,388 Daniel Terrace Suite 533,Mombasa,KE,8.732199,-3.022021
934,Lagos Farm Site 934,farm,95193 Michele Mall Suite 661,Lagos,NG,8.812366,4.779876
935,Ibadan Farm Site 935,farm,7723 Lopez Square,Ibadan,NG,11.803747,2.912807
936,Ibadan Farm Site 936,farm,8403 Horne Fields Suite 456,Ibadan,NG,8.1995,38.222007
937,Port Harcourt Farm Site 937,farm,56293 Novak Centers,Port Harcourt,NG,4.821003,10.843839
938,Ibadan Farm Site 938,farm,908 Susan Cliffs,Ibadan,NG,7.532615,1.901666
939,Accra Farm Site 939,farm,5098 Kimberly Place,Accra,GH,4.344455,0.552466
940,Kano Farm Site 940,farm,2137 Ashlee Spring Apt. 682,Kano,NG,6.428876,19.724772
941,Accra Farm Site 941,farm,6163 Hardy Mountains Apt. 579,Accra,GH,5.817514,4.202728
942,Abuja Farm Site 942,farm,090 Stacy Mountain,Abuja,NG,11.455231,14.509497
943,Enugu Farm Site 943,farm,66335 Kenneth Cape Apt. 692,Enugu,NG,7.995976,11.749444
944,Enugu Farm Site 944,farm,794 Diaz Road Apt. 757,Enugu,NG,6.064024,13.143023
945,Ibadan Farm Site 945,farm,0459 Williams Rapid,Ibadan,NG,9.916666,29.367004
946,Nakuru Farm Site 946,farm,972 Cantu Creek Apt. 137,Nakuru,KE,12.607675,17.721677
947,Kumasi Farm Site 947,farm,071 Carr Parkways,Kumasi,GH,4.789665,2.217934
948,Ibadan Farm Site 948,farm,4354 Miller Fords Suite 654,Ibadan,NG,12.366401,30.133156
949,Port Harcourt Farm Site 949,farm,1648 Whitney Skyway Suite 037,Port Harcourt,NG,6.963563,18.126259
950,Uyo Farm Site 950,farm,34630 James Drives,Uyo,NG,5.008798,9.710051
951,Benin City Farm Site 951,farm,258 Murillo Turnpike Apt. 391,Benin City,NG,8.040852,28.020088
952,Takoradi Farm Site 952,farm,0215 John Camp,Takoradi,GH,12.941001,27.01451
953,Kumasi Farm Site 953,farm,7173 Lopez Lock Suite 604,Kumasi,GH,12.706182,24.181453
954,Benin City Farm Site 954,farm,277 Gallagher Glens Apt. 927,Benin City,NG,9.343641,1.082736
955,Abuja Farm Site 955,farm,066 Peterson Pines,Abuja,NG,8.838097,6.226651
956,Abuja Farm Site 956,farm,379 Melissa Ranch,Abuja,NG,9.828946,0.6609
957,Lagos Farm Site 957,farm,6447 Norton Plains Apt. 880,Lagos,NG,5.875672,22.447687
958,Ibadan Farm Site 958,farm,53497 Spence Crest Apt. 975,Ibadan,NG,5.236354,3.522553
959,Kisumu Farm Site 959,farm,18429 James Oval,Kisumu,KE,6.145256,15.442892
960,Tamale Farm Site 960,farm,401 Woodard Ridge Suite 037,Tamale,GH,9.56108,25.81787
961,Ibadan Farm Site 961,farm,7485 Rivera Point,Ibadan,NG,5.87358,1.57174
962,Nakuru Farm Site 962,farm,46570 Jones Extensions,Nakuru,KE,13.096233,10.281862
963,Kano Farm Site 963,farm,83474 Chad Terrace Suite 218,Kano,NG,11.849169,30.299102
964,Lagos Farm Site 964,farm,1445 Gonzalez Mission Suite 624,Lagos,NG,9.023098,10.182121
965,Benin City Farm Site 965,farm,33475 James Summit Apt. 192,Benin City,NG,9.649275,11.102184
966,Lagos Farm Site 966,farm,4457 Danielle Vista,Lagos,NG,5.54156,7.575332
967,Port Harcourt Farm Site 967,farm,69059 Campbell Ville Suite 699,Port Harcourt,NG,9.978004,27.753135
968,Abuja Farm Site 968,farm,61840 Daniel Lake,Abuja,NG,8.466618,16.143097
969,Abuja Farm Site 969,farm,852 Ramos Junctions Apt. 967,Abuja,NG,4.139908,17.085593
970,Abuja Farm Site 970,farm,14541 Bryant Haven,Abuja,NG,8.879046,26.816265
971,Uyo Farm Site 971,farm,074 Strickland Drive,Uyo,NG,4.677449,-0.294405
972,Enugu Farm Site 972,farm,66040 Holder Terrace Apt. 774,Enugu,NG,8.48597,28.872652
973,Tamale Farm Site 973,farm,212 Tammy Summit Suite 186,Tamale,GH,4.174596,-0.976371
974,Accra Farm Site 974,farm,737 Dean Wells,Accra,GH,9.626166,21.617531
975,Benin City Farm Site 975,farm,47579 Ball Lakes,Benin City,NG,5.338268,-0.833515
976,Enugu Farm Site 976,farm,2893 Frederick Spring,Enugu,NG,10.027007,24.424878
977,Kano Farm Site 977,farm,3844 Shelley Coves Apt. 574,Kano,NG,6.831084,30.071139
978,Enugu Farm Site 978,farm,0972 Johnson Mount,Enugu,NG,11.209724,14.337715
979,Uyo Farm Site 979,farm,35407 Cannon Prairie Suite 649,Uyo,NG,9.569235,12.714484
980,Mombasa Farm Site 980,farm,5389 Hayden Causeway Suite 891,Mombasa,KE,12.622106,7.64065
981,Takoradi Farm Site 981,farm,9073 Lawrence Inlet,Takoradi,GH,13.216955,-2.565758
982,Enugu Farm Site 982,farm,2342 Brady Greens,Enugu,NG,7.801509,1.33331
983,Port Harcourt Farm Site 983,farm,2008 Joshua Island,Port Harcourt,NG,8.467359,35.079725
984,Lagos Farm Site 984,farm,0235 Eric Harbor Suite 124,Lagos,NG,7.02486,27.796557
985,Uyo Farm Site 985,farm,9611 Herring Cliff,Uyo,NG,12.087409,3.182781
986,Ibadan Farm Site 986,farm,99980 David Lodge,Ibadan,NG,5.500474,24.272151
987,Uyo Farm Site 987,farm,0391 Davis Underpass Suite 623,Uyo,NG,5.163352,25.354882
988,Uyo Farm Site 988,farm,6844 King Meadows,Uyo,NG,13.112946,20.342266
989,Accra Farm Site 989,farm,10556 Higgins Falls,Accra,GH,8.746344,24.088944
990,Ibadan Farm Site 990,farm,97166 Gomez Course,Ibadan,NG,10.682434,-1.954465
991,Uyo Farm Site 991,farm,414 Buchanan Parkways,Uyo,NG,5.07182,-1.310574
992,Uyo Farm Site 992,farm,48874 Blake Bridge,Uyo,NG,5.08037,7.084635
993,Lagos Farm Site 993,farm,21508 Henry Branch Apt. 633,Lagos,NG,11.821903,0.606241
994,Ibadan Farm Site 994,farm,98992 Reynolds Field Apt. 769,Ibadan,NG,6.383957,12.819393
995,Benin City Farm Site 995,farm,390 Larson Coves,Benin City,NG,8.769474,20.01383
996,Benin City Farm Site 996,farm,29304 Bell Spring Apt. 587,Benin City,NG,8.044055,24.649892
997,Kano Farm Site 997,farm,67817 Shawn Dam Apt. 057,Kano,NG,11.635258,0.643933
998,Takoradi Farm Site 998,farm,660 Smith Courts Suite 080,Takoradi,GH,11.362599,20.402218
999,Benin City Farm Site 999,farm,354 Steven Stravenue Suite 628,Benin City,NG,5.691414,29.600825
1000,Lagos Farm Site 1000,farm,0731 Schmidt Bypass Suite 488,Lagos,NG,7.251907,15.06512
1001,Port Harcourt Farm Site 1001,farm,401 Hobbs Turnpike,Port Harcourt,NG,7.891036,28.035735
1002,Port Harcourt Farm Site 1002,farm,4798 Liu Walk Apt. 973,Port Harcourt,NG,6.772168,11.841544
1003,Tamale Farm Site 1003,farm,699 Jeffrey Lodge,Tamale,GH,6.608445,1.902562
1004,Lagos Farm Site 1004,farm,111 Nash Motorway,Lagos,NG,13.336772,13.990575
1005,Ibadan Farm Site 1005,farm,34962 Jones Prairie,Ibadan,NG,10.780155,32.609957
1006,Uyo Farm Site 1006,farm,4546 Black Oval,Uyo,NG,11.792081,3.819159
1007,Tamale Farm Site 1007,farm,168 Nancy Branch,Tamale,GH,8.794128,23.521792
1008,Port Harcourt Farm Site 1008,farm,6337 Kevin Stream,Port Harcourt,NG,9.010582,35.416218
1009,Nakuru Farm Site 1009,farm,7950 Julie Throughway,Nakuru,KE,5.436466,24.5732
1010,Enugu Farm Site 1010,farm,73540 Kristi Hills Suite 490,Enugu,NG,11.787036,39.036805
1011,Port Harcourt Farm Site 1011,farm,3536 Jennifer Brook Apt. 197,Port Harcourt,NG,10.953089,3.754836
1012,Uyo Farm Site 1012,farm,91525 Zachary Fort,Uyo,NG,4.117639,14.43428
1013,Port Harcourt Farm Site 1013,farm,63258 Victor Ramp Suite 243,Port Harcourt,NG,12.148544,20.50587
1014,Port Harcourt Farm Site 1014,farm,9377 Martinez Wells,Port Harcourt,NG,12.317167,7.134888
1015,Ibadan Farm Site 1015,farm,729 Jeremiah Station Suite 305,Ibadan,NG,6.883732,11.986425
1016,Kumasi Farm Site 1016,farm,0860 Gill Ports Apt. 392,Kumasi,GH,5.440723,36.990939
1017,Enugu Farm Site 1017,farm,84539 Chase Camp,Enugu,NG,5.818544,10.280054
1018,Port Harcourt Farm Site 1018,farm,1102 Andrew Shoal Apt. 531,Port Harcourt,NG,8.846269,-1.578442
1019,Accra Farm Site 1019,farm,2410 Gilbert Drive Apt. 630,Accra,GH,6.739051,32.783557
1020,Accra Farm Site 1020,farm,0032 Karen Cove Suite 830,Accra,GH,9.069313,-2.319151
1021,Abuja Farm Site 1021,farm,6175 Maynard Shoals,Abuja,NG,12.182839,4.902281
1022,Accra Farm Site 1022,farm,97972 Carter Mountains Apt. 930,Accra,GH,11.272882,35.348912
1023,Accra Farm Site 1023,farm,658 Chris Ways Apt. 015,Accra,GH,5.70142,19.654568
1024,Lagos Farm Site 1024,farm,9384 Delgado Light,Lagos,NG,13.156423,16.431389
1025,Port Harcourt Farm Site 1025,farm,931 Mahoney Lane,Port Harcourt,NG,6.839133,0.276632
1026,Tamale Farm Site 1026,farm,79696 Mcclain Lane,Tamale,GH,5.568543,7.560449
1027,Kumasi Farm Site 1027,farm,11712 Kenneth Forges,Kumasi,GH,12.996095,37.376514
1028,Ibadan Farm Site 1028,farm,1789 Bruce Spur,Ibadan,NG,4.30606,20.523477
1029,Accra Farm Site 1029,farm,9139 Proctor Course,Accra,GH,7.966976,26.741881
1030,Port Harcourt Farm Site 1030,farm,1027 Nguyen Fork,Port Harcourt,NG,12.128274,23.161875
1031,Ibadan Farm Site 1031,farm,806 Baker Stream,Ibadan,NG,5.190905,5.020691
1032,Kano Farm Site 1032,farm,22506 Sergio Fort,Kano,NG,9.824567,24.275873
1033,Uyo Farm Site 1033,farm,2307 Bethany Knolls Suite 556,Uyo,NG,12.525099,-1.575531
1034,Kumasi Farm Site 1034,farm,08122 King Land,Kumasi,GH,9.530319,26.259718
1035,Lagos Farm Site 1035,farm,035 Dalton Mountains Apt. 227,Lagos,NG,10.994587,18.88462
1036,Abuja Farm Site 1036,farm,2310 Michael Squares Suite 908,Abuja,NG,11.14407,12.92178
1037,Kano Farm Site 1037,farm,28114 Tiffany Plaza,Kano,NG,12.970014,9.261001
1038,Kano Farm Site 1038,farm,28438 Mueller Point,Kano,NG,12.051305,23.723991
1039,Uyo Farm Site 1039,farm,423 Garza Coves Apt. 069,Uyo,NG,6.907311,0.71753
1040,Kano Farm Site 1040,farm,920 Jennifer Lodge,Kano,NG,8.861404,17.373077
1041,Port Harcourt Farm Site 1041,farm,13571 David Vista,Port Harcourt,NG,9.707311,0.49337
1042,Abuja Farm Site 1042,farm,3848 Atkinson Squares,Abuja,NG,6.194082,26.276973
1043,Benin City Farm Site 1043,farm,3276 Martinez Land,Benin City,NG,6.193716,19.338918
1044,Kano Farm Site 1044,farm,236 Mccormick Wall Apt. 443,Kano,NG,7.301578,23.152315
1045,Uyo Farm Site 1045,farm,76545 Brennan Keys,Uyo,NG,6.410612,-2.220561
1046,Kano Farm Site 1046,farm,513 Terry Flats,Kano,NG,12.719939,4.91836
1047,Tamale Farm Site 1047,farm,270 Johnson Mountain,Tamale,GH,6.705223,12.864239
1048,Port Harcourt Farm Site 1048,farm,627 Annette Meadow,Port Harcourt,NG,6.559776,16.10946
1049,Accra Farm Site 1049,farm,407 Jane Greens,Accra,GH,12.824625,6.535274
1050,Mombasa Farm Site 1050,farm,355 Duncan Bypass,Mombasa,KE,5.381076,20.429822
1051,Enugu Farm Site 1051,farm,30719 Floyd Turnpike,Enugu,NG,5.342733,16.509196
1052,Tamale Farm Site 1052,farm,06186 Christina Station,Tamale,GH,6.496884,7.892638
1053,Accra Farm Site 1053,farm,985 Allen Greens,Accra,GH,11.409738,35.326701
1054,Tamale Farm Site 1054,farm,259 Williams Gardens,Tamale,GH,8.452734,5.960384
1055,Benin City Farm Site 1055,farm,13249 Buchanan Mission,Benin City,NG,11.868448,-2.278307
1056,Kano Farm Site 1056,farm,66272 Monica Walk,Kano,NG,9.49855,6.898582
1057,Benin City Farm Site 1057,farm,741 Jared Field,Benin City,NG,10.251124,28.49844
1058,Nakuru Farm Site 1058,farm,191 Jerry Squares Apt. 762,Nakuru,KE,8.584944,9.917897
1059,Benin City Farm Site 1059,farm,71144 Williams Forges,Benin City,NG,11.938011,17.784785
1060,Takoradi Farm Site 1060,farm,6544 Morton Cliff,Takoradi,GH,9.386046,12.552083
1061,Tamale Farm Site 1061,farm,7733 Rebekah Valley Suite 263,Tamale,GH,6.573853,4.381611
1062,Mombasa Farm Site 1062,farm,51615 Jessica River,Mombasa,KE,9.898387,18.101181
1063,Uyo Farm Site 1063,farm,069 Martin Crescent Suite 517,Uyo,NG,6.167433,-1.003542
1064,Lagos Farm Site 1064,farm,8271 Jacobs Shoal,Lagos,NG,4.048057,1.117512
1065,Takoradi Farm Site 1065,farm,376 Gregory Pine,Takoradi,GH,11.004188,36.073562
1066,Nairobi Farm Site 1066,farm,10215 Kennedy Turnpike Suite 116,Nairobi,KE,4.713942,35.157529
1067,Ibadan Farm Site 1067,farm,1183 Ward Divide,Ibadan,NG,11.699715,22.501575
1068,Abuja Farm Site 1068,farm,18129 Walker Turnpike Apt. 197,Abuja,NG,6.045429,9.207425
1069,Ibadan Farm Site 1069,farm,491 Robert Spurs,Ibadan,NG,6.129858,4.822596
1070,Accra Farm Site 1070,farm,718 Michael Pine Apt. 502,Accra,GH,7.156418,4.503932
1071,Benin City Farm Site 1071,farm,8903 Reynolds Ridge Apt. 118,Benin City,NG,11.805363,13.136232
1072,Enugu Farm Site 1072,farm,514 Brandon Spur Suite 113,Enugu,NG,11.102826,15.701865
1073,Nairobi Farm Site 1073,farm,6792 Laurie Ville Apt. 979,Nairobi,KE,10.189408,4.966329
1074,Uyo Farm Site 1074,farm,574 Shane Crest Apt. 489,Uyo,NG,7.69129,33.140357
1075,Kano Farm Site 1075,farm,763 Tara Summit,Kano,NG,11.196203,6.686037
1076,Tamale Farm Site 1076,farm,20933 Carol Shore,Tamale,GH,9.974187,35.707736
1077,Abuja Farm Site 1077,farm,5003 Kevin Square,Abuja,NG,12.889382,17.822465
1078,Benin City Farm Site 1078,farm,397 Danielle Dam,Benin City,NG,8.509684,24.413486
1079,Port Harcourt Farm Site 1079,farm,5331 Michael Skyway,Port Harcourt,NG,9.76083,39.238271
1080,Port Harcourt Farm Site 1080,farm,21093 Christine Park Suite 774,Port Harcourt,NG,10.695803,38.489411
1081,Kano Farm Site 1081,farm,764 Kenneth Flats Apt. 469,Kano,NG,8.440832,6.011174
1082,Benin City Farm Site 1082,farm,9236 Trujillo Rapids Suite 122,Benin City,NG,6.697431,2.620342
1083,Uyo Farm Site 1083,farm,1740 Michele Key,Uyo,NG,5.843967,31.556445
1084,Accra Farm Site 1084,farm,0848 Shawn Valleys Apt. 920,Accra,GH,13.328664,-1.017855
1085,Nakuru Farm Site 1085,farm,26596 Vasquez Mountain Suite 951,Nakuru,KE,11.156507,21.691279
1086,Lagos Farm Site 1086,farm,96196 Ashley Gardens Suite 610,Lagos,NG,6.658884,17.201625
1087,Ibadan Farm Site 1087,farm,69953 Howard Extension,Ibadan,NG,6.352605,3.523788
1088,Ibadan Farm Site 1088,farm,0055 Monica Plaza,Ibadan,NG,11.930866,40.684906
1089,Takoradi Farm Site 1089,farm,15557 Gray Extensions,Takoradi,GH,11.443728,27.114983
1090,Kisumu Farm Site 1090,farm,81018 Clark Fork Apt. 046,Kisumu,KE,10.9461,31.575629
1091,Abuja Farm Site 1091,farm,0923 James Place Apt. 716,Abuja,NG,9.271369,14.713028
1092,Lagos Farm Site 1092,farm,677 Moses Drive,Lagos,NG,10.015372,22.256537
1093,Enugu Farm Site 1093,farm,3319 Coleman Ville Suite 557,Enugu,NG,4.807646,35.487161
1094,Benin City Farm Site 1094,farm,56722 Keith Camp,Benin City,NG,6.846895,31.270099
1095,Mombasa Farm Site 1095,farm,63935 James Ways,Mombasa,KE,9.036267,11.013853
1096,Accra Farm Site 1096,farm,99936 Mann Keys,Accra,GH,4.415937,9.788227
1097,Lagos Farm Site 1097,farm,8160 Osborn Glen Apt. 716,Lagos,NG,9.472142,31.563319
1098,Abuja Farm Site 1098,farm,0314 Smith Plaza Apt. 993,Abuja,NG,6.964021,8.932566
1099,Kano Farm Site 1099,farm,456 Devon Mountains,Kano,NG,8.690298,5.32393
1100,Benin City Farm Site 1100,farm,56059 Amber Freeway Apt. 497,Benin City,NG,11.701265,13.234255
1101,Abuja Farm Site 1101,farm,5689 Cynthia Ports,Abuja,NG,13.447392,27.396369
1102,Accra Farm Site 1102,farm,187 Veronica Way Suite 057,Accra,GH,8.071278,5.545002
1103,Abuja Farm Site 1103,farm,6402 Adam Roads Suite 553,Abuja,NG,6.174416,34.353239
1104,Kano Farm Site 1104,farm,3716 Lester Route Apt. 331,Kano,NG,7.655665,-2.065881
1105,Abuja Farm Site 1105,farm,5605 Moreno Spurs Apt. 370,Abuja,NG,6.3195,9.302279
1106,Enugu Farm Site 1106,farm,844 Amanda Station Suite 364,Enugu,NG,12.394799,40.128392
1107,Takoradi Farm Site 1107,farm,03781 Bridget Fork,Takoradi,GH,8.246903,33.621266
1108,Abuja Farm Site 1108,farm,9972 Mark Plains Apt. 164,Abuja,NG,12.28727,3.766366
1109,Ibadan Farm Site 1109,farm,5928 Fox Roads Apt. 976,Ibadan,NG,8.40557,6.675121
1110,Accra Farm Site 1110,farm,40980 Chapman Bypass Suite 946,Accra,GH,13.488076,0.379354
1111,Kumasi Farm Site 1111,farm,4705 Lori Circles,Kumasi,GH,6.563848,24.737412
1112,Uyo Farm Site 1112,farm,418 Johnson Brooks,Uyo,NG,10.482168,29.920641
1113,Nakuru Farm Site 1113,farm,6475 Melissa Villages Suite 640,Nakuru,KE,8.727565,28.457027
1114,Ibadan Farm Site 1114,farm,435 Parks Road Apt. 427,Ibadan,NG,11.110781,37.966809
1115,Lagos Farm Site 1115,farm,952 Harris Throughway Suite 416,Lagos,NG,4.232458,10.658394
1116,Abuja Farm Site 1116,farm,76171 Thomas Meadows Suite 189,Abuja,NG,11.455201,17.589424
1117,Abuja Farm Site 1117,farm,49296 Reyes Corner Suite 988,Abuja,NG,7.181407,30.209559
1118,Kumasi Farm Site 1118,farm,557 Perry River,Kumasi,GH,5.932339,10.252855
1119,Enugu Farm Site 1119,farm,81625 Reynolds Key Suite 578,Enugu,NG,10.924323,6.10513
1120,Uyo Farm Site 1120,farm,81412 Ward Lodge Suite 684,Uyo,NG,11.672036,7.514573
1121,Uyo Farm Site 1121,farm,83525 Wilson Square,Uyo,NG,12.748441,40.98815
1122,Benin City Farm Site 1122,farm,48455 Crane Springs,Benin City,NG,10.51004,19.803499
1123,Nairobi Farm Site 1123,farm,39796 Tran Cliff,Nairobi,KE,6.811904,7.666531
1124,Enugu Farm Site 1124,farm,52992 Lynn Course,Enugu,NG,9.000191,32.560325
1125,Kisumu Farm Site 1125,farm,3493 Ramirez Glen Apt. 637,Kisumu,KE,12.866874,6.599323
1126,Benin City Farm Site 1126,farm,879 Williamson Hills,Benin City,NG,8.816646,12.375146
1127,Accra Farm Site 1127,farm,0099 Linda Square,Accra,GH,4.788946,20.291883
1128,Lagos Farm Site 1128,farm,80443 Bryan Lights,Lagos,NG,7.338696,38.527759
1129,Kisumu Farm Site 1129,farm,6460 Angela Court Suite 031,Kisumu,KE,4.966461,0.59864
1130,Enugu Farm Site 1130,farm,9435 Joseph Corners,Enugu,NG,13.36174,10.434298
1131,Ibadan Farm Site 1131,farm,91214 Brandy View,Ibadan,NG,12.532398,16.049873
1132,Port Harcourt Farm Site 1132,farm,702 Cole Village,Port Harcourt,NG,5.067479,18.771067
1133,Mombasa Farm Site 1133,farm,9617 Gallagher Springs Suite 402,Mombasa,KE,5.943727,12.680657
1134,Ibadan Farm Site 1134,farm,03521 Kevin Village,Ibadan,NG,9.93696,14.750587
1135,Port Harcourt Farm Site 1135,farm,779 Mariah Court Suite 512,Port Harcourt,NG,12.45875,24.913314
1136,Port Harcourt Farm Site 1136,farm,602 Kevin Forges,Port Harcourt,NG,5.341954,13.994913
1137,Mombasa Farm Site 1137,farm,1660 Burch Springs Apt. 309,Mombasa,KE,8.988807,15.222717
1138,Kano Farm Site 1138,farm,677 Roberts Walk Suite 790,Kano,NG,8.509248,30.757048
1139,Uyo Farm Site 1139,farm,548 Gonzales Squares Apt. 222,Uyo,NG,5.531806,22.293946
1140,Port Harcourt Farm Site 1140,farm,648 Mary Coves,Port Harcourt,NG,11.485315,12.150068
1141,Port Harcourt Farm Site 1141,farm,71185 Jones Ford,Port Harcourt,NG,9.524793,22.134937
1142,Takoradi Farm Site 1142,farm,721 Fox River,Takoradi,GH,11.819051,-1.571059
1143,Benin City Farm Site 1143,farm,5914 Jonathan Pass,Benin City,NG,8.70446,-2.122778
1144,Benin City Farm Site 1144,farm,80105 Mcintyre Square Apt. 504,Benin City,NG,8.092172,14.511713
1145,Enugu Farm Site 1145,farm,61081 Thornton Divide,Enugu,NG,10.622751,37.20082
1146,Kano Farm Site 1146,farm,8864 Taylor Road,Kano,NG,7.146643,0.869363
1147,Lagos Farm Site 1147,farm,16918 Santiago Hill,Lagos,NG,9.095943,32.861746
1148,Tamale Farm Site 1148,farm,05547 Mendoza Green Apt. 513,Tamale,GH,7.526267,40.657667
1149,Enugu Farm Site 1149,farm,936 Yolanda Isle Suite 402,Enugu,NG,11.116124,0.849315
1150,Nairobi Farm Site 1150,farm,60877 Mcgee Groves,Nairobi,KE,6.626436,25.880834
1151,Abuja Farm Site 1151,farm,1363 Jeremiah Knoll Suite 023,Abuja,NG,11.953639,3.831429
1152,Nakuru Farm Site 1152,farm,38030 Carter Lodge Suite 154,Nakuru,KE,5.682341,30.245079
1153,Lagos Farm Site 1153,farm,19529 Lisa Hills,Lagos,NG,12.888763,36.746013
1154,Uyo Farm Site 1154,farm,4177 Alan Station Apt. 525,Uyo,NG,4.409324,16.351206
1155,Takoradi Farm Site 1155,farm,9681 Marissa Streets,Takoradi,GH,8.795156,-3.104702
1156,Kano Farm Site 1156,farm,6776 Moyer Plaza Suite 288,Kano,NG,10.715645,24.402939
1157,Port Harcourt Farm Site 1157,farm,9585 Jason Overpass,Port Harcourt,NG,12.664868,13.504029
1158,Mombasa Farm Site 1158,farm,33394 Cook Way Apt. 274,Mombasa,KE,10.07633,16.573856
1159,Enugu Farm Site 1159,farm,4150 Mary Meadow Suite 626,Enugu,NG,4.398627,13.273012
1160,Ibadan Farm Site 1160,farm,11249 Amanda Gateway,Ibadan,NG,6.780347,4.344606
1161,Abuja Farm Site 1161,farm,385 Acevedo Station Apt. 352,Abuja,NG,8.225069,20.71577
1162,Ibadan Farm Site 1162,farm,35539 Ian Ports Apt. 743,Ibadan,NG,9.616052,13.507913
1163,Enugu Farm Site 1163,farm,73130 Mccullough Mews Suite 006,Enugu,NG,8.058625,-2.563403
1164,Lagos Farm Site 1164,farm,4777 Patrick Ways Suite 816,Lagos,NG,9.943382,13.309177
1165,Kano Farm Site 1165,farm,564 Joseph Lake,Kano,NG,11.503719,5.732208
1166,Benin City Farm Site 1166,farm,70981 Tina Lodge,Benin City,NG,4.207895,5.314064
1167,Abuja Farm Site 1167,farm,964 Arnold Tunnel,Abuja,NG,10.692751,16.375448
1168,Benin City Farm Site 1168,farm,0332 Paul Alley,Benin City,NG,5.501005,21.80235
1169,Port Harcourt Farm Site 1169,farm,922 Lisa Roads,Port Harcourt,NG,8.962353,20.204105
1170,Kumasi Farm Site 1170,farm,43432 Williams Square Apt. 299,Kumasi,GH,11.68592,7.562857
1171,Uyo Farm Site 1171,farm,481 Melissa Route,Uyo,NG,12.666057,27.812608
1172,Takoradi Farm Site 1172,farm,464 Jessica Bridge Apt. 931,Takoradi,GH,7.933165,9.520852
1173,Kano Farm Site 1173,farm,291 Benjamin Shoals,Kano,NG,11.135552,9.05622
1174,Benin City Farm Site 1174,farm,851 Moore Shoals Suite 617,Benin City,NG,4.967308,23.349138
1175,Enugu Farm Site 1175,farm,0560 Cherry Club,Enugu,NG,11.5907,27.067561
1176,Takoradi Farm Site 1176,farm,524 Amy Cove Apt. 813,Takoradi,GH,5.994281,25.691377
1177,Kisumu Farm Site 1177,farm,846 Wiggins Shoal,Kisumu,KE,5.354087,27.988912
1178,Lagos Farm Site 1178,farm,90557 Jason Parkway Apt. 114,Lagos,NG,8.497579,10.860078
1179,Lagos Farm Site 1179,farm,86971 Anderson Pines Suite 561,Lagos,NG,4.908565,5.934614
1180,Tamale Farm Site 1180,farm,49309 Alexandria Roads,Tamale,GH,13.007117,6.950555
1181,Accra Farm Site 1181,farm,0479 Smith Mountains Suite 273,Accra,GH,10.970387,23.841231
1182,Ibadan Farm Site 1182,farm,73953 Denise Springs Apt. 247,Ibadan,NG,5.381527,13.307468
1183,Port Harcourt Farm Site 1183,farm,7214 Amanda Lodge,Port Harcourt,NG,10.630146,11.049332
1184,Ibadan Farm Site 1184,farm,1092 Lopez Fields Apt. 563,Ibadan,NG,4.177023,20.488896
1185,Port Harcourt Farm Site 1185,farm,4484 Hernandez Cliff,Port Harcourt,NG,10.911166,6.14097
1186,Uyo Farm Site 1186,farm,218 Patricia Stream Apt. 405,Uyo,NG,11.582834,-3.242254
1187,Mombasa Farm Site 1187,farm,75021 Tina Roads Apt. 549,Mombasa,KE,4.279049,17.45359
1188,Enugu Farm Site 1188,farm,6774 Smith Lakes,Enugu,NG,6.437786,-0.28886
1189,Takoradi Farm Site 1189,farm,774 Mitchell Union Suite 905,Takoradi,GH,12.513512,4.918483
1190,Takoradi Farm Site 1190,farm,67988 Kelly Glens,Takoradi,GH,12.285531,37.065134
1191,Enugu Farm Site 1191,farm,7040 Carly Neck,Enugu,NG,9.107423,23.918459
1192,Mombasa Farm Site 1192,farm,61029 Jenkins Plains Suite 948,Mombasa,KE,9.996425,38.180999
1193,Takoradi Farm Site 1193,farm,379 Gina Mission,Takoradi,GH,5.111629,39.014474
1194,Benin City Farm Site 1194,farm,9451 Tracy Forge,Benin City,NG,5.384523,25.219641
1195,Uyo Farm Site 1195,farm,266 Patrick Plaza Apt. 410,Uyo,NG,5.791053,39.436459
1196,Kano Farm Site 1196,farm,111 Brandy Keys,Kano,NG,8.839093,5.609367
1197,Abuja Farm Site 1197,farm,9903 Pamela Track Suite 430,Abuja,NG,10.852845,31.618027
1198,Benin City Farm Site 1198,farm,34513 Brenda Place,Benin City,NG,8.981743,6.9938
1199,Benin City Farm Site 1199,farm,6013 Courtney Burgs,Benin City,NG,4.951876,26.016865
1200,Uyo Farm Site 1200,farm,594 Edward Oval,Uyo,NG,11.220461,34.543837
1201,Accra Farm Site 1201,farm,5525 Lopez Forge,Accra,GH,8.490227,12.415316
1202,Ibadan Farm Site 1202,farm,6851 Karen Cove Suite 809,Ibadan,NG,9.386456,10.201522
1203,Tamale Farm Site 1203,farm,38691 Mahoney Oval,Tamale,GH,8.410261,18.726226
1204,Lagos Farm Site 1204,farm,7937 Jeffrey Motorway Apt. 132,Lagos,NG,6.612057,4.034514
1205,Uyo Farm Site 1205,farm,720 Charles Mountains,Uyo,NG,8.109855,7.443317
1206,Benin City Farm Site 1206,farm,1878 Cox Highway Apt. 754,Benin City,NG,6.836695,17.995224
1207,Nakuru Farm Site 1207,farm,4489 Robert Unions,Nakuru,KE,5.757407,19.369746
1208,Mombasa Farm Site 1208,farm,40568 Norton Brook Apt. 437,Mombasa,KE,10.62588,28.855856
1209,Takoradi Farm Site 1209,farm,31868 Hawkins Row,Takoradi,GH,6.213782,28.006801
1210,Kano Farm Site 1210,farm,046 Yates Turnpike Apt. 199,Kano,NG,7.747614,5.371305
1211,Kumasi Farm Site 1211,farm,50618 Stephanie Locks,Kumasi,GH,10.075991,12.188562
1212,Uyo Farm Site 1212,farm,387 Rivera River Suite 719,Uyo,NG,5.874491,30.626456
1213,Nakuru Farm Site 1213,farm,540 Kathy Wall,Nakuru,KE,7.002216,23.824476
1214,Enugu Farm Site 1214,farm,882 Jarvis Knolls Apt. 969,Enugu,NG,6.956475,29.62863
1215,Uyo Farm Site 1215,farm,759 Joshua Points,Uyo,NG,7.461847,4.348074
1216,Kano Farm Site 1216,farm,972 Carpenter Port,Kano,NG,9.40526,19.894884
1217,Uyo Farm Site 1217,farm,49646 Veronica Port,Uyo,NG,4.446166,3.065477
1218,Abuja Farm Site 1218,farm,1316 Wayne Parkways Apt. 020,Abuja,NG,4.469402,16.563669
1219,Lagos Farm Site 1219,farm,70266 Cole Parks,Lagos,NG,10.22957,35.559322
1220,Ibadan Farm Site 1220,farm,269 Hoffman Lodge Apt. 599,Ibadan,NG,7.242031,23.811527
1221,Abuja Farm Site 1221,farm,78625 Dawn Green Apt. 134,Abuja,NG,7.065028,20.405285
1222,Port Harcourt Farm Site 1222,farm,794 Brian Pines Apt. 749,Port Harcourt,NG,8.971199,17.519114
1223,Mombasa Farm Site 1223,farm,179 Kevin Knoll Apt. 874,Mombasa,KE,12.894103,3.501841
1224,Kano Farm Site 1224,farm,812 Porter Summit,Kano,NG,4.087392,32.370086
1225,Lagos Farm Site 1225,farm,41071 Castillo Cliffs Apt. 974,Lagos,NG,9.092154,12.971343
1226,Accra Farm Site 1226,farm,867 Velasquez Spurs,Accra,GH,9.939171,4.200423
1227,Lagos Farm Site 1227,farm,845 Grant Crossroad,Lagos,NG,9.744047,34.054899
1228,Nairobi Farm Site 1228,farm,247 Huynh Locks,Nairobi,KE,4.31012,16.480892
1229,Nairobi Farm Site 1229,farm,83860 Novak Avenue,Nairobi,KE,5.610292,16.864848
1230,Kisumu Farm Site 1230,farm,8005 Wendy Village Apt. 634,Kisumu,KE,11.496113,4.879036
1231,Tamale Farm Site 1231,farm,598 Rodriguez Hills,Tamale,GH,9.628406,20.236823
1232,Kano Farm Site 1232,farm,464 Hernandez Road,Kano,NG,10.405905,19.801494
1233,Enugu Farm Site 1233,farm,1635 Cohen Streets,Enugu,NG,8.542952,11.435708
1234,Kano Farm Site 1234,farm,8744 Shelia Mount Apt. 754,Kano,NG,9.075426,5.489948
1235,Kumasi Farm Site 1235,farm,44371 Cassandra Orchard Apt. 329,Kumasi,GH,8.627306,10.841272
1236,Enugu Farm Site 1236,farm,14097 Teresa Forest Suite 002,Enugu,NG,4.32605,2.566075
1237,Port Harcourt Farm Site 1237,farm,59194 Washington Stravenue Apt. 035,Port Harcourt,NG,10.655458,2.187462
1238,Ibadan Farm Site 1238,farm,393 Jamie Plaza,Ibadan,NG,12.462714,39.259554
1239,Enugu Farm Site 1239,farm,47061 Brock Creek,Enugu,NG,9.300187,27.392742
1240,Accra Farm Site 1240,farm,5577 Price Heights,Accra,GH,11.775898,-2.896845
1241,Lagos Farm Site 1241,farm,18833 Kimberly Parkways,Lagos,NG,13.223715,2.550489
1242,Enugu Farm Site 1242,farm,6820 Owens Shoals,Enugu,NG,6.377615,3.035691
1243,Enugu Farm Site 1243,farm,1266 Figueroa Manor,Enugu,NG,6.325157,-0.152196
1244,Lagos Farm Site 1244,farm,573 Amanda Drive Suite 592,Lagos,NG,4.023254,25.75552
1245,Abuja Farm Site 1245,farm,7323 Norman Dale Apt. 438,Abuja,NG,13.02495,22.372139
1246,Uyo Farm Site 1246,farm,29753 Hensley Flat Apt. 256,Uyo,NG,11.477915,7.846034
1247,Accra Farm Site 1247,farm,124 Rogers Trace Apt. 121,Accra,GH,12.249041,37.129665
1248,Kisumu Farm Site 1248,farm,99527 Amy Avenue Apt. 759,Kisumu,KE,11.103828,-1.613125
1249,Abuja Farm Site 1249,farm,933 Fletcher Groves,Abuja,NG,9.991965,21.680681
1250,Lagos Farm Site 1250,farm,4528 Katherine Burg,Lagos,NG,10.768128,5.536054
1251,Benin City Farm Site 1251,farm,016 Christy Corners Apt. 106,Benin City,NG,9.293359,0.800759
1252,Port Harcourt Farm Site 1252,farm,89078 Estrada Road Suite 487,Port Harcourt,NG,5.289128,3.652411
1253,Benin City Farm Site 1253,farm,28015 Kaitlyn Skyway,Benin City,NG,13.368789,30.059751
1254,Uyo Farm Site 1254,farm,86648 Pham Hills,Uyo,NG,11.043037,15.730181
1255,Kano Farm Site 1255,farm,33719 Flores Cliffs Apt. 982,Kano,NG,8.721566,29.156719
1256,Enugu Farm Site 1256,farm,66707 Golden Road,Enugu,NG,10.579135,13.089662
1257,Benin City Farm Site 1257,farm,922 Lee Drive,Benin City,NG,8.320866,17.769779
1258,Lagos Farm Site 1258,farm,82736 Michael Forest Suite 497,Lagos,NG,13.214391,21.394746
1259,Tamale Farm Site 1259,farm,866 Boyd Hollow Suite 319,Tamale,GH,12.863969,2.757286
1260,Port Harcourt Farm Site 1260,farm,7280 Courtney Creek,Port Harcourt,NG,13.193321,-1.136163
1261,Enugu Farm Site 1261,farm,5210 Lisa Plaza,Enugu,NG,6.074682,25.955811
1262,Kano Farm Site 1262,farm,73525 Cory Roads Suite 885,Kano,NG,9.379056,18.707709
1263,Lagos Farm Site 1263,farm,0198 Adam Village Apt. 063,Lagos,NG,9.593778,21.483744
1264,Benin City Farm Site 1264,farm,8538 Campbell Common,Benin City,NG,6.881759,3.068659
1265,Port Harcourt Farm Site 1265,farm,7181 Thomas Fields,Port Harcourt,NG,13.374426,21.118619
1266,Accra Farm Site 1266,farm,37371 Brittany Skyway Apt. 020,Accra,GH,10.031699,4.163078
1267,Uyo Farm Site 1267,farm,47304 Hardin Isle Apt. 419,Uyo,NG,12.192205,21.183956
1268,Uyo Farm Site 1268,farm,798 Williams Alley,Uyo,NG,4.256187,24.055842
1269,Port Harcourt Farm Site 1269,farm,6504 Wright Summit,Port Harcourt,NG,11.883074,17.563821
1270,Ibadan Farm Site 1270,farm,30999 Samuel Lock,Ibadan,NG,6.004703,3.138267
1271,Takoradi Farm Site 1271,farm,790 Deanna Forks Suite 903,Takoradi,GH,12.826093,39.271676
1272,Kumasi Farm Site 1272,farm,5485 Carmen Loop Suite 310,Kumasi,GH,8.475532,2.084123
1273,Port Harcourt Farm Site 1273,farm,671 Eaton Trail,Port Harcourt,NG,11.320249,0.466689
1274,Tamale Farm Site 1274,farm,98090 Wright Burgs,Tamale,GH,12.784284,24.580028
1275,Tamale Farm Site 1275,farm,599 Kelley Centers Suite 927,Tamale,GH,8.159722,9.078944
1276,Uyo Farm Site 1276,farm,005 Kelly Courts,Uyo,NG,5.123127,2.269281
1277,Ibadan Farm Site 1277,farm,909 Alicia Point,Ibadan,NG,4.227869,22.716178
1278,Benin City Farm Site 1278,farm,480 Mason Springs Apt. 489,Benin City,NG,6.39173,-2.279593
1279,Abuja Farm Site 1279,farm,7362 Palmer Bridge Apt. 879,Abuja,NG,4.640129,34.625302
1280,Lagos Farm Site 1280,farm,1329 Matthew Knoll Suite 427,Lagos,NG,10.694468,23.308705
1281,Ibadan Farm Site 1281,farm,8504 Gordon Field Suite 633,Ibadan,NG,7.480986,23.601585
1282,Enugu Farm Site 1282,farm,670 Cooper Circle,Enugu,NG,7.979746,7.91123
1283,Tamale Farm Site 1283,farm,765 Ramirez Neck,Tamale,GH,6.665632,39.479162
1284,Mombasa Farm Site 1284,farm,779 Scott Crossing,Mombasa,KE,8.385978,8.708915
1285,Abuja Farm Site 1285,farm,603 Max Loop,Abuja,NG,13.303447,11.632628
1286,Kumasi Farm Site 1286,farm,49725 Smith Square Suite 988,Kumasi,GH,4.937587,15.142489
1287,Ibadan Farm Site 1287,farm,17050 Parker Roads Apt. 175,Ibadan,NG,6.455284,27.512536
1288,Tamale Farm Site 1288,farm,6379 Cole Port,Tamale,GH,8.780485,19.530402
1289,Kumasi Farm Site 1289,farm,1823 Mary Crescent Suite 007,Kumasi,GH,7.126209,15.824952
1290,Ibadan Farm Site 1290,farm,433 Wright Pass Suite 707,Ibadan,NG,8.289938,40.378794
1291,Accra Farm Site 1291,farm,3312 Megan Coves,Accra,GH,7.409105,24.89261
1292,Benin City Farm Site 1292,farm,4523 Medina Well Suite 277,Benin City,NG,11.782498,38.826617
1293,Lagos Farm Site 1293,farm,205 Timothy Cliff,Lagos,NG,8.593145,4.267284
1294,Kano Farm Site 1294,farm,1008 Mcfarland Walk,Kano,NG,5.9005,19.974469
1295,Benin City Farm Site 1295,farm,9060 Kristy Coves,Benin City,NG,7.16546,29.82435
1296,Nairobi Farm Site 1296,farm,538 Ryan Avenue,Nairobi,KE,7.662925,4.524552
1297,Abuja Farm Site 1297,farm,200 Henderson Streets Suite 908,Abuja,NG,6.834004,-2.837314
1298,Accra Farm Site 1298,farm,326 Anthony Mews,Accra,GH,9.879461,6.127507
1299,Abuja Farm Site 1299,farm,715 Holland Plaza,Abuja,NG,7.312782,0.917421
1300,Kano Farm Site 1300,farm,881 Leslie Manor Apt. 205,Kano,NG,9.635915,37.479004
1301,Tamale Farm Site 1301,farm,930 Alexander Forest,Tamale,GH,9.695601,4.59152
1302,Accra Farm Site 1302,farm,3788 Deborah Village Suite 982,Accra,GH,4.482474,21.491801
1303,Uyo Farm Site 1303,farm,242 Jennifer Hills,Uyo,NG,7.164771,11.320854
1304,Takoradi Farm Site 1304,farm,3885 Huynh Trail Apt. 734,Takoradi,GH,9.870912,0.740647
1305,Ibadan Farm Site 1305,farm,72820 Ho Shoal,Ibadan,NG,12.330125,5.958107
1306,Kisumu Farm Site 1306,farm,379 Benjamin Spring,Kisumu,KE,10.080083,19.768201
1307,Accra Farm Site 1307,farm,5211 Dawn Summit,Accra,GH,5.356887,33.417393
1308,Tamale Farm Site 1308,farm,20255 Smith Mountains Suite 556,Tamale,GH,5.844746,18.08589
1309,Lagos Farm Site 1309,farm,6000 Kevin Shoal,Lagos,NG,12.973906,37.30043
1310,Lagos Farm Site 1310,farm,8176 Shepard Loaf Suite 789,Lagos,NG,13.209392,-1.548309
1311,Port Harcourt Farm Site 1311,farm,342 Tamara Flat Suite 853,Port Harcourt,NG,10.903717,6.623599
1312,Lagos Farm Site 1312,farm,38836 Jennifer Mall Apt. 042,Lagos,NG,11.352396,11.371314
1313,Accra Farm Site 1313,farm,38900 Sean Corners Suite 964,Accra,GH,5.727055,17.619478
1314,Port Harcourt Farm Site 1314,farm,31951 Amy Court,Port Harcourt,NG,12.885153,39.912779
1315,Takoradi Farm Site 1315,farm,5262 Mason Lights,Takoradi,GH,7.000018,34.009429
1316,Abuja Farm Site 1316,farm,71748 Stephens Squares Suite 931,Abuja,NG,9.545949,13.266102
1317,Abuja Farm Site 1317,farm,561 Shawn Fields Suite 095,Abuja,NG,12.816053,35.228275
1318,Tamale Farm Site 1318,farm,4689 Ryan Branch,Tamale,GH,6.163374,29.038268
1319,Mombasa Farm Site 1319,farm,4665 Ronnie Grove Apt. 510,Mombasa,KE,10.042691,5.408259
1320,Enugu Farm Site 1320,farm,581 Frank Keys,Enugu,NG,4.939232,22.771364
1321,Takoradi Farm Site 1321,farm,7692 Campbell Street,Takoradi,GH,10.228387,38.320525
1322,Enugu Farm Site 1322,farm,8238 Hill Mountain Suite 982,Enugu,NG,7.90055,32.248176
1323,Abuja Farm Site 1323,farm,653 Eric Mountain Suite 099,Abuja,NG,12.465357,32.148629
1324,Tamale Farm Site 1324,farm,80566 Ross Mall Suite 626,Tamale,GH,6.234143,34.709982
1325,Nairobi Farm Site 1325,farm,2928 Hartman Isle,Nairobi,KE,8.224177,-3.28303
1326,Kumasi Farm Site 1326,farm,494 Mason Stream,Kumasi,GH,7.273085,-0.655446
1327,Enugu Farm Site 1327,farm,1970 Williams Alley,Enugu,NG,11.388813,4.89777
1328,Benin City Farm Site 1328,farm,9217 Huffman Fields,Benin City,NG,8.6998,1.581564
1329,Ibadan Farm Site 1329,farm,614 Drake Heights,Ibadan,NG,13.44608,10.899461
1330,Kano Farm Site 1330,farm,21668 Gregory Rapids,Kano,NG,8.676824,-1.295245
1331,Uyo Farm Site 1331,farm,796 Duarte River,Uyo,NG,6.516951,21.702428
1332,Enugu Farm Site 1332,farm,0633 Wendy Trafficway,Enugu,NG,8.592798,13.83638
1333,Accra Farm Site 1333,farm,181 Gonzalez Mountains Suite 825,Accra,GH,11.174484,7.477838
1334,Tamale Farm Site 1334,farm,8941 Krystal Motorway,Tamale,GH,9.622608,14.822159
1335,Tamale Farm Site 1335,farm,8971 Christina Mission,Tamale,GH,8.910746,37.236619
1336,Benin City Farm Site 1336,farm,9087 Baker Cliff Apt. 327,Benin City,NG,11.647531,26.467628
1337,Abuja Farm Site 1337,farm,62232 Moreno Junctions Suite 889,Abuja,NG,10.268669,21.300716
1338,Kumasi Farm Site 1338,farm,345 Cynthia Parks Apt. 461,Kumasi,GH,5.161321,13.925642
1339,Abuja Farm Site 1339,farm,154 Knight Club Suite 757,Abuja,NG,13.474395,-3.023304
1340,Accra Farm Site 1340,farm,72319 Hawkins Fort Apt. 267,Accra,GH,10.212563,11.968208
1341,Ibadan Farm Site 1341,farm,7941 Theresa Highway Suite 491,Ibadan,NG,12.709347,4.259596
1342,Enugu Farm Site 1342,farm,48095 Michael Port,Enugu,NG,4.90919,23.277498
1343,Lagos Farm Site 1343,farm,241 Singh Freeway Suite 965,Lagos,NG,7.10575,4.737503
1344,Takoradi Farm Site 1344,farm,951 Gilbert Cliff Suite 621,Takoradi,GH,5.815743,32.562556
1345,Abuja Farm Site 1345,farm,67565 Anthony Lock Apt. 916,Abuja,NG,7.593337,18.432642
1346,Lagos Farm Site 1346,farm,3742 Thomas Estates,Lagos,NG,11.110808,38.023228
1347,Uyo Farm Site 1347,farm,18723 Newman Point Suite 828,Uyo,NG,11.854748,22.375391
1348,Abuja Farm Site 1348,farm,8888 Elizabeth Mountain,Abuja,NG,7.804128,22.416023
1349,Accra Farm Site 1349,farm,01342 Kaitlyn Islands,Accra,GH,8.587482,36.35325
1350,Lagos Farm Site 1350,farm,34684 Ray Branch,Lagos,NG,6.75651,0.655727
1351,Mombasa Farm Site 1351,farm,1582 Austin Walk Suite 340,Mombasa,KE,7.522797,11.506697
1352,Abuja Farm Site 1352,farm,840 Washington Glens Suite 775,Abuja,NG,6.110758,40.65011
1353,Takoradi Farm Site 1353,farm,8811 Schneider Mews Suite 542,Takoradi,GH,4.11337,18.702511
1354,Abuja Farm Site 1354,farm,504 Stewart Tunnel,Abuja,NG,7.829999,31.115459
1355,Port Harcourt Farm Site 1355,farm,7087 Blake Centers Suite 967,Port Harcourt,NG,4.953599,15.942912
1356,Benin City Farm Site 1356,farm,01897 Robert Springs,Benin City,NG,7.956059,15.894577
1357,Tamale Farm Site 1357,farm,0409 Amy Landing,Tamale,GH,12.538014,17.633931
1358,Tamale Farm Site 1358,farm,853 Noah Lodge,Tamale,GH,5.68059,7.602877
1359,Uyo Farm Site 1359,farm,0177 Lee Inlet Apt. 815,Uyo,NG,6.089684,4.269642
1360,Kano Farm Site 1360,farm,01843 Norman Meadows Apt. 368,Kano,NG,7.729374,28.866297
1361,Port Harcourt Farm Site 1361,farm,7736 Kathleen Haven,Port Harcourt,NG,7.070458,14.163879
1362,Enugu Farm Site 1362,farm,09223 Jose Plains,Enugu,NG,5.819112,1.209808
1363,Kano Farm Site 1363,farm,1787 Kurt Vista,Kano,NG,7.902927,20.225149
1364,Uyo Farm Site 1364,farm,546 Diana Vista,Uyo,NG,11.144437,0.101771
1365,Abuja Farm Site 1365,farm,8894 Amber Walks Apt. 929,Abuja,NG,13.377155,38.176064
1366,Kano Farm Site 1366,farm,816 Horton Rapids Suite 628,Kano,NG,5.621206,-2.096512
1367,Tamale Farm Site 1367,farm,1780 Pennington Land Apt. 214,Tamale,GH,8.474334,32.279509
1368,Lagos Farm Site 1368,farm,2925 Thomas Run,Lagos,NG,10.754447,34.852129
1369,Port Harcourt Farm Site 1369,farm,6427 David Ville Apt. 870,Port Harcourt,NG,9.674812,15.552609
1370,Abuja Farm Site 1370,farm,1854 Stephanie Ridges Suite 793,Abuja,NG,11.534438,3.012637
1371,Kumasi Farm Site 1371,farm,221 Jason Drive Suite 637,Kumasi,GH,13.48683,33.062224
1372,Benin City Farm Site 1372,farm,0828 Freeman Expressway,Benin City,NG,5.182845,36.584525
1373,Kano Farm Site 1373,farm,3200 Miller Stravenue,Kano,NG,7.882875,24.671469
1374,Kano Farm Site 1374,farm,105 Sanford Square,Kano,NG,5.120366,7.60131
1375,Benin City Farm Site 1375,farm,46291 Kyle Parks,Benin City,NG,12.456153,17.363921
1376,Enugu Farm Site 1376,farm,0784 Kyle Oval,Enugu,NG,12.802461,36.832208
1377,Tamale Farm Site 1377,farm,6222 Kristie Mall,Tamale,GH,4.314197,-3.063179
1378,Ibadan Farm Site 1378,farm,8340 Lowe Roads Suite 174,Ibadan,NG,11.150613,15.694827
1379,Abuja Farm Site 1379,farm,35090 Adam Courts Suite 963,Abuja,NG,9.128732,34.632668
1380,Accra Farm Site 1380,farm,157 Douglas Way,Accra,GH,10.219475,28.250802
1381,Kumasi Farm Site 1381,farm,49500 Alexander Ways Suite 549,Kumasi,GH,10.07836,30.089623
1382,Port Harcourt Farm Site 1382,farm,5316 Keith Center,Port Harcourt,NG,7.708898,36.082607
1383,Enugu Farm Site 1383,farm,130 Hines Avenue,Enugu,NG,8.14114,23.420107
1384,Lagos Farm Site 1384,farm,877 Hendricks Park,Lagos,NG,12.515751,1.44359
1385,Takoradi Farm Site 1385,farm,170 Stanley Track,Takoradi,GH,7.627787,38.056001
1386,Kumasi Farm Site 1386,farm,3651 Jose Bridge,Kumasi,GH,8.56317,28.556676
1387,Enugu Farm Site 1387,farm,096 Jason Drive,Enugu,NG,5.73417,25.514396
1388,Ibadan Farm Site 1388,farm,1163 Melissa Mission Suite 106,Ibadan,NG,4.911265,25.199542
1389,Takoradi Farm Site 1389,farm,31809 William Tunnel Suite 854,Takoradi,GH,13.499159,16.960352
1390,Tamale Farm Site 1390,farm,71052 Travis Expressway Apt. 306,Tamale,GH,6.313847,37.735615
1391,Kisumu Farm Site 1391,farm,542 Cannon Parks Apt. 151,Kisumu,KE,8.006968,23.034566
1392,Benin City Farm Site 1392,farm,98795 Kim Alley,Benin City,NG,10.847839,19.368369
1393,Nairobi Farm Site 1393,farm,3155 Combs Drives,Nairobi,KE,10.320478,7.646259
1394,Kano Farm Site 1394,farm,80330 Margaret Knoll Apt. 953,Kano,NG,13.286179,6.542199
1395,Abuja Farm Site 1395,farm,1320 Elizabeth Coves,Abuja,NG,4.126125,24.197319
1396,Benin City Farm Site 1396,farm,3222 Miller Skyway,Benin City,NG,10.751819,-0.052134
1397,Enugu Farm Site 1397,farm,543 Rogers Oval,Enugu,NG,4.951505,-2.643341
1398,Kumasi Farm Site 1398,farm,882 Rogers Street,Kumasi,GH,8.01354,7.233463
1399,Mombasa Farm Site 1399,farm,98609 Adam Port Suite 609,Mombasa,KE,6.810032,20.971476
1400,Ibadan Farm Site 1400,farm,6381 Kimberly Extensions Suite 996,Ibadan,NG,7.035954,16.150637
1401,Takoradi Farm Site 1401,farm,18918 Gomez Falls,Takoradi,GH,12.893004,34.188892
1402,Enugu Farm Site 1402,farm,332 Maria Islands Suite 987,Enugu,NG,4.057742,8.983005
1403,Kisumu Farm Site 1403,farm,76252 Mckee Drive,Kisumu,KE,5.820771,-1.723421
1404,Abuja Farm Site 1404,farm,0167 Davis Viaduct Suite 661,Abuja,NG,6.169473,38.169427
1405,Lagos Farm Site 1405,farm,4126 Nancy Meadow,Lagos,NG,11.339587,9.497656
1406,Abuja Farm Site 1406,farm,990 Kendra Ridge Suite 638,Abuja,NG,9.37675,20.349976
1407,Kano Farm Site 1407,farm,099 Lane Fords Suite 510,Kano,NG,7.955242,30.523879
1408,Kano Farm Site 1408,farm,184 Morrison Ridges,Kano,NG,12.802144,36.446916
1409,Kumasi Farm Site 1409,farm,1340 Teresa Circles Apt. 563,Kumasi,GH,13.315839,2.276844
1410,Abuja Farm Site 1410,farm,4982 Ricky Oval,Abuja,NG,13.235732,28.180796
1411,Kano Farm Site 1411,farm,991 Mays Roads Apt. 419,Kano,NG,11.790004,30.085857
1412,Lagos Farm Site 1412,farm,8644 Molly Locks Suite 578,Lagos,NG,7.322778,18.887103
1413,Ibadan Farm Site 1413,farm,23783 Troy Glens,Ibadan,NG,9.904925,26.862971
1414,Kano Farm Site 1414,farm,46305 Alyssa Haven,Kano,NG,9.40532,5.504792
1415,Tamale Farm Site 1415,farm,65086 Acosta Points Suite 578,Tamale,GH,5.356208,27.261028
1416,Accra Farm Site 1416,farm,13130 Robert Lakes Apt. 676,Accra,GH,4.010798,3.681474
1417,Lagos Farm Site 1417,farm,547 Matthew Vista,Lagos,NG,7.717123,33.41084
1418,Benin City Farm Site 1418,farm,8987 Hudson Canyon,Benin City,NG,4.38054,-2.932022
1419,Lagos Farm Site 1419,farm,2939 Roth Bridge,Lagos,NG,8.927004,7.69148
1420,Kumasi Farm Site 1420,farm,4817 Bradley Ports,Kumasi,GH,8.09051,20.756811
1421,Benin City Farm Site 1421,farm,62913 Gary Point Apt. 097,Benin City,NG,9.184193,7.732812
1422,Port Harcourt Farm Site 1422,farm,1869 Nguyen Turnpike Apt. 102,Port Harcourt,NG,11.380633,23.628812
1423,Benin City Farm Site 1423,farm,583 Flores Canyon Apt. 501,Benin City,NG,4.753218,6.638848
1424,Ibadan Farm Site 1424,farm,500 Wallace Burgs,Ibadan,NG,11.995819,17.666309
1425,Uyo Farm Site 1425,farm,857 Curry Haven,Uyo,NG,6.92374,33.15276
1426,Ibadan Farm Site 1426,farm,7775 Avila Branch,Ibadan,NG,13.194391,33.350416
1427,Kano Farm Site 1427,farm,88594 Kirby Circles Suite 452,Kano,NG,10.947506,35.556442
1428,Kano Farm Site 1428,farm,985 Klein Inlet,Kano,NG,8.772371,4.836382
1429,Port Harcourt Farm Site 1429,farm,6409 Brown Shoal Suite 349,Port Harcourt,NG,9.91775,30.532902
1430,Ibadan Farm Site 1430,farm,5715 Turner Orchard,Ibadan,NG,8.522218,12.189845
1431,Kano Farm Site 1431,farm,904 Nichols Locks Suite 925,Kano,NG,6.615791,21.97223
1432,Enugu Farm Site 1432,farm,907 Lori Parkways Apt. 350,Enugu,NG,8.343478,8.265852
1433,Takoradi Farm Site 1433,farm,982 Rush Course,Takoradi,GH,12.008181,17.289947
1434,Kumasi Farm Site 1434,farm,74214 Emma Green,Kumasi,GH,6.586707,24.551118
1435,Uyo Farm Site 1435,farm,817 Haley Circles,Uyo,NG,11.722038,21.061428
1436,Nakuru Farm Site 1436,farm,677 Meyers Rue,Nakuru,KE,4.178334,40.722704
1437,Kisumu Farm Site 1437,farm,666 Christina Rest,Kisumu,KE,7.752104,6.212429
1438,Mombasa Farm Site 1438,farm,12100 John Meadows Suite 782,Mombasa,KE,6.182213,39.663794
1439,Port Harcourt Farm Site 1439,farm,963 Ronnie Road Suite 675,Port Harcourt,NG,10.47031,31.720016
1440,Abuja Farm Site 1440,farm,96215 Harrison Falls,Abuja,NG,13.305981,30.010589
1441,Tamale Farm Site 1441,farm,7580 Edward Causeway,Tamale,GH,9.848804,22.752806
1442,Tamale Farm Site 1442,farm,477 Osborne Green,Tamale,GH,6.481842,36.840079
1443,Port Harcourt Farm Site 1443,farm,77637 Fernandez Rapids Suite 641,Port Harcourt,NG,12.111387,9.680805
1444,Kano Farm Site 1444,farm,13659 Nash Shoal Apt. 553,Kano,NG,6.318221,15.023792
1445,Port Harcourt Farm Site 1445,farm,0825 Bentley Key,Port Harcourt,NG,4.95982,-2.847892
1446,Tamale Farm Site 1446,farm,3269 Jennifer Forges Suite 486,Tamale,GH,11.823543,3.359417
1447,Port Harcourt Farm Site 1447,farm,04703 Harris Place Apt. 255,Port Harcourt,NG,10.569788,27.817135
1448,Mombasa Farm Site 1448,farm,01260 Mack Route,Mombasa,KE,13.310908,3.645623
1449,Abuja Farm Site 1449,farm,9015 Tiffany Unions,Abuja,NG,8.042504,35.048682
1450,Accra Farm Site 1450,farm,8734 Adams Light Apt. 725,Accra,GH,10.668066,14.132237
1451,Lagos Farm Site 1451,farm,74831 Laura Points Apt. 288,Lagos,NG,4.128685,-2.559505
1452,Uyo Farm Site 1452,farm,198 Lopez Underpass,Uyo,NG,9.768652,1.530539
1453,Lagos Farm Site 1453,farm,895 Martin Forest,Lagos,NG,13.16162,21.518155
1454,Tamale Farm Site 1454,farm,96735 Jones Cliff Apt. 601,Tamale,GH,10.037392,13.077436
1455,Takoradi Farm Site 1455,farm,2222 Le Via Suite 826,Takoradi,GH,5.195761,13.011493
1456,Uyo Farm Site 1456,farm,969 Perry Garden,Uyo,NG,9.015121,-2.872831
1457,Enugu Farm Site 1457,farm,12803 Garcia Shoal Apt. 284,Enugu,NG,10.879564,8.338827
1458,Uyo Farm Site 1458,farm,744 Martin Rue,Uyo,NG,11.984669,18.678949
1459,Benin City Farm Site 1459,farm,7335 Young Circle Apt. 390,Benin City,NG,12.842385,0.253521
1460,Accra Farm Site 1460,farm,18230 Taylor Centers,Accra,GH,9.380017,36.319273
1461,Kano Farm Site 1461,farm,0253 Smith Hills Suite 610,Kano,NG,13.386036,16.240435
1462,Lagos Farm Site 1462,farm,713 Garcia Club Apt. 928,Lagos,NG,12.124675,16.627298
1463,Lagos Farm Site 1463,farm,749 Lutz Rue,Lagos,NG,12.240911,38.471811
1464,Uyo Farm Site 1464,farm,709 Teresa Drive Suite 288,Uyo,NG,9.479868,27.66313
1465,Accra Farm Site 1465,farm,280 Paula Terrace,Accra,GH,12.086666,15.287692
1466,Kumasi Farm Site 1466,farm,94675 Diana Extension Suite 832,Kumasi,GH,6.667164,27.254195
1467,Lagos Farm Site 1467,farm,5394 Smith Drives Apt. 782,Lagos,NG,6.070296,29.396102
1468,Tamale Farm Site 1468,farm,481 Merritt Highway,Tamale,GH,8.298414,8.515366
1469,Benin City Farm Site 1469,farm,124 Mathew Islands Apt. 683,Benin City,NG,11.722169,4.151874
1470,Kumasi Farm Site 1470,farm,84639 Rivera Brook Suite 659,Kumasi,GH,4.697726,34.533189
1471,Takoradi Farm Site 1471,farm,76654 Michael Mills Apt. 706,Takoradi,GH,10.855691,18.240946
1472,Benin City Farm Site 1472,farm,130 Donald Trail Apt. 734,Benin City,NG,4.744326,26.469119
1473,Kisumu Farm Site 1473,farm,49679 Jesse Stravenue Suite 440,Kisumu,KE,7.361493,2.275877
1474,Port Harcourt Farm Site 1474,farm,3058 Robinson Plains Suite 530,Port Harcourt,NG,9.845363,25.145777
1475,Takoradi Farm Site 1475,farm,83887 Johnson Ridge,Takoradi,GH,7.574258,8.828327
1476,Ibadan Farm Site 1476,farm,548 Megan Square,Ibadan,NG,6.01932,35.668182
1477,Kano Farm Site 1477,farm,473 Jessica Gardens Suite 938,Kano,NG,8.778103,31.37848
1478,Takoradi Farm Site 1478,farm,40838 Leslie Harbor Apt. 236,Takoradi,GH,9.134554,11.478946
1479,Enugu Farm Site 1479,farm,158 Randy Prairie,Enugu,NG,6.958598,26.301363
1480,Abuja Farm Site 1480,farm,124 Porter Ford Suite 100,Abuja,NG,10.731371,10.531511
1481,Uyo Farm Site 1481,farm,3257 Dominique Creek Suite 473,Uyo,NG,9.366675,6.509523
1482,Uyo Farm Site 1482,farm,1743 Booth Pass,Uyo,NG,5.733175,26.562742
1483,Ibadan Farm Site 1483,farm,779 Jerry Square,Ibadan,NG,8.242935,6.46479
1484,Kano Farm Site 1484,farm,72972 Garcia Tunnel Suite 186,Kano,NG,12.62024,8.243065
1485,Tamale Farm Site 1485,farm,2787 Tommy Viaduct Apt. 049,Tamale,GH,10.681405,29.558427
1486,Ibadan Farm Site 1486,farm,81711 Douglas Street Apt. 283,Ibadan,NG,6.767453,26.696052
1487,Kano Farm Site 1487,farm,25768 Miller Avenue Apt. 375,Kano,NG,9.669903,40.982859
1488,Tamale Farm Site 1488,farm,9925 Duane Stravenue Apt. 304,Tamale,GH,4.460203,27.791747
1489,Kano Farm Site 1489,farm,286 Nancy Mews,Kano,NG,9.363572,21.445216
1490,Kano Farm Site 1490,farm,361 Williams Freeway,Kano,NG,7.698144,22.320999
1491,Benin City Farm Site 1491,farm,6656 Mccullough Burg,Benin City,NG,13.242626,-2.556507
1492,Accra Farm Site 1492,farm,80415 Nelson Groves Suite 104,Accra,GH,8.720376,-3.049366
1493,Lagos Farm Site 1493,farm,641 Kent Brook,Lagos,NG,10.498292,27.932637
1494,Kumasi Farm Site 1494,farm,80833 Nathan Inlet Suite 911,Kumasi,GH,4.508192,20.051941
1495,Abuja Farm Site 1495,farm,492 Leonard Forge,Abuja,NG,6.978261,-0.23322
1496,Benin City Farm Site 1496,farm,26958 Fowler Neck Suite 240,Benin City,NG,7.375752,6.334245
1497,Enugu Farm Site 1497,farm,895 Erin Junctions Suite 152,Enugu,NG,9.714998,4.083953
1498,Tamale Farm Site 1498,farm,48826 Mills Valley,Tamale,GH,8.54726,11.45454
1499,Enugu Farm Site 1499,farm,87864 Lynn Walks,Enugu,NG,4.645122,37.139387
1500,Port Harcourt Farm Site 1500,farm,35876 Jackson Underpass,Port Harcourt,NG,10.997159,15.580891
1501,Takoradi Farm Site 1501,farm,7249 Howard Views,Takoradi,GH,6.893739,-0.725417
1502,Takoradi Farm Site 1502,farm,9306 Rivera Village Apt. 440,Takoradi,GH,13.279967,-0.959575
1503,Benin City Farm Site 1503,farm,947 Olsen Route,Benin City,NG,8.102436,-0.11021
1504,Uyo Farm Site 1504,farm,126 Brian Plaza Apt. 337,Uyo,NG,6.006763,20.235276
1505,Uyo Farm Site 1505,farm,37305 Karen Ridge,Uyo,NG,11.339701,15.363317
1506,Abuja Farm Site 1506,farm,4919 Jennifer Union Apt. 352,Abuja,NG,13.38467,13.744128
1507,Ibadan Farm Site 1507,farm,613 Washington Path Suite 841,Ibadan,NG,12.945424,36.483826
1508,Mombasa Farm Site 1508,farm,302 Justin Stream Apt. 450,Mombasa,KE,5.421127,10.982482
1509,Ibadan Farm Site 1509,farm,09029 Michele Plaza,Ibadan,NG,13.40065,27.366261
1510,Ibadan Farm Site 1510,farm,061 Anna Overpass,Ibadan,NG,4.911499,31.443251
1511,Accra Farm Site 1511,farm,56578 Christopher Valleys,Accra,GH,5.688993,36.653743
1512,Port Harcourt Farm Site 1512,farm,9120 James Park Apt. 845,Port Harcourt,NG,4.395983,6.235173
1513,Ibadan Farm Site 1513,farm,36350 Sandra Mountain,Ibadan,NG,5.613546,22.867278
1514,Benin City Farm Site 1514,farm,1046 Mary Walk,Benin City,NG,12.695883,13.865477
1515,Lagos Farm Site 1515,farm,22686 Smith Meadow,Lagos,NG,12.955752,31.868252
1516,Nairobi Farm Site 1516,farm,78920 Young Streets,Nairobi,KE,11.495673,17.922168
1517,Benin City Farm Site 1517,farm,878 Haynes Brook Suite 870,Benin City,NG,6.561486,5.794447
1518,Ibadan Farm Site 1518,farm,40952 Oconnor Burgs Suite 154,Ibadan,NG,9.229825,9.181725
1519,Kano Farm Site 1519,farm,928 Meadows Burgs Apt. 889,Kano,NG,9.396589,-2.688903
1520,Uyo Farm Site 1520,farm,4082 Velez Square,Uyo,NG,5.980611,6.169833
1521,Lagos Farm Site 1521,farm,21440 Julie Lodge,Lagos,NG,11.409904,17.548844
1522,Benin City Farm Site 1522,farm,88887 Jennifer Cove Apt. 830,Benin City,NG,6.329223,27.186084
1523,Kano Farm Site 1523,farm,97903 Molly Row,Kano,NG,12.210939,-0.873152
1524,Abuja Farm Site 1524,farm,419 Fisher Islands Apt. 664,Abuja,NG,10.425059,23.235918
1525,Uyo Farm Site 1525,farm,691 Evans Views Apt. 189,Uyo,NG,13.03463,20.428379
1526,Benin City Farm Site 1526,farm,4312 Shannon Loop Apt. 688,Benin City,NG,4.791877,25.360218
1527,Takoradi Farm Site 1527,farm,59705 Johnson Way,Takoradi,GH,12.381302,9.535164
1528,Lagos Farm Site 1528,farm,6021 Thomas Estates,Lagos,NG,7.254009,-0.790982
1529,Uyo Farm Site 1529,farm,476 Mary Pass,Uyo,NG,11.44699,23.251209
1530,Tamale Farm Site 1530,farm,88806 Hudson Crossing,Tamale,GH,6.596442,21.557627
1531,Ibadan Farm Site 1531,farm,752 Hays Villages Apt. 213,Ibadan,NG,5.592665,8.38764
1532,Uyo Farm Site 1532,farm,29866 Fitzpatrick Track Suite 778,Uyo,NG,9.622779,34.027253
1533,Nakuru Farm Site 1533,farm,560 Jason Wells Apt. 156,Nakuru,KE,5.636214,40.181179
1534,Abuja Farm Site 1534,farm,372 Carson Cliff Suite 472,Abuja,NG,4.822529,14.329815
1535,Kumasi Farm Site 1535,farm,817 Johnson Ways Suite 791,Kumasi,GH,8.284869,14.591257
1536,Accra Farm Site 1536,farm,349 Melanie Burgs Apt. 732,Accra,GH,7.761575,6.531929
1537,Kano Farm Site 1537,farm,7637 Hughes Knolls,Kano,NG,4.217107,6.982056
1538,Kumasi Farm Site 1538,farm,7024 Andre Ford Suite 145,Kumasi,GH,5.656773,32.630085
1539,Benin City Farm Site 1539,farm,736 Mary River,Benin City,NG,9.716249,16.744856
1540,Takoradi Farm Site 1540,farm,65664 Jonathan Spurs Suite 409,Takoradi,GH,6.479977,6.5311
1541,Benin City Farm Site 1541,farm,865 Crystal Fall Suite 108,Benin City,NG,8.832663,8.424687
1542,Lagos Farm Site 1542,farm,448 Coffey Prairie Apt. 504,Lagos,NG,4.484449,19.649387
1543,Takoradi Farm Site 1543,farm,84242 Jessica Points Apt. 264,Takoradi,GH,9.238812,25.037012
1544,Mombasa Farm Site 1544,farm,89466 Kenneth Trace,Mombasa,KE,6.082288,28.418176
1545,Uyo Farm Site 1545,farm,67029 Smith Route Apt. 478,Uyo,NG,4.046442,17.515296
1546,Benin City Farm Site 1546,farm,72141 Duffy Island Apt. 606,Benin City,NG,11.861461,0.529481
1547,Ibadan Farm Site 1547,farm,52402 Murray Landing,Ibadan,NG,11.092157,4.669268
1548,Uyo Farm Site 1548,farm,5546 Brenda Island,Uyo,NG,5.76456,0.623743
1549,Enugu Farm Site 1549,farm,9570 Michelle Pass Apt. 547,Enugu,NG,9.061685,22.463546
1550,Enugu Farm Site 1550,farm,97750 Fleming Square,Enugu,NG,10.788111,4.193488
1551,Uyo Farm Site 1551,farm,783 Jimenez Road Suite 284,Uyo,NG,8.816892,8.932035
1552,Abuja Farm Site 1552,farm,434 Michael Trail Suite 559,Abuja,NG,13.007207,39.849071
1553,Kano Farm Site 1553,farm,31119 Rogers Station Apt. 143,Kano,NG,13.293899,36.641989
1554,Abuja Farm Site 1554,farm,0999 Brown Mountain Suite 496,Abuja,NG,8.710515,32.293905
1555,Abuja Farm Site 1555,farm,5093 Audrey Square Suite 578,Abuja,NG,12.064814,34.007943
1556,Port Harcourt Farm Site 1556,farm,903 Rasmussen Pines Apt. 108,Port Harcourt,NG,4.238463,12.521492
1557,Abuja Farm Site 1557,farm,1998 Contreras Expressway Suite 940,Abuja,NG,10.461118,12.611311
1558,Abuja Farm Site 1558,farm,544 Ferguson Station,Abuja,NG,5.597868,3.310487
1559,Benin City Farm Site 1559,farm,45265 Raven Highway Apt. 998,Benin City,NG,4.07248,26.111463
1560,Port Harcourt Farm Site 1560,farm,75156 Vanessa Island,Port Harcourt,NG,7.708946,35.857733
1561,Abuja Farm Site 1561,farm,3115 Kelly River,Abuja,NG,13.274866,26.688988
1562,Port Harcourt Farm Site 1562,farm,49528 Pierce Summit,Port Harcourt,NG,11.172281,3.474838
1563,Benin City Farm Site 1563,farm,4935 Jensen Manor,Benin City,NG,6.435282,37.459363
1564,Ibadan Farm Site 1564,farm,582 Jacob Green,Ibadan,NG,12.297724,17.872069
1565,Benin City Farm Site 1565,farm,05180 Hunter Locks,Benin City,NG,5.060195,32.609903
1566,Enugu Farm Site 1566,farm,24093 Pope Shores,Enugu,NG,12.126394,37.899312
1567,Enugu Farm Site 1567,farm,7353 Emily Knoll Suite 455,Enugu,NG,8.607777,26.042201
1568,Benin City Farm Site 1568,farm,42351 Pamela Center Apt. 065,Benin City,NG,5.516856,29.973563
1569,Abuja Farm Site 1569,farm,22186 Hector Hills Suite 765,Abuja,NG,6.022429,33.588303
1570,Port Harcourt Farm Site 1570,farm,3911 Caldwell Parks Suite 977,Port Harcourt,NG,4.5339,25.656783
1571,Abuja Farm Site 1571,farm,588 Blanchard Stream Suite 692,Abuja,NG,8.269099,1.047801
1572,Takoradi Farm Site 1572,farm,49890 Calhoun Glen,Takoradi,GH,13.491547,21.03714
1573,Ibadan Farm Site 1573,farm,2522 Tiffany Route,Ibadan,NG,6.554316,-0.943437
1574,Tamale Farm Site 1574,farm,73809 Kenneth Centers,Tamale,GH,4.143805,25.335179
1575,Port Harcourt Farm Site 1575,farm,8887 Christian Views Apt. 451,Port Harcourt,NG,4.427076,1.120199
1576,Kumasi Farm Site 1576,farm,59380 Kevin Gardens,Kumasi,GH,8.408239,-0.684324
1577,Ibadan Farm Site 1577,farm,0430 Bryant Tunnel,Ibadan,NG,4.081024,26.817649
1578,Accra Farm Site 1578,farm,13725 Steven Ranch Suite 574,Accra,GH,13.14856,35.959549
1579,Kumasi Farm Site 1579,farm,0442 Weber Lake,Kumasi,GH,11.39565,31.311457
1580,Benin City Farm Site 1580,farm,6967 Owens Divide Apt. 296,Benin City,NG,12.21444,31.528124
1581,Takoradi Farm Site 1581,farm,706 Morgan Estates Apt. 254,Takoradi,GH,10.401636,34.139655
1582,Port Harcourt Farm Site 1582,farm,8802 Travis Place,Port Harcourt,NG,4.514655,35.053629
1583,Ibadan Farm Site 1583,farm,3993 Shelby Mall,Ibadan,NG,4.850568,25.960267
1584,Tamale Farm Site 1584,farm,75134 Andrew Run Apt. 428,Tamale,GH,11.701648,35.361702
1585,Uyo Farm Site 1585,farm,837 Green Lodge Suite 533,Uyo,NG,5.223861,0.980262
1586,Ibadan Farm Site 1586,farm,8850 Mary Station,Ibadan,NG,5.407108,34.786696
1587,Uyo Farm Site 1587,farm,30279 Gavin Roads,Uyo,NG,8.392221,17.953885
1588,Tamale Farm Site 1588,farm,841 Shelley Village Suite 444,Tamale,GH,7.565963,3.976152
1589,Nakuru Farm Site 1589,farm,04543 Nichols Garden Suite 607,Nakuru,KE,8.943777,38.413511
1590,Lagos Farm Site 1590,farm,2082 Bethany Way,Lagos,NG,4.195374,14.44224
1591,Benin City Farm Site 1591,farm,646 Wood Pass,Benin City,NG,5.07863,7.442668
1592,Kano Farm Site 1592,farm,560 Brandi Plain,Kano,NG,12.903539,11.334195
1593,Benin City Farm Site 1593,farm,353 Jennifer Ways,Benin City,NG,7.455035,10.802321
1594,Benin City Farm Site 1594,farm,44372 Smith Shores,Benin City,NG,9.22474,27.750674
1595,Takoradi Farm Site 1595,farm,74722 Moreno Mission,Takoradi,GH,8.507157,12.413003
1596,Lagos Farm Site 1596,farm,0948 Owens River,Lagos,NG,6.046873,35.806346
1597,Enugu Farm Site 1597,farm,93265 Zimmerman Haven Suite 636,Enugu,NG,7.153696,8.212451
1598,Accra Farm Site 1598,farm,412 Bennett Ford Suite 851,Accra,GH,13.458827,21.595843
1599,Port Harcourt Farm Site 1599,farm,644 Jennifer Turnpike,Port Harcourt,NG,10.818923,21.424553
1600,Lagos Farm Site 1600,farm,284 George Vista Suite 012,Lagos,NG,5.343434,-2.007843
1601,Lagos Farm Site 1601,farm,46424 Melissa Roads Suite 277,Lagos,NG,10.191671,16.620502
1602,Uyo Farm Site 1602,farm,7967 Barron Springs Suite 906,Uyo,NG,10.098197,33.948018
1603,Uyo Farm Site 1603,farm,79044 Brittany Glen,Uyo,NG,11.263194,36.268999
1604,Accra Farm Site 1604,farm,863 Danielle Passage Suite 223,Accra,GH,13.396511,-2.708317
1605,Kumasi Farm Site 1605,farm,872 Jennings Lights,Kumasi,GH,11.844051,10.169523
1606,Abuja Farm Site 1606,farm,547 Conner Isle,Abuja,NG,9.475385,8.634596
1607,Ibadan Farm Site 1607,farm,7758 Henderson Alley Suite 889,Ibadan,NG,5.207239,24.011149
1608,Nakuru Farm Site 1608,farm,69111 Brenda Heights,Nakuru,KE,7.70265,30.074146
1609,Kumasi Farm Site 1609,farm,99198 Keith Ports,Kumasi,GH,7.868523,13.685555
1610,Benin City Farm Site 1610,farm,162 Palmer Junction,Benin City,NG,4.242639,28.478633
1611,Lagos Farm Site 1611,farm,54086 Delgado Island Suite 670,Lagos,NG,9.075806,7.250193
1612,Abuja Farm Site 1612,farm,93149 Kenneth Rest Apt. 709,Abuja,NG,12.421749,1.294255
1613,Kumasi Farm Site 1613,farm,49564 Christopher Mission,Kumasi,GH,5.258198,26.889488
1614,Tamale Farm Site 1614,farm,43953 Jordan View,Tamale,GH,12.013412,16.507617
1615,Uyo Farm Site 1615,farm,725 Lloyd Park Apt. 315,Uyo,NG,11.120534,18.308986
1616,Port Harcourt Farm Site 1616,farm,06070 Webb Brook,Port Harcourt,NG,10.336757,34.440345
1617,Uyo Farm Site 1617,farm,60522 Nathaniel Station Apt. 567,Uyo,NG,12.451514,0.279267
1618,Abuja Farm Site 1618,farm,49675 Moore Route,Abuja,NG,11.080803,13.8233
1619,Kano Farm Site 1619,farm,929 Bradley Locks Suite 835,Kano,NG,13.302462,34.471842
1620,Port Harcourt Farm Site 1620,farm,570 Betty Hill Apt. 926,Port Harcourt,NG,5.704824,39.41822
1621,Nairobi Farm Site 1621,farm,138 Kelly Cove,Nairobi,KE,5.432873,4.85811
1622,Accra Farm Site 1622,farm,46838 Greer Springs Suite 071,Accra,GH,9.537661,8.911971
1623,Nakuru Farm Site 1623,farm,927 Garcia Lane Apt. 660,Nakuru,KE,9.269295,35.599584
1624,Enugu Farm Site 1624,farm,225 Hooper Row Apt. 534,Enugu,NG,8.513117,13.124506
1625,Kisumu Farm Site 1625,farm,0261 James Fort Apt. 468,Kisumu,KE,5.108283,39.913332
1626,Uyo Farm Site 1626,farm,79798 Kimberly Springs,Uyo,NG,6.078603,23.652247
1627,Kano Farm Site 1627,farm,798 Edwin Pine,Kano,NG,12.792877,36.311082
1628,Kumasi Farm Site 1628,farm,118 Smith Streets Suite 356,Kumasi,GH,10.482375,18.203443
1629,Port Harcourt Farm Site 1629,farm,61486 Amber Via Suite 342,Port Harcourt,NG,11.349742,37.51645
1630,Lagos Farm Site 1630,farm,72823 Miller Light,Lagos,NG,4.414901,5.23956
1631,Mombasa Farm Site 1631,farm,980 Stewart Mills,Mombasa,KE,6.95988,32.609113
1632,Nairobi Farm Site 1632,farm,4045 Adam Manor,Nairobi,KE,4.411743,17.320544
1633,Lagos Farm Site 1633,farm,7317 Hernandez Lodge Apt. 446,Lagos,NG,7.413869,17.528771
1634,Benin City Farm Site 1634,farm,3438 Edwards Fall,Benin City,NG,12.522623,25.952448
1635,Lagos Farm Site 1635,farm,91774 Geoffrey Springs Suite 748,Lagos,NG,7.126018,32.990224
1636,Abuja Farm Site 1636,farm,6142 Davenport Locks,Abuja,NG,6.744887,-2.516249
1637,Benin City Farm Site 1637,farm,29011 Johnson Flat,Benin City,NG,13.280992,0.256052
1638,Nairobi Farm Site 1638,farm,50451 Rodriguez Landing,Nairobi,KE,6.355173,37.32116
1639,Uyo Farm Site 1639,farm,7834 Adams Locks,Uyo,NG,13.383675,12.86198
1640,Kano Farm Site 1640,farm,1652 Gregory Stream,Kano,NG,6.9062,7.197463
1641,Kano Farm Site 1641,farm,089 Shelton Rest Suite 568,Kano,NG,12.025347,5.131198
1642,Nakuru Farm Site 1642,farm,57585 Christina Center,Nakuru,KE,7.666794,-2.557081
1643,Port Harcourt Farm Site 1643,farm,57801 Eric Highway,Port Harcourt,NG,11.328975,9.531194
1644,Ibadan Farm Site 1644,farm,507 John Extension,Ibadan,NG,12.570996,31.882295
1645,Enugu Farm Site 1645,farm,742 Evans Point,Enugu,NG,10.674282,-1.92731
1646,Takoradi Farm Site 1646,farm,000 Thompson Plains Apt. 581,Takoradi,GH,13.20198,12.211562
1647,Port Harcourt Farm Site 1647,farm,709 Vargas Freeway,Port Harcourt,NG,7.930267,7.50349
1648,Ibadan Farm Site 1648,farm,08385 Anna Ramp,Ibadan,NG,10.338971,23.151507
1649,Lagos Farm Site 1649,farm,44489 Felicia Estates,Lagos,NG,6.862076,-1.85316
1650,Lagos Farm Site 1650,farm,49623 Julia Spurs,Lagos,NG,9.452,-0.246961
1651,Mombasa Farm Site 1651,farm,314 Morales Pike,Mombasa,KE,12.544269,15.311341
1652,Benin City Farm Site 1652,farm,03786 John Village,Benin City,NG,11.297781,-0.682349
1653,Ibadan Farm Site 1653,farm,349 Conrad Villages Apt. 940,Ibadan,NG,6.104178,14.3702
1654,Port Harcourt Farm Site 1654,farm,5470 Allen Mill Suite 581,Port Harcourt,NG,11.501121,7.228622
1655,Enugu Farm Site 1655,farm,68307 Adams Turnpike Apt. 223,Enugu,NG,4.983827,6.207505
1656,Ibadan Farm Site 1656,farm,6095 Gina Track,Ibadan,NG,12.224256,22.597306
1657,Benin City Farm Site 1657,farm,3204 Mary Garden,Benin City,NG,7.905405,36.918666
1658,Accra Farm Site 1658,farm,50928 Logan Ways,Accra,GH,5.327771,-0.421694
1659,Abuja Farm Site 1659,farm,71513 Powell Viaduct,Abuja,NG,7.113646,15.663107
1660,Uyo Farm Site 1660,farm,232 Ball Unions Apt. 931,Uyo,NG,10.294664,-2.632708
1661,Kano Farm Site 1661,farm,7576 Dennis Extension Suite 975,Kano,NG,12.150572,5.816825
1662,Accra Farm Site 1662,farm,071 Caitlin Trail,Accra,GH,10.94548,13.118753
1663,Kano Farm Site 1663,farm,04291 Guerrero Springs,Kano,NG,12.462055,12.928913
1664,Tamale Farm Site 1664,farm,6676 Bullock Squares Suite 988,Tamale,GH,13.310964,18.772637
1665,Accra Farm Site 1665,farm,471 Kelly Terrace Apt. 277,Accra,GH,7.04459,19.325104
1666,Kumasi Farm Site 1666,farm,7377 Matthew Green Apt. 974,Kumasi,GH,7.618721,-2.842983
1667,Kano Farm Site 1667,farm,590 Jackson Trace Suite 014,Kano,NG,11.356243,18.658361
1668,Abuja Farm Site 1668,farm,1671 Brown Haven,Abuja,NG,9.916581,38.481487
1669,Kano Farm Site 1669,farm,293 Rebecca Terrace,Kano,NG,13.385298,10.216214
1670,Kano Farm Site 1670,farm,10419 Young Stream Apt. 131,Kano,NG,10.317843,6.680804
1671,Nairobi Farm Site 1671,farm,3494 Heather Field Suite 412,Nairobi,KE,6.777132,29.874213
1672,Lagos Farm Site 1672,farm,7760 Edward Crossing,Lagos,NG,5.982151,15.556607
1673,Ibadan Farm Site 1673,farm,624 Sims Landing Suite 161,Ibadan,NG,7.779482,12.166923
1674,Ibadan Farm Site 1674,farm,647 Laura Estates,Ibadan,NG,10.986105,19.826665
1675,Kumasi Farm Site 1675,farm,244 Karen Circle Suite 038,Kumasi,GH,11.48862,5.630558
1676,Kumasi Farm Site 1676,farm,167 Ford Lock,Kumasi,GH,6.610597,11.795019
1677,Uyo Farm Site 1677,farm,61406 Stacey Hill Suite 556,Uyo,NG,8.239572,0.345722
1678,Kumasi Farm Site 1678,farm,661 Young Divide,Kumasi,GH,7.785923,35.057497
1679,Uyo Farm Site 1679,farm,90502 Gail Center Suite 162,Uyo,NG,8.282037,6.010836
1680,Benin City Farm Site 1680,farm,4818 Lisa View,Benin City,NG,12.338149,10.522842
1681,Benin City Farm Site 1681,farm,869 Michael Plains,Benin City,NG,9.888788,28.950373
1682,Lagos Farm Site 1682,farm,9884 Mary Coves,Lagos,NG,12.777633,40.336935
1683,Uyo Farm Site 1683,farm,3258 Heidi Place Suite 968,Uyo,NG,6.025285,36.813471
1684,Abuja Farm Site 1684,farm,913 Richard Ville Suite 418,Abuja,NG,7.728178,38.587806
1685,Benin City Farm Site 1685,farm,4568 Kevin Curve Apt. 973,Benin City,NG,6.187364,33.098522
1686,Enugu Farm Site 1686,farm,9672 Jonathan Radial,Enugu,NG,6.328342,6.066969
1687,Uyo Farm Site 1687,farm,11080 Holly Streets,Uyo,NG,12.404676,25.070219
1688,Mombasa Farm Site 1688,farm,8925 Kaitlyn Squares,Mombasa,KE,9.152342,7.95342
1689,Lagos Farm Site 1689,farm,28054 Morgan Vista Apt. 602,Lagos,NG,8.192548,11.951347
1690,Nakuru Farm Site 1690,farm,74533 Wesley Island,Nakuru,KE,7.497702,20.327381
1691,Lagos Farm Site 1691,farm,274 Castillo Turnpike Apt. 068,Lagos,NG,8.087527,35.764764
1692,Benin City Farm Site 1692,farm,96801 Michelle Land,Benin City,NG,13.400532,25.626332
1693,Nakuru Farm Site 1693,farm,312 Autumn Dam Apt. 476,Nakuru,KE,4.091181,30.274612
1694,Ibadan Farm Site 1694,farm,162 Walker Plains,Ibadan,NG,11.41326,4.555019
1695,Kano Farm Site 1695,farm,33017 Osborn Drive,Kano,NG,10.482152,35.766729
1696,Takoradi Farm Site 1696,farm,9270 Jillian Trafficway Suite 202,Takoradi,GH,12.944786,34.02628
1697,Benin City Farm Site 1697,farm,119 Sandra Row,Benin City,NG,4.202177,28.004496
1698,Benin City Farm Site 1698,farm,429 Hicks Garden,Benin City,NG,13.221269,10.36021
1699,Abuja Farm Site 1699,farm,51525 Gutierrez Landing,Abuja,NG,8.198745,16.067428
1700,Tamale Farm Site 1700,farm,92656 Knox Port Suite 128,Tamale,GH,5.00438,4.881415
1701,Enugu Farm Site 1701,farm,22929 Harris River Apt. 651,Enugu,NG,10.996776,9.559113
1702,Ibadan Farm Site 1702,farm,2504 Mendez Forks Apt. 487,Ibadan,NG,12.072962,-2.846796
1703,Kano Farm Site 1703,farm,2136 Walker Square,Kano,NG,10.168489,-1.098755
1704,Kisumu Farm Site 1704,farm,494 Daniel View,Kisumu,KE,5.793951,6.943135
1705,Ibadan Farm Site 1705,farm,67254 Oconnor Locks,Ibadan,NG,6.886276,13.517028
1706,Lagos Farm Site 1706,farm,452 Walters Freeway,Lagos,NG,10.062158,34.305706
1707,Uyo Farm Site 1707,farm,42228 Michelle Cove Suite 871,Uyo,NG,9.017266,30.821825
1708,Ibadan Farm Site 1708,farm,30675 Francis Park,Ibadan,NG,11.736232,29.811952
1709,Ibadan Farm Site 1709,farm,4927 Conrad Parkway,Ibadan,NG,4.433951,40.382849
1710,Nairobi Farm Site 1710,farm,968 Lucas Hill Suite 443,Nairobi,KE,13.389741,31.181671
1711,Lagos Farm Site 1711,farm,712 Dickson Plains,Lagos,NG,10.208749,36.058354
1712,Tamale Farm Site 1712,farm,1912 Johnathan Spur Apt. 779,Tamale,GH,8.590454,30.543184
1713,Abuja Farm Site 1713,farm,6908 Whitney Springs Apt. 537,Abuja,NG,6.274109,21.712828
1714,Ibadan Farm Site 1714,farm,36743 Erin Stravenue,Ibadan,NG,13.149454,28.280143
1715,Takoradi Farm Site 1715,farm,47086 Alexander Village Apt. 477,Takoradi,GH,4.628565,12.213779
1716,Port Harcourt Farm Site 1716,farm,044 Angela Plains,Port Harcourt,NG,6.47267,8.313528
1717,Kano Farm Site 1717,farm,1983 Michele Vista Apt. 866,Kano,NG,10.666047,20.011952
1718,Benin City Farm Site 1718,farm,13919 Rodriguez Green,Benin City,NG,5.078788,15.14983
1719,Benin City Farm Site 1719,farm,9260 Scott Route Suite 996,Benin City,NG,7.606166,5.116645
1720,Port Harcourt Farm Site 1720,farm,922 Jennifer Gardens,Port Harcourt,NG,5.675784,37.268859
1721,Lagos Farm Site 1721,farm,11498 Hill Forest Apt. 971,Lagos,NG,12.227085,7.664711
1722,Lagos Farm Site 1722,farm,72645 Jacob Street,Lagos,NG,12.954666,7.6391
1723,Port Harcourt Farm Site 1723,farm,11904 Young Motorway,Port Harcourt,NG,4.153828,19.272856
1724,Kumasi Farm Site 1724,farm,66109 Jessica Bypass,Kumasi,GH,12.026187,13.096893
1725,Mombasa Farm Site 1725,farm,38985 Steven Centers,Mombasa,KE,13.424071,30.58524
1726,Ibadan Farm Site 1726,farm,4097 Allen Coves Apt. 250,Ibadan,NG,5.135737,-2.725819
1727,Uyo Farm Site 1727,farm,3113 Oneal Mill Suite 365,Uyo,NG,6.28448,-0.17058
1728,Ibadan Farm Site 1728,farm,3294 Burgess Road,Ibadan,NG,6.08336,12.975545
1729,Enugu Farm Site 1729,farm,80444 Hill Turnpike,Enugu,NG,7.433908,34.708638
1730,Mombasa Farm Site 1730,farm,84353 Ramirez Prairie Apt. 852,Mombasa,KE,11.810007,26.094152
1731,Port Harcourt Farm Site 1731,farm,8545 Samantha Burg Apt. 726,Port Harcourt,NG,9.403253,-1.957058
1732,Abuja Farm Site 1732,farm,8849 Moore Centers Apt. 910,Abuja,NG,9.504324,-3.118879
1733,Accra Farm Site 1733,farm,14742 Robert Center,Accra,GH,7.564646,10.086254
1734,Port Harcourt Farm Site 1734,farm,7879 Nathaniel Forge Apt. 071,Port Harcourt,NG,9.567264,15.554823
1735,Tamale Farm Site 1735,farm,59693 Michael Crest Suite 569,Tamale,GH,5.272479,18.961059
1736,Abuja Farm Site 1736,farm,997 Lewis Forks,Abuja,NG,5.80489,35.663749
1737,Tamale Farm Site 1737,farm,214 Moran Trace Suite 528,Tamale,GH,5.096731,15.416933
1738,Accra Farm Site 1738,farm,3872 Grant Center Apt. 479,Accra,GH,4.890061,17.003228
1739,Enugu Farm Site 1739,farm,5584 Anthony Ranch,Enugu,NG,4.597683,5.794652
1740,Lagos Farm Site 1740,farm,78641 Tracie Skyway,Lagos,NG,10.159078,6.926468
1741,Enugu Farm Site 1741,farm,9644 Martinez Walk Apt. 510,Enugu,NG,8.106303,26.083994
1742,Kumasi Farm Site 1742,farm,34043 Katherine Vista Apt. 246,Kumasi,GH,7.168873,17.003882
1743,Kumasi Farm Site 1743,farm,21320 Wilson Court Apt. 129,Kumasi,GH,7.233393,36.600349
1744,Abuja Farm Site 1744,farm,8550 Stephanie Plains Suite 248,Abuja,NG,10.589497,16.916436
1745,Abuja Farm Site 1745,farm,9503 Jennifer Fort Suite 708,Abuja,NG,5.188146,36.837726
1746,Ibadan Farm Site 1746,farm,4156 Pierce Rue Suite 606,Ibadan,NG,11.324559,37.568188
1747,Uyo Farm Site 1747,farm,8942 Dean Cape Suite 844,Uyo,NG,8.994782,39.015199
1748,Kano Farm Site 1748,farm,5630 Emily Cape,Kano,NG,5.826775,34.866688
1749,Kano Farm Site 1749,farm,290 Julie Plains Suite 903,Kano,NG,12.269158,39.143098
1750,Port Harcourt Farm Site 1750,farm,17575 Stephanie Locks,Port Harcourt,NG,8.735917,3.388682
1751,Enugu Farm Site 1751,farm,9493 Nelson Points Apt. 435,Enugu,NG,4.684968,23.103205
1752,Kano Farm Site 1752,farm,142 Jesus Canyon Apt. 311,Kano,NG,4.047781,24.971225
1753,Lagos Farm Site 1753,farm,5249 Christopher Roads Apt. 109,Lagos,NG,5.461973,26.413827
1754,Tamale Farm Site 1754,farm,31191 Scott Squares Apt. 714,Tamale,GH,5.873245,19.796633
1755,Uyo Farm Site 1755,farm,10234 Johnson Vista Suite 192,Uyo,NG,6.560046,33.458944
1756,Tamale Farm Site 1756,farm,6245 Frederick Spring Suite 881,Tamale,GH,10.306046,35.59108
1757,Uyo Farm Site 1757,farm,463 Matthew Fords Suite 296,Uyo,NG,4.16119,10.702073
1758,Mombasa Farm Site 1758,farm,75150 Joyce Brook,Mombasa,KE,9.642266,0.150145
1759,Kumasi Farm Site 1759,farm,7439 John Walks Apt. 588,Kumasi,GH,9.104091,1.398761
1760,Abuja Farm Site 1760,farm,22209 Hernandez Brook,Abuja,NG,11.729247,33.351018
1761,Abuja Farm Site 1761,farm,73561 Greer Court,Abuja,NG,7.444737,1.692582
1762,Accra Farm Site 1762,farm,45409 Zachary Islands Suite 428,Accra,GH,4.161095,31.542498
1763,Benin City Farm Site 1763,farm,2370 Gary Flat Apt. 940,Benin City,NG,7.620607,14.531013
1764,Enugu Farm Site 1764,farm,2895 Mendez Stream Suite 376,Enugu,NG,13.33636,-0.745368
1765,Port Harcourt Farm Site 1765,farm,283 Krista Highway Apt. 603,Port Harcourt,NG,4.319468,19.63751
1766,Enugu Farm Site 1766,farm,6661 Reeves Walk,Enugu,NG,5.018792,36.141242
1767,Lagos Farm Site 1767,farm,4302 Wong Ways,Lagos,NG,11.675092,10.250503
1768,Kisumu Farm Site 1768,farm,65090 Amanda Springs Suite 375,Kisumu,KE,8.489309,9.626403
1769,Kano Farm Site 1769,farm,13828 Gerald Parks Apt. 277,Kano,NG,8.08125,23.085599
1770,Enugu Farm Site 1770,farm,4053 Rodney Dam Suite 688,Enugu,NG,7.656923,38.124721
1771,Port Harcourt Farm Site 1771,farm,4691 Velasquez Plains Suite 574,Port Harcourt,NG,4.621544,34.079889
1772,Port Harcourt Farm Site 1772,farm,87538 Smith Gateway Apt. 162,Port Harcourt,NG,7.847022,25.486859
1773,Benin City Farm Site 1773,farm,55505 Harper Burgs Suite 769,Benin City,NG,9.666737,29.084684
1774,Ibadan Farm Site 1774,farm,864 Rose Vista,Ibadan,NG,11.729455,3.338782
1775,Uyo Farm Site 1775,farm,2200 Harrison Locks,Uyo,NG,8.934175,26.8606
1776,Tamale Farm Site 1776,farm,563 Lawrence Fall,Tamale,GH,5.47321,-1.896471
1777,Kano Farm Site 1777,farm,31154 Kevin Views,Kano,NG,11.613891,-1.508035
1778,Tamale Farm Site 1778,farm,8432 Robert Manors,Tamale,GH,8.084557,36.122585
1779,Lagos Farm Site 1779,farm,46776 Ashley Forge Suite 476,Lagos,NG,9.658479,4.546465
1780,Port Harcourt Farm Site 1780,farm,85931 Courtney Mountains Suite 273,Port Harcourt,NG,11.676272,31.445688
1781,Abuja Farm Site 1781,farm,7546 Courtney Port,Abuja,NG,5.678091,0.249002
1782,Uyo Farm Site 1782,farm,459 Adams Circles Suite 124,Uyo,NG,8.65195,-0.438763
1783,Mombasa Farm Site 1783,farm,95499 Cooley Garden,Mombasa,KE,11.881805,0.242585
1784,Tamale Farm Site 1784,farm,98086 Valerie Trace,Tamale,GH,7.19622,31.317492
1785,Ibadan Farm Site 1785,farm,8613 Lam Prairie Suite 448,Ibadan,NG,5.405576,39.291009
1786,Lagos Farm Site 1786,farm,6441 Cooper Islands,Lagos,NG,12.410073,15.789619
1787,Nakuru Farm Site 1787,farm,328 Joseph Pine Apt. 915,Nakuru,KE,8.174792,25.694994
1788,Enugu Farm Site 1788,farm,71084 Hayes Walks,Enugu,NG,11.499705,4.625499
1789,Kano Farm Site 1789,farm,64331 Patricia Loop Suite 340,Kano,NG,10.070989,14.372525
1790,Lagos Farm Site 1790,farm,33315 Norris Ranch Suite 663,Lagos,NG,12.296109,16.649343
1791,Uyo Farm Site 1791,farm,58307 Michael Fields,Uyo,NG,10.543656,13.24303
1792,Port Harcourt Farm Site 1792,farm,6113 Robinson Points,Port Harcourt,NG,11.583708,25.47948
1793,Abuja Farm Site 1793,farm,912 Zimmerman Haven,Abuja,NG,7.657638,22.465483
1794,Takoradi Farm Site 1794,farm,9233 Miller Freeway,Takoradi,GH,4.528956,6.966141
1795,Accra Farm Site 1795,farm,25086 Brooks Mall,Accra,GH,8.893894,30.367511
1796,Enugu Farm Site 1796,farm,90899 Pittman Ville,Enugu,NG,5.746967,39.770831
1797,Benin City Farm Site 1797,farm,317 Eric Parks,Benin City,NG,12.716749,2.984375
1798,Kisumu Farm Site 1798,farm,77677 Gibson Ports Apt. 223,Kisumu,KE,4.980547,39.869919
1799,Abuja Farm Site 1799,farm,6971 Alexis Shores,Abuja,NG,11.762105,7.052695
1800,Kisumu Farm Site 1800,farm,89217 Rogers Prairie,Kisumu,KE,10.650585,26.402023
1801,Uyo Farm Site 1801,farm,45580 Nicholas Isle Suite 882,Uyo,NG,11.352994,31.999282
1802,Port Harcourt Farm Site 1802,farm,3607 David Junction,Port Harcourt,NG,9.746538,10.658018
1803,Abuja Farm Site 1803,farm,9150 Bridget Burg Suite 620,Abuja,NG,5.865502,37.299708
1804,Nakuru Farm Site 1804,farm,090 Diana Mountain Apt. 611,Nakuru,KE,7.869306,2.015218
1805,Port Harcourt Farm Site 1805,farm,144 Eric Lodge Apt. 794,Port Harcourt,NG,6.796445,28.786637
1806,Abuja Farm Site 1806,farm,3961 Miles Lights,Abuja,NG,5.527362,33.367023
1807,Benin City Farm Site 1807,farm,07925 James Ramp,Benin City,NG,9.955114,24.167084
1808,Enugu Farm Site 1808,farm,926 Michael Knolls,Enugu,NG,11.467038,2.497618
1809,Benin City Farm Site 1809,farm,281 Emily Extensions,Benin City,NG,4.657429,9.823504
1810,Takoradi Farm Site 1810,farm,019 Crystal Ford,Takoradi,GH,4.280863,23.927747
1811,Port Harcourt Farm Site 1811,farm,16507 Casey Stream Suite 120,Port Harcourt,NG,4.972451,2.610489
1812,Abuja Farm Site 1812,farm,849 Laura Road,Abuja,NG,4.025436,-0.217197
1813,Accra Farm Site 1813,farm,448 Tyler Trail Apt. 391,Accra,GH,4.749994,4.554745
1814,Enugu Farm Site 1814,farm,51710 Smith Green Suite 239,Enugu,NG,13.249461,13.973565
1815,Kano Farm Site 1815,farm,096 Parks Manors Apt. 911,Kano,NG,12.206247,32.975582
1816,Port Harcourt Farm Site 1816,farm,9310 Mathis Mountains Suite 918,Port Harcourt,NG,12.296611,-2.074535
1817,Enugu Farm Site 1817,farm,718 Leonard Ford,Enugu,NG,5.936717,35.213439
1818,Kisumu Farm Site 1818,farm,0720 Bates Expressway,Kisumu,KE,11.931121,23.346376
1819,Lagos Farm Site 1819,farm,7261 Anthony Parkways,Lagos,NG,6.230849,5.592686
1820,Abuja Farm Site 1820,farm,1875 Peter Corners,Abuja,NG,11.019997,8.628634
1821,Ibadan Farm Site 1821,farm,26487 Rios Islands,Ibadan,NG,4.33586,0.937141
1822,Abuja Farm Site 1822,farm,82296 Hill Pines,Abuja,NG,6.961671,18.465101
1823,Port Harcourt Farm Site 1823,farm,5606 Stone Groves,Port Harcourt,NG,12.418033,22.790311
1824,Lagos Farm Site 1824,farm,4407 Estrada Fall Suite 397,Lagos,NG,6.819511,24.556302
1825,Tamale Farm Site 1825,farm,6099 Pugh Viaduct,Tamale,GH,11.661977,4.389756
1826,Uyo Farm Site 1826,farm,8916 Bianca Parkway,Uyo,NG,12.344452,6.851618
1827,Enugu Farm Site 1827,farm,10246 Bruce Inlet,Enugu,NG,12.933294,7.15488
1828,Lagos Farm Site 1828,farm,089 Kelly Ports,Lagos,NG,11.820898,27.395207
1829,Abuja Farm Site 1829,farm,401 Kelly Course Suite 116,Abuja,NG,6.013622,19.74715
1830,Kano Farm Site 1830,farm,665 Mckee Pine Suite 971,Kano,NG,11.499172,11.082974
1831,Uyo Farm Site 1831,farm,6152 Robles Lane Apt. 386,Uyo,NG,12.939029,29.844284
1832,Nakuru Farm Site 1832,farm,43902 Andrea Brook,Nakuru,KE,13.324985,14.451367
1833,Abuja Farm Site 1833,farm,0511 Jacqueline Forge Apt. 857,Abuja,NG,13.039835,22.834586
1834,Kumasi Farm Site 1834,farm,78804 Williams Trail Apt. 053,Kumasi,GH,10.69022,32.885376
1835,Port Harcourt Farm Site 1835,farm,26466 Elizabeth Square Suite 335,Port Harcourt,NG,7.585663,32.102138
1836,Benin City Farm Site 1836,farm,8463 Pennington Prairie,Benin City,NG,12.153709,25.34252
1837,Kano Farm Site 1837,farm,3835 Chandler Village Suite 800,Kano,NG,7.715726,12.546247
1838,Lagos Farm Site 1838,farm,101 Holmes Court Suite 470,Lagos,NG,11.769257,0.787466
1839,Kumasi Farm Site 1839,farm,31666 Smith Roads,Kumasi,GH,7.782029,28.588302
1840,Uyo Farm Site 1840,farm,29311 Krista Place Suite 523,Uyo,NG,8.257349,24.343533
1841,Ibadan Farm Site 1841,farm,32749 Paul Corner,Ibadan,NG,5.122285,37.945364
1842,Benin City Farm Site 1842,farm,75548 Boyer Fords Suite 429,Benin City,NG,7.718181,16.523261
1843,Mombasa Farm Site 1843,farm,8373 Amanda Court Apt. 279,Mombasa,KE,11.27884,37.66953
1844,Abuja Farm Site 1844,farm,321 Golden Lakes,Abuja,NG,11.410723,32.78056
1845,Nairobi Farm Site 1845,farm,848 Erickson Branch,Nairobi,KE,5.273873,23.593521
1846,Tamale Farm Site 1846,farm,6595 Key Mission Apt. 819,Tamale,GH,7.288371,15.306942
1847,Accra Farm Site 1847,farm,491 Destiny Fall,Accra,GH,6.384393,4.191419
1848,Accra Farm Site 1848,farm,15612 Troy Way Apt. 061,Accra,GH,5.07359,31.717408
1849,Nakuru Farm Site 1849,farm,23671 Gordon Lights,Nakuru,KE,8.559728,8.677012
1850,Mombasa Farm Site 1850,farm,6234 Price Expressway Apt. 152,Mombasa,KE,7.75265,32.542671
1851,Mombasa Farm Site 1851,farm,936 Omar Summit,Mombasa,KE,9.121923,16.155387
1852,Tamale Farm Site 1852,farm,41417 Robbins Haven Apt. 374,Tamale,GH,6.220372,6.234584
1853,Abuja Farm Site 1853,farm,506 Jason Knoll,Abuja,NG,10.69106,22.89681
1854,Benin City Farm Site 1854,farm,015 Hughes Islands Apt. 192,Benin City,NG,12.916384,21.276283
1855,Ibadan Farm Site 1855,farm,854 Tracie Shores,Ibadan,NG,5.912289,26.429345
1856,Benin City Farm Site 1856,farm,78532 Tonya Station Suite 380,Benin City,NG,5.401505,17.900827
1857,Lagos Farm Site 1857,farm,83050 Susan Tunnel,Lagos,NG,11.859165,17.906848
1858,Kumasi Farm Site 1858,farm,546 Shannon Corner,Kumasi,GH,9.530259,12.141065
1859,Tamale Farm Site 1859,farm,6518 Jennifer Point,Tamale,GH,5.095163,31.429194
1860,Nairobi Farm Site 1860,farm,34922 Cameron Plains,Nairobi,KE,12.437518,22.127029
1861,Accra Farm Site 1861,farm,4599 Latasha Street,Accra,GH,5.694345,-0.434361
1862,Uyo Farm Site 1862,farm,7133 Joanne Manors Suite 326,Uyo,NG,6.472873,6.829629
1863,Enugu Farm Site 1863,farm,5477 Rachel Road,Enugu,NG,11.557219,8.281464
1864,Takoradi Farm Site 1864,farm,761 Elizabeth Skyway,Takoradi,GH,7.743667,8.984335
1865,Abuja Farm Site 1865,farm,8096 Bailey Mills Suite 629,Abuja,NG,7.174772,10.270117
1866,Abuja Farm Site 1866,farm,416 Taylor Curve,Abuja,NG,11.071838,16.481887
1867,Kano Farm Site 1867,farm,07227 Mark Corners Suite 153,Kano,NG,11.094173,26.850351
1868,Abuja Farm Site 1868,farm,7731 Miguel Rue Apt. 336,Abuja,NG,11.651807,21.297868
1869,Lagos Farm Site 1869,farm,9225 Jill Meadows,Lagos,NG,8.081661,19.702936
1870,Port Harcourt Farm Site 1870,farm,9297 Hicks Isle Suite 982,Port Harcourt,NG,4.996464,33.483621
1871,Ibadan Farm Site 1871,farm,981 Karen Lakes,Ibadan,NG,4.68378,8.319803
1872,Lagos Farm Site 1872,farm,11739 Flores Run Apt. 355,Lagos,NG,10.95273,32.720888
1873,Accra Farm Site 1873,farm,136 Jasmine Fords Apt. 035,Accra,GH,6.255454,9.156896
1874,Tamale Farm Site 1874,farm,6569 Green Forge Apt. 976,Tamale,GH,9.567568,14.213824
1875,Abuja Farm Site 1875,farm,113 Michael Gateway Suite 923,Abuja,NG,11.78439,23.033186
1876,Lagos Farm Site 1876,farm,195 Atkins Creek,Lagos,NG,5.435477,26.206492
1877,Kano Farm Site 1877,farm,14706 Frank Camp Suite 468,Kano,NG,9.020828,17.770224
1878,Nairobi Farm Site 1878,farm,092 Daniel Bypass Apt. 607,Nairobi,KE,7.360733,22.578389
1879,Nairobi Farm Site 1879,farm,0612 Moore Walks Suite 053,Nairobi,KE,11.572563,3.814294
1880,Abuja Farm Site 1880,farm,53325 Smith Corner Apt. 289,Abuja,NG,4.487523,0.357886
1881,Kano Farm Site 1881,farm,363 Deborah Loop,Kano,NG,4.192742,8.103854
1882,Abuja Farm Site 1882,farm,8577 Michael Mountain Suite 955,Abuja,NG,8.601694,33.126764
1883,Tamale Farm Site 1883,farm,66103 Montoya Overpass Apt. 184,Tamale,GH,12.47142,15.332868
1884,Kano Farm Site 1884,farm,0466 Cole Road Suite 932,Kano,NG,10.520822,16.405642
1885,Tamale Farm Site 1885,farm,9813 Smith Creek Suite 555,Tamale,GH,12.16225,0.054132
1886,Ibadan Farm Site 1886,farm,84934 Omar Inlet Suite 532,Ibadan,NG,5.266547,38.543516
1887,Kumasi Farm Site 1887,farm,87404 Robinson Well Suite 091,Kumasi,GH,10.120154,22.447497
1888,Abuja Farm Site 1888,farm,88012 Anderson Rue,Abuja,NG,8.176947,-0.286539
1889,Kumasi Farm Site 1889,farm,46448 Garcia Lane,Kumasi,GH,9.032243,25.186149
1890,Mombasa Farm Site 1890,farm,4247 Lawrence Drive,Mombasa,KE,8.125584,11.671887
1891,Port Harcourt Farm Site 1891,farm,61875 Smith Mountain Apt. 342,Port Harcourt,NG,6.02912,32.364543
1892,Ibadan Farm Site 1892,farm,160 Jose Harbor Suite 045,Ibadan,NG,11.053756,40.435819
1893,Tamale Farm Site 1893,farm,0538 Christine Pass Apt. 869,Tamale,GH,10.479813,20.964147
1894,Lagos Farm Site 1894,farm,1130 Morton Throughway Apt. 168,Lagos,NG,9.511395,3.50672
1895,Nakuru Farm Site 1895,farm,6736 Mccoy Viaduct Suite 555,Nakuru,KE,6.815432,16.718084
1896,Port Harcourt Farm Site 1896,farm,1356 Jonathan Expressway,Port Harcourt,NG,7.832418,30.015166
1897,Accra Farm Site 1897,farm,22171 Michael Lakes,Accra,GH,5.064527,6.689281
1898,Kumasi Farm Site 1898,farm,54340 Michelle Coves Suite 622,Kumasi,GH,11.077703,2.362842
1899,Lagos Farm Site 1899,farm,85419 Good Heights Apt. 173,Lagos,NG,10.434586,19.784239
1900,Lagos Farm Site 1900,farm,6393 Brian Pike,Lagos,NG,10.091557,19.911169
1901,Tamale Farm Site 1901,farm,96966 Ronald Glens,Tamale,GH,11.588798,6.231668
1902,Ibadan Farm Site 1902,farm,35761 Shea Roads Apt. 642,Ibadan,NG,6.661997,8.156711
1903,Enugu Farm Site 1903,farm,2715 Kimberly Row,Enugu,NG,4.505364,25.472294
1904,Benin City Farm Site 1904,farm,00565 Barbara Turnpike Apt. 306,Benin City,NG,12.948074,23.102565
1905,Kano Farm Site 1905,farm,98345 Kaiser Cliff Apt. 853,Kano,NG,9.410303,15.782073
1906,Abuja Farm Site 1906,farm,189 Jessica Groves,Abuja,NG,10.185208,16.920786
1907,Takoradi Farm Site 1907,farm,75689 Melissa Meadows Apt. 427,Takoradi,GH,6.738,12.108995
1908,Kano Farm Site 1908,farm,1250 White Isle,Kano,NG,11.485956,13.015627
1909,Kano Farm Site 1909,farm,2885 Lopez Terrace,Kano,NG,13.169886,10.748018
1910,Mombasa Farm Site 1910,farm,974 Gardner Parkway,Mombasa,KE,5.586435,7.197865
1911,Nairobi Farm Site 1911,farm,609 Robert Street,Nairobi,KE,5.997164,32.752152
1912,Tamale Farm Site 1912,farm,0904 Francis Islands Suite 227,Tamale,GH,12.322947,24.02023
1913,Ibadan Farm Site 1913,farm,31890 Timothy Streets,Ibadan,NG,5.477009,10.80408
1914,Port Harcourt Farm Site 1914,farm,0017 Jackson Forges,Port Harcourt,NG,9.306759,28.582698
1915,Lagos Farm Site 1915,farm,386 Elizabeth Divide Suite 386,Lagos,NG,6.118978,27.296451
1916,Ibadan Farm Site 1916,farm,0161 Ramirez Camp Suite 071,Ibadan,NG,8.780518,22.614053
1917,Benin City Farm Site 1917,farm,1895 Swanson Circle Apt. 795,Benin City,NG,7.253449,16.31588
1918,Benin City Farm Site 1918,farm,527 Daniels Locks,Benin City,NG,6.056462,4.898439
1919,Lagos Farm Site 1919,farm,0365 Murphy Streets Suite 892,Lagos,NG,9.585498,27.036522
1920,Kumasi Farm Site 1920,farm,0392 Heather Grove Suite 409,Kumasi,GH,7.572159,3.837717
1921,Nairobi Farm Site 1921,farm,14981 Haley Views,Nairobi,KE,4.61202,11.777059
1922,Accra Farm Site 1922,farm,82225 Ray Extension,Accra,GH,8.031989,21.267398
1923,Lagos Farm Site 1923,farm,888 Lamb Mews Apt. 520,Lagos,NG,12.36341,20.351006
1924,Kano Farm Site 1924,farm,0418 Conley Throughway,Kano,NG,13.209701,39.75882
1925,Port Harcourt Farm Site 1925,farm,8021 Downs Bridge Suite 199,Port Harcourt,NG,8.602286,28.312919
1926,Ibadan Farm Site 1926,farm,4055 Lynn Plains,Ibadan,NG,7.417938,25.023531
1927,Ibadan Farm Site 1927,farm,625 Mccormick Lodge,Ibadan,NG,10.363619,37.932533
1928,Uyo Farm Site 1928,farm,9634 Smith Locks Suite 573,Uyo,NG,8.004008,-0.131947
1929,Kano Farm Site 1929,farm,66785 Brewer Divide Suite 436,Kano,NG,10.574303,9.360375
1930,Nairobi Farm Site 1930,farm,385 Wiley Mill Apt. 512,Nairobi,KE,4.354582,12.651853
1931,Tamale Farm Site 1931,farm,07866 King Vista,Tamale,GH,7.148546,33.911748
1932,Benin City Farm Site 1932,farm,626 Hensley Prairie Suite 490,Benin City,NG,11.672074,17.903787
1933,Accra Farm Site 1933,farm,4476 Garrett Stream,Accra,GH,10.541047,9.871421
1934,Kano Farm Site 1934,farm,370 Williams Glen,Kano,NG,6.721167,36.733168
1935,Port Harcourt Farm Site 1935,farm,3871 Mikayla Streets Apt. 629,Port Harcourt,NG,13.135644,26.646975
1936,Enugu Farm Site 1936,farm,9109 John Valleys,Enugu,NG,8.747355,19.006182
1937,Tamale Farm Site 1937,farm,975 Tiffany Place,Tamale,GH,4.196751,15.521857
1938,Kano Farm Site 1938,farm,519 Villanueva Brook Apt. 854,Kano,NG,9.74924,3.053564
1939,Enugu Farm Site 1939,farm,1870 Lara Harbor Apt. 565,Enugu,NG,12.49146,33.191003
1940,Abuja Farm Site 1940,farm,52802 Jeremy Square,Abuja,NG,5.384548,27.46974
1941,Lagos Farm Site 1941,farm,3877 Valerie Walk Apt. 082,Lagos,NG,13.487315,3.778896
1942,Kumasi Farm Site 1942,farm,64527 Wood Brooks,Kumasi,GH,11.259606,30.192843
1943,Kano Farm Site 1943,farm,5008 Harvey Grove Apt. 718,Kano,NG,7.355897,31.620218
1944,Uyo Farm Site 1944,farm,15697 Alicia Via,Uyo,NG,8.176556,33.227473
1945,Ibadan Farm Site 1945,farm,60443 Max Plains Suite 091,Ibadan,NG,9.934946,32.328171
1946,Takoradi Farm Site 1946,farm,9492 Jenkins Pike Apt. 860,Takoradi,GH,4.217067,12.505375
1947,Abuja Farm Site 1947,farm,049 Mcbride Roads,Abuja,NG,6.715812,-2.990484
1948,Mombasa Farm Site 1948,farm,55965 Megan Junction,Mombasa,KE,8.670817,34.039632
1949,Port Harcourt Farm Site 1949,farm,67885 Zachary Plains Suite 865,Port Harcourt,NG,12.590039,39.517377
1950,Ibadan Farm Site 1950,farm,9832 Lopez Trail,Ibadan,NG,7.830575,38.573614
1951,Enugu Farm Site 1951,farm,94148 Miranda Lodge,Enugu,NG,11.775493,4.231503
1952,Enugu Farm Site 1952,farm,798 Lisa Mountains Apt. 367,Enugu,NG,8.537775,16.094684
1953,Abuja Farm Site 1953,farm,675 James Corners Apt. 417,Abuja,NG,11.353898,-1.819786
1954,Benin City Farm Site 1954,farm,693 Ford Parks,Benin City,NG,10.927517,24.193139
1955,Abuja Farm Site 1955,farm,197 Jonathan Fords,Abuja,NG,9.000227,3.469095
1956,Kano Farm Site 1956,farm,2339 Jodi Meadows Suite 086,Kano,NG,4.270729,-2.680577
1957,Benin City Farm Site 1957,farm,40687 Perez Hills,Benin City,NG,6.948198,29.647819
1958,Enugu Farm Site 1958,farm,254 Hall Light Apt. 754,Enugu,NG,9.602278,38.407635
1959,Tamale Farm Site 1959,farm,9412 Martin Summit,Tamale,GH,11.939351,30.221406
1960,Abuja Farm Site 1960,farm,293 Vaughn Circle,Abuja,NG,9.790374,-2.517082
1961,Accra Farm Site 1961,farm,39238 Cynthia Tunnel Apt. 991,Accra,GH,7.758886,16.792497
1962,Benin City Farm Site 1962,farm,68925 Evans Rue,Benin City,NG,5.157876,19.015996
1963,Kumasi Farm Site 1963,farm,173 Nicolas Courts Suite 840,Kumasi,GH,6.187946,4.034501
1964,Enugu Farm Site 1964,farm,620 Bradley Parkways Apt. 285,Enugu,NG,11.968722,32.137227
1965,Lagos Farm Site 1965,farm,75320 Heidi Ways,Lagos,NG,9.065104,20.02456
1966,Benin City Farm Site 1966,farm,58231 Roy Points Apt. 385,Benin City,NG,11.156673,28.868469
1967,Lagos Farm Site 1967,farm,1717 Garcia Summit Suite 540,Lagos,NG,11.504092,31.232072
1968,Enugu Farm Site 1968,farm,63035 Calvin Walks Apt. 938,Enugu,NG,10.100228,-0.709664
1969,Kano Farm Site 1969,farm,7663 Thomas Junctions,Kano,NG,11.108125,13.355723
1970,Lagos Farm Site 1970,farm,026 Cohen Neck,Lagos,NG,8.079412,20.543908
1971,Ibadan Farm Site 1971,farm,24939 Lisa Circle,Ibadan,NG,8.437052,9.781738
1972,Enugu Farm Site 1972,farm,099 Gray Lodge Apt. 936,Enugu,NG,12.543636,-2.816669
1973,Lagos Farm Site 1973,farm,631 Jeffery Crossroad,Lagos,NG,12.882193,8.40826
1974,Port Harcourt Farm Site 1974,farm,1365 Kaitlin Ridge Suite 681,Port Harcourt,NG,7.305914,17.982212
1975,Ibadan Farm Site 1975,farm,1789 Crawford Gateway,Ibadan,NG,4.476634,32.604498
1976,Kano Farm Site 1976,farm,467 Lori Bypass Suite 390,Kano,NG,13.14958,30.505432
1977,Benin City Farm Site 1977,farm,75092 Silva Camp Apt. 098,Benin City,NG,9.82212,33.283997
1978,Accra Farm Site 1978,farm,570 Andrea Track,Accra,GH,11.214233,3.676326
1979,Lagos Farm Site 1979,farm,0671 Smith Rapids Apt. 498,Lagos,NG,4.890196,10.836353
1980,Port Harcourt Farm Site 1980,farm,129 Barnes Mall,Port Harcourt,NG,13.482272,5.525458
1981,Kumasi Farm Site 1981,farm,45146 Baker Parkways Apt. 385,Kumasi,GH,8.194874,6.182012
1982,Abuja Farm Site 1982,farm,5777 John Village,Abuja,NG,12.048215,27.488219
1983,Kano Farm Site 1983,farm,95701 Walters Harbors Apt. 892,Kano,NG,5.912993,9.996482
1984,Uyo Farm Site 1984,farm,023 Valentine Locks,Uyo,NG,12.232878,30.863819
1985,Lagos Farm Site 1985,farm,56755 Diane Fork,Lagos,NG,7.672833,28.901818
1986,Lagos Farm Site 1986,farm,92368 Robert Ramp Apt. 576,Lagos,NG,4.784285,11.042995
1987,Abuja Farm Site 1987,farm,049 Matthew Fork,Abuja,NG,5.099648,-0.249081
1988,Lagos Farm Site 1988,farm,9420 Kramer Valleys Suite 417,Lagos,NG,13.248069,11.551704
1989,Accra Farm Site 1989,farm,12107 April Meadows Suite 689,Accra,GH,11.58826,8.128176
1990,Lagos Farm Site 1990,farm,441 Eric Station,Lagos,NG,7.224321,34.888632
1991,Accra Farm Site 1991,farm,82576 Lawrence Plains Suite 239,Accra,GH,7.3044,33.797062
1992,Ibadan Farm Site 1992,farm,6767 Jones Manor Apt. 890,Ibadan,NG,11.399892,-0.402465
1993,Nairobi Farm Site 1993,farm,83016 Owens Villages Apt. 574,Nairobi,KE,13.35169,29.387916
1994,Uyo Farm Site 1994,farm,23183 Perry Oval,Uyo,NG,4.903062,25.156565
1995,Abuja Farm Site 1995,farm,5661 Timothy Course,Abuja,NG,13.391834,34.64895
1996,Benin City Farm Site 1996,farm,290 Livingston Hollow Apt. 257,Benin City,NG,12.031762,21.470026
1997,Benin City Farm Site 1997,farm,301 Yesenia Crescent Apt. 152,Benin City,NG,12.297734,1.78604
1998,Kano Farm Site 1998,farm,9268 Vincent Islands Apt. 841,Kano,NG,4.763289,-1.497723
1999,Benin City Farm Site 1999,farm,48526 Lopez Passage Apt. 514,Benin City,NG,6.504327,-1.458267
2000,Nakuru Farm Site 2000,farm,2701 Howell Via,Nakuru,KE,8.462274,16.188516
2001,Uyo Farm Site 2001,farm,950 Parker Centers,Uyo,NG,7.021006,30.543056
2002,Benin City Farm Site 2002,farm,132 Andrew Road,Benin City,NG,5.052695,0.568076
2003,Mombasa Farm Site 2003,farm,87445 Angela Place Suite 152,Mombasa,KE,6.788287,28.672223
2004,Port Harcourt Farm Site 2004,farm,0749 Leonard Harbor Suite 728,Port Harcourt,NG,6.672557,14.832405
2005,Abuja Farm Site 2005,farm,149 Zachary Mews Suite 669,Abuja,NG,6.837917,36.706809
2006,Abuja Farm Site 2006,farm,3885 Lyons Forge,Abuja,NG,11.067683,30.245089
2007,Lagos Farm Site 2007,farm,11639 Sandy Mountain,Lagos,NG,9.270635,40.658242
2008,Lagos Farm Site 2008,farm,38821 Chris Place,Lagos,NG,12.063098,-2.5417
2009,Nairobi Farm Site 2009,farm,3831 James Fort Apt. 244,Nairobi,KE,10.659021,16.875407
2010,Benin City Farm Site 2010,farm,503 Robin Passage Suite 980,Benin City,NG,11.379785,40.570067
2011,Mombasa Farm Site 2011,farm,035 Sarah Forge Suite 966,Mombasa,KE,13.404927,20.583811
2012,Kisumu Farm Site 2012,farm,14570 Kaufman Glen,Kisumu,KE,11.875561,32.974909
2013,Kisumu Farm Site 2013,farm,088 Hanson Parkways,Kisumu,KE,11.318584,14.944506
2014,Enugu Farm Site 2014,farm,84403 Williams Mission,Enugu,NG,6.277497,7.055454
2015,Port Harcourt Farm Site 2015,farm,754 Jean Gateway Apt. 543,Port Harcourt,NG,6.821788,28.288198
2016,Lagos Farm Site 2016,farm,77413 Robin Points,Lagos,NG,9.944527,22.767603
2017,Tamale Farm Site 2017,farm,1611 Richardson Fall,Tamale,GH,9.228777,0.833296
2018,Uyo Farm Site 2018,farm,462 Michael Walk,Uyo,NG,8.022717,2.736754
2019,Port Harcourt Farm Site 2019,farm,028 Kevin Causeway,Port Harcourt,NG,10.228728,15.313409
2020,Kano Farm Site 2020,farm,2909 Brian Square Apt. 842,Kano,NG,12.941532,19.452033
2021,Accra Farm Site 2021,farm,4685 Krystal Streets Apt. 126,Accra,GH,12.091113,34.063209
2022,Lagos Farm Site 2022,farm,853 Christopher Plaza Suite 823,Lagos,NG,5.55566,4.650532
2023,Uyo Farm Site 2023,farm,51702 Nicholas Key Apt. 567,Uyo,NG,11.915694,22.686148
2024,Accra Farm Site 2024,farm,6942 Cook Valley,Accra,GH,5.759485,-2.915016
2025,Kisumu Farm Site 2025,farm,049 Rachael Point Suite 312,Kisumu,KE,9.71813,4.283833
2026,Abuja Farm Site 2026,farm,922 Katherine Extensions,Abuja,NG,7.382177,35.168316
2027,Uyo Farm Site 2027,farm,5562 Jones Alley Apt. 839,Uyo,NG,4.561023,37.467577
2028,Benin City Farm Site 2028,farm,36385 Allison Forges,Benin City,NG,13.383455,16.220857
2029,Port Harcourt Farm Site 2029,farm,265 Mullins Lock Suite 597,Port Harcourt,NG,6.598643,14.802908
2030,Mombasa Farm Site 2030,farm,95532 Dyer Wall Suite 144,Mombasa,KE,12.856446,13.937194
2031,Uyo Farm Site 2031,farm,0519 Avila Loaf,Uyo,NG,12.928897,0.29987
2032,Benin City Farm Site 2032,farm,57096 Rodriguez Mission Suite 403,Benin City,NG,7.191565,4.101587
2033,Takoradi Farm Site 2033,farm,678 Wilson Well Apt. 838,Takoradi,GH,10.245125,14.035713
2034,Uyo Farm Site 2034,farm,1717 Erica Mills,Uyo,NG,6.33225,10.282151
2035,Abuja Farm Site 2035,farm,523 Knapp Tunnel Apt. 447,Abuja,NG,12.705139,28.5865
2036,Kano Farm Site 2036,farm,892 Grimes Greens,Kano,NG,12.986348,40.160915
2037,Enugu Farm Site 2037,farm,121 John Common Apt. 837,Enugu,NG,12.309601,3.97035
2038,Nairobi Farm Site 2038,farm,28190 Samantha Land,Nairobi,KE,10.778763,16.947672
2039,Ibadan Farm Site 2039,farm,4576 Christopher Walks Suite 402,Ibadan,NG,10.282052,5.935325
2040,Nairobi Farm Site 2040,farm,657 Vazquez Fields Apt. 110,Nairobi,KE,10.994766,8.971712
2041,Benin City Farm Site 2041,farm,6596 Rebecca Courts,Benin City,NG,9.656057,33.137832
2042,Ibadan Farm Site 2042,farm,3449 Miller Mall,Ibadan,NG,8.384655,16.128038
2043,Kumasi Farm Site 2043,farm,14983 Black Springs Suite 847,Kumasi,GH,5.214205,13.192224
2044,Enugu Farm Site 2044,farm,3257 Stanley Court,Enugu,NG,9.549015,18.859239
2045,Uyo Farm Site 2045,farm,27825 Calvin Branch,Uyo,NG,13.408613,0.999198
2046,Kano Farm Site 2046,farm,85094 Hopkins Knolls Apt. 277,Kano,NG,10.380644,23.731125
2047,Uyo Farm Site 2047,farm,50520 Kevin Isle,Uyo,NG,4.199133,0.389556
2048,Accra Farm Site 2048,farm,529 Garcia Centers Suite 848,Accra,GH,5.318701,3.459015
2049,Kano Farm Site 2049,farm,67639 Lee Lakes,Kano,NG,13.45744,26.272643
2050,Port Harcourt Farm Site 2050,farm,89411 Sandra Skyway Suite 891,Port Harcourt,NG,5.237305,39.322655
2051,Port Harcourt Farm Site 2051,farm,450 Chad Divide Suite 117,Port Harcourt,NG,4.633348,2.939408
2052,Accra Farm Site 2052,farm,422 Jackson Isle Apt. 085,Accra,GH,12.770011,36.191964
2053,Nakuru Farm Site 2053,farm,771 Destiny Manor Suite 603,Nakuru,KE,7.738489,27.809039
2054,Uyo Farm Site 2054,farm,6784 Harmon Cove,Uyo,NG,9.957483,3.459363
2055,Ibadan Farm Site 2055,farm,4711 Johnston Courts Suite 000,Ibadan,NG,6.038068,16.76555
2056,Port Harcourt Farm Site 2056,farm,3385 Donald Expressway,Port Harcourt,NG,10.418499,5.712854
2057,Uyo Farm Site 2057,farm,0418 House Mountains Suite 633,Uyo,NG,13.454469,38.093915
2058,Port Harcourt Farm Site 2058,farm,1685 Hart Vista Apt. 666,Port Harcourt,NG,13.324847,35.286889
2059,Enugu Farm Site 2059,farm,41762 Brown Fords,Enugu,NG,10.750712,32.245014
2060,Benin City Farm Site 2060,farm,233 Christopher Islands,Benin City,NG,11.071638,21.715982
2061,Benin City Farm Site 2061,farm,324 Michael Oval,Benin City,NG,6.646686,16.551909
2062,Lagos Farm Site 2062,farm,646 Jennifer Ferry,Lagos,NG,5.520837,22.852129
2063,Port Harcourt Farm Site 2063,farm,753 Lori Lock,Port Harcourt,NG,11.859753,31.833234
2064,Kano Farm Site 2064,farm,93826 Valdez Branch Apt. 463,Kano,NG,5.395371,31.149476
2065,Kumasi Farm Site 2065,farm,9497 Le Fords,Kumasi,GH,7.011426,16.876112
2066,Port Harcourt Farm Site 2066,farm,1895 Amanda Loaf,Port Harcourt,NG,4.158371,2.128716
2067,Tamale Farm Site 2067,farm,4558 Sara Lodge,Tamale,GH,11.192525,-2.722766
2068,Kumasi Farm Site 2068,farm,503 Perkins Lakes,Kumasi,GH,12.259343,2.170389
2069,Uyo Farm Site 2069,farm,84579 Rangel Burgs,Uyo,NG,12.32804,24.936034
2070,Lagos Farm Site 2070,farm,178 Jennifer Ridge,Lagos,NG,4.307973,10.48895
2071,Benin City Farm Site 2071,farm,070 Jonathan Mountain Suite 977,Benin City,NG,9.286801,6.812824
2072,Kumasi Farm Site 2072,farm,85306 Love Knolls,Kumasi,GH,9.796526,40.17829
2073,Lagos Farm Site 2073,farm,4752 Howard Stravenue,Lagos,NG,8.87839,3.767628
2074,Takoradi Farm Site 2074,farm,745 Patrick Branch,Takoradi,GH,7.910195,-3.19441
2075,Kano Farm Site 2075,farm,9777 Andrew Green,Kano,NG,7.332385,26.178697
2076,Enugu Farm Site 2076,farm,26714 Tiffany Road Suite 858,Enugu,NG,11.875188,20.071906
2077,Abuja Farm Site 2077,farm,6869 Gloria Stravenue,Abuja,NG,12.570904,37.12847
2078,Tamale Farm Site 2078,farm,3893 Campbell Freeway Apt. 964,Tamale,GH,11.8295,35.462014
2079,Benin City Farm Site 2079,farm,348 Harding Stream Suite 638,Benin City,NG,5.637219,26.641248
2080,Enugu Farm Site 2080,farm,80752 Hill Locks Apt. 753,Enugu,NG,12.752482,31.896465
2081,Lagos Farm Site 2081,farm,865 Wilson Roads Apt. 674,Lagos,NG,6.050142,30.657135
2082,Accra Farm Site 2082,farm,1998 Angelica Mission Suite 185,Accra,GH,12.099565,1.587241
2083,Kumasi Farm Site 2083,farm,6869 Theresa Glen,Kumasi,GH,13.009076,35.464809
2084,Ibadan Farm Site 2084,farm,662 Wood Springs Apt. 448,Ibadan,NG,12.401349,39.139604
2085,Port Harcourt Farm Site 2085,farm,64414 Peterson Alley Suite 062,Port Harcourt,NG,4.649214,7.714837
2086,Benin City Farm Site 2086,farm,1430 Lori Courts,Benin City,NG,12.594766,13.909858
2087,Kano Farm Site 2087,farm,4849 Jared Springs Suite 818,Kano,NG,12.305053,4.743416
2088,Enugu Farm Site 2088,farm,831 Todd Harbors,Enugu,NG,7.782954,30.767004
2089,Kisumu Farm Site 2089,farm,19358 Kane Rapids,Kisumu,KE,10.335015,32.006342
2090,Kano Farm Site 2090,farm,534 Cooper Gardens,Kano,NG,4.145482,-3.200224
2091,Kano Farm Site 2091,farm,4226 Floyd Ranch,Kano,NG,9.030734,19.735832
2092,Enugu Farm Site 2092,farm,750 Jackson Port,Enugu,NG,11.384969,11.951982
2093,Abuja Farm Site 2093,farm,15213 Jose Ramp Suite 894,Abuja,NG,10.645636,-3.15862
2094,Kano Farm Site 2094,farm,377 Daniels Plaza Suite 851,Kano,NG,6.055328,30.331362
2095,Lagos Farm Site 2095,farm,31269 Pham Forge Suite 276,Lagos,NG,12.722936,24.831052
2096,Port Harcourt Farm Site 2096,farm,000 Daniel Curve,Port Harcourt,NG,4.64184,15.626687
2097,Enugu Farm Site 2097,farm,636 Smith Field,Enugu,NG,6.447587,27.64157
2098,Abuja Farm Site 2098,farm,88783 Brown Prairie,Abuja,NG,13.443791,25.032181
2099,Enugu Farm Site 2099,farm,262 Kelli Points,Enugu,NG,12.32437,15.726622
2100,Lagos Farm Site 2100,farm,0324 Amber Ville,Lagos,NG,7.004583,16.604417
2101,Kisumu Farm Site 2101,farm,0822 Melissa Shores Apt. 438,Kisumu,KE,8.833097,13.583736
2102,Benin City Farm Site 2102,farm,335 Jon Oval Suite 591,Benin City,NG,6.318876,3.545706
2103,Takoradi Farm Site 2103,farm,22946 Jack Plaza Suite 855,Takoradi,GH,7.773457,-2.203802
2104,Takoradi Farm Site 2104,farm,8102 Bishop Lights Suite 155,Takoradi,GH,13.473284,6.422981
2105,Kumasi Farm Site 2105,farm,9392 Alexis Passage Apt. 593,Kumasi,GH,7.694219,32.610906
2106,Uyo Farm Site 2106,farm,8673 Garcia Point,Uyo,NG,5.692147,-1.698159
2107,Ibadan Farm Site 2107,farm,36621 Sarah Light Suite 539,Ibadan,NG,9.810331,39.562624
2108,Lagos Farm Site 2108,farm,64634 Simpson Estate Apt. 113,Lagos,NG,4.432,32.126257
2109,Mombasa Farm Site 2109,farm,5526 Dennis Roads,Mombasa,KE,13.404877,6.653767
2110,Port Harcourt Farm Site 2110,farm,4787 Bryant Causeway,Port Harcourt,NG,10.528313,28.075025
2111,Abuja Farm Site 2111,farm,000 Christopher Stravenue Suite 928,Abuja,NG,6.500137,-0.370833
2112,Benin City Farm Site 2112,farm,46948 Ray Burgs,Benin City,NG,9.721446,13.824351
2113,Uyo Farm Site 2113,farm,35228 Obrien Crescent,Uyo,NG,6.956029,28.796904
2114,Kisumu Farm Site 2114,farm,777 Hayden Fall,Kisumu,KE,12.607664,10.260442
2115,Ibadan Farm Site 2115,farm,32873 Juan Ports,Ibadan,NG,12.601138,32.195101
2116,Ibadan Farm Site 2116,farm,98384 Tina Lake,Ibadan,NG,6.3443,-3.228213
2117,Port Harcourt Farm Site 2117,farm,27692 Stacy Junctions,Port Harcourt,NG,6.101867,35.260555
2118,Nairobi Farm Site 2118,farm,785 Joseph Mountain,Nairobi,KE,7.555624,36.916012
2119,Lagos Farm Site 2119,farm,927 Noah Gateway Apt. 684,Lagos,NG,8.956808,15.376445
2120,Enugu Farm Site 2120,farm,854 Thomas Plains Apt. 504,Enugu,NG,10.472944,8.797471
2121,Nairobi Farm Site 2121,farm,894 Dominguez Crest Suite 342,Nairobi,KE,6.969335,8.154005
2122,Enugu Farm Site 2122,farm,20696 Erin Locks,Enugu,NG,6.486757,39.937347
2123,Lagos Farm Site 2123,farm,081 Jerry Motorway,Lagos,NG,10.749511,36.112468
2124,Ibadan Farm Site 2124,farm,22892 Matthews Villages Apt. 387,Ibadan,NG,7.772374,32.811944
2125,Kumasi Farm Site 2125,farm,156 Wendy Camp Apt. 307,Kumasi,GH,10.219528,26.240622
2126,Lagos Farm Site 2126,farm,882 Matthew Lake Apt. 917,Lagos,NG,8.695474,9.808775
2127,Tamale Farm Site 2127,farm,58292 Thomas Mall,Tamale,GH,10.237961,5.859074
2128,Port Harcourt Farm Site 2128,farm,6450 Yang Mountains,Port Harcourt,NG,11.757373,34.096031
2129,Abuja Farm Site 2129,farm,3028 Jessica Lights,Abuja,NG,11.837753,17.225903
2130,Enugu Farm Site 2130,farm,95127 Franklin Crossroad Suite 419,Enugu,NG,7.650483,4.774417
2131,Port Harcourt Farm Site 2131,farm,9203 Brenda Pass Apt. 809,Port Harcourt,NG,11.309893,29.602886
2132,Tamale Farm Site 2132,farm,1768 Charles Falls,Tamale,GH,9.758268,5.891924
2133,Port Harcourt Farm Site 2133,farm,9794 Samantha Wells,Port Harcourt,NG,13.373757,16.850579
2134,Port Harcourt Farm Site 2134,farm,93665 Nicholas Lock,Port Harcourt,NG,10.040889,18.548318
2135,Accra Farm Site 2135,farm,336 Jane Shore Apt. 024,Accra,GH,11.449739,35.762399
2136,Uyo Farm Site 2136,farm,633 Lewis Crest Suite 094,Uyo,NG,9.921112,-0.608686
2137,Port Harcourt Farm Site 2137,farm,81719 Hull Pass,Port Harcourt,NG,13.326135,12.225052
2138,Ibadan Farm Site 2138,farm,3267 Michael Valley Suite 875,Ibadan,NG,5.611009,26.074527
2139,Nakuru Farm Site 2139,farm,28482 Love Stravenue,Nakuru,KE,5.705285,30.091566
2140,Takoradi Farm Site 2140,farm,981 Griffin Stravenue Suite 001,Takoradi,GH,6.913494,27.948929
2141,Enugu Farm Site 2141,farm,27407 Robert Fields,Enugu,NG,12.915068,36.599726
2142,Uyo Farm Site 2142,farm,3119 Thomas Freeway Apt. 547,Uyo,NG,8.287716,13.920258
2143,Port Harcourt Farm Site 2143,farm,6897 Michael Fort Suite 472,Port Harcourt,NG,11.494479,5.51362
2144,Ibadan Farm Site 2144,farm,76832 Scott Tunnel Suite 426,Ibadan,NG,12.060606,21.107188
2145,Kano Farm Site 2145,farm,04676 Bush Ridges,Kano,NG,8.942737,32.401736
2146,Tamale Farm Site 2146,farm,0231 Michael Road,Tamale,GH,12.700907,13.56956
2147,Abuja Farm Site 2147,farm,8784 Kristen Club,Abuja,NG,6.429816,-0.221451
2148,Uyo Farm Site 2148,farm,71604 Jennifer Meadows,Uyo,NG,11.051322,22.886125
2149,Tamale Farm Site 2149,farm,7868 Cooper Court,Tamale,GH,7.125991,-3.036931
2150,Uyo Farm Site 2150,farm,036 Valerie Canyon Apt. 800,Uyo,NG,10.155787,9.318132
2151,Accra Farm Site 2151,farm,75903 Zachary Motorway Suite 369,Accra,GH,5.685665,22.527775
2152,Accra Farm Site 2152,farm,9033 Emily Garden Apt. 738,Accra,GH,10.237069,18.731184
2153,Nairobi Farm Site 2153,farm,7649 Elizabeth Lock,Nairobi,KE,7.158784,9.873076
2154,Mombasa Farm Site 2154,farm,415 Smith Unions,Mombasa,KE,4.822607,14.451918
2155,Takoradi Farm Site 2155,farm,07928 Bryan Mountain,Takoradi,GH,6.80971,35.289002
2156,Nairobi Farm Site 2156,farm,6527 Riddle Crossroad,Nairobi,KE,8.693441,28.361184
2157,Abuja Farm Site 2157,farm,04585 Daniel Village,Abuja,NG,9.718929,23.079764
2158,Takoradi Farm Site 2158,farm,8246 Shannon Estate,Takoradi,GH,11.573622,13.206206
2159,Ibadan Farm Site 2159,farm,791 Henderson Plains,Ibadan,NG,9.880434,6.266854
2160,Kisumu Farm Site 2160,farm,9306 Sharon Ferry,Kisumu,KE,11.906467,34.537175
2161,Lagos Farm Site 2161,farm,7044 Michelle Mountains Apt. 533,Lagos,NG,12.281187,30.576898
2162,Accra Farm Site 2162,farm,67560 Dominguez Spring,Accra,GH,10.309454,9.17119
2163,Enugu Farm Site 2163,farm,24014 Wells Hill,Enugu,NG,9.03577,7.742053
2164,Takoradi Farm Site 2164,farm,82670 Elliott Creek,Takoradi,GH,7.57108,3.251694
2165,Kano Farm Site 2165,farm,743 Rebecca Crossing,Kano,NG,4.538573,5.215667
2166,Mombasa Farm Site 2166,farm,146 Diana Green,Mombasa,KE,13.307736,29.892947
2167,Port Harcourt Farm Site 2167,farm,78081 Alan Pike Suite 856,Port Harcourt,NG,5.381379,38.738449
2168,Enugu Farm Site 2168,farm,7790 Page Oval,Enugu,NG,4.285945,15.163527
2169,Benin City Farm Site 2169,farm,12743 Tricia Unions Suite 673,Benin City,NG,11.620322,29.306995
2170,Port Harcourt Farm Site 2170,farm,844 Green Drive,Port Harcourt,NG,5.521346,17.413341
2171,Port Harcourt Farm Site 2171,farm,2282 Miller Tunnel Suite 502,Port Harcourt,NG,5.739899,31.508282
2172,Ibadan Farm Site 2172,farm,066 Jessica Rue,Ibadan,NG,7.148835,40.228204
2173,Kumasi Farm Site 2173,farm,8662 Meyer Prairie Suite 353,Kumasi,GH,12.900315,-1.139499
2174,Port Harcourt Farm Site 2174,farm,44233 Margaret Summit Suite 674,Port Harcourt,NG,4.599074,19.418726
2175,Enugu Farm Site 2175,farm,19531 Sophia Underpass Suite 013,Enugu,NG,10.729343,12.26647
2176,Lagos Farm Site 2176,farm,0327 David Harbor,Lagos,NG,12.149082,27.219668
2177,Abuja Farm Site 2177,farm,4256 April Lodge Apt. 365,Abuja,NG,8.893684,4.520702
2178,Port Harcourt Farm Site 2178,farm,0910 Henderson Village,Port Harcourt,NG,8.776402,-2.501803
2179,Benin City Farm Site 2179,farm,033 Karen Island,Benin City,NG,5.977073,0.281315
2180,Abuja Farm Site 2180,farm,92064 Mark Trail Suite 990,Abuja,NG,11.799838,38.340175
2181,Ibadan Farm Site 2181,farm,33965 Jennifer Hills Apt. 813,Ibadan,NG,5.248173,1.668685
2182,Abuja Farm Site 2182,farm,72836 Ibarra Coves Apt. 069,Abuja,NG,6.489857,32.80014
2183,Abuja Farm Site 2183,farm,66233 Alyssa Drive Apt. 458,Abuja,NG,4.365943,19.003413
2184,Kano Farm Site 2184,farm,179 Williams Corner,Kano,NG,12.659472,22.474561
2185,Enugu Farm Site 2185,farm,318 Perez Springs Suite 420,Enugu,NG,7.618622,17.305388
2186,Kano Farm Site 2186,farm,7833 Melinda Lodge,Kano,NG,4.743678,28.81841
2187,Abuja Farm Site 2187,farm,517 Cooke Burg Apt. 915,Abuja,NG,6.528489,33.970044
2188,Enugu Farm Site 2188,farm,1953 Good Spur Apt. 029,Enugu,NG,11.349899,10.654248
2189,Ibadan Farm Site 2189,farm,2090 Chris Dale,Ibadan,NG,9.203528,4.787852
2190,Ibadan Farm Site 2190,farm,861 Barnes Trace Suite 292,Ibadan,NG,11.528484,0.364931
2191,Port Harcourt Farm Site 2191,farm,5978 Wall Garden,Port Harcourt,NG,4.521251,38.314134
2192,Enugu Farm Site 2192,farm,1605 Maria Brook,Enugu,NG,9.534443,8.39202
2193,Enugu Farm Site 2193,farm,1457 Carter Ranch Suite 407,Enugu,NG,10.499303,27.887761
2194,Uyo Farm Site 2194,farm,556 Tracy Crossing,Uyo,NG,9.048156,23.567294
2195,Ibadan Farm Site 2195,farm,712 Mills Rue,Ibadan,NG,9.61966,40.013176
2196,Abuja Farm Site 2196,farm,63531 Brandon Coves Suite 684,Abuja,NG,8.252449,14.137869
2197,Ibadan Farm Site 2197,farm,232 Smith Villages,Ibadan,NG,5.998205,22.808858
2198,Port Harcourt Farm Site 2198,farm,86771 Donna Mission Suite 189,Port Harcourt,NG,7.351863,22.890637
2199,Ibadan Farm Site 2199,farm,846 James Drive,Ibadan,NG,11.679434,7.680109
2200,Takoradi Farm Site 2200,farm,251 Roman Via,Takoradi,GH,12.524662,4.95863
2201,Abuja Farm Site 2201,farm,66754 Lisa Vista,Abuja,NG,13.09385,36.369102
2202,Port Harcourt Farm Site 2202,farm,95986 Bauer Hollow,Port Harcourt,NG,8.837039,40.172065
2203,Benin City Farm Site 2203,farm,31456 Nicholas Circle,Benin City,NG,8.506487,34.274984
2204,Port Harcourt Farm Site 2204,farm,7799 Monica Street Suite 407,Port Harcourt,NG,13.301816,39.4592
2205,Port Harcourt Farm Site 2205,farm,290 Nicholas Mall Apt. 325,Port Harcourt,NG,6.814871,21.763377
2206,Port Harcourt Farm Site 2206,farm,5100 Daniel Falls,Port Harcourt,NG,8.550751,17.429134
2207,Ibadan Farm Site 2207,farm,731 Navarro Expressway Suite 043,Ibadan,NG,5.932577,-0.873103
2208,Kumasi Farm Site 2208,farm,5411 Larson Point,Kumasi,GH,8.618305,34.260538
2209,Abuja Farm Site 2209,farm,9116 Travis Ridge,Abuja,NG,5.011089,33.730769
2210,Enugu Farm Site 2210,farm,4763 Maria Passage,Enugu,NG,9.364806,23.859219
2211,Abuja Farm Site 2211,farm,0867 Garrett Gateway Suite 098,Abuja,NG,6.14104,30.834041
2212,Abuja Farm Site 2212,farm,1354 Benjamin Harbors Apt. 467,Abuja,NG,4.339559,29.300307
2213,Benin City Farm Site 2213,farm,96227 Allison Gardens,Benin City,NG,6.398285,8.485726
2214,Accra Farm Site 2214,farm,32507 Keith Park,Accra,GH,9.858361,17.852437
2215,Benin City Farm Site 2215,farm,54184 Sharp Circle,Benin City,NG,4.410591,26.743483
2216,Abuja Farm Site 2216,farm,5931 Sanchez Place Suite 509,Abuja,NG,11.691956,23.042638
2217,Enugu Farm Site 2217,farm,04179 Norris Way,Enugu,NG,8.185862,-0.923831
2218,Tamale Farm Site 2218,farm,8354 Mcgrath Points,Tamale,GH,4.311772,25.566553
2219,Nairobi Farm Site 2219,farm,6561 Alexander Vista Apt. 113,Nairobi,KE,9.763104,35.858705
2220,Kumasi Farm Site 2220,farm,0777 Brad Park Suite 551,Kumasi,GH,8.074208,36.483049
2221,Kisumu Farm Site 2221,farm,3457 Lamb Ridge,Kisumu,KE,7.709371,15.103056
2222,Port Harcourt Farm Site 2222,farm,6151 Mcdaniel Orchard Apt. 579,Port Harcourt,NG,8.214518,33.810299
2223,Port Harcourt Farm Site 2223,farm,05838 Hawkins Drive Suite 504,Port Harcourt,NG,13.204061,12.143579
2224,Abuja Farm Site 2224,farm,872 Howard Crest,Abuja,NG,10.535237,16.289389
2225,Mombasa Farm Site 2225,farm,41278 Young Court Suite 152,Mombasa,KE,6.522641,27.917912
2226,Tamale Farm Site 2226,farm,0641 Katie Walk,Tamale,GH,13.073815,0.11207
2227,Tamale Farm Site 2227,farm,38609 Cook Junctions Apt. 691,Tamale,GH,9.868841,17.499157
2228,Accra Farm Site 2228,farm,696 Collins Burg,Accra,GH,13.383426,33.824093
2229,Uyo Farm Site 2229,farm,95976 Richard Motorway Apt. 361,Uyo,NG,9.658277,15.617195
2230,Kano Farm Site 2230,farm,05613 Hayes Points,Kano,NG,4.333481,12.016556
2231,Lagos Farm Site 2231,farm,924 Miles Plains,Lagos,NG,7.93597,11.862488
2232,Kisumu Farm Site 2232,farm,1634 Derek Expressway,Kisumu,KE,7.659745,12.56122
2233,Lagos Farm Site 2233,farm,444 Armstrong Junctions Apt. 548,Lagos,NG,8.284402,32.768455
2234,Lagos Farm Site 2234,farm,21615 Holmes Walk Suite 106,Lagos,NG,9.069692,13.087092
2235,Abuja Farm Site 2235,farm,992 Robin Point,Abuja,NG,8.993532,20.656253
2236,Enugu Farm Site 2236,farm,662 John Place,Enugu,NG,11.297492,-1.18726
2237,Ibadan Farm Site 2237,farm,562 Mary Shores,Ibadan,NG,6.380128,2.399262
2238,Benin City Farm Site 2238,farm,63963 Charles Causeway,Benin City,NG,4.524964,3.494127
2239,Enugu Farm Site 2239,farm,7178 Mikayla Trail Apt. 913,Enugu,NG,10.509617,13.82481
2240,Lagos Farm Site 2240,farm,949 Armstrong Ridge,Lagos,NG,9.034137,26.873823
2241,Kano Farm Site 2241,farm,00581 Joshua Light Suite 624,Kano,NG,12.440125,20.246727
2242,Port Harcourt Farm Site 2242,farm,8942 Samantha Field,Port Harcourt,NG,8.306199,17.445285
2243,Port Harcourt Farm Site 2243,farm,55390 Chavez Turnpike Suite 751,Port Harcourt,NG,5.467189,10.000531
2244,Uyo Farm Site 2244,farm,10200 Christopher Center,Uyo,NG,10.163684,27.300021
2245,Benin City Farm Site 2245,farm,759 James Rapid,Benin City,NG,4.283396,17.005928
2246,Kumasi Farm Site 2246,farm,61983 Hernandez Turnpike,Kumasi,GH,10.936152,11.619398
2247,Kisumu Farm Site 2247,farm,660 Lisa Burg Suite 679,Kisumu,KE,11.888025,27.990668
2248,Lagos Farm Site 2248,farm,5292 Spencer Glens,Lagos,NG,7.526532,32.501946
2249,Abuja Farm Site 2249,farm,6635 Hardy Pike,Abuja,NG,9.837364,40.561414
2250,Takoradi Farm Site 2250,farm,4119 Cole Mills,Takoradi,GH,11.044339,17.269378
2251,Benin City Farm Site 2251,farm,936 Darren Pass Suite 717,Benin City,NG,7.813523,0.125036
2252,Ibadan Farm Site 2252,farm,77875 Robert Loop,Ibadan,NG,8.859997,30.056902
2253,Ibadan Farm Site 2253,farm,685 Cantrell Camp Suite 982,Ibadan,NG,4.996956,7.380689
2254,Kano Farm Site 2254,farm,97475 Lisa Center,Kano,NG,6.874925,33.859075
2255,Abuja Farm Site 2255,farm,032 Turner Brook,Abuja,NG,5.097911,2.977825
2256,Port Harcourt Farm Site 2256,farm,798 Clark Haven Apt. 305,Port Harcourt,NG,9.958315,3.595666
2257,Enugu Farm Site 2257,farm,726 Melissa Ridges Apt. 298,Enugu,NG,8.166106,-3.404943
2258,Enugu Farm Site 2258,farm,7844 Mitchell Pines,Enugu,NG,5.231797,3.45207
2259,Lagos Farm Site 2259,farm,161 Kennedy Shoal Suite 971,Lagos,NG,11.993306,9.634352
2260,Ibadan Farm Site 2260,farm,467 Nathan Fork,Ibadan,NG,13.352615,22.561703
2261,Abuja Farm Site 2261,farm,57174 Gonzalez Ports,Abuja,NG,5.45321,29.227835
2262,Benin City Farm Site 2262,farm,76352 Krystal Key Apt. 392,Benin City,NG,12.22685,38.820646
2263,Enugu Farm Site 2263,farm,6897 Mary Fork,Enugu,NG,11.829668,25.986484
2264,Lagos Farm Site 2264,farm,70820 Charles Road Apt. 493,Lagos,NG,8.378217,5.298577
2265,Abuja Farm Site 2265,farm,406 Arnold Passage Suite 026,Abuja,NG,9.241933,29.268286
2266,Enugu Farm Site 2266,farm,875 Daugherty Knoll Apt. 424,Enugu,NG,10.741962,15.103728
2267,Enugu Farm Site 2267,farm,99423 Carpenter Centers,Enugu,NG,7.435732,38.105993
2268,Tamale Farm Site 2268,farm,685 Kenneth Way Suite 856,Tamale,GH,11.361242,-2.156564
2269,Ibadan Farm Site 2269,farm,95943 Jason Mall,Ibadan,NG,8.023784,34.608213
2270,Enugu Farm Site 2270,farm,23114 Tyler Landing,Enugu,NG,7.864095,12.501742
2271,Enugu Farm Site 2271,farm,1633 Reynolds Orchard,Enugu,NG,6.142177,33.69879
2272,Enugu Farm Site 2272,farm,686 Julie Estates,Enugu,NG,8.55454,33.689649
2273,Kano Farm Site 2273,farm,071 Rodney Mountain Suite 948,Kano,NG,7.924361,0.814155
2274,Accra Farm Site 2274,farm,478 Walker Court,Accra,GH,6.54935,20.003087
2275,Lagos Farm Site 2275,farm,553 Gray Mews Apt. 724,Lagos,NG,6.547745,21.056985
2276,Takoradi Farm Site 2276,farm,254 Jennifer Isle Suite 073,Takoradi,GH,5.466384,10.709262
2277,Nairobi Farm Site 2277,farm,943 John Meadows Suite 550,Nairobi,KE,6.85191,31.787168
2278,Kano Farm Site 2278,farm,7172 Thomas Square Apt. 683,Kano,NG,12.638509,16.068611
2279,Ibadan Farm Site 2279,farm,91997 Valerie Passage Suite 983,Ibadan,NG,7.987757,4.893112
2280,Benin City Farm Site 2280,farm,705 Philip Rest Suite 865,Benin City,NG,9.057886,0.503354
2281,Accra Farm Site 2281,farm,261 Joshua Ports Apt. 361,Accra,GH,13.10157,32.939713
2282,Uyo Farm Site 2282,farm,16636 Gray Shoal,Uyo,NG,10.941658,23.323175
2283,Benin City Farm Site 2283,farm,3337 Deborah Track,Benin City,NG,12.671438,8.728326
2284,Lagos Farm Site 2284,farm,45542 Pearson Groves,Lagos,NG,12.457566,19.340111
2285,Abuja Farm Site 2285,farm,652 Reyes Harbors,Abuja,NG,6.432103,-2.989105
2286,Kumasi Farm Site 2286,farm,6521 Elizabeth Heights Apt. 411,Kumasi,GH,8.219225,28.2689
2287,Port Harcourt Farm Site 2287,farm,2688 Torres Creek Suite 600,Port Harcourt,NG,10.890216,7.40083
2288,Port Harcourt Farm Site 2288,farm,633 Steven Islands Suite 362,Port Harcourt,NG,7.381607,6.483866
2289,Uyo Farm Site 2289,farm,10268 John Crossroad Apt. 133,Uyo,NG,8.616895,26.543715
2290,Enugu Farm Site 2290,farm,7818 Todd Grove,Enugu,NG,12.896418,27.713475
2291,Accra Farm Site 2291,farm,1897 Stark Pines Suite 999,Accra,GH,4.683461,7.250466
2292,Nairobi Farm Site 2292,farm,3097 Lee Branch,Nairobi,KE,12.636286,-0.462168
2293,Enugu Farm Site 2293,farm,84361 Mckay Mission,Enugu,NG,10.637213,10.715612
2294,Ibadan Farm Site 2294,farm,3343 Cooke Views Suite 364,Ibadan,NG,11.215853,-2.660576
2295,Tamale Farm Site 2295,farm,985 Patricia Lock Suite 986,Tamale,GH,11.354782,38.412843
2296,Ibadan Farm Site 2296,farm,2448 Kayla Park Suite 721,Ibadan,NG,9.68456,40.319052
2297,Uyo Farm Site 2297,farm,7484 Jacob Club,Uyo,NG,12.179633,30.898942
2298,Uyo Farm Site 2298,farm,46050 Joseph Lodge,Uyo,NG,10.280805,30.974268
2299,Abuja Farm Site 2299,farm,53341 Foster Ports,Abuja,NG,10.045855,17.284851
2300,Nakuru Farm Site 2300,farm,3374 Emily Viaduct Suite 189,Nakuru,KE,9.332387,9.962073
2301,Benin City Farm Site 2301,farm,8359 Brittany Highway Apt. 670,Benin City,NG,4.120339,13.624966
2302,Enugu Farm Site 2302,farm,1079 Joel Brooks Apt. 666,Enugu,NG,7.230061,2.426772
2303,Kumasi Farm Site 2303,farm,13824 Garcia Meadows Apt. 595,Kumasi,GH,5.966203,-0.885483
2304,Abuja Farm Site 2304,farm,917 Franco Circle Apt. 659,Abuja,NG,12.397622,1.976331
2305,Benin City Farm Site 2305,farm,2419 Tina Way,Benin City,NG,12.36281,4.166334
2306,Ibadan Farm Site 2306,farm,972 Christopher Lock,Ibadan,NG,10.537416,-0.993721
2307,Kano Farm Site 2307,farm,86211 Park Walk,Kano,NG,11.547707,2.471914
2308,Kano Farm Site 2308,farm,9150 Allen Forges Suite 217,Kano,NG,10.572313,5.317746
2309,Lagos Farm Site 2309,farm,29632 Allison Glens,Lagos,NG,11.287777,0.662651
2310,Uyo Farm Site 2310,farm,9397 Christina Overpass Suite 496,Uyo,NG,12.72591,31.307718
2311,Lagos Farm Site 2311,farm,079 Vargas Garden Apt. 906,Lagos,NG,5.834821,1.654275
2312,Nakuru Farm Site 2312,farm,653 Melvin Pines,Nakuru,KE,12.258267,-0.917768
2313,Ibadan Farm Site 2313,farm,0956 Mann Lake,Ibadan,NG,7.984831,9.07434
2314,Lagos Farm Site 2314,farm,28979 April Bypass,Lagos,NG,8.64474,37.488013
2315,Kumasi Farm Site 2315,farm,61008 Hunter Locks,Kumasi,GH,12.648754,17.474333
2316,Nakuru Farm Site 2316,farm,2505 Lucas Prairie,Nakuru,KE,9.940258,5.320129
2317,Enugu Farm Site 2317,farm,4368 Williams Extension Apt. 602,Enugu,NG,4.5777,5.643436
2318,Enugu Farm Site 2318,farm,6092 Barrera Well,Enugu,NG,11.115209,21.982109
2319,Ibadan Farm Site 2319,farm,609 Gary View,Ibadan,NG,10.231691,17.285469
2320,Abuja Farm Site 2320,farm,6216 Ochoa Locks,Abuja,NG,6.626685,34.269665
2321,Kumasi Farm Site 2321,farm,5126 Obrien Cove,Kumasi,GH,11.034444,30.072886
2322,Ibadan Farm Site 2322,farm,333 Jennifer Lakes Apt. 747,Ibadan,NG,5.018165,32.132227
2323,Lagos Farm Site 2323,farm,1978 Thomas Squares Suite 516,Lagos,NG,10.388946,10.993864
2324,Enugu Farm Site 2324,farm,831 Denise Row,Enugu,NG,6.404215,4.625152
2325,Takoradi Farm Site 2325,farm,5897 Ashley Street,Takoradi,GH,11.353168,8.088405
2326,Kisumu Farm Site 2326,farm,545 Elizabeth Hills Suite 884,Kisumu,KE,13.296282,24.046859
2327,Enugu Farm Site 2327,farm,035 Rojas Shores,Enugu,NG,4.569616,33.075423
2328,Benin City Farm Site 2328,farm,09837 Dominguez Lake Suite 486,Benin City,NG,7.64248,33.07727
2329,Uyo Farm Site 2329,farm,052 Kathryn Centers Apt. 329,Uyo,NG,10.91711,29.372625
2330,Ibadan Farm Site 2330,farm,832 Adams Walks,Ibadan,NG,12.552197,5.150628
2331,Benin City Farm Site 2331,farm,720 Brandon Roads Suite 780,Benin City,NG,10.139099,7.739042
2332,Uyo Farm Site 2332,farm,4405 Gregory Wells Apt. 288,Uyo,NG,5.562044,15.609306
2333,Kumasi Farm Site 2333,farm,474 David Forge Suite 871,Kumasi,GH,12.821993,-0.524504
2334,Enugu Farm Site 2334,farm,8701 Lane Isle,Enugu,NG,8.141292,34.508402
2335,Uyo Farm Site 2335,farm,9376 Velasquez Trail Suite 628,Uyo,NG,5.679142,0.995266
2336,Nakuru Farm Site 2336,farm,2283 John Row Apt. 193,Nakuru,KE,13.042323,19.39005
2337,Kano Farm Site 2337,farm,2076 Colon Haven,Kano,NG,6.317839,7.718189
2338,Takoradi Farm Site 2338,farm,6716 Ronnie Harbors Suite 064,Takoradi,GH,5.065103,4.647175
2339,Port Harcourt Farm Site 2339,farm,277 Omar Via,Port Harcourt,NG,6.863052,17.49168
2340,Kisumu Farm Site 2340,farm,509 Griffith Ramp,Kisumu,KE,6.799785,29.912964
2341,Mombasa Farm Site 2341,farm,194 Webb Trail,Mombasa,KE,8.909743,0.500257
2342,Tamale Farm Site 2342,farm,8669 William Lodge,Tamale,GH,9.219061,8.417593
2343,Ibadan Farm Site 2343,farm,710 Bullock Drive,Ibadan,NG,5.482888,21.363111
2344,Kano Farm Site 2344,farm,102 Hale Stream Apt. 788,Kano,NG,11.333261,16.751244
2345,Abuja Farm Site 2345,farm,87234 Samantha Rapids Apt. 683,Abuja,NG,9.664652,-0.905509
2346,Abuja Farm Site 2346,farm,204 Taylor Meadows Apt. 887,Abuja,NG,9.977242,35.5317
2347,Enugu Farm Site 2347,farm,53054 Simmons Valley,Enugu,NG,5.480871,-2.455671
2348,Tamale Farm Site 2348,farm,304 Joe Ridge Apt. 241,Tamale,GH,7.004656,-0.967206
2349,Benin City Farm Site 2349,farm,71754 Hernandez Parkway,Benin City,NG,5.911162,-0.192952
2350,Kano Farm Site 2350,farm,7302 Allen Parkways Apt. 399,Kano,NG,10.627818,34.204172
2351,Enugu Farm Site 2351,farm,22792 Jaime Rue,Enugu,NG,5.14239,14.363935
2352,Tamale Farm Site 2352,farm,063 Williams Views Apt. 358,Tamale,GH,5.80189,22.385421
2353,Accra Farm Site 2353,farm,654 Erica Corners Apt. 074,Accra,GH,10.324903,38.623239
2354,Takoradi Farm Site 2354,farm,237 Christie Pine Apt. 809,Takoradi,GH,5.382963,0.543798
2355,Port Harcourt Farm Site 2355,farm,0633 Margaret Knolls,Port Harcourt,NG,4.000556,29.504257
2356,Kumasi Farm Site 2356,farm,46978 Dennis Corners Apt. 189,Kumasi,GH,13.133108,11.842767
2357,Enugu Farm Site 2357,farm,7845 Ana Orchard Suite 769,Enugu,NG,4.614448,18.819529
2358,Abuja Farm Site 2358,farm,219 Maureen Shoal,Abuja,NG,9.160048,22.957663
2359,Accra Farm Site 2359,farm,6681 Davis Prairie,Accra,GH,5.680582,23.470626
2360,Accra Farm Site 2360,farm,01543 James Extensions,Accra,GH,9.094478,6.829218
2361,Kano Farm Site 2361,farm,51172 Chelsea Estate Suite 253,Kano,NG,12.93749,35.878385
2362,Benin City Farm Site 2362,farm,847 Deborah Course,Benin City,NG,11.367668,23.584075
2363,Port Harcourt Farm Site 2363,farm,46276 Barry Neck Apt. 021,Port Harcourt,NG,9.04216,13.51196
2364,Benin City Farm Site 2364,farm,49584 Kirk Passage Suite 088,Benin City,NG,11.430632,35.674862
2365,Ibadan Farm Site 2365,farm,3524 Philip Wells Suite 692,Ibadan,NG,10.931684,40.563903
2366,Benin City Farm Site 2366,farm,641 Jamie Ferry,Benin City,NG,5.945215,14.656224
2367,Enugu Farm Site 2367,farm,789 Gregory Forges,Enugu,NG,5.156472,15.031521
2368,Accra Farm Site 2368,farm,3182 Tiffany Route Suite 697,Accra,GH,9.791071,4.738761
2369,Takoradi Farm Site 2369,farm,05276 Lucas Groves Apt. 860,Takoradi,GH,6.645496,39.4275
2370,Abuja Farm Site 2370,farm,086 Angela Course Apt. 995,Abuja,NG,6.139715,40.345771
2371,Lagos Farm Site 2371,farm,01157 Anderson Streets Apt. 128,Lagos,NG,13.397791,15.458838
2372,Tamale Farm Site 2372,farm,958 Weber Islands,Tamale,GH,5.881283,19.211131
2373,Uyo Farm Site 2373,farm,9448 French Freeway Suite 337,Uyo,NG,13.4177,1.035213
2374,Kano Farm Site 2374,farm,0571 Hart Harbors Apt. 443,Kano,NG,7.434425,20.839711
2375,Abuja Farm Site 2375,farm,80977 Corey Drives,Abuja,NG,12.102611,3.019616
2376,Lagos Farm Site 2376,farm,8705 Andrea Island Suite 214,Lagos,NG,6.858284,-1.436226
2377,Tamale Farm Site 2377,farm,074 Marshall Dam Suite 202,Tamale,GH,9.352202,25.434811
2378,Enugu Farm Site 2378,farm,1048 Kyle Valleys,Enugu,NG,6.593809,25.064961
2379,Lagos Farm Site 2379,farm,5967 Gentry Forest,Lagos,NG,4.683359,26.825129
2380,Abuja Farm Site 2380,farm,187 Williams Inlet,Abuja,NG,12.328447,12.36452
2381,Nakuru Farm Site 2381,farm,17425 Leroy Plains,Nakuru,KE,10.182162,18.358148
2382,Kano Farm Site 2382,farm,0246 Wilson Stream Apt. 857,Kano,NG,7.806162,19.471087
2383,Uyo Farm Site 2383,farm,27687 Snyder Hollow Apt. 804,Uyo,NG,5.063515,14.143587
2384,Enugu Farm Site 2384,farm,2333 Scott Court Apt. 352,Enugu,NG,9.617752,6.517421
2385,Ibadan Farm Site 2385,farm,39326 Watkins Groves Suite 089,Ibadan,NG,5.775047,7.921216
2386,Lagos Farm Site 2386,farm,063 Snyder Circle Apt. 548,Lagos,NG,8.492305,37.553236
2387,Ibadan Farm Site 2387,farm,6444 Cindy Forges Apt. 035,Ibadan,NG,5.891066,6.56386
2388,Uyo Farm Site 2388,farm,82450 Sutton Road Suite 638,Uyo,NG,4.575549,9.410844
2389,Kumasi Farm Site 2389,farm,39146 Nicholas Run Apt. 849,Kumasi,GH,9.649268,21.492307
2390,Lagos Farm Site 2390,farm,1643 Alexis Greens Apt. 871,Lagos,NG,6.33888,3.717048
2391,Enugu Farm Site 2391,farm,385 Gary Island Apt. 244,Enugu,NG,11.384254,4.797185
2392,Uyo Farm Site 2392,farm,3072 Bryan Common Apt. 692,Uyo,NG,11.859995,11.149294
2393,Abuja Farm Site 2393,farm,3708 Jack Isle Apt. 575,Abuja,NG,9.030039,3.860848
2394,Enugu Farm Site 2394,farm,0302 Thompson Plains Suite 239,Enugu,NG,13.252622,22.078641
2395,Kumasi Farm Site 2395,farm,059 Mclean Port Apt. 078,Kumasi,GH,7.812391,26.581564
2396,Nairobi Farm Site 2396,farm,6377 Brittany Stravenue,Nairobi,KE,8.789228,20.690045
2397,Kano Farm Site 2397,farm,8624 Jennifer Heights Apt. 698,Kano,NG,6.507027,19.345645
2398,Kano Farm Site 2398,farm,733 Moore Road,Kano,NG,4.613027,10.828682
2399,Abuja Farm Site 2399,farm,33884 Wu Flats Suite 946,Abuja,NG,11.326778,12.126259
2400,Kumasi Farm Site 2400,farm,11777 Linda Wall Suite 774,Kumasi,GH,10.265355,8.530579
2401,Uyo Farm Site 2401,farm,857 Alan Rue Suite 299,Uyo,NG,5.744644,39.812368
2402,Takoradi Farm Site 2402,farm,4735 Christopher Summit Apt. 979,Takoradi,GH,10.4332,4.397848
2403,Benin City Farm Site 2403,farm,9344 Sanford Loop Suite 517,Benin City,NG,11.185851,3.03065
2404,Kano Farm Site 2404,farm,3185 Eric Knoll Apt. 628,Kano,NG,10.70876,26.447279
2405,Uyo Farm Site 2405,farm,1629 Jack Rapid Suite 449,Uyo,NG,5.20469,19.204078
2406,Abuja Farm Site 2406,farm,3629 Jackson Summit,Abuja,NG,9.808243,20.093797
2407,Enugu Farm Site 2407,farm,8408 Benjamin Lake,Enugu,NG,11.265362,0.265587
2408,Lagos Farm Site 2408,farm,90448 Kristina Loaf Suite 100,Lagos,NG,7.431461,28.946128
2409,Mombasa Farm Site 2409,farm,216 Randall Glen,Mombasa,KE,6.009291,28.278517
2410,Kano Farm Site 2410,farm,76701 Caitlin Cape Suite 767,Kano,NG,7.886535,39.505788
2411,Enugu Farm Site 2411,farm,392 Russell Corners Suite 816,Enugu,NG,6.697777,20.894218
2412,Kano Farm Site 2412,farm,23343 Nelson Summit Apt. 678,Kano,NG,6.71668,1.108531
2413,Lagos Farm Site 2413,farm,4889 Denise Estates Suite 377,Lagos,NG,9.309116,31.474997
2414,Kumasi Farm Site 2414,farm,23936 Jessica Harbors Apt. 997,Kumasi,GH,12.58018,26.980435
2415,Uyo Farm Site 2415,farm,039 Weber Points Apt. 067,Uyo,NG,6.945276,29.478181
2416,Tamale Farm Site 2416,farm,741 Green Village Apt. 568,Tamale,GH,8.172885,2.2474
2417,Benin City Farm Site 2417,farm,1622 Heather Harbors Suite 796,Benin City,NG,8.347033,4.58545
2418,Port Harcourt Farm Site 2418,farm,76781 Carey Throughway Apt. 298,Port Harcourt,NG,7.108961,38.210465
2419,Uyo Farm Site 2419,farm,08054 Nicole Port Suite 361,Uyo,NG,11.276297,2.793238
2420,Benin City Farm Site 2420,farm,52428 Hoover Shore,Benin City,NG,6.054288,8.22512
2421,Uyo Farm Site 2421,farm,771 Ryan Bridge Suite 668,Uyo,NG,11.809198,12.383758
2422,Port Harcourt Farm Site 2422,farm,7624 Salinas Plaza Apt. 930,Port Harcourt,NG,5.994923,11.700005
2423,Nakuru Farm Site 2423,farm,9454 Tina Corner Apt. 891,Nakuru,KE,7.997408,29.296031
2424,Abuja Farm Site 2424,farm,8107 Chambers Flat Apt. 215,Abuja,NG,12.551149,27.342759
2425,Benin City Farm Site 2425,farm,9428 James Glen,Benin City,NG,10.964087,26.034247
2426,Nairobi Farm Site 2426,farm,3503 Amber Via Apt. 029,Nairobi,KE,8.422142,1.372625
2427,Takoradi Farm Site 2427,farm,248 Meagan Coves Suite 843,Takoradi,GH,12.234228,25.426255
2428,Uyo Farm Site 2428,farm,452 Robinson Viaduct Suite 828,Uyo,NG,6.292159,36.582739
2429,Takoradi Farm Site 2429,farm,6161 Jeffrey Streets,Takoradi,GH,6.788881,-2.091114
2430,Uyo Farm Site 2430,farm,1932 Eric Expressway Suite 025,Uyo,NG,12.512132,-0.675554
2431,Uyo Farm Site 2431,farm,90051 Victoria Crest Apt. 773,Uyo,NG,9.322981,34.076394
2432,Ibadan Farm Site 2432,farm,728 Cynthia Circle Suite 783,Ibadan,NG,12.29568,4.122165
2433,Ibadan Farm Site 2433,farm,617 Clayton Flat Suite 613,Ibadan,NG,8.520519,0.334413
2434,Kano Farm Site 2434,farm,100 Renee Meadow,Kano,NG,11.925146,2.310068
2435,Ibadan Farm Site 2435,farm,23817 Foley Garden Apt. 228,Ibadan,NG,11.585936,25.921423
2436,Abuja Farm Site 2436,farm,066 Dixon Rapid,Abuja,NG,4.100671,-0.570716
2437,Abuja Farm Site 2437,farm,3843 Meyer Plains Suite 630,Abuja,NG,12.857197,23.543734
2438,Accra Farm Site 2438,farm,210 Burgess Fords Suite 665,Accra,GH,5.336179,19.329012
2439,Takoradi Farm Site 2439,farm,153 Derek Ports,Takoradi,GH,4.993789,23.035201
2440,Uyo Farm Site 2440,farm,9558 Henson Dale Apt. 958,Uyo,NG,6.231464,22.376462
2441,Tamale Farm Site 2441,farm,729 Johnson Trace Suite 120,Tamale,GH,11.753134,12.128055
2442,Tamale Farm Site 2442,farm,98222 Durham Mountains Apt. 504,Tamale,GH,12.65765,15.660564
2443,Takoradi Farm Site 2443,farm,3563 Ryan Plains Apt. 593,Takoradi,GH,5.13576,-1.482237
2444,Mombasa Farm Site 2444,farm,32529 Cook Extension Suite 136,Mombasa,KE,6.930591,33.284687
2445,Kano Farm Site 2445,farm,10122 Nancy Extensions Apt. 780,Kano,NG,6.551229,5.710381
2446,Kisumu Farm Site 2446,farm,10276 Cooper Rest Suite 732,Kisumu,KE,4.061443,33.268563
2447,Lagos Farm Site 2447,farm,1008 Harrell Plain Apt. 437,Lagos,NG,11.710799,20.116646
2448,Kano Farm Site 2448,farm,1999 Benson River Apt. 553,Kano,NG,8.289273,10.12337
2449,Lagos Farm Site 2449,farm,1660 Heather Centers Suite 245,Lagos,NG,5.268664,1.048443
2450,Kisumu Farm Site 2450,farm,79687 Angela Row,Kisumu,KE,9.273362,-0.590887
2451,Benin City Farm Site 2451,farm,791 Johnson Extension,Benin City,NG,12.604396,35.183584
2452,Kumasi Farm Site 2452,farm,8748 Arnold Rue Suite 752,Kumasi,GH,6.84391,21.447992
2453,Enugu Farm Site 2453,farm,613 Amber Lodge,Enugu,NG,6.907111,18.851163
2454,Benin City Farm Site 2454,farm,730 Kimberly Dale,Benin City,NG,12.049658,4.867831
2455,Benin City Farm Site 2455,farm,8527 Laura Ville Suite 484,Benin City,NG,8.737536,2.507722
2456,Enugu Farm Site 2456,farm,5841 Williams Cliff Suite 882,Enugu,NG,7.579915,15.190689
2457,Lagos Farm Site 2457,farm,71777 Avery Court Apt. 161,Lagos,NG,5.908786,25.831306
2458,Lagos Farm Site 2458,farm,237 Nathan Gateway Apt. 850,Lagos,NG,7.934329,35.352588
2459,Ibadan Farm Site 2459,farm,992 Robinson Shoals Suite 540,Ibadan,NG,9.424958,3.882418
2460,Accra Farm Site 2460,farm,577 Raymond Mountains,Accra,GH,10.773887,13.093743
2461,Takoradi Farm Site 2461,farm,950 Sanchez Circles Suite 646,Takoradi,GH,8.770781,19.447051
2462,Abuja Farm Site 2462,farm,320 Amy Shoal Suite 136,Abuja,NG,10.01273,20.267458
2463,Lagos Farm Site 2463,farm,18186 Hopkins Way,Lagos,NG,12.777474,13.678702
2464,Kano Farm Site 2464,farm,14995 Gutierrez Creek Apt. 176,Kano,NG,8.564345,18.449407
2465,Uyo Farm Site 2465,farm,029 Alvarez Lake Suite 563,Uyo,NG,5.021606,14.589399
2466,Uyo Farm Site 2466,farm,513 Thomas Key Apt. 921,Uyo,NG,6.458627,14.940465
2467,Mombasa Farm Site 2467,farm,60538 Cox Oval Apt. 517,Mombasa,KE,11.571686,27.29408
2468,Kisumu Farm Site 2468,farm,57022 Rachel Glens Apt. 553,Kisumu,KE,5.231957,3.460523
2469,Tamale Farm Site 2469,farm,2164 Charles Viaduct,Tamale,GH,12.323124,30.6852
2470,Ibadan Farm Site 2470,farm,1444 Solomon Estates,Ibadan,NG,9.727969,18.133655
2471,Uyo Farm Site 2471,farm,9002 Shane Throughway,Uyo,NG,6.823383,28.480015
2472,Takoradi Farm Site 2472,farm,937 Michael Inlet,Takoradi,GH,6.378927,33.894582
2473,Uyo Farm Site 2473,farm,0654 Joseph Plaza Suite 019,Uyo,NG,4.821239,4.112325
2474,Enugu Farm Site 2474,farm,891 Ferrell Coves Apt. 555,Enugu,NG,9.016361,20.557179
2475,Kano Farm Site 2475,farm,60322 Snow Squares,Kano,NG,12.412934,26.47306
2476,Lagos Farm Site 2476,farm,0048 Justin Green Suite 685,Lagos,NG,8.177574,3.593872
2477,Accra Farm Site 2477,farm,9182 Kelly Skyway,Accra,GH,8.157198,4.167447
2478,Tamale Farm Site 2478,farm,616 Wallace Court,Tamale,GH,4.131817,13.383174
2479,Enugu Farm Site 2479,farm,3031 Brown Harbors Suite 915,Enugu,NG,13.062849,4.810071
2480,Kano Farm Site 2480,farm,668 Snyder Place,Kano,NG,6.180535,15.836042
2481,Ibadan Farm Site 2481,farm,0749 Caitlin Fork Suite 313,Ibadan,NG,7.847933,17.946071
2482,Takoradi Farm Site 2482,farm,608 Brandi Heights,Takoradi,GH,7.209019,11.916195
2483,Nairobi Farm Site 2483,farm,684 Hart Shores Apt. 773,Nairobi,KE,4.52069,28.657895
2484,Enugu Farm Site 2484,farm,467 King Club Suite 528,Enugu,NG,10.339573,38.467018
2485,Uyo Farm Site 2485,farm,0108 Sims Lodge,Uyo,NG,13.422719,34.51112
2486,Tamale Farm Site 2486,farm,755 Zachary Park,Tamale,GH,11.730034,21.052712
2487,Abuja Farm Site 2487,farm,04031 Manuel Way Apt. 042,Abuja,NG,7.179011,9.298483
2488,Port Harcourt Farm Site 2488,farm,020 Robertson Ports,Port Harcourt,NG,8.668051,9.518913
2489,Benin City Farm Site 2489,farm,208 Ortiz Coves,Benin City,NG,8.994458,28.91638
2490,Uyo Farm Site 2490,farm,5994 Corey Passage Suite 803,Uyo,NG,11.423073,28.336567
2491,Tamale Farm Site 2491,farm,3965 Walsh Extension,Tamale,GH,10.985231,7.332513
2492,Lagos Farm Site 2492,farm,13227 Carolyn Light,Lagos,NG,6.253078,34.0022
2493,Kumasi Farm Site 2493,farm,9910 Gabrielle Alley,Kumasi,GH,8.173998,18.521141
2494,Port Harcourt Farm Site 2494,farm,6117 Thompson Mountains Apt. 665,Port Harcourt,NG,8.81896,24.872436
2495,Ibadan Farm Site 2495,farm,6218 Walker Street,Ibadan,NG,4.23277,-2.662692
2496,Kano Farm Site 2496,farm,09222 Garrett Run Apt. 204,Kano,NG,7.939763,4.85127
2497,Tamale Farm Site 2497,farm,06667 Lisa Landing,Tamale,GH,6.212561,12.081103
2498,Kumasi Farm Site 2498,farm,496 Jenkins View Suite 731,Kumasi,GH,10.394401,19.03618
2499,Accra Farm Site 2499,farm,033 Nguyen Course,Accra,GH,10.187916,7.974352
2500,Benin City Farm Site 2500,farm,0602 Rangel Drives,Benin City,NG,5.106699,14.635107
2501,Port Harcourt Farm Site 2501,farm,581 Michelle Plaza,Port Harcourt,NG,4.585726,3.173261
2502,Nairobi Farm Site 2502,farm,7251 Wright Street Suite 755,Nairobi,KE,5.91111,34.036039
2503,Kumasi Farm Site 2503,farm,23034 Aguilar River Suite 243,Kumasi,GH,7.936995,39.123132
2504,Tamale Farm Site 2504,farm,67570 John Branch,Tamale,GH,4.861625,28.419732
2505,Ibadan Farm Site 2505,farm,61725 Victoria Haven Suite 586,Ibadan,NG,9.132866,15.458524
2506,Benin City Farm Site 2506,farm,948 Justin Circles Suite 462,Benin City,NG,11.740265,25.797931
2507,Kumasi Farm Site 2507,farm,18010 Candace Parkway Suite 708,Kumasi,GH,13.336049,23.040397
2508,Kano Farm Site 2508,farm,5713 Anthony Summit Apt. 735,Kano,NG,6.789835,32.650947
2509,Lagos Farm Site 2509,farm,486 Lisa Springs,Lagos,NG,6.180592,33.749409
2510,Mombasa Farm Site 2510,farm,85808 Diane Groves Suite 033,Mombasa,KE,11.476901,33.228836
2511,Enugu Farm Site 2511,farm,608 Phillips Center,Enugu,NG,11.030085,30.860754
2512,Port Harcourt Farm Site 2512,farm,781 Richards Path,Port Harcourt,NG,7.009011,14.153076
2513,Benin City Farm Site 2513,farm,843 Timothy Mews Suite 453,Benin City,NG,12.872442,10.794911
2514,Uyo Farm Site 2514,farm,647 Richardson Village Apt. 051,Uyo,NG,4.88522,40.622116
2515,Uyo Farm Site 2515,farm,44305 Munoz Terrace,Uyo,NG,8.794667,18.124141
2516,Uyo Farm Site 2516,farm,557 Phillip Roads,Uyo,NG,6.174768,35.257236
2517,Abuja Farm Site 2517,farm,33532 Rosario Plains,Abuja,NG,5.851279,22.44134
2518,Ibadan Farm Site 2518,farm,276 Peterson Flat,Ibadan,NG,7.311389,2.679657
2519,Ibadan Farm Site 2519,farm,9924 Nathan Villages,Ibadan,NG,10.961134,-2.419074
2520,Kano Farm Site 2520,farm,91858 Lucas Isle,Kano,NG,12.846103,15.395232
2521,Nairobi Farm Site 2521,farm,51459 Cynthia Pike,Nairobi,KE,6.776351,30.702405
2522,Port Harcourt Farm Site 2522,farm,6562 Johnson Islands,Port Harcourt,NG,6.586185,33.18651
2523,Takoradi Farm Site 2523,farm,787 Christopher Mission Apt. 525,Takoradi,GH,7.988044,15.092573
2524,Kisumu Farm Site 2524,farm,4750 Elizabeth Plains Suite 236,Kisumu,KE,12.730421,-1.99337
2525,Kisumu Farm Site 2525,farm,98677 Gonzalez Highway,Kisumu,KE,13.474454,40.532128
2526,Ibadan Farm Site 2526,farm,9848 Roberta Creek Suite 016,Ibadan,NG,4.886694,40.58096
2527,Lagos Farm Site 2527,farm,2020 Samantha Lights,Lagos,NG,12.055577,24.472065
2528,Ibadan Farm Site 2528,farm,17379 Melanie Expressway Apt. 049,Ibadan,NG,11.297468,6.577501
2529,Port Harcourt Farm Site 2529,farm,4903 Lee Shore Apt. 334,Port Harcourt,NG,7.861588,19.871358
2530,Kano Farm Site 2530,farm,951 Garcia Gateway,Kano,NG,11.970462,-2.730245
2531,Kumasi Farm Site 2531,farm,2515 Michael Spurs Suite 838,Kumasi,GH,6.271181,5.021447
2532,Ibadan Farm Site 2532,farm,55414 Scott Trail Apt. 249,Ibadan,NG,7.40422,-2.300734
2533,Lagos Farm Site 2533,farm,2331 Jacob Ville,Lagos,NG,13.475525,20.275554
2534,Accra Farm Site 2534,farm,65248 Horton Oval Apt. 079,Accra,GH,6.469179,5.40739
2535,Port Harcourt Farm Site 2535,farm,69621 Brian Lock Suite 115,Port Harcourt,NG,10.554627,28.040976
2536,Lagos Farm Site 2536,farm,37504 Robert Manors,Lagos,NG,12.14956,13.462424
2537,Lagos Farm Site 2537,farm,071 Mary Dam,Lagos,NG,12.239271,29.556363
2538,Mombasa Farm Site 2538,farm,2171 Michael Squares,Mombasa,KE,7.339154,9.681799
2539,Enugu Farm Site 2539,farm,355 Lisa Neck,Enugu,NG,10.680204,4.83499
2540,Lagos Farm Site 2540,farm,232 Ferguson Key,Lagos,NG,5.915384,19.458602
2541,Kano Farm Site 2541,farm,6261 Jacob Road,Kano,NG,7.83156,12.184986
2542,Lagos Farm Site 2542,farm,1552 Austin Track Apt. 337,Lagos,NG,10.081567,9.137552
2543,Enugu Farm Site 2543,farm,38778 Paul Parkway,Enugu,NG,4.615242,35.270803
2544,Ibadan Farm Site 2544,farm,01574 Chad Burgs,Ibadan,NG,5.764358,15.479099
2545,Enugu Farm Site 2545,farm,17160 Powell Drives,Enugu,NG,10.999331,3.988691
2546,Tamale Farm Site 2546,farm,591 Franklin Plains,Tamale,GH,10.399665,-2.941559
2547,Enugu Farm Site 2547,farm,382 Miller Plain Apt. 410,Enugu,NG,6.512008,8.949047
2548,Abuja Farm Site 2548,farm,72561 Herrera Plaza,Abuja,NG,4.4675,38.00152
2549,Abuja Farm Site 2549,farm,966 Robert Springs Apt. 495,Abuja,NG,12.632053,34.35085
2550,Enugu Farm Site 2550,farm,31788 Albert Estate Suite 408,Enugu,NG,13.420195,13.530106
2551,Port Harcourt Farm Site 2551,farm,454 Mike Branch,Port Harcourt,NG,7.690564,31.068387
2552,Port Harcourt Farm Site 2552,farm,9605 Nicole Route Suite 818,Port Harcourt,NG,5.538125,35.409023
2553,Kumasi Farm Site 2553,farm,151 Ruiz Mountains,Kumasi,GH,10.261609,9.872074
2554,Enugu Farm Site 2554,farm,977 Larson Views Apt. 893,Enugu,NG,5.166215,4.204096
2555,Benin City Farm Site 2555,farm,60935 Williams Ford Apt. 188,Benin City,NG,10.629303,1.66146
2556,Kano Farm Site 2556,farm,347 William Mews Apt. 151,Kano,NG,6.329594,5.201435
2557,Lagos Farm Site 2557,farm,4662 Andrade Viaduct Apt. 614,Lagos,NG,4.577059,39.80334
2558,Abuja Farm Site 2558,farm,1969 Sarah Knoll Apt. 646,Abuja,NG,13.152207,13.735774
2559,Enugu Farm Site 2559,farm,78566 Joseph Course,Enugu,NG,9.114382,9.600131
2560,Lagos Farm Site 2560,farm,10562 Nicholas Squares Apt. 583,Lagos,NG,7.496616,-2.068273
2561,Ibadan Farm Site 2561,farm,6981 Marie Hollow Suite 138,Ibadan,NG,12.286444,11.44316
2562,Uyo Farm Site 2562,farm,2145 James River Apt. 091,Uyo,NG,4.841284,16.846855
2563,Accra Farm Site 2563,farm,8732 Jessica Locks Suite 868,Accra,GH,9.193817,28.840942
2564,Port Harcourt Farm Site 2564,farm,5738 Hudson Falls,Port Harcourt,NG,10.722069,36.189409
2565,Uyo Farm Site 2565,farm,2906 William Orchard,Uyo,NG,8.327671,38.881164
2566,Nairobi Farm Site 2566,farm,0472 Christopher Knolls Apt. 130,Nairobi,KE,10.115461,2.507642
2567,Accra Farm Site 2567,farm,4043 Maria Groves Apt. 576,Accra,GH,7.610399,6.453122
2568,Port Harcourt Farm Site 2568,farm,1415 Laura Drive,Port Harcourt,NG,9.286944,13.506663
2569,Enugu Farm Site 2569,farm,184 Tammy Spring,Enugu,NG,10.515148,31.191483
2570,Accra Farm Site 2570,farm,327 Rhodes Harbors,Accra,GH,6.331761,15.23414
2571,Ibadan Farm Site 2571,farm,6194 Bailey Square Suite 564,Ibadan,NG,7.121062,-2.19897
2572,Mombasa Farm Site 2572,farm,4714 Lewis Cliff Suite 236,Mombasa,KE,8.931985,25.483003
2573,Tamale Farm Site 2573,farm,144 Benson Street,Tamale,GH,12.145644,38.925345
2574,Port Harcourt Farm Site 2574,farm,83701 John Meadow Apt. 750,Port Harcourt,NG,7.574385,26.093514
2575,Enugu Farm Site 2575,farm,88795 Charles Land Apt. 372,Enugu,NG,7.035017,32.954944
2576,Nakuru Farm Site 2576,farm,8564 Jose Ways,Nakuru,KE,7.130931,21.241621
2577,Port Harcourt Farm Site 2577,farm,91118 Laura Cape,Port Harcourt,NG,10.700652,14.420896
2578,Lagos Farm Site 2578,farm,35040 James Wall,Lagos,NG,6.677776,11.81721
2579,Abuja Farm Site 2579,farm,838 Knapp River Suite 747,Abuja,NG,6.476354,7.785569
2580,Lagos Farm Site 2580,farm,67171 Ashley Lock Suite 437,Lagos,NG,11.275695,-2.638039
2581,Uyo Farm Site 2581,farm,838 Bradley Club Apt. 298,Uyo,NG,6.626526,12.773177
2582,Lagos Farm Site 2582,farm,762 Nicole Manors,Lagos,NG,6.645544,37.22864
2583,Port Harcourt Farm Site 2583,farm,768 Hale Harbor,Port Harcourt,NG,6.539258,12.411641
2584,Kisumu Farm Site 2584,farm,4109 Huff Islands,Kisumu,KE,9.762196,-2.77184
2585,Abuja Farm Site 2585,farm,917 Julie Squares Apt. 467,Abuja,NG,7.568997,30.534237
2586,Ibadan Farm Site 2586,farm,9098 Norris Grove,Ibadan,NG,10.473541,10.878888
2587,Kano Farm Site 2587,farm,3644 Jake Wells Apt. 004,Kano,NG,10.4346,3.267492
2588,Kisumu Farm Site 2588,farm,88754 Gibson Forest Apt. 388,Kisumu,KE,5.908973,20.498902
2589,Uyo Farm Site 2589,farm,50858 Grant Springs,Uyo,NG,4.505113,28.26205
2590,Benin City Farm Site 2590,farm,63355 Tony Flats Apt. 750,Benin City,NG,7.090875,0.755708
2591,Lagos Farm Site 2591,farm,5180 Hall Mountains,Lagos,NG,12.638806,8.009022
2592,Lagos Farm Site 2592,farm,543 Watts Turnpike Suite 289,Lagos,NG,13.249342,31.71843
2593,Kano Farm Site 2593,farm,4604 Hendrix Flats,Kano,NG,10.407572,14.808532
2594,Mombasa Farm Site 2594,farm,303 Dawn Unions Suite 404,Mombasa,KE,12.399304,8.951887
2595,Nairobi Farm Site 2595,farm,20775 Baker Walks Apt. 781,Nairobi,KE,9.901618,19.703721
2596,Takoradi Farm Site 2596,farm,220 Jennifer Inlet Apt. 883,Takoradi,GH,5.573902,33.000041
2597,Enugu Farm Site 2597,farm,44996 Nancy Extensions,Enugu,NG,8.607564,2.662982
2598,Benin City Farm Site 2598,farm,2928 Chavez Coves,Benin City,NG,9.538518,18.026423
2599,Abuja Farm Site 2599,farm,520 Koch Springs,Abuja,NG,7.318503,21.484562
2600,Accra Farm Site 2600,farm,7959 Franco Greens Suite 170,Accra,GH,8.365474,20.532329
2601,Lagos Farm Site 2601,farm,24475 Tanner Fork Apt. 017,Lagos,NG,6.393231,3.849266
2602,Lagos Farm Site 2602,farm,31667 Ryan Street Suite 686,Lagos,NG,9.246393,16.867667
2603,Port Harcourt Farm Site 2603,farm,55354 Wyatt Roads Suite 281,Port Harcourt,NG,5.602668,11.878449
2604,Nakuru Farm Site 2604,farm,1359 Mccormick Islands Suite 833,Nakuru,KE,10.712622,35.988513
2605,Port Harcourt Farm Site 2605,farm,14086 Young Oval,Port Harcourt,NG,11.01217,21.843133
2606,Lagos Farm Site 2606,farm,617 Wu Springs,Lagos,NG,12.875664,39.597164
2607,Abuja Farm Site 2607,farm,0309 Frey Mill Suite 950,Abuja,NG,8.869467,32.478108
2608,Ibadan Farm Site 2608,farm,520 Allen Mount,Ibadan,NG,4.922694,31.497838
2609,Lagos Farm Site 2609,farm,6018 Paul Freeway,Lagos,NG,8.808071,39.375639
2610,Uyo Farm Site 2610,farm,7593 Kelli Oval,Uyo,NG,7.217304,34.543234
2611,Kano Farm Site 2611,farm,7716 Stephanie Lodge,Kano,NG,8.533076,-1.620433
2612,Uyo Farm Site 2612,farm,40164 Maurice Via Suite 475,Uyo,NG,7.087501,15.907278
2613,Lagos Farm Site 2613,farm,538 Sara Prairie,Lagos,NG,12.908918,28.608207
2614,Port Harcourt Farm Site 2614,farm,7199 Danielle Cliff,Port Harcourt,NG,10.51026,6.365488
2615,Benin City Farm Site 2615,farm,23017 Briggs Pass Suite 144,Benin City,NG,12.756217,-0.652816
2616,Uyo Farm Site 2616,farm,463 Hunter Radial Suite 396,Uyo,NG,9.791386,39.33987
2617,Uyo Farm Site 2617,farm,993 Kelli Mountains,Uyo,NG,4.898161,1.146388
2618,Benin City Farm Site 2618,farm,22206 Amber Corner,Benin City,NG,9.563035,40.823357
2619,Nakuru Farm Site 2619,farm,6978 Shawn Avenue Suite 248,Nakuru,KE,6.426781,35.255187
2620,Lagos Farm Site 2620,farm,542 Amanda Hill,Lagos,NG,8.480845,18.746475
2621,Uyo Farm Site 2621,farm,8053 Patricia View Suite 189,Uyo,NG,8.755979,0.02795
2622,Kumasi Farm Site 2622,farm,5612 Taylor Burg Apt. 191,Kumasi,GH,11.121583,37.39884
2623,Abuja Farm Site 2623,farm,68915 Kevin Roads,Abuja,NG,6.725517,26.919812
2624,Nairobi Farm Site 2624,farm,1944 Evelyn Parks Apt. 325,Nairobi,KE,6.833977,22.033606
2625,Benin City Farm Site 2625,farm,1859 Hernandez Walk,Benin City,NG,10.718193,27.199958
2626,Takoradi Farm Site 2626,farm,588 Rebecca Parkways,Takoradi,GH,12.6495,21.526973
2627,Tamale Farm Site 2627,farm,2135 Jennifer Corner Suite 147,Tamale,GH,6.272727,29.207636
2628,Nakuru Farm Site 2628,farm,15708 Amy Island Suite 046,Nakuru,KE,4.984547,25.819545
2629,Enugu Farm Site 2629,farm,96463 Charles Road Apt. 914,Enugu,NG,5.933141,4.020762
2630,Abuja Farm Site 2630,farm,848 Bennett Key Apt. 240,Abuja,NG,7.327125,25.921909
2631,Lagos Farm Site 2631,farm,75447 Jake Wells Apt. 633,Lagos,NG,5.33871,10.030604
2632,Enugu Farm Site 2632,farm,95051 Castillo Shoal Apt. 979,Enugu,NG,12.411455,37.703976
2633,Mombasa Farm Site 2633,farm,827 Rodriguez Dale Suite 007,Mombasa,KE,10.177857,2.031216
2634,Kano Farm Site 2634,farm,734 Ochoa Ports,Kano,NG,9.880261,12.248379
2635,Ibadan Farm Site 2635,farm,541 Richard Passage,Ibadan,NG,4.305163,6.572254
2636,Ibadan Farm Site 2636,farm,3153 Dennis Cliff Suite 067,Ibadan,NG,5.233393,8.02112
2637,Tamale Farm Site 2637,farm,010 Brittney Inlet,Tamale,GH,11.662932,33.732368
2638,Nairobi Farm Site 2638,farm,69645 Sara Shoal Suite 664,Nairobi,KE,11.677691,12.390235
2639,Benin City Farm Site 2639,farm,998 Brian Land,Benin City,NG,12.462601,6.93715
2640,Abuja Farm Site 2640,farm,9792 Jill Highway Apt. 543,Abuja,NG,6.456799,35.440723
2641,Accra Farm Site 2641,farm,6932 Middleton Lakes,Accra,GH,6.050798,3.440205
2642,Lagos Farm Site 2642,farm,0736 Baldwin Flats,Lagos,NG,7.310531,21.518678
2643,Ibadan Farm Site 2643,farm,8379 Tucker Valleys Suite 407,Ibadan,NG,11.960843,-1.572775
2644,Kumasi Farm Site 2644,farm,4436 Michael Freeway,Kumasi,GH,12.109078,26.0787
2645,Enugu Farm Site 2645,farm,942 Summers Lock Suite 985,Enugu,NG,9.877873,10.591727
2646,Uyo Farm Site 2646,farm,05140 Mark Hollow,Uyo,NG,5.118931,20.028563
2647,Ibadan Farm Site 2647,farm,18888 Mccoy Rest Suite 038,Ibadan,NG,4.042709,14.560535
2648,Uyo Farm Site 2648,farm,11597 Walker Ports,Uyo,NG,11.576891,0.993435
2649,Ibadan Farm Site 2649,farm,07940 Lisa Extension,Ibadan,NG,11.63218,15.430574
2650,Takoradi Farm Site 2650,farm,083 Glover Springs,Takoradi,GH,7.899779,21.502846
2651,Tamale Farm Site 2651,farm,9168 Velazquez Trail,Tamale,GH,13.100669,39.538747
2652,Uyo Farm Site 2652,farm,979 Watson Falls Apt. 152,Uyo,NG,8.101516,25.936158
2653,Port Harcourt Farm Site 2653,farm,92422 Michael Branch Apt. 897,Port Harcourt,NG,5.598795,39.874383
2654,Kano Farm Site 2654,farm,8067 Christina Villages,Kano,NG,8.301241,3.584823
2655,Tamale Farm Site 2655,farm,68548 Hoffman Center Suite 905,Tamale,GH,4.801818,9.20872
2656,Benin City Farm Site 2656,farm,3855 Lee Manors Apt. 331,Benin City,NG,4.192399,21.351562
2657,Abuja Farm Site 2657,farm,40708 Gabriel Circle,Abuja,NG,6.795196,36.749795
2658,Port Harcourt Farm Site 2658,farm,4338 Diane Run Apt. 374,Port Harcourt,NG,6.683297,1.267172
2659,Uyo Farm Site 2659,farm,105 William Ville,Uyo,NG,7.677662,30.92928
2660,Ibadan Farm Site 2660,farm,3390 Robinson Pine,Ibadan,NG,6.371031,20.021951
2661,Lagos Farm Site 2661,farm,633 Patrick Meadow,Lagos,NG,9.936106,25.410725
2662,Enugu Farm Site 2662,farm,2578 Simmons View,Enugu,NG,12.499688,33.453814
2663,Enugu Farm Site 2663,farm,603 Cherry Dale,Enugu,NG,10.782741,9.169346
2664,Abuja Farm Site 2664,farm,462 Johnson Springs Apt. 291,Abuja,NG,9.605751,20.886288
2665,Uyo Farm Site 2665,farm,68646 Jones Field Suite 872,Uyo,NG,10.739389,39.513806
2666,Accra Farm Site 2666,farm,093 Catherine Points,Accra,GH,12.413773,6.14192
2667,Abuja Farm Site 2667,farm,855 Nancy Locks Apt. 612,Abuja,NG,9.433459,-0.274972
2668,Kumasi Farm Site 2668,farm,5304 Ryan Spring Apt. 236,Kumasi,GH,11.15091,-3.222426
2669,Nairobi Farm Site 2669,farm,74328 Justin Spur Suite 400,Nairobi,KE,5.301331,4.258306
2670,Uyo Farm Site 2670,farm,782 Calderon Flat,Uyo,NG,11.453855,12.4787
2671,Enugu Farm Site 2671,farm,3175 Angela Falls Suite 582,Enugu,NG,8.574689,32.569764
2672,Enugu Farm Site 2672,farm,112 Michael Squares,Enugu,NG,6.791209,10.663713
2673,Lagos Farm Site 2673,farm,1357 Alvarez Shore Suite 927,Lagos,NG,7.046562,36.329359
2674,Ibadan Farm Site 2674,farm,54918 Morgan Fields Apt. 711,Ibadan,NG,13.010621,8.56138
2675,Abuja Farm Site 2675,farm,75825 Michael Mission Suite 826,Abuja,NG,9.755575,35.450581
2676,Accra Farm Site 2676,farm,62255 Flores Turnpike Suite 664,Accra,GH,13.391353,-1.226041
2677,Ibadan Farm Site 2677,farm,606 John Divide,Ibadan,NG,10.776979,25.729376
2678,Kumasi Farm Site 2678,farm,989 Samuel Crescent,Kumasi,GH,4.818519,-0.312879
2679,Enugu Farm Site 2679,farm,12124 Alicia Wall Apt. 279,Enugu,NG,7.374569,34.608547
2680,Kano Farm Site 2680,farm,5108 Brown Causeway Apt. 625,Kano,NG,5.211558,40.844898
2681,Port Harcourt Farm Site 2681,farm,648 Lori Burg,Port Harcourt,NG,10.350027,34.656958
2682,Nairobi Farm Site 2682,farm,440 Robert Brook Apt. 294,Nairobi,KE,6.126266,22.954602
2683,Ibadan Farm Site 2683,farm,20968 Elizabeth Pass,Ibadan,NG,13.276107,18.128543
2684,Benin City Farm Site 2684,farm,6603 Tiffany Rapids,Benin City,NG,11.437545,40.436094
2685,Enugu Farm Site 2685,farm,158 Jon Mission Suite 745,Enugu,NG,8.235501,1.720967
2686,Uyo Farm Site 2686,farm,570 Teresa Mills Apt. 673,Uyo,NG,12.987015,35.471984
2687,Kumasi Farm Site 2687,farm,74548 Ellison Lights,Kumasi,GH,13.010152,11.8381
2688,Kano Farm Site 2688,farm,900 Cynthia Drive Apt. 106,Kano,NG,10.213058,40.560867
2689,Enugu Farm Site 2689,farm,1128 Murray Cliffs,Enugu,NG,4.020121,24.674252
2690,Abuja Farm Site 2690,farm,86867 Melissa Skyway Suite 829,Abuja,NG,12.728409,0.067992
2691,Benin City Farm Site 2691,farm,234 Harrison Garden Apt. 830,Benin City,NG,7.069052,27.520604
2692,Benin City Farm Site 2692,farm,5297 Angela Mountains,Benin City,NG,10.691364,40.078015
2693,Enugu Farm Site 2693,farm,193 Lindsay Spur Suite 370,Enugu,NG,5.291839,18.176191
2694,Lagos Farm Site 2694,farm,3684 Ronnie Court,Lagos,NG,12.337536,6.7066
2695,Nairobi Farm Site 2695,farm,949 Smith Shoals,Nairobi,KE,5.136945,28.1044
2696,Abuja Farm Site 2696,farm,9242 Jill Club,Abuja,NG,12.854773,30.789481
2697,Kano Farm Site 2697,farm,755 Moore Harbors Suite 246,Kano,NG,5.994899,15.466142
2698,Lagos Farm Site 2698,farm,142 Thomas Plaza,Lagos,NG,10.878525,11.886997
2699,Takoradi Farm Site 2699,farm,029 Huff Fort,Takoradi,GH,6.075137,9.947279
2700,Port Harcourt Farm Site 2700,farm,5413 Rogers Passage,Port Harcourt,NG,6.256101,8.031729
2701,Mombasa Farm Site 2701,farm,7297 John Turnpike,Mombasa,KE,9.292802,35.183556
2702,Lagos Farm Site 2702,farm,932 Connie Valley,Lagos,NG,12.38377,27.140468
2703,Tamale Farm Site 2703,farm,75164 Allen Pines,Tamale,GH,9.342018,1.337027
2704,Nakuru Farm Site 2704,farm,353 Bartlett Falls Suite 370,Nakuru,KE,4.44214,19.395484
2705,Kumasi Farm Site 2705,farm,2384 Gregory River,Kumasi,GH,5.619023,23.46354
2706,Enugu Farm Site 2706,farm,826 Wheeler Shoal,Enugu,NG,4.622381,27.842324
2707,Enugu Farm Site 2707,farm,5441 Williams Plains,Enugu,NG,11.623783,20.88572
2708,Takoradi Farm Site 2708,farm,4141 Mayo Squares,Takoradi,GH,11.662501,36.426816
2709,Kano Farm Site 2709,farm,564 Amy Spur Suite 567,Kano,NG,4.405583,25.262122
2710,Port Harcourt Farm Site 2710,farm,132 Joel Plains Suite 982,Port Harcourt,NG,4.226735,5.325148
2711,Kumasi Farm Site 2711,farm,859 Watkins Shore,Kumasi,GH,11.465915,0.683947
2712,Tamale Farm Site 2712,farm,3366 Randall Junction,Tamale,GH,11.296785,31.317757
2713,Lagos Farm Site 2713,farm,443 Alexandra Stravenue Suite 762,Lagos,NG,9.365621,24.267884
2714,Mombasa Farm Site 2714,farm,11785 Megan Square Apt. 800,Mombasa,KE,9.703312,39.047842
2715,Port Harcourt Farm Site 2715,farm,0528 Morgan Estate Apt. 607,Port Harcourt,NG,4.477774,16.738886
2716,Uyo Farm Site 2716,farm,29699 James Lodge Suite 238,Uyo,NG,10.432341,21.634924
2717,Accra Farm Site 2717,farm,587 Allison Run Suite 371,Accra,GH,7.49694,-1.522979
2718,Port Harcourt Farm Site 2718,farm,2766 Buck Radial Apt. 808,Port Harcourt,NG,10.595192,20.101018
2719,Lagos Farm Site 2719,farm,26051 Ritter Path Suite 970,Lagos,NG,9.179278,26.249827
2720,Tamale Farm Site 2720,farm,1064 Oconnor Walks Suite 624,Tamale,GH,12.372612,40.898797
2721,Tamale Farm Site 2721,farm,44353 Brenda Camp,Tamale,GH,4.482441,23.428539
2722,Enugu Farm Site 2722,farm,010 Jones Valley Suite 236,Enugu,NG,12.760076,18.330192
2723,Ibadan Farm Site 2723,farm,82599 Burton Springs,Ibadan,NG,11.689179,11.099355
2724,Enugu Farm Site 2724,farm,4364 Rodriguez Mission Apt. 894,Enugu,NG,5.968855,7.680189
2725,Abuja Farm Site 2725,farm,161 Smith Key,Abuja,NG,10.317507,0.602673
2726,Kano Farm Site 2726,farm,2155 Moore Rapids,Kano,NG,5.143682,23.062915
2727,Tamale Farm Site 2727,farm,35778 Kayla Fort,Tamale,GH,9.411549,38.172726
2728,Nakuru Farm Site 2728,farm,995 Richard Plains,Nakuru,KE,4.384344,22.580627
2729,Ibadan Farm Site 2729,farm,90191 Moses Motorway,Ibadan,NG,7.576541,24.685696
2730,Kano Farm Site 2730,farm,71584 Nicholas Branch,Kano,NG,10.670718,21.517748
2731,Abuja Farm Site 2731,farm,333 Carol Plaza Suite 240,Abuja,NG,5.090928,-2.639097
2732,Kano Farm Site 2732,farm,78141 Joseph Tunnel Suite 312,Kano,NG,10.256161,35.400252
2733,Lagos Farm Site 2733,farm,062 Simpson Pass,Lagos,NG,9.551118,22.474573
2734,Port Harcourt Farm Site 2734,farm,433 Kendra Meadow Suite 048,Port Harcourt,NG,8.104239,0.715349
2735,Kumasi Farm Site 2735,farm,361 Melissa Fords Apt. 598,Kumasi,GH,7.650378,-0.81784
2736,Ibadan Farm Site 2736,farm,05502 Krueger Ville,Ibadan,NG,7.742506,33.33767
2737,Tamale Farm Site 2737,farm,964 Jerome Shores,Tamale,GH,5.461985,21.58705
2738,Ibadan Farm Site 2738,farm,585 Martin Ramp,Ibadan,NG,8.930413,28.157026
2739,Port Harcourt Farm Site 2739,farm,9354 Lucas Fort,Port Harcourt,NG,13.02216,8.490543
2740,Takoradi Farm Site 2740,farm,766 Boyer Mountains,Takoradi,GH,8.287231,4.696035
2741,Kano Farm Site 2741,farm,584 Beth Keys Apt. 604,Kano,NG,9.086769,23.718663
2742,Enugu Farm Site 2742,farm,41948 Miller Throughway,Enugu,NG,9.576191,22.94346
2743,Abuja Farm Site 2743,farm,601 Brittney Wall,Abuja,NG,6.862406,11.130058
2744,Abuja Farm Site 2744,farm,40646 Heather Drives,Abuja,NG,7.696034,16.71319
2745,Benin City Farm Site 2745,farm,9122 Lucas Forest,Benin City,NG,12.991062,17.314466
2746,Ibadan Farm Site 2746,farm,0828 Donald Fords,Ibadan,NG,10.033491,18.256764
2747,Kisumu Farm Site 2747,farm,4754 Cordova Lock,Kisumu,KE,7.288289,7.817186
2748,Abuja Farm Site 2748,farm,6095 Bobby Tunnel Apt. 865,Abuja,NG,4.636235,21.014874
2749,Lagos Farm Site 2749,farm,173 Katrina Wells,Lagos,NG,11.774394,39.453697
2750,Kano Farm Site 2750,farm,18709 Jeffrey Bypass,Kano,NG,4.349538,24.775097
2751,Kano Farm Site 2751,farm,44918 Stephanie Trace,Kano,NG,10.959834,9.653807
2752,Enugu Farm Site 2752,farm,0844 Rodriguez Estates Suite 443,Enugu,NG,6.470594,5.583117
2753,Tamale Farm Site 2753,farm,89329 Gonzalez Cliff Suite 311,Tamale,GH,6.652121,22.577789
2754,Enugu Farm Site 2754,farm,3312 Erika Causeway,Enugu,NG,12.036111,6.694046
2755,Takoradi Farm Site 2755,farm,13502 Barrera Isle Suite 109,Takoradi,GH,7.515391,32.293705
2756,Accra Farm Site 2756,farm,531 Alexis Lights,Accra,GH,6.221656,23.976011
2757,Enugu Farm Site 2757,farm,595 House Mews Suite 520,Enugu,NG,8.245541,26.027882
2758,Tamale Farm Site 2758,farm,884 Diaz Route,Tamale,GH,12.445097,26.474417
2759,Tamale Farm Site 2759,farm,93055 Garcia Gateway Apt. 591,Tamale,GH,5.308251,34.983699
2760,Port Harcourt Farm Site 2760,farm,08498 Herrera Street,Port Harcourt,NG,12.56638,33.918769
2761,Lagos Farm Site 2761,farm,438 Smith Isle Suite 947,Lagos,NG,7.185799,35.022427
2762,Kano Farm Site 2762,farm,994 Lisa Village,Kano,NG,5.455637,6.978359
2763,Kano Farm Site 2763,farm,32613 George Islands,Kano,NG,8.435101,26.247423
2764,Takoradi Farm Site 2764,farm,563 Thompson Plain,Takoradi,GH,9.277611,19.188369
2765,Benin City Farm Site 2765,farm,169 Martinez Mount Suite 289,Benin City,NG,11.808132,25.223088
2766,Enugu Farm Site 2766,farm,5016 Christine Port Suite 911,Enugu,NG,9.945075,5.172728
2767,Port Harcourt Farm Site 2767,farm,31510 Williams Plaza Apt. 415,Port Harcourt,NG,7.484881,22.086125
2768,Nakuru Farm Site 2768,farm,834 William Neck Suite 832,Nakuru,KE,9.938113,40.146426
2769,Abuja Farm Site 2769,farm,95168 Garcia Plaza,Abuja,NG,10.906054,22.506897
2770,Lagos Farm Site 2770,farm,38819 Thomas Crest,Lagos,NG,11.787145,-1.867996
2771,Mombasa Farm Site 2771,farm,5207 Ross Lights,Mombasa,KE,11.285865,39.865635
2772,Mombasa Farm Site 2772,farm,5281 Warner Locks Suite 617,Mombasa,KE,5.051052,23.167323
2773,Tamale Farm Site 2773,farm,823 Faith Motorway,Tamale,GH,8.212031,36.645043
2774,Uyo Farm Site 2774,farm,73900 Lauren Isle Apt. 357,Uyo,NG,9.932496,20.337049
2775,Port Harcourt Farm Site 2775,farm,384 Kevin Roads,Port Harcourt,NG,9.994786,25.851524
2776,Enugu Farm Site 2776,farm,39359 Timothy Cape,Enugu,NG,5.815101,15.731826
2777,Benin City Farm Site 2777,farm,741 Morgan Motorway,Benin City,NG,6.587676,38.720658
2778,Kano Farm Site 2778,farm,97631 Brown Skyway,Kano,NG,4.971623,4.838927
2779,Accra Farm Site 2779,farm,084 David Walks,Accra,GH,5.964925,16.500592
2780,Port Harcourt Farm Site 2780,farm,399 Wade Lane,Port Harcourt,NG,11.059642,23.048873
2781,Takoradi Farm Site 2781,farm,65859 Robert Isle,Takoradi,GH,8.454821,27.458119
2782,Kumasi Farm Site 2782,farm,5497 Jordan Canyon Suite 923,Kumasi,GH,4.572512,-0.458813
2783,Uyo Farm Site 2783,farm,907 Michele Valleys,Uyo,NG,7.103244,30.492449
2784,Abuja Farm Site 2784,farm,428 Andrew Shores Apt. 915,Abuja,NG,10.712865,32.779355
2785,Takoradi Farm Site 2785,farm,011 Lambert Loop,Takoradi,GH,7.739803,15.012322
2786,Kano Farm Site 2786,farm,46572 Allison Point,Kano,NG,8.593703,15.18934
2787,Port Harcourt Farm Site 2787,farm,0686 Sparks Greens Apt. 154,Port Harcourt,NG,8.055057,10.170972
2788,Abuja Farm Site 2788,farm,9819 Cathy Forges,Abuja,NG,8.128604,3.381789
2789,Port Harcourt Farm Site 2789,farm,298 John Road,Port Harcourt,NG,10.592622,23.793822
2790,Kano Farm Site 2790,farm,043 Jonathan Lake Suite 039,Kano,NG,6.261937,3.099579
2791,Abuja Farm Site 2791,farm,9282 Jon Plain,Abuja,NG,7.799555,-2.533512
2792,Port Harcourt Farm Site 2792,farm,234 Mitchell Track Suite 573,Port Harcourt,NG,5.436128,-3.066735
2793,Lagos Farm Site 2793,farm,59797 Mendoza Manor Suite 228,Lagos,NG,9.83204,24.358101
2794,Enugu Farm Site 2794,farm,62301 Jennifer Villages Apt. 560,Enugu,NG,9.47039,40.741812
2795,Tamale Farm Site 2795,farm,2098 Hill Manors,Tamale,GH,7.449882,13.613429
2796,Kumasi Farm Site 2796,farm,5601 Stacy Inlet,Kumasi,GH,11.590492,29.877611
2797,Tamale Farm Site 2797,farm,322 Blankenship Club,Tamale,GH,12.978437,28.040905
2798,Enugu Farm Site 2798,farm,6775 Armstrong Tunnel Apt. 332,Enugu,NG,12.359341,24.583227
2799,Lagos Farm Site 2799,farm,61370 Ricky Ports,Lagos,NG,5.91804,16.396151
2800,Kano Farm Site 2800,farm,19461 Howard Highway,Kano,NG,7.997764,11.914791
2801,Lagos Farm Site 2801,farm,9910 Whitney Rue Suite 132,Lagos,NG,11.861616,11.449016
2802,Lagos Farm Site 2802,farm,54868 Charles Vista Apt. 769,Lagos,NG,10.862768,0.202138
2803,Enugu Farm Site 2803,farm,28533 Suzanne Roads,Enugu,NG,10.87242,2.327771
2804,Ibadan Farm Site 2804,farm,47066 Yolanda Isle,Ibadan,NG,11.904793,33.98872
2805,Nakuru Farm Site 2805,farm,44024 Bell Skyway Apt. 557,Nakuru,KE,6.807467,14.739986
2806,Accra Farm Site 2806,farm,845 Patrick Park Apt. 142,Accra,GH,12.66902,11.480729
2807,Nakuru Farm Site 2807,farm,00298 Weaver Walk,Nakuru,KE,7.919803,-2.661764
2808,Tamale Farm Site 2808,farm,07464 Brock Lake,Tamale,GH,4.32816,28.078475
2809,Tamale Farm Site 2809,farm,0433 Wolf Junction Suite 625,Tamale,GH,7.945595,-0.788276
2810,Nakuru Farm Site 2810,farm,93923 Jeffrey Inlet Apt. 411,Nakuru,KE,5.595854,-1.27446
2811,Benin City Farm Site 2811,farm,4094 Jodi Divide Suite 775,Benin City,NG,11.564496,28.191876
2812,Takoradi Farm Site 2812,farm,5684 Blair Corners,Takoradi,GH,5.534917,4.999282
2813,Ibadan Farm Site 2813,farm,4411 Davis Shoal Apt. 315,Ibadan,NG,9.14629,17.887118
2814,Enugu Farm Site 2814,farm,6906 Fernandez Course,Enugu,NG,12.218197,31.559735
2815,Benin City Farm Site 2815,farm,024 Smith Valley Apt. 809,Benin City,NG,8.494849,30.9331
2816,Lagos Farm Site 2816,farm,146 Russell Fall Apt. 961,Lagos,NG,9.103904,36.279465
2817,Benin City Farm Site 2817,farm,85477 Bryan Parkways Suite 318,Benin City,NG,11.70246,5.814459
2818,Lagos Farm Site 2818,farm,06773 Timothy Forges,Lagos,NG,10.54731,10.258172
2819,Ibadan Farm Site 2819,farm,559 Karen Highway Apt. 598,Ibadan,NG,4.320265,-2.270112
2820,Enugu Farm Site 2820,farm,46031 Rebecca Meadows Suite 623,Enugu,NG,11.66888,-3.48971
2821,Benin City Farm Site 2821,farm,955 Benton Street,Benin City,NG,7.371713,16.883751
2822,Port Harcourt Farm Site 2822,farm,18461 Anna Loaf,Port Harcourt,NG,9.49813,10.732844
2823,Benin City Farm Site 2823,farm,54269 Lisa Meadows Suite 008,Benin City,NG,9.88522,24.129457
2824,Abuja Farm Site 2824,farm,17637 Brown Rest,Abuja,NG,7.920324,39.372397
2825,Kano Farm Site 2825,farm,990 Lisa Passage Suite 835,Kano,NG,6.517341,15.740473
2826,Uyo Farm Site 2826,farm,131 William Mountains,Uyo,NG,5.346443,3.631443
2827,Port Harcourt Farm Site 2827,farm,948 Knapp Course,Port Harcourt,NG,13.393353,17.116484
2828,Accra Farm Site 2828,farm,571 Snyder Brook Apt. 812,Accra,GH,5.241691,40.701028
2829,Uyo Farm Site 2829,farm,022 Green Station Suite 943,Uyo,NG,10.20018,10.937792
2830,Takoradi Farm Site 2830,farm,994 Wang Causeway,Takoradi,GH,4.314408,0.734842
2831,Enugu Farm Site 2831,farm,628 Vazquez Junctions,Enugu,NG,12.813719,13.087902
2832,Abuja Farm Site 2832,farm,455 Gutierrez Green,Abuja,NG,5.077641,28.531013
2833,Enugu Farm Site 2833,farm,2176 Baldwin Spring Suite 982,Enugu,NG,4.602266,31.611649
2834,Accra Farm Site 2834,farm,110 Jennifer Hills,Accra,GH,10.869591,38.24077
2835,Kumasi Farm Site 2835,farm,430 Drake Flat Suite 855,Kumasi,GH,11.673014,24.893698
2836,Kano Farm Site 2836,farm,958 Joel Road Suite 810,Kano,NG,5.760404,18.366762
2837,Nairobi Farm Site 2837,farm,43199 Tammy Crest Apt. 432,Nairobi,KE,13.051187,20.002204
2838,Enugu Farm Site 2838,farm,4416 Larson Center,Enugu,NG,7.69937,13.265621
2839,Benin City Farm Site 2839,farm,30543 Herbert Mount Apt. 699,Benin City,NG,4.729665,16.937862
2840,Benin City Farm Site 2840,farm,205 Victoria Mission,Benin City,NG,9.589266,33.727182
2841,Benin City Farm Site 2841,farm,2025 Julia Alley Apt. 629,Benin City,NG,13.419151,20.375907
2842,Port Harcourt Farm Site 2842,farm,30063 Doyle Inlet,Port Harcourt,NG,4.840212,1.058213
2843,Nakuru Farm Site 2843,farm,09391 James Passage,Nakuru,KE,6.008233,3.347889
2844,Lagos Farm Site 2844,farm,91398 Jeffrey Meadow Suite 973,Lagos,NG,8.263401,5.033458
2845,Accra Farm Site 2845,farm,609 Austin Ramp,Accra,GH,12.019051,31.072951
2846,Nairobi Farm Site 2846,farm,78577 Ortiz Harbors Apt. 386,Nairobi,KE,7.383235,2.30141
2847,Enugu Farm Site 2847,farm,12046 Bond Loop,Enugu,NG,9.100585,13.232654
2848,Nairobi Farm Site 2848,farm,88572 Kimberly Trail,Nairobi,KE,11.1039,28.447906
2849,Takoradi Farm Site 2849,farm,3162 Bruce Corners,Takoradi,GH,4.360058,32.289087
2850,Port Harcourt Farm Site 2850,farm,295 Rivera Stravenue Suite 951,Port Harcourt,NG,12.40246,-3.395994
2851,Accra Farm Site 2851,farm,623 Burke Port,Accra,GH,8.352374,17.070236
2852,Nakuru Farm Site 2852,farm,9532 Jerry Station Suite 743,Nakuru,KE,8.30776,19.573116
2853,Accra Farm Site 2853,farm,341 Green Plains Apt. 319,Accra,GH,10.026681,3.547642
2854,Abuja Farm Site 2854,farm,0507 Velez Skyway Apt. 659,Abuja,NG,6.252292,29.852838
2855,Accra Farm Site 2855,farm,619 Stanley Landing,Accra,GH,9.447762,-0.289987
2856,Uyo Farm Site 2856,farm,158 Hancock Fall Apt. 437,Uyo,NG,10.548403,9.48174
2857,Kumasi Farm Site 2857,farm,84426 Murphy Prairie,Kumasi,GH,8.579569,8.325269
2858,Abuja Farm Site 2858,farm,21827 Smith Forest,Abuja,NG,12.851034,1.484065
2859,Enugu Farm Site 2859,farm,93484 Huff Lodge,Enugu,NG,11.005483,32.795266
2860,Accra Farm Site 2860,farm,8180 Williamson Glen,Accra,GH,6.27712,22.436906
2861,Benin City Farm Site 2861,farm,4676 John Squares,Benin City,NG,9.747915,31.259394
2862,Ibadan Farm Site 2862,farm,214 Lee View,Ibadan,NG,12.221474,13.095271
2863,Enugu Farm Site 2863,farm,448 Wong Via,Enugu,NG,10.105898,32.351838
2864,Tamale Farm Site 2864,farm,22777 Rodriguez River,Tamale,GH,6.064019,-2.32176
2865,Abuja Farm Site 2865,farm,07918 Stephanie Falls Apt. 834,Abuja,NG,9.077559,40.097409
2866,Uyo Farm Site 2866,farm,225 Joann Oval,Uyo,NG,12.1583,9.727713
2867,Port Harcourt Farm Site 2867,farm,9884 Russell Land Suite 099,Port Harcourt,NG,4.470854,13.573858
2868,Mombasa Farm Site 2868,farm,89182 Gilbert Brook Apt. 809,Mombasa,KE,11.779358,26.038181
2869,Mombasa Farm Site 2869,farm,902 Carr Plaza Suite 291,Mombasa,KE,5.495643,28.979664
2870,Takoradi Farm Site 2870,farm,507 Mcdaniel Mission Suite 237,Takoradi,GH,5.485984,-1.852594
2871,Abuja Farm Site 2871,farm,0015 Nelson Station,Abuja,NG,5.88782,14.860231
2872,Port Harcourt Farm Site 2872,farm,0164 Kayla Hill Suite 562,Port Harcourt,NG,8.627962,39.435342
2873,Accra Farm Site 2873,farm,64230 Jennifer Ways Apt. 448,Accra,GH,10.370468,26.2941
2874,Nairobi Farm Site 2874,farm,85536 Justin Locks Suite 865,Nairobi,KE,11.329243,20.016309
2875,Nairobi Farm Site 2875,farm,66246 Cox Cliff,Nairobi,KE,10.401008,17.862086
2876,Benin City Farm Site 2876,farm,05790 Hall Ridge Suite 903,Benin City,NG,9.979135,21.76827
2877,Uyo Farm Site 2877,farm,7130 Holmes Fort,Uyo,NG,11.352208,-2.906328
2878,Takoradi Farm Site 2878,farm,892 Teresa Points Suite 869,Takoradi,GH,13.179113,21.086734
2879,Takoradi Farm Site 2879,farm,447 Charles Cape Suite 756,Takoradi,GH,4.604222,36.719447
2880,Enugu Farm Site 2880,farm,1350 Jennifer Loop,Enugu,NG,11.700767,8.643576
2881,Abuja Farm Site 2881,farm,7512 Parker Shores Apt. 069,Abuja,NG,6.281484,18.322817
2882,Kisumu Farm Site 2882,farm,048 Taylor Loop Apt. 242,Kisumu,KE,12.594645,12.578806
2883,Port Harcourt Farm Site 2883,farm,7671 Miranda Course,Port Harcourt,NG,12.599248,32.309423
2884,Enugu Farm Site 2884,farm,386 Malone Cliff Suite 752,Enugu,NG,4.030785,19.62177
2885,Lagos Farm Site 2885,farm,59658 Lynn Bypass,Lagos,NG,9.941285,25.282032
2886,Takoradi Farm Site 2886,farm,645 Brenda Street Suite 436,Takoradi,GH,4.862482,32.151319
2887,Port Harcourt Farm Site 2887,farm,7841 Steven Rapids,Port Harcourt,NG,10.643983,5.98687
2888,Enugu Farm Site 2888,farm,8969 Laura Ridge,Enugu,NG,8.599372,6.970268
2889,Lagos Farm Site 2889,farm,89142 Crosby Islands,Lagos,NG,9.008518,32.148899
2890,Nairobi Farm Site 2890,farm,494 Mcneil Mountain Apt. 810,Nairobi,KE,11.245274,2.708505
2891,Mombasa Farm Site 2891,farm,353 Angel Fork,Mombasa,KE,8.676942,39.551365
2892,Abuja Farm Site 2892,farm,728 Austin Streets Suite 304,Abuja,NG,13.081541,16.248011
2893,Benin City Farm Site 2893,farm,61995 Rodriguez Ville,Benin City,NG,6.707851,19.044455
2894,Lagos Farm Site 2894,farm,08844 Shawn Mountains Apt. 451,Lagos,NG,10.270966,14.731877
2895,Benin City Farm Site 2895,farm,7643 Laura Valley Suite 814,Benin City,NG,13.271852,10.798546
2896,Lagos Farm Site 2896,farm,9824 Cummings Islands,Lagos,NG,4.019613,6.801465
2897,Ibadan Farm Site 2897,farm,3110 Brown Corner,Ibadan,NG,11.671668,6.219949
2898,Uyo Farm Site 2898,farm,91606 Craig Freeway,Uyo,NG,7.501997,8.150743
2899,Kumasi Farm Site 2899,farm,216 Jeremy Stravenue Apt. 364,Kumasi,GH,13.455657,7.125446
2900,Benin City Farm Site 2900,farm,24262 Chen Islands Apt. 456,Benin City,NG,5.025734,19.071337
2901,Uyo Farm Site 2901,farm,31494 Andrew Pass Suite 764,Uyo,NG,8.611541,39.074822
2902,Kano Farm Site 2902,farm,6752 Nolan Neck Apt. 256,Kano,NG,7.421281,17.553613
2903,Benin City Farm Site 2903,farm,893 Garcia Viaduct,Benin City,NG,4.48473,25.370921
2904,Kano Farm Site 2904,farm,5676 Bentley Vista,Kano,NG,9.920109,12.425075
2905,Abuja Farm Site 2905,farm,85035 Wheeler Lights Apt. 589,Abuja,NG,9.803513,16.031528
2906,Kano Farm Site 2906,farm,96628 Richard Plaza,Kano,NG,10.989152,7.083602
2907,Uyo Farm Site 2907,farm,9356 Gallagher Brooks,Uyo,NG,10.166827,8.01623
2908,Port Harcourt Farm Site 2908,farm,312 Harding Junction Apt. 084,Port Harcourt,NG,7.275401,19.204706
2909,Enugu Farm Site 2909,farm,88882 Debbie Roads,Enugu,NG,8.203373,18.401843
2910,Lagos Farm Site 2910,farm,803 Martinez Highway,Lagos,NG,7.773972,1.764429
2911,Nakuru Farm Site 2911,farm,363 Knight Inlet,Nakuru,KE,11.340274,29.960875
2912,Accra Farm Site 2912,farm,8621 Freeman Well,Accra,GH,5.024545,10.953456
2913,Accra Farm Site 2913,farm,804 Good Passage Apt. 323,Accra,GH,9.208388,17.614644
2914,Uyo Farm Site 2914,farm,13747 Lucas Turnpike,Uyo,NG,12.129788,36.191428
2915,Uyo Farm Site 2915,farm,14643 Daniel Pass,Uyo,NG,7.108813,5.055764
2916,Nairobi Farm Site 2916,farm,37281 Todd Club,Nairobi,KE,8.107441,19.26016
2917,Mombasa Farm Site 2917,farm,401 Joseph Ridges Suite 090,Mombasa,KE,13.29827,34.447545
2918,Lagos Farm Site 2918,farm,660 Carlson Tunnel,Lagos,NG,9.706229,5.084389
2919,Abuja Farm Site 2919,farm,675 Gary Ridge,Abuja,NG,12.596843,14.486889
2920,Kumasi Farm Site 2920,farm,16254 Williams Avenue Suite 571,Kumasi,GH,12.496707,-2.776426
2921,Port Harcourt Farm Site 2921,farm,8641 Costa Village,Port Harcourt,NG,11.972737,10.897011
2922,Lagos Farm Site 2922,farm,2121 Skinner Locks Suite 247,Lagos,NG,10.728433,22.924191
2923,Kano Farm Site 2923,farm,15619 Isaiah Lakes,Kano,NG,8.992486,6.531569
2924,Takoradi Farm Site 2924,farm,4243 Munoz Burgs,Takoradi,GH,4.592983,-1.386499
2925,Port Harcourt Farm Site 2925,farm,6397 Stone Lock Apt. 235,Port Harcourt,NG,8.763442,23.968847
2926,Ibadan Farm Site 2926,farm,48211 Rebecca Spurs Suite 468,Ibadan,NG,4.326504,24.387149
2927,Port Harcourt Farm Site 2927,farm,70246 Brown Manors Apt. 284,Port Harcourt,NG,12.856256,29.799748
2928,Port Harcourt Farm Site 2928,farm,9418 Brian Rue,Port Harcourt,NG,5.025563,39.05746
2929,Kano Farm Site 2929,farm,40400 Amber Ford Apt. 346,Kano,NG,5.374797,30.628384
2930,Enugu Farm Site 2930,farm,1547 Watkins Crescent,Enugu,NG,5.154449,13.954544
2931,Port Harcourt Farm Site 2931,farm,769 Robles Mission Apt. 827,Port Harcourt,NG,12.570677,6.449099
2932,Enugu Farm Site 2932,farm,38718 Page Springs,Enugu,NG,6.123343,29.546134
2933,Kano Farm Site 2933,farm,43302 Tammie Mountains,Kano,NG,4.430501,40.275988
2934,Uyo Farm Site 2934,farm,17217 Russell Bypass,Uyo,NG,11.378853,26.604629
2935,Kano Farm Site 2935,farm,0328 Bauer Squares Apt. 041,Kano,NG,8.935364,25.521359
2936,Uyo Farm Site 2936,farm,0836 Powell Drives Suite 470,Uyo,NG,12.157301,29.75328
2937,Takoradi Farm Site 2937,farm,84150 John Shoal,Takoradi,GH,11.210522,13.801279
2938,Abuja Farm Site 2938,farm,141 Crane Valleys Suite 182,Abuja,NG,12.01678,35.26222
2939,Abuja Farm Site 2939,farm,322 Michelle Circles Apt. 923,Abuja,NG,12.997767,-2.443791
2940,Accra Farm Site 2940,farm,634 Holly Branch Suite 246,Accra,GH,11.428987,10.545588
2941,Nairobi Farm Site 2941,farm,5828 Mcdonald Trace,Nairobi,KE,4.31359,11.406991
2942,Port Harcourt Farm Site 2942,farm,9542 Chad Coves,Port Harcourt,NG,10.398463,5.301474
2943,Nairobi Farm Site 2943,farm,2932 Stephens Mountains,Nairobi,KE,7.514885,-2.808867
2944,Ibadan Farm Site 2944,farm,813 Brandon Branch,Ibadan,NG,4.130965,18.324521
2945,Abuja Farm Site 2945,farm,0825 Rose Mews Apt. 937,Abuja,NG,6.115257,-3.049508
2946,Enugu Farm Site 2946,farm,867 Cole Walks Apt. 394,Enugu,NG,8.635007,30.537427
2947,Accra Farm Site 2947,farm,233 Lisa Green,Accra,GH,12.581447,35.956314
2948,Ibadan Farm Site 2948,farm,631 Boyd Bridge,Ibadan,NG,6.132148,40.549933
2949,Ibadan Farm Site 2949,farm,484 Strickland Square Suite 387,Ibadan,NG,11.716876,37.576193
2950,Ibadan Farm Site 2950,farm,35260 Conner Plaza Suite 534,Ibadan,NG,5.903306,-1.16915
2951,Uyo Farm Site 2951,farm,80716 Kimberly Shore,Uyo,NG,4.900548,11.913746
2952,Takoradi Farm Site 2952,farm,97078 John Dam Apt. 215,Takoradi,GH,13.06693,19.479666
2953,Kano Farm Site 2953,farm,2724 Sherry Islands,Kano,NG,6.293154,4.044413
2954,Benin City Farm Site 2954,farm,345 Cisneros Springs Apt. 919,Benin City,NG,7.776504,22.330852
2955,Abuja Farm Site 2955,farm,296 Wright Street,Abuja,NG,12.794155,1.946778
2956,Ibadan Farm Site 2956,farm,03971 Jeffrey Cliffs Apt. 513,Ibadan,NG,11.09424,-1.6449
2957,Enugu Farm Site 2957,farm,40037 Ryan Alley,Enugu,NG,13.064841,3.684301
2958,Kisumu Farm Site 2958,farm,50563 Edwards Fields,Kisumu,KE,4.669765,34.857294
2959,Accra Farm Site 2959,farm,671 Nicole Island,Accra,GH,7.385316,14.143818
2960,Kumasi Farm Site 2960,farm,91205 Kristi Streets Apt. 549,Kumasi,GH,13.466893,27.35945
2961,Kano Farm Site 2961,farm,1153 Scott Haven,Kano,NG,11.78673,10.785571
2962,Ibadan Farm Site 2962,farm,150 Kirk Port Suite 341,Ibadan,NG,9.448527,4.461411
2963,Uyo Farm Site 2963,farm,465 Roger Knoll,Uyo,NG,12.653503,23.843149
2964,Nairobi Farm Site 2964,farm,7834 Mcfarland Centers,Nairobi,KE,12.9001,10.526116
2965,Kano Farm Site 2965,farm,76342 Jones Oval Apt. 350,Kano,NG,6.857088,22.898512
2966,Uyo Farm Site 2966,farm,906 John Trafficway,Uyo,NG,6.214882,9.255797
2967,Ibadan Farm Site 2967,farm,53711 Thomas Vista,Ibadan,NG,8.255925,23.352032
2968,Ibadan Farm Site 2968,farm,11362 William Forge,Ibadan,NG,5.723475,2.168827
2969,Uyo Farm Site 2969,farm,6359 Casey Square,Uyo,NG,9.27077,1.15665
2970,Lagos Farm Site 2970,farm,149 Erik Drives Suite 580,Lagos,NG,6.99493,2.607943
2971,Port Harcourt Farm Site 2971,farm,69949 Oneal Path,Port Harcourt,NG,9.048464,32.907499
2972,Uyo Farm Site 2972,farm,7933 Jennifer Center,Uyo,NG,11.458136,36.613401
2973,Enugu Farm Site 2973,farm,4060 Lisa Mission,Enugu,NG,10.67864,23.620669
2974,Tamale Farm Site 2974,farm,587 Waller Spur Apt. 141,Tamale,GH,12.928355,15.810739
2975,Uyo Farm Site 2975,farm,7248 Selena Spring,Uyo,NG,7.006902,11.759645
2976,Enugu Farm Site 2976,farm,1476 Anthony Burg Suite 660,Enugu,NG,5.795147,9.117516
2977,Port Harcourt Farm Site 2977,farm,18329 Singleton Turnpike,Port Harcourt,NG,6.389915,34.736358
2978,Ibadan Farm Site 2978,farm,7054 Thompson Run Suite 090,Ibadan,NG,10.675619,23.941103
2979,Ibadan Farm Site 2979,farm,91873 Megan Points,Ibadan,NG,6.796149,23.363145
2980,Benin City Farm Site 2980,farm,512 Santos Port Suite 080,Benin City,NG,4.158429,-0.45326
2981,Ibadan Farm Site 2981,farm,581 Dustin Plains Suite 833,Ibadan,NG,12.058421,22.885887
2982,Kano Farm Site 2982,farm,94947 Lisa Fork Apt. 742,Kano,NG,10.451887,24.716206
2983,Accra Farm Site 2983,farm,17403 Butler Village Apt. 900,Accra,GH,7.407997,28.768432
2984,Kano Farm Site 2984,farm,53017 Simpson Vista,Kano,NG,9.467827,23.105948
2985,Port Harcourt Farm Site 2985,farm,480 Mueller Stream Suite 357,Port Harcourt,NG,7.76093,1.599969
2986,Mombasa Farm Site 2986,farm,84698 Allison Extension Apt. 637,Mombasa,KE,8.06382,2.48259
2987,Uyo Farm Site 2987,farm,2071 Williams Locks Apt. 417,Uyo,NG,10.324779,-0.555024
2988,Uyo Farm Site 2988,farm,94115 Daniel Courts,Uyo,NG,8.765987,3.085568
2989,Abuja Farm Site 2989,farm,5989 Stephen Brooks Apt. 675,Abuja,NG,6.875619,32.169402
2990,Nakuru Farm Site 2990,farm,79567 Jones Cliff Apt. 737,Nakuru,KE,4.505119,35.924154
2991,Benin City Farm Site 2991,farm,52789 Holder Pine Apt. 881,Benin City,NG,11.082734,3.792847
2992,Abuja Farm Site 2992,farm,78874 Carmen Drive,Abuja,NG,13.479446,4.32295
2993,Ibadan Farm Site 2993,farm,247 Holden Parkways,Ibadan,NG,9.02715,36.255505
2994,Kano Farm Site 2994,farm,231 Jessica Crossing Suite 551,Kano,NG,10.557865,32.820147
2995,Uyo Farm Site 2995,farm,55112 Ricky Shoal Suite 935,Uyo,NG,8.18251,2.469652
2996,Ibadan Farm Site 2996,farm,0417 Collins Dale,Ibadan,NG,12.438126,1.231559
2997,Mombasa Farm Site 2997,farm,9895 Carolyn Port,Mombasa,KE,11.221991,32.993953
2998,Accra Farm Site 2998,farm,492 Rachel Neck,Accra,GH,5.370503,35.207141
2999,Kumasi Farm Site 2999,farm,664 Nicholas Freeway Apt. 263,Kumasi,GH,7.156191,28.481685
3000,Enugu Farm Site 3000,farm,32324 Isabella Course,Enugu,NG,4.312566,30.511401
3001,Benin City Farm Site 3001,farm,01019 Jessica Ways Apt. 551,Benin City,NG,11.062248,29.518622
3002,Benin City Farm Site 3002,farm,69351 Hall Freeway Suite 470,Benin City,NG,12.674912,-2.173497
3003,Port Harcourt Farm Site 3003,farm,8654 Robinson Parks,Port Harcourt,NG,11.814165,27.156291
3004,Port Harcourt Farm Site 3004,farm,93568 James Ferry,Port Harcourt,NG,9.499707,25.553124
3005,Accra Farm Site 3005,farm,943 Brown Turnpike Apt. 824,Accra,GH,13.185669,35.11145
3006,Accra Farm Site 3006,farm,35880 Parker Squares Suite 511,Accra,GH,4.045105,7.991368
3007,Accra Farm Site 3007,farm,0610 Lisa Mount,Accra,GH,6.554064,10.684986
3008,Enugu Farm Site 3008,farm,9169 Ballard Ferry Suite 018,Enugu,NG,12.410702,19.443838
3009,Mombasa Farm Site 3009,farm,33261 Curry Overpass Apt. 641,Mombasa,KE,9.455199,6.507496
3010,Enugu Farm Site 3010,farm,1483 Eric Pine Suite 723,Enugu,NG,6.065295,30.521039
3011,Tamale Farm Site 3011,farm,4429 Hall Spur,Tamale,GH,11.900667,26.615075
3012,Lagos Farm Site 3012,farm,0145 Lee Highway,Lagos,NG,11.737616,8.55826
3013,Lagos Farm Site 3013,farm,6148 Matthew Field,Lagos,NG,5.079091,21.627003
3014,Takoradi Farm Site 3014,farm,1220 Brittany Parkways Suite 700,Takoradi,GH,5.069025,-1.761792
3015,Abuja Farm Site 3015,farm,342 Nicholas Cape Suite 652,Abuja,NG,10.802814,6.915857
3016,Enugu Farm Site 3016,farm,9290 Steele Wells Apt. 893,Enugu,NG,11.72647,0.867491
3017,Lagos Farm Site 3017,farm,49479 Merritt Hill,Lagos,NG,11.76805,39.015933
3018,Uyo Farm Site 3018,farm,42522 Robert Cove Apt. 692,Uyo,NG,7.771873,18.662324
3019,Kano Farm Site 3019,farm,731 Melissa Views,Kano,NG,10.635233,25.507685
3020,Takoradi Farm Site 3020,farm,895 Samantha Park Suite 244,Takoradi,GH,8.588234,0.792223
3021,Tamale Farm Site 3021,farm,758 Knight Spurs,Tamale,GH,5.338859,3.402644
3022,Kumasi Farm Site 3022,farm,9802 Brown Inlet Suite 259,Kumasi,GH,5.248656,29.897226
3023,Abuja Farm Site 3023,farm,3527 Sandra Landing,Abuja,NG,10.218376,39.791496
3024,Enugu Farm Site 3024,farm,1480 John Island Apt. 504,Enugu,NG,10.093665,-2.817806
3025,Kumasi Farm Site 3025,farm,6725 Vickie Stravenue,Kumasi,GH,7.913066,15.840797
3026,Accra Farm Site 3026,farm,624 Curry Bypass,Accra,GH,11.538899,33.82999
3027,Kano Farm Site 3027,farm,710 Harvey Trafficway Apt. 920,Kano,NG,12.586577,18.507283
3028,Mombasa Farm Site 3028,farm,9418 Molina Shoals,Mombasa,KE,7.541928,16.396016
3029,Kano Farm Site 3029,farm,91846 Michele Ridges,Kano,NG,12.850945,24.220445
3030,Kumasi Farm Site 3030,farm,42433 Kenneth Ridges,Kumasi,GH,5.830836,9.298296
3031,Benin City Farm Site 3031,farm,7543 Bell Centers Suite 200,Benin City,NG,10.415583,34.840066
3032,Benin City Farm Site 3032,farm,93905 Adkins Village,Benin City,NG,9.447914,34.091597
3033,Tamale Farm Site 3033,farm,91267 Jordan Coves,Tamale,GH,13.09617,17.55758
3034,Ibadan Farm Site 3034,farm,1000 Brandon Summit,Ibadan,NG,8.696975,30.062913
3035,Accra Farm Site 3035,farm,64181 Galloway Row Suite 138,Accra,GH,5.136738,-2.527274
3036,Kano Farm Site 3036,farm,9744 Sierra Roads,Kano,NG,10.197415,-1.767858
3037,Lagos Farm Site 3037,farm,12511 Kevin Island Apt. 710,Lagos,NG,4.453427,22.774673
3038,Benin City Farm Site 3038,farm,5450 Savage Pines,Benin City,NG,11.585549,20.918312
3039,Nairobi Farm Site 3039,farm,4475 Deborah Key Suite 967,Nairobi,KE,8.702277,8.062125
3040,Kano Farm Site 3040,farm,8251 Cardenas Coves,Kano,NG,10.269631,8.097905
3041,Port Harcourt Farm Site 3041,farm,321 Phillips Ports Suite 642,Port Harcourt,NG,13.432943,4.760464
3042,Kano Farm Site 3042,farm,945 Arroyo Via Suite 208,Kano,NG,12.51125,36.56823
3043,Uyo Farm Site 3043,farm,776 Welch Estates,Uyo,NG,13.373013,21.575692
3044,Enugu Farm Site 3044,farm,0049 Brady Flat,Enugu,NG,9.145687,26.141267
3045,Lagos Farm Site 3045,farm,699 Mason Cove,Lagos,NG,6.743292,16.493311
3046,Benin City Farm Site 3046,farm,62881 Williams Island,Benin City,NG,8.60705,6.271639
3047,Uyo Farm Site 3047,farm,62821 Daniel Ranch Suite 787,Uyo,NG,10.352831,17.198802
3048,Benin City Farm Site 3048,farm,4651 Watkins Extension Suite 308,Benin City,NG,10.975478,-1.655756
3049,Lagos Farm Site 3049,farm,2169 Liu Mountain,Lagos,NG,4.273704,18.337202
3050,Port Harcourt Farm Site 3050,farm,68745 Thomas Crescent Apt. 276,Port Harcourt,NG,11.056858,35.270231
3051,Port Harcourt Farm Site 3051,farm,307 Kelli Knolls,Port Harcourt,NG,9.557396,26.916172
3052,Ibadan Farm Site 3052,farm,139 Young Pike,Ibadan,NG,7.463366,39.935226
3053,Uyo Farm Site 3053,farm,8415 Horn Rest,Uyo,NG,8.715126,21.255785
3054,Abuja Farm Site 3054,farm,31134 Charles Flat,Abuja,NG,10.293433,4.346647
3055,Takoradi Farm Site 3055,farm,869 Hansen Island,Takoradi,GH,8.370533,2.3845
3056,Lagos Farm Site 3056,farm,8591 Bartlett Key,Lagos,NG,5.265868,3.519467
3057,Accra Farm Site 3057,farm,82948 Maria Landing,Accra,GH,8.447606,14.883519
3058,Kisumu Farm Site 3058,farm,70077 Schwartz Drives Apt. 254,Kisumu,KE,4.036121,5.381871
3059,Abuja Farm Site 3059,farm,19311 Benson Land Apt. 979,Abuja,NG,6.760574,2.177127
3060,Nakuru Farm Site 3060,farm,144 Tara Cove Apt. 891,Nakuru,KE,7.715322,30.238675
3061,Benin City Farm Site 3061,farm,26516 Rogers Shores,Benin City,NG,9.701138,10.131336
3062,Lagos Farm Site 3062,farm,28287 Hall Mill,Lagos,NG,12.20714,17.314804
3063,Benin City Farm Site 3063,farm,374 Porter Gateway Apt. 558,Benin City,NG,5.67262,11.185565
3064,Lagos Farm Site 3064,farm,058 Rebecca Stream,Lagos,NG,11.755693,27.239399
3065,Kano Farm Site 3065,farm,95674 Ford Green Suite 593,Kano,NG,12.475363,1.57089
3066,Uyo Farm Site 3066,farm,03943 Young Vista Suite 424,Uyo,NG,6.279477,1.342603
3067,Abuja Farm Site 3067,farm,447 Diaz Plain Suite 401,Abuja,NG,6.037265,3.144645
3068,Takoradi Farm Site 3068,farm,47594 Jennifer Heights Apt. 860,Takoradi,GH,11.096829,-2.351157
3069,Abuja Farm Site 3069,farm,13152 George Forges,Abuja,NG,4.532538,4.005612
3070,Kisumu Farm Site 3070,farm,43072 Craig Plain,Kisumu,KE,7.960274,17.615668
3071,Ibadan Farm Site 3071,farm,5783 Welch Circle Suite 629,Ibadan,NG,7.596015,34.69428
3072,Uyo Farm Site 3072,farm,408 Hernandez Viaduct,Uyo,NG,9.805338,27.737724
3073,Tamale Farm Site 3073,farm,853 Cassandra Rue,Tamale,GH,10.759621,5.920693
3074,Port Harcourt Farm Site 3074,farm,3518 Jennifer Ports,Port Harcourt,NG,5.69796,5.32593
3075,Kano Farm Site 3075,farm,1796 Hannah Heights Apt. 993,Kano,NG,12.077471,26.433404
3076,Takoradi Farm Site 3076,farm,6242 Miller Club,Takoradi,GH,11.948234,39.078258
3077,Port Harcourt Farm Site 3077,farm,77545 Burton Mission Suite 042,Port Harcourt,NG,8.973154,35.126425
3078,Lagos Farm Site 3078,farm,92768 Holmes Hollow,Lagos,NG,11.326824,6.81483
3079,Nakuru Farm Site 3079,farm,905 Gloria Vista Suite 343,Nakuru,KE,8.716052,3.818322
3080,Benin City Farm Site 3080,farm,5020 Warner Club,Benin City,NG,4.677123,30.923518
3081,Enugu Farm Site 3081,farm,044 Conley Divide,Enugu,NG,12.084351,30.904066
3082,Kisumu Farm Site 3082,farm,642 Dixon Pines,Kisumu,KE,5.242083,32.911328
3083,Ibadan Farm Site 3083,farm,486 Kelly Light Apt. 282,Ibadan,NG,11.287423,33.133388
3084,Kumasi Farm Site 3084,farm,74015 Francis Land Suite 620,Kumasi,GH,12.11775,37.0217
3085,Benin City Farm Site 3085,farm,0482 Scott River Suite 170,Benin City,NG,7.653176,-0.869448
3086,Abuja Farm Site 3086,farm,260 Lori Mount Apt. 226,Abuja,NG,10.918549,3.954045
3087,Mombasa Farm Site 3087,farm,084 James Stream,Mombasa,KE,12.236596,32.379478
3088,Benin City Farm Site 3088,farm,32064 Jeffery Field,Benin City,NG,7.113718,17.227875
3089,Uyo Farm Site 3089,farm,9149 Todd Green,Uyo,NG,12.872771,34.561347
3090,Takoradi Farm Site 3090,farm,6816 Rebecca Ports Apt. 647,Takoradi,GH,13.320307,19.953812
3091,Port Harcourt Farm Site 3091,farm,0657 Ralph Harbor,Port Harcourt,NG,9.434858,27.048973
3092,Tamale Farm Site 3092,farm,2705 Whitaker Springs Suite 398,Tamale,GH,8.463129,17.139385
3093,Lagos Farm Site 3093,farm,96261 Morgan Mews,Lagos,NG,6.37454,19.061225
3094,Port Harcourt Farm Site 3094,farm,79068 Hebert Well,Port Harcourt,NG,6.896888,20.815222
3095,Uyo Farm Site 3095,farm,831 Thomas Falls,Uyo,NG,11.907874,19.041758
3096,Lagos Farm Site 3096,farm,58317 Johnson Lock,Lagos,NG,4.042555,28.619711
3097,Kano Farm Site 3097,farm,177 Garrett Streets Apt. 564,Kano,NG,12.921677,18.920287
3098,Enugu Farm Site 3098,farm,467 Gabriella Island Apt. 454,Enugu,NG,5.422624,6.975499
3099,Kisumu Farm Site 3099,farm,9826 Mercado Plain,Kisumu,KE,13.379248,2.437947
3100,Port Harcourt Farm Site 3100,farm,8382 Johnathan Club Suite 811,Port Harcourt,NG,12.003788,25.243289
3101,Accra Farm Site 3101,farm,718 Reyes Expressway Suite 876,Accra,GH,9.748996,1.13806
3102,Benin City Farm Site 3102,farm,86230 Mitchell Viaduct,Benin City,NG,9.148798,23.63379
3103,Kano Farm Site 3103,farm,4588 Burke Extension Apt. 717,Kano,NG,7.707895,16.2193
3104,Tamale Farm Site 3104,farm,7160 Briana Shoals,Tamale,GH,8.590165,10.188728
3105,Port Harcourt Farm Site 3105,farm,80014 Matthew Rue,Port Harcourt,NG,8.948195,34.196168
3106,Tamale Farm Site 3106,farm,514 Gomez Coves,Tamale,GH,9.535907,17.188317
3107,Abuja Farm Site 3107,farm,3321 Taylor Crescent Suite 022,Abuja,NG,7.338178,3.601932
3108,Port Harcourt Farm Site 3108,farm,503 Johnson Hollow Apt. 269,Port Harcourt,NG,5.152331,13.78235
3109,Benin City Farm Site 3109,farm,928 Williams Haven,Benin City,NG,10.590067,3.669398
3110,Port Harcourt Farm Site 3110,farm,084 Arellano Expressway Suite 845,Port Harcourt,NG,12.492066,4.365233
3111,Uyo Farm Site 3111,farm,76945 Laura Manor,Uyo,NG,5.173201,5.939873
3112,Ibadan Farm Site 3112,farm,070 Cooke Throughway,Ibadan,NG,6.284592,-1.492939
3113,Lagos Farm Site 3113,farm,6049 Chad Underpass,Lagos,NG,7.877366,24.978361
3114,Enugu Farm Site 3114,farm,46063 Jake Islands,Enugu,NG,7.054164,27.362644
3115,Uyo Farm Site 3115,farm,4501 Miller Prairie,Uyo,NG,5.687001,16.592227
3116,Kano Farm Site 3116,farm,957 Eric Lake,Kano,NG,4.003932,0.881824
3117,Uyo Farm Site 3117,farm,989 Ray Curve,Uyo,NG,10.348428,2.805163
3118,Uyo Farm Site 3118,farm,63028 Charles Circle,Uyo,NG,9.322175,16.874051
3119,Abuja Farm Site 3119,farm,0641 Alicia Drive Apt. 586,Abuja,NG,5.284178,11.888045
3120,Nairobi Farm Site 3120,farm,92800 Taylor Village,Nairobi,KE,9.84086,18.681696
3121,Ibadan Farm Site 3121,farm,3355 Logan Neck Suite 545,Ibadan,NG,10.194802,3.549355
3122,Mombasa Farm Site 3122,farm,98156 Vincent Causeway Apt. 709,Mombasa,KE,4.89228,29.57339
3123,Abuja Farm Site 3123,farm,908 Brown Ferry,Abuja,NG,4.387977,22.769298
3124,Kumasi Farm Site 3124,farm,80733 Carol Highway,Kumasi,GH,4.413419,24.657751
3125,Ibadan Farm Site 3125,farm,450 Clark Course Apt. 051,Ibadan,NG,8.743145,32.395396
3126,Ibadan Farm Site 3126,farm,222 Cindy Falls,Ibadan,NG,4.874857,37.195937
3127,Ibadan Farm Site 3127,farm,9875 Powell Turnpike,Ibadan,NG,4.909463,13.82825
3128,Ibadan Farm Site 3128,farm,36203 Vanessa Alley Apt. 115,Ibadan,NG,9.795652,11.798597
3129,Accra Farm Site 3129,farm,537 Stephanie Track,Accra,GH,8.17723,20.035731
3130,Port Harcourt Farm Site 3130,farm,59241 Shea Park,Port Harcourt,NG,4.086837,-3.318786
3131,Benin City Farm Site 3131,farm,91766 Elizabeth Valleys,Benin City,NG,5.423838,19.566834
3132,Kumasi Farm Site 3132,farm,84481 Christopher Lakes,Kumasi,GH,12.860014,5.019878
3133,Enugu Farm Site 3133,farm,43505 Mary Fields Suite 426,Enugu,NG,8.251172,24.592725
3134,Benin City Farm Site 3134,farm,3498 Margaret Station Suite 593,Benin City,NG,9.884494,13.928259
3135,Ibadan Farm Site 3135,farm,924 Burch Village,Ibadan,NG,10.125629,3.517719
3136,Abuja Farm Site 3136,farm,4164 Maria Curve,Abuja,NG,12.733792,28.093382
3137,Mombasa Farm Site 3137,farm,5754 Tanya Drive,Mombasa,KE,5.512729,1.232649
3138,Accra Farm Site 3138,farm,36957 Diamond Hill,Accra,GH,10.75045,27.775407
3139,Ibadan Farm Site 3139,farm,28982 Michael Squares,Ibadan,NG,6.109955,2.097712
3140,Kano Farm Site 3140,farm,57603 Autumn Divide,Kano,NG,13.164928,-2.89418
3141,Nakuru Farm Site 3141,farm,861 Miller Well,Nakuru,KE,9.764084,27.594719
3142,Accra Farm Site 3142,farm,217 Edward Passage,Accra,GH,9.432581,30.715653
3143,Benin City Farm Site 3143,farm,8200 Hanson Spring Suite 551,Benin City,NG,10.124627,21.868836
3144,Uyo Farm Site 3144,farm,120 Walters Hills Suite 123,Uyo,NG,9.606914,9.893329
3145,Enugu Farm Site 3145,farm,96826 Samantha Extension,Enugu,NG,8.76742,19.99858
3146,Benin City Farm Site 3146,farm,035 Johnston Knoll,Benin City,NG,9.452676,5.359306
3147,Kumasi Farm Site 3147,farm,2715 James Mountain,Kumasi,GH,5.108208,6.479326
3148,Lagos Farm Site 3148,farm,65781 Elizabeth Place,Lagos,NG,9.46941,32.158112
3149,Abuja Farm Site 3149,farm,159 Jamie Way,Abuja,NG,11.934132,0.075183
3150,Port Harcourt Farm Site 3150,farm,547 Kelly Lock,Port Harcourt,NG,5.539186,-1.745727
3151,Takoradi Farm Site 3151,farm,0697 Thomas Ramp,Takoradi,GH,11.169557,36.105781
3152,Abuja Farm Site 3152,farm,603 Gibson Park,Abuja,NG,7.922625,30.003815
3153,Abuja Farm Site 3153,farm,6792 Marshall Rapids,Abuja,NG,10.373138,37.499518
3154,Kano Farm Site 3154,farm,196 Calvin Circles,Kano,NG,12.293679,-0.209293
3155,Accra Farm Site 3155,farm,29312 Hailey Canyon,Accra,GH,5.519078,19.277696
3156,Abuja Farm Site 3156,farm,8139 Paul Junctions Suite 730,Abuja,NG,7.676359,8.568649
3157,Kumasi Farm Site 3157,farm,401 Jean Unions Suite 967,Kumasi,GH,5.01862,34.242692
3158,Ibadan Farm Site 3158,farm,91873 Nicole Stream,Ibadan,NG,10.767109,-1.632322
3159,Accra Farm Site 3159,farm,2126 Anna Lane Apt. 409,Accra,GH,8.969975,23.989791
3160,Uyo Farm Site 3160,farm,41589 Curtis Ports Apt. 095,Uyo,NG,12.072778,40.301562
3161,Abuja Farm Site 3161,farm,070 Cynthia Turnpike Suite 633,Abuja,NG,7.671749,40.355711
3162,Accra Farm Site 3162,farm,77364 Timothy Field Apt. 348,Accra,GH,12.376785,23.791972
3163,Kano Farm Site 3163,farm,246 Taylor Walk Suite 010,Kano,NG,13.442364,5.014529
3164,Kano Farm Site 3164,farm,33904 Hamilton Junctions,Kano,NG,10.128384,37.362512
3165,Kumasi Farm Site 3165,farm,4959 Lee Fall Apt. 709,Kumasi,GH,10.616565,25.368487
3166,Abuja Farm Site 3166,farm,0992 Ward Glens Apt. 031,Abuja,NG,7.892375,1.739293
3167,Lagos Farm Site 3167,farm,5200 Courtney Point,Lagos,NG,6.261344,39.988527
3168,Ibadan Farm Site 3168,farm,2614 Elizabeth Islands Apt. 275,Ibadan,NG,11.291911,24.999059
3169,Port Harcourt Farm Site 3169,farm,4930 Kelly Coves Suite 350,Port Harcourt,NG,7.946898,15.71318
3170,Accra Farm Site 3170,farm,99464 Wood Meadows Suite 438,Accra,GH,5.853755,37.599801
3171,Kumasi Farm Site 3171,farm,15233 Randall Highway Apt. 006,Kumasi,GH,5.882076,34.660032
3172,Kano Farm Site 3172,farm,660 Kevin Lane Suite 421,Kano,NG,4.525061,40.290099
3173,Enugu Farm Site 3173,farm,05376 Aaron Shore Suite 941,Enugu,NG,6.693876,13.965413
3174,Abuja Farm Site 3174,farm,522 Jennifer Wall,Abuja,NG,5.908313,3.922867
3175,Kumasi Farm Site 3175,farm,26219 Marco Ways,Kumasi,GH,6.822302,37.64673
3176,Kano Farm Site 3176,farm,660 Holloway Mountains Suite 190,Kano,NG,12.706351,39.581996
3177,Uyo Farm Site 3177,farm,9810 Natalie Viaduct,Uyo,NG,12.130511,2.962388
3178,Lagos Farm Site 3178,farm,2304 Ian Cliff,Lagos,NG,10.335221,38.635484
3179,Tamale Farm Site 3179,farm,379 Paul Lane,Tamale,GH,7.634745,14.243888
3180,Ibadan Farm Site 3180,farm,634 Grant Branch Apt. 934,Ibadan,NG,8.927712,-1.568415
3181,Ibadan Farm Site 3181,farm,7472 Brady Light,Ibadan,NG,4.759247,30.324335
3182,Benin City Farm Site 3182,farm,872 Moyer Squares,Benin City,NG,5.760048,28.183655
3183,Lagos Farm Site 3183,farm,30519 Christopher Wall Suite 158,Lagos,NG,6.302195,20.573231
3184,Kumasi Farm Site 3184,farm,387 Wendy Crossroad,Kumasi,GH,4.720885,25.564087
3185,Kumasi Farm Site 3185,farm,53363 Hardin Islands Apt. 502,Kumasi,GH,7.061578,-1.471266
3186,Enugu Farm Site 3186,farm,448 Juan Camp,Enugu,NG,4.915917,14.415763
3187,Port Harcourt Farm Site 3187,farm,94514 Kristin Flats,Port Harcourt,NG,9.746423,5.753346
3188,Kano Farm Site 3188,farm,9838 Foster Landing Suite 870,Kano,NG,10.175798,4.731007
3189,Takoradi Farm Site 3189,farm,409 Todd Unions,Takoradi,GH,6.42558,38.9604
3190,Ibadan Farm Site 3190,farm,031 Dennis Heights Apt. 824,Ibadan,NG,11.928703,16.221233
3191,Mombasa Farm Site 3191,farm,67786 Matthew Island Apt. 151,Mombasa,KE,6.833642,32.553143
3192,Accra Farm Site 3192,farm,066 Janet Mission,Accra,GH,11.631542,15.709851
3193,Takoradi Farm Site 3193,farm,7743 Richard Oval Apt. 647,Takoradi,GH,6.13726,16.86843
3194,Kano Farm Site 3194,farm,2127 Cynthia Rapids,Kano,NG,4.133831,27.601961
3195,Abuja Farm Site 3195,farm,9518 Vargas Path Suite 109,Abuja,NG,6.771358,20.233701
3196,Uyo Farm Site 3196,farm,54035 Lisa Corner Suite 784,Uyo,NG,4.027709,15.48051
3197,Enugu Farm Site 3197,farm,503 David Rue,Enugu,NG,11.671182,22.221041
3198,Nakuru Farm Site 3198,farm,26653 Robert Court Apt. 502,Nakuru,KE,11.167385,30.725909
3199,Kano Farm Site 3199,farm,3388 Miller Springs Apt. 412,Kano,NG,11.192419,12.731573
3200,Abuja Farm Site 3200,farm,63456 Susan Rue,Abuja,NG,10.55796,37.07248
3201,Port Harcourt Farm Site 3201,farm,12472 Robert Heights Suite 804,Port Harcourt,NG,5.479988,16.01725
3202,Port Harcourt Farm Site 3202,farm,3787 Ramsey Trail Suite 567,Port Harcourt,NG,4.866089,30.084579
3203,Port Harcourt Farm Site 3203,farm,3810 Hill Passage,Port Harcourt,NG,6.492473,31.312863
3204,Lagos Farm Site 3204,farm,893 Samantha Vista,Lagos,NG,5.589079,31.411483
3205,Uyo Farm Site 3205,farm,35590 Ramirez Knolls,Uyo,NG,7.592828,8.392273
3206,Port Harcourt Farm Site 3206,farm,812 Parker Glen,Port Harcourt,NG,12.356309,28.204294
3207,Uyo Farm Site 3207,farm,9005 Taylor Rue,Uyo,NG,4.844795,-0.986875
3208,Kano Farm Site 3208,farm,51476 Darlene Ports,Kano,NG,7.677876,30.806475
3209,Accra Farm Site 3209,farm,777 Ashley Lights Suite 998,Accra,GH,6.36849,22.586086
3210,Enugu Farm Site 3210,farm,0791 Rivera Ford,Enugu,NG,7.014022,25.112521
3211,Benin City Farm Site 3211,farm,60893 Holly Stravenue Suite 268,Benin City,NG,13.411335,24.136927
3212,Ibadan Farm Site 3212,farm,10181 Davidson Course Apt. 083,Ibadan,NG,9.774828,14.127452
3213,Port Harcourt Farm Site 3213,farm,6320 Bailey Mountains Apt. 182,Port Harcourt,NG,4.918789,19.001678
3214,Kumasi Farm Site 3214,farm,968 Clark Land,Kumasi,GH,11.702713,22.97359
3215,Enugu Farm Site 3215,farm,26075 Roberta Ferry Apt. 005,Enugu,NG,11.272509,27.598867
3216,Benin City Farm Site 3216,farm,591 Stephanie Corner Apt. 639,Benin City,NG,10.612654,13.628004
3217,Kumasi Farm Site 3217,farm,533 Jodi Parks Apt. 000,Kumasi,GH,6.862036,5.215703
3218,Abuja Farm Site 3218,farm,18944 Donna Unions,Abuja,NG,10.595349,-1.965685
3219,Port Harcourt Farm Site 3219,farm,5970 Booker Square Suite 914,Port Harcourt,NG,4.697125,11.887419
3220,Lagos Farm Site 3220,farm,257 Mary Wall Suite 794,Lagos,NG,4.02977,33.494686
3221,Benin City Farm Site 3221,farm,97788 Luis Springs,Benin City,NG,10.223756,8.329792
3222,Uyo Farm Site 3222,farm,044 Blake Coves,Uyo,NG,8.305072,4.957641
3223,Lagos Farm Site 3223,farm,583 Francis Center,Lagos,NG,11.602102,9.16656
3224,Lagos Farm Site 3224,farm,13397 White Land,Lagos,NG,11.257563,38.565409
3225,Ibadan Farm Site 3225,farm,80671 William Pines Apt. 453,Ibadan,NG,4.956526,24.184985
3226,Nakuru Farm Site 3226,farm,938 Melissa Crescent Suite 477,Nakuru,KE,6.607106,17.786379
3227,Ibadan Farm Site 3227,farm,159 Gonzalez Cliffs,Ibadan,NG,9.18873,29.463938
3228,Lagos Farm Site 3228,farm,4968 Calhoun Cliffs Apt. 289,Lagos,NG,10.342309,38.176112
3229,Port Harcourt Farm Site 3229,farm,56988 Smith Gateway,Port Harcourt,NG,10.889778,-0.142283
3230,Port Harcourt Farm Site 3230,farm,6442 Sean Passage Apt. 586,Port Harcourt,NG,10.505093,5.676832
3231,Abuja Farm Site 3231,farm,456 Mark Light,Abuja,NG,9.974421,-1.087553
3232,Abuja Farm Site 3232,farm,04633 Saunders Extensions,Abuja,NG,9.734378,38.805055
3233,Port Harcourt Farm Site 3233,farm,2662 Denise Vista Suite 898,Port Harcourt,NG,11.046184,-0.859648
3234,Takoradi Farm Site 3234,farm,7297 Robert Cove,Takoradi,GH,10.672762,13.062631
3235,Tamale Farm Site 3235,farm,1892 Conner Way Suite 021,Tamale,GH,13.303375,34.274153
3236,Nakuru Farm Site 3236,farm,713 Pamela Manors Apt. 831,Nakuru,KE,11.895842,29.498051
3237,Abuja Farm Site 3237,farm,0592 Henry Islands Apt. 784,Abuja,NG,8.260765,7.802946
3238,Ibadan Farm Site 3238,farm,52691 Fischer Shoals Suite 501,Ibadan,NG,7.025362,4.578284
3239,Uyo Farm Site 3239,farm,55738 Sandra Flat,Uyo,NG,8.517008,40.642423
3240,Kano Farm Site 3240,farm,7540 Pennington Pine,Kano,NG,10.168032,18.188556
3241,Lagos Farm Site 3241,farm,066 Daniel Locks Suite 474,Lagos,NG,11.346796,25.138782
3242,Uyo Farm Site 3242,farm,673 Anthony Crossroad,Uyo,NG,4.01198,7.407072
3243,Abuja Farm Site 3243,farm,319 Guerra Pike Apt. 351,Abuja,NG,9.107738,6.834761
3244,Kano Farm Site 3244,farm,1772 Brittany Bridge Suite 829,Kano,NG,4.034737,8.058455
3245,Ibadan Farm Site 3245,farm,0445 Kelly Wall Suite 106,Ibadan,NG,10.074763,11.090593
3246,Benin City Farm Site 3246,farm,764 Charles Garden Suite 765,Benin City,NG,8.700845,16.504172
3247,Benin City Farm Site 3247,farm,16163 John Alley Apt. 573,Benin City,NG,5.794767,26.576783
3248,Nairobi Farm Site 3248,farm,61847 Sanchez Vista Apt. 292,Nairobi,KE,4.295357,26.727249
3249,Uyo Farm Site 3249,farm,175 Flores Parks,Uyo,NG,6.741285,28.040515
3250,Kano Farm Site 3250,farm,2581 Horton Well Suite 428,Kano,NG,6.965424,38.732261
3251,Lagos Farm Site 3251,farm,93475 Autumn Roads Suite 405,Lagos,NG,12.141861,27.955111
3252,Nairobi Farm Site 3252,farm,73335 Taylor Oval Suite 826,Nairobi,KE,9.475859,21.136194
3253,Benin City Farm Site 3253,farm,195 Stacey Port Suite 847,Benin City,NG,9.695526,19.508537
3254,Lagos Farm Site 3254,farm,431 Harrington Forge Apt. 162,Lagos,NG,9.789743,39.699393
3255,Nairobi Farm Site 3255,farm,195 Tracey Meadow,Nairobi,KE,7.935542,14.317241
3256,Port Harcourt Farm Site 3256,farm,951 Smith Flats Apt. 567,Port Harcourt,NG,7.930644,4.304742
3257,Benin City Farm Site 3257,farm,7328 Jackson Parkway Apt. 128,Benin City,NG,5.213657,25.373287
3258,Benin City Farm Site 3258,farm,9086 Susan Run Suite 304,Benin City,NG,9.770439,36.969384
3259,Nairobi Farm Site 3259,farm,902 Christopher Squares,Nairobi,KE,7.348419,35.136279
3260,Benin City Farm Site 3260,farm,871 Kayla Wells,Benin City,NG,6.18959,32.892481
3261,Accra Farm Site 3261,farm,198 Jennifer Street Apt. 652,Accra,GH,8.064931,1.695878
3262,Lagos Farm Site 3262,farm,89361 Owen Highway,Lagos,NG,12.83257,9.996183
3263,Ibadan Farm Site 3263,farm,90768 Mills Parkway Suite 003,Ibadan,NG,12.31657,1.042633
3264,Kumasi Farm Site 3264,farm,2176 Rodgers Common Suite 017,Kumasi,GH,7.805775,-3.024431
3265,Kano Farm Site 3265,farm,69904 Robert Inlet Apt. 481,Kano,NG,4.544212,18.863714
3266,Benin City Farm Site 3266,farm,090 Cervantes Via Suite 795,Benin City,NG,5.18981,30.814284
3267,Nairobi Farm Site 3267,farm,34721 Jordan Locks,Nairobi,KE,4.961827,0.175264
3268,Enugu Farm Site 3268,farm,89369 Melvin Station,Enugu,NG,13.28257,25.767505
3269,Kisumu Farm Site 3269,farm,6897 Donna Square Suite 668,Kisumu,KE,8.731657,38.936253
3270,Accra Farm Site 3270,farm,23007 Bailey Parkway,Accra,GH,6.819529,1.64294
3271,Kano Farm Site 3271,farm,5089 Hogan View Apt. 635,Kano,NG,5.893432,34.726919
3272,Lagos Farm Site 3272,farm,326 Michael Green,Lagos,NG,12.610707,23.100637
3273,Benin City Farm Site 3273,farm,962 Andrew Bridge Suite 426,Benin City,NG,5.908592,7.91127
3274,Ibadan Farm Site 3274,farm,19025 Kenneth Garden,Ibadan,NG,9.062523,31.701424
3275,Tamale Farm Site 3275,farm,6153 Michael Glens,Tamale,GH,6.861692,29.468506
3276,Nakuru Farm Site 3276,farm,70042 Hernandez Crest,Nakuru,KE,6.304369,2.169673
3277,Kano Farm Site 3277,farm,801 Andrea Brook Apt. 496,Kano,NG,7.60282,23.578133
3278,Benin City Farm Site 3278,farm,35526 Tracy Ford Suite 702,Benin City,NG,12.173727,31.621268
3279,Enugu Farm Site 3279,farm,314 Howell Ford,Enugu,NG,5.529015,37.403383
3280,Ibadan Farm Site 3280,farm,922 Christopher Course Apt. 169,Ibadan,NG,4.472173,6.873864
3281,Kumasi Farm Site 3281,farm,189 Martin Meadow,Kumasi,GH,12.421165,16.856357
3282,Nairobi Farm Site 3282,farm,742 Henderson Mount Suite 329,Nairobi,KE,12.479609,32.968433
3283,Benin City Farm Site 3283,farm,0460 Michelle Forest Suite 593,Benin City,NG,10.983426,38.253515
3284,Ibadan Farm Site 3284,farm,98566 Dudley Fall,Ibadan,NG,9.919117,18.161509
3285,Port Harcourt Farm Site 3285,farm,62376 Reed Islands,Port Harcourt,NG,10.463612,11.336455
3286,Abuja Farm Site 3286,farm,216 Brandon Overpass Suite 970,Abuja,NG,11.588807,25.456462
3287,Benin City Farm Site 3287,farm,581 Garcia Parkway,Benin City,NG,10.147058,35.771725
3288,Nairobi Farm Site 3288,farm,689 James Ramp Suite 155,Nairobi,KE,4.840338,-0.484432
3289,Ibadan Farm Site 3289,farm,6130 Thomas Fords,Ibadan,NG,8.30346,4.436913
3290,Abuja Farm Site 3290,farm,361 Rivas Harbors Suite 983,Abuja,NG,12.793238,39.622303
3291,Tamale Farm Site 3291,farm,38246 Amy Shore,Tamale,GH,11.57366,1.11192
3292,Abuja Farm Site 3292,farm,22015 Samantha Isle Suite 009,Abuja,NG,12.954853,12.077914
3293,Ibadan Farm Site 3293,farm,333 Gordon Trafficway Apt. 998,Ibadan,NG,10.873447,35.795248
3294,Abuja Farm Site 3294,farm,063 Andrea Corners Apt. 445,Abuja,NG,7.049536,32.036545
3295,Benin City Farm Site 3295,farm,55625 Craig Mills Suite 165,Benin City,NG,13.229971,20.150231
3296,Port Harcourt Farm Site 3296,farm,03423 Sarah Coves Apt. 239,Port Harcourt,NG,7.139476,33.726331
3297,Nairobi Farm Site 3297,farm,285 Hannah Forge,Nairobi,KE,5.281372,9.581595
3298,Tamale Farm Site 3298,farm,1885 Parks Village Suite 492,Tamale,GH,9.362358,24.801321
3299,Uyo Farm Site 3299,farm,38404 Harry Gardens Suite 289,Uyo,NG,11.231459,38.786171
3300,Lagos Farm Site 3300,farm,7890 April Pike Suite 076,Lagos,NG,9.156831,16.779755
3301,Tamale Farm Site 3301,farm,209 Katie Inlet,Tamale,GH,10.356868,17.703926
3302,Enugu Farm Site 3302,farm,7227 Brandy Road,Enugu,NG,8.01027,17.90437
3303,Benin City Farm Site 3303,farm,205 Brian Stravenue Apt. 089,Benin City,NG,11.239889,24.427782
3304,Kano Farm Site 3304,farm,8435 Blackburn Ranch Apt. 618,Kano,NG,12.215778,-1.518737
3305,Benin City Farm Site 3305,farm,85817 Spears Square,Benin City,NG,10.389939,-3.217167
3306,Benin City Farm Site 3306,farm,85600 Williamson Mountain,Benin City,NG,7.032975,0.830309
3307,Ibadan Farm Site 3307,farm,1147 Kevin Rue,Ibadan,NG,8.226199,27.730441
3308,Benin City Farm Site 3308,farm,46740 Jones Locks Apt. 256,Benin City,NG,9.551902,29.810529
3309,Port Harcourt Farm Site 3309,farm,2516 Barbara Glens,Port Harcourt,NG,13.440074,39.821545
3310,Kisumu Farm Site 3310,farm,782 Jeffrey Ramp,Kisumu,KE,7.251309,23.390475
3311,Kano Farm Site 3311,farm,505 Chris Extensions Apt. 428,Kano,NG,6.458437,38.304732
3312,Kano Farm Site 3312,farm,0051 Jeremy Spring,Kano,NG,8.528073,29.778449
3313,Enugu Farm Site 3313,farm,48491 Hall Avenue Apt. 100,Enugu,NG,4.787912,5.343665
3314,Kano Farm Site 3314,farm,509 Daugherty Courts,Kano,NG,11.75069,39.609403
3315,Tamale Farm Site 3315,farm,9323 Gray Extensions Apt. 118,Tamale,GH,8.862502,14.359301
3316,Lagos Farm Site 3316,farm,3196 Underwood Glen Apt. 801,Lagos,NG,9.927287,9.869602
3317,Mombasa Farm Site 3317,farm,448 Paul Underpass,Mombasa,KE,4.225951,-2.831998
3318,Ibadan Farm Site 3318,farm,633 Gordon Prairie Suite 462,Ibadan,NG,5.19743,36.209455
3319,Ibadan Farm Site 3319,farm,8366 David Common,Ibadan,NG,7.005057,0.898769
3320,Nairobi Farm Site 3320,farm,74650 Cruz Divide,Nairobi,KE,8.356276,-1.935065
3321,Lagos Farm Site 3321,farm,07672 Nicole Street,Lagos,NG,10.976474,13.693968
3322,Lagos Farm Site 3322,farm,2641 Christopher Key,Lagos,NG,11.65227,8.03103
3323,Ibadan Farm Site 3323,farm,235 Adam Port,Ibadan,NG,4.23087,25.208904
3324,Uyo Farm Site 3324,farm,39599 Scott Pike,Uyo,NG,5.219699,3.735927
3325,Uyo Farm Site 3325,farm,1743 Diaz Port,Uyo,NG,9.38242,17.772983
3326,Port Harcourt Farm Site 3326,farm,975 Harvey Prairie,Port Harcourt,NG,11.157202,1.663132
3327,Benin City Farm Site 3327,farm,734 Brooks Terrace,Benin City,NG,4.757329,27.366174
3328,Port Harcourt Farm Site 3328,farm,9504 Bowen Plains Apt. 137,Port Harcourt,NG,9.626015,23.224103
3329,Accra Farm Site 3329,farm,08225 Hardy Grove,Accra,GH,12.464678,40.67355
3330,Nakuru Farm Site 3330,farm,0772 Wise Summit,Nakuru,KE,10.118746,13.756179
3331,Tamale Farm Site 3331,farm,0058 Catherine Lodge,Tamale,GH,4.462206,10.124241
3332,Takoradi Farm Site 3332,farm,68720 Michelle Terrace Apt. 441,Takoradi,GH,4.982188,34.326294
3333,Enugu Farm Site 3333,farm,045 Rick Branch,Enugu,NG,8.821986,25.123504
3334,Uyo Farm Site 3334,farm,29342 Ryan Way,Uyo,NG,5.057775,11.420875
3335,Enugu Farm Site 3335,farm,165 Mcdaniel Union,Enugu,NG,6.861057,21.979189
3336,Lagos Farm Site 3336,farm,057 Hamilton Lake,Lagos,NG,4.034889,30.746411
3337,Nairobi Farm Site 3337,farm,590 Joseph Canyon,Nairobi,KE,4.222734,33.115037
3338,Nakuru Farm Site 3338,farm,8048 Erica Brooks,Nakuru,KE,10.312716,22.355844
3339,Takoradi Farm Site 3339,farm,77463 Lopez Meadows,Takoradi,GH,12.132087,23.000616
3340,Benin City Farm Site 3340,farm,173 Brown Streets,Benin City,NG,5.277352,0.564833
3341,Abuja Farm Site 3341,farm,25033 Patrick Meadows,Abuja,NG,10.741752,37.604006
3342,Kano Farm Site 3342,farm,83725 Fuller Avenue Suite 655,Kano,NG,10.507511,2.863605
3343,Accra Farm Site 3343,farm,68742 Copeland Common,Accra,GH,12.975104,36.10882
3344,Lagos Farm Site 3344,farm,93772 Brandon Bridge Suite 708,Lagos,NG,10.420357,34.340254
3345,Lagos Farm Site 3345,farm,405 Rhonda Station,Lagos,NG,4.127551,14.40585
3346,Ibadan Farm Site 3346,farm,3665 Moss Tunnel,Ibadan,NG,11.353731,16.819644
3347,Takoradi Farm Site 3347,farm,957 Garcia Squares,Takoradi,GH,10.123735,20.466687
3348,Abuja Farm Site 3348,farm,409 Walsh Common,Abuja,NG,4.509767,26.233956
3349,Benin City Farm Site 3349,farm,87585 Williams Mountains,Benin City,NG,6.600305,19.574434
3350,Benin City Farm Site 3350,farm,9246 Price Path,Benin City,NG,12.220074,21.718649
3351,Kumasi Farm Site 3351,farm,51642 Gilbert Drives,Kumasi,GH,12.18217,38.126357
3352,Nakuru Farm Site 3352,farm,48244 Julie Stravenue,Nakuru,KE,12.350595,22.438462
3353,Kano Farm Site 3353,farm,080 Hernandez Oval Apt. 549,Kano,NG,8.885587,1.362378
3354,Kano Farm Site 3354,farm,98844 Jessica Parkway,Kano,NG,4.792418,28.748677
3355,Tamale Farm Site 3355,farm,71069 Jonathan Mill Suite 155,Tamale,GH,7.343305,24.172833
3356,Uyo Farm Site 3356,farm,05429 Jason Place Apt. 986,Uyo,NG,4.820498,15.253865
3357,Lagos Farm Site 3357,farm,61690 Brandy Locks Suite 634,Lagos,NG,13.066697,5.714981
3358,Nakuru Farm Site 3358,farm,746 West Divide Apt. 660,Nakuru,KE,8.089748,33.792235
3359,Kumasi Farm Site 3359,farm,4766 Janet Route,Kumasi,GH,5.342957,28.012208
3360,Port Harcourt Farm Site 3360,farm,4245 Tran Harbors,Port Harcourt,NG,4.327209,3.599746
3361,Benin City Farm Site 3361,farm,39652 Hansen Gardens,Benin City,NG,6.288299,32.513539
3362,Port Harcourt Farm Site 3362,farm,41305 Mary Oval Suite 443,Port Harcourt,NG,5.9701,32.690143
3363,Enugu Farm Site 3363,farm,357 Johnson Squares,Enugu,NG,11.947334,31.528229
3364,Benin City Farm Site 3364,farm,5415 Reynolds Shoals Apt. 916,Benin City,NG,8.726456,21.978674
3365,Abuja Farm Site 3365,farm,7697 Harper Mountain Apt. 995,Abuja,NG,13.285621,23.727892
3366,Enugu Farm Site 3366,farm,734 Ashley Route,Enugu,NG,4.232356,8.280214
3367,Benin City Farm Site 3367,farm,0033 Richards Walk,Benin City,NG,5.29,13.650888
3368,Abuja Farm Site 3368,farm,294 Carr Crossroad Suite 176,Abuja,NG,12.064606,31.485229
3369,Uyo Farm Site 3369,farm,726 Davis Causeway Suite 424,Uyo,NG,5.982695,17.725567
3370,Abuja Farm Site 3370,farm,0720 Cynthia Shore,Abuja,NG,8.02102,30.867868
3371,Takoradi Farm Site 3371,farm,0669 Crystal Manors Apt. 769,Takoradi,GH,6.186002,4.861961
3372,Enugu Farm Site 3372,farm,690 Thompson Crossing Apt. 092,Enugu,NG,5.776326,2.560539
3373,Kano Farm Site 3373,farm,755 Jacqueline River Suite 552,Kano,NG,10.375351,-2.171175
3374,Port Harcourt Farm Site 3374,farm,942 Roberts Coves Suite 368,Port Harcourt,NG,5.555333,30.924178
3375,Ibadan Farm Site 3375,farm,8448 John Plaza,Ibadan,NG,9.122663,21.872735
3376,Benin City Farm Site 3376,farm,210 Victor Vista,Benin City,NG,9.787853,-0.483888
3377,Uyo Farm Site 3377,farm,758 Walker Plaza Suite 916,Uyo,NG,5.540514,27.313623
3378,Lagos Farm Site 3378,farm,64416 Michele Causeway,Lagos,NG,6.520847,34.318914
3379,Nakuru Farm Site 3379,farm,96003 Martinez Flats Suite 442,Nakuru,KE,7.547481,13.029061
3380,Lagos Farm Site 3380,farm,160 Barnes Trafficway Suite 653,Lagos,NG,8.606378,39.239836
3381,Lagos Farm Site 3381,farm,03310 Amanda Passage Apt. 038,Lagos,NG,12.245403,11.990583
3382,Enugu Farm Site 3382,farm,323 Amy Shoals Suite 793,Enugu,NG,10.005925,40.149444
3383,Abuja Farm Site 3383,farm,2718 Carlos Heights,Abuja,NG,5.693674,11.645457
3384,Abuja Farm Site 3384,farm,36749 Caitlin Estate Apt. 849,Abuja,NG,8.687903,14.796961
3385,Ibadan Farm Site 3385,farm,67278 Melanie Ranch,Ibadan,NG,4.919569,11.755899
3386,Enugu Farm Site 3386,farm,220 Wells Summit Apt. 772,Enugu,NG,12.817321,0.8316
3387,Enugu Farm Site 3387,farm,07741 Jennifer Pine,Enugu,NG,11.241929,8.599773
3388,Port Harcourt Farm Site 3388,farm,719 Jennifer Trail Apt. 941,Port Harcourt,NG,7.497208,35.188342
3389,Accra Farm Site 3389,farm,41148 Jason Light Suite 773,Accra,GH,4.367246,29.051184
3390,Kano Farm Site 3390,farm,43594 Conrad Trafficway Apt. 193,Kano,NG,8.848196,1.374935
3391,Ibadan Farm Site 3391,farm,2296 Lisa Ports Suite 295,Ibadan,NG,11.397549,38.005087
3392,Ibadan Farm Site 3392,farm,9597 Banks Tunnel,Ibadan,NG,7.462541,13.617455
3393,Port Harcourt Farm Site 3393,farm,605 Patricia Bridge,Port Harcourt,NG,5.141342,39.757691
3394,Uyo Farm Site 3394,farm,21345 Tina Well,Uyo,NG,12.588223,5.514785
3395,Ibadan Farm Site 3395,farm,3145 Lisa Gardens,Ibadan,NG,11.242503,28.827067
3396,Enugu Farm Site 3396,farm,332 Ray Parkways,Enugu,NG,11.105357,15.170701
3397,Tamale Farm Site 3397,farm,39103 Jacob Shores Suite 833,Tamale,GH,13.328896,31.552991
3398,Lagos Farm Site 3398,farm,065 Perez Mountain,Lagos,NG,8.816536,8.675199
3399,Port Harcourt Farm Site 3399,farm,47986 Daniel Drive Suite 706,Port Harcourt,NG,12.412636,17.224873
3400,Kano Farm Site 3400,farm,98848 Jamie Estate Apt. 698,Kano,NG,12.941562,11.901831
3401,Benin City Farm Site 3401,farm,00344 Jamie Parkways,Benin City,NG,11.655779,39.857707
3402,Port Harcourt Farm Site 3402,farm,6289 Julia Courts Suite 893,Port Harcourt,NG,11.836551,-0.540964
3403,Uyo Farm Site 3403,farm,3517 Peter Inlet Apt. 290,Uyo,NG,9.224546,3.628909
3404,Uyo Farm Site 3404,farm,433 Alicia Field,Uyo,NG,12.132566,19.909521
3405,Benin City Farm Site 3405,farm,9589 Delgado Fork,Benin City,NG,5.320292,4.225189
3406,Enugu Farm Site 3406,farm,5482 Arias Springs,Enugu,NG,7.749454,35.897525
3407,Accra Farm Site 3407,farm,8227 Campbell Park Apt. 400,Accra,GH,9.541843,32.508511
3408,Benin City Farm Site 3408,farm,5394 Wright Inlet,Benin City,NG,10.924115,22.905721
3409,Tamale Farm Site 3409,farm,0731 Moore Forks,Tamale,GH,6.935555,1.792798
3410,Uyo Farm Site 3410,farm,827 Lisa Key,Uyo,NG,4.821749,10.26802
3411,Abuja Farm Site 3411,farm,75529 Shaun Field Apt. 020,Abuja,NG,12.052064,2.854816
3412,Accra Farm Site 3412,farm,5943 Katherine Villages,Accra,GH,10.676028,29.789427
3413,Uyo Farm Site 3413,farm,481 Walker Station Suite 775,Uyo,NG,10.379151,38.801851
3414,Enugu Farm Site 3414,farm,08973 Cynthia Lake,Enugu,NG,6.832666,8.064267
3415,Port Harcourt Farm Site 3415,farm,88233 Garcia Mall,Port Harcourt,NG,13.253978,7.022995
3416,Uyo Farm Site 3416,farm,6661 Thompson Islands,Uyo,NG,11.934432,22.775005
3417,Accra Farm Site 3417,farm,027 Vaughn Neck,Accra,GH,5.340521,18.366607
3418,Kano Farm Site 3418,farm,97223 Roach Square Apt. 979,Kano,NG,12.111358,30.40661
3419,Ibadan Farm Site 3419,farm,868 Patrick Neck Suite 994,Ibadan,NG,9.846065,25.524987
3420,Ibadan Farm Site 3420,farm,86479 Khan Canyon Suite 821,Ibadan,NG,9.440392,33.691019
3421,Uyo Farm Site 3421,farm,830 Mosley Crescent,Uyo,NG,4.203545,36.076868
3422,Accra Farm Site 3422,farm,677 Gilbert Ridge,Accra,GH,9.509877,17.529321
3423,Kano Farm Site 3423,farm,25816 Mclaughlin Fort Suite 269,Kano,NG,8.52447,26.380559
3424,Kano Farm Site 3424,farm,798 Savage Center,Kano,NG,9.21873,24.750752
3425,Uyo Farm Site 3425,farm,7830 Jones Rapids,Uyo,NG,12.987478,25.664444
3426,Nairobi Farm Site 3426,farm,8194 Luis Valleys,Nairobi,KE,12.340606,28.882095
3427,Ibadan Farm Site 3427,farm,03220 Simmons Points Apt. 935,Ibadan,NG,6.880107,27.796444
3428,Enugu Farm Site 3428,farm,6109 Harrison Crossroad,Enugu,NG,10.357725,25.090558
3429,Port Harcourt Farm Site 3429,farm,9298 Hayes Mission Suite 664,Port Harcourt,NG,10.082862,30.859699
3430,Benin City Farm Site 3430,farm,2738 Benjamin Parkways,Benin City,NG,5.508237,25.709699
3431,Uyo Farm Site 3431,farm,1724 Brown Fall,Uyo,NG,8.024431,35.47606
3432,Abuja Farm Site 3432,farm,0709 Elizabeth Spurs Apt. 007,Abuja,NG,12.739425,13.876469
3433,Enugu Farm Site 3433,farm,80242 Brittany Spurs,Enugu,NG,7.576324,19.074567
3434,Kisumu Farm Site 3434,farm,722 Cynthia Inlet,Kisumu,KE,6.962037,17.725026
3435,Ibadan Farm Site 3435,farm,6225 Anderson Road Suite 677,Ibadan,NG,13.421284,38.040151
3436,Uyo Farm Site 3436,farm,5473 Adrian Cove,Uyo,NG,9.083244,40.569161
3437,Kisumu Farm Site 3437,farm,8929 Carlos Springs Apt. 049,Kisumu,KE,4.240154,35.319873
3438,Abuja Farm Site 3438,farm,0811 Heather Walk,Abuja,NG,10.728947,16.405826
3439,Port Harcourt Farm Site 3439,farm,81966 Bailey Crossing,Port Harcourt,NG,10.556261,-1.741054
3440,Enugu Farm Site 3440,farm,304 Ward Wall,Enugu,NG,11.326949,36.858253
3441,Mombasa Farm Site 3441,farm,079 Todd Brook,Mombasa,KE,5.571142,40.576434
3442,Kumasi Farm Site 3442,farm,282 Julie Locks Apt. 951,Kumasi,GH,7.756212,10.542164
3443,Benin City Farm Site 3443,farm,4964 Cynthia Knolls,Benin City,NG,8.762049,8.333898
3444,Abuja Farm Site 3444,farm,1184 Jasmine Trafficway Suite 395,Abuja,NG,6.407829,10.219369
3445,Accra Farm Site 3445,farm,234 Kaitlyn Crossroad,Accra,GH,5.69921,-2.036173
3446,Port Harcourt Farm Site 3446,farm,27267 Johnson Ways Apt. 477,Port Harcourt,NG,10.424403,14.921509
3447,Abuja Farm Site 3447,farm,131 Kelly Streets,Abuja,NG,9.84802,32.28279
3448,Uyo Farm Site 3448,farm,39969 Robert Groves Apt. 218,Uyo,NG,12.613876,30.694323
3449,Nairobi Farm Site 3449,farm,09718 David Run,Nairobi,KE,11.506773,-0.519106
3450,Accra Farm Site 3450,farm,0729 Frederick Coves,Accra,GH,4.937916,36.796243
3451,Enugu Farm Site 3451,farm,43300 Smith Station Suite 169,Enugu,NG,10.68372,29.179013
3452,Abuja Farm Site 3452,farm,190 Garrison Hollow Suite 011,Abuja,NG,10.898213,13.587201
3453,Enugu Farm Site 3453,farm,5362 Paul Lane,Enugu,NG,11.970846,10.72763
3454,Kumasi Farm Site 3454,farm,36123 Carl Lane Suite 386,Kumasi,GH,7.640719,27.762442
3455,Uyo Farm Site 3455,farm,815 Stuart Plain Suite 213,Uyo,NG,8.160858,22.415463
3456,Abuja Farm Site 3456,farm,908 Aaron Bypass,Abuja,NG,5.140788,33.009823
3457,Ibadan Farm Site 3457,farm,823 Garcia Ports Suite 921,Ibadan,NG,5.399132,39.135202
3458,Enugu Farm Site 3458,farm,928 Lori Tunnel,Enugu,NG,11.836682,30.254951
3459,Kumasi Farm Site 3459,farm,4097 Vincent Skyway,Kumasi,GH,5.478342,11.880392
3460,Tamale Farm Site 3460,farm,49149 Snyder Spring Suite 964,Tamale,GH,6.934358,-1.520319
3461,Tamale Farm Site 3461,farm,66929 Erika Passage Suite 303,Tamale,GH,7.195841,1.86986
3462,Benin City Farm Site 3462,farm,08429 Martha Groves,Benin City,NG,7.424038,3.29475
3463,Abuja Farm Site 3463,farm,7558 Kaitlyn Viaduct,Abuja,NG,5.669641,8.113174
3464,Accra Farm Site 3464,farm,7616 Williams Run,Accra,GH,4.521699,-1.765713
3465,Abuja Farm Site 3465,farm,5474 Peters Roads Suite 852,Abuja,NG,13.032125,-1.636771
3466,Lagos Farm Site 3466,farm,6415 Elizabeth Squares,Lagos,NG,4.868605,33.078882
3467,Ibadan Farm Site 3467,farm,92146 Williams Course,Ibadan,NG,13.147936,27.138601
3468,Mombasa Farm Site 3468,farm,87673 Andrew Viaduct Apt. 737,Mombasa,KE,10.07563,-2.084921
3469,Kano Farm Site 3469,farm,9354 Kathleen Trail,Kano,NG,7.005646,20.343339
3470,Tamale Farm Site 3470,farm,14330 Carroll Ridges Suite 269,Tamale,GH,10.132306,-0.755944
3471,Kumasi Farm Site 3471,farm,522 Samantha Tunnel,Kumasi,GH,9.663373,35.905663
3472,Kumasi Farm Site 3472,farm,353 Clifford Fall Suite 525,Kumasi,GH,5.023329,21.006841
3473,Kumasi Farm Site 3473,farm,3827 Green Route Apt. 102,Kumasi,GH,4.522492,33.084994
3474,Enugu Farm Site 3474,farm,69087 Jermaine Harbors Suite 344,Enugu,NG,10.822009,-0.351601
3475,Benin City Farm Site 3475,farm,2437 Morgan Junctions Apt. 925,Benin City,NG,11.029345,1.921819
3476,Uyo Farm Site 3476,farm,32612 Sanchez Stravenue Apt. 778,Uyo,NG,5.353865,38.423302
3477,Port Harcourt Farm Site 3477,farm,569 Rogers Pass Apt. 086,Port Harcourt,NG,6.046701,14.976023
3478,Takoradi Farm Site 3478,farm,42997 Robert Vista,Takoradi,GH,10.859482,-3.219904
3479,Enugu Farm Site 3479,farm,78780 Jackson Camp Suite 184,Enugu,NG,12.376327,38.655529
3480,Benin City Farm Site 3480,farm,438 Audrey Keys,Benin City,NG,4.695593,23.699448
3481,Kano Farm Site 3481,farm,464 Krystal Knoll,Kano,NG,5.733764,2.778599
3482,Port Harcourt Farm Site 3482,farm,44400 Murray Junction Suite 552,Port Harcourt,NG,12.437915,12.232428
3483,Lagos Farm Site 3483,farm,0985 Roberts Trafficway,Lagos,NG,5.25584,3.282764
3484,Ibadan Farm Site 3484,farm,63268 Bailey Skyway,Ibadan,NG,8.889426,18.338332
3485,Kumasi Farm Site 3485,farm,47996 Reyes Mission Apt. 239,Kumasi,GH,11.843141,23.6264
3486,Nairobi Farm Site 3486,farm,062 Sharon Field,Nairobi,KE,8.42234,17.166946
3487,Mombasa Farm Site 3487,farm,54479 Howard Rapid,Mombasa,KE,7.413505,22.983761
3488,Kumasi Farm Site 3488,farm,598 Stewart Corners,Kumasi,GH,4.492512,5.006467
3489,Ibadan Farm Site 3489,farm,6259 Garcia Plains,Ibadan,NG,5.277969,13.970161
3490,Benin City Farm Site 3490,farm,51200 April Mall,Benin City,NG,4.000153,6.497413
3491,Benin City Farm Site 3491,farm,89533 Lori Viaduct,Benin City,NG,8.138709,2.902729
3492,Lagos Farm Site 3492,farm,9213 Harris Lane,Lagos,NG,9.584403,24.244293
3493,Abuja Farm Site 3493,farm,71692 Diana Estates,Abuja,NG,8.614371,14.948091
3494,Abuja Farm Site 3494,farm,820 Beverly Throughway Suite 378,Abuja,NG,12.208542,28.687225
3495,Uyo Farm Site 3495,farm,44238 Wayne Manor,Uyo,NG,12.022553,27.458772
3496,Uyo Farm Site 3496,farm,26221 Ruben Shores,Uyo,NG,9.61411,24.427591
3497,Accra Farm Site 3497,farm,827 Johnson Forge,Accra,GH,12.483725,16.999827
3498,Kano Farm Site 3498,farm,208 Sullivan Walks Apt. 810,Kano,NG,6.813059,36.614996
3499,Lagos Farm Site 3499,farm,56697 Debra Wall Apt. 865,Lagos,NG,4.442329,40.094433
3500,Benin City Farm Site 3500,farm,27290 John Haven,Benin City,NG,8.01539,24.016646
3501,Ibadan Farm Site 3501,farm,72129 Hardy Motorway,Ibadan,NG,4.769169,9.863682
3502,Lagos Farm Site 3502,farm,50501 Kelley Mountain Suite 211,Lagos,NG,7.138194,18.515492
3503,Kumasi Farm Site 3503,farm,21598 Lewis Coves,Kumasi,GH,12.762232,40.34567
3504,Takoradi Farm Site 3504,farm,54682 Bolton Viaduct,Takoradi,GH,6.672363,3.631315
3505,Port Harcourt Farm Site 3505,farm,8969 Angela Spring Suite 736,Port Harcourt,NG,6.606158,35.901452
3506,Nairobi Farm Site 3506,farm,407 Brian Mountains Suite 602,Nairobi,KE,10.136028,0.709647
3507,Nairobi Farm Site 3507,farm,6252 Johnson Ridge Apt. 954,Nairobi,KE,9.801124,10.597582
3508,Ibadan Farm Site 3508,farm,980 Ryan Mews Apt. 930,Ibadan,NG,10.579388,34.320232
3509,Lagos Farm Site 3509,farm,70098 Thomas Causeway Suite 160,Lagos,NG,12.520772,16.1365
3510,Ibadan Farm Site 3510,farm,62005 Vasquez Roads Suite 115,Ibadan,NG,8.409913,30.25411
3511,Abuja Farm Site 3511,farm,2824 Pamela Knoll Apt. 979,Abuja,NG,13.273637,27.042435
3512,Abuja Farm Site 3512,farm,0338 Emily Street Suite 411,Abuja,NG,6.329058,24.972853
3513,Port Harcourt Farm Site 3513,farm,295 Judy Place,Port Harcourt,NG,10.97657,36.004326
3514,Tamale Farm Site 3514,farm,3532 Kelsey Cape,Tamale,GH,13.436051,25.566736
3515,Port Harcourt Farm Site 3515,farm,9952 Russell Fords,Port Harcourt,NG,6.420491,7.696126
3516,Port Harcourt Farm Site 3516,farm,52801 Cummings Mountain Suite 409,Port Harcourt,NG,7.520385,38.273448
3517,Kano Farm Site 3517,farm,76106 Osborn Cliffs Suite 351,Kano,NG,13.055171,11.487471
3518,Uyo Farm Site 3518,farm,0023 Shane Streets,Uyo,NG,12.775367,23.984564
3519,Ibadan Farm Site 3519,farm,46737 Courtney Groves,Ibadan,NG,5.910151,14.845886
3520,Ibadan Farm Site 3520,farm,1983 Janice Manors,Ibadan,NG,6.573404,28.624667
3521,Takoradi Farm Site 3521,farm,550 Jennifer Landing Apt. 408,Takoradi,GH,13.3939,32.12236
3522,Enugu Farm Site 3522,farm,451 Wilson Stream,Enugu,NG,11.906183,7.05084
3523,Port Harcourt Farm Site 3523,farm,79503 Teresa Springs Suite 765,Port Harcourt,NG,8.146934,20.118762
3524,Nairobi Farm Site 3524,farm,5186 Barbara Trail Apt. 847,Nairobi,KE,7.82638,39.977851
3525,Enugu Farm Site 3525,farm,4232 Chan Mission Apt. 252,Enugu,NG,4.397396,19.547654
3526,Kisumu Farm Site 3526,farm,9043 Michael Station Apt. 056,Kisumu,KE,13.141725,32.757843
3527,Ibadan Farm Site 3527,farm,0220 Joshua Mountain Suite 595,Ibadan,NG,8.66947,31.52708
3528,Kano Farm Site 3528,farm,2505 Lawrence Springs,Kano,NG,8.764081,29.663908
3529,Kumasi Farm Site 3529,farm,297 Samantha Ridge Apt. 254,Kumasi,GH,10.405831,21.629392
3530,Lagos Farm Site 3530,farm,6679 Julie Prairie,Lagos,NG,11.354407,15.07038
3531,Abuja Farm Site 3531,farm,397 Lisa Motorway Apt. 782,Abuja,NG,4.270697,22.213461
3532,Benin City Farm Site 3532,farm,657 Jessica Mill,Benin City,NG,10.774287,14.56807
3533,Kano Farm Site 3533,farm,279 Crystal Neck Apt. 586,Kano,NG,12.261523,32.561022
3534,Ibadan Farm Site 3534,farm,89104 Anthony Landing Suite 856,Ibadan,NG,6.125764,40.954457
3535,Lagos Farm Site 3535,farm,676 Sherry Stravenue Suite 569,Lagos,NG,10.849789,2.195254
3536,Port Harcourt Farm Site 3536,farm,376 Patterson Underpass,Port Harcourt,NG,4.029214,-1.89619
3537,Ibadan Farm Site 3537,farm,5235 Brandt Stravenue Apt. 134,Ibadan,NG,5.560042,15.755807
3538,Enugu Farm Site 3538,farm,516 Morgan Mountains Apt. 801,Enugu,NG,11.293632,25.679333
3539,Lagos Farm Site 3539,farm,4319 Wheeler Inlet Suite 184,Lagos,NG,7.684514,26.261587
3540,Mombasa Farm Site 3540,farm,5654 Michael Points Apt. 140,Mombasa,KE,7.900095,21.456108
3541,Takoradi Farm Site 3541,farm,051 Kline Extensions,Takoradi,GH,12.512554,2.02118
3542,Kumasi Farm Site 3542,farm,034 Griffin Road Suite 338,Kumasi,GH,5.44487,14.726618
3543,Enugu Farm Site 3543,farm,665 Joseph Groves Apt. 882,Enugu,NG,5.828993,38.394918
3544,Kumasi Farm Site 3544,farm,553 Martinez Crossroad,Kumasi,GH,7.16533,40.481489
3545,Takoradi Farm Site 3545,farm,9506 Sharon Mission,Takoradi,GH,11.092674,15.591167
3546,Uyo Farm Site 3546,farm,9639 Edward Street,Uyo,NG,13.426353,4.90221
3547,Takoradi Farm Site 3547,farm,950 Debbie Track,Takoradi,GH,4.987596,40.26715
3548,Enugu Farm Site 3548,farm,1138 Brown Loop,Enugu,NG,12.326468,10.930074
3549,Benin City Farm Site 3549,farm,646 Claire Inlet,Benin City,NG,8.159408,9.56454
3550,Ibadan Farm Site 3550,farm,422 Alicia Forest Apt. 264,Ibadan,NG,9.994586,8.819349
3551,Takoradi Farm Site 3551,farm,8229 Carr Trail,Takoradi,GH,9.276425,20.294167
3552,Kumasi Farm Site 3552,farm,2250 Brooks Cliff Suite 748,Kumasi,GH,11.326631,16.895391
3553,Nairobi Farm Site 3553,farm,63669 Shelly Inlet,Nairobi,KE,5.502237,39.381216
3554,Accra Farm Site 3554,farm,234 James Shoal Suite 109,Accra,GH,6.442929,25.709523
3555,Enugu Farm Site 3555,farm,60939 Lucas Ford,Enugu,NG,7.493818,26.97259
3556,Accra Farm Site 3556,farm,1213 Amanda Cliff Suite 377,Accra,GH,5.627705,25.651861
3557,Benin City Farm Site 3557,farm,840 Kelly Ways Apt. 926,Benin City,NG,10.464756,23.196836
3558,Port Harcourt Farm Site 3558,farm,98540 Jacqueline Drive Apt. 196,Port Harcourt,NG,5.615976,11.984447
3559,Ibadan Farm Site 3559,farm,62454 Debbie Lake,Ibadan,NG,7.942972,12.739632
3560,Ibadan Farm Site 3560,farm,6881 Andrew Drives,Ibadan,NG,5.424937,24.861614
3561,Lagos Farm Site 3561,farm,68293 Richard Mission,Lagos,NG,10.600307,37.804308
3562,Enugu Farm Site 3562,farm,68828 Lee Tunnel,Enugu,NG,9.229724,33.17618
3563,Uyo Farm Site 3563,farm,344 Robert Forge,Uyo,NG,7.188459,15.467884
3564,Lagos Farm Site 3564,farm,0400 Stephen Squares,Lagos,NG,7.908851,12.03763
3565,Port Harcourt Farm Site 3565,farm,2633 Jaime Fork,Port Harcourt,NG,10.324109,15.954549
3566,Ibadan Farm Site 3566,farm,063 Wendy Forge Suite 091,Ibadan,NG,8.779951,34.913692
3567,Lagos Farm Site 3567,farm,988 Roy Flat,Lagos,NG,5.877133,36.236647
3568,Ibadan Farm Site 3568,farm,6720 Tiffany Plaza,Ibadan,NG,11.912419,3.351425
3569,Ibadan Farm Site 3569,farm,217 Bailey Burgs,Ibadan,NG,11.558952,25.661529
3570,Nakuru Farm Site 3570,farm,005 Katie Causeway Suite 356,Nakuru,KE,9.255332,30.228677
3571,Nairobi Farm Site 3571,farm,5141 Baker Landing Suite 857,Nairobi,KE,6.650735,18.819691
3572,Lagos Farm Site 3572,farm,60075 Morris Isle,Lagos,NG,7.105006,22.669776
3573,Uyo Farm Site 3573,farm,7821 Michael Tunnel,Uyo,NG,12.372149,8.283693
3574,Abuja Farm Site 3574,farm,91766 Philip Village Suite 012,Abuja,NG,8.661041,17.178352
3575,Benin City Farm Site 3575,farm,718 Ian Turnpike,Benin City,NG,5.455674,38.370785
3576,Accra Farm Site 3576,farm,68728 Cesar Row Apt. 303,Accra,GH,12.184177,0.964683
3577,Kano Farm Site 3577,farm,2825 Paul Valleys,Kano,NG,6.776422,-3.399715
3578,Nakuru Farm Site 3578,farm,58911 Riley Pine,Nakuru,KE,7.333255,4.318794
3579,Port Harcourt Farm Site 3579,farm,8907 Rebecca Canyon,Port Harcourt,NG,12.743905,24.602445
3580,Lagos Farm Site 3580,farm,256 Patton Groves,Lagos,NG,13.16417,32.998967
3581,Lagos Farm Site 3581,farm,048 Brenda Causeway,Lagos,NG,5.650148,21.224374
3582,Nakuru Farm Site 3582,farm,4112 Erika Via Apt. 540,Nakuru,KE,5.817435,11.890444
3583,Port Harcourt Farm Site 3583,farm,30814 Brown Village,Port Harcourt,NG,10.347105,35.66285
3584,Abuja Farm Site 3584,farm,161 Jenkins Forest,Abuja,NG,8.350365,29.930353
3585,Accra Farm Site 3585,farm,6460 Jennifer Tunnel Suite 395,Accra,GH,5.971234,39.927057
3586,Uyo Farm Site 3586,farm,3163 Rebecca Extensions Apt. 760,Uyo,NG,4.472627,31.829126
3587,Tamale Farm Site 3587,farm,016 Katie Roads,Tamale,GH,13.243124,-2.803477
3588,Uyo Farm Site 3588,farm,149 Christina Forges Apt. 680,Uyo,NG,12.178186,-1.283404
3589,Benin City Farm Site 3589,farm,275 Conway Street Apt. 096,Benin City,NG,4.7778,20.128295
3590,Benin City Farm Site 3590,farm,3788 Weber Underpass Apt. 608,Benin City,NG,9.784078,36.571232
3591,Abuja Farm Site 3591,farm,3518 Ruth Crest,Abuja,NG,9.388808,22.327288
3592,Uyo Farm Site 3592,farm,61657 Fleming Valley Apt. 544,Uyo,NG,12.155631,10.992944
3593,Benin City Farm Site 3593,farm,05426 David Crest,Benin City,NG,9.358777,32.891193
3594,Lagos Farm Site 3594,farm,0052 Melissa Bridge Apt. 780,Lagos,NG,6.249622,8.666365
3595,Ibadan Farm Site 3595,farm,934 Christopher Locks,Ibadan,NG,6.650742,18.217102
3596,Enugu Farm Site 3596,farm,47014 Boyd Groves,Enugu,NG,13.406112,27.560403
3597,Kumasi Farm Site 3597,farm,1825 Ariana Mountains Apt. 088,Kumasi,GH,6.481457,0.101375
3598,Ibadan Farm Site 3598,farm,14234 Stacey Shoal Apt. 357,Ibadan,NG,12.64505,19.044332
3599,Uyo Farm Site 3599,farm,5721 John Canyon Suite 879,Uyo,NG,7.735003,19.71882
3600,Mombasa Farm Site 3600,farm,8335 Nelson Wall Apt. 143,Mombasa,KE,11.064888,3.708134
3601,Kisumu Farm Site 3601,farm,6618 Calderon Loop,Kisumu,KE,4.167504,13.330121
3602,Abuja Farm Site 3602,farm,83598 Hays Glen Apt. 498,Abuja,NG,11.229136,20.413196
3603,Enugu Farm Site 3603,farm,03154 Velez Valley,Enugu,NG,9.775927,33.616791
3604,Kano Farm Site 3604,farm,6878 Morrison Corners Suite 342,Kano,NG,10.720703,11.327179
3605,Accra Farm Site 3605,farm,84759 Crystal Ways Apt. 045,Accra,GH,5.202995,33.991748
3606,Enugu Farm Site 3606,farm,00044 Kristine Curve,Enugu,NG,10.447289,40.652128
3607,Lagos Farm Site 3607,farm,146 Brian Villages Suite 668,Lagos,NG,6.326112,25.756318
3608,Nakuru Farm Site 3608,farm,30360 Russell Expressway Suite 623,Nakuru,KE,11.216162,7.414424
3609,Nakuru Farm Site 3609,farm,382 Galloway Centers Apt. 803,Nakuru,KE,8.432322,34.778307
3610,Nairobi Farm Site 3610,farm,3305 Peter Run Apt. 458,Nairobi,KE,12.813683,-2.321233
3611,Nairobi Farm Site 3611,farm,118 Ryan Squares,Nairobi,KE,13.064189,4.247268
3612,Kano Farm Site 3612,farm,327 Michael Key,Kano,NG,10.485849,18.822312
3613,Enugu Farm Site 3613,farm,74957 Elizabeth Village Apt. 552,Enugu,NG,9.209302,39.46988
3614,Uyo Farm Site 3614,farm,93795 Benjamin Overpass Suite 266,Uyo,NG,4.712364,2.619823
3615,Benin City Farm Site 3615,farm,11626 Ashley Villages,Benin City,NG,7.885887,1.734887
3616,Nakuru Farm Site 3616,farm,68284 Myers Falls Apt. 180,Nakuru,KE,10.200648,33.000202
3617,Nakuru Farm Site 3617,farm,83401 Kimberly Vista,Nakuru,KE,6.339262,32.666748
3618,Takoradi Farm Site 3618,farm,4132 Porter Alley,Takoradi,GH,13.220925,38.24839
3619,Tamale Farm Site 3619,farm,637 Hughes Shoal Suite 443,Tamale,GH,11.834098,28.106929
3620,Tamale Farm Site 3620,farm,635 Candice Center Apt. 102,Tamale,GH,12.470044,21.525912
3621,Accra Farm Site 3621,farm,9609 Kyle Rapids,Accra,GH,4.545376,2.246976
3622,Tamale Farm Site 3622,farm,454 Daniel Manor,Tamale,GH,12.926411,-0.341177
3623,Abuja Farm Site 3623,farm,476 Brandon Lodge Suite 456,Abuja,NG,11.404284,18.13858
3624,Benin City Farm Site 3624,farm,52242 Williams Creek,Benin City,NG,9.419488,35.032599
3625,Port Harcourt Farm Site 3625,farm,2641 John Freeway,Port Harcourt,NG,12.711888,23.856653
3626,Uyo Farm Site 3626,farm,6677 Russell Tunnel Apt. 727,Uyo,NG,12.35076,37.121143
3627,Benin City Farm Site 3627,farm,28456 Bethany Alley,Benin City,NG,10.357585,16.082332
3628,Lagos Farm Site 3628,farm,2343 George Falls,Lagos,NG,12.650554,25.171813
3629,Kisumu Farm Site 3629,farm,1476 Simpson Crescent,Kisumu,KE,11.038363,14.33817
3630,Lagos Farm Site 3630,farm,8537 Clarence Ports,Lagos,NG,9.557772,14.307121
3631,Tamale Farm Site 3631,farm,0263 Macdonald Ferry,Tamale,GH,10.55434,20.6997
3632,Lagos Farm Site 3632,farm,736 George Loaf Suite 886,Lagos,NG,4.863704,5.786103
3633,Enugu Farm Site 3633,farm,40833 James Points Apt. 513,Enugu,NG,10.704472,17.390102
3634,Lagos Farm Site 3634,farm,1194 Matthew Islands,Lagos,NG,9.836718,11.093172
3635,Benin City Farm Site 3635,farm,524 Jeffrey Turnpike,Benin City,NG,11.465863,-1.735978
3636,Abuja Farm Site 3636,farm,546 Thomas Parkways,Abuja,NG,7.328122,13.758591
3637,Mombasa Farm Site 3637,farm,3192 Mullins Mall Apt. 506,Mombasa,KE,6.054063,34.657218
3638,Kumasi Farm Site 3638,farm,9981 Smith Terrace,Kumasi,GH,11.452885,0.547403
3639,Enugu Farm Site 3639,farm,88685 Morales Garden Suite 616,Enugu,NG,4.339873,9.151916
3640,Enugu Farm Site 3640,farm,46355 William Freeway Suite 991,Enugu,NG,11.741765,16.16393
3641,Accra Farm Site 3641,farm,7618 Cassidy Bridge Apt. 282,Accra,GH,5.756484,38.203059
3642,Accra Farm Site 3642,farm,3766 Schultz View Suite 716,Accra,GH,9.105239,33.407269
3643,Abuja Farm Site 3643,farm,67732 Long Crescent Suite 440,Abuja,NG,11.734255,26.851309
3644,Kumasi Farm Site 3644,farm,499 Mueller Loop Suite 223,Kumasi,GH,5.082772,-0.22267
3645,Abuja Farm Site 3645,farm,77613 Keith Square Apt. 494,Abuja,NG,5.344824,18.727408
3646,Uyo Farm Site 3646,farm,3300 Julie Course Suite 289,Uyo,NG,7.858994,38.697257
3647,Mombasa Farm Site 3647,farm,346 Douglas Manors Apt. 323,Mombasa,KE,7.837723,22.099064
3648,Kisumu Farm Site 3648,farm,2171 Stanley Crescent Suite 447,Kisumu,KE,12.67427,34.842047
3649,Kano Farm Site 3649,farm,8243 Derrick Pike,Kano,NG,4.586645,25.283997
3650,Kisumu Farm Site 3650,farm,687 Francisco Neck Apt. 852,Kisumu,KE,9.676223,1.745343
3651,Kano Farm Site 3651,farm,3004 Kevin Ridge Suite 173,Kano,NG,11.909607,27.512062
3652,Ibadan Farm Site 3652,farm,68348 Carrillo Centers,Ibadan,NG,4.262396,12.664436
3653,Port Harcourt Farm Site 3653,farm,23210 Mcintosh Port Suite 822,Port Harcourt,NG,6.072734,22.571716
3654,Abuja Farm Site 3654,farm,53568 Anthony Shoal,Abuja,NG,11.278715,35.304289
3655,Port Harcourt Farm Site 3655,farm,6770 Jason Ports Apt. 195,Port Harcourt,NG,8.590675,24.544786
3656,Accra Farm Site 3656,farm,2702 Katherine Overpass,Accra,GH,9.701838,17.176474
3657,Ibadan Farm Site 3657,farm,031 Johnson Stravenue Suite 400,Ibadan,NG,12.203695,-2.862711
3658,Ibadan Farm Site 3658,farm,3107 Vincent Cliff Suite 259,Ibadan,NG,8.462909,23.88483
3659,Abuja Farm Site 3659,farm,86540 Young Islands Apt. 847,Abuja,NG,8.560557,26.402071
3660,Enugu Farm Site 3660,farm,61384 Joshua Neck Suite 148,Enugu,NG,7.974045,26.108391
3661,Abuja Farm Site 3661,farm,423 Scott Cove Suite 048,Abuja,NG,11.838767,28.266935
3662,Kano Farm Site 3662,farm,79359 Daniel Oval,Kano,NG,5.031751,28.16926
3663,Tamale Farm Site 3663,farm,204 Mendoza Rest Apt. 853,Tamale,GH,9.961859,30.833287
3664,Ibadan Farm Site 3664,farm,068 James Isle,Ibadan,NG,11.590919,-3.281751
3665,Accra Farm Site 3665,farm,92422 Blake Glens,Accra,GH,12.35397,8.1581
3666,Benin City Farm Site 3666,farm,2094 Anderson Radial,Benin City,NG,8.359943,17.972979
3667,Lagos Farm Site 3667,farm,2254 Hughes Knolls,Lagos,NG,4.10965,15.723832
3668,Tamale Farm Site 3668,farm,20054 Colon Coves,Tamale,GH,6.446414,13.217458
3669,Ibadan Farm Site 3669,farm,153 Stephenson Meadows Apt. 496,Ibadan,NG,7.329125,7.599037
3670,Abuja Farm Site 3670,farm,484 Ryan Spur,Abuja,NG,9.743215,7.256962
3671,Uyo Farm Site 3671,farm,669 Denise Viaduct,Uyo,NG,5.900742,26.957874
3672,Lagos Farm Site 3672,farm,16494 Tyler Dam Apt. 202,Lagos,NG,11.423281,1.709678
3673,Abuja Farm Site 3673,farm,418 Todd Mission Suite 191,Abuja,NG,10.75393,3.123522
3674,Kano Farm Site 3674,farm,21507 Troy Vista Suite 203,Kano,NG,12.262413,32.641043
3675,Uyo Farm Site 3675,farm,14040 Bond Mountain,Uyo,NG,12.756744,11.167061
3676,Takoradi Farm Site 3676,farm,6559 Williams Circles Apt. 080,Takoradi,GH,6.297537,27.725561
3677,Port Harcourt Farm Site 3677,farm,34327 William Causeway Apt. 020,Port Harcourt,NG,4.257517,30.524737
3678,Abuja Farm Site 3678,farm,293 Harris Locks,Abuja,NG,11.907034,22.182753
3679,Abuja Farm Site 3679,farm,7002 Peter Pine,Abuja,NG,4.622027,27.660769
3680,Kano Farm Site 3680,farm,3395 Johnson Rue,Kano,NG,7.818262,26.909772
3681,Takoradi Farm Site 3681,farm,395 Elizabeth Crest Suite 817,Takoradi,GH,8.746145,26.929443
3682,Benin City Farm Site 3682,farm,829 Keller Mission Apt. 393,Benin City,NG,8.411317,28.181374
3683,Port Harcourt Farm Site 3683,farm,47020 Jennifer Highway Suite 338,Port Harcourt,NG,10.740086,38.333064
3684,Port Harcourt Farm Site 3684,farm,3433 Bass Lane Apt. 088,Port Harcourt,NG,4.366623,37.579611
3685,Abuja Farm Site 3685,farm,936 Stone Point,Abuja,NG,10.060016,18.109937
3686,Port Harcourt Farm Site 3686,farm,743 Greene Road Apt. 948,Port Harcourt,NG,6.574153,3.881018
3687,Accra Farm Site 3687,farm,8162 Madeline Ranch,Accra,GH,13.472177,11.1462
3688,Tamale Farm Site 3688,farm,3978 David Dam,Tamale,GH,8.643848,18.203088
3689,Port Harcourt Farm Site 3689,farm,7804 Jenkins Neck,Port Harcourt,NG,13.132118,18.248878
3690,Port Harcourt Farm Site 3690,farm,95418 Williams Stream Apt. 392,Port Harcourt,NG,12.507759,5.948741
3691,Port Harcourt Farm Site 3691,farm,2714 Kimberly Underpass Apt. 641,Port Harcourt,NG,12.152006,9.766661
3692,Kumasi Farm Site 3692,farm,42406 Jay Lakes,Kumasi,GH,11.913841,31.47359
3693,Uyo Farm Site 3693,farm,0924 Robin Camp,Uyo,NG,11.57464,19.006404
3694,Tamale Farm Site 3694,farm,940 Russell Rapids,Tamale,GH,5.743133,12.435699
3695,Takoradi Farm Site 3695,farm,155 Amy Wells,Takoradi,GH,8.467175,31.057183
3696,Uyo Farm Site 3696,farm,28663 Tyler Shoal Suite 930,Uyo,NG,9.762803,-2.069445
3697,Nairobi Farm Site 3697,farm,877 Erin Spurs Apt. 439,Nairobi,KE,10.846436,24.375841
3698,Kano Farm Site 3698,farm,524 Sarah Extensions,Kano,NG,11.116329,8.186683
3699,Benin City Farm Site 3699,farm,9879 Campbell Lock,Benin City,NG,9.338483,1.797682
3700,Accra Farm Site 3700,farm,765 Beck Shoals,Accra,GH,13.48948,29.873544
3701,Mombasa Farm Site 3701,farm,719 Thomas Crossroad Apt. 971,Mombasa,KE,9.258791,9.395783
3702,Abuja Farm Site 3702,farm,14497 Hardy Parkway Suite 212,Abuja,NG,10.746859,29.516539
3703,Benin City Farm Site 3703,farm,55403 Mcpherson Lodge Apt. 142,Benin City,NG,4.598061,35.97528
3704,Abuja Farm Site 3704,farm,03303 Garcia Branch,Abuja,NG,4.925483,5.628233
3705,Port Harcourt Farm Site 3705,farm,808 Reilly Circle Suite 588,Port Harcourt,NG,11.676529,36.068135
3706,Enugu Farm Site 3706,farm,3030 Tran Port Suite 375,Enugu,NG,5.714108,7.323435
3707,Benin City Farm Site 3707,farm,73614 Kevin Islands Apt. 491,Benin City,NG,7.667794,22.026876
3708,Kano Farm Site 3708,farm,8932 Shannon Terrace Suite 362,Kano,NG,12.465828,32.63999
3709,Abuja Farm Site 3709,farm,67088 Hancock Shoal,Abuja,NG,6.678475,29.57625
3710,Nairobi Farm Site 3710,farm,68886 Carter Meadows Suite 232,Nairobi,KE,5.805843,12.711642
3711,Lagos Farm Site 3711,farm,53833 Linda Ways,Lagos,NG,6.888399,13.685723
3712,Port Harcourt Farm Site 3712,farm,80089 Richardson Lodge Apt. 941,Port Harcourt,NG,7.894124,0.611193
3713,Port Harcourt Farm Site 3713,farm,92661 Matthew Well,Port Harcourt,NG,4.875092,29.100613
3714,Ibadan Farm Site 3714,farm,5919 Julia Lakes,Ibadan,NG,9.67883,35.452091
3715,Nakuru Farm Site 3715,farm,47547 Brandon Mall,Nakuru,KE,6.970529,16.648886
3716,Nakuru Farm Site 3716,farm,436 Howard Highway Apt. 667,Nakuru,KE,5.736319,14.647479
3717,Mombasa Farm Site 3717,farm,25318 West Falls,Mombasa,KE,7.704492,31.901157
3718,Kisumu Farm Site 3718,farm,00413 Turner Mountain Suite 227,Kisumu,KE,9.183837,17.671916
3719,Kano Farm Site 3719,farm,396 Smith Knoll Suite 855,Kano,NG,5.797866,-2.002915
3720,Abuja Farm Site 3720,farm,493 Michael Spurs Apt. 344,Abuja,NG,9.947482,31.007237
3721,Nakuru Farm Site 3721,farm,77637 Johnson Cliffs Suite 998,Nakuru,KE,4.092615,16.485689
3722,Abuja Farm Site 3722,farm,04728 Smith Avenue Apt. 086,Abuja,NG,4.507961,3.836329
3723,Lagos Farm Site 3723,farm,3560 Crystal Squares,Lagos,NG,10.800821,14.755472
3724,Abuja Farm Site 3724,farm,0525 Danielle Falls Apt. 697,Abuja,NG,12.912697,1.983613
3725,Ibadan Farm Site 3725,farm,269 Weber Squares Apt. 608,Ibadan,NG,7.515041,5.93415
3726,Abuja Farm Site 3726,farm,481 Graham Path,Abuja,NG,12.444078,31.802455
3727,Ibadan Farm Site 3727,farm,66884 Linda Gateway,Ibadan,NG,9.319119,25.103692
3728,Nairobi Farm Site 3728,farm,0595 Gonzales Forks,Nairobi,KE,9.42725,20.710406
3729,Port Harcourt Farm Site 3729,farm,0394 West Extension,Port Harcourt,NG,6.64039,32.681566
3730,Takoradi Farm Site 3730,farm,23922 Owens Greens Suite 198,Takoradi,GH,11.6843,8.10856
3731,Tamale Farm Site 3731,farm,715 Lee Stream Suite 900,Tamale,GH,6.93428,24.521723
3732,Kisumu Farm Site 3732,farm,3974 Scott Inlet,Kisumu,KE,10.208212,35.272583
3733,Kumasi Farm Site 3733,farm,035 Tate Keys,Kumasi,GH,6.423899,5.407537
3734,Ibadan Farm Site 3734,farm,9992 Cindy Landing Apt. 732,Ibadan,NG,6.44816,24.989733
3735,Benin City Farm Site 3735,farm,5233 Victoria Fork Suite 755,Benin City,NG,8.829089,28.674168
3736,Ibadan Farm Site 3736,farm,981 Parker Squares,Ibadan,NG,7.817083,0.026438
3737,Port Harcourt Farm Site 3737,farm,98697 Liu Cape,Port Harcourt,NG,8.178204,9.38761
3738,Accra Farm Site 3738,farm,204 Gonzalez Land Suite 397,Accra,GH,8.554188,18.41864
3739,Benin City Farm Site 3739,farm,068 Richard Forge Apt. 972,Benin City,NG,10.121982,0.893001
3740,Benin City Farm Site 3740,farm,15319 Hernandez Cove,Benin City,NG,7.231833,14.654687
3741,Enugu Farm Site 3741,farm,24849 Carter Dale Suite 999,Enugu,NG,11.63149,39.857041
3742,Abuja Farm Site 3742,farm,58743 Michael Village,Abuja,NG,13.01805,13.173438
3743,Nairobi Farm Site 3743,farm,8764 Jason Place,Nairobi,KE,6.396263,8.077537
3744,Kumasi Farm Site 3744,farm,6830 Williamson Roads Suite 868,Kumasi,GH,6.288094,24.920383
3745,Benin City Farm Site 3745,farm,785 Olsen Mountains,Benin City,NG,11.614869,7.324102
3746,Mombasa Farm Site 3746,farm,914 Ruth Gateway Suite 474,Mombasa,KE,4.391954,30.508776
3747,Kisumu Farm Site 3747,farm,82787 Richard Manor,Kisumu,KE,12.044315,29.963269
3748,Port Harcourt Farm Site 3748,farm,93355 Harrell Ports,Port Harcourt,NG,8.20998,12.567637
3749,Abuja Farm Site 3749,farm,8064 Carrie Parkways Apt. 615,Abuja,NG,9.704698,17.406284
3750,Nairobi Farm Site 3750,farm,553 Robert Plains,Nairobi,KE,10.223447,26.235216
3751,Accra Farm Site 3751,farm,931 Gray Wall,Accra,GH,8.04632,19.980486
3752,Takoradi Farm Site 3752,farm,98392 Hinton Ridges Suite 278,Takoradi,GH,11.013539,7.666828
3753,Port Harcourt Farm Site 3753,farm,66058 Johnson Plain,Port Harcourt,NG,6.250604,11.538704
3754,Lagos Farm Site 3754,farm,6468 Foster Stream Suite 366,Lagos,NG,8.679254,20.112041
3755,Port Harcourt Farm Site 3755,farm,399 Kristy Shores Apt. 884,Port Harcourt,NG,9.984298,40.506572
3756,Kano Farm Site 3756,farm,42082 Michelle Mountains,Kano,NG,4.816357,1.027707
3757,Ibadan Farm Site 3757,farm,1862 Mccoy Union,Ibadan,NG,7.34713,38.634507
3758,Enugu Farm Site 3758,farm,25808 Love Terrace,Enugu,NG,13.012227,6.638786
3759,Nairobi Farm Site 3759,farm,20337 Jeremy Lakes Suite 932,Nairobi,KE,4.148384,11.154286
3760,Benin City Farm Site 3760,farm,91968 Mackenzie Brook Apt. 198,Benin City,NG,7.886226,9.754256
3761,Accra Farm Site 3761,farm,7484 Fisher Ford,Accra,GH,4.381412,1.273876
3762,Takoradi Farm Site 3762,farm,323 Thompson Ridges Suite 139,Takoradi,GH,8.839147,12.522509
3763,Abuja Farm Site 3763,farm,9962 Brown Falls Apt. 067,Abuja,NG,7.505853,6.964468
3764,Tamale Farm Site 3764,farm,23087 Sarah Groves Apt. 403,Tamale,GH,11.003535,17.296317
3765,Port Harcourt Farm Site 3765,farm,0857 Banks Crest,Port Harcourt,NG,5.299245,19.624361
3766,Kisumu Farm Site 3766,farm,32231 Pennington Squares Suite 433,Kisumu,KE,10.323148,36.361229
3767,Kano Farm Site 3767,farm,31551 Todd Center Apt. 934,Kano,NG,10.025494,9.926823
3768,Kisumu Farm Site 3768,farm,118 Sullivan Bypass Suite 806,Kisumu,KE,6.988454,35.83395
3769,Enugu Farm Site 3769,farm,6033 Schmidt Cove Suite 466,Enugu,NG,11.540005,1.445525
3770,Kano Farm Site 3770,farm,00844 Perkins Court Apt. 397,Kano,NG,8.306892,17.300748
3771,Uyo Farm Site 3771,farm,77370 Brown Corners Apt. 320,Uyo,NG,4.86946,8.545785
3772,Uyo Farm Site 3772,farm,6227 Kane Pike,Uyo,NG,4.1647,36.198667
3773,Benin City Farm Site 3773,farm,9475 Jason Turnpike Apt. 729,Benin City,NG,4.716607,19.835422
3774,Abuja Farm Site 3774,farm,6058 Jeanette Lake Apt. 323,Abuja,NG,13.13899,21.701692
3775,Tamale Farm Site 3775,farm,465 Ruiz Viaduct,Tamale,GH,8.565656,3.069819
3776,Lagos Farm Site 3776,farm,98387 Kane Club Apt. 035,Lagos,NG,11.994672,16.901151
3777,Lagos Farm Site 3777,farm,47991 Alicia Mountains Suite 884,Lagos,NG,7.246297,5.143876
3778,Benin City Farm Site 3778,farm,72891 Hernandez Branch,Benin City,NG,7.998566,18.693382
3779,Tamale Farm Site 3779,farm,0524 Christopher Freeway,Tamale,GH,12.614783,29.09952
3780,Kumasi Farm Site 3780,farm,5481 Thomas Fords,Kumasi,GH,8.868591,36.446858
3781,Lagos Farm Site 3781,farm,798 Joel River Apt. 601,Lagos,NG,11.684493,34.143293
3782,Abuja Farm Site 3782,farm,966 Kimberly Cape Apt. 672,Abuja,NG,9.905001,36.314691
3783,Accra Farm Site 3783,farm,0262 Samuel Springs Suite 017,Accra,GH,8.81918,1.556711
3784,Abuja Farm Site 3784,farm,47881 Reed Road Suite 670,Abuja,NG,10.664935,17.58705
3785,Takoradi Farm Site 3785,farm,57090 Kennedy Branch,Takoradi,GH,6.806196,28.601816
3786,Enugu Farm Site 3786,farm,6448 Erin Turnpike,Enugu,NG,10.581739,-0.758983
3787,Benin City Farm Site 3787,farm,42687 Barry Oval Suite 325,Benin City,NG,8.350966,-2.270841
3788,Tamale Farm Site 3788,farm,90448 Michael Light,Tamale,GH,13.080763,15.033659
3789,Tamale Farm Site 3789,farm,4916 Denise Lane,Tamale,GH,8.414574,29.666299
3790,Accra Farm Site 3790,farm,293 Gregory Views,Accra,GH,11.124296,40.854924
3791,Takoradi Farm Site 3791,farm,4140 Dylan Valleys Suite 499,Takoradi,GH,13.029268,23.488729
3792,Uyo Farm Site 3792,farm,758 Clayton Glen Suite 751,Uyo,NG,10.198181,19.007579
3793,Lagos Farm Site 3793,farm,679 Michelle Pass,Lagos,NG,7.454115,34.632503
3794,Takoradi Farm Site 3794,farm,923 Lindsay Lake Apt. 776,Takoradi,GH,7.728423,19.452726
3795,Port Harcourt Farm Site 3795,farm,5017 Ferguson Extension Apt. 022,Port Harcourt,NG,4.190212,11.73372
3796,Kano Farm Site 3796,farm,33743 Joshua Viaduct,Kano,NG,11.972841,28.720599
3797,Ibadan Farm Site 3797,farm,742 Phillips Trail Apt. 922,Ibadan,NG,10.446068,1.04524
3798,Lagos Farm Site 3798,farm,440 Castro Overpass,Lagos,NG,4.332583,27.933899
3799,Uyo Farm Site 3799,farm,3276 Pamela Union Suite 307,Uyo,NG,8.959579,23.850977
3800,Benin City Farm Site 3800,farm,19513 Hurley Turnpike Apt. 724,Benin City,NG,4.367107,16.357043
3801,Uyo Farm Site 3801,farm,377 Aguirre Springs Suite 843,Uyo,NG,5.484295,39.031568
3802,Port Harcourt Farm Site 3802,farm,608 Braun Parks Apt. 105,Port Harcourt,NG,12.303145,37.971037
3803,Tamale Farm Site 3803,farm,386 Alexis Square Suite 850,Tamale,GH,4.619234,-2.5632
3804,Ibadan Farm Site 3804,farm,457 Monica Station,Ibadan,NG,11.866975,40.505578
3805,Enugu Farm Site 3805,farm,4517 Stephanie Center Suite 089,Enugu,NG,12.531482,-0.267234
3806,Ibadan Farm Site 3806,farm,251 Avery Ridges,Ibadan,NG,4.570081,21.852737
3807,Ibadan Farm Site 3807,farm,040 Kathy Shore,Ibadan,NG,6.490876,24.894901
3808,Nakuru Farm Site 3808,farm,7107 Jose Ferry Suite 469,Nakuru,KE,7.17091,4.895471
3809,Kumasi Farm Site 3809,farm,0854 Jesse Vista Suite 995,Kumasi,GH,10.331281,11.413321
3810,Kumasi Farm Site 3810,farm,6620 Lori Spur,Kumasi,GH,11.033371,5.562107
3811,Kano Farm Site 3811,farm,7466 Patel Pine,Kano,NG,6.175087,26.641226
3812,Port Harcourt Farm Site 3812,farm,4637 Timothy Knoll,Port Harcourt,NG,12.507153,6.590644
3813,Abuja Farm Site 3813,farm,301 Mary Squares Suite 507,Abuja,NG,12.087309,7.463362
3814,Nakuru Farm Site 3814,farm,39689 Jennifer Trail Suite 863,Nakuru,KE,5.464068,31.716545
3815,Port Harcourt Farm Site 3815,farm,13683 Jose Fords,Port Harcourt,NG,9.644524,1.184431
3816,Tamale Farm Site 3816,farm,45795 Charles Forge Suite 948,Tamale,GH,12.163585,9.919274
3817,Enugu Farm Site 3817,farm,03613 Roger View Apt. 916,Enugu,NG,8.65375,28.848033
3818,Nakuru Farm Site 3818,farm,6281 Wolf Route Suite 869,Nakuru,KE,8.326497,22.040575
3819,Abuja Farm Site 3819,farm,62699 Thomas Junction,Abuja,NG,11.597353,4.655775
3820,Lagos Farm Site 3820,farm,786 Christina Spurs Suite 853,Lagos,NG,5.843494,27.620842
3821,Kumasi Farm Site 3821,farm,1955 Miranda Viaduct,Kumasi,GH,6.377063,27.486423
3822,Nairobi Farm Site 3822,farm,96536 Thompson Glen Apt. 845,Nairobi,KE,5.18213,33.442322
3823,Kano Farm Site 3823,farm,256 Dennis Isle Suite 688,Kano,NG,6.304592,-3.44593
3824,Takoradi Farm Site 3824,farm,16415 Smith Ways,Takoradi,GH,13.317292,30.127442
3825,Lagos Farm Site 3825,farm,370 Nicole Bridge Apt. 803,Lagos,NG,8.646255,28.219335
3826,Takoradi Farm Site 3826,farm,1285 Gray Underpass,Takoradi,GH,11.513778,35.902352
3827,Takoradi Farm Site 3827,farm,74571 Catherine Forges,Takoradi,GH,12.434073,14.080156
3828,Mombasa Farm Site 3828,farm,689 Samuel Branch Suite 564,Mombasa,KE,6.680074,37.33153
3829,Port Harcourt Farm Site 3829,farm,20757 David Plain,Port Harcourt,NG,6.198834,3.275198
3830,Uyo Farm Site 3830,farm,56160 Morris Mill Suite 899,Uyo,NG,9.507862,30.982105
3831,Mombasa Farm Site 3831,farm,592 Deborah Locks Apt. 211,Mombasa,KE,8.47703,5.152767
3832,Uyo Farm Site 3832,farm,36032 Park Estates Apt. 018,Uyo,NG,8.290849,20.678452
3833,Port Harcourt Farm Site 3833,farm,120 Steven Plaza Suite 411,Port Harcourt,NG,11.297245,35.033179
3834,Kisumu Farm Site 3834,farm,9175 Wolfe Isle Suite 603,Kisumu,KE,10.060667,32.352108
3835,Tamale Farm Site 3835,farm,72875 Kaiser Glens,Tamale,GH,12.558018,7.909099
3836,Uyo Farm Site 3836,farm,7010 Gabrielle Ramp Apt. 802,Uyo,NG,6.156236,29.837231
3837,Kano Farm Site 3837,farm,3993 Sharon Trail,Kano,NG,8.668789,38.332478
3838,Enugu Farm Site 3838,farm,307 Sullivan Spring,Enugu,NG,7.203216,2.185739
3839,Lagos Farm Site 3839,farm,61073 Carl Curve Suite 640,Lagos,NG,4.029539,27.562493
3840,Nakuru Farm Site 3840,farm,97877 Amy Mall Suite 797,Nakuru,KE,6.635919,4.901104
3841,Takoradi Farm Site 3841,farm,27722 Charlotte Walks,Takoradi,GH,11.098412,35.521074
3842,Benin City Farm Site 3842,farm,23366 Jennifer Skyway Suite 676,Benin City,NG,10.048068,21.055615
3843,Benin City Farm Site 3843,farm,297 Cody Walk,Benin City,NG,12.745996,30.972747
3844,Abuja Farm Site 3844,farm,0039 Ramirez Shoals,Abuja,NG,8.923524,3.260016
3845,Takoradi Farm Site 3845,farm,88652 Marc Field,Takoradi,GH,10.274954,22.811936
3846,Abuja Farm Site 3846,farm,0115 Robert Knoll,Abuja,NG,5.380385,12.649245
3847,Ibadan Farm Site 3847,farm,17886 Miranda Mission,Ibadan,NG,4.352651,-1.569733
3848,Enugu Farm Site 3848,farm,06084 Charles Locks,Enugu,NG,13.347562,9.888106
3849,Lagos Farm Site 3849,farm,921 Phillip Square,Lagos,NG,5.556484,4.693956
3850,Lagos Farm Site 3850,farm,49660 Victoria Valley Suite 835,Lagos,NG,11.051794,20.756022
3851,Abuja Farm Site 3851,farm,99716 Valerie Divide,Abuja,NG,10.241449,0.581573
3852,Takoradi Farm Site 3852,farm,1057 Kevin Mills Suite 520,Takoradi,GH,9.5344,-2.337578
3853,Nakuru Farm Site 3853,farm,26415 Andrade Burg,Nakuru,KE,13.15122,13.222387
3854,Port Harcourt Farm Site 3854,farm,9087 Michelle Road Suite 929,Port Harcourt,NG,4.950565,11.127183
3855,Nakuru Farm Site 3855,farm,529 Blake Groves,Nakuru,KE,6.980727,2.297567
3856,Ibadan Farm Site 3856,farm,9821 Scott Estates,Ibadan,NG,9.41125,38.03856
3857,Lagos Farm Site 3857,farm,8933 Steven Walks Suite 940,Lagos,NG,10.490325,23.96244
3858,Port Harcourt Farm Site 3858,farm,04895 Tiffany Place,Port Harcourt,NG,7.19089,26.565618
3859,Uyo Farm Site 3859,farm,0350 Brenda Passage Apt. 308,Uyo,NG,5.302495,14.557378
3860,Uyo Farm Site 3860,farm,6194 Michael Shores,Uyo,NG,8.982052,33.591883
3861,Kano Farm Site 3861,farm,3860 Martin Pine Suite 279,Kano,NG,6.219153,39.912965
3862,Enugu Farm Site 3862,farm,081 Michael Path,Enugu,NG,8.626383,3.989335
3863,Uyo Farm Site 3863,farm,75897 Anthony Place Apt. 534,Uyo,NG,7.537419,27.583685
3864,Mombasa Farm Site 3864,farm,09655 Tina Villages,Mombasa,KE,12.095955,9.8868
3865,Abuja Farm Site 3865,farm,918 Sarah Parks Apt. 496,Abuja,NG,6.715986,39.390602
3866,Lagos Farm Site 3866,farm,06533 Sellers Union Suite 608,Lagos,NG,8.802858,29.320916
3867,Abuja Farm Site 3867,farm,5782 Jodi Brooks,Abuja,NG,10.178462,18.979607
3868,Enugu Farm Site 3868,farm,1305 Lopez Summit Suite 657,Enugu,NG,13.416406,0.051115
3869,Lagos Farm Site 3869,farm,178 Evan Inlet Suite 142,Lagos,NG,9.043167,33.273968
3870,Kano Farm Site 3870,farm,364 Stevens Rue Suite 296,Kano,NG,10.621426,29.403487
3871,Ibadan Farm Site 3871,farm,12599 Huynh Gardens,Ibadan,NG,7.939478,-0.20584
3872,Tamale Farm Site 3872,farm,55664 Thomas Station Suite 129,Tamale,GH,6.688595,-1.220083
3873,Kano Farm Site 3873,farm,467 Jamie Prairie,Kano,NG,13.240032,7.72678
3874,Port Harcourt Farm Site 3874,farm,6111 Butler Coves Apt. 119,Port Harcourt,NG,5.787385,17.906073
3875,Ibadan Farm Site 3875,farm,0730 Harmon Lodge,Ibadan,NG,12.710538,36.511751
3876,Benin City Farm Site 3876,farm,471 Herbert Walks Suite 695,Benin City,NG,7.732902,5.285008
3877,Mombasa Farm Site 3877,farm,427 Young Key Suite 579,Mombasa,KE,12.219673,11.68872
3878,Abuja Farm Site 3878,farm,70315 Martin Highway,Abuja,NG,11.19503,18.08926
3879,Tamale Farm Site 3879,farm,54940 Richard Groves,Tamale,GH,7.760941,22.136942
3880,Benin City Farm Site 3880,farm,78260 Valencia Centers Suite 613,Benin City,NG,5.117376,10.620849
3881,Benin City Farm Site 3881,farm,36270 Jessica Spur Suite 391,Benin City,NG,11.352912,36.415568
3882,Port Harcourt Farm Site 3882,farm,470 Brian Shoal,Port Harcourt,NG,10.110776,17.252858
3883,Lagos Farm Site 3883,farm,5210 Philip Port,Lagos,NG,11.650017,38.670854
3884,Accra Farm Site 3884,farm,45774 Olson Burgs,Accra,GH,5.650721,28.385404
3885,Ibadan Farm Site 3885,farm,8839 Kramer Harbor,Ibadan,NG,9.13787,23.432028
3886,Enugu Farm Site 3886,farm,0591 West Springs Suite 733,Enugu,NG,6.83896,27.941742
3887,Benin City Farm Site 3887,farm,922 Kelly Gardens Apt. 339,Benin City,NG,13.068973,16.27666
3888,Kisumu Farm Site 3888,farm,82017 Phillips Burg Suite 121,Kisumu,KE,10.540688,38.419288
3889,Ibadan Farm Site 3889,farm,472 Tran Hill Apt. 199,Ibadan,NG,9.77163,-1.650973
3890,Port Harcourt Farm Site 3890,farm,8870 Christopher Drives Apt. 160,Port Harcourt,NG,9.80229,25.087161
3891,Kumasi Farm Site 3891,farm,19036 Lopez Mission Suite 534,Kumasi,GH,8.034326,36.611204
3892,Tamale Farm Site 3892,farm,18179 John Fall Suite 540,Tamale,GH,6.395472,-2.447864
3893,Accra Farm Site 3893,farm,22662 Zavala Ridge,Accra,GH,4.297591,11.455204
3894,Benin City Farm Site 3894,farm,159 Yang Prairie Apt. 659,Benin City,NG,11.141116,5.311547
3895,Takoradi Farm Site 3895,farm,68211 Williams Mountains,Takoradi,GH,5.968583,8.661937
3896,Enugu Farm Site 3896,farm,04805 Sutton Skyway,Enugu,NG,9.234461,19.73393
3897,Abuja Farm Site 3897,farm,0848 Angela Cove Suite 068,Abuja,NG,7.159717,2.664653
3898,Accra Farm Site 3898,farm,167 Fuller Mountain,Accra,GH,6.343743,39.553022
3899,Kumasi Farm Site 3899,farm,250 Maria Orchard,Kumasi,GH,5.834489,7.810693
3900,Ibadan Farm Site 3900,farm,322 Baker Gardens,Ibadan,NG,4.353771,0.905296
3901,Abuja Farm Site 3901,farm,4450 Richard Pines,Abuja,NG,11.591991,15.117601
3902,Nakuru Farm Site 3902,farm,528 Melissa Light Suite 523,Nakuru,KE,11.958038,3.932584
3903,Port Harcourt Farm Site 3903,farm,315 Faulkner Trail Apt. 351,Port Harcourt,NG,6.594141,9.905795
3904,Takoradi Farm Site 3904,farm,6190 Brandon Forges Apt. 163,Takoradi,GH,7.373654,8.607842
3905,Uyo Farm Site 3905,farm,55435 Cruz Hill Suite 126,Uyo,NG,5.061735,9.443649
3906,Kano Farm Site 3906,farm,34383 Laura Vista,Kano,NG,6.677006,28.003882
3907,Nairobi Farm Site 3907,farm,60343 Nancy Bypass,Nairobi,KE,8.915965,27.9921
3908,Kumasi Farm Site 3908,farm,3448 Michele Cove,Kumasi,GH,9.84895,15.19649
3909,Lagos Farm Site 3909,farm,5250 Sophia Ways,Lagos,NG,8.194072,1.915091
3910,Enugu Farm Site 3910,farm,44524 Jackson Drives Suite 713,Enugu,NG,9.708965,24.903793
3911,Port Harcourt Farm Site 3911,farm,729 Warren Underpass Apt. 931,Port Harcourt,NG,7.913288,35.171863
3912,Port Harcourt Farm Site 3912,farm,57385 Shelly Streets,Port Harcourt,NG,10.614477,-0.639341
3913,Nakuru Farm Site 3913,farm,1545 Lauren Point,Nakuru,KE,9.910195,39.352523
3914,Kano Farm Site 3914,farm,87961 Guzman Stream,Kano,NG,6.29754,30.795545
3915,Ibadan Farm Site 3915,farm,075 Aaron Locks Suite 286,Ibadan,NG,8.638605,38.994234
3916,Port Harcourt Farm Site 3916,farm,493 Lauren Circle Apt. 482,Port Harcourt,NG,6.889069,-1.086334
3917,Takoradi Farm Site 3917,farm,4306 Jones Curve Apt. 463,Takoradi,GH,12.936723,27.410755
3918,Benin City Farm Site 3918,farm,307 Hernandez Villages,Benin City,NG,9.491528,4.919606
3919,Uyo Farm Site 3919,farm,76408 Richard Square,Uyo,NG,10.979341,11.674538
3920,Kumasi Farm Site 3920,farm,8542 Dennis Drive,Kumasi,GH,8.050416,32.300579
3921,Ibadan Farm Site 3921,farm,972 Thompson Club,Ibadan,NG,12.910232,37.81879
3922,Ibadan Farm Site 3922,farm,298 Sara Ville Suite 729,Ibadan,NG,10.278717,26.99576
3923,Lagos Farm Site 3923,farm,6629 Bryan Pine Suite 402,Lagos,NG,6.406741,39.845446
3924,Benin City Farm Site 3924,farm,3461 Gutierrez Knoll,Benin City,NG,8.493064,3.928756
3925,Kano Farm Site 3925,farm,43650 Michael River,Kano,NG,6.206707,25.347657
3926,Ibadan Farm Site 3926,farm,932 Jonathan Cliffs Suite 946,Ibadan,NG,6.359947,32.21305
3927,Port Harcourt Farm Site 3927,farm,17419 Gibson Vista,Port Harcourt,NG,12.159417,31.255945
3928,Lagos Farm Site 3928,farm,876 Rocha Overpass Apt. 098,Lagos,NG,5.239374,-1.983701
3929,Tamale Farm Site 3929,farm,4022 Sanders Light Suite 584,Tamale,GH,12.561637,3.649541
3930,Abuja Farm Site 3930,farm,13029 Miranda Forge,Abuja,NG,8.980694,11.550313
3931,Enugu Farm Site 3931,farm,9481 Mills Plaza,Enugu,NG,9.275411,-1.926546
3932,Takoradi Farm Site 3932,farm,4450 Robles Lane Suite 166,Takoradi,GH,5.684463,7.742133
3933,Port Harcourt Farm Site 3933,farm,519 Monique Wall,Port Harcourt,NG,6.161463,8.495246
3934,Lagos Farm Site 3934,farm,871 Brenda Valley Suite 751,Lagos,NG,11.21539,15.494856
3935,Abuja Farm Site 3935,farm,83369 Wilson Isle,Abuja,NG,4.159998,12.160084
3936,Accra Farm Site 3936,farm,391 Preston Row,Accra,GH,6.480662,6.502038
3937,Mombasa Farm Site 3937,farm,99644 Allen Rue Apt. 833,Mombasa,KE,10.510117,3.584687
3938,Ibadan Farm Site 3938,farm,101 Pierce Burg,Ibadan,NG,8.651115,28.995305
3939,Benin City Farm Site 3939,farm,73984 Moore Pines Suite 628,Benin City,NG,8.220147,10.743569
3940,Kisumu Farm Site 3940,farm,88716 Ana Mountain Apt. 041,Kisumu,KE,10.528302,7.610456
3941,Lagos Farm Site 3941,farm,812 Shawn Brooks Apt. 208,Lagos,NG,4.073591,25.416948
3942,Benin City Farm Site 3942,farm,4948 Maria Wells,Benin City,NG,7.945408,-1.098796
3943,Mombasa Farm Site 3943,farm,40222 Andrea Course Apt. 947,Mombasa,KE,8.556622,16.408972
3944,Benin City Farm Site 3944,farm,44065 Johnson Pine Apt. 813,Benin City,NG,13.135887,40.415932
3945,Abuja Farm Site 3945,farm,36486 Marilyn Harbors,Abuja,NG,5.258926,-3.164022
3946,Ibadan Farm Site 3946,farm,00391 Griffith Center Suite 337,Ibadan,NG,8.428888,27.484923
3947,Ibadan Farm Site 3947,farm,72527 Clark Greens Suite 053,Ibadan,NG,10.959012,34.170269
3948,Port Harcourt Farm Site 3948,farm,6047 James Prairie Apt. 277,Port Harcourt,NG,8.379257,-0.967857
3949,Port Harcourt Farm Site 3949,farm,929 Diaz Ridges,Port Harcourt,NG,4.614769,31.832579
3950,Uyo Farm Site 3950,farm,359 Patricia Crest,Uyo,NG,7.111154,22.31805
3951,Enugu Farm Site 3951,farm,18042 Anthony Spurs,Enugu,NG,4.529437,23.979109
3952,Enugu Farm Site 3952,farm,662 Jessica Prairie,Enugu,NG,7.980264,25.440902
3953,Kano Farm Site 3953,farm,22394 Lee Mill Suite 233,Kano,NG,4.126872,23.734474
3954,Kumasi Farm Site 3954,farm,906 Jessica Key Suite 219,Kumasi,GH,6.751337,-0.781922
3955,Tamale Farm Site 3955,farm,46532 Hernandez Estates Suite 219,Tamale,GH,4.724675,19.191707
3956,Lagos Farm Site 3956,farm,6852 Jessica Estate,Lagos,NG,7.23564,9.69213
3957,Lagos Farm Site 3957,farm,033 Pittman Road Apt. 318,Lagos,NG,8.618446,9.323457
3958,Uyo Farm Site 3958,farm,859 Moore Islands Suite 005,Uyo,NG,6.125127,25.594815
3959,Enugu Farm Site 3959,farm,5448 Cook Mill,Enugu,NG,6.896009,28.328696
3960,Ibadan Farm Site 3960,farm,191 Anthony Skyway Suite 537,Ibadan,NG,10.574049,26.273319
3961,Kano Farm Site 3961,farm,0012 Robert Junction Apt. 682,Kano,NG,8.76272,20.369092
3962,Ibadan Farm Site 3962,farm,713 Meredith Port Suite 181,Ibadan,NG,5.288893,12.223136
3963,Port Harcourt Farm Site 3963,farm,299 Stephen Island Apt. 170,Port Harcourt,NG,13.29396,-1.681146
3964,Port Harcourt Farm Site 3964,farm,5148 Cooley Gardens,Port Harcourt,NG,4.437388,-3.422622
3965,Enugu Farm Site 3965,farm,7622 Tate Keys Suite 430,Enugu,NG,8.811804,16.900921
3966,Benin City Farm Site 3966,farm,607 Smith Knolls Suite 942,Benin City,NG,12.510582,28.589399
3967,Tamale Farm Site 3967,farm,1986 Ritter Rapid Apt. 893,Tamale,GH,11.718945,14.311735
3968,Takoradi Farm Site 3968,farm,489 Caldwell Garden,Takoradi,GH,4.325018,2.264123
3969,Benin City Farm Site 3969,farm,1528 Janet Ports,Benin City,NG,12.042818,0.348942
3970,Uyo Farm Site 3970,farm,15781 Latoya Parks,Uyo,NG,6.371816,2.658378
3971,Uyo Farm Site 3971,farm,62195 Mark Points,Uyo,NG,12.585507,32.339905
3972,Port Harcourt Farm Site 3972,farm,87355 Richardson Spring Suite 417,Port Harcourt,NG,12.380546,5.4182
3973,Kano Farm Site 3973,farm,8038 Rodriguez Mission,Kano,NG,9.647869,23.316715
3974,Lagos Farm Site 3974,farm,207 Wagner Fork,Lagos,NG,4.198306,26.619668
3975,Abuja Farm Site 3975,farm,0730 Ward Flats Suite 483,Abuja,NG,4.575417,23.72633
3976,Benin City Farm Site 3976,farm,5333 Johnson Squares,Benin City,NG,6.388645,10.711505
3977,Abuja Farm Site 3977,farm,72666 James Fields,Abuja,NG,4.508219,38.111651
3978,Uyo Farm Site 3978,farm,15628 Oliver Drive,Uyo,NG,9.868491,26.693036
3979,Benin City Farm Site 3979,farm,753 Thomas Course Apt. 946,Benin City,NG,11.908039,25.989183
3980,Enugu Farm Site 3980,farm,67612 Barr Fall,Enugu,NG,8.066516,21.099219
3981,Abuja Farm Site 3981,farm,4107 Vance Summit Apt. 006,Abuja,NG,5.684349,5.538472
3982,Takoradi Farm Site 3982,farm,640 Eric Greens,Takoradi,GH,12.497221,8.946083
3983,Uyo Farm Site 3983,farm,8352 Horn Stravenue,Uyo,NG,11.12786,6.367741
3984,Abuja Farm Site 3984,farm,90779 Phillip Terrace,Abuja,NG,10.574326,25.588849
3985,Takoradi Farm Site 3985,farm,978 Moses Avenue Suite 091,Takoradi,GH,6.16561,31.749415
3986,Lagos Farm Site 3986,farm,498 Bates River Suite 959,Lagos,NG,12.073401,0.482824
3987,Ibadan Farm Site 3987,farm,6447 Hudson Gateway Apt. 349,Ibadan,NG,8.864969,3.724004
3988,Tamale Farm Site 3988,farm,6878 Pedro Gateway Suite 473,Tamale,GH,11.038699,20.397103
3989,Port Harcourt Farm Site 3989,farm,79845 Erickson Square Apt. 277,Port Harcourt,NG,6.587075,32.815656
3990,Port Harcourt Farm Site 3990,farm,9475 Kathleen Bypass,Port Harcourt,NG,11.919076,36.255581
3991,Kano Farm Site 3991,farm,20077 Roy Green,Kano,NG,7.625569,39.242944
3992,Abuja Farm Site 3992,farm,459 Regina Forge Apt. 495,Abuja,NG,5.902325,-3.460731
3993,Accra Farm Site 3993,farm,04130 Gaines Lake,Accra,GH,11.355752,16.363994
3994,Lagos Farm Site 3994,farm,5382 Hopkins Passage Apt. 488,Lagos,NG,12.393242,7.957143
3995,Abuja Farm Site 3995,farm,2352 Andrea Club Apt. 224,Abuja,NG,9.346534,21.075535
3996,Uyo Farm Site 3996,farm,0882 Michelle Pines Apt. 730,Uyo,NG,5.209854,2.66216
3997,Accra Farm Site 3997,farm,6837 Emily Prairie,Accra,GH,11.739513,32.185102
3998,Enugu Farm Site 3998,farm,768 Zimmerman Well Apt. 909,Enugu,NG,7.832046,24.7914
3999,Port Harcourt Farm Site 3999,farm,634 Kelsey Parkways,Port Harcourt,NG,8.008084,-3.43638
4000,Kano Farm Site 4000,farm,2780 Courtney Mews,Kano,NG,6.077386,27.474852
4001,Mombasa Farm Site 4001,farm,909 Clayton Court,Mombasa,KE,6.878204,36.531643
4002,Abuja Farm Site 4002,farm,1333 Larry Roads Suite 274,Abuja,NG,9.621836,29.404153
4003,Lagos Farm Site 4003,farm,523 Potts Plains,Lagos,NG,5.68654,7.607345
4004,Uyo Farm Site 4004,farm,30426 Brandi Fall,Uyo,NG,10.694784,23.21535
4005,Takoradi Farm Site 4005,farm,28714 David Crest,Takoradi,GH,6.481691,25.80523
4006,Accra Farm Site 4006,farm,86827 Hawkins Trail,Accra,GH,6.490367,8.15674
4007,Uyo Farm Site 4007,farm,6490 Howard Dam Suite 199,Uyo,NG,5.798316,34.529175
4008,Benin City Farm Site 4008,farm,997 Nicholas Glens Apt. 774,Benin City,NG,10.1873,17.396474
4009,Benin City Farm Site 4009,farm,8741 Jones Place,Benin City,NG,7.816796,39.651908
4010,Kumasi Farm Site 4010,farm,7402 Wilson Forges,Kumasi,GH,7.940759,36.945308
4011,Uyo Farm Site 4011,farm,0311 Christopher Keys Apt. 595,Uyo,NG,12.555028,10.126554
4012,Kumasi Farm Site 4012,farm,1829 Gutierrez Drive Apt. 509,Kumasi,GH,6.350224,34.254537
4013,Benin City Farm Site 4013,farm,671 Kimberly Haven,Benin City,NG,11.533153,20.018048
4014,Enugu Farm Site 4014,farm,594 Jacob Trafficway Suite 723,Enugu,NG,10.087351,-0.368969
4015,Accra Farm Site 4015,farm,906 Patricia Burg,Accra,GH,11.030589,32.733876
4016,Accra Farm Site 4016,farm,3983 Jackson Gardens Suite 331,Accra,GH,6.642613,4.540597
4017,Kumasi Farm Site 4017,farm,4895 Caitlin Glen Apt. 152,Kumasi,GH,12.197876,18.56449
4018,Lagos Farm Site 4018,farm,3671 Amy Brook,Lagos,NG,8.4618,8.135293
4019,Enugu Farm Site 4019,farm,742 Wright Pine Suite 675,Enugu,NG,13.417298,-1.476016
4020,Takoradi Farm Site 4020,farm,24063 Henry Garden Apt. 410,Takoradi,GH,6.175502,19.397878
4021,Lagos Farm Site 4021,farm,7738 James Squares Suite 019,Lagos,NG,10.24133,26.955051
4022,Nairobi Farm Site 4022,farm,2539 Gutierrez Ford,Nairobi,KE,7.870361,9.166228
4023,Nakuru Farm Site 4023,farm,91423 Donna Forks Suite 215,Nakuru,KE,9.218801,11.506342
4024,Takoradi Farm Site 4024,farm,6962 Melissa Pine,Takoradi,GH,12.957485,32.441879
4025,Mombasa Farm Site 4025,farm,35610 Whitney Burg,Mombasa,KE,12.109397,24.613387
4026,Port Harcourt Farm Site 4026,farm,38689 Jacqueline Mission,Port Harcourt,NG,4.192259,0.565455
4027,Tamale Farm Site 4027,farm,10385 Clark Islands,Tamale,GH,6.127895,32.839738
4028,Benin City Farm Site 4028,farm,310 Stevens Point,Benin City,NG,6.763327,28.652667
4029,Kisumu Farm Site 4029,farm,560 Gregory Wall,Kisumu,KE,6.524103,37.669027
4030,Abuja Farm Site 4030,farm,34086 Rebekah Route Apt. 265,Abuja,NG,5.416726,4.263645
4031,Kano Farm Site 4031,farm,073 Roberts Oval,Kano,NG,12.935696,13.260406
4032,Benin City Farm Site 4032,farm,104 David Inlet,Benin City,NG,12.005614,23.503158
4033,Lagos Farm Site 4033,farm,683 Christopher Expressway Apt. 832,Lagos,NG,4.515185,29.57616
4034,Enugu Farm Site 4034,farm,2003 Catherine Centers Apt. 827,Enugu,NG,6.749645,21.823413
4035,Kano Farm Site 4035,farm,7822 Brian Freeway,Kano,NG,5.616786,5.656927
4036,Lagos Farm Site 4036,farm,165 Mendez Cove,Lagos,NG,12.230394,4.238886
4037,Port Harcourt Farm Site 4037,farm,81417 Tara Center,Port Harcourt,NG,6.15061,-1.320838
4038,Kisumu Farm Site 4038,farm,820 Lutz Circles,Kisumu,KE,7.229415,26.818222
4039,Nakuru Farm Site 4039,farm,5790 Jennifer Inlet Apt. 920,Nakuru,KE,5.151869,36.024711
4040,Enugu Farm Site 4040,farm,1713 Anderson Junctions Apt. 458,Enugu,NG,8.611175,20.483019
4041,Lagos Farm Site 4041,farm,676 Herman Pine Apt. 500,Lagos,NG,6.813764,6.412798
4042,Takoradi Farm Site 4042,farm,9657 Debra Centers Apt. 457,Takoradi,GH,7.925318,33.630483
4043,Accra Farm Site 4043,farm,44560 Boyd Street Suite 157,Accra,GH,4.194227,6.517842
4044,Enugu Farm Site 4044,farm,470 Martin Inlet,Enugu,NG,10.0113,34.162539
4045,Takoradi Farm Site 4045,farm,8992 Timothy Glens Suite 358,Takoradi,GH,12.59691,1.875998
4046,Abuja Farm Site 4046,farm,967 Maldonado Locks Apt. 919,Abuja,NG,10.562635,16.581233
4047,Kisumu Farm Site 4047,farm,17616 Anderson Mills Apt. 110,Kisumu,KE,6.225651,1.983084
4048,Abuja Farm Site 4048,farm,2173 Keith Court,Abuja,NG,11.021629,6.572807
4049,Enugu Farm Site 4049,farm,1753 Christopher Course,Enugu,NG,12.17905,30.058791
4050,Benin City Farm Site 4050,farm,76073 Meghan Forest Apt. 984,Benin City,NG,5.928436,40.11359
4051,Port Harcourt Farm Site 4051,farm,4566 Laura Lock,Port Harcourt,NG,13.067962,5.898034
4052,Takoradi Farm Site 4052,farm,8835 Amanda Trail Suite 003,Takoradi,GH,12.907224,37.382015
4053,Enugu Farm Site 4053,farm,024 Katherine Ridge Apt. 420,Enugu,NG,4.931765,22.225245
4054,Uyo Farm Site 4054,farm,8103 Melanie Spurs,Uyo,NG,11.230334,39.658392
4055,Kumasi Farm Site 4055,farm,2394 Alvarez Common Apt. 281,Kumasi,GH,11.880993,30.298948
4056,Port Harcourt Farm Site 4056,farm,682 Lisa Forges,Port Harcourt,NG,8.462584,-1.408329
4057,Nairobi Farm Site 4057,farm,22828 Williams Court,Nairobi,KE,7.313885,7.323558
4058,Kano Farm Site 4058,farm,6325 Baker Tunnel Apt. 523,Kano,NG,12.977311,28.171772
4059,Tamale Farm Site 4059,farm,96538 Amanda Rapid Apt. 938,Tamale,GH,11.328746,1.046783
4060,Lagos Farm Site 4060,farm,07261 Barker Vista Apt. 614,Lagos,NG,7.94492,24.307401
4061,Lagos Farm Site 4061,farm,33985 Johnson Prairie,Lagos,NG,5.045389,1.535892
4062,Port Harcourt Farm Site 4062,farm,7864 Bryan Keys,Port Harcourt,NG,7.356691,2.279616
4063,Abuja Farm Site 4063,farm,87549 Mann Locks,Abuja,NG,9.561821,40.0008
4064,Lagos Farm Site 4064,farm,594 Andrea Ports,Lagos,NG,7.365682,27.820051
4065,Tamale Farm Site 4065,farm,58984 Smith Island,Tamale,GH,7.903659,39.423344
4066,Kumasi Farm Site 4066,farm,9618 Jodi Throughway,Kumasi,GH,13.426795,26.23405
4067,Takoradi Farm Site 4067,farm,9533 Morgan Pass,Takoradi,GH,7.822009,25.710351
4068,Ibadan Farm Site 4068,farm,8392 Frazier Tunnel Suite 090,Ibadan,NG,7.100043,12.990625
4069,Lagos Farm Site 4069,farm,546 Caldwell Land Suite 153,Lagos,NG,9.771445,-2.375705
4070,Lagos Farm Site 4070,farm,294 Vincent Plains,Lagos,NG,8.157554,27.783714
4071,Uyo Farm Site 4071,farm,848 Osborne Points Suite 779,Uyo,NG,12.172384,37.182761
4072,Ibadan Farm Site 4072,farm,010 Tiffany Stream,Ibadan,NG,5.96225,15.033387
4073,Ibadan Farm Site 4073,farm,5601 Kimberly Viaduct Suite 639,Ibadan,NG,9.738662,14.333578
4074,Abuja Farm Site 4074,farm,99514 Omar Underpass,Abuja,NG,11.315137,18.114762
4075,Port Harcourt Farm Site 4075,farm,43363 Shepard Plains Suite 870,Port Harcourt,NG,9.099324,8.034178
4076,Enugu Farm Site 4076,farm,69959 Harris Club Suite 581,Enugu,NG,9.734596,-1.656976
4077,Tamale Farm Site 4077,farm,46123 Boyer Greens Suite 233,Tamale,GH,9.781268,16.172861
4078,Tamale Farm Site 4078,farm,0737 Shelley Turnpike,Tamale,GH,9.948178,32.356553
4079,Kisumu Farm Site 4079,farm,990 Nancy Loaf,Kisumu,KE,11.061905,13.697982
4080,Ibadan Farm Site 4080,farm,7211 Finley Grove Apt. 226,Ibadan,NG,10.872066,16.883063
4081,Mombasa Farm Site 4081,farm,0657 Meadows Manors,Mombasa,KE,5.174918,17.26044
4082,Mombasa Farm Site 4082,farm,92275 Wendy Overpass,Mombasa,KE,10.675558,28.533077
4083,Ibadan Farm Site 4083,farm,399 Doyle Track,Ibadan,NG,4.780641,5.813492
4084,Mombasa Farm Site 4084,farm,9842 Lee Summit,Mombasa,KE,7.653777,19.629226
4085,Ibadan Farm Site 4085,farm,2471 Jacobs Road,Ibadan,NG,7.223642,36.387347
4086,Mombasa Farm Site 4086,farm,608 Davis Place Apt. 334,Mombasa,KE,11.073143,0.80898
4087,Uyo Farm Site 4087,farm,473 Erica Plain Apt. 530,Uyo,NG,10.511811,21.095759
4088,Port Harcourt Farm Site 4088,farm,3642 Mckinney Knoll,Port Harcourt,NG,10.634803,18.700382
4089,Mombasa Farm Site 4089,farm,25836 Schneider Courts Apt. 482,Mombasa,KE,9.068326,9.401566
4090,Takoradi Farm Site 4090,farm,6298 Sharon Divide,Takoradi,GH,8.321394,5.109855
4091,Uyo Farm Site 4091,farm,31353 Rice Crossing,Uyo,NG,7.343596,24.00767
4092,Kano Farm Site 4092,farm,49102 Rebecca Viaduct Suite 373,Kano,NG,7.476003,17.858913
4093,Ibadan Farm Site 4093,farm,230 Patrick Crescent Suite 505,Ibadan,NG,11.741691,3.57903
4094,Ibadan Farm Site 4094,farm,8179 Owens Locks Suite 694,Ibadan,NG,6.36469,13.610691
4095,Enugu Farm Site 4095,farm,2452 Smith Rapids,Enugu,NG,6.867748,17.847008
4096,Ibadan Farm Site 4096,farm,47300 Hensley Unions,Ibadan,NG,6.215956,36.755995
4097,Ibadan Farm Site 4097,farm,59225 Hopkins Views Apt. 874,Ibadan,NG,4.721117,-3.179079
4098,Enugu Farm Site 4098,farm,062 Hannah Island,Enugu,NG,10.865809,28.131688
4099,Kano Farm Site 4099,farm,44054 Davis Trace Apt. 612,Kano,NG,13.328489,0.427331
4100,Kano Farm Site 4100,farm,77691 Smith Loaf,Kano,NG,10.258536,-1.96915
4101,Lagos Farm Site 4101,farm,5238 Lauren Glens,Lagos,NG,7.949482,30.653364
4102,Nairobi Farm Site 4102,farm,9742 Fowler Via Apt. 002,Nairobi,KE,7.432177,8.777645
4103,Ibadan Farm Site 4103,farm,67294 Melissa Port Apt. 042,Ibadan,NG,13.465546,25.636135
4104,Port Harcourt Farm Site 4104,farm,67976 Paul Manor,Port Harcourt,NG,4.324012,28.558535
4105,Accra Farm Site 4105,farm,9588 Jonathon Route Apt. 573,Accra,GH,9.020166,19.511215
4106,Enugu Farm Site 4106,farm,618 Lopez Mountain,Enugu,NG,12.276206,-2.849969
4107,Takoradi Farm Site 4107,farm,2574 Amber Creek,Takoradi,GH,8.894262,-2.562034
4108,Ibadan Farm Site 4108,farm,5119 Andrew Lodge,Ibadan,NG,10.382672,22.053847
4109,Accra Farm Site 4109,farm,3626 Christopher Corner,Accra,GH,11.569145,9.788055
4110,Enugu Farm Site 4110,farm,6163 Ashley Terrace,Enugu,NG,6.256157,11.736231
4111,Accra Farm Site 4111,farm,1359 Cindy Creek Suite 984,Accra,GH,9.614437,5.57037
4112,Ibadan Farm Site 4112,farm,044 Mary Coves,Ibadan,NG,9.416967,30.911197
4113,Kumasi Farm Site 4113,farm,01580 Leon Meadows,Kumasi,GH,11.291931,21.978317
4114,Takoradi Farm Site 4114,farm,80972 Ross Avenue,Takoradi,GH,12.469103,29.445121
4115,Lagos Farm Site 4115,farm,605 Casey Freeway Suite 381,Lagos,NG,9.132982,24.338186
4116,Tamale Farm Site 4116,farm,968 Frank Squares,Tamale,GH,5.451326,36.316631
4117,Enugu Farm Site 4117,farm,565 Black Ports,Enugu,NG,8.735276,12.744524
4118,Uyo Farm Site 4118,farm,65764 Ryan Rapid Suite 485,Uyo,NG,13.276367,32.51998
4119,Uyo Farm Site 4119,farm,25319 Susan Oval Apt. 218,Uyo,NG,11.472619,-1.454137
4120,Kano Farm Site 4120,farm,072 Linda Cliffs,Kano,NG,12.229571,10.097878
4121,Enugu Farm Site 4121,farm,23032 Anthony River,Enugu,NG,10.876444,-3.03723
4122,Abuja Farm Site 4122,farm,6400 Steve Vista Suite 816,Abuja,NG,12.918726,13.397415
4123,Benin City Farm Site 4123,farm,24141 Todd Burgs,Benin City,NG,8.267184,0.556542
4124,Ibadan Farm Site 4124,farm,85064 Murphy Union Suite 375,Ibadan,NG,11.707474,8.087962
4125,Takoradi Farm Site 4125,farm,737 Michelle Vista Suite 473,Takoradi,GH,11.575664,5.2484
4126,Ibadan Farm Site 4126,farm,0896 Johnson Squares,Ibadan,NG,6.097116,37.576989
4127,Kano Farm Site 4127,farm,61529 Lynn Forges,Kano,NG,5.172074,30.127655
4128,Uyo Farm Site 4128,farm,1379 Ray Estates,Uyo,NG,10.345317,24.157804
4129,Enugu Farm Site 4129,farm,8680 Obrien Unions,Enugu,NG,5.932451,30.691852
4130,Ibadan Farm Site 4130,farm,470 Cohen Land,Ibadan,NG,12.706556,35.280157
4131,Port Harcourt Farm Site 4131,farm,974 Hansen Burg,Port Harcourt,NG,9.193541,-1.652302
4132,Ibadan Farm Site 4132,farm,36844 Thomas Walks,Ibadan,NG,10.715186,32.758221
4133,Port Harcourt Farm Site 4133,farm,41533 Peterson Pines,Port Harcourt,NG,9.624289,2.292311
4134,Benin City Farm Site 4134,farm,8419 Judith Dam Suite 989,Benin City,NG,12.922568,25.506264
4135,Takoradi Farm Site 4135,farm,1562 Amanda Motorway,Takoradi,GH,7.119046,16.638237
4136,Accra Farm Site 4136,farm,11741 Kimberly Pines,Accra,GH,5.065524,28.837011
4137,Enugu Farm Site 4137,farm,14557 Kristi Track,Enugu,NG,4.942303,13.258614
4138,Port Harcourt Farm Site 4138,farm,725 Walter Harbors,Port Harcourt,NG,10.473175,0.002965
4139,Ibadan Farm Site 4139,farm,11963 Shaffer Via,Ibadan,NG,5.517067,12.15533
4140,Port Harcourt Farm Site 4140,farm,39196 Clark Fields Suite 763,Port Harcourt,NG,8.15833,5.205976
4141,Kumasi Farm Site 4141,farm,538 Kevin Landing,Kumasi,GH,9.483931,-2.250135
4142,Nakuru Farm Site 4142,farm,186 Jimenez Cliffs,Nakuru,KE,5.899584,34.499564
4143,Kumasi Farm Site 4143,farm,3392 Myers Cliff Suite 511,Kumasi,GH,5.358984,2.357959
4144,Port Harcourt Farm Site 4144,farm,186 White Skyway,Port Harcourt,NG,12.368476,-0.893898
4145,Nakuru Farm Site 4145,farm,9653 Roberts Port,Nakuru,KE,5.030008,20.836843
4146,Port Harcourt Farm Site 4146,farm,485 Cruz Grove,Port Harcourt,NG,7.459751,29.601367
4147,Port Harcourt Farm Site 4147,farm,9174 Patrick Ramp Apt. 973,Port Harcourt,NG,11.698957,37.53918
4148,Abuja Farm Site 4148,farm,851 Strickland Island,Abuja,NG,4.22043,26.732852
4149,Kumasi Farm Site 4149,farm,449 Steven Mill,Kumasi,GH,10.11243,10.577679
4150,Port Harcourt Farm Site 4150,farm,33755 Raymond Club Suite 558,Port Harcourt,NG,6.588822,28.262803
4151,Enugu Farm Site 4151,farm,879 Vazquez Cape,Enugu,NG,10.966962,38.657772
4152,Enugu Farm Site 4152,farm,0467 Hebert Common,Enugu,NG,5.687145,19.483303
4153,Kano Farm Site 4153,farm,9940 Megan Vista,Kano,NG,6.954915,29.645768
4154,Uyo Farm Site 4154,farm,618 John Squares Apt. 150,Uyo,NG,9.880332,10.233986
4155,Lagos Farm Site 4155,farm,587 Daniel Stream,Lagos,NG,9.585713,9.636973
4156,Kano Farm Site 4156,farm,61225 Bonnie Meadow Suite 198,Kano,NG,8.040597,5.924931
4157,Port Harcourt Farm Site 4157,farm,937 April Unions Suite 193,Port Harcourt,NG,4.341613,17.067156
4158,Uyo Farm Site 4158,farm,49619 Sean Land,Uyo,NG,5.252981,5.095541
4159,Nairobi Farm Site 4159,farm,884 Emily Freeway Apt. 742,Nairobi,KE,11.828318,11.28927
4160,Kisumu Farm Site 4160,farm,569 Denise Crest Apt. 920,Kisumu,KE,5.361602,15.17396
4161,Abuja Farm Site 4161,farm,076 Robyn Place,Abuja,NG,8.853668,22.267852
4162,Port Harcourt Farm Site 4162,farm,7063 Shelia Path Apt. 308,Port Harcourt,NG,8.678838,40.944202
4163,Kisumu Farm Site 4163,farm,983 Brian Falls Apt. 411,Kisumu,KE,13.174863,40.989811
4164,Ibadan Farm Site 4164,farm,195 Teresa Oval Suite 216,Ibadan,NG,12.846099,26.844785
4165,Kisumu Farm Site 4165,farm,2466 Robert Lakes Apt. 252,Kisumu,KE,9.411805,13.024552
4166,Tamale Farm Site 4166,farm,115 Ryan Mountains,Tamale,GH,10.331688,12.276134
4167,Port Harcourt Farm Site 4167,farm,405 Walton Viaduct Suite 431,Port Harcourt,NG,6.222138,-3.45804
4168,Nakuru Farm Site 4168,farm,13628 Yoder Common Apt. 199,Nakuru,KE,11.153956,35.429449
4169,Benin City Farm Site 4169,farm,554 Andrew Via Suite 787,Benin City,NG,9.254674,8.483635
4170,Kumasi Farm Site 4170,farm,773 Rodriguez Squares Suite 061,Kumasi,GH,4.185227,30.514524
4171,Ibadan Farm Site 4171,farm,403 Kyle Prairie,Ibadan,NG,6.789774,36.422202
4172,Kano Farm Site 4172,farm,31392 Brian Plains Suite 521,Kano,NG,12.911455,5.748889
4173,Kumasi Farm Site 4173,farm,739 Patricia Lake,Kumasi,GH,7.97913,-2.744242
4174,Accra Farm Site 4174,farm,42408 Barnett Views,Accra,GH,10.48365,8.892761
4175,Lagos Farm Site 4175,farm,6685 Ibarra Plains,Lagos,NG,6.258114,22.326395
4176,Abuja Farm Site 4176,farm,219 Costa Springs,Abuja,NG,9.227549,27.565862
4177,Lagos Farm Site 4177,farm,3400 Wiley Groves,Lagos,NG,11.208444,11.888148
4178,Kisumu Farm Site 4178,farm,3976 Wesley Lock,Kisumu,KE,10.776361,13.445089
4179,Takoradi Farm Site 4179,farm,756 Raymond Canyon Suite 752,Takoradi,GH,9.258543,12.224258
4180,Ibadan Farm Site 4180,farm,66497 Justin Glens,Ibadan,NG,12.404391,30.024412
4181,Nakuru Farm Site 4181,farm,0532 Jonathan Key,Nakuru,KE,6.373214,21.786266
4182,Kumasi Farm Site 4182,farm,1398 Mccall Mission,Kumasi,GH,11.544116,0.179157
4183,Lagos Farm Site 4183,farm,7465 Williams Islands,Lagos,NG,8.503854,1.211967
4184,Uyo Farm Site 4184,farm,74117 Cody Roads,Uyo,NG,11.494118,16.087414
4185,Port Harcourt Farm Site 4185,farm,70772 Barnes Lake Apt. 828,Port Harcourt,NG,9.505932,13.927303
4186,Kumasi Farm Site 4186,farm,49558 Angela Land,Kumasi,GH,13.343416,23.906925
4187,Lagos Farm Site 4187,farm,67041 Adkins Dam,Lagos,NG,4.034125,13.1774
4188,Kisumu Farm Site 4188,farm,291 Cook Knolls,Kisumu,KE,4.040208,7.061364
4189,Lagos Farm Site 4189,farm,31721 Thompson Grove,Lagos,NG,7.718621,19.641159
4190,Kumasi Farm Site 4190,farm,121 Williams Station Suite 500,Kumasi,GH,11.735919,38.922217
4191,Mombasa Farm Site 4191,farm,15712 James Well,Mombasa,KE,11.597486,35.065914
4192,Lagos Farm Site 4192,farm,472 Judith Canyon Apt. 691,Lagos,NG,10.975644,11.912043
4193,Ibadan Farm Site 4193,farm,4428 Adam Island Suite 294,Ibadan,NG,5.520003,18.56585
4194,Kumasi Farm Site 4194,farm,02538 Jesse Dam,Kumasi,GH,6.531777,-2.649537
4195,Abuja Farm Site 4195,farm,06598 Edward Path Apt. 517,Abuja,NG,5.653322,39.424438
4196,Kano Farm Site 4196,farm,336 Carpenter Forges,Kano,NG,11.752648,3.816512
4197,Accra Farm Site 4197,farm,9487 Harmon Key Suite 554,Accra,GH,6.502883,27.891078
4198,Accra Farm Site 4198,farm,2856 Anne Mountain,Accra,GH,10.180419,13.176079
4199,Tamale Farm Site 4199,farm,6375 Nicholas Ridges,Tamale,GH,5.537785,14.410256
4200,Ibadan Farm Site 4200,farm,408 James Row Apt. 524,Ibadan,NG,8.143577,28.983491
4201,Uyo Farm Site 4201,farm,2160 Odom Plaza,Uyo,NG,4.62864,20.403762
4202,Enugu Farm Site 4202,farm,03374 Jean Trail Apt. 422,Enugu,NG,4.701139,7.294916
4203,Enugu Farm Site 4203,farm,47532 John Extension Apt. 913,Enugu,NG,7.484282,1.080955
4204,Benin City Farm Site 4204,farm,34914 Brittany Greens Apt. 936,Benin City,NG,10.789874,0.807788
4205,Ibadan Farm Site 4205,farm,5825 Christina Spurs,Ibadan,NG,6.326833,37.521137
4206,Kano Farm Site 4206,farm,2069 Rebecca Isle,Kano,NG,5.291071,8.940796
4207,Benin City Farm Site 4207,farm,558 Reynolds Turnpike Apt. 221,Benin City,NG,9.395269,28.608535
4208,Abuja Farm Site 4208,farm,2695 Jennifer Plains Apt. 304,Abuja,NG,4.365954,1.43241
4209,Kisumu Farm Site 4209,farm,355 Kathleen Vista Apt. 095,Kisumu,KE,7.561933,32.340465
4210,Lagos Farm Site 4210,farm,4568 Laura Camp Apt. 589,Lagos,NG,4.978138,7.770971
4211,Benin City Farm Site 4211,farm,438 Stark Isle Suite 673,Benin City,NG,13.476771,19.071147
4212,Kano Farm Site 4212,farm,44346 Kaitlyn Squares,Kano,NG,6.898841,24.518771
4213,Lagos Farm Site 4213,farm,7537 Mario Villages,Lagos,NG,4.338839,27.156086
4214,Nairobi Farm Site 4214,farm,314 Oconnell Valleys,Nairobi,KE,12.550211,14.406909
4215,Nairobi Farm Site 4215,farm,85777 Moss Valleys Suite 541,Nairobi,KE,7.804583,39.135175
4216,Uyo Farm Site 4216,farm,19080 Lindsey Tunnel,Uyo,NG,4.049525,35.848754
4217,Lagos Farm Site 4217,farm,35239 Harrison Brook,Lagos,NG,12.102404,7.69307
4218,Abuja Farm Site 4218,farm,25151 James Cape Suite 411,Abuja,NG,12.322711,6.362092
4219,Uyo Farm Site 4219,farm,82710 King Key Apt. 650,Uyo,NG,12.028878,19.173601
4220,Benin City Farm Site 4220,farm,34358 Rice Hollow,Benin City,NG,5.437766,35.070964
4221,Abuja Farm Site 4221,farm,521 Graham Unions,Abuja,NG,4.124042,38.98316
4222,Kano Farm Site 4222,farm,659 Holmes Rue,Kano,NG,10.308923,9.378928
4223,Kano Farm Site 4223,farm,8913 Robert Isle,Kano,NG,9.447526,2.28312
4224,Port Harcourt Farm Site 4224,farm,61639 Mitchell Ridge Apt. 420,Port Harcourt,NG,8.032581,5.683638
4225,Kumasi Farm Site 4225,farm,279 Michelle Overpass,Kumasi,GH,8.628435,-2.250997
4226,Accra Farm Site 4226,farm,7290 Samantha Islands,Accra,GH,7.424688,7.611525
4227,Takoradi Farm Site 4227,farm,80835 Bradshaw Summit Apt. 188,Takoradi,GH,11.400683,16.810345
4228,Port Harcourt Farm Site 4228,farm,5632 Lee Forks,Port Harcourt,NG,13.254152,4.179138
4229,Benin City Farm Site 4229,farm,09856 Taylor Summit,Benin City,NG,10.680282,14.78845
4230,Takoradi Farm Site 4230,farm,35079 Harvey Highway,Takoradi,GH,7.553938,17.010731
4231,Uyo Farm Site 4231,farm,039 Shannon Squares,Uyo,NG,12.764972,26.12985
4232,Tamale Farm Site 4232,farm,934 Reyes Cove Apt. 621,Tamale,GH,6.777292,-3.303131
4233,Ibadan Farm Site 4233,farm,54679 Melissa Lights,Ibadan,NG,12.012597,21.463397
4234,Accra Farm Site 4234,farm,04506 Edwards Stream,Accra,GH,11.870752,10.611162
4235,Takoradi Farm Site 4235,farm,850 Black Bypass,Takoradi,GH,4.671903,40.74589
4236,Ibadan Farm Site 4236,farm,1065 Elizabeth Port,Ibadan,NG,4.815848,37.037445
4237,Abuja Farm Site 4237,farm,18455 Myers Rue Suite 294,Abuja,NG,11.982554,26.009887
4238,Abuja Farm Site 4238,farm,65764 Garcia Rest,Abuja,NG,9.020652,6.448501
4239,Accra Farm Site 4239,farm,7750 Vazquez Views,Accra,GH,5.404685,15.707154
4240,Abuja Farm Site 4240,farm,35811 Kristi Orchard Apt. 172,Abuja,NG,7.703886,17.830555
4241,Ibadan Farm Site 4241,farm,1565 Cheryl Valley,Ibadan,NG,6.318511,24.508648
4242,Ibadan Farm Site 4242,farm,37708 Daniel Inlet Apt. 937,Ibadan,NG,6.375073,34.464619
4243,Abuja Farm Site 4243,farm,559 William Street Apt. 151,Abuja,NG,4.933451,-2.503003
4244,Lagos Farm Site 4244,farm,773 Arnold Fort Suite 382,Lagos,NG,12.511861,21.77666
4245,Benin City Farm Site 4245,farm,85734 Anthony Trail,Benin City,NG,6.660264,6.399957
4246,Benin City Farm Site 4246,farm,00110 Pearson Gateway,Benin City,NG,4.416688,27.358658
4247,Abuja Farm Site 4247,farm,59451 Valerie Islands,Abuja,NG,9.928359,29.523027
4248,Benin City Farm Site 4248,farm,929 Jensen Knolls Apt. 033,Benin City,NG,6.849457,0.205724
4249,Lagos Farm Site 4249,farm,46268 Hansen Greens,Lagos,NG,9.222603,13.046005
4250,Lagos Farm Site 4250,farm,77417 Mike Extensions,Lagos,NG,4.72178,9.323035
4251,Mombasa Farm Site 4251,farm,3194 Samantha Islands,Mombasa,KE,9.934376,26.635339
4252,Kumasi Farm Site 4252,farm,121 Aaron Burg Apt. 081,Kumasi,GH,10.210075,11.972693
4253,Benin City Farm Site 4253,farm,5516 Rodriguez Walks Suite 757,Benin City,NG,8.396114,0.607642
4254,Kisumu Farm Site 4254,farm,230 Martinez Locks,Kisumu,KE,9.773579,6.662772
4255,Kano Farm Site 4255,farm,111 Johnson Squares Apt. 587,Kano,NG,7.533943,-0.613077
4256,Port Harcourt Farm Site 4256,farm,8874 Wood Summit,Port Harcourt,NG,7.990168,34.304394
4257,Enugu Farm Site 4257,farm,62694 Julia Inlet,Enugu,NG,7.856065,28.183142
4258,Port Harcourt Farm Site 4258,farm,95044 Black Estates Apt. 763,Port Harcourt,NG,13.120777,-0.250072
4259,Takoradi Farm Site 4259,farm,514 Heather Union Apt. 190,Takoradi,GH,13.420612,8.450686
4260,Uyo Farm Site 4260,farm,197 Morgan Estates Apt. 454,Uyo,NG,10.391368,25.991018
4261,Takoradi Farm Site 4261,farm,14757 Bullock Mall,Takoradi,GH,6.33239,6.137945
4262,Accra Farm Site 4262,farm,64310 Elizabeth Squares,Accra,GH,9.221786,7.57779
4263,Abuja Farm Site 4263,farm,541 Stanton Via,Abuja,NG,6.055677,12.126912
4264,Uyo Farm Site 4264,farm,659 Ryan Ferry,Uyo,NG,8.111345,38.368118
4265,Kisumu Farm Site 4265,farm,84128 Tammy Crescent,Kisumu,KE,9.062328,8.376761
4266,Nairobi Farm Site 4266,farm,062 Clarke Drive,Nairobi,KE,13.239295,22.159974
4267,Kano Farm Site 4267,farm,610 Burnett Pine,Kano,NG,11.865659,40.962597
4268,Accra Farm Site 4268,farm,31104 Michael Meadow,Accra,GH,10.486067,11.203198
4269,Lagos Farm Site 4269,farm,322 Tamara Springs Apt. 960,Lagos,NG,4.502424,-2.973916
4270,Nakuru Farm Site 4270,farm,8496 Miller Square,Nakuru,KE,4.003047,4.948285
4271,Benin City Farm Site 4271,farm,23041 Gilbert Gardens,Benin City,NG,11.497479,8.842037
4272,Port Harcourt Farm Site 4272,farm,319 Moody Knoll,Port Harcourt,NG,9.120366,3.630434
4273,Port Harcourt Farm Site 4273,farm,84725 Tammy Extensions,Port Harcourt,NG,10.453683,10.101938
4274,Kisumu Farm Site 4274,farm,4997 Moon Orchard,Kisumu,KE,12.968953,24.347193
4275,Mombasa Farm Site 4275,farm,513 Reed Prairie,Mombasa,KE,7.25479,4.360709
4276,Port Harcourt Farm Site 4276,farm,16101 Sandra Isle Suite 680,Port Harcourt,NG,8.161353,-0.76367
4277,Port Harcourt Farm Site 4277,farm,508 Brittany Avenue,Port Harcourt,NG,13.090007,36.01425
4278,Kano Farm Site 4278,farm,79833 Alvarez Parkway Suite 195,Kano,NG,10.659426,40.135067
4279,Nakuru Farm Site 4279,farm,0958 Cooper Branch,Nakuru,KE,5.658914,28.848624
4280,Kisumu Farm Site 4280,farm,112 Charlotte Unions,Kisumu,KE,6.360244,12.29227
4281,Lagos Farm Site 4281,farm,4810 Autumn Cliffs Suite 080,Lagos,NG,5.305306,3.46468
4282,Lagos Farm Site 4282,farm,8492 Joseph Mews Apt. 616,Lagos,NG,7.159004,25.207513
4283,Uyo Farm Site 4283,farm,891 Lisa Forge Apt. 994,Uyo,NG,12.876906,40.445657
4284,Lagos Farm Site 4284,farm,903 Maria Fords,Lagos,NG,8.41964,28.472398
4285,Abuja Farm Site 4285,farm,1396 Amy Views Suite 917,Abuja,NG,12.765021,26.117224
4286,Port Harcourt Farm Site 4286,farm,48642 Mark Crest Suite 791,Port Harcourt,NG,10.465785,5.460403
4287,Ibadan Farm Site 4287,farm,32023 Krause Drive,Ibadan,NG,10.206523,-0.510009
4288,Nairobi Farm Site 4288,farm,30015 Bowman Islands Apt. 952,Nairobi,KE,9.359997,23.997126
4289,Ibadan Farm Site 4289,farm,74220 Kathleen Corners Apt. 159,Ibadan,NG,7.453835,5.201145
4290,Ibadan Farm Site 4290,farm,2660 Jacob Summit Apt. 506,Ibadan,NG,8.077094,30.264815
4291,Kano Farm Site 4291,farm,770 Michelle Course,Kano,NG,9.440529,28.662664
4292,Mombasa Farm Site 4292,farm,4565 Ann Creek Apt. 421,Mombasa,KE,11.115529,20.596361
4293,Tamale Farm Site 4293,farm,62147 Baldwin Tunnel Apt. 282,Tamale,GH,12.373794,20.654385
4294,Kumasi Farm Site 4294,farm,510 Ali Stravenue Suite 099,Kumasi,GH,12.389898,-2.406181
4295,Kano Farm Site 4295,farm,9664 Marshall Stream Apt. 703,Kano,NG,5.281445,30.616426
4296,Port Harcourt Farm Site 4296,farm,23496 Simpson Ports,Port Harcourt,NG,8.021005,20.371391
4297,Benin City Farm Site 4297,farm,66614 Robert Isle Apt. 217,Benin City,NG,7.011037,15.558781
4298,Ibadan Farm Site 4298,farm,8596 Julian Orchard,Ibadan,NG,9.208254,40.721852
4299,Port Harcourt Farm Site 4299,farm,86223 Carla Shoals Suite 032,Port Harcourt,NG,7.478488,2.727752
4300,Benin City Farm Site 4300,farm,8329 Christine Dale,Benin City,NG,9.505163,20.83506
4301,Enugu Farm Site 4301,farm,3330 Misty Garden Apt. 540,Enugu,NG,10.777904,1.418792
4302,Benin City Farm Site 4302,farm,2937 Ortega Village Apt. 866,Benin City,NG,11.992987,7.46925
4303,Abuja Farm Site 4303,farm,5056 Powers Shoals,Abuja,NG,10.718769,6.809886
4304,Enugu Farm Site 4304,farm,18643 Ethan Station,Enugu,NG,6.682066,-2.804849
4305,Enugu Farm Site 4305,farm,3516 Jackie Station,Enugu,NG,10.083335,10.492132
4306,Ibadan Farm Site 4306,farm,68846 John Roads,Ibadan,NG,11.892343,20.574258
4307,Enugu Farm Site 4307,farm,66973 Janet Orchard,Enugu,NG,11.632238,20.728271
4308,Tamale Farm Site 4308,farm,7098 Preston Passage,Tamale,GH,6.919451,29.368706
4309,Lagos Farm Site 4309,farm,0591 Vargas Unions Apt. 839,Lagos,NG,9.5111,8.941692
4310,Enugu Farm Site 4310,farm,277 Washington Landing,Enugu,NG,13.413286,6.722506
4311,Ibadan Farm Site 4311,farm,862 William Islands Suite 114,Ibadan,NG,6.67195,37.545745
4312,Enugu Farm Site 4312,farm,568 Ashley Union Apt. 277,Enugu,NG,10.826374,36.086421
4313,Benin City Farm Site 4313,farm,75489 Smith Manor Apt. 651,Benin City,NG,5.948173,21.951458
4314,Abuja Farm Site 4314,farm,7890 Kathryn Highway Suite 969,Abuja,NG,5.332392,23.026507
4315,Kumasi Farm Site 4315,farm,018 Fritz Isle Suite 368,Kumasi,GH,13.27624,37.57671
4316,Nairobi Farm Site 4316,farm,208 Knight Plain,Nairobi,KE,6.745091,31.559079
4317,Takoradi Farm Site 4317,farm,5537 Jackson Hills,Takoradi,GH,5.0146,12.207716
4318,Kumasi Farm Site 4318,farm,1636 Lester Club,Kumasi,GH,11.914409,38.926357
4319,Lagos Farm Site 4319,farm,4676 Martinez Groves,Lagos,NG,4.964166,10.480345
4320,Uyo Farm Site 4320,farm,10236 Phillips Freeway Suite 421,Uyo,NG,11.783745,12.967241
4321,Abuja Farm Site 4321,farm,189 Dorothy Summit,Abuja,NG,13.432592,0.39062
4322,Mombasa Farm Site 4322,farm,82035 Thomas Forges,Mombasa,KE,7.453873,36.114822
4323,Accra Farm Site 4323,farm,30618 Charles Springs,Accra,GH,12.98047,17.438206
4324,Lagos Farm Site 4324,farm,1139 Davis Vista Suite 428,Lagos,NG,12.361938,18.016735
4325,Kano Farm Site 4325,farm,4479 Gamble Fords Suite 689,Kano,NG,8.371785,19.873291
4326,Port Harcourt Farm Site 4326,farm,58314 Andrew Locks Suite 076,Port Harcourt,NG,7.885921,-0.13497
4327,Kumasi Farm Site 4327,farm,87514 William Branch Apt. 507,Kumasi,GH,9.695255,36.784545
4328,Uyo Farm Site 4328,farm,14582 Martinez Throughway,Uyo,NG,12.449478,25.446163
4329,Takoradi Farm Site 4329,farm,648 Gabriel Rue,Takoradi,GH,13.419428,36.471431
4330,Uyo Farm Site 4330,farm,466 Amber Drive Apt. 863,Uyo,NG,8.810819,21.486956
4331,Tamale Farm Site 4331,farm,89197 Jackson Harbor Suite 962,Tamale,GH,9.886142,22.686798
4332,Accra Farm Site 4332,farm,59732 Michael Villages,Accra,GH,10.35665,14.005168
4333,Uyo Farm Site 4333,farm,892 Melissa Station,Uyo,NG,10.470416,2.832113
4334,Ibadan Farm Site 4334,farm,00920 Christopher Extensions,Ibadan,NG,13.171796,20.384561
4335,Kano Farm Site 4335,farm,15334 Judith Keys,Kano,NG,7.868202,23.202277
4336,Lagos Farm Site 4336,farm,222 Graham Road Apt. 077,Lagos,NG,9.864818,5.718123
4337,Takoradi Farm Site 4337,farm,8734 Dominic Run Suite 681,Takoradi,GH,5.407109,26.978137
4338,Lagos Farm Site 4338,farm,1757 Melissa Estate Apt. 154,Lagos,NG,11.937705,22.452671
4339,Port Harcourt Farm Site 4339,farm,2118 Joshua Forks Apt. 463,Port Harcourt,NG,7.687657,22.980238
4340,Kisumu Farm Site 4340,farm,8836 Chavez Mall,Kisumu,KE,10.772738,0.150879
4341,Ibadan Farm Site 4341,farm,9863 Thompson Corners Suite 772,Ibadan,NG,7.282855,22.601128
4342,Kumasi Farm Site 4342,farm,1731 Lloyd Islands,Kumasi,GH,11.208709,15.743524
4343,Accra Farm Site 4343,farm,77416 Cooper Club,Accra,GH,4.220192,32.582169
4344,Tamale Farm Site 4344,farm,972 Kendra Spur Apt. 315,Tamale,GH,7.018269,-0.808371
4345,Takoradi Farm Site 4345,farm,01946 Vincent Views,Takoradi,GH,5.647748,32.449988
4346,Ibadan Farm Site 4346,farm,799 Green Forks Apt. 830,Ibadan,NG,8.665111,6.343076
4347,Enugu Farm Site 4347,farm,1427 Robert Islands,Enugu,NG,9.075645,-1.972755
4348,Enugu Farm Site 4348,farm,09724 Brenda Lodge Apt. 795,Enugu,NG,13.262304,17.757415
4349,Takoradi Farm Site 4349,farm,9207 Douglas Glens Suite 414,Takoradi,GH,12.224639,29.701803
4350,Uyo Farm Site 4350,farm,638 Scott Hill,Uyo,NG,5.887017,28.768313
4351,Accra Farm Site 4351,farm,04379 Jodi Ridge Suite 016,Accra,GH,6.189216,23.276514
4352,Ibadan Farm Site 4352,farm,596 Melanie Shoals Apt. 422,Ibadan,NG,13.186844,33.598551
4353,Benin City Farm Site 4353,farm,40203 Gonzalez Oval,Benin City,NG,13.118812,15.747775
4354,Enugu Farm Site 4354,farm,1510 Reynolds Tunnel Apt. 995,Enugu,NG,12.33095,14.668879
4355,Abuja Farm Site 4355,farm,004 George Mews,Abuja,NG,9.227473,9.718293
4356,Tamale Farm Site 4356,farm,08035 Johnson Trace,Tamale,GH,5.737023,7.377881
4357,Lagos Farm Site 4357,farm,6668 Cooke Causeway Suite 367,Lagos,NG,9.232968,27.187755
4358,Uyo Farm Site 4358,farm,890 Ann Parks,Uyo,NG,10.754479,18.472431
4359,Uyo Farm Site 4359,farm,46352 Megan Stream,Uyo,NG,9.440702,37.805834
4360,Accra Farm Site 4360,farm,526 Mary Extension Apt. 983,Accra,GH,8.138106,38.842583
4361,Uyo Farm Site 4361,farm,9007 Emily Branch Apt. 858,Uyo,NG,12.048379,16.293184
4362,Tamale Farm Site 4362,farm,68648 Pittman Lodge Apt. 818,Tamale,GH,4.00701,31.411386
4363,Enugu Farm Site 4363,farm,81862 Brown Row,Enugu,NG,12.403094,36.883231
4364,Port Harcourt Farm Site 4364,farm,37658 Melissa Camp Apt. 201,Port Harcourt,NG,7.68099,-0.420734
4365,Kumasi Farm Site 4365,farm,59227 Heather Flat Apt. 429,Kumasi,GH,13.431943,31.372572
4366,Enugu Farm Site 4366,farm,278 Walker Plains,Enugu,NG,9.0131,23.165929
4367,Enugu Farm Site 4367,farm,84198 Alyssa Ports,Enugu,NG,6.040814,3.299539
4368,Tamale Farm Site 4368,farm,644 John Radial,Tamale,GH,6.729658,28.981635
4369,Enugu Farm Site 4369,farm,7255 Rachel Mill Apt. 207,Enugu,NG,6.536162,36.201331
4370,Uyo Farm Site 4370,farm,7324 Joseph Mountain,Uyo,NG,12.885191,13.149606
4371,Tamale Farm Site 4371,farm,9257 April Overpass Suite 539,Tamale,GH,4.75824,2.517404
4372,Lagos Farm Site 4372,farm,292 Dyer Shoals,Lagos,NG,11.058045,8.307885
4373,Enugu Farm Site 4373,farm,5268 Tammy View Suite 354,Enugu,NG,8.528683,9.007312
4374,Kano Farm Site 4374,farm,31302 Robbins Roads,Kano,NG,5.181486,25.851765
4375,Port Harcourt Farm Site 4375,farm,630 Howe Viaduct,Port Harcourt,NG,10.613776,12.765545
4376,Ibadan Farm Site 4376,farm,71006 Munoz Orchard,Ibadan,NG,8.624542,7.874886
4377,Benin City Farm Site 4377,farm,886 Sanders Green,Benin City,NG,6.310346,7.678802
4378,Benin City Farm Site 4378,farm,7685 Harris Walk,Benin City,NG,10.272943,20.970027
4379,Takoradi Farm Site 4379,farm,5454 David Flat Suite 019,Takoradi,GH,10.691395,9.496538
4380,Port Harcourt Farm Site 4380,farm,353 Stephens Drive,Port Harcourt,NG,11.282007,-0.931183
4381,Port Harcourt Farm Site 4381,farm,52658 Tyler Lane,Port Harcourt,NG,10.094223,19.33211
4382,Uyo Farm Site 4382,farm,2959 Paul Inlet,Uyo,NG,12.331084,9.207635
4383,Port Harcourt Farm Site 4383,farm,93815 Michael Way,Port Harcourt,NG,8.758129,2.674845
4384,Port Harcourt Farm Site 4384,farm,90762 Alice Shoal Apt. 603,Port Harcourt,NG,12.404232,-2.233482
4385,Mombasa Farm Site 4385,farm,81855 Luis Park,Mombasa,KE,7.109066,21.149339
4386,Takoradi Farm Site 4386,farm,8159 Casey Loop,Takoradi,GH,10.42,10.487766
4387,Lagos Farm Site 4387,farm,9816 West Forks,Lagos,NG,13.008993,27.828195
4388,Uyo Farm Site 4388,farm,234 Morse Viaduct Suite 540,Uyo,NG,13.49653,3.759188
4389,Abuja Farm Site 4389,farm,47720 Robertson Corner,Abuja,NG,9.100335,2.633192
4390,Lagos Farm Site 4390,farm,6166 Butler Corner Apt. 366,Lagos,NG,11.247791,25.317566
4391,Port Harcourt Farm Site 4391,farm,7579 Lara Trail Suite 350,Port Harcourt,NG,5.936755,20.152004
4392,Abuja Farm Site 4392,farm,327 Norton Mews,Abuja,NG,10.614209,9.794924
4393,Port Harcourt Farm Site 4393,farm,42830 Jason Islands,Port Harcourt,NG,4.472877,10.63181
4394,Port Harcourt Farm Site 4394,farm,767 Wilkinson Parks Suite 847,Port Harcourt,NG,11.56459,28.263951
4395,Kano Farm Site 4395,farm,123 Ashley Port,Kano,NG,5.085745,0.815537
4396,Enugu Farm Site 4396,farm,722 Margaret Road Apt. 684,Enugu,NG,6.402064,29.808471
4397,Accra Farm Site 4397,farm,5058 Nelson Parkway Suite 763,Accra,GH,10.58941,15.477749
4398,Kano Farm Site 4398,farm,59824 Vanessa Views Suite 405,Kano,NG,7.546688,1.356973
4399,Benin City Farm Site 4399,farm,19225 Dawn Mill,Benin City,NG,13.176711,32.923736
4400,Ibadan Farm Site 4400,farm,0754 Chan Spur,Ibadan,NG,10.792052,38.959743
4401,Port Harcourt Farm Site 4401,farm,2550 Decker Corners,Port Harcourt,NG,10.54732,33.96383
4402,Takoradi Farm Site 4402,farm,69276 Nathaniel Mountain Apt. 826,Takoradi,GH,12.665884,33.081622
4403,Ibadan Farm Site 4403,farm,400 Hall Avenue Apt. 740,Ibadan,NG,9.75962,-1.93554
4404,Uyo Farm Site 4404,farm,22378 Mcfarland Crossing,Uyo,NG,5.382738,18.955888
4405,Uyo Farm Site 4405,farm,438 Brooks Radial Suite 561,Uyo,NG,5.212007,38.19411
4406,Enugu Farm Site 4406,farm,5183 Contreras Neck Suite 775,Enugu,NG,5.155451,35.218189
4407,Accra Farm Site 4407,farm,950 Smith Loaf,Accra,GH,13.332669,7.728576
4408,Kano Farm Site 4408,farm,3944 Andrew Plains,Kano,NG,10.156697,39.780363
4409,Nairobi Farm Site 4409,farm,78810 Peterson Underpass,Nairobi,KE,9.954642,15.104195
4410,Enugu Farm Site 4410,farm,5214 Jackson Square Suite 879,Enugu,NG,5.266541,19.001647
4411,Tamale Farm Site 4411,farm,8960 Miller Greens,Tamale,GH,10.614741,39.335427
4412,Port Harcourt Farm Site 4412,farm,409 Brianna Summit Apt. 912,Port Harcourt,NG,10.204787,31.893257
4413,Enugu Farm Site 4413,farm,155 Smith Estates,Enugu,NG,12.767626,0.565885
4414,Abuja Farm Site 4414,farm,47373 Owens Route Suite 870,Abuja,NG,6.365217,-0.860231
4415,Kano Farm Site 4415,farm,831 Thompson Skyway Apt. 000,Kano,NG,8.172123,13.446636
4416,Abuja Farm Site 4416,farm,665 Kevin Brooks,Abuja,NG,7.807594,6.44754
4417,Kumasi Farm Site 4417,farm,322 Brendan Crossroad Suite 174,Kumasi,GH,5.305548,12.60427
4418,Benin City Farm Site 4418,farm,71428 Cheryl Spur,Benin City,NG,8.90517,28.29739
4419,Kano Farm Site 4419,farm,7892 Evans View Suite 186,Kano,NG,11.871754,-3.186305
4420,Abuja Farm Site 4420,farm,00515 Joseph Brooks Suite 668,Abuja,NG,9.284489,27.832405
4421,Lagos Farm Site 4421,farm,37040 Stephanie Knolls,Lagos,NG,5.431573,5.642494
4422,Abuja Farm Site 4422,farm,2686 Carla Isle,Abuja,NG,5.200265,-0.689863
4423,Takoradi Farm Site 4423,farm,805 Hall Trail,Takoradi,GH,7.856176,-1.711847
4424,Benin City Farm Site 4424,farm,95666 Paul Run Suite 267,Benin City,NG,11.44212,-2.378139
4425,Uyo Farm Site 4425,farm,9734 Denise Branch,Uyo,NG,4.660994,30.825359
4426,Kisumu Farm Site 4426,farm,246 Patrick Ranch,Kisumu,KE,10.467966,8.865459
4427,Enugu Farm Site 4427,farm,32835 Brooks Landing,Enugu,NG,9.167643,30.266471
4428,Enugu Farm Site 4428,farm,91785 Koch Tunnel,Enugu,NG,4.201621,26.267522
4429,Accra Farm Site 4429,farm,3107 Carlson Inlet Apt. 487,Accra,GH,10.572121,2.523575
4430,Enugu Farm Site 4430,farm,858 Smith Ville Apt. 990,Enugu,NG,7.970482,12.601413
4431,Takoradi Farm Site 4431,farm,12053 Clarke Road Apt. 199,Takoradi,GH,9.096354,38.930951
4432,Uyo Farm Site 4432,farm,93692 Samuel Lake Apt. 375,Uyo,NG,7.74556,4.057213
4433,Kano Farm Site 4433,farm,8792 Michelle View,Kano,NG,12.15766,1.279133
4434,Takoradi Farm Site 4434,farm,4497 Hensley Ranch,Takoradi,GH,8.843793,17.424936
4435,Accra Farm Site 4435,farm,651 Lewis Lock Suite 027,Accra,GH,4.297634,-0.807185
4436,Ibadan Farm Site 4436,farm,37476 Walters Plaza,Ibadan,NG,5.559411,13.042999
4437,Port Harcourt Farm Site 4437,farm,18355 Tracy Knolls Apt. 626,Port Harcourt,NG,5.895276,11.291118
4438,Enugu Farm Site 4438,farm,66484 Lisa Passage,Enugu,NG,4.606643,-1.371232
4439,Benin City Farm Site 4439,farm,46123 Joy Unions,Benin City,NG,7.179408,11.062887
4440,Kumasi Farm Site 4440,farm,622 Willis View Suite 827,Kumasi,GH,6.54813,1.970034
4441,Lagos Farm Site 4441,farm,04910 Allen Curve,Lagos,NG,6.253125,25.827627
4442,Takoradi Farm Site 4442,farm,92541 Perez Street,Takoradi,GH,11.300853,34.37573
4443,Tamale Farm Site 4443,farm,09692 Spence Throughway Apt. 904,Tamale,GH,5.38025,21.026402
4444,Uyo Farm Site 4444,farm,93648 Savage Flats Suite 851,Uyo,NG,4.489788,40.70526
4445,Benin City Farm Site 4445,farm,5373 Dawn Mission Suite 690,Benin City,NG,10.120919,39.967912
4446,Enugu Farm Site 4446,farm,92792 Richardson Gateway,Enugu,NG,7.747334,26.263578
4447,Enugu Farm Site 4447,farm,84726 Joseph Plain Suite 665,Enugu,NG,13.371225,8.982032
4448,Benin City Farm Site 4448,farm,86449 Graham Mountain Suite 579,Benin City,NG,11.822722,20.296339
4449,Benin City Farm Site 4449,farm,91710 Mcdowell Ridges Suite 647,Benin City,NG,13.49838,13.259786
4450,Kano Farm Site 4450,farm,15250 Freeman Square Apt. 087,Kano,NG,5.636036,-0.876887
4451,Port Harcourt Farm Site 4451,farm,96879 Baker Pass,Port Harcourt,NG,8.618595,32.395195
4452,Mombasa Farm Site 4452,farm,3274 Adrian Camp,Mombasa,KE,4.840004,9.328968
4453,Kisumu Farm Site 4453,farm,3139 Lewis Ville Suite 057,Kisumu,KE,8.802579,2.394092
4454,Kano Farm Site 4454,farm,19611 Michael Green Suite 930,Kano,NG,12.05383,-0.286524
4455,Tamale Farm Site 4455,farm,73802 Autumn Orchard Suite 956,Tamale,GH,11.195815,16.803814
4456,Accra Farm Site 4456,farm,6961 Rebecca Roads Apt. 400,Accra,GH,6.119674,22.365498
4457,Port Harcourt Farm Site 4457,farm,757 Shawn Turnpike,Port Harcourt,NG,12.792742,-1.489449
4458,Ibadan Farm Site 4458,farm,4673 Laura Track Apt. 994,Ibadan,NG,5.746235,16.450088
4459,Uyo Farm Site 4459,farm,84125 Melissa Rue,Uyo,NG,4.186644,23.077924
4460,Nakuru Farm Site 4460,farm,58559 Foster Estate,Nakuru,KE,6.990934,4.991698
4461,Ibadan Farm Site 4461,farm,947 Bryant Orchard Apt. 259,Ibadan,NG,12.882679,8.95997
4462,Ibadan Farm Site 4462,farm,7942 Hines Underpass,Ibadan,NG,7.411748,25.767129
4463,Port Harcourt Farm Site 4463,farm,9987 Russo Keys Apt. 990,Port Harcourt,NG,12.924685,27.740267
4464,Kumasi Farm Site 4464,farm,94167 Case Shores,Kumasi,GH,8.767493,20.402976
4465,Nakuru Farm Site 4465,farm,0310 Isaiah Island Apt. 178,Nakuru,KE,10.725956,26.035164
4466,Lagos Farm Site 4466,farm,82940 Wallace Parkways,Lagos,NG,8.360554,1.733504
4467,Lagos Farm Site 4467,farm,750 Robert Mountain,Lagos,NG,5.242117,13.125123
4468,Port Harcourt Farm Site 4468,farm,403 Young Track Suite 452,Port Harcourt,NG,4.483432,16.480465
4469,Port Harcourt Farm Site 4469,farm,4488 Tanner Avenue,Port Harcourt,NG,9.801105,33.679877
4470,Lagos Farm Site 4470,farm,294 Tammy Prairie,Lagos,NG,9.589782,9.049084
4471,Tamale Farm Site 4471,farm,19106 Rush Plains Apt. 490,Tamale,GH,8.076029,4.632468
4472,Ibadan Farm Site 4472,farm,53224 Simpson Bridge,Ibadan,NG,9.181669,29.251065
4473,Port Harcourt Farm Site 4473,farm,196 Kristin Road,Port Harcourt,NG,11.938925,9.812442
4474,Kano Farm Site 4474,farm,142 Williams Skyway,Kano,NG,4.887314,31.471539
4475,Nakuru Farm Site 4475,farm,423 Le Centers Apt. 820,Nakuru,KE,12.631723,7.040637
4476,Enugu Farm Site 4476,farm,94103 Jo Unions Suite 849,Enugu,NG,6.638173,40.227298
4477,Enugu Farm Site 4477,farm,11651 Simmons Circle,Enugu,NG,5.097355,14.579997
4478,Kano Farm Site 4478,farm,96517 Douglas Shoals,Kano,NG,13.47582,13.222439
4479,Accra Farm Site 4479,farm,474 Ashley Pike,Accra,GH,6.68986,4.304547
4480,Port Harcourt Farm Site 4480,farm,45224 Haley Cape Apt. 806,Port Harcourt,NG,10.302935,21.42021
4481,Benin City Farm Site 4481,farm,247 Samantha Light Suite 651,Benin City,NG,10.723462,22.049901
4482,Kano Farm Site 4482,farm,63394 Gomez Falls Suite 391,Kano,NG,8.140229,26.267289
4483,Enugu Farm Site 4483,farm,50190 William Village,Enugu,NG,7.64092,8.863874
4484,Port Harcourt Farm Site 4484,farm,047 Cynthia Ville Suite 784,Port Harcourt,NG,5.152575,35.075504
4485,Benin City Farm Site 4485,farm,39136 Duarte Flat,Benin City,NG,12.186414,5.910612
4486,Ibadan Farm Site 4486,farm,4175 Joshua Shore,Ibadan,NG,12.372182,18.763433
4487,Ibadan Farm Site 4487,farm,96759 Palmer Hill,Ibadan,NG,8.843921,1.163278
4488,Ibadan Farm Site 4488,farm,0560 Smith Crossroad,Ibadan,NG,8.122257,14.769332
4489,Abuja Farm Site 4489,farm,997 Mark Meadows,Abuja,NG,12.012082,21.866086
4490,Ibadan Farm Site 4490,farm,518 Henderson Bypass,Ibadan,NG,12.211697,9.75648
4491,Abuja Farm Site 4491,farm,8648 White Crossroad,Abuja,NG,6.315187,28.918704
4492,Enugu Farm Site 4492,farm,6917 Dorsey Trafficway Apt. 522,Enugu,NG,11.707471,3.04887
4493,Lagos Farm Site 4493,farm,4000 Michael Ridge,Lagos,NG,4.648743,6.671157
4494,Nairobi Farm Site 4494,farm,9490 Edwards Camp,Nairobi,KE,5.86799,34.400339
4495,Accra Farm Site 4495,farm,806 Monica Prairie Suite 264,Accra,GH,12.650337,3.089814
4496,Uyo Farm Site 4496,farm,404 Amanda Villages,Uyo,NG,8.599915,3.200197
4497,Kano Farm Site 4497,farm,2625 Ford Park Suite 679,Kano,NG,11.419122,40.894737
4498,Benin City Farm Site 4498,farm,514 Joseph Drives,Benin City,NG,9.024234,33.915189
4499,Ibadan Farm Site 4499,farm,5508 Estrada Lodge Suite 729,Ibadan,NG,12.262386,33.076789
4500,Tamale Farm Site 4500,farm,4631 Sheila Creek Apt. 125,Tamale,GH,7.684488,29.41852
4501,Nairobi Farm Site 4501,farm,24267 Alexis Stream Apt. 071,Nairobi,KE,4.982961,16.698221
4502,Benin City Farm Site 4502,farm,4485 White Squares Suite 717,Benin City,NG,5.920366,26.474433
4503,Takoradi Farm Site 4503,farm,37461 Evans Streets Apt. 321,Takoradi,GH,12.64903,11.666056
4504,Ibadan Farm Site 4504,farm,31909 Miguel Stream,Ibadan,NG,7.0597,17.070017
4505,Tamale Farm Site 4505,farm,372 Maria Meadow,Tamale,GH,8.127521,36.862337
4506,Kumasi Farm Site 4506,farm,999 Colleen Brooks Suite 665,Kumasi,GH,11.857757,28.919656
4507,Abuja Farm Site 4507,farm,849 Janet Junction Suite 645,Abuja,NG,6.7386,25.599539
4508,Kumasi Farm Site 4508,farm,5562 Miller Mountain,Kumasi,GH,4.505331,18.143918
4509,Kisumu Farm Site 4509,farm,578 Pitts Ridges Apt. 774,Kisumu,KE,10.509786,5.676584
4510,Takoradi Farm Site 4510,farm,28506 Tucker Centers,Takoradi,GH,5.585564,-0.4387
4511,Kano Farm Site 4511,farm,2902 Elizabeth Court,Kano,NG,4.451818,31.29651
4512,Ibadan Farm Site 4512,farm,405 Small Village,Ibadan,NG,9.35535,14.182054
4513,Lagos Farm Site 4513,farm,4570 Bailey Expressway,Lagos,NG,7.276419,-2.939476
4514,Accra Farm Site 4514,farm,741 Mitchell Place Suite 577,Accra,GH,11.386699,36.610779
4515,Enugu Farm Site 4515,farm,34457 Kenneth Crossroad,Enugu,NG,7.763873,32.052553
4516,Takoradi Farm Site 4516,farm,726 Riddle Hill Suite 724,Takoradi,GH,11.553811,25.678262
4517,Takoradi Farm Site 4517,farm,84747 Peter Dale,Takoradi,GH,11.098971,0.189697
4518,Port Harcourt Farm Site 4518,farm,08767 Darlene Lights Suite 223,Port Harcourt,NG,8.698194,1.506229
4519,Ibadan Farm Site 4519,farm,53055 Elizabeth Overpass Suite 875,Ibadan,NG,12.982988,0.23044
4520,Enugu Farm Site 4520,farm,468 Green Inlet Apt. 992,Enugu,NG,12.900182,9.525842
4521,Accra Farm Site 4521,farm,34460 Campbell Ridge,Accra,GH,6.479167,30.94752
4522,Benin City Farm Site 4522,farm,582 Torres Manors,Benin City,NG,10.079716,40.964329
4523,Abuja Farm Site 4523,farm,7200 Haley Freeway Suite 729,Abuja,NG,5.84227,23.530409
4524,Takoradi Farm Site 4524,farm,153 Ian Creek Suite 029,Takoradi,GH,5.266554,34.350013
4525,Enugu Farm Site 4525,farm,2928 Kevin Lake Suite 473,Enugu,NG,12.042371,35.183
4526,Accra Farm Site 4526,farm,5116 Jeffery Via,Accra,GH,11.584078,6.740999
4527,Ibadan Farm Site 4527,farm,87190 Bonnie Knolls Suite 575,Ibadan,NG,8.998749,4.862936
4528,Abuja Farm Site 4528,farm,9911 Sylvia River,Abuja,NG,11.903984,-1.100963
4529,Lagos Farm Site 4529,farm,95892 Patterson Spring Suite 450,Lagos,NG,6.099448,18.739253
4530,Kumasi Farm Site 4530,farm,295 Karla Landing Suite 725,Kumasi,GH,12.849713,5.664925
4531,Lagos Farm Site 4531,farm,323 Price Isle,Lagos,NG,13.38221,10.358348
4532,Lagos Farm Site 4532,farm,958 Jenna Flats,Lagos,NG,6.970826,14.211152
4533,Kano Farm Site 4533,farm,15608 Pennington Prairie Apt. 493,Kano,NG,10.277995,-2.534386
4534,Benin City Farm Site 4534,farm,973 Ronald Ranch,Benin City,NG,12.818398,39.022827
4535,Benin City Farm Site 4535,farm,43350 Powell Heights,Benin City,NG,4.461541,9.60106
4536,Ibadan Farm Site 4536,farm,86151 Kelly Run,Ibadan,NG,13.403993,33.875361
4537,Kumasi Farm Site 4537,farm,26576 Reilly Dam,Kumasi,GH,11.825437,33.99113
4538,Enugu Farm Site 4538,farm,3477 Fitzgerald Knolls,Enugu,NG,7.172238,-1.639928
4539,Kano Farm Site 4539,farm,46275 William Crescent Apt. 965,Kano,NG,4.87985,25.259576
4540,Kisumu Farm Site 4540,farm,161 Trujillo Stream,Kisumu,KE,6.876904,12.672932
4541,Tamale Farm Site 4541,farm,27699 Lucas Crest,Tamale,GH,12.57364,14.235756
4542,Benin City Farm Site 4542,farm,88751 Thompson Summit Apt. 483,Benin City,NG,8.334024,27.88004
4543,Nakuru Farm Site 4543,farm,947 Cesar Terrace Apt. 406,Nakuru,KE,7.049791,25.929278
4544,Abuja Farm Site 4544,farm,843 Mark Via,Abuja,NG,4.357352,11.578233
4545,Benin City Farm Site 4545,farm,72354 Turner Square Suite 094,Benin City,NG,6.218616,36.796247
4546,Takoradi Farm Site 4546,farm,6909 King Isle Apt. 491,Takoradi,GH,7.287347,10.452169
4547,Mombasa Farm Site 4547,farm,737 Michael Grove,Mombasa,KE,5.324658,-1.736754
4548,Uyo Farm Site 4548,farm,0656 Madeline Street,Uyo,NG,9.458672,17.711717
4549,Enugu Farm Site 4549,farm,98722 Jeffrey Divide Suite 989,Enugu,NG,10.057847,21.296416
4550,Benin City Farm Site 4550,farm,1876 Joshua Street,Benin City,NG,9.43775,28.034697
4551,Enugu Farm Site 4551,farm,444 Moreno Ports Suite 561,Enugu,NG,8.460692,22.920565
4552,Uyo Farm Site 4552,farm,3470 Price Track Apt. 791,Uyo,NG,5.889701,34.904917
4553,Nairobi Farm Site 4553,farm,307 Hanna Streets,Nairobi,KE,13.125218,40.712574
4554,Lagos Farm Site 4554,farm,1669 Miller Mountain Suite 972,Lagos,NG,5.120358,25.139201
4555,Accra Farm Site 4555,farm,30975 Brown Pines Suite 979,Accra,GH,4.820693,-3.45411
4556,Port Harcourt Farm Site 4556,farm,299 David Lodge,Port Harcourt,NG,9.386411,2.532051
4557,Port Harcourt Farm Site 4557,farm,101 Jennifer Springs,Port Harcourt,NG,12.49487,19.506614
4558,Takoradi Farm Site 4558,farm,4588 Bailey Mission,Takoradi,GH,7.4294,8.023767
4559,Takoradi Farm Site 4559,farm,3163 Daniel Turnpike Apt. 692,Takoradi,GH,11.393689,9.580734
4560,Ibadan Farm Site 4560,farm,239 Anne Spring Suite 276,Ibadan,NG,11.986273,20.598204
4561,Enugu Farm Site 4561,farm,9171 Turner Islands,Enugu,NG,4.924884,-1.712993
4562,Enugu Farm Site 4562,farm,018 Cynthia Manors,Enugu,NG,10.258281,28.766405
4563,Accra Farm Site 4563,farm,14694 Middleton Trail Suite 295,Accra,GH,9.122889,-3.416422
4564,Benin City Farm Site 4564,farm,26958 Barr Lake,Benin City,NG,8.61356,22.269536
4565,Port Harcourt Farm Site 4565,farm,717 Lee Plain,Port Harcourt,NG,13.269136,34.116354
4566,Benin City Farm Site 4566,farm,161 Dorsey Mountains,Benin City,NG,4.245776,27.228979
4567,Lagos Farm Site 4567,farm,3830 Martinez Knolls,Lagos,NG,5.531906,35.439383
4568,Kumasi Farm Site 4568,farm,814 Parker Canyon Suite 606,Kumasi,GH,5.82526,38.847545
4569,Ibadan Farm Site 4569,farm,83300 Mann Fields Apt. 677,Ibadan,NG,4.498233,19.885539
4570,Ibadan Farm Site 4570,farm,494 Baldwin Neck Apt. 491,Ibadan,NG,5.113409,19.327324
4571,Abuja Farm Site 4571,farm,345 Patricia Court,Abuja,NG,8.435012,15.89534
4572,Abuja Farm Site 4572,farm,8787 Amanda Port,Abuja,NG,8.454579,15.080426
4573,Kisumu Farm Site 4573,farm,9521 Kevin Branch,Kisumu,KE,10.863953,37.5945
4574,Nairobi Farm Site 4574,farm,285 Snyder Corners Suite 403,Nairobi,KE,10.650993,10.288031
4575,Port Harcourt Farm Site 4575,farm,81052 Dustin Ridge Suite 085,Port Harcourt,NG,11.938066,0.58846
4576,Port Harcourt Farm Site 4576,farm,712 Lauren Parks Apt. 810,Port Harcourt,NG,11.237682,9.54772
4577,Tamale Farm Site 4577,farm,550 Jackson Wells Suite 509,Tamale,GH,11.554554,-1.615612
4578,Mombasa Farm Site 4578,farm,40223 Amy Plaza,Mombasa,KE,9.055468,12.779142
4579,Ibadan Farm Site 4579,farm,35712 Rodriguez Keys Suite 286,Ibadan,NG,7.12958,19.078519
4580,Accra Farm Site 4580,farm,41167 Ross Overpass Apt. 030,Accra,GH,9.851472,11.20353
4581,Enugu Farm Site 4581,farm,2440 Melissa Path Apt. 876,Enugu,NG,4.371238,13.719897
4582,Uyo Farm Site 4582,farm,558 Kyle Manors Suite 843,Uyo,NG,6.731036,26.541303
4583,Kumasi Farm Site 4583,farm,384 Olson Ports Suite 811,Kumasi,GH,9.258146,1.554385
4584,Kano Farm Site 4584,farm,5206 Samuel Dale,Kano,NG,11.685711,0.661312
4585,Kisumu Farm Site 4585,farm,673 Veronica Locks,Kisumu,KE,12.763195,33.143898
4586,Benin City Farm Site 4586,farm,8307 Ryan Square Suite 441,Benin City,NG,8.718293,14.649849
4587,Kano Farm Site 4587,farm,297 Grant Creek,Kano,NG,10.794113,28.131244
4588,Kumasi Farm Site 4588,farm,49027 White Knoll,Kumasi,GH,12.998801,29.196027
4589,Ibadan Farm Site 4589,farm,829 Romero Terrace,Ibadan,NG,8.645826,29.717454
4590,Port Harcourt Farm Site 4590,farm,630 Katie Keys,Port Harcourt,NG,7.901352,7.269235
4591,Uyo Farm Site 4591,farm,517 Williams Springs,Uyo,NG,6.524754,-1.117892
4592,Nairobi Farm Site 4592,farm,078 Estrada Greens,Nairobi,KE,10.527865,19.007236
4593,Port Harcourt Farm Site 4593,farm,83965 Contreras Vista,Port Harcourt,NG,4.649068,-3.421382
4594,Uyo Farm Site 4594,farm,98937 Benson Turnpike Suite 662,Uyo,NG,8.724355,38.261822
4595,Accra Farm Site 4595,farm,6451 Lee Locks,Accra,GH,5.417213,39.527597
4596,Uyo Farm Site 4596,farm,19602 Courtney Turnpike Suite 727,Uyo,NG,4.768957,26.856834
4597,Enugu Farm Site 4597,farm,1146 Robert View Apt. 023,Enugu,NG,5.944012,7.773463
4598,Accra Farm Site 4598,farm,284 Griffith Ford Apt. 733,Accra,GH,4.790133,1.875054
4599,Nairobi Farm Site 4599,farm,611 Wilson Bypass Apt. 663,Nairobi,KE,7.840787,18.343562
4600,Takoradi Farm Site 4600,farm,671 Howell Valleys Suite 909,Takoradi,GH,12.077012,22.850854
4601,Abuja Farm Site 4601,farm,6241 Raymond Squares Apt. 035,Abuja,NG,11.007571,36.173346
4602,Ibadan Farm Site 4602,farm,71384 Susan River Suite 448,Ibadan,NG,6.632587,39.772765
4603,Lagos Farm Site 4603,farm,17572 Cindy Court,Lagos,NG,11.976333,21.564355
4604,Nakuru Farm Site 4604,farm,255 Harris Prairie,Nakuru,KE,4.097835,9.791576
4605,Ibadan Farm Site 4605,farm,62381 Young Fords,Ibadan,NG,8.716433,7.847466
4606,Nairobi Farm Site 4606,farm,78927 Hall Spurs,Nairobi,KE,7.974721,15.67094
4607,Uyo Farm Site 4607,farm,30189 Richard Trafficway Suite 216,Uyo,NG,12.508015,38.028535
4608,Benin City Farm Site 4608,farm,5906 Griffin Tunnel,Benin City,NG,5.287919,0.535454
4609,Abuja Farm Site 4609,farm,861 Donald Villages,Abuja,NG,6.975876,33.487376
4610,Kano Farm Site 4610,farm,569 David Mountain,Kano,NG,6.865349,8.645829
4611,Port Harcourt Farm Site 4611,farm,0544 Stephen Parks Apt. 169,Port Harcourt,NG,13.366681,40.349588
4612,Kano Farm Site 4612,farm,51386 Kline Club,Kano,NG,5.10739,29.73037
4613,Abuja Farm Site 4613,farm,727 Miranda Burg,Abuja,NG,11.425045,10.769004
4614,Abuja Farm Site 4614,farm,2815 Debra Row,Abuja,NG,5.265402,31.241426
4615,Tamale Farm Site 4615,farm,677 Brandi Turnpike,Tamale,GH,5.766831,40.551829
4616,Tamale Farm Site 4616,farm,478 Wilson Groves Apt. 520,Tamale,GH,7.457882,27.079565
4617,Takoradi Farm Site 4617,farm,936 Joseph Wall,Takoradi,GH,4.762126,14.907765
4618,Accra Farm Site 4618,farm,1224 Angela Forge Suite 470,Accra,GH,5.356491,36.163388
4619,Uyo Farm Site 4619,farm,69831 Torres Prairie Apt. 366,Uyo,NG,8.125293,3.903854
4620,Enugu Farm Site 4620,farm,6771 Jennifer Dam,Enugu,NG,12.913534,0.879906
4621,Enugu Farm Site 4621,farm,1575 Cook Road,Enugu,NG,8.047207,34.330028
4622,Takoradi Farm Site 4622,farm,5757 Mcpherson Center Suite 852,Takoradi,GH,4.356493,1.898598
4623,Nakuru Farm Site 4623,farm,0965 Jones Springs Suite 650,Nakuru,KE,12.552409,31.089786
4624,Kisumu Farm Site 4624,farm,48914 Mary Roads Apt. 448,Kisumu,KE,4.691422,17.777814
4625,Abuja Farm Site 4625,farm,000 Thomas Ports Suite 245,Abuja,NG,5.036415,0.384872
4626,Kisumu Farm Site 4626,farm,94649 Rollins Garden,Kisumu,KE,12.18896,4.44082
4627,Nakuru Farm Site 4627,farm,0148 Larson Mountains Apt. 665,Nakuru,KE,7.938854,28.382667
4628,Benin City Farm Site 4628,farm,285 Steven Mountains Apt. 257,Benin City,NG,6.115125,28.295529
4629,Benin City Farm Site 4629,farm,3150 Douglas Plains,Benin City,NG,9.720944,36.887922
4630,Accra Farm Site 4630,farm,3931 David Prairie,Accra,GH,13.250359,30.224935
4631,Lagos Farm Site 4631,farm,04952 Teresa Locks,Lagos,NG,9.547466,11.259201
4632,Takoradi Farm Site 4632,farm,525 Rose Lodge,Takoradi,GH,6.591539,21.816123
4633,Ibadan Farm Site 4633,farm,10526 Lam Road Apt. 637,Ibadan,NG,9.37147,1.192141
4634,Benin City Farm Site 4634,farm,0440 Melissa Loaf,Benin City,NG,8.19808,1.455334
4635,Kano Farm Site 4635,farm,01359 Timothy Lake Suite 454,Kano,NG,5.267424,32.756525
4636,Tamale Farm Site 4636,farm,488 Angela Island Apt. 422,Tamale,GH,8.860596,26.350141
4637,Port Harcourt Farm Site 4637,farm,1260 Robert Rapid Apt. 173,Port Harcourt,NG,8.78892,38.458443
4638,Port Harcourt Farm Site 4638,farm,922 Matthew Fork,Port Harcourt,NG,7.583443,11.265013
4639,Abuja Farm Site 4639,farm,84318 Sandra Circles,Abuja,NG,12.507491,37.312394
4640,Lagos Farm Site 4640,farm,2817 Swanson Village,Lagos,NG,9.427104,3.498615
4641,Kumasi Farm Site 4641,farm,51554 Davis Turnpike,Kumasi,GH,12.480769,27.48995
4642,Kano Farm Site 4642,farm,024 Jamie Ways,Kano,NG,6.061343,36.388713
4643,Abuja Farm Site 4643,farm,0707 Maria Ramp Suite 612,Abuja,NG,12.607915,34.160906
4644,Accra Farm Site 4644,farm,70423 Amanda Roads,Accra,GH,7.225767,40.195944
4645,Kumasi Farm Site 4645,farm,3400 Meyer Freeway,Kumasi,GH,13.129836,32.758529
4646,Benin City Farm Site 4646,farm,24168 Grant Curve,Benin City,NG,8.85504,5.454298
4647,Enugu Farm Site 4647,farm,136 Jackson Circle Suite 284,Enugu,NG,11.546641,18.143338
4648,Kano Farm Site 4648,farm,7997 Bentley Lane,Kano,NG,6.631702,2.166126
4649,Nairobi Farm Site 4649,farm,527 Christopher Extensions,Nairobi,KE,4.525187,8.712305
4650,Tamale Farm Site 4650,farm,91322 Sanders Stravenue Suite 235,Tamale,GH,7.833398,12.980771
4651,Enugu Farm Site 4651,farm,477 Dawn Highway Suite 117,Enugu,NG,13.058061,17.847004
4652,Tamale Farm Site 4652,farm,4665 Garcia Isle Suite 773,Tamale,GH,4.819989,34.406254
4653,Takoradi Farm Site 4653,farm,2958 Garcia Fork,Takoradi,GH,10.880644,13.653746
4654,Uyo Farm Site 4654,farm,8890 Amanda Manor,Uyo,NG,7.165989,2.970656
4655,Enugu Farm Site 4655,farm,88365 Robert Row Apt. 842,Enugu,NG,4.390513,21.851355
4656,Port Harcourt Farm Site 4656,farm,289 Paul Vista Apt. 769,Port Harcourt,NG,9.070148,20.856637
4657,Lagos Farm Site 4657,farm,673 Shaw Common,Lagos,NG,10.833384,30.635439
4658,Accra Farm Site 4658,farm,17035 Holland Keys Apt. 731,Accra,GH,5.958594,0.098118
4659,Ibadan Farm Site 4659,farm,175 Elizabeth Trail,Ibadan,NG,6.942688,8.578283
4660,Benin City Farm Site 4660,farm,4967 Prince Dam Suite 421,Benin City,NG,10.873982,6.506746
4661,Tamale Farm Site 4661,farm,2633 Scott Shoal Suite 416,Tamale,GH,11.934302,-1.197698
4662,Mombasa Farm Site 4662,farm,85692 Nancy Rapid Apt. 354,Mombasa,KE,5.404349,17.967858
4663,Nakuru Farm Site 4663,farm,7149 Laura Spring,Nakuru,KE,9.634705,30.683843
4664,Abuja Farm Site 4664,farm,22550 Sarah Crescent Apt. 809,Abuja,NG,9.891722,1.292592
4665,Abuja Farm Site 4665,farm,8708 Gardner Stravenue Suite 574,Abuja,NG,11.079178,1.530327
4666,Abuja Farm Site 4666,farm,5092 Mcgee Causeway,Abuja,NG,12.979615,33.571027
4667,Abuja Farm Site 4667,farm,54667 Steven Motorway Suite 597,Abuja,NG,11.885657,20.095947
4668,Kano Farm Site 4668,farm,1492 George Lodge Suite 069,Kano,NG,10.479248,1.782197
4669,Abuja Farm Site 4669,farm,56958 Craig Rapids Suite 451,Abuja,NG,5.520286,-2.668768
4670,Enugu Farm Site 4670,farm,56759 David Fords Suite 106,Enugu,NG,10.582267,12.939646
4671,Kano Farm Site 4671,farm,00903 Lisa River Apt. 958,Kano,NG,7.662338,-0.918226
4672,Port Harcourt Farm Site 4672,farm,370 Justin Pine Suite 631,Port Harcourt,NG,6.75885,10.481379
4673,Ibadan Farm Site 4673,farm,779 Juan Spring,Ibadan,NG,7.324774,17.430019
4674,Enugu Farm Site 4674,farm,6366 Harris Hollow Apt. 498,Enugu,NG,10.230648,5.193402
4675,Tamale Farm Site 4675,farm,87787 Davis Plains Apt. 741,Tamale,GH,11.963336,37.247557
4676,Nairobi Farm Site 4676,farm,092 Joseph Rue,Nairobi,KE,9.169228,2.635776
4677,Nairobi Farm Site 4677,farm,807 Turner Roads Suite 124,Nairobi,KE,7.35509,16.670585
4678,Benin City Farm Site 4678,farm,29437 Jones Mountains Suite 054,Benin City,NG,11.27005,5.940264
4679,Ibadan Farm Site 4679,farm,291 Buck Shore,Ibadan,NG,7.530582,30.444282
4680,Benin City Farm Site 4680,farm,794 Diane Cliffs Suite 386,Benin City,NG,5.39125,34.394624
4681,Port Harcourt Farm Site 4681,farm,809 Dawn Forks Suite 423,Port Harcourt,NG,6.831092,23.346926
4682,Tamale Farm Site 4682,farm,923 Jordan Coves,Tamale,GH,9.914267,22.090029
4683,Lagos Farm Site 4683,farm,84185 Oconnell Gardens Suite 283,Lagos,NG,11.387289,38.506411
4684,Enugu Farm Site 4684,farm,8015 Robinson Drive,Enugu,NG,5.077257,23.255201
4685,Uyo Farm Site 4685,farm,0019 Wright Summit,Uyo,NG,11.447305,38.159193
4686,Enugu Farm Site 4686,farm,364 Anna Circles,Enugu,NG,13.10368,34.820694
4687,Enugu Farm Site 4687,farm,24987 Herrera Villages Apt. 129,Enugu,NG,4.234504,20.762592
4688,Tamale Farm Site 4688,farm,801 Ronald Inlet,Tamale,GH,7.227706,4.803995
4689,Takoradi Farm Site 4689,farm,1665 Rachel Lakes,Takoradi,GH,13.077965,16.715495
4690,Nairobi Farm Site 4690,farm,48957 Luna Circle Apt. 566,Nairobi,KE,7.686643,22.610028
4691,Lagos Farm Site 4691,farm,258 Thomas Unions Suite 496,Lagos,NG,6.106319,15.403669
4692,Port Harcourt Farm Site 4692,farm,50901 Frederick Street,Port Harcourt,NG,10.125187,-0.344253
4693,Enugu Farm Site 4693,farm,90984 Cynthia Club Apt. 542,Enugu,NG,9.553896,7.178473
4694,Nakuru Farm Site 4694,farm,18686 Wilson Cove,Nakuru,KE,5.982791,39.18507
4695,Kumasi Farm Site 4695,farm,68852 Leslie Trace Suite 973,Kumasi,GH,4.514705,24.295307
4696,Uyo Farm Site 4696,farm,47126 Daniel Isle,Uyo,NG,5.589976,6.773431
4697,Abuja Farm Site 4697,farm,01038 Berger Glens Apt. 658,Abuja,NG,5.108045,36.119716
4698,Takoradi Farm Site 4698,farm,187 Julie Plains Apt. 399,Takoradi,GH,9.451184,11.511889
4699,Enugu Farm Site 4699,farm,771 Diana Mills,Enugu,NG,7.781496,18.709255
4700,Tamale Farm Site 4700,farm,7748 Thomas Point,Tamale,GH,12.027509,37.736323
4701,Accra Farm Site 4701,farm,897 Chandler Loop Apt. 611,Accra,GH,6.008746,28.601084
4702,Takoradi Farm Site 4702,farm,358 Walsh Oval,Takoradi,GH,9.107347,22.489863
4703,Mombasa Farm Site 4703,farm,973 Heidi Centers Suite 444,Mombasa,KE,8.142024,6.44426
4704,Lagos Farm Site 4704,farm,55206 John Rapid,Lagos,NG,7.095899,18.068227
4705,Port Harcourt Farm Site 4705,farm,63762 Vazquez Rue Suite 406,Port Harcourt,NG,9.647384,38.899197
4706,Abuja Farm Site 4706,farm,33813 Garza Canyon Apt. 199,Abuja,NG,7.317572,32.034231
4707,Abuja Farm Site 4707,farm,528 Francis Street,Abuja,NG,11.880968,38.88217
4708,Enugu Farm Site 4708,farm,99063 Gonzalez Ways Apt. 818,Enugu,NG,6.294351,14.994222
4709,Abuja Farm Site 4709,farm,1140 Michael Ferry Suite 553,Abuja,NG,11.379394,2.520952
4710,Kano Farm Site 4710,farm,4463 Lee Pass,Kano,NG,9.853974,1.295973
4711,Kisumu Farm Site 4711,farm,538 Andrea Isle Apt. 374,Kisumu,KE,5.507857,8.15012
4712,Lagos Farm Site 4712,farm,9990 Curry Walk,Lagos,NG,11.221006,40.305672
4713,Lagos Farm Site 4713,farm,77258 Sparks Isle,Lagos,NG,7.760954,-3.118029
4714,Abuja Farm Site 4714,farm,4405 Shirley Throughway,Abuja,NG,9.62233,20.418904
4715,Benin City Farm Site 4715,farm,27960 Joshua Estates,Benin City,NG,7.825624,35.221417
4716,Takoradi Farm Site 4716,farm,48097 Nancy Crossing,Takoradi,GH,13.034224,40.398443
4717,Uyo Farm Site 4717,farm,03187 Clark Common Apt. 242,Uyo,NG,12.153977,18.754347
4718,Lagos Farm Site 4718,farm,73936 Peters Mews Suite 461,Lagos,NG,7.673719,5.050149
4719,Tamale Farm Site 4719,farm,71281 Manning Springs Suite 712,Tamale,GH,13.18598,17.217228
4720,Takoradi Farm Site 4720,farm,308 Adrian Trail,Takoradi,GH,12.479094,11.71677
4721,Uyo Farm Site 4721,farm,7410 Barrett Stravenue,Uyo,NG,11.359733,12.165112
4722,Kumasi Farm Site 4722,farm,03109 Weiss Fort,Kumasi,GH,8.888053,30.068734
4723,Nakuru Farm Site 4723,farm,58020 Lori Green Suite 170,Nakuru,KE,9.17933,33.702513
4724,Enugu Farm Site 4724,farm,112 Louis Islands Suite 157,Enugu,NG,12.289111,6.236729
4725,Abuja Farm Site 4725,farm,826 Casey Stream,Abuja,NG,12.788837,12.020865
4726,Accra Farm Site 4726,farm,52256 Mitchell Mill Apt. 922,Accra,GH,11.429254,26.440538
4727,Kumasi Farm Site 4727,farm,96999 John Fields Apt. 176,Kumasi,GH,10.191245,40.141421
4728,Mombasa Farm Site 4728,farm,876 Edwin Burgs,Mombasa,KE,8.995653,30.239959
4729,Benin City Farm Site 4729,farm,8533 Craig Land,Benin City,NG,10.662685,14.354115
4730,Uyo Farm Site 4730,farm,40082 Lynn Parkway Suite 805,Uyo,NG,4.092962,36.126017
4731,Tamale Farm Site 4731,farm,5534 Thomas Course,Tamale,GH,10.437616,38.085277
4732,Lagos Farm Site 4732,farm,387 Lucas Trail Apt. 806,Lagos,NG,13.082995,40.333453
4733,Abuja Farm Site 4733,farm,57072 Steven Spring,Abuja,NG,10.061207,23.587928
4734,Kano Farm Site 4734,farm,41070 Benjamin Locks Suite 669,Kano,NG,11.662589,-2.370189
4735,Enugu Farm Site 4735,farm,396 Rogers Trail,Enugu,NG,9.257671,2.912378
4736,Abuja Farm Site 4736,farm,86664 Dennis Expressway,Abuja,NG,4.431549,35.030338
4737,Takoradi Farm Site 4737,farm,4354 Erik Orchard,Takoradi,GH,10.613827,3.13999
4738,Kumasi Farm Site 4738,farm,4977 Amber Village,Kumasi,GH,9.538263,37.030369
4739,Lagos Farm Site 4739,farm,4055 Gonzalez Oval,Lagos,NG,12.8872,4.652179
4740,Tamale Farm Site 4740,farm,1440 Reed Mountains,Tamale,GH,4.644531,21.91204
4741,Enugu Farm Site 4741,farm,726 Green Trafficway Apt. 447,Enugu,NG,10.194191,2.76718
4742,Enugu Farm Site 4742,farm,3231 Guerrero Rapid,Enugu,NG,7.127541,3.243152
4743,Port Harcourt Farm Site 4743,farm,732 Alexander Prairie Suite 521,Port Harcourt,NG,10.562614,15.15297
4744,Ibadan Farm Site 4744,farm,6135 Kevin Club,Ibadan,NG,8.167362,5.092473
4745,Takoradi Farm Site 4745,farm,832 Sexton Spur,Takoradi,GH,8.954694,26.365031
4746,Enugu Farm Site 4746,farm,05314 Mark Mills,Enugu,NG,6.107954,19.127427
4747,Enugu Farm Site 4747,farm,94420 Jacqueline Overpass Suite 056,Enugu,NG,4.164535,2.716303
4748,Enugu Farm Site 4748,farm,51881 Contreras Harbor Suite 630,Enugu,NG,10.848832,10.135749
4749,Takoradi Farm Site 4749,farm,1315 Kirk Plaza,Takoradi,GH,5.059236,14.375191
4750,Enugu Farm Site 4750,farm,69640 Christina Way Apt. 799,Enugu,NG,5.929095,0.891504
4751,Kumasi Farm Site 4751,farm,82337 Robert Squares,Kumasi,GH,6.240673,31.458993
4752,Abuja Farm Site 4752,farm,611 Jasmine Plains,Abuja,NG,13.33855,14.072274
4753,Lagos Farm Site 4753,farm,243 Annette Lodge Suite 678,Lagos,NG,9.328645,-0.467745
4754,Enugu Farm Site 4754,farm,798 Martin Green,Enugu,NG,9.707309,30.085564
4755,Kano Farm Site 4755,farm,14944 Hall Lock,Kano,NG,10.307693,23.375734
4756,Lagos Farm Site 4756,farm,739 Sean Wall Suite 258,Lagos,NG,12.715607,33.107
4757,Uyo Farm Site 4757,farm,56842 Steven Radial,Uyo,NG,7.317483,39.415465
4758,Mombasa Farm Site 4758,farm,685 Stevenson Wall,Mombasa,KE,5.166666,17.204725
4759,Abuja Farm Site 4759,farm,340 Rivera Trail,Abuja,NG,10.311095,9.04772
4760,Kano Farm Site 4760,farm,217 Ross Shores,Kano,NG,12.461835,-2.707187
4761,Kano Farm Site 4761,farm,728 Mullen Green,Kano,NG,7.019276,-2.799842
4762,Uyo Farm Site 4762,farm,4670 Alejandro Rest,Uyo,NG,9.964174,22.22156
4763,Kisumu Farm Site 4763,farm,76485 Laura Valleys,Kisumu,KE,8.78812,29.770076
4764,Tamale Farm Site 4764,farm,3548 Wallace Valley Suite 600,Tamale,GH,5.142559,7.71372
4765,Benin City Farm Site 4765,farm,5407 Amanda Bridge Suite 209,Benin City,NG,4.01666,5.314072
4766,Takoradi Farm Site 4766,farm,91074 Kerri Path,Takoradi,GH,7.663338,9.220285
4767,Tamale Farm Site 4767,farm,514 Heather Terrace,Tamale,GH,5.312276,38.53609
4768,Uyo Farm Site 4768,farm,19849 Daniel Greens,Uyo,NG,9.547525,20.88585
4769,Lagos Farm Site 4769,farm,52194 Ashley Parkways,Lagos,NG,5.887542,34.418679
4770,Accra Farm Site 4770,farm,191 Harris Drive,Accra,GH,10.667335,16.827901
4771,Enugu Farm Site 4771,farm,74807 Hebert Route Apt. 964,Enugu,NG,5.578068,4.250077
4772,Kano Farm Site 4772,farm,2529 Michael Glen Suite 936,Kano,NG,8.882203,36.00425
4773,Port Harcourt Farm Site 4773,farm,2546 John Prairie,Port Harcourt,NG,7.179758,38.993829
4774,Tamale Farm Site 4774,farm,730 Jose Valleys Apt. 022,Tamale,GH,6.932732,5.559995
4775,Abuja Farm Site 4775,farm,4524 Nancy Mews Apt. 292,Abuja,NG,8.437633,25.886187
4776,Uyo Farm Site 4776,farm,676 Burns Park,Uyo,NG,6.196638,-2.922713
4777,Kano Farm Site 4777,farm,553 Crawford Freeway,Kano,NG,10.166516,8.546454
4778,Abuja Farm Site 4778,farm,5595 Christopher Prairie,Abuja,NG,4.856206,-1.390844
4779,Tamale Farm Site 4779,farm,25033 Butler Mill,Tamale,GH,7.76514,15.256299
4780,Nakuru Farm Site 4780,farm,334 William Expressway,Nakuru,KE,10.361976,27.122123
4781,Enugu Farm Site 4781,farm,06127 Danielle Streets Apt. 454,Enugu,NG,8.771953,23.664222
4782,Ibadan Farm Site 4782,farm,8912 Levy Terrace,Ibadan,NG,5.260346,26.611473
4783,Benin City Farm Site 4783,farm,24579 Amy Ports Apt. 633,Benin City,NG,12.063174,10.244222
4784,Port Harcourt Farm Site 4784,farm,56864 William Groves,Port Harcourt,NG,9.555086,-1.663384
4785,Nakuru Farm Site 4785,farm,186 Johnson Mills Suite 476,Nakuru,KE,7.639673,9.409611
4786,Benin City Farm Site 4786,farm,926 Joseph Union,Benin City,NG,12.88901,9.844369
4787,Kano Farm Site 4787,farm,84780 Allen Springs Suite 378,Kano,NG,9.579546,17.787947
4788,Abuja Farm Site 4788,farm,9959 Sanchez Way Suite 888,Abuja,NG,5.979394,38.745681
4789,Accra Farm Site 4789,farm,30612 Philip Springs Suite 369,Accra,GH,11.529271,35.537721
4790,Enugu Farm Site 4790,farm,9577 Karen Spurs,Enugu,NG,5.796688,10.972265
4791,Accra Farm Site 4791,farm,6742 Reeves Ville,Accra,GH,5.948702,9.893031
4792,Uyo Farm Site 4792,farm,057 Kelly Extensions Apt. 797,Uyo,NG,5.428791,23.0149
4793,Enugu Farm Site 4793,farm,59515 Rodriguez Spurs,Enugu,NG,11.573947,19.510522
4794,Enugu Farm Site 4794,farm,72695 Wells Haven,Enugu,NG,13.085936,30.603935
4795,Abuja Farm Site 4795,farm,6368 Margaret Wells Apt. 172,Abuja,NG,7.161717,2.775286
4796,Abuja Farm Site 4796,farm,0649 Johnson Summit Apt. 722,Abuja,NG,13.254661,14.999983
4797,Ibadan Farm Site 4797,farm,517 Dakota Fords Apt. 101,Ibadan,NG,4.591167,35.978398
4798,Kumasi Farm Site 4798,farm,513 Andrew Square Suite 378,Kumasi,GH,5.47054,13.592115
4799,Kisumu Farm Site 4799,farm,57104 Henry Passage,Kisumu,KE,12.334329,-1.610334
4800,Port Harcourt Farm Site 4800,farm,87026 Russo Port Suite 887,Port Harcourt,NG,7.908632,7.094058
4801,Port Harcourt Farm Site 4801,farm,474 Robinson Route,Port Harcourt,NG,4.809275,4.487965
4802,Uyo Farm Site 4802,farm,8347 Howard Trace Suite 483,Uyo,NG,5.864308,32.364504
4803,Abuja Farm Site 4803,farm,08337 Joann Hollow Suite 213,Abuja,NG,8.81377,40.586347
4804,Ibadan Farm Site 4804,farm,343 Villegas Plain,Ibadan,NG,12.06804,21.543729
4805,Tamale Farm Site 4805,farm,65413 Ayala Gardens Apt. 751,Tamale,GH,10.934071,-1.788994
4806,Uyo Farm Site 4806,farm,920 Zimmerman Burg Apt. 989,Uyo,NG,4.776959,36.625302
4807,Port Harcourt Farm Site 4807,farm,91691 Brandon Streets,Port Harcourt,NG,7.91597,17.324803
4808,Lagos Farm Site 4808,farm,5753 Dominique Viaduct Apt. 845,Lagos,NG,12.135486,-3.330755
4809,Enugu Farm Site 4809,farm,427 Jones Manors Suite 967,Enugu,NG,5.917457,39.920046
4810,Mombasa Farm Site 4810,farm,3569 Philip Roads,Mombasa,KE,7.241432,38.739045
4811,Enugu Farm Site 4811,farm,65788 Tapia Islands,Enugu,NG,13.062507,8.991704
4812,Lagos Farm Site 4812,farm,98008 Murphy Spurs Apt. 849,Lagos,NG,10.742533,0.485813
4813,Uyo Farm Site 4813,farm,272 Andrew Valley,Uyo,NG,7.72034,-0.792324
4814,Kano Farm Site 4814,farm,210 Devin Divide,Kano,NG,12.384123,-2.297685
4815,Abuja Farm Site 4815,farm,6273 Norton Highway Apt. 529,Abuja,NG,5.822708,38.350426
4816,Kisumu Farm Site 4816,farm,9103 Barry Course,Kisumu,KE,11.436823,38.517356
4817,Abuja Farm Site 4817,farm,343 Santos Field,Abuja,NG,7.703644,33.969857
4818,Enugu Farm Site 4818,farm,64099 Kristen Lodge Suite 667,Enugu,NG,11.820704,40.574521
4819,Nairobi Farm Site 4819,farm,99637 Arnold Neck Apt. 977,Nairobi,KE,10.83851,9.511156
4820,Ibadan Farm Site 4820,farm,319 Beverly Passage,Ibadan,NG,6.637729,-2.653223
4821,Takoradi Farm Site 4821,farm,1734 Clark Motorway,Takoradi,GH,7.554918,11.891192
4822,Kumasi Farm Site 4822,farm,1745 Coleman Station,Kumasi,GH,12.821767,22.455294
4823,Lagos Farm Site 4823,farm,5163 Tina Plaza Suite 811,Lagos,NG,9.913585,39.753623
4824,Benin City Farm Site 4824,farm,18313 Christina Course,Benin City,NG,5.492049,-2.597506
4825,Takoradi Farm Site 4825,farm,038 Matthew Drive,Takoradi,GH,8.750009,7.429147
4826,Takoradi Farm Site 4826,farm,10434 Mccormick Radial,Takoradi,GH,10.07282,19.887458
4827,Benin City Farm Site 4827,farm,182 Justin Isle Suite 648,Benin City,NG,9.73087,18.864072
4828,Enugu Farm Site 4828,farm,40874 Leach Knolls,Enugu,NG,8.419974,4.224615
4829,Benin City Farm Site 4829,farm,17023 Reyes Highway Apt. 296,Benin City,NG,11.292885,23.740922
4830,Benin City Farm Site 4830,farm,7030 Alexis Mountain,Benin City,NG,12.219203,34.265191
4831,Lagos Farm Site 4831,farm,87711 April Meadow Suite 284,Lagos,NG,7.808129,16.806015
4832,Accra Farm Site 4832,farm,0449 Brittany Port,Accra,GH,4.887824,11.476456
4833,Benin City Farm Site 4833,farm,2520 Brian Roads Suite 893,Benin City,NG,10.454474,27.048468
4834,Benin City Farm Site 4834,farm,7961 Salazar Burg Suite 965,Benin City,NG,5.852632,-2.525079
4835,Kisumu Farm Site 4835,farm,25459 Cordova Brooks Suite 289,Kisumu,KE,7.005004,37.900604
4836,Port Harcourt Farm Site 4836,farm,5116 Harrison Way Apt. 051,Port Harcourt,NG,13.160189,40.050642
4837,Kano Farm Site 4837,farm,2822 Claire Roads Suite 188,Kano,NG,11.397801,-1.01668
4838,Nairobi Farm Site 4838,farm,179 Kim Point Apt. 057,Nairobi,KE,8.765531,17.771333
4839,Ibadan Farm Site 4839,farm,1400 Leah Crescent,Ibadan,NG,5.156143,-0.373568
4840,Uyo Farm Site 4840,farm,40021 Kathleen Square,Uyo,NG,7.719461,2.133123
4841,Ibadan Farm Site 4841,farm,3500 Matthew Village,Ibadan,NG,9.639339,7.803144
4842,Kano Farm Site 4842,farm,6892 Linda Course,Kano,NG,12.302166,25.807223
4843,Abuja Farm Site 4843,farm,1840 Thompson Summit Apt. 605,Abuja,NG,11.550604,11.720151
4844,Tamale Farm Site 4844,farm,04633 Timothy Highway Suite 994,Tamale,GH,5.676782,30.90989
4845,Abuja Farm Site 4845,farm,17170 Long Inlet Apt. 293,Abuja,NG,8.606625,13.333464
4846,Uyo Farm Site 4846,farm,8273 Wagner Rest,Uyo,NG,6.607462,7.130059
4847,Nakuru Farm Site 4847,farm,485 Hernandez Roads,Nakuru,KE,4.188859,6.872659
4848,Abuja Farm Site 4848,farm,3863 Donna Inlet Apt. 517,Abuja,NG,11.138988,27.299684
4849,Enugu Farm Site 4849,farm,66399 Hodge Plains,Enugu,NG,10.906147,14.631856
4850,Nakuru Farm Site 4850,farm,43182 Cooper Loop,Nakuru,KE,13.257146,33.83569
4851,Abuja Farm Site 4851,farm,08634 Harrison Walk,Abuja,NG,6.452157,9.841954
4852,Takoradi Farm Site 4852,farm,409 Keith Via Suite 991,Takoradi,GH,12.080797,32.104395
4853,Port Harcourt Farm Site 4853,farm,27137 Sydney Track,Port Harcourt,NG,9.898153,39.230439
4854,Ibadan Farm Site 4854,farm,85801 Franco Extensions,Ibadan,NG,10.669315,-2.356196
4855,Port Harcourt Farm Site 4855,farm,8105 Susan River Apt. 379,Port Harcourt,NG,10.121518,1.933842
4856,Accra Farm Site 4856,farm,85162 Cathy Glens,Accra,GH,12.129107,28.99656
4857,Lagos Farm Site 4857,farm,82232 Cheyenne Flat,Lagos,NG,11.134335,2.161876
4858,Benin City Farm Site 4858,farm,0742 Barnett Loop,Benin City,NG,11.994653,8.106602
4859,Lagos Farm Site 4859,farm,907 Martinez Coves,Lagos,NG,6.999496,13.661651
4860,Takoradi Farm Site 4860,farm,7983 Carter Ridges Apt. 399,Takoradi,GH,4.030387,34.680043
4861,Benin City Farm Site 4861,farm,8974 David Divide Apt. 857,Benin City,NG,4.532631,15.726739
4862,Ibadan Farm Site 4862,farm,49013 Ortega Wells Apt. 341,Ibadan,NG,11.267313,29.167454
4863,Tamale Farm Site 4863,farm,3682 Pope Key,Tamale,GH,8.251398,14.094106
4864,Kano Farm Site 4864,farm,474 Johnson Fields,Kano,NG,9.865866,19.759049
4865,Lagos Farm Site 4865,farm,38944 Higgins Village,Lagos,NG,11.844403,2.769019
4866,Lagos Farm Site 4866,farm,6760 Christopher Locks Apt. 228,Lagos,NG,6.006662,39.054691
4867,Port Harcourt Farm Site 4867,farm,62764 Hess Ranch Apt. 695,Port Harcourt,NG,8.131324,28.296024
4868,Lagos Farm Site 4868,farm,3565 Johnson Meadow Apt. 936,Lagos,NG,6.582418,3.232758
4869,Mombasa Farm Site 4869,farm,85897 Fowler Crest,Mombasa,KE,4.190447,19.28251
4870,Port Harcourt Farm Site 4870,farm,7699 Smith Motorway Suite 427,Port Harcourt,NG,4.7406,38.594392
4871,Benin City Farm Site 4871,farm,97977 Christopher Ways,Benin City,NG,8.527863,19.187537
4872,Abuja Farm Site 4872,farm,41526 Pamela Gardens,Abuja,NG,8.165382,4.550466
4873,Uyo Farm Site 4873,farm,15822 Cummings Forge,Uyo,NG,8.797789,20.398924
4874,Kumasi Farm Site 4874,farm,68235 Karen Manor Apt. 512,Kumasi,GH,10.743755,6.368864
4875,Port Harcourt Farm Site 4875,farm,05656 Luna Views Suite 610,Port Harcourt,NG,10.314089,24.238032
4876,Kumasi Farm Site 4876,farm,667 Newman Trail,Kumasi,GH,13.177768,9.477662
4877,Ibadan Farm Site 4877,farm,3648 Fuller Valley,Ibadan,NG,10.19976,38.385461
4878,Kumasi Farm Site 4878,farm,179 Wells Road,Kumasi,GH,4.042526,34.942966
4879,Uyo Farm Site 4879,farm,949 Kelly Harbor Apt. 723,Uyo,NG,12.035845,7.375759
4880,Abuja Farm Site 4880,farm,38542 Angelica Stream Suite 396,Abuja,NG,8.001575,10.494117
4881,Abuja Farm Site 4881,farm,0769 Kevin Path,Abuja,NG,11.390469,36.701128
4882,Kisumu Farm Site 4882,farm,7223 Brandi Tunnel,Kisumu,KE,9.574995,38.986856
4883,Benin City Farm Site 4883,farm,9732 Phillips Light,Benin City,NG,12.55373,13.195541
4884,Takoradi Farm Site 4884,farm,18698 Cynthia Prairie Suite 948,Takoradi,GH,12.940719,39.794299
4885,Tamale Farm Site 4885,farm,22544 Alyssa Islands Apt. 094,Tamale,GH,12.532034,10.716549
4886,Ibadan Farm Site 4886,farm,092 Cooke Shore,Ibadan,NG,8.96435,15.210474
4887,Lagos Farm Site 4887,farm,2424 Chapman Ford,Lagos,NG,4.285317,36.555259
4888,Ibadan Farm Site 4888,farm,30056 Scott Club Suite 506,Ibadan,NG,12.826031,18.062125
4889,Kano Farm Site 4889,farm,84138 Walker Gateway Suite 002,Kano,NG,4.865957,20.584711
4890,Ibadan Farm Site 4890,farm,24956 Baird Station,Ibadan,NG,12.782304,31.140071
4891,Kisumu Farm Site 4891,farm,8812 Brian Ways Apt. 713,Kisumu,KE,8.120121,33.374842
4892,Mombasa Farm Site 4892,farm,918 Brett Street Apt. 436,Mombasa,KE,9.81327,5.580899
4893,Kano Farm Site 4893,farm,276 Cruz Neck Suite 692,Kano,NG,4.463317,2.615546
4894,Ibadan Farm Site 4894,farm,008 Atkinson Isle,Ibadan,NG,7.163528,9.631736
4895,Port Harcourt Farm Site 4895,farm,7221 Matthew Throughway,Port Harcourt,NG,12.327431,33.881745
4896,Lagos Farm Site 4896,farm,24623 Norton Park,Lagos,NG,10.887659,15.957616
4897,Abuja Farm Site 4897,farm,39715 Rose Spur,Abuja,NG,12.195065,36.395735
4898,Ibadan Farm Site 4898,farm,044 David Square,Ibadan,NG,4.207777,0.731559
4899,Tamale Farm Site 4899,farm,165 Mahoney Forks Suite 058,Tamale,GH,6.032884,38.281021
4900,Lagos Farm Site 4900,farm,4018 Wilson Keys Suite 951,Lagos,NG,9.386462,14.074984
4901,Accra Farm Site 4901,farm,2865 Jeffrey Villages,Accra,GH,4.033542,-2.574942
4902,Ibadan Farm Site 4902,farm,731 Rodriguez Parkway,Ibadan,NG,9.484451,28.119102
4903,Abuja Farm Site 4903,farm,65770 Colleen Lodge,Abuja,NG,4.845006,40.839735
4904,Ibadan Farm Site 4904,farm,1144 Michael Walk Suite 386,Ibadan,NG,11.624978,19.490607
4905,Lagos Farm Site 4905,farm,3784 Ford Burgs Suite 064,Lagos,NG,4.415178,10.586793
4906,Accra Farm Site 4906,farm,4959 Paula Mountain Suite 035,Accra,GH,11.061101,20.063659
4907,Lagos Farm Site 4907,farm,06756 Richard Springs Apt. 656,Lagos,NG,12.912147,36.90619
4908,Uyo Farm Site 4908,farm,1340 Lisa Underpass,Uyo,NG,10.584405,34.473369
4909,Ibadan Farm Site 4909,farm,894 Tucker Ports Apt. 671,Ibadan,NG,12.916124,37.986633
4910,Kano Farm Site 4910,farm,6172 Tanya Locks,Kano,NG,9.477796,19.152149
4911,Enugu Farm Site 4911,farm,88309 Martinez Overpass,Enugu,NG,10.731877,6.343794
4912,Lagos Farm Site 4912,farm,77780 Nathan Gardens,Lagos,NG,7.567257,12.483592
4913,Port Harcourt Farm Site 4913,farm,4065 Danielle Mission Suite 606,Port Harcourt,NG,5.660387,6.654182
4914,Abuja Farm Site 4914,farm,42432 Snyder Cliff,Abuja,NG,13.394083,38.812361
4915,Lagos Farm Site 4915,farm,861 Gregory Meadow Suite 264,Lagos,NG,10.374889,14.770857
4916,Nakuru Farm Site 4916,farm,5076 Connie Lane Suite 433,Nakuru,KE,4.102837,-2.758353
4917,Abuja Farm Site 4917,farm,550 Anthony Burg Apt. 372,Abuja,NG,9.484037,7.355185
4918,Port Harcourt Farm Site 4918,farm,521 Shelton Run Suite 818,Port Harcourt,NG,4.076652,37.953517
4919,Kumasi Farm Site 4919,farm,93197 Wallace Falls,Kumasi,GH,10.13142,11.995244
4920,Lagos Farm Site 4920,farm,538 Nolan Lake Suite 192,Lagos,NG,11.053185,3.110006
4921,Benin City Farm Site 4921,farm,5636 Robin Pines,Benin City,NG,6.079944,13.95067
4922,Kano Farm Site 4922,farm,90765 Perry Circle Apt. 139,Kano,NG,6.127284,4.406336
4923,Abuja Farm Site 4923,farm,953 Mckenzie Bridge,Abuja,NG,9.259019,11.450146
4924,Uyo Farm Site 4924,farm,4226 Russo Lake,Uyo,NG,12.198273,-0.479873
4925,Accra Farm Site 4925,farm,252 Richard Expressway Apt. 987,Accra,GH,8.632465,5.011769
4926,Mombasa Farm Site 4926,farm,7350 Yates Avenue Apt. 047,Mombasa,KE,10.339992,8.231802
4927,Takoradi Farm Site 4927,farm,644 William Harbor Suite 036,Takoradi,GH,13.340443,11.349259
4928,Nairobi Farm Site 4928,farm,388 Medina Ridges Suite 305,Nairobi,KE,6.878583,12.802683
4929,Takoradi Farm Site 4929,farm,11252 Jimenez Points Suite 356,Takoradi,GH,8.136957,5.710494
4930,Port Harcourt Farm Site 4930,farm,736 Jennifer Turnpike,Port Harcourt,NG,7.010421,15.36668
4931,Enugu Farm Site 4931,farm,45823 Scott Knolls Apt. 989,Enugu,NG,6.989638,35.965629
4932,Abuja Farm Site 4932,farm,91745 Harris Port Suite 099,Abuja,NG,5.483468,-1.622384
4933,Enugu Farm Site 4933,farm,5745 Joshua Extension Apt. 876,Enugu,NG,11.746853,8.305619
4934,Kano Farm Site 4934,farm,8548 Mack Branch,Kano,NG,8.280047,6.634319
4935,Kisumu Farm Site 4935,farm,78536 Hall Station Suite 369,Kisumu,KE,9.056151,4.869036
4936,Tamale Farm Site 4936,farm,235 Joshua Rest,Tamale,GH,10.210755,22.161103
4937,Kumasi Farm Site 4937,farm,07509 Brown Loaf Suite 747,Kumasi,GH,4.952726,30.769452
4938,Enugu Farm Site 4938,farm,5245 Amy Garden,Enugu,NG,7.798496,22.764867
4939,Benin City Farm Site 4939,farm,5702 Bright Causeway Suite 732,Benin City,NG,12.590766,12.368713
4940,Ibadan Farm Site 4940,farm,625 Christina Brooks,Ibadan,NG,10.750701,22.527257
4941,Uyo Farm Site 4941,farm,8275 Mills Mountains,Uyo,NG,11.713418,22.251526
4942,Enugu Farm Site 4942,farm,352 Shaw Fields,Enugu,NG,10.256497,-2.15182
4943,Abuja Farm Site 4943,farm,208 Sweeney Meadows,Abuja,NG,6.918752,6.69827
4944,Uyo Farm Site 4944,farm,927 Brown Extensions,Uyo,NG,9.860535,27.320484
4945,Lagos Farm Site 4945,farm,0074 Gavin Mount,Lagos,NG,12.704326,1.886467
4946,Enugu Farm Site 4946,farm,6356 Vargas Place Suite 293,Enugu,NG,10.978629,1.6763
4947,Port Harcourt Farm Site 4947,farm,86750 Amanda Flats,Port Harcourt,NG,9.752695,12.190505
4948,Kano Farm Site 4948,farm,7559 Johnson Dale,Kano,NG,5.270154,40.873667
4949,Tamale Farm Site 4949,farm,349 Christopher Freeway Apt. 123,Tamale,GH,6.394529,35.08886
4950,Accra Farm Site 4950,farm,280 Smith Route Apt. 042,Accra,GH,4.982804,3.451971
4951,Kano Farm Site 4951,farm,0643 Angela Isle Suite 310,Kano,NG,7.09177,28.807473
4952,Uyo Farm Site 4952,farm,18671 Bonnie Row,Uyo,NG,6.803092,29.551203
4953,Kumasi Farm Site 4953,farm,44505 Jesse Well Apt. 097,Kumasi,GH,9.277698,8.318895
4954,Takoradi Farm Site 4954,farm,31485 Maria Prairie Suite 222,Takoradi,GH,12.046578,38.522701
4955,Takoradi Farm Site 4955,farm,9872 Ward Street,Takoradi,GH,4.113772,38.152389
4956,Lagos Farm Site 4956,farm,9353 Schwartz Landing,Lagos,NG,8.764367,23.348393
4957,Uyo Farm Site 4957,farm,5770 Pearson Bypass Suite 824,Uyo,NG,8.133288,17.036049
4958,Port Harcourt Farm Site 4958,farm,40086 Todd Circles Apt. 970,Port Harcourt,NG,10.171621,34.113865
4959,Accra Farm Site 4959,farm,98254 Dylan Curve Suite 448,Accra,GH,12.087376,36.682914
4960,Benin City Farm Site 4960,farm,921 Spencer Run,Benin City,NG,10.23645,4.697531
4961,Ibadan Farm Site 4961,farm,86497 Elizabeth Alley Suite 407,Ibadan,NG,5.394418,32.990594
4962,Port Harcourt Farm Site 4962,farm,382 Morgan Light,Port Harcourt,NG,6.443994,-0.87104
4963,Benin City Farm Site 4963,farm,8437 Martinez Extensions Apt. 414,Benin City,NG,9.856424,39.783363
4964,Takoradi Farm Site 4964,farm,357 Campbell Plains Suite 719,Takoradi,GH,12.850694,13.578357
4965,Nakuru Farm Site 4965,farm,620 Lawrence Creek,Nakuru,KE,4.94959,16.796311
4966,Abuja Farm Site 4966,farm,1081 Carlos Walks Apt. 987,Abuja,NG,12.751678,24.324128
4967,Ibadan Farm Site 4967,farm,53948 Michelle Meadows Suite 463,Ibadan,NG,13.491393,34.379895
4968,Abuja Farm Site 4968,farm,2082 Flores Curve Apt. 195,Abuja,NG,5.473425,4.98321
4969,Benin City Farm Site 4969,farm,316 Clark Divide Suite 344,Benin City,NG,4.569578,22.353609
4970,Kisumu Farm Site 4970,farm,735 Ryan Avenue,Kisumu,KE,5.402266,-2.659341
4971,Kano Farm Site 4971,farm,4915 Lyons Islands,Kano,NG,5.514112,19.265152
4972,Port Harcourt Farm Site 4972,farm,074 Matthew Oval,Port Harcourt,NG,9.94753,14.143592
4973,Enugu Farm Site 4973,farm,28395 Hernandez Mews,Enugu,NG,7.330792,37.805179
4974,Kisumu Farm Site 4974,farm,2551 Parker Manors,Kisumu,KE,11.416587,21.681611
4975,Kumasi Farm Site 4975,farm,321 Green Port,Kumasi,GH,6.77836,29.501647
4976,Ibadan Farm Site 4976,farm,395 Gabrielle Bridge Apt. 890,Ibadan,NG,8.887728,39.405428
4977,Ibadan Farm Site 4977,farm,5554 Williamson Court Suite 020,Ibadan,NG,5.041639,19.898504
4978,Enugu Farm Site 4978,farm,74820 Michael Glens,Enugu,NG,7.815495,18.435263
4979,Mombasa Farm Site 4979,farm,3670 Angela Throughway Apt. 952,Mombasa,KE,9.887861,14.601692
4980,Ibadan Farm Site 4980,farm,30114 Acosta Forks,Ibadan,NG,4.934669,22.027372
4981,Uyo Farm Site 4981,farm,055 Ramsey Crossing Apt. 719,Uyo,NG,9.377671,13.176096
4982,Enugu Farm Site 4982,farm,2655 Robert Cliff Suite 670,Enugu,NG,6.795891,10.614412
4983,Benin City Farm Site 4983,farm,6430 Cynthia Flats,Benin City,NG,7.052193,33.330087
4984,Kano Farm Site 4984,farm,619 Rios Views,Kano,NG,12.263943,3.365832
4985,Accra Farm Site 4985,farm,6203 Patricia Unions Suite 399,Accra,GH,12.648997,-2.878643
4986,Accra Farm Site 4986,farm,0579 Melvin Circles,Accra,GH,12.709843,29.781517
4987,Lagos Farm Site 4987,farm,9969 Justin Circle,Lagos,NG,8.050321,-1.673442
4988,Kano Farm Site 4988,farm,1192 Marcus Inlet Apt. 373,Kano,NG,5.556124,13.088528
4989,Kano Farm Site 4989,farm,8374 Ashley Plain,Kano,NG,5.136727,1.047316
4990,Nakuru Farm Site 4990,farm,7608 Karina Gateway Suite 599,Nakuru,KE,5.234725,3.502778
4991,Port Harcourt Farm Site 4991,farm,248 Yolanda Keys Suite 199,Port Harcourt,NG,10.485249,9.280498
4992,Ibadan Farm Site 4992,farm,813 David Lock,Ibadan,NG,7.886954,37.300461
4993,Abuja Farm Site 4993,farm,816 Daniel Keys,Abuja,NG,7.006051,11.690673
4994,Port Harcourt Farm Site 4994,farm,152 Vanessa Fall,Port Harcourt,NG,10.689936,35.330604
4995,Abuja Farm Site 4995,farm,461 Guzman Orchard,Abuja,NG,5.471162,28.570776
4996,Kisumu Farm Site 4996,farm,2220 Lee Valleys,Kisumu,KE,5.286711,22.028819
4997,Abuja Farm Site 4997,farm,169 Robbins Wall Apt. 027,Abuja,NG,7.941704,1.00013
4998,Kumasi Farm Site 4998,farm,9512 Richard Prairie Apt. 760,Kumasi,GH,11.318912,3.033569
4999,Kumasi Farm Site 4999,farm,9131 Nathan Junction,Kumasi,GH,7.474805,17.581328
5000,Mombasa Farm Site 5000,farm,137 Lisa Locks,Mombasa,KE,6.958239,25.565344
5001,Uyo Farm Site 5001,farm,72316 Garcia Mews,Uyo,NG,4.638979,-2.118078
5002,Accra Farm Site 5002,farm,98562 Banks Wells Suite 775,Accra,GH,13.211266,18.970473
5003,Takoradi Farm Site 5003,farm,03507 Chad Burgs Apt. 736,Takoradi,GH,6.49728,39.14961
5004,Enugu Farm Site 5004,farm,5068 Ortiz Stream Apt. 028,Enugu,NG,4.283858,5.111724
5005,Enugu Farm Site 5005,farm,8317 Shannon Trail,Enugu,NG,4.998041,24.643861
5006,Enugu Farm Site 5006,farm,538 George Bypass,Enugu,NG,12.996257,15.159127
5007,Uyo Farm Site 5007,farm,6358 Jennifer Wall Apt. 449,Uyo,NG,8.580336,38.709236
5008,Abuja Farm Site 5008,farm,21203 Lorraine Roads Suite 518,Abuja,NG,4.975962,-3.094011
5009,Lagos Farm Site 5009,farm,3683 David Gateway Apt. 577,Lagos,NG,12.977584,15.174737
5010,Benin City Farm Site 5010,farm,7240 Smith Plains Apt. 663,Benin City,NG,7.131825,9.322506
5011,Uyo Farm Site 5011,farm,402 Diana Station,Uyo,NG,9.371123,13.955879
5012,Ibadan Farm Site 5012,farm,340 Kelly Villages,Ibadan,NG,9.027056,39.745579
5013,Nairobi Farm Site 5013,farm,6649 Chavez Rapids,Nairobi,KE,6.638021,19.058305
5014,Nairobi Farm Site 5014,farm,183 Reyes Via,Nairobi,KE,7.092236,12.463788
5015,Port Harcourt Farm Site 5015,farm,73836 Shari Glens Apt. 216,Port Harcourt,NG,13.209997,30.321672
5016,Benin City Farm Site 5016,farm,7879 Sanchez Way Suite 696,Benin City,NG,9.227778,24.246862
5017,Nairobi Farm Site 5017,farm,086 Elizabeth Glen Suite 343,Nairobi,KE,7.263177,15.029797
5018,Benin City Farm Site 5018,farm,3109 Mcbride Land,Benin City,NG,9.690231,22.733561
5019,Kumasi Farm Site 5019,farm,27618 Juan Drives,Kumasi,GH,12.608452,19.753562
5020,Enugu Farm Site 5020,farm,36348 Luis Mills Suite 715,Enugu,NG,6.278247,15.766651
5021,Kumasi Farm Site 5021,farm,24436 Robert Alley Apt. 386,Kumasi,GH,8.101923,20.055009
5022,Benin City Farm Site 5022,farm,034 Ashlee Plain,Benin City,NG,8.865727,10.804987
5023,Abuja Farm Site 5023,farm,68448 Sara Tunnel Apt. 883,Abuja,NG,4.323286,11.538474
5024,Accra Farm Site 5024,farm,87191 Christine Forges,Accra,GH,5.676414,27.481383
5025,Benin City Farm Site 5025,farm,0583 Nguyen Road Suite 513,Benin City,NG,13.348697,27.193827
5026,Tamale Farm Site 5026,farm,24230 Aaron Estates Suite 060,Tamale,GH,12.380361,-2.841601
5027,Lagos Farm Site 5027,farm,50700 Thornton Avenue Suite 836,Lagos,NG,9.042688,38.140986
5028,Enugu Farm Site 5028,farm,58444 Chelsea Extensions,Enugu,NG,4.915507,1.828618
5029,Abuja Farm Site 5029,farm,1325 Mckinney Shores,Abuja,NG,12.277632,24.544728
5030,Enugu Farm Site 5030,farm,76074 Madison Rapids,Enugu,NG,7.394696,13.365811
5031,Lagos Farm Site 5031,farm,128 Jessica Wells,Lagos,NG,10.742069,2.259991
5032,Lagos Farm Site 5032,farm,138 Jacob Expressway Suite 988,Lagos,NG,11.913416,31.597542
5033,Abuja Farm Site 5033,farm,2753 Michelle Springs Apt. 499,Abuja,NG,10.758221,23.605629
5034,Ibadan Farm Site 5034,farm,674 Jennifer Locks Suite 073,Ibadan,NG,5.506549,4.402783
5035,Kano Farm Site 5035,farm,777 Tiffany Ville Suite 085,Kano,NG,13.22773,30.443872
5036,Enugu Farm Site 5036,farm,3392 Philip Square Suite 904,Enugu,NG,12.251961,7.170236
5037,Uyo Farm Site 5037,farm,499 Acosta Place,Uyo,NG,5.696511,18.241317
5038,Mombasa Farm Site 5038,farm,8644 Fowler Divide Apt. 363,Mombasa,KE,7.122117,15.094543
5039,Ibadan Farm Site 5039,farm,4100 Colon Drives,Ibadan,NG,10.76716,27.175364
5040,Kisumu Farm Site 5040,farm,40323 Ronald Way Suite 056,Kisumu,KE,10.955768,26.576427
5041,Kumasi Farm Site 5041,farm,8002 Lisa Mountain,Kumasi,GH,9.821294,9.351941
5042,Enugu Farm Site 5042,farm,174 Tamara Points Apt. 465,Enugu,NG,11.208083,35.222038
5043,Benin City Farm Site 5043,farm,725 Lawson Trafficway,Benin City,NG,12.115343,15.897872
5044,Enugu Farm Site 5044,farm,903 Lynn Loop Suite 478,Enugu,NG,11.690326,8.512074
5045,Abuja Farm Site 5045,farm,7429 Galvan Corner Suite 009,Abuja,NG,6.60916,31.600884
5046,Enugu Farm Site 5046,farm,3750 Shaun Lake,Enugu,NG,4.360063,28.553539
5047,Kisumu Farm Site 5047,farm,226 Ray Squares,Kisumu,KE,12.188239,4.353803
5048,Kano Farm Site 5048,farm,0164 Sanchez Trafficway,Kano,NG,7.630323,2.108515
5049,Abuja Farm Site 5049,farm,0336 Chavez Groves,Abuja,NG,13.280253,5.624371
5050,Benin City Farm Site 5050,farm,5206 Charles Walk Apt. 778,Benin City,NG,7.864017,37.749951
5051,Uyo Farm Site 5051,farm,51159 Gomez Curve Apt. 496,Uyo,NG,8.366317,27.417683
5052,Benin City Farm Site 5052,farm,769 Moore Freeway,Benin City,NG,4.671331,-1.956515
5053,Port Harcourt Farm Site 5053,farm,09393 Fernandez Junction,Port Harcourt,NG,10.331821,3.616245
5054,Kano Farm Site 5054,farm,864 Howard Station Suite 549,Kano,NG,4.115657,-3.034546
5055,Abuja Farm Site 5055,farm,036 Jose Falls Apt. 612,Abuja,NG,11.873906,20.779821
5056,Lagos Farm Site 5056,farm,371 Rebecca Greens Suite 584,Lagos,NG,12.742476,36.900369
5057,Ibadan Farm Site 5057,farm,4439 Yvonne Station,Ibadan,NG,7.178629,10.30957
5058,Tamale Farm Site 5058,farm,51798 Anne Points Suite 323,Tamale,GH,5.197745,5.806827
5059,Ibadan Farm Site 5059,farm,257 Stephen Islands Apt. 730,Ibadan,NG,11.695779,33.312947
5060,Lagos Farm Site 5060,farm,13078 Scott Pine Apt. 517,Lagos,NG,13.481938,30.992572
5061,Enugu Farm Site 5061,farm,5513 Elliott Plaza Suite 952,Enugu,NG,8.020601,29.537186
5062,Port Harcourt Farm Site 5062,farm,4504 Jones Street Suite 546,Port Harcourt,NG,6.125455,11.790715
5063,Tamale Farm Site 5063,farm,740 Karen Mountain,Tamale,GH,10.54564,-3.418796
5064,Accra Farm Site 5064,farm,14568 Joseph Loaf,Accra,GH,13.197461,-1.576616
5065,Lagos Farm Site 5065,farm,28598 Barton Manors Suite 165,Lagos,NG,11.482629,19.182216
5066,Accra Farm Site 5066,farm,48229 Ryan Rapids Apt. 952,Accra,GH,10.630742,20.781903
5067,Enugu Farm Site 5067,farm,07025 Wayne Ranch,Enugu,NG,4.12721,26.553313
5068,Takoradi Farm Site 5068,farm,32422 Evelyn Spring Suite 967,Takoradi,GH,6.200343,28.416117
5069,Enugu Farm Site 5069,farm,01205 Farmer Isle Suite 630,Enugu,NG,11.277907,24.487576
5070,Abuja Farm Site 5070,farm,84863 Smith Drives Suite 323,Abuja,NG,12.233327,27.139317
5071,Accra Farm Site 5071,farm,1047 Wright Knolls,Accra,GH,7.585485,14.893812
5072,Kano Farm Site 5072,farm,40536 Stephanie Well,Kano,NG,4.59111,31.359562
5073,Kano Farm Site 5073,farm,598 Tapia Plain,Kano,NG,5.061435,7.153817
5074,Takoradi Farm Site 5074,farm,1170 Davis Course Apt. 500,Takoradi,GH,10.845019,19.27072
5075,Uyo Farm Site 5075,farm,9546 Long Curve,Uyo,NG,6.278125,20.207675
5076,Kumasi Farm Site 5076,farm,48037 William Skyway,Kumasi,GH,7.53482,19.661304
5077,Takoradi Farm Site 5077,farm,89411 Morales Throughway Apt. 374,Takoradi,GH,8.387062,15.444404
5078,Ibadan Farm Site 5078,farm,1631 Kimberly Fort Apt. 303,Ibadan,NG,5.589676,37.202644
5079,Benin City Farm Site 5079,farm,719 Guzman Motorway,Benin City,NG,4.250584,17.240135
5080,Takoradi Farm Site 5080,farm,3135 Villanueva Ranch Apt. 087,Takoradi,GH,9.138286,7.257016
5081,Kisumu Farm Site 5081,farm,823 Nicholas Summit Suite 067,Kisumu,KE,8.198147,28.989703
5082,Mombasa Farm Site 5082,farm,5413 Weaver Summit Apt. 837,Mombasa,KE,8.060826,26.941022
5083,Kumasi Farm Site 5083,farm,17680 George Parkways,Kumasi,GH,9.302451,-1.076711
5084,Enugu Farm Site 5084,farm,221 Hunter Harbors Apt. 128,Enugu,NG,11.410417,-0.648442
5085,Uyo Farm Site 5085,farm,01775 Christopher Prairie,Uyo,NG,7.208694,30.309921
5086,Tamale Farm Site 5086,farm,74065 Christopher Points Apt. 576,Tamale,GH,7.378089,15.781248
5087,Mombasa Farm Site 5087,farm,82019 Smith Shores,Mombasa,KE,10.65031,39.825806
5088,Kano Farm Site 5088,farm,469 Freeman Creek,Kano,NG,8.337194,21.676161
5089,Kumasi Farm Site 5089,farm,8212 Horton Glens Apt. 402,Kumasi,GH,5.839165,27.516474
5090,Abuja Farm Site 5090,farm,7351 Stewart Row Suite 666,Abuja,NG,6.79555,28.920735
5091,Nakuru Farm Site 5091,farm,845 John Dam Apt. 681,Nakuru,KE,6.328324,13.420378
5092,Abuja Farm Site 5092,farm,284 Mario Skyway,Abuja,NG,7.838268,27.45728
5093,Ibadan Farm Site 5093,farm,70150 Duarte Plaza Apt. 480,Ibadan,NG,10.595104,14.928506
5094,Mombasa Farm Site 5094,farm,950 Mitchell Harbors,Mombasa,KE,5.208606,32.332974
5095,Tamale Farm Site 5095,farm,99371 Natalie Falls,Tamale,GH,7.78918,5.903733
5096,Abuja Farm Site 5096,farm,09062 Kimberly Square,Abuja,NG,4.980386,24.125928
5097,Port Harcourt Farm Site 5097,farm,2683 Matthew Center,Port Harcourt,NG,4.644082,12.166629
5098,Abuja Farm Site 5098,farm,8882 Jamie Vista Suite 954,Abuja,NG,4.596677,34.208415
5099,Abuja Farm Site 5099,farm,2311 John Pine Apt. 238,Abuja,NG,8.460128,13.395038
5100,Benin City Farm Site 5100,farm,7315 Stevens Centers Suite 828,Benin City,NG,13.342322,21.450479
5101,Accra Farm Site 5101,farm,04603 Wilson Gardens Apt. 328,Accra,GH,5.319299,-0.76213
5102,Ibadan Farm Site 5102,farm,56955 Lang Summit,Ibadan,NG,11.773377,40.543495
5103,Uyo Farm Site 5103,farm,216 Torres Freeway Apt. 103,Uyo,NG,8.259466,22.961272
5104,Abuja Farm Site 5104,farm,9654 Wendy Port,Abuja,NG,7.812717,15.291665
5105,Abuja Farm Site 5105,farm,784 Thomas Turnpike,Abuja,NG,10.328801,29.637969
5106,Port Harcourt Farm Site 5106,farm,40618 Denise Mission,Port Harcourt,NG,11.772671,7.687611
5107,Kano Farm Site 5107,farm,487 Skinner Place,Kano,NG,10.894039,10.131149
5108,Kano Farm Site 5108,farm,2815 John Villages Apt. 044,Kano,NG,8.845914,-3.457697
5109,Enugu Farm Site 5109,farm,96479 Derek Hill,Enugu,NG,12.741296,24.560294
5110,Nairobi Farm Site 5110,farm,66539 Richard Lights Suite 504,Nairobi,KE,4.777844,20.867382
5111,Benin City Farm Site 5111,farm,808 Allen Cliffs,Benin City,NG,8.101688,5.886527
5112,Takoradi Farm Site 5112,farm,159 David Springs,Takoradi,GH,10.962392,14.407772
5113,Enugu Farm Site 5113,farm,557 Watkins Mountains,Enugu,NG,12.745405,22.566456
5114,Kisumu Farm Site 5114,farm,14552 Preston Corner Apt. 312,Kisumu,KE,10.064404,18.391725
5115,Tamale Farm Site 5115,farm,13582 Torres Harbor Apt. 002,Tamale,GH,5.783971,20.421682
5116,Benin City Farm Site 5116,farm,91974 Stephanie Mills,Benin City,NG,9.637983,21.671372
5117,Lagos Farm Site 5117,farm,7754 Andrew Glen,Lagos,NG,4.230437,40.364673
5118,Kano Farm Site 5118,farm,3964 Sara Turnpike Suite 827,Kano,NG,10.12332,14.657872
5119,Abuja Farm Site 5119,farm,94491 Bradley Flat,Abuja,NG,7.149905,29.248966
5120,Kumasi Farm Site 5120,farm,3428 Brown Flats Suite 980,Kumasi,GH,4.928035,13.969319
5121,Benin City Farm Site 5121,farm,7153 Leah Isle Suite 145,Benin City,NG,12.394465,14.136777
5122,Lagos Farm Site 5122,farm,8854 Laurie Shoals,Lagos,NG,12.787991,39.756108
5123,Tamale Farm Site 5123,farm,12171 Mccann Tunnel,Tamale,GH,7.470429,1.673039
5124,Abuja Farm Site 5124,farm,8313 Sarah Valley,Abuja,NG,9.33203,14.423139
5125,Lagos Farm Site 5125,farm,0677 Wise Highway Suite 254,Lagos,NG,8.723782,37.942431
5126,Nairobi Farm Site 5126,farm,704 Schmitt Knoll Apt. 146,Nairobi,KE,13.168145,32.636118
5127,Lagos Farm Site 5127,farm,102 Joseph Bypass,Lagos,NG,13.325686,31.149544
5128,Kano Farm Site 5128,farm,0894 Audrey Cliffs Apt. 613,Kano,NG,11.096991,4.311907
5129,Takoradi Farm Site 5129,farm,859 Vincent River,Takoradi,GH,8.520268,29.354054
5130,Uyo Farm Site 5130,farm,86304 Allen Path,Uyo,NG,8.275092,4.056918
5131,Accra Farm Site 5131,farm,43643 Michelle Radial Apt. 456,Accra,GH,10.185141,17.160657
5132,Accra Farm Site 5132,farm,28191 Jones Road,Accra,GH,7.22044,32.824182
5133,Uyo Farm Site 5133,farm,760 Mark Fork Apt. 025,Uyo,NG,8.071318,13.538316
5134,Ibadan Farm Site 5134,farm,53852 Keith Parkway Apt. 582,Ibadan,NG,6.300891,33.833832
5135,Mombasa Farm Site 5135,farm,263 Cody Trafficway,Mombasa,KE,13.411234,36.521469
5136,Kano Farm Site 5136,farm,4751 Sherry Islands,Kano,NG,6.700277,8.162907
5137,Kumasi Farm Site 5137,farm,24139 Elizabeth Forks,Kumasi,GH,10.737157,2.254297
5138,Ibadan Farm Site 5138,farm,0503 Solis Knoll,Ibadan,NG,6.762595,12.161393
5139,Takoradi Farm Site 5139,farm,5222 Alexandria Viaduct,Takoradi,GH,11.287461,20.084578
5140,Kumasi Farm Site 5140,farm,3703 Moore Divide,Kumasi,GH,7.176496,15.448915
5141,Kumasi Farm Site 5141,farm,997 Smith Via,Kumasi,GH,9.827707,15.134193
5142,Ibadan Farm Site 5142,farm,366 Patrick Mission,Ibadan,NG,8.008493,19.084415
5143,Kano Farm Site 5143,farm,545 Angela Wall,Kano,NG,8.551829,3.878374
5144,Ibadan Farm Site 5144,farm,243 Sandra Locks Suite 313,Ibadan,NG,4.663798,-0.481985
5145,Benin City Farm Site 5145,farm,69989 Hall View Suite 463,Benin City,NG,7.800603,11.555883
5146,Abuja Farm Site 5146,farm,60719 Amy Glens,Abuja,NG,5.33901,-0.44784
5147,Port Harcourt Farm Site 5147,farm,8079 Shelton Parkways Suite 568,Port Harcourt,NG,6.398271,30.188384
5148,Uyo Farm Site 5148,farm,0678 Mayo Shoal,Uyo,NG,10.47313,23.080162
5149,Enugu Farm Site 5149,farm,605 Grant Tunnel,Enugu,NG,13.234037,24.120349
5150,Enugu Farm Site 5150,farm,17336 David Ville,Enugu,NG,4.82909,27.171154
5151,Lagos Farm Site 5151,farm,0503 Arellano Inlet,Lagos,NG,11.109702,7.664284
5152,Port Harcourt Farm Site 5152,farm,77194 William Run,Port Harcourt,NG,9.932921,2.492282
5153,Tamale Farm Site 5153,farm,64632 Mary Glen Apt. 054,Tamale,GH,6.465402,11.460025
5154,Kumasi Farm Site 5154,farm,3752 Olson Views,Kumasi,GH,6.586385,23.990887
5155,Port Harcourt Farm Site 5155,farm,0502 Rice Trail Suite 726,Port Harcourt,NG,11.941854,8.3469
5156,Nakuru Farm Site 5156,farm,20708 Vanessa Tunnel Suite 408,Nakuru,KE,10.508371,3.322585
5157,Kano Farm Site 5157,farm,6138 Anthony Springs Apt. 861,Kano,NG,10.991563,-1.940472
5158,Accra Farm Site 5158,farm,54443 Jacqueline Pines Suite 151,Accra,GH,4.183226,22.81565
5159,Accra Farm Site 5159,farm,4756 James Flat Suite 420,Accra,GH,8.967278,10.214374
5160,Abuja Farm Site 5160,farm,4503 Waters Shores,Abuja,NG,7.305034,26.851122
5161,Lagos Farm Site 5161,farm,68624 Porter Gardens Suite 272,Lagos,NG,11.04708,37.554065
5162,Lagos Farm Site 5162,farm,06973 Charles Pine,Lagos,NG,11.762025,6.898668
5163,Nakuru Farm Site 5163,farm,235 Kristen Lake,Nakuru,KE,6.522535,34.715205
5164,Takoradi Farm Site 5164,farm,54499 Gail Expressway Apt. 950,Takoradi,GH,4.00545,15.94952
5165,Tamale Farm Site 5165,farm,169 Anderson Creek,Tamale,GH,9.860649,18.959446
5166,Abuja Farm Site 5166,farm,642 William Center Suite 133,Abuja,NG,7.14374,9.540609
5167,Port Harcourt Farm Site 5167,farm,5166 Julie Course,Port Harcourt,NG,10.205489,36.660546
5168,Benin City Farm Site 5168,farm,764 Brown Fords,Benin City,NG,8.437701,6.55738
5169,Port Harcourt Farm Site 5169,farm,033 Reynolds Shores,Port Harcourt,NG,9.855742,0.671689
5170,Nakuru Farm Site 5170,farm,7359 Joshua Common,Nakuru,KE,11.744904,19.500304
5171,Abuja Farm Site 5171,farm,45120 Bryant Dam Suite 237,Abuja,NG,6.75311,11.28475
5172,Uyo Farm Site 5172,farm,2336 Thomas Forks Suite 544,Uyo,NG,9.760543,24.861839
5173,Lagos Farm Site 5173,farm,21461 Melissa Avenue Suite 502,Lagos,NG,7.028343,4.928128
5174,Lagos Farm Site 5174,farm,3288 Brooke Grove,Lagos,NG,9.556452,3.591463
5175,Kano Farm Site 5175,farm,5285 Smith Island Apt. 539,Kano,NG,10.986409,28.18402
5176,Tamale Farm Site 5176,farm,38280 Carl Square Apt. 773,Tamale,GH,10.058129,38.024267
5177,Lagos Farm Site 5177,farm,5100 Heather Cove,Lagos,NG,12.020905,0.609942
5178,Ibadan Farm Site 5178,farm,6566 Moore Light Apt. 946,Ibadan,NG,6.563144,20.004047
5179,Takoradi Farm Site 5179,farm,08176 David Cove Suite 902,Takoradi,GH,5.182204,28.242559
5180,Lagos Farm Site 5180,farm,1473 Hill Burg Apt. 694,Lagos,NG,13.379745,32.363007
5181,Benin City Farm Site 5181,farm,966 Savannah Glen Apt. 410,Benin City,NG,12.811762,30.318343
5182,Kisumu Farm Site 5182,farm,46328 Mark Meadows Apt. 429,Kisumu,KE,8.827438,17.345976
5183,Port Harcourt Farm Site 5183,farm,07864 Henry Estate,Port Harcourt,NG,6.631966,9.64919
5184,Ibadan Farm Site 5184,farm,06294 Harding Landing,Ibadan,NG,5.024098,-0.787174
5185,Enugu Farm Site 5185,farm,276 Joseph Shores,Enugu,NG,6.356159,37.19466
5186,Kano Farm Site 5186,farm,126 Joshua Neck Suite 121,Kano,NG,11.670096,19.981606
5187,Lagos Farm Site 5187,farm,5582 Ann Fall,Lagos,NG,9.532236,5.343627
5188,Uyo Farm Site 5188,farm,16397 Hall Plaza Apt. 498,Uyo,NG,12.416831,9.498103
5189,Kumasi Farm Site 5189,farm,225 Danielle Locks Apt. 460,Kumasi,GH,11.112756,30.444652
5190,Benin City Farm Site 5190,farm,2297 Patterson Valley,Benin City,NG,7.311891,10.518382
5191,Abuja Farm Site 5191,farm,91693 Brown Freeway Apt. 718,Abuja,NG,6.352912,8.75196
5192,Abuja Farm Site 5192,farm,386 Rose Mills,Abuja,NG,11.935792,38.961713
5193,Uyo Farm Site 5193,farm,5928 Garcia Isle,Uyo,NG,7.677456,25.518243
5194,Port Harcourt Farm Site 5194,farm,813 Graves Spring Apt. 075,Port Harcourt,NG,4.845729,21.661383
5195,Accra Farm Site 5195,farm,8494 Hancock Haven Apt. 386,Accra,GH,13.357467,29.89783
5196,Kano Farm Site 5196,farm,1024 Rojas Ridges Apt. 012,Kano,NG,11.748525,22.872867
5197,Takoradi Farm Site 5197,farm,91529 Steven Meadows Suite 292,Takoradi,GH,4.777768,4.90579
5198,Port Harcourt Farm Site 5198,farm,54509 Johnson Ridges Apt. 414,Port Harcourt,NG,10.344369,36.588281
5199,Enugu Farm Site 5199,farm,51016 Christian Falls,Enugu,NG,10.709909,15.016433
5200,Kano Farm Site 5200,farm,26969 Price Shoal Apt. 144,Kano,NG,9.892888,8.594946
5201,Tamale Farm Site 5201,farm,499 Harris Ways,Tamale,GH,6.368908,2.56616
5202,Benin City Farm Site 5202,farm,103 James Lock Apt. 640,Benin City,NG,12.719894,26.290349
5203,Uyo Farm Site 5203,farm,61414 Snyder Corners,Uyo,NG,5.061046,1.261179
5204,Mombasa Farm Site 5204,farm,0951 Kenneth Roads,Mombasa,KE,9.704766,37.591835
5205,Ibadan Farm Site 5205,farm,5269 Johns Fort,Ibadan,NG,5.349293,8.246372
5206,Ibadan Farm Site 5206,farm,6335 James View,Ibadan,NG,7.649092,30.050269
5207,Kano Farm Site 5207,farm,138 Robert Turnpike Suite 503,Kano,NG,8.864535,17.719106
5208,Port Harcourt Farm Site 5208,farm,26756 Stephanie Ramp Apt. 384,Port Harcourt,NG,11.559444,12.891413
5209,Ibadan Farm Site 5209,farm,898 Garrison Rue Apt. 362,Ibadan,NG,8.223592,13.378098
5210,Ibadan Farm Site 5210,farm,880 Cole Station Apt. 615,Ibadan,NG,12.052838,1.869089
5211,Kano Farm Site 5211,farm,3721 Velazquez Mountains Suite 607,Kano,NG,4.361947,24.82157
5212,Port Harcourt Farm Site 5212,farm,08461 Ochoa Estate Apt. 249,Port Harcourt,NG,7.612201,16.057075
5213,Kano Farm Site 5213,farm,5680 Smith Port,Kano,NG,11.176734,16.935199
5214,Uyo Farm Site 5214,farm,11670 Horton Ridge Apt. 628,Uyo,NG,10.963547,34.854271
5215,Takoradi Farm Site 5215,farm,8538 Brad Land Apt. 791,Takoradi,GH,9.485415,39.405732
5216,Benin City Farm Site 5216,farm,842 Kayla Port Suite 527,Benin City,NG,10.538418,11.078581
5217,Kano Farm Site 5217,farm,507 Callahan Drive Apt. 965,Kano,NG,8.67558,4.169153
5218,Benin City Farm Site 5218,farm,8841 Sarah Villages,Benin City,NG,10.661013,12.121494
5219,Uyo Farm Site 5219,farm,992 Gregory Cliff,Uyo,NG,11.889993,30.31988
5220,Nairobi Farm Site 5220,farm,27453 Molina Vista Suite 848,Nairobi,KE,11.110985,-0.950332
5221,Kano Farm Site 5221,farm,4638 Matthew Inlet Suite 941,Kano,NG,9.505767,9.350199
5222,Mombasa Farm Site 5222,farm,0339 Linda Point Suite 064,Mombasa,KE,11.730158,23.014217
5223,Uyo Farm Site 5223,farm,1392 Jennifer Prairie,Uyo,NG,5.083064,30.838495
5224,Lagos Farm Site 5224,farm,07991 Kevin Fields,Lagos,NG,5.143296,1.908786
5225,Benin City Farm Site 5225,farm,682 Christopher Locks Apt. 602,Benin City,NG,12.614367,9.130966
5226,Abuja Farm Site 5226,farm,593 Woods Meadow,Abuja,NG,4.312998,15.495628
5227,Abuja Farm Site 5227,farm,9801 Frank Route,Abuja,NG,6.109618,37.147415
5228,Accra Farm Site 5228,farm,01773 Melissa Burg,Accra,GH,5.458937,38.964292
5229,Abuja Farm Site 5229,farm,71684 Henderson Island Suite 307,Abuja,NG,13.467444,35.567692
5230,Port Harcourt Farm Site 5230,farm,4116 Bullock Dale Suite 003,Port Harcourt,NG,10.883292,10.143622
5231,Benin City Farm Site 5231,farm,8174 Devin Valley,Benin City,NG,5.09672,18.660491
5232,Kano Farm Site 5232,farm,982 Ayala Mountains,Kano,NG,11.999838,23.602239
5233,Lagos Farm Site 5233,farm,08320 Carter Underpass Apt. 097,Lagos,NG,4.96758,16.673895
5234,Takoradi Farm Site 5234,farm,8740 Campbell Camp,Takoradi,GH,9.408265,5.761213
5235,Accra Farm Site 5235,farm,7118 David Ford Apt. 928,Accra,GH,10.159978,37.552917
5236,Kano Farm Site 5236,farm,06889 Brown Street Suite 053,Kano,NG,5.576198,33.302124
5237,Accra Farm Site 5237,farm,362 Roberts Grove,Accra,GH,7.276455,14.361179
5238,Abuja Farm Site 5238,farm,6025 Martin Rue Suite 139,Abuja,NG,12.770933,2.215017
5239,Ibadan Farm Site 5239,farm,70107 Roberts Keys Apt. 598,Ibadan,NG,4.233479,11.576356
5240,Mombasa Farm Site 5240,farm,350 Gary Garden Suite 133,Mombasa,KE,9.496753,-3.286813
5241,Kumasi Farm Site 5241,farm,9482 Brandon Neck,Kumasi,GH,12.968139,9.989701
5242,Takoradi Farm Site 5242,farm,482 Kara Fork,Takoradi,GH,10.119759,14.900884
5243,Accra Farm Site 5243,farm,280 Joanna Islands Suite 777,Accra,GH,5.966968,14.253192
5244,Enugu Farm Site 5244,farm,53032 Brianna Spur Apt. 264,Enugu,NG,8.917387,7.80653
5245,Ibadan Farm Site 5245,farm,112 Gibbs Knolls,Ibadan,NG,4.949957,39.37568
5246,Lagos Farm Site 5246,farm,0886 Arias Route,Lagos,NG,5.972917,26.837738
5247,Kumasi Farm Site 5247,farm,825 Helen Gateway,Kumasi,GH,13.028356,30.610958
5248,Nairobi Farm Site 5248,farm,47652 Mendoza Circle,Nairobi,KE,9.468962,27.766211
5249,Kano Farm Site 5249,farm,76276 Charles Coves,Kano,NG,11.173514,34.21027
5250,Uyo Farm Site 5250,farm,447 Benjamin Lake,Uyo,NG,11.182297,27.66669
5251,Benin City Farm Site 5251,farm,459 Taylor Knoll,Benin City,NG,9.88613,3.307741
5252,Mombasa Farm Site 5252,farm,148 Ramos Rue Apt. 455,Mombasa,KE,11.633558,28.266267
5253,Port Harcourt Farm Site 5253,farm,421 Paul Burgs,Port Harcourt,NG,12.569869,25.414754
5254,Abuja Farm Site 5254,farm,506 Cassie Drive Suite 762,Abuja,NG,6.211782,-1.980656
5255,Port Harcourt Farm Site 5255,farm,62202 Kathryn Throughway,Port Harcourt,NG,9.608486,23.008684
5256,Lagos Farm Site 5256,farm,3524 Timothy Manors Suite 692,Lagos,NG,10.660327,33.961147
5257,Port Harcourt Farm Site 5257,farm,489 Johnson Lake,Port Harcourt,NG,10.243072,3.091846
5258,Enugu Farm Site 5258,farm,145 Amanda Spur,Enugu,NG,4.780132,21.437929
5259,Ibadan Farm Site 5259,farm,5364 Brooke Lodge,Ibadan,NG,5.486494,6.34913
5260,Benin City Farm Site 5260,farm,602 Alison Mews,Benin City,NG,4.307417,32.580343
5261,Kisumu Farm Site 5261,farm,725 Kim Camp Apt. 585,Kisumu,KE,9.250795,34.548052
5262,Abuja Farm Site 5262,farm,9184 James Isle,Abuja,NG,8.979877,2.075773
5263,Port Harcourt Farm Site 5263,farm,10965 Butler Mountain,Port Harcourt,NG,12.646916,8.394829
5264,Kisumu Farm Site 5264,farm,9338 Houston Throughway Apt. 195,Kisumu,KE,4.359997,25.222372
5265,Enugu Farm Site 5265,farm,166 Hicks Knolls,Enugu,NG,6.339113,29.409286
5266,Lagos Farm Site 5266,farm,78236 Joseph Alley Suite 475,Lagos,NG,13.202598,10.864893
5267,Uyo Farm Site 5267,farm,803 Watson Meadows,Uyo,NG,4.212625,-2.609247
5268,Lagos Farm Site 5268,farm,08129 May Circles Apt. 936,Lagos,NG,4.982751,32.309385
5269,Enugu Farm Site 5269,farm,061 White Mountain,Enugu,NG,12.331426,37.783243
5270,Benin City Farm Site 5270,farm,2601 Billy Lodge Suite 994,Benin City,NG,9.844575,23.001721
5271,Enugu Farm Site 5271,farm,7712 Brian Locks Apt. 395,Enugu,NG,7.853637,8.85157
5272,Ibadan Farm Site 5272,farm,9878 Katherine Estates,Ibadan,NG,4.412233,24.482943
5273,Port Harcourt Farm Site 5273,farm,015 Logan Way,Port Harcourt,NG,7.483534,-0.691564
5274,Mombasa Farm Site 5274,farm,72713 Emily Union Apt. 963,Mombasa,KE,9.451211,24.683942
5275,Uyo Farm Site 5275,farm,334 West Mountains,Uyo,NG,12.409673,29.720671
5276,Uyo Farm Site 5276,farm,0688 Clayton Burgs,Uyo,NG,8.276772,8.808837
5277,Abuja Farm Site 5277,farm,59211 Jessica Mountains,Abuja,NG,6.242412,13.543514
5278,Enugu Farm Site 5278,farm,0548 Rivera Brook,Enugu,NG,11.076795,13.234191
5279,Ibadan Farm Site 5279,farm,05929 Kimberly Cliff Apt. 703,Ibadan,NG,12.172573,39.473558
5280,Uyo Farm Site 5280,farm,7154 Brady Trail Apt. 135,Uyo,NG,7.572743,28.40114
5281,Ibadan Farm Site 5281,farm,5151 Christopher Cape Suite 495,Ibadan,NG,5.371445,25.597465
5282,Takoradi Farm Site 5282,farm,046 Ritter Points Suite 751,Takoradi,GH,10.577889,39.497256
5283,Benin City Farm Site 5283,farm,81293 Fisher Skyway Suite 944,Benin City,NG,4.686877,1.984744
5284,Lagos Farm Site 5284,farm,181 Mckenzie Bypass Apt. 117,Lagos,NG,11.121034,2.201527
5285,Uyo Farm Site 5285,farm,479 Melinda Brooks,Uyo,NG,9.044414,11.590488
5286,Enugu Farm Site 5286,farm,917 Lewis Lake Apt. 138,Enugu,NG,10.051847,28.222681
5287,Ibadan Farm Site 5287,farm,1546 Crawford Lights Apt. 325,Ibadan,NG,13.490766,38.348506
5288,Nakuru Farm Site 5288,farm,6430 Garza Summit Apt. 583,Nakuru,KE,9.283012,16.709136
5289,Enugu Farm Site 5289,farm,3076 Taylor Brooks,Enugu,NG,6.543672,-3.162151
5290,Tamale Farm Site 5290,farm,1623 Zachary Trace,Tamale,GH,5.366593,31.325964
5291,Benin City Farm Site 5291,farm,6930 Jack Mews,Benin City,NG,5.189381,20.257594
5292,Uyo Farm Site 5292,farm,7299 Jacob Bridge Apt. 749,Uyo,NG,9.595756,33.356072
5293,Uyo Farm Site 5293,farm,33015 Melton Roads Apt. 709,Uyo,NG,4.869366,-0.755619
5294,Uyo Farm Site 5294,farm,7564 Marshall Trafficway Suite 367,Uyo,NG,6.14892,7.193032
5295,Port Harcourt Farm Site 5295,farm,1401 Rogers Extension Apt. 563,Port Harcourt,NG,10.714775,4.847656
5296,Kumasi Farm Site 5296,farm,43736 Weaver Brooks Apt. 773,Kumasi,GH,4.625325,18.210239
5297,Port Harcourt Farm Site 5297,farm,6824 Jennifer Mount Suite 872,Port Harcourt,NG,11.116075,28.658204
5298,Tamale Farm Site 5298,farm,39124 Larson View,Tamale,GH,7.806815,3.078968
5299,Enugu Farm Site 5299,farm,7393 David Hills,Enugu,NG,11.574303,-0.741543
5300,Nakuru Farm Site 5300,farm,6978 Morrison Mountains Apt. 173,Nakuru,KE,5.859958,27.028882
5301,Lagos Farm Site 5301,farm,493 Smith Corners,Lagos,NG,11.306548,30.753471
5302,Enugu Farm Site 5302,farm,22836 Wendy Skyway Suite 296,Enugu,NG,11.466038,19.655631
5303,Abuja Farm Site 5303,farm,1924 Sandra Avenue Suite 661,Abuja,NG,5.350332,10.519119
5304,Abuja Farm Site 5304,farm,270 Jason Motorway Apt. 944,Abuja,NG,8.972063,5.163254
5305,Nakuru Farm Site 5305,farm,62977 Christina Groves,Nakuru,KE,11.717979,25.861256
5306,Enugu Farm Site 5306,farm,066 Taylor Islands Suite 926,Enugu,NG,7.421462,24.454237
5307,Kumasi Farm Site 5307,farm,5708 Ernest Ramp Apt. 547,Kumasi,GH,7.268086,9.567382
5308,Accra Farm Site 5308,farm,99329 Logan Mount,Accra,GH,4.511576,23.227966
5309,Lagos Farm Site 5309,farm,9402 Lori Hill Suite 908,Lagos,NG,11.382838,-3.321441
5310,Takoradi Farm Site 5310,farm,264 Mcdowell Route,Takoradi,GH,10.003068,34.844539
5311,Nairobi Farm Site 5311,farm,100 Edwards Common Suite 863,Nairobi,KE,7.040249,5.021898
5312,Enugu Farm Site 5312,farm,292 Mason Avenue,Enugu,NG,10.592847,36.738953
5313,Benin City Farm Site 5313,farm,76605 Alvarado Keys,Benin City,NG,4.807002,14.407056
5314,Accra Farm Site 5314,farm,586 Moreno Ford Apt. 485,Accra,GH,8.266922,12.38117
5315,Uyo Farm Site 5315,farm,98016 Pope Light Suite 032,Uyo,NG,4.91494,30.042983
5316,Benin City Farm Site 5316,farm,11093 Hutchinson Ferry Apt. 224,Benin City,NG,5.315246,19.636063
5317,Lagos Farm Site 5317,farm,49852 Benjamin View Apt. 426,Lagos,NG,5.891134,10.512153
5318,Tamale Farm Site 5318,farm,6499 Estrada Union,Tamale,GH,12.799956,11.766052
5319,Abuja Farm Site 5319,farm,307 Noah Summit,Abuja,NG,4.877351,19.4221
5320,Accra Farm Site 5320,farm,785 Russell Forest,Accra,GH,10.25825,14.301351
5321,Uyo Farm Site 5321,farm,49180 Clark Gateway Apt. 540,Uyo,NG,12.106495,1.44174
5322,Uyo Farm Site 5322,farm,711 Jones Meadows,Uyo,NG,4.171999,33.300242
5323,Abuja Farm Site 5323,farm,664 Holly Dam Apt. 919,Abuja,NG,4.717223,20.559836
5324,Takoradi Farm Site 5324,farm,0619 Leslie Mission,Takoradi,GH,5.417942,34.766531
5325,Takoradi Farm Site 5325,farm,8619 Sanchez Estate Apt. 876,Takoradi,GH,4.789763,11.772374
5326,Kisumu Farm Site 5326,farm,47133 Thompson Fall Apt. 772,Kisumu,KE,7.992422,20.729708
5327,Lagos Farm Site 5327,farm,12951 Ronald Point,Lagos,NG,5.98785,20.454576
5328,Tamale Farm Site 5328,farm,63382 Mcdaniel Station,Tamale,GH,9.413792,17.896347
5329,Ibadan Farm Site 5329,farm,6144 Joel Island,Ibadan,NG,11.138351,16.746948
5330,Kumasi Farm Site 5330,farm,265 Collins Stream Suite 647,Kumasi,GH,11.705073,35.722133
5331,Ibadan Farm Site 5331,farm,402 Jonathan Greens,Ibadan,NG,6.843924,-2.099746
5332,Abuja Farm Site 5332,farm,43161 Larson Dam,Abuja,NG,5.718577,-2.105792
5333,Enugu Farm Site 5333,farm,88674 Maldonado Harbor,Enugu,NG,7.678507,24.636221
5334,Kumasi Farm Site 5334,farm,50420 Cruz Springs Suite 407,Kumasi,GH,8.689404,5.405504
5335,Enugu Farm Site 5335,farm,63262 Troy Hills Apt. 043,Enugu,NG,5.532902,7.900723
5336,Benin City Farm Site 5336,farm,4465 Mallory Mountain,Benin City,NG,7.944716,0.147802
5337,Ibadan Farm Site 5337,farm,9662 Jay Trafficway,Ibadan,NG,9.495836,-0.341941
5338,Enugu Farm Site 5338,farm,934 Rivera River Suite 171,Enugu,NG,5.118978,-2.490598
5339,Kano Farm Site 5339,farm,7910 Jose Groves,Kano,NG,7.117652,29.144542
5340,Accra Farm Site 5340,farm,6722 White Throughway Suite 497,Accra,GH,4.735061,35.56349
5341,Abuja Farm Site 5341,farm,64047 Reed Locks,Abuja,NG,12.556479,9.646279
5342,Tamale Farm Site 5342,farm,4335 Howell Shoals Apt. 885,Tamale,GH,12.566368,40.178159
5343,Lagos Farm Site 5343,farm,83453 Villanueva Orchard Apt. 419,Lagos,NG,13.474424,16.313377
5344,Port Harcourt Farm Site 5344,farm,7995 White Extensions Suite 754,Port Harcourt,NG,6.724848,3.171012
5345,Benin City Farm Site 5345,farm,12919 Diane Parks Apt. 574,Benin City,NG,9.871363,29.762263
5346,Nairobi Farm Site 5346,farm,219 Scott Cliffs,Nairobi,KE,7.602769,4.832799
5347,Kano Farm Site 5347,farm,7570 Roberts Pike Apt. 192,Kano,NG,12.673356,5.600224
5348,Nairobi Farm Site 5348,farm,6799 Christine Forges Suite 859,Nairobi,KE,13.058973,18.580427
5349,Port Harcourt Farm Site 5349,farm,38054 Shepard Pines,Port Harcourt,NG,9.142059,36.364758
5350,Benin City Farm Site 5350,farm,6966 Edward Avenue,Benin City,NG,4.18278,40.461361
5351,Abuja Farm Site 5351,farm,303 Sarah Dale Suite 284,Abuja,NG,10.882703,34.538274
5352,Accra Farm Site 5352,farm,08609 Lewis Fork,Accra,GH,10.150805,5.809402
5353,Lagos Farm Site 5353,farm,35427 White Turnpike Apt. 535,Lagos,NG,13.466258,3.429455
5354,Lagos Farm Site 5354,farm,330 Mark Summit,Lagos,NG,6.839223,-2.804436
5355,Port Harcourt Farm Site 5355,farm,68456 Edwards Extension Apt. 375,Port Harcourt,NG,11.237154,2.571626
5356,Takoradi Farm Site 5356,farm,182 Johnston Harbor Apt. 053,Takoradi,GH,6.085792,26.675577
5357,Uyo Farm Site 5357,farm,12101 King Falls Apt. 419,Uyo,NG,13.057833,32.178594
5358,Benin City Farm Site 5358,farm,47058 Benjamin Parkways Suite 243,Benin City,NG,8.726064,26.54992
5359,Abuja Farm Site 5359,farm,266 Taylor Forks,Abuja,NG,5.264167,40.57548
5360,Takoradi Farm Site 5360,farm,81314 Nicholson Trail,Takoradi,GH,13.269141,13.906863
5361,Kumasi Farm Site 5361,farm,7828 Lopez Fork,Kumasi,GH,8.713899,-0.949187
5362,Enugu Farm Site 5362,farm,281 Mack Glen,Enugu,NG,9.019995,-0.63265
5363,Benin City Farm Site 5363,farm,82695 Sims Burgs,Benin City,NG,9.882269,27.327439
5364,Lagos Farm Site 5364,farm,357 Thomas Isle Apt. 767,Lagos,NG,5.945496,33.545949
5365,Tamale Farm Site 5365,farm,239 Gomez Ramp Apt. 322,Tamale,GH,7.008185,33.287492
5366,Kano Farm Site 5366,farm,8864 Christopher Keys Apt. 224,Kano,NG,9.193667,15.121933
5367,Ibadan Farm Site 5367,farm,5729 Kyle Hills Suite 444,Ibadan,NG,5.865478,5.461879
5368,Abuja Farm Site 5368,farm,424 Cherry Crest Suite 230,Abuja,NG,5.724474,23.835991
5369,Kano Farm Site 5369,farm,275 Kevin Rapids,Kano,NG,8.220332,26.35889
5370,Abuja Farm Site 5370,farm,97086 Mendez Ports,Abuja,NG,11.311672,26.384064
5371,Kano Farm Site 5371,farm,49108 Austin Street,Kano,NG,9.189463,24.415545
5372,Kano Farm Site 5372,farm,5454 Christina Neck,Kano,NG,12.237685,31.37164
5373,Kumasi Farm Site 5373,farm,50519 Johnson Loaf Suite 085,Kumasi,GH,8.914031,39.838764
5374,Kisumu Farm Site 5374,farm,091 Rich Station,Kisumu,KE,6.503678,17.833895
5375,Kumasi Farm Site 5375,farm,0656 Hernandez Green,Kumasi,GH,4.185837,29.810757
5376,Benin City Farm Site 5376,farm,4158 Garcia Brooks Suite 703,Benin City,NG,10.425055,8.229674
5377,Ibadan Farm Site 5377,farm,568 Friedman Common Suite 649,Ibadan,NG,11.800148,-2.009392
5378,Kumasi Farm Site 5378,farm,9096 Pamela Neck,Kumasi,GH,6.739656,2.701757
5379,Abuja Farm Site 5379,farm,348 Austin Keys Apt. 065,Abuja,NG,9.056173,38.948983
5380,Enugu Farm Site 5380,farm,4615 Jordan Mission,Enugu,NG,11.989088,6.83588
5381,Lagos Farm Site 5381,farm,208 Nathan Causeway,Lagos,NG,9.374892,31.887575
5382,Kano Farm Site 5382,farm,918 Amy Parkway Suite 650,Kano,NG,7.779914,24.669385
5383,Lagos Farm Site 5383,farm,62428 Michael Centers Apt. 204,Lagos,NG,6.142994,-3.214402
5384,Nairobi Farm Site 5384,farm,643 Williams Shore Apt. 135,Nairobi,KE,5.160446,32.529854
5385,Tamale Farm Site 5385,farm,547 Ruiz Groves Apt. 942,Tamale,GH,13.331943,27.582294
5386,Accra Farm Site 5386,farm,3976 Christopher Knolls Apt. 714,Accra,GH,10.651227,14.082312
5387,Lagos Farm Site 5387,farm,542 Long Landing,Lagos,NG,10.755433,28.461877
5388,Abuja Farm Site 5388,farm,819 Branch Street,Abuja,NG,4.94861,37.57157
5389,Enugu Farm Site 5389,farm,745 Wilson Freeway Apt. 928,Enugu,NG,7.692171,14.287817
5390,Abuja Farm Site 5390,farm,216 Sheri Junction Apt. 462,Abuja,NG,10.199171,30.036775
5391,Kano Farm Site 5391,farm,26014 Erik Avenue,Kano,NG,9.959104,27.406685
5392,Kumasi Farm Site 5392,farm,7206 Shelton Curve,Kumasi,GH,4.670514,35.35848
5393,Tamale Farm Site 5393,farm,2906 Taylor Greens,Tamale,GH,6.126898,29.954336
5394,Kano Farm Site 5394,farm,947 Eric Street,Kano,NG,9.207457,27.948168
5395,Benin City Farm Site 5395,farm,163 Jacqueline View Apt. 735,Benin City,NG,9.175447,30.793232
5396,Enugu Farm Site 5396,farm,83366 Robert Extension Suite 568,Enugu,NG,8.5567,1.583709
5397,Ibadan Farm Site 5397,farm,09261 Lynn Lodge Apt. 591,Ibadan,NG,5.451823,10.563336
5398,Lagos Farm Site 5398,farm,29670 Alan Forges Suite 114,Lagos,NG,5.866109,28.225987
5399,Mombasa Farm Site 5399,farm,1047 Nancy Tunnel Suite 275,Mombasa,KE,5.435207,33.479955
5400,Benin City Farm Site 5400,farm,4723 Gonzales Locks,Benin City,NG,8.204715,24.988822
5401,Kano Farm Site 5401,farm,9330 Micheal Prairie,Kano,NG,6.349541,2.39333
5402,Kano Farm Site 5402,farm,105 Owens Rapids,Kano,NG,10.628136,22.166879
5403,Lagos Farm Site 5403,farm,5449 Pamela Passage Apt. 401,Lagos,NG,12.040431,19.762496
5404,Ibadan Farm Site 5404,farm,043 Campbell Terrace Suite 453,Ibadan,NG,12.024437,22.976999
5405,Enugu Farm Site 5405,farm,9453 Brandon Orchard Suite 306,Enugu,NG,7.762498,27.691296
5406,Enugu Farm Site 5406,farm,5013 Burke Divide Apt. 985,Enugu,NG,11.631518,22.293809
5407,Mombasa Farm Site 5407,farm,158 Kevin Trace Apt. 284,Mombasa,KE,13.439002,26.358144
5408,Accra Farm Site 5408,farm,19292 Bobby Square Suite 655,Accra,GH,11.760179,27.609115
5409,Benin City Farm Site 5409,farm,659 Amy Roads Suite 927,Benin City,NG,6.394104,26.708378
5410,Port Harcourt Farm Site 5410,farm,150 Paul Forks Suite 522,Port Harcourt,NG,10.25955,20.228378
5411,Mombasa Farm Site 5411,farm,09111 Garcia Land,Mombasa,KE,4.667649,25.895292
5412,Kano Farm Site 5412,farm,23290 Laura Dale Suite 234,Kano,NG,4.681348,25.136519
5413,Ibadan Farm Site 5413,farm,8013 Sellers Tunnel,Ibadan,NG,8.884949,8.761365
5414,Benin City Farm Site 5414,farm,88031 Noah Centers,Benin City,NG,8.638329,15.731498
5415,Ibadan Farm Site 5415,farm,2643 Thomas Overpass Apt. 372,Ibadan,NG,13.267515,19.877909
5416,Lagos Farm Site 5416,farm,378 Gray Crest Apt. 304,Lagos,NG,6.34127,33.155853
5417,Enugu Farm Site 5417,farm,952 Thompson Ridges Suite 720,Enugu,NG,4.732805,40.311672
5418,Uyo Farm Site 5418,farm,6022 Calderon Falls,Uyo,NG,10.964931,-2.750206
5419,Mombasa Farm Site 5419,farm,697 Emily Islands,Mombasa,KE,12.147128,30.019526
5420,Benin City Farm Site 5420,farm,644 Raymond Plaza,Benin City,NG,10.333659,33.921214
5421,Port Harcourt Farm Site 5421,farm,4258 Rogers Spurs Suite 051,Port Harcourt,NG,7.057261,36.922602
5422,Kano Farm Site 5422,farm,56867 Bryant Groves Apt. 868,Kano,NG,4.253857,15.232711
5423,Kano Farm Site 5423,farm,541 Adams Expressway Suite 728,Kano,NG,8.068803,20.389432
5424,Nakuru Farm Site 5424,farm,7660 Daniels Fall,Nakuru,KE,9.069646,21.165087
5425,Kisumu Farm Site 5425,farm,68763 Hannah Streets,Kisumu,KE,10.95756,34.246413
5426,Ibadan Farm Site 5426,farm,1929 Medina Groves Suite 754,Ibadan,NG,11.87598,8.979187
5427,Lagos Farm Site 5427,farm,82159 Dunn Grove,Lagos,NG,13.242581,12.601129
5428,Port Harcourt Farm Site 5428,farm,822 Perez Fields,Port Harcourt,NG,7.714516,35.844583
5429,Enugu Farm Site 5429,farm,6091 Brown Path Suite 189,Enugu,NG,8.362074,-0.108618
5430,Accra Farm Site 5430,farm,2903 Stewart Centers,Accra,GH,5.712358,3.12535
5431,Abuja Farm Site 5431,farm,11828 Heidi Vista Suite 461,Abuja,NG,6.041277,20.438592
5432,Ibadan Farm Site 5432,farm,143 Elizabeth Junctions Suite 214,Ibadan,NG,12.130139,-1.418324
5433,Port Harcourt Farm Site 5433,farm,0423 Susan Key Suite 461,Port Harcourt,NG,9.296419,27.468195
5434,Kumasi Farm Site 5434,farm,1879 Gregory Rest,Kumasi,GH,8.742181,37.588785
5435,Kisumu Farm Site 5435,farm,030 Kimberly Route,Kisumu,KE,9.110663,29.920649
5436,Lagos Farm Site 5436,farm,75519 Patel Greens,Lagos,NG,12.593513,2.676296
5437,Ibadan Farm Site 5437,farm,0657 Daniel Extension Suite 396,Ibadan,NG,11.096706,10.165696
5438,Abuja Farm Site 5438,farm,1628 Chelsea Ferry,Abuja,NG,5.995168,20.349347
5439,Kumasi Farm Site 5439,farm,5613 Brianna Pine Apt. 635,Kumasi,GH,7.353361,29.897063
5440,Lagos Farm Site 5440,farm,867 Esparza Cove,Lagos,NG,12.282485,34.684837
5441,Benin City Farm Site 5441,farm,50852 Melissa Drive Apt. 404,Benin City,NG,13.297063,-3.317567
5442,Kano Farm Site 5442,farm,3592 Nelson Row,Kano,NG,10.755441,18.140771
5443,Uyo Farm Site 5443,farm,0019 Andrew Cliff Suite 534,Uyo,NG,12.82757,14.705032
5444,Uyo Farm Site 5444,farm,751 Richard Path Suite 217,Uyo,NG,11.34319,32.985707
5445,Port Harcourt Farm Site 5445,farm,6269 Jeffrey Square,Port Harcourt,NG,11.685593,15.468433
5446,Kano Farm Site 5446,farm,74420 Hernandez Passage,Kano,NG,8.881464,4.877769
5447,Accra Farm Site 5447,farm,2323 April Spurs,Accra,GH,13.203787,5.584267
5448,Accra Farm Site 5448,farm,44298 Madison Gateway Apt. 962,Accra,GH,11.595036,33.00506
5449,Ibadan Farm Site 5449,farm,5451 Melissa Ridges,Ibadan,NG,8.552317,12.097943
5450,Uyo Farm Site 5450,farm,93364 Mcintyre Bridge Suite 843,Uyo,NG,13.171954,8.144968
5451,Mombasa Farm Site 5451,farm,87315 Mcdonald Cliff Suite 542,Mombasa,KE,4.433853,25.176803
5452,Benin City Farm Site 5452,farm,3727 Sandra Flats,Benin City,NG,12.65501,33.309851
5453,Mombasa Farm Site 5453,farm,5247 Avila Drive Suite 123,Mombasa,KE,12.168459,-0.31223
5454,Kisumu Farm Site 5454,farm,976 Martinez Pass,Kisumu,KE,7.139839,27.938829
5455,Enugu Farm Site 5455,farm,19855 Hubbard Corner Apt. 605,Enugu,NG,8.566007,37.760893
5456,Abuja Farm Site 5456,farm,31889 Robert Forest,Abuja,NG,8.817056,2.940616
5457,Ibadan Farm Site 5457,farm,4082 Johnson Ranch,Ibadan,NG,8.320084,35.845499
5458,Kumasi Farm Site 5458,farm,1990 Nicole View,Kumasi,GH,9.831277,13.008803
5459,Port Harcourt Farm Site 5459,farm,311 Collins Streets,Port Harcourt,NG,5.194017,15.710242
5460,Mombasa Farm Site 5460,farm,7202 Ellis Falls Suite 745,Mombasa,KE,4.189542,40.89262
5461,Nairobi Farm Site 5461,farm,2712 Martinez Springs Suite 345,Nairobi,KE,12.950089,2.97613
5462,Kano Farm Site 5462,farm,755 Jessica Plains,Kano,NG,10.07614,15.182234
5463,Lagos Farm Site 5463,farm,55266 Mclaughlin Mission Suite 121,Lagos,NG,9.781064,2.420546
5464,Takoradi Farm Site 5464,farm,8521 Murphy Drives Apt. 739,Takoradi,GH,4.390547,-1.971577
5465,Port Harcourt Farm Site 5465,farm,731 Michele Locks,Port Harcourt,NG,10.877174,9.74314
5466,Port Harcourt Farm Site 5466,farm,23276 Anthony Neck Apt. 524,Port Harcourt,NG,4.494713,4.579808
5467,Kano Farm Site 5467,farm,732 Bailey Shoal,Kano,NG,6.886962,14.698478
5468,Nairobi Farm Site 5468,farm,22146 Lauren Shore Apt. 101,Nairobi,KE,4.002802,29.797317
5469,Tamale Farm Site 5469,farm,12959 Donald Passage,Tamale,GH,5.066781,-3.150762
5470,Uyo Farm Site 5470,farm,89458 Young Prairie Apt. 946,Uyo,NG,7.188429,21.892611
5471,Accra Farm Site 5471,farm,9562 Wilson Cape Apt. 441,Accra,GH,12.228019,32.168005
5472,Port Harcourt Farm Site 5472,farm,1305 Andres Plaza,Port Harcourt,NG,7.060923,28.886499
5473,Takoradi Farm Site 5473,farm,085 Justin Fork Suite 546,Takoradi,GH,12.593324,5.561824
5474,Benin City Farm Site 5474,farm,02418 Peters Circles,Benin City,NG,12.36252,35.951008
5475,Benin City Farm Site 5475,farm,551 Manning Street,Benin City,NG,10.821951,18.179294
5476,Mombasa Farm Site 5476,farm,7860 Torres Parkway,Mombasa,KE,11.654551,23.713932
5477,Enugu Farm Site 5477,farm,58347 Jimenez Dale Suite 998,Enugu,NG,8.383218,34.112784
5478,Ibadan Farm Site 5478,farm,6603 Donna Lock Apt. 990,Ibadan,NG,11.852021,15.118522
5479,Uyo Farm Site 5479,farm,392 Heather Well Apt. 553,Uyo,NG,10.334852,40.553996
5480,Uyo Farm Site 5480,farm,815 Cynthia Place Suite 036,Uyo,NG,6.06414,17.232519
5481,Kumasi Farm Site 5481,farm,4379 Evans Rapid Suite 136,Kumasi,GH,4.373025,20.356491
5482,Benin City Farm Site 5482,farm,746 Samantha Curve Apt. 968,Benin City,NG,5.766921,31.835191
5483,Kano Farm Site 5483,farm,92204 Kayla Shoal Suite 291,Kano,NG,5.543306,18.369424
5484,Lagos Farm Site 5484,farm,937 Nunez Ranch Apt. 649,Lagos,NG,5.991418,6.715449
5485,Takoradi Farm Site 5485,farm,20208 Rice Plains Suite 239,Takoradi,GH,7.257605,35.706197
5486,Accra Farm Site 5486,farm,72391 Aguilar Wall Apt. 501,Accra,GH,6.602567,39.237873
5487,Kisumu Farm Site 5487,farm,6920 Lewis Walk Suite 199,Kisumu,KE,4.115447,-0.314537
5488,Ibadan Farm Site 5488,farm,3707 Taylor Stravenue,Ibadan,NG,6.267765,40.899043
5489,Enugu Farm Site 5489,farm,001 Contreras Valleys Apt. 776,Enugu,NG,7.715083,24.053828
5490,Benin City Farm Site 5490,farm,865 Matthew Heights Suite 764,Benin City,NG,10.801097,30.715383
5491,Port Harcourt Farm Site 5491,farm,35816 Harrington Stravenue Suite 356,Port Harcourt,NG,5.843659,3.901381
5492,Ibadan Farm Site 5492,farm,10337 Bell Haven,Ibadan,NG,9.837591,0.094777
5493,Port Harcourt Farm Site 5493,farm,2000 Walters Shoal Apt. 613,Port Harcourt,NG,10.373548,1.916083
5494,Uyo Farm Site 5494,farm,535 Maxwell Dale Suite 808,Uyo,NG,11.628258,1.77762
5495,Accra Farm Site 5495,farm,543 Hoffman Crescent,Accra,GH,13.197267,33.57308
5496,Nakuru Farm Site 5496,farm,9940 Jeffrey Pass,Nakuru,KE,9.010623,27.763538
5497,Kumasi Farm Site 5497,farm,98364 Davis Stravenue,Kumasi,GH,10.288655,30.108629
5498,Nakuru Farm Site 5498,farm,86895 Barrett Trafficway Apt. 993,Nakuru,KE,11.65323,15.81789
5499,Lagos Farm Site 5499,farm,1888 Jerome Villages Suite 386,Lagos,NG,9.056732,14.885144
5500,Nairobi Farm Site 5500,farm,1564 Martinez Gardens,Nairobi,KE,11.682298,10.381495
5501,Abuja Farm Site 5501,farm,1586 Snow Course,Abuja,NG,4.128337,14.223949
5502,Enugu Farm Site 5502,farm,5078 Tucker Alley Suite 331,Enugu,NG,9.021154,31.092942
5503,Takoradi Farm Site 5503,farm,39497 Michael Dam Apt. 084,Takoradi,GH,6.627337,32.425715
5504,Abuja Farm Site 5504,farm,6614 Mack Ford,Abuja,NG,4.434809,14.347406
5505,Port Harcourt Farm Site 5505,farm,9766 Williams Trail Suite 090,Port Harcourt,NG,9.291298,32.154702
5506,Takoradi Farm Site 5506,farm,04621 Melanie Road Suite 692,Takoradi,GH,8.121667,-3.37628
5507,Benin City Farm Site 5507,farm,99469 Kelly Pass,Benin City,NG,10.956521,0.443731
5508,Port Harcourt Farm Site 5508,farm,53330 Michael Burg,Port Harcourt,NG,10.157316,16.912763
5509,Abuja Farm Site 5509,farm,0844 Jordan Flats Apt. 214,Abuja,NG,7.402096,27.63419
5510,Lagos Farm Site 5510,farm,440 Michaela Light,Lagos,NG,8.352402,21.492907
5511,Kano Farm Site 5511,farm,503 Hanna Garden,Kano,NG,6.420386,21.314958
5512,Benin City Farm Site 5512,farm,3266 Roger Club Apt. 358,Benin City,NG,10.206354,20.692552
5513,Kisumu Farm Site 5513,farm,99369 Curry Lights Apt. 440,Kisumu,KE,7.923085,12.482583
5514,Takoradi Farm Site 5514,farm,69822 Simmons Ridge Suite 672,Takoradi,GH,9.226237,4.133307
5515,Uyo Farm Site 5515,farm,9440 Bowman Plaza,Uyo,NG,4.410771,3.597611
5516,Mombasa Farm Site 5516,farm,8479 Brandon Via Apt. 111,Mombasa,KE,9.388865,19.252832
5517,Takoradi Farm Site 5517,farm,665 Price Trail Suite 688,Takoradi,GH,13.315306,6.628512
5518,Abuja Farm Site 5518,farm,53248 Martinez Extensions Apt. 511,Abuja,NG,10.415905,14.595597
5519,Mombasa Farm Site 5519,farm,33197 Bruce Row,Mombasa,KE,5.423239,17.528339
5520,Enugu Farm Site 5520,farm,162 Jenkins Ville,Enugu,NG,9.219447,-2.634919
5521,Lagos Farm Site 5521,farm,7405 Johnson Estates Apt. 564,Lagos,NG,9.808716,40.020764
5522,Abuja Farm Site 5522,farm,1679 Amy Stream Suite 041,Abuja,NG,11.776604,3.982083
5523,Port Harcourt Farm Site 5523,farm,1500 Ashley Ville Apt. 603,Port Harcourt,NG,4.171105,28.518647
5524,Kumasi Farm Site 5524,farm,2485 Higgins Parkway Suite 461,Kumasi,GH,6.977189,17.893915
5525,Enugu Farm Site 5525,farm,9472 Smith Station,Enugu,NG,12.539037,35.927137
5526,Ibadan Farm Site 5526,farm,89854 Bennett Shores,Ibadan,NG,4.578217,25.023851
5527,Abuja Farm Site 5527,farm,1651 Theresa Lodge,Abuja,NG,12.898102,18.638939
5528,Abuja Farm Site 5528,farm,872 Thornton Lodge Suite 045,Abuja,NG,12.49522,7.671891
5529,Takoradi Farm Site 5529,farm,114 Jon Curve Apt. 020,Takoradi,GH,5.119897,32.528881
5530,Benin City Farm Site 5530,farm,5987 Sanford Circles,Benin City,NG,10.306835,10.918004
5531,Tamale Farm Site 5531,farm,44844 Barker Islands Suite 920,Tamale,GH,6.012002,35.319105
5532,Kisumu Farm Site 5532,farm,162 Cassandra Expressway,Kisumu,KE,4.423306,25.933358
5533,Enugu Farm Site 5533,farm,2332 Stacy Vista Suite 381,Enugu,NG,4.893169,15.136623
5534,Kano Farm Site 5534,farm,76551 Cox Springs Apt. 040,Kano,NG,6.428997,10.532355
5535,Port Harcourt Farm Site 5535,farm,57839 Jones View,Port Harcourt,NG,6.099138,19.515318
5536,Kisumu Farm Site 5536,farm,44919 Boyd Village,Kisumu,KE,5.517287,10.823431
5537,Nairobi Farm Site 5537,farm,872 Gomez Oval,Nairobi,KE,7.711589,22.891739
5538,Benin City Farm Site 5538,farm,94598 Wright Road,Benin City,NG,9.353257,8.523725
5539,Accra Farm Site 5539,farm,5849 Stephen Plains,Accra,GH,8.369173,38.025696
5540,Uyo Farm Site 5540,farm,2200 Andrea Mount,Uyo,NG,5.201628,38.828797
5541,Tamale Farm Site 5541,farm,2547 Mann Well,Tamale,GH,13.376696,34.380877
5542,Nairobi Farm Site 5542,farm,49880 Coleman Passage,Nairobi,KE,12.642465,28.684423
5543,Lagos Farm Site 5543,farm,12860 Tabitha Field Apt. 759,Lagos,NG,7.623655,27.059851
5544,Accra Farm Site 5544,farm,70849 Nguyen Mews Apt. 079,Accra,GH,10.265065,3.394105
5545,Enugu Farm Site 5545,farm,435 Matthew Locks Apt. 447,Enugu,NG,12.511906,9.065838
5546,Abuja Farm Site 5546,farm,01729 Richards Ferry Suite 406,Abuja,NG,5.488298,2.749228
5547,Lagos Farm Site 5547,farm,7269 Mason Common,Lagos,NG,9.219562,14.437612
5548,Kumasi Farm Site 5548,farm,931 Charles Springs Apt. 304,Kumasi,GH,4.666945,35.788643
5549,Mombasa Farm Site 5549,farm,057 Mann Spurs,Mombasa,KE,12.500832,32.985352
5550,Uyo Farm Site 5550,farm,79809 Allen Street Suite 190,Uyo,NG,12.250302,30.086379
5551,Accra Farm Site 5551,farm,28159 Blake Divide Suite 472,Accra,GH,4.446021,34.287109
5552,Enugu Farm Site 5552,farm,603 Debra Crossing,Enugu,NG,8.30818,-0.430127
5553,Enugu Farm Site 5553,farm,939 Knight Points Apt. 033,Enugu,NG,9.579179,14.43304
5554,Mombasa Farm Site 5554,farm,224 Reynolds Turnpike,Mombasa,KE,4.071801,20.012985
5555,Nakuru Farm Site 5555,farm,40950 April Key Apt. 901,Nakuru,KE,10.171401,27.275766
5556,Lagos Farm Site 5556,farm,570 Jennifer Trail Suite 005,Lagos,NG,6.598731,18.421624
5557,Lagos Farm Site 5557,farm,70323 Ortega Loop,Lagos,NG,5.958982,11.674084
5558,Lagos Farm Site 5558,farm,691 Robinson Court,Lagos,NG,11.162655,5.87418
5559,Benin City Farm Site 5559,farm,98948 Adam Lodge Suite 781,Benin City,NG,11.700057,24.309998
5560,Enugu Farm Site 5560,farm,66066 Hoffman Trafficway Apt. 593,Enugu,NG,5.806112,1.203371
5561,Mombasa Farm Site 5561,farm,0014 Todd Landing Suite 371,Mombasa,KE,5.316776,-1.897115
5562,Lagos Farm Site 5562,farm,5144 Smith Point,Lagos,NG,4.067458,8.977784
5563,Port Harcourt Farm Site 5563,farm,14004 Campbell Coves,Port Harcourt,NG,12.039229,37.802851
5564,Tamale Farm Site 5564,farm,767 Coffey Gateway,Tamale,GH,7.875855,32.935325
5565,Ibadan Farm Site 5565,farm,8980 Robert River,Ibadan,NG,11.938305,19.625289
5566,Abuja Farm Site 5566,farm,2762 Murphy Circles Apt. 981,Abuja,NG,9.671468,3.725973
5567,Abuja Farm Site 5567,farm,8997 Tammy Summit,Abuja,NG,7.305549,20.918133
5568,Accra Farm Site 5568,farm,365 Caleb Light,Accra,GH,6.628924,17.824684
5569,Benin City Farm Site 5569,farm,301 Sabrina Trail,Benin City,NG,13.101071,0.514182
5570,Enugu Farm Site 5570,farm,74515 Olson Valleys Apt. 056,Enugu,NG,5.025071,27.419236
5571,Takoradi Farm Site 5571,farm,52051 Stacy Groves Apt. 471,Takoradi,GH,9.682708,31.408977
5572,Abuja Farm Site 5572,farm,080 Ann Drives,Abuja,NG,4.107328,13.839501
5573,Ibadan Farm Site 5573,farm,731 Kyle Overpass,Ibadan,NG,11.580542,15.759678
5574,Benin City Farm Site 5574,farm,6932 Wendy Glen Suite 613,Benin City,NG,4.81416,40.620891
5575,Abuja Farm Site 5575,farm,829 Bailey Junctions Apt. 566,Abuja,NG,10.14412,1.916125
5576,Accra Farm Site 5576,farm,112 Stephanie Pike Apt. 580,Accra,GH,9.47289,13.611716
5577,Nakuru Farm Site 5577,farm,44336 Christina Knolls,Nakuru,KE,6.234471,15.500881
5578,Kisumu Farm Site 5578,farm,41128 Morris Square Suite 522,Kisumu,KE,5.249494,16.335272
5579,Enugu Farm Site 5579,farm,79080 Anthony Brooks Apt. 117,Enugu,NG,9.857839,17.205302
5580,Lagos Farm Site 5580,farm,18193 Gina Track Apt. 051,Lagos,NG,12.271033,24.467512
5581,Ibadan Farm Site 5581,farm,54018 Young Green Apt. 885,Ibadan,NG,10.100315,33.04904
5582,Kumasi Farm Site 5582,farm,88581 Rocha Stravenue,Kumasi,GH,11.71778,24.708561
5583,Uyo Farm Site 5583,farm,89982 Jenna Road Suite 610,Uyo,NG,7.679074,37.325795
5584,Uyo Farm Site 5584,farm,7968 Chavez Pike Apt. 044,Uyo,NG,10.08585,20.2549
5585,Takoradi Farm Site 5585,farm,312 Davis Walks,Takoradi,GH,11.571842,35.079528
5586,Ibadan Farm Site 5586,farm,1500 Claire Parks,Ibadan,NG,5.014355,15.411652
5587,Uyo Farm Site 5587,farm,235 Williams Motorway,Uyo,NG,10.185966,12.83946
5588,Port Harcourt Farm Site 5588,farm,179 Osborne Causeway,Port Harcourt,NG,6.123344,5.176052
5589,Enugu Farm Site 5589,farm,038 Adams Shoals Apt. 084,Enugu,NG,11.54022,4.207445
5590,Abuja Farm Site 5590,farm,253 Beard Trail,Abuja,NG,12.751489,10.139225
5591,Port Harcourt Farm Site 5591,farm,29986 Jackson Orchard Apt. 509,Port Harcourt,NG,4.354292,19.80766
5592,Port Harcourt Farm Site 5592,farm,45711 Tyler Flat Apt. 945,Port Harcourt,NG,7.457346,36.213073
5593,Uyo Farm Site 5593,farm,609 Johnson Expressway,Uyo,NG,10.305084,27.165677
5594,Tamale Farm Site 5594,farm,42308 Hughes Court Apt. 091,Tamale,GH,7.429386,25.899636
5595,Benin City Farm Site 5595,farm,331 Anthony Branch,Benin City,NG,8.554675,38.514573
5596,Mombasa Farm Site 5596,farm,46514 Patrick Circle,Mombasa,KE,10.35884,25.476586
5597,Accra Farm Site 5597,farm,2602 Montgomery Turnpike,Accra,GH,8.822889,28.876483
5598,Lagos Farm Site 5598,farm,96999 April Station Suite 308,Lagos,NG,7.587862,10.982605
5599,Uyo Farm Site 5599,farm,47772 Eddie Path Apt. 849,Uyo,NG,13.355497,26.047279
5600,Lagos Farm Site 5600,farm,46997 Jones Course Suite 885,Lagos,NG,4.87684,35.965113
5601,Uyo Farm Site 5601,farm,3771 Potts Mountain,Uyo,NG,7.222059,30.864237
5602,Tamale Farm Site 5602,farm,427 Cantu Keys,Tamale,GH,4.759355,34.497932
5603,Port Harcourt Farm Site 5603,farm,48118 James Centers Suite 130,Port Harcourt,NG,12.685417,25.495863
5604,Port Harcourt Farm Site 5604,farm,41564 Harris Stream,Port Harcourt,NG,9.727235,14.211683
5605,Ibadan Farm Site 5605,farm,4991 Singleton Forks,Ibadan,NG,5.191962,17.308382
5606,Benin City Farm Site 5606,farm,697 Doyle Station,Benin City,NG,4.041949,8.867738
5607,Port Harcourt Farm Site 5607,farm,31981 Griffin Shore Suite 684,Port Harcourt,NG,4.740951,33.615848
5608,Benin City Farm Site 5608,farm,415 Michelle Plain,Benin City,NG,7.02054,15.244631
5609,Kumasi Farm Site 5609,farm,845 Michael Isle Apt. 028,Kumasi,GH,5.565522,2.309006
5610,Lagos Farm Site 5610,farm,31043 Blankenship Stravenue,Lagos,NG,5.594194,39.921911
5611,Kano Farm Site 5611,farm,859 John Plaza Suite 340,Kano,NG,4.646077,35.446348
5612,Port Harcourt Farm Site 5612,farm,458 Sharon Mall,Port Harcourt,NG,10.968066,19.909795
5613,Enugu Farm Site 5613,farm,231 Sheila Spring,Enugu,NG,4.3119,3.021285
5614,Uyo Farm Site 5614,farm,035 Sanchez Flat,Uyo,NG,13.149105,24.177897
5615,Kisumu Farm Site 5615,farm,7979 Weber Plain Apt. 448,Kisumu,KE,12.863177,2.038209
5616,Takoradi Farm Site 5616,farm,56415 Spencer Alley Suite 310,Takoradi,GH,7.896752,3.938807
5617,Kumasi Farm Site 5617,farm,503 Rodriguez Walks,Kumasi,GH,9.460472,-1.865592
5618,Nakuru Farm Site 5618,farm,598 Harrison Square Suite 202,Nakuru,KE,7.040763,3.469195
5619,Lagos Farm Site 5619,farm,97580 Carroll Courts,Lagos,NG,11.692341,-1.110179
5620,Kumasi Farm Site 5620,farm,668 Smith Inlet,Kumasi,GH,4.157301,15.291512
5621,Mombasa Farm Site 5621,farm,6744 Farmer Harbor,Mombasa,KE,8.400414,15.47149
5622,Lagos Farm Site 5622,farm,1622 Gardner Hollow Apt. 328,Lagos,NG,5.654221,31.97268
5623,Kano Farm Site 5623,farm,160 Martin Harbors,Kano,NG,8.984395,0.071706
5624,Enugu Farm Site 5624,farm,0109 Bowman Mall,Enugu,NG,6.194267,4.238418
5625,Port Harcourt Farm Site 5625,farm,855 Cobb Shore,Port Harcourt,NG,5.297253,28.615191
5626,Kumasi Farm Site 5626,farm,9655 Gary View,Kumasi,GH,13.480412,6.200579
5627,Port Harcourt Farm Site 5627,farm,310 Theresa Neck Apt. 366,Port Harcourt,NG,11.195703,28.419114
5628,Nakuru Farm Site 5628,farm,207 Wolf Shoal Apt. 214,Nakuru,KE,8.650381,-3.121653
5629,Accra Farm Site 5629,farm,2672 Kirby Mountains,Accra,GH,8.417308,35.907351
5630,Port Harcourt Farm Site 5630,farm,6481 Payne Plains Suite 609,Port Harcourt,NG,8.196271,23.859781
5631,Nakuru Farm Site 5631,farm,68646 Robin Prairie Suite 210,Nakuru,KE,8.96695,32.64052
5632,Port Harcourt Farm Site 5632,farm,85762 Ryan Common Apt. 877,Port Harcourt,NG,7.295286,6.126527
5633,Kano Farm Site 5633,farm,696 Kennedy Trail,Kano,NG,12.725295,20.111751
5634,Mombasa Farm Site 5634,farm,84145 Clark Heights,Mombasa,KE,6.945982,36.038084
5635,Accra Farm Site 5635,farm,412 Brian Oval,Accra,GH,6.074991,37.840299
5636,Ibadan Farm Site 5636,farm,604 Stevenson Knoll Suite 705,Ibadan,NG,9.424022,21.275205
5637,Nakuru Farm Site 5637,farm,158 Maria Landing Suite 976,Nakuru,KE,12.388556,40.817705
5638,Ibadan Farm Site 5638,farm,0163 Taylor Wall,Ibadan,NG,11.321394,33.575676
5639,Enugu Farm Site 5639,farm,2251 Zhang Mountain,Enugu,NG,6.322213,19.020263
5640,Tamale Farm Site 5640,farm,29507 Perez Orchard,Tamale,GH,12.269495,-1.855432
5641,Ibadan Farm Site 5641,farm,71376 Mitchell Spurs Apt. 149,Ibadan,NG,5.311883,21.907462
5642,Enugu Farm Site 5642,farm,1981 Graves Forge Suite 193,Enugu,NG,8.55568,24.727185
5643,Port Harcourt Farm Site 5643,farm,704 Stephanie Pines,Port Harcourt,NG,5.621723,40.272784
5644,Nairobi Farm Site 5644,farm,66635 Rachael Park,Nairobi,KE,7.847564,20.060685
5645,Benin City Farm Site 5645,farm,5974 Mitchell Club,Benin City,NG,11.056636,26.320167
5646,Enugu Farm Site 5646,farm,9411 Lewis Drives,Enugu,NG,7.022938,15.187842
5647,Kano Farm Site 5647,farm,073 Megan Trail,Kano,NG,12.519239,29.879566
5648,Accra Farm Site 5648,farm,057 Jacob Circle Suite 864,Accra,GH,6.105561,4.066494
5649,Kisumu Farm Site 5649,farm,48660 Joshua Squares Apt. 701,Kisumu,KE,10.982204,17.960287
5650,Enugu Farm Site 5650,farm,6708 Trujillo Cove Suite 275,Enugu,NG,10.542224,34.712929
5651,Lagos Farm Site 5651,farm,95091 Preston Squares,Lagos,NG,7.712916,10.39148
5652,Kisumu Farm Site 5652,farm,427 Joseph Hollow Suite 116,Kisumu,KE,11.580267,37.429229
5653,Abuja Farm Site 5653,farm,503 Luis Rapid Suite 926,Abuja,NG,6.161571,25.834124
5654,Ibadan Farm Site 5654,farm,295 Charles Squares,Ibadan,NG,10.449124,0.735279
5655,Ibadan Farm Site 5655,farm,430 Kelly Corner Apt. 597,Ibadan,NG,7.798129,15.68723
5656,Abuja Farm Site 5656,farm,9140 Juarez Walk,Abuja,NG,8.513636,-0.263929
5657,Kano Farm Site 5657,farm,892 Shannon River,Kano,NG,11.645896,28.668376
5658,Port Harcourt Farm Site 5658,farm,40991 Carol Prairie Suite 047,Port Harcourt,NG,7.216381,31.09848
5659,Accra Farm Site 5659,farm,90226 Kelsey Pines Suite 914,Accra,GH,4.703451,4.531505
5660,Uyo Farm Site 5660,farm,7590 Sean Meadows Apt. 783,Uyo,NG,6.826077,11.054999
5661,Enugu Farm Site 5661,farm,1866 Chandler Haven,Enugu,NG,5.740898,5.588668
5662,Nairobi Farm Site 5662,farm,07399 Conway Lake,Nairobi,KE,6.349895,17.514599
5663,Uyo Farm Site 5663,farm,886 Christine Fork Suite 005,Uyo,NG,12.073299,37.923469
5664,Kano Farm Site 5664,farm,69647 Edward Point Suite 733,Kano,NG,4.367281,20.776832
5665,Uyo Farm Site 5665,farm,087 Laura Pines Apt. 268,Uyo,NG,11.033344,35.459571
5666,Abuja Farm Site 5666,farm,1818 Duke Fort,Abuja,NG,9.720597,39.965091
5667,Ibadan Farm Site 5667,farm,8868 Weber Bypass Suite 155,Ibadan,NG,12.581322,11.331224
5668,Port Harcourt Farm Site 5668,farm,90035 Aimee Valley,Port Harcourt,NG,8.497304,20.694604
5669,Kano Farm Site 5669,farm,39754 Miranda Curve Suite 311,Kano,NG,6.411999,34.453874
5670,Uyo Farm Site 5670,farm,18668 Washington Parkways Apt. 235,Uyo,NG,11.816019,27.715588
5671,Kano Farm Site 5671,farm,2995 Valerie Viaduct Apt. 955,Kano,NG,7.161049,1.517436
5672,Port Harcourt Farm Site 5672,farm,19719 Jill Freeway,Port Harcourt,NG,8.92281,8.213264
5673,Tamale Farm Site 5673,farm,484 Swanson Street Suite 867,Tamale,GH,12.506574,30.205249
5674,Mombasa Farm Site 5674,farm,7630 Fry Mountain Suite 887,Mombasa,KE,11.760143,10.642995
5675,Uyo Farm Site 5675,farm,1145 Amy Mountains Suite 837,Uyo,NG,11.210858,8.25167
5676,Lagos Farm Site 5676,farm,368 Ryan Pass Apt. 374,Lagos,NG,4.32411,35.895085
5677,Kumasi Farm Site 5677,farm,338 Hannah Roads,Kumasi,GH,4.959919,20.171798
5678,Tamale Farm Site 5678,farm,6832 Amber Forge,Tamale,GH,6.714795,39.751699
5679,Tamale Farm Site 5679,farm,8602 Taylor Fork Apt. 324,Tamale,GH,9.247369,6.066442
5680,Tamale Farm Site 5680,farm,50748 Williamson Extensions Suite 920,Tamale,GH,6.218642,36.163058
5681,Kano Farm Site 5681,farm,554 Kaitlin Alley Apt. 410,Kano,NG,5.261166,6.732517
5682,Abuja Farm Site 5682,farm,3201 Graham Cape,Abuja,NG,6.94481,12.564932
5683,Port Harcourt Farm Site 5683,farm,5443 Sara Fork Suite 475,Port Harcourt,NG,4.350848,11.531279
5684,Benin City Farm Site 5684,farm,50273 April Run,Benin City,NG,12.585007,25.119013
5685,Port Harcourt Farm Site 5685,farm,9797 Ford Square Apt. 869,Port Harcourt,NG,5.771669,-3.300204
5686,Uyo Farm Site 5686,farm,040 Stewart Course,Uyo,NG,12.848029,8.893467
5687,Benin City Farm Site 5687,farm,0144 Rebecca Creek,Benin City,NG,11.176788,4.162266
5688,Kisumu Farm Site 5688,farm,5024 Hinton Bridge,Kisumu,KE,4.437448,23.801768
5689,Mombasa Farm Site 5689,farm,5130 Amy Pine Suite 762,Mombasa,KE,12.793052,26.215289
5690,Kano Farm Site 5690,farm,956 Jeffrey Summit,Kano,NG,12.610747,7.159883
5691,Uyo Farm Site 5691,farm,222 Sierra Overpass,Uyo,NG,4.698415,10.429847
5692,Benin City Farm Site 5692,farm,715 Megan Plaza,Benin City,NG,13.021713,29.102586
5693,Tamale Farm Site 5693,farm,89933 Gavin Forges Suite 659,Tamale,GH,8.138789,14.618778
5694,Ibadan Farm Site 5694,farm,691 Kimberly Passage,Ibadan,NG,11.209502,22.429955
5695,Kano Farm Site 5695,farm,064 Best Estates,Kano,NG,4.931685,28.124425
5696,Enugu Farm Site 5696,farm,99154 Stephens Springs Apt. 671,Enugu,NG,6.572957,24.97567
5697,Enugu Farm Site 5697,farm,6129 Kayla Harbors,Enugu,NG,6.337537,36.004216
5698,Tamale Farm Site 5698,farm,91526 Meagan Hills Apt. 938,Tamale,GH,8.751448,12.503355
5699,Benin City Farm Site 5699,farm,48012 Jones Centers Apt. 226,Benin City,NG,10.487248,4.540354
5700,Kano Farm Site 5700,farm,8414 Williams Island,Kano,NG,12.556915,37.310695
5701,Lagos Farm Site 5701,farm,42848 Lisa Mission Apt. 755,Lagos,NG,6.806538,-1.609216
5702,Kumasi Farm Site 5702,farm,498 Joseph Mews Suite 756,Kumasi,GH,5.489695,28.142794
5703,Lagos Farm Site 5703,farm,6634 Jones Glen Suite 628,Lagos,NG,8.813588,13.232536
5704,Enugu Farm Site 5704,farm,3249 Le Lakes Apt. 111,Enugu,NG,6.704542,32.903436
5705,Port Harcourt Farm Site 5705,farm,239 Robin Port,Port Harcourt,NG,9.518534,38.879478
5706,Kumasi Farm Site 5706,farm,393 Michael Stream,Kumasi,GH,9.473548,40.466626
5707,Ibadan Farm Site 5707,farm,39913 Campbell Trace,Ibadan,NG,13.477258,-2.170133
5708,Abuja Farm Site 5708,farm,1882 Miller Mission,Abuja,NG,5.382852,17.898958
5709,Port Harcourt Farm Site 5709,farm,6163 Shaw Drive Suite 414,Port Harcourt,NG,4.767595,9.100484
5710,Abuja Farm Site 5710,farm,9609 Soto Summit,Abuja,NG,5.874449,31.468592
5711,Kumasi Farm Site 5711,farm,92812 Daniel Pines,Kumasi,GH,6.318184,1.825629
5712,Kano Farm Site 5712,farm,4341 Alexander Dale Apt. 521,Kano,NG,7.587331,5.621357
5713,Lagos Farm Site 5713,farm,824 Amy Divide,Lagos,NG,11.378936,6.174535
5714,Port Harcourt Farm Site 5714,farm,257 Hicks Manors,Port Harcourt,NG,12.101557,6.868358
5715,Enugu Farm Site 5715,farm,4299 Paul Streets,Enugu,NG,9.720958,4.93057
5716,Nairobi Farm Site 5716,farm,5080 Anna View,Nairobi,KE,5.435754,36.975897
5717,Benin City Farm Site 5717,farm,490 Mack Summit Apt. 004,Benin City,NG,9.078082,10.705891
5718,Port Harcourt Farm Site 5718,farm,14599 Mcclure Passage,Port Harcourt,NG,10.363355,4.337341
5719,Ibadan Farm Site 5719,farm,29436 Deanna Mews Apt. 135,Ibadan,NG,10.342029,7.156869
5720,Uyo Farm Site 5720,farm,3019 Timothy Camp,Uyo,NG,11.884754,40.684387
5721,Abuja Farm Site 5721,farm,913 Li Courts Suite 650,Abuja,NG,5.155461,38.371853
5722,Benin City Farm Site 5722,farm,4765 Garcia Falls,Benin City,NG,8.98189,-2.915751
5723,Port Harcourt Farm Site 5723,farm,887 Conley Underpass,Port Harcourt,NG,7.535963,23.032515
5724,Abuja Farm Site 5724,farm,12832 Hull Shoal Apt. 646,Abuja,NG,12.98354,13.138441
5725,Kano Farm Site 5725,farm,12686 Stout Underpass,Kano,NG,4.201758,5.285639
5726,Nairobi Farm Site 5726,farm,73718 Nathan Mission Suite 993,Nairobi,KE,7.989186,33.45761
5727,Lagos Farm Site 5727,farm,237 Nelson Walk,Lagos,NG,12.820486,39.482259
5728,Kano Farm Site 5728,farm,215 Kirk Stravenue Apt. 527,Kano,NG,7.530706,30.699754
5729,Port Harcourt Farm Site 5729,farm,527 Karen Ways,Port Harcourt,NG,7.796126,-0.646413
5730,Nakuru Farm Site 5730,farm,70868 Denise Camp,Nakuru,KE,5.655772,11.750447
5731,Uyo Farm Site 5731,farm,70092 Webb Union Suite 817,Uyo,NG,8.9482,8.431429
5732,Benin City Farm Site 5732,farm,44384 Austin Highway Suite 207,Benin City,NG,8.09015,8.506552
5733,Mombasa Farm Site 5733,farm,4779 Bobby Locks,Mombasa,KE,4.194256,18.914865
5734,Kisumu Farm Site 5734,farm,540 Stanley Alley Apt. 570,Kisumu,KE,4.39068,22.115316
5735,Abuja Farm Site 5735,farm,0077 Thompson Landing,Abuja,NG,10.602596,31.052848
5736,Benin City Farm Site 5736,farm,48005 Luna Trafficway,Benin City,NG,5.347583,15.645677
5737,Benin City Farm Site 5737,farm,764 Richards Springs Suite 782,Benin City,NG,8.563944,25.012944
5738,Port Harcourt Farm Site 5738,farm,08774 Elaine Fall Suite 767,Port Harcourt,NG,11.120373,0.804378
5739,Uyo Farm Site 5739,farm,20272 Taylor Loop,Uyo,NG,4.625417,21.535896
5740,Accra Farm Site 5740,farm,402 Cody Grove,Accra,GH,5.909102,33.219767
5741,Lagos Farm Site 5741,farm,2277 Davis Freeway,Lagos,NG,9.469628,40.737186
5742,Accra Farm Site 5742,farm,408 Michelle Mountain Apt. 895,Accra,GH,6.996126,29.110231
5743,Kano Farm Site 5743,farm,53706 Flores Street,Kano,NG,4.602671,-3.480821
5744,Nakuru Farm Site 5744,farm,1073 Daniel Isle,Nakuru,KE,11.965842,0.813919
5745,Nakuru Farm Site 5745,farm,20700 Elizabeth Club,Nakuru,KE,12.184877,19.04394
5746,Ibadan Farm Site 5746,farm,2594 Bauer Fords,Ibadan,NG,9.448355,38.912773
5747,Benin City Farm Site 5747,farm,262 Jacobson Ridge Suite 275,Benin City,NG,9.000708,35.750893
5748,Tamale Farm Site 5748,farm,0420 Theresa Motorway,Tamale,GH,10.491056,22.996894
5749,Accra Farm Site 5749,farm,986 Joseph Cliffs,Accra,GH,6.500292,39.96616
5750,Ibadan Farm Site 5750,farm,21977 Dana Pines,Ibadan,NG,4.774663,0.076445
5751,Lagos Farm Site 5751,farm,35967 Livingston Land Apt. 874,Lagos,NG,7.743742,28.573918
5752,Benin City Farm Site 5752,farm,68831 Heather Lights,Benin City,NG,9.753442,6.086136
5753,Abuja Farm Site 5753,farm,11295 Michelle Valley,Abuja,NG,6.000769,0.401545
5754,Benin City Farm Site 5754,farm,5577 Sanders Mountain,Benin City,NG,4.404745,31.953739
5755,Benin City Farm Site 5755,farm,678 Smith Inlet Apt. 957,Benin City,NG,4.9809,28.54785
5756,Kano Farm Site 5756,farm,0003 William Divide,Kano,NG,4.871718,6.515006
5757,Uyo Farm Site 5757,farm,3889 Collier Parkways Apt. 400,Uyo,NG,11.321162,3.448299
5758,Abuja Farm Site 5758,farm,38084 Hernandez Freeway Suite 524,Abuja,NG,10.007445,35.947537
5759,Port Harcourt Farm Site 5759,farm,19617 Nguyen Streets Apt. 483,Port Harcourt,NG,10.720382,9.2158
5760,Kano Farm Site 5760,farm,75744 Christina Hollow Apt. 659,Kano,NG,7.655523,-2.406301
5761,Abuja Farm Site 5761,farm,0150 Tiffany Fort Suite 116,Abuja,NG,7.567661,-1.555959
5762,Uyo Farm Site 5762,farm,2294 Lawrence Route,Uyo,NG,6.848037,33.351341
5763,Port Harcourt Farm Site 5763,farm,33921 John Cape Apt. 889,Port Harcourt,NG,9.067564,30.164018
5764,Lagos Farm Site 5764,farm,4146 Hess Green,Lagos,NG,7.777157,8.586275
5765,Benin City Farm Site 5765,farm,2470 Jessica Alley,Benin City,NG,11.440152,-0.007492
5766,Kisumu Farm Site 5766,farm,027 Donald Course,Kisumu,KE,6.968054,4.736926
5767,Mombasa Farm Site 5767,farm,670 Mccoy Dale Suite 197,Mombasa,KE,4.170521,8.466952
5768,Nakuru Farm Site 5768,farm,52092 Laurie Forge Apt. 210,Nakuru,KE,7.459224,23.505266
5769,Kano Farm Site 5769,farm,42275 Brandon Course,Kano,NG,7.567299,-1.737458
5770,Nakuru Farm Site 5770,farm,6216 Donald Key Apt. 076,Nakuru,KE,8.71219,14.071922
5771,Ibadan Farm Site 5771,farm,4080 Peterson Skyway,Ibadan,NG,5.802842,17.049863
5772,Enugu Farm Site 5772,farm,38462 James Fields Suite 715,Enugu,NG,8.340399,8.980571
5773,Kumasi Farm Site 5773,farm,9561 Deanna Estate,Kumasi,GH,12.840309,14.629957
5774,Lagos Farm Site 5774,farm,1928 Erik Coves Apt. 099,Lagos,NG,12.921335,25.222016
5775,Abuja Farm Site 5775,farm,22924 Tami Bridge,Abuja,NG,4.907878,9.355965
5776,Takoradi Farm Site 5776,farm,9099 Gomez Rue Apt. 937,Takoradi,GH,7.327462,1.261203
5777,Benin City Farm Site 5777,farm,68484 Luis Ferry Apt. 431,Benin City,NG,13.392683,19.549122
5778,Port Harcourt Farm Site 5778,farm,2096 Reginald Turnpike,Port Harcourt,NG,10.341856,5.582593
5779,Port Harcourt Farm Site 5779,farm,14220 Shannon Path,Port Harcourt,NG,11.872937,40.89173
5780,Nakuru Farm Site 5780,farm,163 Amanda Crest,Nakuru,KE,12.269497,-2.74164
5781,Lagos Farm Site 5781,farm,6435 Megan Walks,Lagos,NG,10.188335,26.941646
5782,Abuja Farm Site 5782,farm,81164 Daniel Vista,Abuja,NG,6.800844,6.058733
5783,Kano Farm Site 5783,farm,220 Alexandra River Suite 776,Kano,NG,11.561372,38.818219
5784,Abuja Farm Site 5784,farm,16821 Nicole Ridges,Abuja,NG,12.306201,26.825928
5785,Nairobi Farm Site 5785,farm,939 Russell Wall Apt. 512,Nairobi,KE,5.088127,30.583582
5786,Uyo Farm Site 5786,farm,9161 John Throughway,Uyo,NG,4.003585,34.244199
5787,Takoradi Farm Site 5787,farm,2541 Perry Meadows Apt. 032,Takoradi,GH,5.612363,9.128572
5788,Uyo Farm Site 5788,farm,3042 Campbell Lock,Uyo,NG,13.335685,34.729652
5789,Kano Farm Site 5789,farm,81325 Allen Rest Apt. 238,Kano,NG,6.173727,36.803577
5790,Lagos Farm Site 5790,farm,726 David Burgs Suite 686,Lagos,NG,12.489126,13.550656
5791,Kisumu Farm Site 5791,farm,2805 Christopher Trace Suite 523,Kisumu,KE,11.867538,14.495018
5792,Accra Farm Site 5792,farm,8038 Kristina Crossroad Apt. 662,Accra,GH,11.407669,3.557556
5793,Abuja Farm Site 5793,farm,0161 Shaw Cape Suite 935,Abuja,NG,7.331198,34.897658
5794,Accra Farm Site 5794,farm,023 Scott Passage,Accra,GH,11.085468,13.230432
5795,Uyo Farm Site 5795,farm,29734 Cain Street,Uyo,NG,4.631392,12.688546
5796,Ibadan Farm Site 5796,farm,68896 David Gardens,Ibadan,NG,9.044346,11.645317
5797,Abuja Farm Site 5797,farm,3029 Kelly Place Suite 068,Abuja,NG,10.592499,14.599417
5798,Lagos Farm Site 5798,farm,86498 Jennifer Spur Suite 563,Lagos,NG,9.440259,17.445286
5799,Kumasi Farm Site 5799,farm,5183 Hannah Mission,Kumasi,GH,4.672053,23.432725
5800,Accra Farm Site 5800,farm,2571 Davis Throughway,Accra,GH,6.161851,4.492341
5801,Port Harcourt Farm Site 5801,farm,440 Andrew Trail,Port Harcourt,NG,11.121477,25.40309
5802,Kumasi Farm Site 5802,farm,97648 Michael Course,Kumasi,GH,8.210946,21.179179
5803,Kumasi Farm Site 5803,farm,7150 Allison Ford Suite 451,Kumasi,GH,5.643711,40.265839
5804,Enugu Farm Site 5804,farm,93652 Chelsea Summit,Enugu,NG,8.940422,37.069194
5805,Enugu Farm Site 5805,farm,469 Smith Court,Enugu,NG,9.565383,-2.412879
5806,Kumasi Farm Site 5806,farm,398 Porter Track,Kumasi,GH,6.616742,37.749937
5807,Uyo Farm Site 5807,farm,6834 James Manor Apt. 803,Uyo,NG,12.763386,12.407001
5808,Port Harcourt Farm Site 5808,farm,41954 Smith Ferry Apt. 252,Port Harcourt,NG,12.111566,4.653084
5809,Takoradi Farm Site 5809,farm,637 Gonzalez Greens Suite 406,Takoradi,GH,11.259796,17.965971
5810,Uyo Farm Site 5810,farm,5788 Kathryn Ford Apt. 521,Uyo,NG,5.111188,0.899717
5811,Enugu Farm Site 5811,farm,364 Mendoza Drives,Enugu,NG,4.731767,36.44558
5812,Abuja Farm Site 5812,farm,283 Holly Shores,Abuja,NG,11.272135,23.339414
5813,Accra Farm Site 5813,farm,644 Phillip Inlet,Accra,GH,6.382434,38.403421
5814,Uyo Farm Site 5814,farm,410 Alexis Via,Uyo,NG,5.352229,7.791761
5815,Ibadan Farm Site 5815,farm,494 Adams Underpass,Ibadan,NG,11.572033,10.070473
5816,Takoradi Farm Site 5816,farm,615 Kristin Groves,Takoradi,GH,4.037644,18.809706
5817,Ibadan Farm Site 5817,farm,14174 Roberts Expressway Suite 021,Ibadan,NG,4.8496,-1.354596
5818,Kisumu Farm Site 5818,farm,7525 Young Loop,Kisumu,KE,8.437069,39.343124
5819,Kumasi Farm Site 5819,farm,4402 Vasquez Courts Apt. 418,Kumasi,GH,7.936025,-1.062323
5820,Uyo Farm Site 5820,farm,29530 Green Land,Uyo,NG,13.326234,17.977996
5821,Ibadan Farm Site 5821,farm,550 Lin Park,Ibadan,NG,12.220341,14.501029
5822,Kumasi Farm Site 5822,farm,0185 Christine Well,Kumasi,GH,9.815752,20.511148
5823,Uyo Farm Site 5823,farm,108 Maynard Mount,Uyo,NG,13.492646,24.464996
5824,Uyo Farm Site 5824,farm,66347 William Center Apt. 829,Uyo,NG,9.152989,16.157775
5825,Benin City Farm Site 5825,farm,873 Greene Path,Benin City,NG,11.700773,15.22659
5826,Uyo Farm Site 5826,farm,8090 Pope Ridges,Uyo,NG,12.008764,30.646537
5827,Lagos Farm Site 5827,farm,4622 Patterson Isle,Lagos,NG,5.04383,10.243514
5828,Takoradi Farm Site 5828,farm,49590 Tammy Bridge,Takoradi,GH,12.738068,27.960916
5829,Nairobi Farm Site 5829,farm,969 Hall Viaduct Apt. 615,Nairobi,KE,11.729767,0.929214
5830,Benin City Farm Site 5830,farm,479 Nancy Cove,Benin City,NG,4.686812,18.373828
5831,Kumasi Farm Site 5831,farm,360 Matthew Well,Kumasi,GH,8.295455,18.979171
5832,Kumasi Farm Site 5832,farm,08460 Martinez Trail,Kumasi,GH,7.084433,28.291501
5833,Lagos Farm Site 5833,farm,16172 Rowland Shoals,Lagos,NG,8.179343,9.627804
5834,Lagos Farm Site 5834,farm,57280 Kenneth Crescent,Lagos,NG,11.185688,35.131362
5835,Uyo Farm Site 5835,farm,2336 Rebecca Rapid Apt. 995,Uyo,NG,4.457812,10.002893
5836,Enugu Farm Site 5836,farm,4252 Kylie Squares,Enugu,NG,12.64368,29.005338
5837,Kisumu Farm Site 5837,farm,4632 Jackson Rapid Apt. 694,Kisumu,KE,11.086231,15.694361
5838,Lagos Farm Site 5838,farm,516 Wood Ridges Suite 282,Lagos,NG,11.246492,24.67991
5839,Uyo Farm Site 5839,farm,93282 Ellis Park,Uyo,NG,5.245562,31.867032
5840,Lagos Farm Site 5840,farm,05358 Henry Courts,Lagos,NG,6.255825,37.396445
5841,Lagos Farm Site 5841,farm,84658 Lauren Run Suite 395,Lagos,NG,7.989661,23.113553
5842,Kano Farm Site 5842,farm,018 Laura Villages,Kano,NG,5.299789,8.060562
5843,Uyo Farm Site 5843,farm,6264 Olsen Cove,Uyo,NG,9.109162,26.518703
5844,Benin City Farm Site 5844,farm,750 David Lodge,Benin City,NG,5.06553,14.084438
5845,Port Harcourt Farm Site 5845,farm,522 Jennifer Fords,Port Harcourt,NG,4.487484,0.920925
5846,Abuja Farm Site 5846,farm,152 Jacob Islands Apt. 855,Abuja,NG,11.116548,26.407011
5847,Benin City Farm Site 5847,farm,5800 Aaron Oval Apt. 591,Benin City,NG,11.464736,11.402876
5848,Port Harcourt Farm Site 5848,farm,2787 Williams Plains,Port Harcourt,NG,9.093012,36.865458
5849,Benin City Farm Site 5849,farm,3852 Bowers Hollow Suite 637,Benin City,NG,9.341567,9.19375
5850,Kano Farm Site 5850,farm,0236 Troy Gateway Suite 502,Kano,NG,5.276598,3.170988
5851,Abuja Farm Site 5851,farm,7139 Sean Squares Apt. 759,Abuja,NG,5.645183,19.541078
5852,Ibadan Farm Site 5852,farm,48628 Peterson Rapids Apt. 348,Ibadan,NG,8.52813,30.747389
5853,Takoradi Farm Site 5853,farm,983 Rice Passage Suite 153,Takoradi,GH,10.965464,-2.085478
5854,Abuja Farm Site 5854,farm,89309 Gabriella Groves,Abuja,NG,9.817867,27.388746
5855,Takoradi Farm Site 5855,farm,8209 Cruz Turnpike,Takoradi,GH,8.78953,36.428302
5856,Accra Farm Site 5856,farm,05122 Laura Estate,Accra,GH,7.368155,1.486034
5857,Kumasi Farm Site 5857,farm,251 Bernard Crescent Suite 036,Kumasi,GH,5.242702,-0.903423
5858,Port Harcourt Farm Site 5858,farm,062 White Valley,Port Harcourt,NG,4.501657,20.841142
5859,Abuja Farm Site 5859,farm,3120 Vazquez Crossroad Suite 266,Abuja,NG,11.961063,13.015928
5860,Enugu Farm Site 5860,farm,9707 Molina Crescent Suite 512,Enugu,NG,5.143293,40.4965
5861,Kano Farm Site 5861,farm,491 Jennifer Isle Apt. 768,Kano,NG,12.681157,-2.914217
5862,Lagos Farm Site 5862,farm,40461 Buck Parkways Suite 715,Lagos,NG,12.61243,25.127584
5863,Lagos Farm Site 5863,farm,85964 Ashley Crescent Apt. 006,Lagos,NG,5.597259,-0.38363
5864,Accra Farm Site 5864,farm,02887 Farrell Plaza Suite 791,Accra,GH,5.626192,1.526535
5865,Tamale Farm Site 5865,farm,41536 Jenna Locks Apt. 926,Tamale,GH,7.591754,24.782359
5866,Accra Farm Site 5866,farm,77600 Bennett Brooks,Accra,GH,12.054173,34.189279
5867,Uyo Farm Site 5867,farm,619 Kim Motorway,Uyo,NG,11.716069,6.69589
5868,Benin City Farm Site 5868,farm,8910 Mark Junction,Benin City,NG,12.069509,28.949094
5869,Enugu Farm Site 5869,farm,8645 Kristin Extensions Suite 897,Enugu,NG,5.98158,5.458923
5870,Kano Farm Site 5870,farm,719 Cunningham Corner,Kano,NG,5.523169,12.10282
5871,Uyo Farm Site 5871,farm,559 Mark Trail,Uyo,NG,8.45526,33.182492
5872,Kumasi Farm Site 5872,farm,46537 Stephanie Fords Suite 636,Kumasi,GH,8.713744,2.939338
5873,Port Harcourt Farm Site 5873,farm,322 Phillips Square Apt. 785,Port Harcourt,NG,5.306633,12.269751
5874,Kumasi Farm Site 5874,farm,63743 Li Lights,Kumasi,GH,10.337421,15.901239
5875,Lagos Farm Site 5875,farm,4957 Garcia Crest Apt. 160,Lagos,NG,12.902309,9.563294
5876,Benin City Farm Site 5876,farm,955 Michael Gateway Apt. 413,Benin City,NG,12.843884,10.644109
5877,Ibadan Farm Site 5877,farm,17241 Brown Meadows Apt. 634,Ibadan,NG,10.195759,-0.251266
5878,Kano Farm Site 5878,farm,36232 Cox Skyway,Kano,NG,6.768216,15.412952
5879,Mombasa Farm Site 5879,farm,64256 Amber Port,Mombasa,KE,8.3616,20.270104
5880,Benin City Farm Site 5880,farm,95913 Chen Estates Suite 613,Benin City,NG,7.910216,10.147867
5881,Nakuru Farm Site 5881,farm,8756 Cohen Shore,Nakuru,KE,8.050587,-3.125418
5882,Enugu Farm Site 5882,farm,7605 Williams Track,Enugu,NG,4.682296,31.976566
5883,Kumasi Farm Site 5883,farm,381 Dennis Neck Suite 177,Kumasi,GH,10.078954,-2.615427
5884,Kano Farm Site 5884,farm,89821 Cooper Alley Suite 117,Kano,NG,4.521222,38.5278
5885,Kano Farm Site 5885,farm,649 Maria Land,Kano,NG,11.334725,4.394308
5886,Nakuru Farm Site 5886,farm,002 William Creek Apt. 788,Nakuru,KE,12.753782,5.509712
5887,Uyo Farm Site 5887,farm,130 Michael Lights,Uyo,NG,10.797431,11.297084
5888,Port Harcourt Farm Site 5888,farm,41947 Scott Parks,Port Harcourt,NG,11.484482,32.770795
5889,Accra Farm Site 5889,farm,2696 Kramer Groves,Accra,GH,9.348365,39.820001
5890,Kumasi Farm Site 5890,farm,30843 Fred Vista,Kumasi,GH,4.730437,35.83463
5891,Tamale Farm Site 5891,farm,7593 Michael Isle Suite 811,Tamale,GH,9.843657,-2.437534
5892,Lagos Farm Site 5892,farm,431 Wolfe Valleys Suite 802,Lagos,NG,4.822376,10.300092
5893,Ibadan Farm Site 5893,farm,85025 Kelsey Overpass Apt. 661,Ibadan,NG,10.14345,4.554124
5894,Lagos Farm Site 5894,farm,590 Daniel Ramp,Lagos,NG,9.018579,1.52295
5895,Benin City Farm Site 5895,farm,4114 Gibson Harbors Suite 229,Benin City,NG,4.448579,7.783828
5896,Enugu Farm Site 5896,farm,25125 Kenneth Village,Enugu,NG,11.11927,5.746101
5897,Kano Farm Site 5897,farm,234 Evans Green Apt. 740,Kano,NG,12.293643,-2.175999
5898,Enugu Farm Site 5898,farm,73912 Frazier Plaza,Enugu,NG,5.649666,24.269217
5899,Enugu Farm Site 5899,farm,3102 Patrick Ports,Enugu,NG,5.477122,16.439213
5900,Kano Farm Site 5900,farm,07010 Bethany Mountains,Kano,NG,8.461924,19.909527
5901,Benin City Farm Site 5901,farm,13757 Andrea Roads Apt. 075,Benin City,NG,7.103578,21.850981
5902,Enugu Farm Site 5902,farm,732 Gilmore Walks,Enugu,NG,8.734152,6.571291
5903,Nakuru Farm Site 5903,farm,9625 Colleen Route,Nakuru,KE,8.545526,0.224697
5904,Lagos Farm Site 5904,farm,5528 Henderson Wells Suite 614,Lagos,NG,4.765298,37.068414
5905,Tamale Farm Site 5905,farm,1866 William Pike Suite 417,Tamale,GH,7.663801,8.26245
5906,Uyo Farm Site 5906,farm,921 Nash Place Suite 750,Uyo,NG,9.731102,29.855946
5907,Ibadan Farm Site 5907,farm,27624 Gwendolyn Wells Suite 449,Ibadan,NG,10.454694,24.804457
5908,Abuja Farm Site 5908,farm,37836 Miller Pike,Abuja,NG,4.691977,-3.235952
5909,Ibadan Farm Site 5909,farm,042 Charles Shores Apt. 414,Ibadan,NG,12.949062,0.051146
5910,Port Harcourt Farm Site 5910,farm,01143 Butler Loop,Port Harcourt,NG,9.315191,0.974393
5911,Benin City Farm Site 5911,farm,917 Kayla Heights,Benin City,NG,8.54243,36.43593
5912,Enugu Farm Site 5912,farm,1680 Austin Square,Enugu,NG,7.117904,1.754738
5913,Port Harcourt Farm Site 5913,farm,766 Jessica Lights Apt. 888,Port Harcourt,NG,8.221918,17.092264
5914,Port Harcourt Farm Site 5914,farm,5642 Suarez Fall Apt. 779,Port Harcourt,NG,5.63843,13.231652
5915,Benin City Farm Site 5915,farm,81144 Ellison Curve Apt. 976,Benin City,NG,12.752424,-0.09253
5916,Abuja Farm Site 5916,farm,83225 Parker Cape,Abuja,NG,4.545877,23.349489
5917,Uyo Farm Site 5917,farm,3121 Ward Drives Apt. 214,Uyo,NG,11.841179,-3.016132
5918,Lagos Farm Site 5918,farm,100 Williams Freeway,Lagos,NG,4.681863,36.099153
5919,Uyo Farm Site 5919,farm,07401 Lynn Ports,Uyo,NG,12.182436,-0.739462
5920,Ibadan Farm Site 5920,farm,33307 Benjamin Island Suite 589,Ibadan,NG,8.696278,29.335094
5921,Accra Farm Site 5921,farm,010 Caitlyn Lodge Apt. 318,Accra,GH,7.296652,4.535036
5922,Lagos Farm Site 5922,farm,02448 Robbins Cliffs,Lagos,NG,8.419171,7.209101
5923,Ibadan Farm Site 5923,farm,51327 Danielle Way Suite 043,Ibadan,NG,9.592135,-2.656492
5924,Accra Farm Site 5924,farm,6080 Saunders Cove Suite 149,Accra,GH,4.584587,35.0134
5925,Takoradi Farm Site 5925,farm,3221 Michelle Throughway,Takoradi,GH,8.005817,38.752644
5926,Port Harcourt Farm Site 5926,farm,02262 Henry Tunnel Suite 389,Port Harcourt,NG,4.791555,12.694463
5927,Tamale Farm Site 5927,farm,81797 Michael Ranch Apt. 820,Tamale,GH,5.594631,7.561425
5928,Kumasi Farm Site 5928,farm,13228 Guerrero Motorway,Kumasi,GH,8.153826,35.230723
5929,Tamale Farm Site 5929,farm,83415 Hernandez Pine Apt. 097,Tamale,GH,4.38031,14.135654
5930,Abuja Farm Site 5930,farm,4676 Horton Way,Abuja,NG,11.154767,18.351647
5931,Abuja Farm Site 5931,farm,407 Dominguez Key Apt. 790,Abuja,NG,5.097009,37.537372
5932,Nakuru Farm Site 5932,farm,7353 Dodson Pike,Nakuru,KE,10.438264,36.15675
5933,Nakuru Farm Site 5933,farm,00619 Andrade Terrace Suite 659,Nakuru,KE,12.020073,20.76335
5934,Uyo Farm Site 5934,farm,8214 Anderson Alley,Uyo,NG,12.127613,6.708932
5935,Lagos Farm Site 5935,farm,0592 Natalie Mountains Suite 212,Lagos,NG,6.389546,33.334188
5936,Nairobi Farm Site 5936,farm,5721 Cody Fork Apt. 954,Nairobi,KE,13.268917,7.403049
5937,Nairobi Farm Site 5937,farm,91109 Bennett Unions,Nairobi,KE,12.73348,4.805111
5938,Mombasa Farm Site 5938,farm,1711 Gina Pines,Mombasa,KE,10.063534,12.466811
5939,Ibadan Farm Site 5939,farm,03264 Hines Vista,Ibadan,NG,7.971064,39.225105
5940,Kisumu Farm Site 5940,farm,45443 Diaz Spring Suite 593,Kisumu,KE,12.071249,19.203696
5941,Tamale Farm Site 5941,farm,33579 Guzman Squares,Tamale,GH,11.664191,24.359743
5942,Abuja Farm Site 5942,farm,06232 Carroll Plaza,Abuja,NG,8.837699,16.307792
5943,Abuja Farm Site 5943,farm,5963 Daniel Ports,Abuja,NG,12.718394,-0.849192
5944,Lagos Farm Site 5944,farm,2802 Richard Springs Suite 058,Lagos,NG,10.04077,24.647436
5945,Uyo Farm Site 5945,farm,1859 Travis Turnpike Suite 138,Uyo,NG,5.903585,33.287203
5946,Uyo Farm Site 5946,farm,95180 Miller Trail Apt. 019,Uyo,NG,12.282719,37.260993
5947,Kano Farm Site 5947,farm,5268 Russell Wells Apt. 392,Kano,NG,4.721704,20.964453
5948,Ibadan Farm Site 5948,farm,8109 Martha Turnpike,Ibadan,NG,7.099488,34.645426
5949,Nairobi Farm Site 5949,farm,20422 Cynthia Key Apt. 866,Nairobi,KE,9.67326,25.539693
5950,Abuja Farm Site 5950,farm,2092 Meyer Streets,Abuja,NG,5.801181,31.390898
5951,Accra Farm Site 5951,farm,1393 Kenneth Roads Suite 633,Accra,GH,13.368649,32.368349
5952,Uyo Farm Site 5952,farm,54973 Turner Harbor,Uyo,NG,4.45483,6.676401
5953,Abuja Farm Site 5953,farm,346 Gina Ferry Apt. 365,Abuja,NG,10.565785,2.318974
5954,Takoradi Farm Site 5954,farm,3857 Green Ferry,Takoradi,GH,5.44285,5.493265
5955,Benin City Farm Site 5955,farm,940 Steven Creek,Benin City,NG,10.173642,40.818849
5956,Ibadan Farm Site 5956,farm,3121 Grimes Shore,Ibadan,NG,4.515777,10.67439
5957,Abuja Farm Site 5957,farm,5432 George Shoal,Abuja,NG,8.382793,38.870728
5958,Benin City Farm Site 5958,farm,5959 Jonathan Lights,Benin City,NG,10.420565,3.026423
5959,Benin City Farm Site 5959,farm,89265 Philip Estate Apt. 235,Benin City,NG,5.782757,21.624731
5960,Kano Farm Site 5960,farm,53416 Holloway Mount,Kano,NG,4.223471,1.221859
5961,Ibadan Farm Site 5961,farm,5760 Jessica Loop,Ibadan,NG,8.324253,13.378225
5962,Benin City Farm Site 5962,farm,5940 Barnett Walks Apt. 810,Benin City,NG,7.420877,25.875718
5963,Nakuru Farm Site 5963,farm,03587 Caldwell Village,Nakuru,KE,9.883328,39.498407
5964,Lagos Farm Site 5964,farm,29681 Jarvis Center,Lagos,NG,6.837001,25.103787
5965,Ibadan Farm Site 5965,farm,8187 Mark Radial Apt. 267,Ibadan,NG,12.614064,31.452578
5966,Benin City Farm Site 5966,farm,817 Davis Landing Suite 298,Benin City,NG,4.698042,39.565673
5967,Lagos Farm Site 5967,farm,1138 Kelly Alley,Lagos,NG,10.413955,15.841436
5968,Tamale Farm Site 5968,farm,6520 Young Haven Apt. 290,Tamale,GH,6.375635,6.469852
5969,Ibadan Farm Site 5969,farm,30287 Lee Key,Ibadan,NG,4.901746,34.057792
5970,Abuja Farm Site 5970,farm,458 Dorothy Court,Abuja,NG,9.796285,22.539874
5971,Abuja Farm Site 5971,farm,213 Daugherty Spurs Apt. 999,Abuja,NG,10.407769,19.108106
5972,Port Harcourt Farm Site 5972,farm,55301 Valencia Causeway Apt. 151,Port Harcourt,NG,7.496459,25.317778
5973,Enugu Farm Site 5973,farm,745 Morrison Terrace,Enugu,NG,8.09123,25.288241
5974,Kano Farm Site 5974,farm,891 David Walks,Kano,NG,10.268111,25.481513
5975,Nakuru Farm Site 5975,farm,835 Alexandra Plain Apt. 374,Nakuru,KE,8.942112,7.664915
5976,Enugu Farm Site 5976,farm,241 Love Curve,Enugu,NG,6.961311,33.414133
5977,Lagos Farm Site 5977,farm,734 Miller Rapid Apt. 810,Lagos,NG,11.520199,13.463997
5978,Abuja Farm Site 5978,farm,6084 Sanford Gateway,Abuja,NG,5.301687,36.701971
5979,Kumasi Farm Site 5979,farm,403 Hill Canyon,Kumasi,GH,5.429084,25.324147
5980,Enugu Farm Site 5980,farm,88693 John Extensions,Enugu,NG,9.196485,39.829809
5981,Nairobi Farm Site 5981,farm,802 Megan Road Suite 779,Nairobi,KE,7.701809,25.554429
5982,Takoradi Farm Site 5982,farm,74168 Andrew Fields,Takoradi,GH,8.853048,37.226107
5983,Port Harcourt Farm Site 5983,farm,5210 Sue View Apt. 285,Port Harcourt,NG,7.759695,22.747893
5984,Uyo Farm Site 5984,farm,328 Kelley Trail Apt. 471,Uyo,NG,12.991552,24.373371
5985,Tamale Farm Site 5985,farm,88985 Steele Lane Suite 997,Tamale,GH,13.226309,26.949978
5986,Benin City Farm Site 5986,farm,266 Hurley Via,Benin City,NG,5.758777,22.022806
5987,Accra Farm Site 5987,farm,7858 Katherine Club Apt. 124,Accra,GH,13.428866,20.572422
5988,Nakuru Farm Site 5988,farm,18118 Humphrey Light Suite 900,Nakuru,KE,5.54412,16.972687
5989,Enugu Farm Site 5989,farm,99287 Watts Island Suite 090,Enugu,NG,11.529892,29.87685
5990,Uyo Farm Site 5990,farm,794 Miller Hill Apt. 965,Uyo,NG,4.170552,21.159447
5991,Enugu Farm Site 5991,farm,630 Carol Prairie Suite 867,Enugu,NG,10.913721,29.887976
5992,Mombasa Farm Site 5992,farm,69095 Thompson Turnpike Apt. 078,Mombasa,KE,8.214184,27.769296
5993,Mombasa Farm Site 5993,farm,6223 Perez Summit,Mombasa,KE,4.308337,20.516503
5994,Kano Farm Site 5994,farm,9603 Evans Village,Kano,NG,10.839613,8.211725
5995,Abuja Farm Site 5995,farm,6212 Chase Village Apt. 198,Abuja,NG,12.556742,25.919076
5996,Nairobi Farm Site 5996,farm,11689 Donald Parks,Nairobi,KE,7.666401,24.718982
5997,Accra Farm Site 5997,farm,89762 Faulkner Wells Apt. 694,Accra,GH,5.980399,10.612433
5998,Nairobi Farm Site 5998,farm,7583 Kristen Harbor Apt. 959,Nairobi,KE,6.115672,32.794869
5999,Abuja Farm Site 5999,farm,75314 Anthony Lake Apt. 894,Abuja,NG,5.96939,18.025379
6000,Abuja Farm Site 6000,farm,96144 Webb Roads,Abuja,NG,8.10448,-3.398605
6001,Ibadan Farm Site 6001,farm,276 Michael Way,Ibadan,NG,5.41842,24.939112
6002,Port Harcourt Farm Site 6002,farm,492 Austin Trail,Port Harcourt,NG,6.779176,23.499594
6003,Nairobi Farm Site 6003,farm,891 Gibson Points,Nairobi,KE,5.693012,38.187916
6004,Uyo Farm Site 6004,farm,66741 French Views Apt. 223,Uyo,NG,13.088325,32.47006
6005,Ibadan Farm Site 6005,farm,9430 Lauren Avenue,Ibadan,NG,4.198843,12.160494
6006,Kano Farm Site 6006,farm,24203 Stevens Orchard,Kano,NG,6.552578,27.445658
6007,Lagos Farm Site 6007,farm,5006 Martinez Shoals,Lagos,NG,4.901461,10.933144
6008,Enugu Farm Site 6008,farm,6687 Michael Gateway Suite 819,Enugu,NG,7.139573,20.773914
6009,Ibadan Farm Site 6009,farm,39873 Jason Centers Apt. 051,Ibadan,NG,8.629481,2.818873
6010,Enugu Farm Site 6010,farm,1327 Dorsey Isle,Enugu,NG,6.285273,36.839339
6011,Port Harcourt Farm Site 6011,farm,7300 Little Green Apt. 799,Port Harcourt,NG,4.119701,21.340397
6012,Accra Farm Site 6012,farm,92711 Graves Fords,Accra,GH,13.156555,25.283945
6013,Kumasi Farm Site 6013,farm,3277 Maurice Mountain,Kumasi,GH,12.069497,37.919592
6014,Abuja Farm Site 6014,farm,34014 William Viaduct,Abuja,NG,13.2255,6.144624
6015,Uyo Farm Site 6015,farm,81577 Pierce Groves,Uyo,NG,9.043827,10.636053
6016,Ibadan Farm Site 6016,farm,812 Patel Turnpike,Ibadan,NG,12.63725,0.202781
6017,Uyo Farm Site 6017,farm,7477 Jackson Harbors Apt. 311,Uyo,NG,13.145014,32.455889
6018,Benin City Farm Site 6018,farm,43167 Wagner Tunnel Suite 252,Benin City,NG,11.372129,20.058452
6019,Enugu Farm Site 6019,farm,9679 Johnson Heights Apt. 943,Enugu,NG,6.032514,29.287985
6020,Abuja Farm Site 6020,farm,942 Mcintyre Land,Abuja,NG,8.060802,2.496405
6021,Port Harcourt Farm Site 6021,farm,8064 Eric Camp,Port Harcourt,NG,11.77502,39.875585
6022,Takoradi Farm Site 6022,farm,20135 Mark Mountain Apt. 113,Takoradi,GH,12.613246,24.108187
6023,Lagos Farm Site 6023,farm,491 White Gardens,Lagos,NG,6.040303,35.054529
6024,Kumasi Farm Site 6024,farm,56192 Patricia Valleys,Kumasi,GH,8.124795,10.442856
6025,Ibadan Farm Site 6025,farm,914 Paul Turnpike Apt. 395,Ibadan,NG,7.970039,40.516393
6026,Ibadan Farm Site 6026,farm,0463 Cynthia Plains Suite 621,Ibadan,NG,5.652537,4.926161
6027,Uyo Farm Site 6027,farm,29229 Nancy Oval Suite 547,Uyo,NG,7.291093,9.287108
6028,Enugu Farm Site 6028,farm,76383 Lin Island Apt. 587,Enugu,NG,9.817068,35.991531
6029,Port Harcourt Farm Site 6029,farm,83350 Foster Courts Apt. 070,Port Harcourt,NG,12.342054,21.098061
6030,Mombasa Farm Site 6030,farm,341 Scott Flat Suite 908,Mombasa,KE,6.334252,2.20119
6031,Lagos Farm Site 6031,farm,715 Veronica Springs Apt. 503,Lagos,NG,11.719628,28.157729
6032,Abuja Farm Site 6032,farm,919 Edward Row,Abuja,NG,12.88423,25.24151
6033,Kisumu Farm Site 6033,farm,780 Amy Glens,Kisumu,KE,9.124118,17.647032
6034,Mombasa Farm Site 6034,farm,442 Lamb Green,Mombasa,KE,9.833861,32.734947
6035,Kisumu Farm Site 6035,farm,440 Vaughan Harbors,Kisumu,KE,8.801176,12.389651
6036,Tamale Farm Site 6036,farm,934 Phillip Prairie,Tamale,GH,4.8176,12.209247
6037,Abuja Farm Site 6037,farm,2806 Romero Stream,Abuja,NG,11.950391,16.008866
6038,Ibadan Farm Site 6038,farm,5260 James Drive,Ibadan,NG,4.579969,37.427992
6039,Benin City Farm Site 6039,farm,4609 Timothy Park Suite 501,Benin City,NG,9.712804,36.658097
6040,Uyo Farm Site 6040,farm,55603 Myers Burgs,Uyo,NG,7.156782,8.2063
6041,Lagos Farm Site 6041,farm,9157 Angela Glen Suite 372,Lagos,NG,12.629426,15.48235
6042,Lagos Farm Site 6042,farm,87495 Sanchez Canyon,Lagos,NG,7.014843,8.247227
6043,Ibadan Farm Site 6043,farm,46457 Ramos Lake,Ibadan,NG,10.946781,34.335527
6044,Abuja Farm Site 6044,farm,519 Terry Prairie Apt. 816,Abuja,NG,8.772531,6.864643
6045,Benin City Farm Site 6045,farm,666 Anthony Terrace Suite 385,Benin City,NG,4.371111,31.749997
6046,Benin City Farm Site 6046,farm,0718 Christine Union,Benin City,NG,8.541637,8.97755
6047,Nakuru Farm Site 6047,farm,843 Willie Mission Suite 925,Nakuru,KE,7.116975,4.779945
6048,Enugu Farm Site 6048,farm,756 Jeremy Bypass,Enugu,NG,8.521935,12.717999
6049,Enugu Farm Site 6049,farm,59756 Foster Walk,Enugu,NG,7.633754,26.193971
6050,Enugu Farm Site 6050,farm,81666 Ward Hollow,Enugu,NG,8.408122,24.991948
6051,Ibadan Farm Site 6051,farm,8354 Johnson Terrace,Ibadan,NG,7.82209,33.732329
6052,Lagos Farm Site 6052,farm,86523 Turner Tunnel Suite 582,Lagos,NG,8.594552,40.151735
6053,Port Harcourt Farm Site 6053,farm,176 Amanda Square Apt. 727,Port Harcourt,NG,7.845214,-0.092621
6054,Tamale Farm Site 6054,farm,71642 Timothy Ways,Tamale,GH,6.102793,19.550648
6055,Uyo Farm Site 6055,farm,28513 Munoz Cliffs,Uyo,NG,10.983258,23.519286
6056,Takoradi Farm Site 6056,farm,7269 Johnson Squares Suite 108,Takoradi,GH,9.436869,31.526341
6057,Mombasa Farm Site 6057,farm,5395 Patterson Union,Mombasa,KE,9.698634,33.240395
6058,Kano Farm Site 6058,farm,2813 Lisa Vista Suite 019,Kano,NG,11.413033,11.299385
6059,Accra Farm Site 6059,farm,1811 Duncan Plaza Apt. 737,Accra,GH,6.018441,13.320594
6060,Tamale Farm Site 6060,farm,246 Charles Greens Suite 707,Tamale,GH,12.132273,38.384854
6061,Enugu Farm Site 6061,farm,61574 Karen Rapid Suite 759,Enugu,NG,5.234603,19.851456
6062,Kano Farm Site 6062,farm,77868 Laurie Burg,Kano,NG,4.950249,18.700954
6063,Enugu Farm Site 6063,farm,79764 Richards Brooks Suite 593,Enugu,NG,6.213064,34.655055
6064,Enugu Farm Site 6064,farm,852 Garcia Mall Suite 004,Enugu,NG,6.296884,18.953418
6065,Abuja Farm Site 6065,farm,971 Johnson Mission Suite 372,Abuja,NG,5.935707,12.698507
6066,Abuja Farm Site 6066,farm,4251 Jeffrey Gateway Apt. 306,Abuja,NG,6.214723,22.748221
6067,Lagos Farm Site 6067,farm,242 Norman Glen,Lagos,NG,4.714286,4.109482
6068,Abuja Farm Site 6068,farm,824 Little Meadows Suite 533,Abuja,NG,9.805041,17.520971
6069,Enugu Farm Site 6069,farm,503 Ryan Tunnel,Enugu,NG,9.490259,9.45754
6070,Lagos Farm Site 6070,farm,58154 Alicia Prairie,Lagos,NG,6.076667,31.888607
6071,Abuja Farm Site 6071,farm,3672 Jeremiah Shores,Abuja,NG,11.037817,28.40988
6072,Benin City Farm Site 6072,farm,164 Rodriguez Springs Suite 786,Benin City,NG,9.555583,30.152368
6073,Tamale Farm Site 6073,farm,4930 Lauren Falls Suite 903,Tamale,GH,10.80521,28.990087
6074,Abuja Farm Site 6074,farm,453 Small Lane Apt. 019,Abuja,NG,6.583536,6.545022
6075,Mombasa Farm Site 6075,farm,4333 Robert Locks,Mombasa,KE,6.541985,10.886715
6076,Uyo Farm Site 6076,farm,88074 Ryan Burgs Apt. 766,Uyo,NG,11.254619,4.732392
6077,Takoradi Farm Site 6077,farm,47764 Kayla Row Apt. 879,Takoradi,GH,4.038688,13.675234
6078,Enugu Farm Site 6078,farm,82739 Hayes Plains,Enugu,NG,10.74397,27.284512
6079,Uyo Farm Site 6079,farm,468 Little Valley Apt. 544,Uyo,NG,7.591365,27.875453
6080,Ibadan Farm Site 6080,farm,3393 White Spur Apt. 565,Ibadan,NG,6.824068,28.842083
6081,Accra Farm Site 6081,farm,780 Erik Track,Accra,GH,11.322097,17.843004
6082,Uyo Farm Site 6082,farm,3372 Williams Views Suite 286,Uyo,NG,12.119289,0.170087
6083,Ibadan Farm Site 6083,farm,70184 Elizabeth Divide Suite 996,Ibadan,NG,13.080956,33.560589
6084,Benin City Farm Site 6084,farm,15648 Benjamin Cape,Benin City,NG,11.411182,37.927234
6085,Kisumu Farm Site 6085,farm,6645 Frank Ferry,Kisumu,KE,10.045847,38.930303
6086,Tamale Farm Site 6086,farm,90872 Rodriguez Plains,Tamale,GH,8.114378,11.82498
6087,Kano Farm Site 6087,farm,1791 Tyrone Inlet,Kano,NG,13.075428,23.740519
6088,Enugu Farm Site 6088,farm,6341 Mark Mountains Suite 552,Enugu,NG,10.250337,11.892057
6089,Port Harcourt Farm Site 6089,farm,2904 Williams Mall,Port Harcourt,NG,12.947161,24.775881
6090,Nakuru Farm Site 6090,farm,5452 Anthony Dam Apt. 649,Nakuru,KE,7.241124,4.934896
6091,Ibadan Farm Site 6091,farm,788 Leslie Fort,Ibadan,NG,9.005567,36.836853
6092,Uyo Farm Site 6092,farm,862 Tucker Extension,Uyo,NG,5.049195,37.449895
6093,Enugu Farm Site 6093,farm,75405 Melissa Hollow Suite 914,Enugu,NG,5.935815,38.437244
6094,Accra Farm Site 6094,farm,6088 Jessica Rest Apt. 385,Accra,GH,12.428177,39.283721
6095,Enugu Farm Site 6095,farm,6116 Alyssa Views Apt. 432,Enugu,NG,6.491142,33.916742
6096,Nakuru Farm Site 6096,farm,26114 Campbell Center,Nakuru,KE,11.791744,29.504665
6097,Mombasa Farm Site 6097,farm,74998 Lopez Orchard Apt. 972,Mombasa,KE,11.255125,1.774754
6098,Uyo Farm Site 6098,farm,4563 English Way,Uyo,NG,9.354653,14.049829
6099,Ibadan Farm Site 6099,farm,0819 Molina Mews,Ibadan,NG,7.132245,11.570633
6100,Takoradi Farm Site 6100,farm,9684 Wilson Island Apt. 593,Takoradi,GH,6.247048,31.122996
6101,Enugu Farm Site 6101,farm,7880 Stacey Wells Apt. 298,Enugu,NG,12.827653,30.14825
6102,Ibadan Farm Site 6102,farm,493 Evans Squares,Ibadan,NG,11.198287,8.999184
6103,Accra Farm Site 6103,farm,957 Kaufman Island Apt. 652,Accra,GH,13.254896,-0.505466
6104,Kano Farm Site 6104,farm,4903 Roger Roads,Kano,NG,12.567728,16.823196
6105,Ibadan Farm Site 6105,farm,0080 Lisa Square Apt. 853,Ibadan,NG,8.498264,24.460691
6106,Kumasi Farm Site 6106,farm,696 Aaron Lane Suite 688,Kumasi,GH,7.83884,12.523777
6107,Kano Farm Site 6107,farm,52103 Moran Square Apt. 374,Kano,NG,5.438544,25.403837
6108,Port Harcourt Farm Site 6108,farm,03191 Lauren Manor Apt. 687,Port Harcourt,NG,7.705187,13.458759
6109,Uyo Farm Site 6109,farm,40244 Lee Prairie Suite 544,Uyo,NG,6.633456,23.457233
6110,Kano Farm Site 6110,farm,7144 Ingram Valleys,Kano,NG,4.309149,15.021679
6111,Benin City Farm Site 6111,farm,2187 Melissa Parkway,Benin City,NG,8.519541,1.077669
6112,Uyo Farm Site 6112,farm,650 Moreno Squares,Uyo,NG,4.993491,0.920886
6113,Uyo Farm Site 6113,farm,980 Sharon Loop Suite 167,Uyo,NG,12.639046,0.400009
6114,Abuja Farm Site 6114,farm,8336 Cooper Squares,Abuja,NG,9.584089,18.116365
6115,Mombasa Farm Site 6115,farm,7714 Sharp Creek,Mombasa,KE,7.466719,28.866867
6116,Nakuru Farm Site 6116,farm,505 Jaime Gardens Suite 454,Nakuru,KE,6.020686,28.519164
6117,Uyo Farm Site 6117,farm,3818 Sharon Estates,Uyo,NG,11.015119,2.9508
6118,Enugu Farm Site 6118,farm,29549 Jon Land Suite 576,Enugu,NG,7.799704,30.223053
6119,Port Harcourt Farm Site 6119,farm,4337 Bass Fall,Port Harcourt,NG,7.177455,0.316251
6120,Ibadan Farm Site 6120,farm,8941 Mark Curve,Ibadan,NG,9.428966,13.420559
6121,Uyo Farm Site 6121,farm,89522 Jimenez Passage Apt. 865,Uyo,NG,12.206784,13.873084
6122,Takoradi Farm Site 6122,farm,468 Joshua Roads Suite 274,Takoradi,GH,7.898045,30.259626
6123,Kano Farm Site 6123,farm,4433 Stone Summit Apt. 965,Kano,NG,8.585248,-1.478474
6124,Ibadan Farm Site 6124,farm,10518 Jose Fork,Ibadan,NG,13.129258,22.957779
6125,Kumasi Farm Site 6125,farm,225 Kristi Extensions,Kumasi,GH,9.088877,14.123713
6126,Port Harcourt Farm Site 6126,farm,00575 Matthew Forge Apt. 040,Port Harcourt,NG,9.713294,33.064191
6127,Port Harcourt Farm Site 6127,farm,81656 Jeffrey Flat,Port Harcourt,NG,10.5711,26.022583
6128,Abuja Farm Site 6128,farm,7306 Nixon Courts,Abuja,NG,8.592329,13.915614
6129,Enugu Farm Site 6129,farm,50027 Martin Street,Enugu,NG,10.931527,17.424417
6130,Kano Farm Site 6130,farm,247 Eric Streets Suite 129,Kano,NG,9.096031,35.288151
6131,Enugu Farm Site 6131,farm,9960 James Manor Apt. 099,Enugu,NG,4.365616,4.601538
6132,Abuja Farm Site 6132,farm,0505 Robert Divide,Abuja,NG,6.159435,20.754951
6133,Abuja Farm Site 6133,farm,905 Phillips Heights Apt. 074,Abuja,NG,10.128059,2.967394
6134,Takoradi Farm Site 6134,farm,48734 Myers Field Suite 109,Takoradi,GH,9.97778,1.201011
6135,Ibadan Farm Site 6135,farm,456 Walter Plain,Ibadan,NG,9.801634,39.025492
6136,Port Harcourt Farm Site 6136,farm,25994 Blake Divide Apt. 840,Port Harcourt,NG,10.092192,11.651566
6137,Tamale Farm Site 6137,farm,6768 Rose Plaza,Tamale,GH,8.3033,2.324766
6138,Enugu Farm Site 6138,farm,357 Chapman Green Suite 052,Enugu,NG,10.80302,36.090239
6139,Mombasa Farm Site 6139,farm,0561 Garcia Mountains,Mombasa,KE,10.877386,25.979901
6140,Nakuru Farm Site 6140,farm,08713 Roberts Union,Nakuru,KE,6.067351,33.148266
6141,Tamale Farm Site 6141,farm,13999 William Pike,Tamale,GH,7.291008,13.519063
6142,Ibadan Farm Site 6142,farm,43541 Jane Parkways,Ibadan,NG,12.504967,40.155392
6143,Ibadan Farm Site 6143,farm,541 Grimes Garden,Ibadan,NG,4.626973,33.227664
6144,Nairobi Farm Site 6144,farm,14279 Erika Island,Nairobi,KE,6.573174,-1.077911
6145,Port Harcourt Farm Site 6145,farm,6266 Tran Plaza,Port Harcourt,NG,12.096149,30.062252
6146,Benin City Farm Site 6146,farm,93997 Ramirez Fords,Benin City,NG,5.988964,23.083666
6147,Nakuru Farm Site 6147,farm,3918 Heather Shoal,Nakuru,KE,11.193847,16.377815
6148,Benin City Farm Site 6148,farm,46905 Carlos Lake Apt. 892,Benin City,NG,10.810102,19.172626
6149,Ibadan Farm Site 6149,farm,4894 King Inlet Suite 394,Ibadan,NG,8.911175,37.187902
6150,Lagos Farm Site 6150,farm,3622 James Alley Apt. 137,Lagos,NG,4.437269,39.127878
6151,Abuja Farm Site 6151,farm,1047 Jodi Port,Abuja,NG,13.017619,29.816503
6152,Port Harcourt Farm Site 6152,farm,87262 Kelli Path Apt. 675,Port Harcourt,NG,7.566441,36.473213
6153,Ibadan Farm Site 6153,farm,6564 Parks Centers Apt. 338,Ibadan,NG,5.464087,28.971458
6154,Accra Farm Site 6154,farm,34667 Brittany Streets,Accra,GH,12.390685,8.271239
6155,Lagos Farm Site 6155,farm,8023 Jason Fork Suite 695,Lagos,NG,8.993149,29.765121
6156,Kano Farm Site 6156,farm,0649 Jose Greens Apt. 073,Kano,NG,9.304337,24.671405
6157,Tamale Farm Site 6157,farm,5577 Morales Inlet Apt. 677,Tamale,GH,9.123779,7.271762
6158,Port Harcourt Farm Site 6158,farm,9188 John Vista Suite 385,Port Harcourt,NG,7.01866,17.129062
6159,Kano Farm Site 6159,farm,940 Davidson Cliffs Apt. 014,Kano,NG,6.228579,30.265797
6160,Ibadan Farm Site 6160,farm,53711 Terry Green,Ibadan,NG,8.392641,26.913018
6161,Kumasi Farm Site 6161,farm,3079 Perez Passage,Kumasi,GH,11.20297,34.549593
6162,Kano Farm Site 6162,farm,75916 Mitchell Tunnel Suite 855,Kano,NG,7.910823,21.218551
6163,Mombasa Farm Site 6163,farm,6832 Keith Brooks,Mombasa,KE,9.301197,30.33174
6164,Accra Farm Site 6164,farm,55337 Carter Stravenue,Accra,GH,6.42001,13.869998
6165,Lagos Farm Site 6165,farm,54211 Tyler Ridges,Lagos,NG,12.481117,18.294005
6166,Abuja Farm Site 6166,farm,30654 Kelly Cape Apt. 195,Abuja,NG,9.003573,10.237483
6167,Kumasi Farm Site 6167,farm,4693 Justin Harbor Apt. 021,Kumasi,GH,5.032544,22.485367
6168,Port Harcourt Farm Site 6168,farm,06556 Welch Crossing Apt. 670,Port Harcourt,NG,5.439394,25.156031
6169,Uyo Farm Site 6169,farm,042 Molly Crescent Suite 621,Uyo,NG,4.215237,32.384775
6170,Enugu Farm Site 6170,farm,93866 Stein Crest,Enugu,NG,12.713227,40.574413
6171,Kumasi Farm Site 6171,farm,1778 Young Crossing,Kumasi,GH,10.500428,33.979962
6172,Kumasi Farm Site 6172,farm,91338 Allen Valley,Kumasi,GH,4.656629,39.60551
6173,Port Harcourt Farm Site 6173,farm,17535 Tate Hollow Apt. 396,Port Harcourt,NG,9.56773,0.234388
6174,Accra Farm Site 6174,farm,398 Garcia Ports,Accra,GH,5.560798,35.131685
6175,Takoradi Farm Site 6175,farm,07933 Julian Grove,Takoradi,GH,8.891923,4.385337
6176,Kumasi Farm Site 6176,farm,19815 John Garden Apt. 144,Kumasi,GH,9.45323,5.429144
6177,Port Harcourt Farm Site 6177,farm,80669 Ashley Burg,Port Harcourt,NG,8.36707,33.699843
6178,Port Harcourt Farm Site 6178,farm,41458 Shannon Track,Port Harcourt,NG,7.41853,-3.306642
6179,Lagos Farm Site 6179,farm,319 Michael Squares,Lagos,NG,13.487605,13.250852
6180,Kano Farm Site 6180,farm,468 Victoria Skyway,Kano,NG,5.327089,-3.010154
6181,Benin City Farm Site 6181,farm,66142 Richardson Skyway Suite 093,Benin City,NG,12.71209,22.485124
6182,Uyo Farm Site 6182,farm,20741 Paul Wall,Uyo,NG,5.071532,37.821547
6183,Abuja Farm Site 6183,farm,582 Julie Trail,Abuja,NG,4.807188,24.027752
6184,Port Harcourt Farm Site 6184,farm,29667 Kayla Oval Apt. 948,Port Harcourt,NG,11.468572,39.509998
6185,Benin City Farm Site 6185,farm,06950 Donna Rest Suite 795,Benin City,NG,9.550213,4.223514
6186,Lagos Farm Site 6186,farm,5652 Jennifer Mount,Lagos,NG,4.848182,29.764202
6187,Enugu Farm Site 6187,farm,17221 Debra Ferry Apt. 933,Enugu,NG,4.238306,8.286313
6188,Benin City Farm Site 6188,farm,8692 Estrada Islands,Benin City,NG,9.519433,36.459685
6189,Abuja Farm Site 6189,farm,817 Anna Mission,Abuja,NG,11.304352,2.241079
6190,Nakuru Farm Site 6190,farm,636 Hale Parks,Nakuru,KE,13.017819,29.072553
6191,Ibadan Farm Site 6191,farm,893 Mendoza Union,Ibadan,NG,10.284873,27.700932
6192,Takoradi Farm Site 6192,farm,3547 Bradley Dam Suite 835,Takoradi,GH,12.168677,15.423634
6193,Lagos Farm Site 6193,farm,3209 Lisa Estate,Lagos,NG,11.163329,11.012211
6194,Nairobi Farm Site 6194,farm,23683 Turner Neck Suite 023,Nairobi,KE,4.618506,9.150907
6195,Ibadan Farm Site 6195,farm,87215 Christine Ford,Ibadan,NG,7.059312,10.501441
6196,Kano Farm Site 6196,farm,540 Tina Corners Apt. 530,Kano,NG,6.022133,5.668912
6197,Abuja Farm Site 6197,farm,06490 Michael Harbor,Abuja,NG,6.751119,20.980951
6198,Port Harcourt Farm Site 6198,farm,2929 Danielle Plains,Port Harcourt,NG,11.882531,-2.244963
6199,Port Harcourt Farm Site 6199,farm,45185 Joshua Pine Suite 506,Port Harcourt,NG,13.013907,37.59162
6200,Accra Farm Site 6200,farm,408 Foster Dale Apt. 910,Accra,GH,11.985694,0.896235
6201,Accra Farm Site 6201,farm,47463 Christensen Mill,Accra,GH,7.90293,35.93139
6202,Tamale Farm Site 6202,farm,391 Sarah Station,Tamale,GH,9.482121,27.980279
6203,Tamale Farm Site 6203,farm,022 Franco Manor,Tamale,GH,10.293115,11.98531
6204,Takoradi Farm Site 6204,farm,119 Amber Road Apt. 542,Takoradi,GH,10.049721,-2.307124
6205,Kisumu Farm Site 6205,farm,6775 Tricia Viaduct Apt. 700,Kisumu,KE,12.692587,39.554472
6206,Accra Farm Site 6206,farm,34680 Tyler Circles,Accra,GH,5.11847,38.741608
6207,Benin City Farm Site 6207,farm,6557 Christopher Parks Apt. 456,Benin City,NG,5.705462,16.406292
6208,Benin City Farm Site 6208,farm,96237 David Throughway Apt. 397,Benin City,NG,12.533107,8.348968
6209,Lagos Farm Site 6209,farm,192 Harris Trafficway,Lagos,NG,8.338965,19.27168
6210,Kano Farm Site 6210,farm,232 Lindsay Plains Suite 070,Kano,NG,6.316825,28.667336
6211,Benin City Farm Site 6211,farm,43249 Anderson Drive,Benin City,NG,11.551361,11.131307
6212,Mombasa Farm Site 6212,farm,32756 Woods Springs Apt. 169,Mombasa,KE,8.779502,17.256751
6213,Lagos Farm Site 6213,farm,61846 Kari Crossroad Apt. 215,Lagos,NG,4.4733,31.162755
6214,Port Harcourt Farm Site 6214,farm,34743 Hogan Ferry,Port Harcourt,NG,7.977349,21.545866
6215,Nairobi Farm Site 6215,farm,33639 Kristen Fork,Nairobi,KE,12.528776,22.623172
6216,Uyo Farm Site 6216,farm,231 Meza Way,Uyo,NG,8.792068,25.3189
6217,Nairobi Farm Site 6217,farm,067 Lisa Flat Suite 699,Nairobi,KE,7.565182,12.291654
6218,Lagos Farm Site 6218,farm,1154 Moore Corner Apt. 251,Lagos,NG,4.978271,9.035513
6219,Kisumu Farm Site 6219,farm,447 Barbara Street,Kisumu,KE,5.282681,28.500076
6220,Lagos Farm Site 6220,farm,17628 Justin Freeway,Lagos,NG,4.90411,11.307827
6221,Abuja Farm Site 6221,farm,877 Parker Parks Apt. 942,Abuja,NG,9.065449,19.075506
6222,Benin City Farm Site 6222,farm,60394 Kyle Mews,Benin City,NG,6.277592,3.756053
6223,Mombasa Farm Site 6223,farm,72231 Rodriguez Rest Suite 752,Mombasa,KE,6.551176,0.79138
6224,Port Harcourt Farm Site 6224,farm,41897 Jill Park Suite 242,Port Harcourt,NG,12.369165,18.582983
6225,Uyo Farm Site 6225,farm,55925 Estrada Knoll,Uyo,NG,8.893781,36.61854
6226,Lagos Farm Site 6226,farm,70597 Tran Grove Suite 200,Lagos,NG,4.828714,38.961788
6227,Kano Farm Site 6227,farm,92469 Lopez Trail Apt. 036,Kano,NG,7.977381,19.757707
6228,Abuja Farm Site 6228,farm,80842 Melissa Freeway,Abuja,NG,6.023125,28.846143
6229,Ibadan Farm Site 6229,farm,891 Helen Flat,Ibadan,NG,10.332014,26.467539
6230,Abuja Farm Site 6230,farm,055 Holder Knoll,Abuja,NG,5.705294,3.222803
6231,Ibadan Farm Site 6231,farm,6968 Larson Ferry Apt. 097,Ibadan,NG,5.286484,26.65456
6232,Lagos Farm Site 6232,farm,93515 Rollins Causeway Suite 314,Lagos,NG,11.158513,7.64299
6233,Abuja Farm Site 6233,farm,770 Mitchell Mountain Suite 023,Abuja,NG,13.212303,38.516047
6234,Port Harcourt Farm Site 6234,farm,991 Adam Landing,Port Harcourt,NG,10.405493,8.326706
6235,Abuja Farm Site 6235,farm,0438 Megan Lock,Abuja,NG,12.549176,16.632317
6236,Ibadan Farm Site 6236,farm,923 Jacob Valley,Ibadan,NG,9.01857,32.125442
6237,Kano Farm Site 6237,farm,532 Elizabeth Extension,Kano,NG,5.769235,15.060946
6238,Lagos Farm Site 6238,farm,0361 Christine Drive,Lagos,NG,4.718098,2.405597
6239,Lagos Farm Site 6239,farm,34246 Joseph Squares Apt. 255,Lagos,NG,7.633845,37.391383
6240,Lagos Farm Site 6240,farm,64632 Johnson Wall Suite 571,Lagos,NG,9.034265,17.12422
6241,Kisumu Farm Site 6241,farm,9618 Duane Orchard,Kisumu,KE,13.26409,15.746007
6242,Port Harcourt Farm Site 6242,farm,4138 Morris Ridges Apt. 723,Port Harcourt,NG,13.362619,28.340322
6243,Mombasa Farm Site 6243,farm,9329 Howard Skyway,Mombasa,KE,10.7824,29.686507
6244,Benin City Farm Site 6244,farm,510 Daniel Key Suite 560,Benin City,NG,5.617225,13.322249
6245,Lagos Farm Site 6245,farm,14645 William Hollow Apt. 472,Lagos,NG,7.86656,26.005568
6246,Kano Farm Site 6246,farm,06063 Richard Orchard,Kano,NG,4.982337,33.172723
6247,Takoradi Farm Site 6247,farm,0810 Brian Light Suite 511,Takoradi,GH,6.71195,30.189973
6248,Nairobi Farm Site 6248,farm,398 Bruce Pass,Nairobi,KE,11.454864,18.269659
6249,Uyo Farm Site 6249,farm,752 Delacruz Parks,Uyo,NG,9.293466,26.04891
6250,Enugu Farm Site 6250,farm,06803 Miller Spur Apt. 929,Enugu,NG,5.833817,3.802406
6251,Takoradi Farm Site 6251,farm,4639 Rowe Oval,Takoradi,GH,5.675729,31.654152
6252,Kano Farm Site 6252,farm,0532 Maxwell Motorway,Kano,NG,9.057355,24.258603
6253,Port Harcourt Farm Site 6253,farm,945 Adam Radial Suite 466,Port Harcourt,NG,6.849324,8.862407
6254,Kano Farm Site 6254,farm,657 Livingston Shores,Kano,NG,11.750259,24.189462
6255,Port Harcourt Farm Site 6255,farm,6053 Megan Points Suite 035,Port Harcourt,NG,11.516715,24.625019
6256,Kumasi Farm Site 6256,farm,771 Theresa Corner Suite 101,Kumasi,GH,5.959434,37.135934
6257,Uyo Farm Site 6257,farm,834 Dylan Meadows,Uyo,NG,12.185826,22.250311
6258,Kano Farm Site 6258,farm,98168 Coleman Locks Apt. 399,Kano,NG,8.157769,39.938244
6259,Enugu Farm Site 6259,farm,3208 Corey Brooks,Enugu,NG,7.532566,-3.058583
6260,Kumasi Farm Site 6260,farm,20090 Higgins Harbors Suite 365,Kumasi,GH,8.379234,40.181976
6261,Port Harcourt Farm Site 6261,farm,502 Charles Pass Suite 354,Port Harcourt,NG,11.258935,11.461052
6262,Nairobi Farm Site 6262,farm,53608 Pierce Points,Nairobi,KE,5.883349,8.945061
6263,Uyo Farm Site 6263,farm,04283 Mueller Streets,Uyo,NG,5.474236,35.293425
6264,Nakuru Farm Site 6264,farm,565 Collins Manor,Nakuru,KE,4.900664,38.053232
6265,Kano Farm Site 6265,farm,536 Hernandez Via Apt. 514,Kano,NG,10.435409,-3.453115
6266,Port Harcourt Farm Site 6266,farm,6805 Wilkerson Lodge Suite 241,Port Harcourt,NG,10.405985,33.351947
6267,Kumasi Farm Site 6267,farm,746 Charles Spring,Kumasi,GH,10.158508,12.738945
6268,Port Harcourt Farm Site 6268,farm,634 Audrey Plains,Port Harcourt,NG,6.39585,0.302797
6269,Enugu Farm Site 6269,farm,361 Javier Keys,Enugu,NG,7.654828,31.903327
6270,Ibadan Farm Site 6270,farm,7679 Patel Grove,Ibadan,NG,7.680568,36.909665
6271,Port Harcourt Farm Site 6271,farm,9874 Maria Locks,Port Harcourt,NG,8.789359,11.212502
6272,Accra Farm Site 6272,farm,35258 Brian Bridge,Accra,GH,10.160083,36.359722
6273,Tamale Farm Site 6273,farm,7013 Matthew Roads,Tamale,GH,12.816074,29.052023
6274,Uyo Farm Site 6274,farm,47448 Martin Landing Apt. 446,Uyo,NG,5.027797,14.456761
6275,Ibadan Farm Site 6275,farm,82532 Torres Cape Apt. 924,Ibadan,NG,8.203307,17.001705
6276,Takoradi Farm Site 6276,farm,072 Tamara Island,Takoradi,GH,5.133861,12.604278
6277,Uyo Farm Site 6277,farm,5910 Michelle Ridge,Uyo,NG,5.148093,8.702962
6278,Lagos Farm Site 6278,farm,4677 Gregory Squares,Lagos,NG,8.047471,26.202332
6279,Port Harcourt Farm Site 6279,farm,0241 Wade Loop,Port Harcourt,NG,4.058606,33.468184
6280,Kano Farm Site 6280,farm,534 Anderson Track Apt. 781,Kano,NG,6.409705,25.547996
6281,Nakuru Farm Site 6281,farm,269 Michael Flat Suite 402,Nakuru,KE,8.230431,34.727711
6282,Port Harcourt Farm Site 6282,farm,53993 Keith Plains Suite 200,Port Harcourt,NG,7.080042,14.723929
6283,Ibadan Farm Site 6283,farm,327 Kenneth Highway Suite 895,Ibadan,NG,8.059447,2.953661
6284,Abuja Farm Site 6284,farm,5268 Adam Plaza Apt. 589,Abuja,NG,7.94003,5.270459
6285,Lagos Farm Site 6285,farm,2395 Richards Locks Apt. 295,Lagos,NG,6.49971,10.243172
6286,Mombasa Farm Site 6286,farm,58017 Evan Stravenue Suite 404,Mombasa,KE,11.77699,20.377513
6287,Uyo Farm Site 6287,farm,65142 Amber Isle Suite 868,Uyo,NG,9.240046,3.913658
6288,Ibadan Farm Site 6288,farm,549 Betty Harbors Apt. 663,Ibadan,NG,5.33645,7.467743
6289,Kumasi Farm Site 6289,farm,492 Jones Forge,Kumasi,GH,10.371237,19.196323
6290,Abuja Farm Site 6290,farm,688 Harris Ports Suite 612,Abuja,NG,7.280759,24.768145
6291,Abuja Farm Site 6291,farm,192 Leblanc Locks,Abuja,NG,8.972815,32.15569
6292,Lagos Farm Site 6292,farm,8715 Noble Ports,Lagos,NG,12.093227,40.346181
6293,Port Harcourt Farm Site 6293,farm,07011 French Heights,Port Harcourt,NG,8.919822,27.662949
6294,Port Harcourt Farm Site 6294,farm,5309 Victoria Corners Apt. 383,Port Harcourt,NG,11.06683,5.937732
6295,Abuja Farm Site 6295,farm,037 Nicole Orchard Suite 937,Abuja,NG,10.565174,31.308437
6296,Enugu Farm Site 6296,farm,064 Ortiz Club,Enugu,NG,11.379111,1.86395
6297,Enugu Farm Site 6297,farm,817 Preston Run,Enugu,NG,13.298846,13.681092
6298,Uyo Farm Site 6298,farm,8777 Megan Hill,Uyo,NG,5.747369,14.831452
6299,Uyo Farm Site 6299,farm,360 Wells Plaza,Uyo,NG,8.302135,10.348913
6300,Enugu Farm Site 6300,farm,325 Guzman Underpass,Enugu,NG,6.791273,2.28111
6301,Kano Farm Site 6301,farm,3940 Clark Trafficway,Kano,NG,6.831324,27.302052
6302,Lagos Farm Site 6302,farm,2160 Jason Inlet,Lagos,NG,8.401791,40.203988
6303,Ibadan Farm Site 6303,farm,9247 Katherine Gateway Apt. 559,Ibadan,NG,8.782702,18.766592
6304,Abuja Farm Site 6304,farm,268 Andrew Valleys,Abuja,NG,11.030449,7.431025
6305,Uyo Farm Site 6305,farm,5806 Powell Road Apt. 927,Uyo,NG,9.332774,38.781853
6306,Kano Farm Site 6306,farm,16886 Austin Port,Kano,NG,13.049298,37.222107
6307,Uyo Farm Site 6307,farm,77853 Gonzalez Stream Apt. 389,Uyo,NG,9.992403,10.491615
6308,Ibadan Farm Site 6308,farm,52795 Reynolds Course,Ibadan,NG,5.39158,29.040054
6309,Benin City Farm Site 6309,farm,4643 Estes Creek,Benin City,NG,4.531266,-2.809216
6310,Lagos Farm Site 6310,farm,523 Sharp Canyon Apt. 777,Lagos,NG,9.877267,21.741835
6311,Kumasi Farm Site 6311,farm,579 Walter Course Suite 315,Kumasi,GH,12.412402,16.276591
6312,Nakuru Farm Site 6312,farm,4762 Smith Tunnel Suite 628,Nakuru,KE,5.134511,16.116584
6313,Benin City Farm Site 6313,farm,4198 Victoria Tunnel Suite 286,Benin City,NG,13.49656,15.139273
6314,Uyo Farm Site 6314,farm,63214 Mitchell Stream,Uyo,NG,11.156076,10.765377
6315,Lagos Farm Site 6315,farm,0648 Scott Way,Lagos,NG,13.115982,12.738164
6316,Enugu Farm Site 6316,farm,4412 Stevenson Spur Apt. 546,Enugu,NG,4.827825,24.580434
6317,Kano Farm Site 6317,farm,7477 Jeffrey Mount Suite 655,Kano,NG,10.365552,20.447477
6318,Uyo Farm Site 6318,farm,27144 Elizabeth Knolls Apt. 747,Uyo,NG,5.922798,38.351633
6319,Benin City Farm Site 6319,farm,56838 Bush Highway Apt. 490,Benin City,NG,12.839281,6.265749
6320,Enugu Farm Site 6320,farm,4084 Stevens Turnpike Suite 548,Enugu,NG,9.960574,5.71242
6321,Lagos Farm Site 6321,farm,84400 Mark Plaza,Lagos,NG,4.712599,21.178221
6322,Uyo Farm Site 6322,farm,465 Eric Avenue,Uyo,NG,10.258127,1.715807
6323,Kisumu Farm Site 6323,farm,0725 Jones Flat Apt. 430,Kisumu,KE,9.945116,0.556964
6324,Port Harcourt Farm Site 6324,farm,494 Laura Terrace Apt. 144,Port Harcourt,NG,10.289117,22.589681
6325,Enugu Farm Site 6325,farm,640 Lonnie Falls Suite 093,Enugu,NG,5.115185,16.647169
6326,Port Harcourt Farm Site 6326,farm,71564 Kaitlyn Stravenue,Port Harcourt,NG,6.135173,3.434684
6327,Kano Farm Site 6327,farm,677 Angela Landing,Kano,NG,6.322681,0.025309
6328,Enugu Farm Site 6328,farm,34953 Schultz Shoals,Enugu,NG,8.367322,37.845119
6329,Benin City Farm Site 6329,farm,845 Norris Ville,Benin City,NG,5.743481,27.117575
6330,Uyo Farm Site 6330,farm,7682 Robyn Crossroad,Uyo,NG,4.324167,18.111073
6331,Benin City Farm Site 6331,farm,68439 Anderson Pines Suite 196,Benin City,NG,13.161012,12.927248
6332,Kano Farm Site 6332,farm,49132 David Overpass,Kano,NG,6.466084,14.357904
6333,Tamale Farm Site 6333,farm,962 William Station Suite 579,Tamale,GH,8.943008,0.652177
6334,Benin City Farm Site 6334,farm,5196 Laura Flats,Benin City,NG,12.81835,19.53367
6335,Accra Farm Site 6335,farm,50283 Clark Gardens,Accra,GH,6.780367,-2.665945
6336,Kano Farm Site 6336,farm,1638 Derrick Lake Suite 785,Kano,NG,10.630496,34.127055
6337,Port Harcourt Farm Site 6337,farm,252 Maria Avenue Suite 361,Port Harcourt,NG,9.16099,-1.529705
6338,Ibadan Farm Site 6338,farm,0263 Shaffer Crossroad,Ibadan,NG,6.982167,36.930257
6339,Kano Farm Site 6339,farm,76667 Melissa Union Suite 097,Kano,NG,10.107649,0.753553
6340,Ibadan Farm Site 6340,farm,854 Hudson Manors,Ibadan,NG,6.634832,3.882783
6341,Port Harcourt Farm Site 6341,farm,43604 Heather Dale,Port Harcourt,NG,8.916645,10.292723
6342,Kumasi Farm Site 6342,farm,668 Hernandez Tunnel,Kumasi,GH,8.725838,23.853808
6343,Port Harcourt Farm Site 6343,farm,008 Long Extension Suite 539,Port Harcourt,NG,7.707102,33.667568
6344,Port Harcourt Farm Site 6344,farm,7787 Ayala Stravenue,Port Harcourt,NG,12.659546,39.919335
6345,Port Harcourt Farm Site 6345,farm,50636 Frank Landing,Port Harcourt,NG,11.504791,24.941957
6346,Ibadan Farm Site 6346,farm,8433 Brown Mews Apt. 102,Ibadan,NG,5.18325,22.302217
6347,Enugu Farm Site 6347,farm,5751 Joseph Crossing Apt. 803,Enugu,NG,10.278078,9.302035
6348,Uyo Farm Site 6348,farm,604 Thomas Plaza Apt. 407,Uyo,NG,8.707312,30.859458
6349,Abuja Farm Site 6349,farm,63523 Foster Skyway,Abuja,NG,9.488784,18.543318
6350,Kumasi Farm Site 6350,farm,2643 Patel Lakes,Kumasi,GH,9.329174,28.721127
6351,Ibadan Farm Site 6351,farm,956 Rhodes Pines,Ibadan,NG,13.429789,27.678959
6352,Nairobi Farm Site 6352,farm,10664 Jones Plaza,Nairobi,KE,9.068604,4.378664
6353,Enugu Farm Site 6353,farm,14058 Michael Glens,Enugu,NG,8.201005,16.972571
6354,Enugu Farm Site 6354,farm,80447 Cynthia Parkways,Enugu,NG,11.083192,37.531155
6355,Kisumu Farm Site 6355,farm,91394 Brandon Pike,Kisumu,KE,8.057439,27.949551
6356,Kumasi Farm Site 6356,farm,37522 Smith Ranch,Kumasi,GH,9.160585,26.472109
6357,Abuja Farm Site 6357,farm,5339 Savannah Harbors Apt. 325,Abuja,NG,5.219911,19.620186
6358,Port Harcourt Farm Site 6358,farm,49285 Butler Islands Suite 607,Port Harcourt,NG,6.880422,14.635935
6359,Lagos Farm Site 6359,farm,40022 Hopkins Hollow,Lagos,NG,6.19516,30.314186
6360,Abuja Farm Site 6360,farm,7499 Wilson Center,Abuja,NG,11.374172,31.649356
6361,Port Harcourt Farm Site 6361,farm,546 Ian Square Apt. 289,Port Harcourt,NG,8.840989,-0.453951
6362,Takoradi Farm Site 6362,farm,4421 Jeffrey Square,Takoradi,GH,8.832808,35.991778
6363,Abuja Farm Site 6363,farm,683 Crystal Springs Suite 435,Abuja,NG,10.699341,32.986445
6364,Kisumu Farm Site 6364,farm,1062 Miranda Port,Kisumu,KE,7.487527,32.572541
6365,Abuja Farm Site 6365,farm,0432 Thomas Plaza Suite 481,Abuja,NG,4.85375,31.393475
6366,Uyo Farm Site 6366,farm,497 Patterson Mews Apt. 776,Uyo,NG,10.163553,9.925065
6367,Enugu Farm Site 6367,farm,1034 Patrick Station Apt. 754,Enugu,NG,11.569742,-0.578337
6368,Port Harcourt Farm Site 6368,farm,520 Taylor Wells,Port Harcourt,NG,4.238299,39.486002
6369,Uyo Farm Site 6369,farm,218 Anna Spur,Uyo,NG,9.628544,16.184812
6370,Abuja Farm Site 6370,farm,4656 Jones Port,Abuja,NG,8.097957,35.281835
6371,Kano Farm Site 6371,farm,40913 Stone Loaf,Kano,NG,10.09776,-2.202201
6372,Ibadan Farm Site 6372,farm,590 Samantha Dale,Ibadan,NG,13.11346,35.307082
6373,Abuja Farm Site 6373,farm,58124 Mcfarland Orchard,Abuja,NG,8.970845,26.880302
6374,Port Harcourt Farm Site 6374,farm,46360 Brooks Court Apt. 824,Port Harcourt,NG,4.034121,10.134382
6375,Ibadan Farm Site 6375,farm,6401 Ryan Meadow,Ibadan,NG,11.770354,3.865291
6376,Accra Farm Site 6376,farm,3319 Lozano Junctions,Accra,GH,10.277445,30.868978
6377,Takoradi Farm Site 6377,farm,2587 Leah Green,Takoradi,GH,10.314065,28.312753
6378,Uyo Farm Site 6378,farm,8920 Kiara Heights Suite 820,Uyo,NG,9.452789,11.167914
6379,Lagos Farm Site 6379,farm,6438 Jackson Cliff Suite 309,Lagos,NG,11.649836,8.234941
6380,Kano Farm Site 6380,farm,291 Mcintyre Squares Apt. 580,Kano,NG,10.906771,1.675437
6381,Enugu Farm Site 6381,farm,1893 Rodney Manor,Enugu,NG,10.272067,8.828427
6382,Nairobi Farm Site 6382,farm,236 Miller Path Suite 717,Nairobi,KE,6.540324,14.279351
6383,Mombasa Farm Site 6383,farm,21386 Lawson Radial Apt. 416,Mombasa,KE,13.145556,30.057168
6384,Ibadan Farm Site 6384,farm,421 James Rest Suite 225,Ibadan,NG,5.339243,25.42284
6385,Kumasi Farm Site 6385,farm,8613 Miller Ways Apt. 836,Kumasi,GH,4.618542,37.53349
6386,Accra Farm Site 6386,farm,003 Adam Parks,Accra,GH,10.014983,15.56515
6387,Uyo Farm Site 6387,farm,9824 Wesley Haven Apt. 429,Uyo,NG,12.586744,18.181241
6388,Abuja Farm Site 6388,farm,6073 Donna Brooks,Abuja,NG,8.728684,13.774479
6389,Kano Farm Site 6389,farm,3595 Cheryl Port Apt. 822,Kano,NG,4.626659,38.718975
6390,Lagos Farm Site 6390,farm,265 Michael Street,Lagos,NG,7.956771,13.84101
6391,Uyo Farm Site 6391,farm,22448 Barnett Run,Uyo,NG,11.359451,5.649056
6392,Enugu Farm Site 6392,farm,69857 Janet Valleys Suite 586,Enugu,NG,12.3671,7.543321
6393,Accra Farm Site 6393,farm,53299 Hall Expressway,Accra,GH,6.495119,40.390963
6394,Lagos Farm Site 6394,farm,7522 Melinda Summit Suite 797,Lagos,NG,4.916415,32.99976
6395,Accra Farm Site 6395,farm,65885 Jeanne Curve Suite 719,Accra,GH,12.541164,26.661023
6396,Uyo Farm Site 6396,farm,3391 Johnson Brook,Uyo,NG,4.662757,14.913173
6397,Lagos Farm Site 6397,farm,550 Sheila Prairie,Lagos,NG,4.793172,6.087029
6398,Ibadan Farm Site 6398,farm,524 Torres Gardens Suite 897,Ibadan,NG,10.01526,20.95399
6399,Abuja Farm Site 6399,farm,4446 Kelly Place Suite 268,Abuja,NG,5.472618,7.306843
6400,Kano Farm Site 6400,farm,6110 Shirley Port Suite 508,Kano,NG,5.105583,29.931142
6401,Abuja Farm Site 6401,farm,0857 Beth Cape,Abuja,NG,13.428054,30.088545
6402,Uyo Farm Site 6402,farm,52501 Terri Bypass Apt. 999,Uyo,NG,11.591603,1.1907
6403,Ibadan Farm Site 6403,farm,43242 Tara Fords,Ibadan,NG,10.015769,26.339061
6404,Uyo Farm Site 6404,farm,2158 Hill Road,Uyo,NG,7.69069,11.124707
6405,Benin City Farm Site 6405,farm,6917 Robert Drive,Benin City,NG,9.945101,15.204147
6406,Ibadan Farm Site 6406,farm,144 Houston Course Suite 384,Ibadan,NG,9.553806,25.666672
6407,Uyo Farm Site 6407,farm,0410 Kayla Place Apt. 553,Uyo,NG,10.116545,20.11113
6408,Nakuru Farm Site 6408,farm,8298 Christina Isle,Nakuru,KE,4.492544,1.053285
6409,Accra Farm Site 6409,farm,6860 Paul Center,Accra,GH,7.440139,31.738481
6410,Uyo Farm Site 6410,farm,889 Roberts Spring,Uyo,NG,9.367499,32.400619
6411,Uyo Farm Site 6411,farm,28913 Carr Valleys Apt. 187,Uyo,NG,9.375194,38.444994
6412,Benin City Farm Site 6412,farm,15577 Jackson Camp Apt. 460,Benin City,NG,9.83571,27.398646
6413,Lagos Farm Site 6413,farm,401 Tracy Summit,Lagos,NG,9.4565,29.463924
6414,Benin City Farm Site 6414,farm,4613 Brandon Stream,Benin City,NG,7.065226,40.202601
6415,Abuja Farm Site 6415,farm,4003 Tyler Harbors Apt. 090,Abuja,NG,10.141831,8.983856
6416,Ibadan Farm Site 6416,farm,1712 Tammy Gateway Suite 133,Ibadan,NG,12.225997,29.365174
6417,Benin City Farm Site 6417,farm,3410 James Point,Benin City,NG,5.656023,20.308149
6418,Benin City Farm Site 6418,farm,7074 David Pines,Benin City,NG,8.603397,33.581544
6419,Nairobi Farm Site 6419,farm,249 Rebecca Stravenue,Nairobi,KE,11.274595,35.643075
6420,Takoradi Farm Site 6420,farm,6300 Smith Hills,Takoradi,GH,5.665387,36.903908
6421,Enugu Farm Site 6421,farm,82754 Osborn Causeway,Enugu,NG,7.143023,28.738389
6422,Mombasa Farm Site 6422,farm,8870 Hendricks Views Suite 281,Mombasa,KE,8.693256,37.853375
6423,Lagos Farm Site 6423,farm,715 Davis Fords Suite 414,Lagos,NG,13.018059,36.684253
6424,Ibadan Farm Site 6424,farm,53318 Evans Tunnel Suite 412,Ibadan,NG,8.387592,5.071034
6425,Tamale Farm Site 6425,farm,521 Laura Village,Tamale,GH,11.17451,0.743837
6426,Tamale Farm Site 6426,farm,8271 Williams Square Apt. 284,Tamale,GH,8.970894,6.302128
6427,Lagos Farm Site 6427,farm,1247 Mays Courts Suite 866,Lagos,NG,5.370556,12.283013
6428,Kano Farm Site 6428,farm,0214 Mccullough Trail Suite 517,Kano,NG,5.34559,18.236903
6429,Tamale Farm Site 6429,farm,91191 Teresa Villages Suite 296,Tamale,GH,5.159572,0.109716
6430,Accra Farm Site 6430,farm,0115 Michael Plain Suite 059,Accra,GH,9.369106,34.464786
6431,Kano Farm Site 6431,farm,70009 Horn Pass,Kano,NG,9.334967,21.864245
6432,Abuja Farm Site 6432,farm,1992 Garcia Fork Suite 731,Abuja,NG,6.888311,6.749294
6433,Mombasa Farm Site 6433,farm,06588 Joseph Track,Mombasa,KE,11.764093,33.239075
6434,Enugu Farm Site 6434,farm,467 Clark Land Apt. 541,Enugu,NG,5.225844,-2.414579
6435,Kano Farm Site 6435,farm,092 Cross Falls,Kano,NG,9.295354,17.861409
6436,Benin City Farm Site 6436,farm,183 Jay Lock,Benin City,NG,4.511908,11.564677
6437,Benin City Farm Site 6437,farm,0530 Susan Via,Benin City,NG,11.581507,27.502523
6438,Abuja Farm Site 6438,farm,397 Valerie Underpass Suite 134,Abuja,NG,12.335211,22.261477
6439,Nakuru Farm Site 6439,farm,500 Carter Mountain,Nakuru,KE,4.240326,1.988513
6440,Enugu Farm Site 6440,farm,2562 Ashley Neck Apt. 941,Enugu,NG,12.565144,32.512029
6441,Ibadan Farm Site 6441,farm,564 Bell Port Suite 572,Ibadan,NG,11.215585,15.11746
6442,Tamale Farm Site 6442,farm,860 Hudson Crest,Tamale,GH,6.138214,4.635177
6443,Kumasi Farm Site 6443,farm,824 Jennifer Trafficway Apt. 316,Kumasi,GH,6.14897,27.266654
6444,Lagos Farm Site 6444,farm,4870 Cummings Fork,Lagos,NG,12.052608,36.65044
6445,Abuja Farm Site 6445,farm,4903 Emily Curve,Abuja,NG,11.124292,11.4631
6446,Benin City Farm Site 6446,farm,269 Shirley Corner Apt. 107,Benin City,NG,8.919018,19.961194
6447,Enugu Farm Site 6447,farm,812 Melinda Roads,Enugu,NG,4.654898,36.210227
6448,Benin City Farm Site 6448,farm,1689 Evelyn Crest,Benin City,NG,6.191614,4.481905
6449,Port Harcourt Farm Site 6449,farm,41202 Carlos Road,Port Harcourt,NG,4.111816,3.408042
6450,Kano Farm Site 6450,farm,528 Paul Centers Suite 744,Kano,NG,8.991597,1.415978
6451,Abuja Farm Site 6451,farm,2328 Michael Mountains,Abuja,NG,8.857194,34.965381
6452,Ibadan Farm Site 6452,farm,63300 Massey Islands Apt. 872,Ibadan,NG,12.381345,13.547578
6453,Kumasi Farm Site 6453,farm,0537 Ryan Track,Kumasi,GH,11.836834,33.610893
6454,Ibadan Farm Site 6454,farm,7525 Audrey Key,Ibadan,NG,13.230986,15.082095
6455,Accra Farm Site 6455,farm,4398 Evans Rapids,Accra,GH,11.476615,39.084459
6456,Lagos Farm Site 6456,farm,496 Harvey Tunnel,Lagos,NG,6.031835,24.019244
6457,Port Harcourt Farm Site 6457,farm,06159 Green Tunnel,Port Harcourt,NG,9.798344,33.929185
6458,Nairobi Farm Site 6458,farm,9962 Harmon Burg,Nairobi,KE,4.585207,27.973523
6459,Enugu Farm Site 6459,farm,8299 Sosa Motorway Suite 069,Enugu,NG,8.153867,-1.391044
6460,Benin City Farm Site 6460,farm,903 Hernandez Harbor Suite 212,Benin City,NG,12.546563,38.085305
6461,Abuja Farm Site 6461,farm,336 Clark Walk Apt. 097,Abuja,NG,11.381948,36.531323
6462,Uyo Farm Site 6462,farm,32211 Zamora Turnpike,Uyo,NG,8.491183,15.43636
6463,Accra Farm Site 6463,farm,652 Kara Locks Suite 509,Accra,GH,6.766265,22.609113
6464,Port Harcourt Farm Site 6464,farm,68892 Elizabeth Mews,Port Harcourt,NG,5.347905,32.32238
6465,Kumasi Farm Site 6465,farm,0805 Duncan Station,Kumasi,GH,4.383329,3.79893
6466,Port Harcourt Farm Site 6466,farm,258 Michael Union Apt. 104,Port Harcourt,NG,9.115311,0.862863
6467,Kano Farm Site 6467,farm,63081 Christy Meadow Apt. 921,Kano,NG,12.859628,27.497808
6468,Uyo Farm Site 6468,farm,85274 Kimberly Shoals,Uyo,NG,12.601695,13.400529
6469,Port Harcourt Farm Site 6469,farm,7060 Brittany Plain,Port Harcourt,NG,6.69641,35.544154
6470,Lagos Farm Site 6470,farm,8856 Thornton Parkway,Lagos,NG,10.628641,31.006986
6471,Benin City Farm Site 6471,farm,5347 Catherine Center Suite 734,Benin City,NG,11.170467,18.498986
6472,Accra Farm Site 6472,farm,59665 Kimberly Mountains Suite 289,Accra,GH,11.920427,21.17216
6473,Ibadan Farm Site 6473,farm,855 Gardner Villages,Ibadan,NG,5.902063,29.050998
6474,Abuja Farm Site 6474,farm,1673 Lee Causeway Suite 091,Abuja,NG,13.382713,37.563972
6475,Port Harcourt Farm Site 6475,farm,821 Alicia Trace,Port Harcourt,NG,12.423858,3.872511
6476,Nakuru Farm Site 6476,farm,89569 Porter Causeway Suite 856,Nakuru,KE,12.869241,9.296633
6477,Lagos Farm Site 6477,farm,20119 Ayers Valley,Lagos,NG,7.863816,18.436552
6478,Ibadan Farm Site 6478,farm,20868 Emma Parkway,Ibadan,NG,8.520005,20.429899
6479,Enugu Farm Site 6479,farm,93652 Sherman Forges,Enugu,NG,8.739456,32.673216
6480,Nairobi Farm Site 6480,farm,4032 Combs Glen Apt. 596,Nairobi,KE,4.320131,9.984753
6481,Lagos Farm Site 6481,farm,6299 Murphy Drive Suite 164,Lagos,NG,5.845754,10.408942
6482,Abuja Farm Site 6482,farm,002 Hamilton Neck Suite 850,Abuja,NG,7.32803,34.0265
6483,Uyo Farm Site 6483,farm,48336 Jessica Mountain Suite 452,Uyo,NG,5.38119,1.029106
6484,Enugu Farm Site 6484,farm,66706 Brandi Rue Apt. 371,Enugu,NG,5.00701,10.168809
6485,Port Harcourt Farm Site 6485,farm,9084 Wendy Station Suite 929,Port Harcourt,NG,7.958005,31.048526
6486,Benin City Farm Site 6486,farm,198 Ellis Garden,Benin City,NG,6.921557,21.671781
6487,Port Harcourt Farm Site 6487,farm,75114 David Mountain,Port Harcourt,NG,4.727575,1.20362
6488,Nakuru Farm Site 6488,farm,815 Hunter Forks Apt. 291,Nakuru,KE,10.971334,1.207133
6489,Accra Farm Site 6489,farm,2082 Tim Run,Accra,GH,9.130159,22.194351
6490,Abuja Farm Site 6490,farm,8684 Seth Shoal,Abuja,NG,5.87017,38.744871
6491,Lagos Farm Site 6491,farm,53763 Hudson Union Suite 220,Lagos,NG,5.957266,13.667283
6492,Kano Farm Site 6492,farm,797 Rice Centers Apt. 681,Kano,NG,12.298385,32.705372
6493,Benin City Farm Site 6493,farm,6318 Martin Extensions,Benin City,NG,13.096369,3.356496
6494,Mombasa Farm Site 6494,farm,6385 Sara Isle,Mombasa,KE,6.442383,19.224024
6495,Nairobi Farm Site 6495,farm,054 James Mews Apt. 793,Nairobi,KE,10.246586,-2.968035
6496,Uyo Farm Site 6496,farm,60507 Debra Groves Suite 411,Uyo,NG,4.964777,-2.58242
6497,Accra Farm Site 6497,farm,44626 Washington Heights,Accra,GH,7.715986,9.366385
6498,Accra Farm Site 6498,farm,168 Cheryl Plain,Accra,GH,10.993362,17.158766
6499,Enugu Farm Site 6499,farm,224 Allison Inlet Apt. 014,Enugu,NG,5.54155,0.497707
6500,Nakuru Farm Site 6500,farm,07647 Anthony Hills,Nakuru,KE,6.944305,10.948237
6501,Kano Farm Site 6501,farm,397 Anderson Road,Kano,NG,11.54584,2.411976
6502,Port Harcourt Farm Site 6502,farm,05104 Lopez Islands,Port Harcourt,NG,10.518167,7.79194
6503,Enugu Farm Site 6503,farm,913 Kevin Alley,Enugu,NG,7.551359,16.015043
6504,Takoradi Farm Site 6504,farm,49636 Zachary Heights Suite 152,Takoradi,GH,7.933893,18.481996
6505,Uyo Farm Site 6505,farm,116 Cook Drive,Uyo,NG,11.29281,37.21001
6506,Kumasi Farm Site 6506,farm,1326 Frye Rapid,Kumasi,GH,7.977229,5.861463
6507,Abuja Farm Site 6507,farm,44846 Krista Prairie Suite 102,Abuja,NG,11.646844,-0.277043
6508,Uyo Farm Site 6508,farm,8733 Cooper Rapids,Uyo,NG,10.982104,33.310854
6509,Port Harcourt Farm Site 6509,farm,849 Melinda Port,Port Harcourt,NG,8.791895,1.981429
6510,Takoradi Farm Site 6510,farm,0017 Anita Terrace Apt. 467,Takoradi,GH,11.658515,38.406473
6511,Kano Farm Site 6511,farm,8000 Alvarado Lodge Apt. 125,Kano,NG,7.162278,-0.366173
6512,Benin City Farm Site 6512,farm,068 Murray Common Apt. 714,Benin City,NG,13.407504,30.832848
6513,Kisumu Farm Site 6513,farm,6508 Brenda Burg Suite 801,Kisumu,KE,9.278853,37.172906
6514,Benin City Farm Site 6514,farm,9453 Eric Corners,Benin City,NG,9.255675,5.197012
6515,Lagos Farm Site 6515,farm,4128 Morrow Orchard Suite 044,Lagos,NG,4.437143,32.306951
6516,Uyo Farm Site 6516,farm,0496 Walker Greens,Uyo,NG,12.371578,16.133942
6517,Accra Farm Site 6517,farm,670 Stanton Forks,Accra,GH,8.70609,14.940915
6518,Abuja Farm Site 6518,farm,90778 John Stravenue Suite 818,Abuja,NG,7.344801,10.365803
6519,Accra Farm Site 6519,farm,897 Marshall Extensions Suite 591,Accra,GH,7.892879,22.683789
6520,Accra Farm Site 6520,farm,5025 Richard Motorway,Accra,GH,4.704018,4.802134
6521,Port Harcourt Farm Site 6521,farm,52553 Brown Station,Port Harcourt,NG,6.498,40.792052
6522,Abuja Farm Site 6522,farm,09245 Bernard Haven Suite 310,Abuja,NG,11.916609,36.133068
6523,Enugu Farm Site 6523,farm,375 Robert Estate,Enugu,NG,9.070148,-1.326292
6524,Takoradi Farm Site 6524,farm,37662 Williams Curve,Takoradi,GH,7.615826,21.287745
6525,Nakuru Farm Site 6525,farm,7203 Barrett Inlet Suite 195,Nakuru,KE,12.710829,14.836849
6526,Enugu Farm Site 6526,farm,52173 Frazier Glens Suite 432,Enugu,NG,8.057046,5.441722
6527,Enugu Farm Site 6527,farm,0236 Sharp Terrace,Enugu,NG,10.946866,11.147599
6528,Lagos Farm Site 6528,farm,666 Winters Mills,Lagos,NG,4.702878,12.8564
6529,Mombasa Farm Site 6529,farm,1448 Jefferson Union,Mombasa,KE,8.153492,29.803556
6530,Lagos Farm Site 6530,farm,491 Benjamin Stream,Lagos,NG,8.184001,30.819851
6531,Uyo Farm Site 6531,farm,209 Newman Crossing,Uyo,NG,9.161559,24.720925
6532,Kano Farm Site 6532,farm,606 Amanda Terrace,Kano,NG,8.125276,12.644176
6533,Kumasi Farm Site 6533,farm,14584 Walter Camp Suite 560,Kumasi,GH,8.346728,2.605086
6534,Benin City Farm Site 6534,farm,66507 Bright Fords Apt. 684,Benin City,NG,6.532376,18.405649
6535,Abuja Farm Site 6535,farm,64039 Mills Grove Apt. 273,Abuja,NG,13.069918,-1.176128
6536,Kisumu Farm Site 6536,farm,86464 Chavez Light,Kisumu,KE,4.732904,8.736823
6537,Nairobi Farm Site 6537,farm,04020 Nash Brooks Suite 844,Nairobi,KE,11.906772,13.385878
6538,Abuja Farm Site 6538,farm,635 Browning Road,Abuja,NG,7.708726,40.633517
6539,Uyo Farm Site 6539,farm,5220 Cunningham Parkways,Uyo,NG,4.492909,37.948379
6540,Mombasa Farm Site 6540,farm,534 Joshua Union Suite 925,Mombasa,KE,9.303818,40.581532
6541,Kano Farm Site 6541,farm,475 Denise Heights,Kano,NG,13.080399,14.615456
6542,Nakuru Farm Site 6542,farm,03867 Julia Crossing,Nakuru,KE,12.9026,32.805196
6543,Mombasa Farm Site 6543,farm,5821 Berger Parkways,Mombasa,KE,4.899558,16.89817
6544,Abuja Farm Site 6544,farm,559 Mccullough Lane Suite 655,Abuja,NG,4.407713,0.755971
6545,Tamale Farm Site 6545,farm,286 Francis Branch Apt. 090,Tamale,GH,8.340764,25.98106
6546,Nairobi Farm Site 6546,farm,7459 Christopher Plains,Nairobi,KE,8.481646,24.218083
6547,Nakuru Farm Site 6547,farm,22484 Brown Vista Suite 293,Nakuru,KE,13.41787,0.596813
6548,Nakuru Farm Site 6548,farm,22548 Zachary Wells,Nakuru,KE,4.332633,28.507209
6549,Benin City Farm Site 6549,farm,9046 Michelle Ranch Apt. 015,Benin City,NG,10.6574,2.41055
6550,Lagos Farm Site 6550,farm,82096 Daniel Centers Apt. 063,Lagos,NG,5.289348,15.973861
6551,Kumasi Farm Site 6551,farm,011 Ryan Corner,Kumasi,GH,7.009561,27.81896
6552,Port Harcourt Farm Site 6552,farm,8150 Tara Neck,Port Harcourt,NG,6.031496,4.206987
6553,Abuja Farm Site 6553,farm,860 Heidi Burg,Abuja,NG,4.272381,23.27636
6554,Uyo Farm Site 6554,farm,607 Brenda Mills Suite 083,Uyo,NG,7.441562,13.389946
6555,Ibadan Farm Site 6555,farm,296 Dana Field Apt. 650,Ibadan,NG,7.355611,-1.239971
6556,Kisumu Farm Site 6556,farm,73361 Logan Burg Suite 160,Kisumu,KE,7.872761,21.253873
6557,Uyo Farm Site 6557,farm,91933 Mcclure Glens,Uyo,NG,5.130829,38.454871
6558,Enugu Farm Site 6558,farm,7982 Lee Mountains,Enugu,NG,8.975737,17.185219
6559,Lagos Farm Site 6559,farm,225 Francisco Station,Lagos,NG,9.683973,7.182254
6560,Tamale Farm Site 6560,farm,9893 Cynthia Ville,Tamale,GH,8.651929,34.562008
6561,Tamale Farm Site 6561,farm,553 Thomas Garden,Tamale,GH,9.455003,16.715176
6562,Mombasa Farm Site 6562,farm,07435 Thomas Key,Mombasa,KE,4.964729,4.824125
6563,Nakuru Farm Site 6563,farm,7514 Jordan Hill Suite 632,Nakuru,KE,7.037283,10.738209
6564,Benin City Farm Site 6564,farm,451 Rodriguez Springs,Benin City,NG,6.974505,12.831688
6565,Mombasa Farm Site 6565,farm,6130 Eric Canyon Suite 644,Mombasa,KE,10.11203,0.708141
6566,Abuja Farm Site 6566,farm,70303 Patel Field Suite 985,Abuja,NG,9.694013,-3.30479
6567,Nairobi Farm Site 6567,farm,131 Samantha Locks,Nairobi,KE,11.455502,22.114214
6568,Benin City Farm Site 6568,farm,995 Kelly Motorway,Benin City,NG,5.627942,23.17788
6569,Abuja Farm Site 6569,farm,91575 Brown Shoals,Abuja,NG,13.203959,37.902853
6570,Tamale Farm Site 6570,farm,31413 James Ridges Suite 070,Tamale,GH,5.614929,26.804768
6571,Ibadan Farm Site 6571,farm,35661 Evans Ranch Suite 965,Ibadan,NG,10.399996,25.607155
6572,Enugu Farm Site 6572,farm,32375 Davis Tunnel Suite 801,Enugu,NG,12.863321,16.688062
6573,Enugu Farm Site 6573,farm,22355 Stephen Hill Apt. 834,Enugu,NG,9.897639,-3.215029
6574,Ibadan Farm Site 6574,farm,7010 Lopez Burgs,Ibadan,NG,10.555654,1.154237
6575,Port Harcourt Farm Site 6575,farm,487 Harris Glen Apt. 643,Port Harcourt,NG,13.096315,16.57816
6576,Port Harcourt Farm Site 6576,farm,239 Douglas Ferry,Port Harcourt,NG,9.347913,12.050499
6577,Benin City Farm Site 6577,farm,822 Lori Causeway Apt. 441,Benin City,NG,7.777526,5.562869
6578,Benin City Farm Site 6578,farm,45911 Huynh Lights,Benin City,NG,13.194254,11.058554
6579,Lagos Farm Site 6579,farm,1177 Shannon Camp Apt. 112,Lagos,NG,5.769821,23.280949
6580,Benin City Farm Site 6580,farm,112 Diana Valley,Benin City,NG,4.247742,9.580437
6581,Kumasi Farm Site 6581,farm,95207 Erik Pass Apt. 246,Kumasi,GH,13.458387,17.216184
6582,Port Harcourt Farm Site 6582,farm,68865 Sarah Hollow Suite 992,Port Harcourt,NG,9.515387,8.163546
6583,Nairobi Farm Site 6583,farm,272 Duane Stream Apt. 148,Nairobi,KE,6.887671,-2.547266
6584,Ibadan Farm Site 6584,farm,6671 Christine Lodge Suite 921,Ibadan,NG,9.264381,17.814296
6585,Lagos Farm Site 6585,farm,979 Nicholas Heights,Lagos,NG,10.210075,14.018513
6586,Benin City Farm Site 6586,farm,3535 Nguyen Ramp Suite 299,Benin City,NG,12.093733,19.387623
6587,Kano Farm Site 6587,farm,240 Michael Vista,Kano,NG,8.055902,36.070172
6588,Benin City Farm Site 6588,farm,70630 Gonzales Freeway,Benin City,NG,8.819238,17.148837
6589,Port Harcourt Farm Site 6589,farm,0499 David Cove,Port Harcourt,NG,5.111948,22.037814
6590,Enugu Farm Site 6590,farm,52331 Fleming Heights Suite 348,Enugu,NG,5.200147,20.900418
6591,Abuja Farm Site 6591,farm,2801 Klein Terrace,Abuja,NG,7.985508,23.969535
6592,Ibadan Farm Site 6592,farm,42812 Taylor Ports,Ibadan,NG,11.903054,3.155808
6593,Takoradi Farm Site 6593,farm,516 Craig Valley Apt. 128,Takoradi,GH,5.321748,22.873564
6594,Benin City Farm Site 6594,farm,9783 Sullivan Roads,Benin City,NG,8.558752,40.675274
6595,Nakuru Farm Site 6595,farm,710 Daniel Parkways,Nakuru,KE,5.135114,28.487718
6596,Kano Farm Site 6596,farm,4538 Johnson Fields,Kano,NG,9.486858,1.49916
6597,Kumasi Farm Site 6597,farm,461 Chen Crest Suite 661,Kumasi,GH,6.012661,22.119302
6598,Kumasi Farm Site 6598,farm,7219 Curtis Branch Apt. 905,Kumasi,GH,4.117074,31.514993
6599,Ibadan Farm Site 6599,farm,2554 Douglas Mountains Suite 282,Ibadan,NG,7.531733,16.201315
6600,Benin City Farm Site 6600,farm,14805 Michael Heights Suite 504,Benin City,NG,5.986767,31.563436
6601,Kumasi Farm Site 6601,farm,194 Matthew Mall Suite 597,Kumasi,GH,6.898833,27.271826
6602,Ibadan Farm Site 6602,farm,430 Cole Meadow Apt. 964,Ibadan,NG,9.348456,39.564025
6603,Uyo Farm Site 6603,farm,8408 Hunt Islands,Uyo,NG,12.997878,28.876044
6604,Benin City Farm Site 6604,farm,1085 Carlos Wall Suite 958,Benin City,NG,4.961522,27.679615
6605,Abuja Farm Site 6605,farm,440 Alexandra Pines Suite 736,Abuja,NG,9.084792,36.89312
6606,Uyo Farm Site 6606,farm,1888 Monica Roads,Uyo,NG,10.974162,15.716273
6607,Ibadan Farm Site 6607,farm,0965 Callahan Mountains Apt. 227,Ibadan,NG,9.454629,2.755379
6608,Port Harcourt Farm Site 6608,farm,00951 Anderson Knolls Apt. 663,Port Harcourt,NG,6.688984,21.670748
6609,Ibadan Farm Site 6609,farm,635 Ramirez Mission,Ibadan,NG,4.947328,33.525639
6610,Kano Farm Site 6610,farm,71359 Smith Ports,Kano,NG,8.499986,39.852301
6611,Port Harcourt Farm Site 6611,farm,165 Lowe Street,Port Harcourt,NG,4.053431,18.86477
6612,Nairobi Farm Site 6612,farm,94492 Blake Ways,Nairobi,KE,7.72007,24.638181
6613,Ibadan Farm Site 6613,farm,9046 Nelson Mountains Apt. 418,Ibadan,NG,6.569012,30.964358
6614,Kano Farm Site 6614,farm,0535 Sandra Island,Kano,NG,12.597095,19.999699
6615,Kano Farm Site 6615,farm,7240 Tiffany Ford,Kano,NG,11.079472,34.948462
6616,Lagos Farm Site 6616,farm,3277 Neal Key Suite 515,Lagos,NG,7.15726,15.039782
6617,Benin City Farm Site 6617,farm,844 Ernest Rest,Benin City,NG,10.288073,10.438588
6618,Benin City Farm Site 6618,farm,00011 Campbell Locks Apt. 256,Benin City,NG,6.140256,18.431504
6619,Ibadan Farm Site 6619,farm,42371 Thomas Oval Suite 302,Ibadan,NG,9.711387,6.40311
6620,Benin City Farm Site 6620,farm,6477 Walker Junctions,Benin City,NG,12.466756,4.957244
6621,Ibadan Farm Site 6621,farm,0800 Barry Avenue Suite 881,Ibadan,NG,7.47423,16.781565
6622,Takoradi Farm Site 6622,farm,0268 Hall Stravenue,Takoradi,GH,5.853483,8.755883
6623,Enugu Farm Site 6623,farm,9655 Amanda Ranch Apt. 116,Enugu,NG,7.569441,29.253508
6624,Kano Farm Site 6624,farm,8873 Michael Road Apt. 313,Kano,NG,12.809716,27.062039
6625,Benin City Farm Site 6625,farm,96788 Allen Place Apt. 578,Benin City,NG,6.664621,29.257896
6626,Uyo Farm Site 6626,farm,087 Allison Lights,Uyo,NG,7.226194,17.399638
6627,Abuja Farm Site 6627,farm,228 Smith Key,Abuja,NG,5.578701,38.885504
6628,Kumasi Farm Site 6628,farm,9783 Sally Mills,Kumasi,GH,12.682813,-0.284957
6629,Abuja Farm Site 6629,farm,261 Eric Bypass Apt. 349,Abuja,NG,5.802115,-0.307366
6630,Accra Farm Site 6630,farm,114 Morgan Trace Suite 458,Accra,GH,5.155781,36.642203
6631,Ibadan Farm Site 6631,farm,3379 Green Motorway Apt. 943,Ibadan,NG,10.296878,33.072208
6632,Accra Farm Site 6632,farm,5861 Pena Glens,Accra,GH,12.436599,38.702328
6633,Enugu Farm Site 6633,farm,36684 Richard Square Apt. 392,Enugu,NG,9.548478,23.969977
6634,Lagos Farm Site 6634,farm,3210 Ross Forest Apt. 491,Lagos,NG,4.713383,3.809085
6635,Abuja Farm Site 6635,farm,92541 Gray Freeway,Abuja,NG,13.280406,29.362229
6636,Uyo Farm Site 6636,farm,27817 Schmidt Lake,Uyo,NG,8.215721,0.354161
6637,Takoradi Farm Site 6637,farm,897 Dominic Circle Apt. 130,Takoradi,GH,11.538148,4.191211
6638,Port Harcourt Farm Site 6638,farm,9479 Richard Manors Suite 921,Port Harcourt,NG,13.348499,21.024823
6639,Tamale Farm Site 6639,farm,469 Meyers Glen Suite 803,Tamale,GH,5.272632,31.434649
6640,Benin City Farm Site 6640,farm,3805 Glen Lights Apt. 018,Benin City,NG,10.80162,35.026021
6641,Kisumu Farm Site 6641,farm,560 Mary Point Suite 366,Kisumu,KE,12.090748,11.85221
6642,Uyo Farm Site 6642,farm,68958 Little Overpass Suite 386,Uyo,NG,6.753539,31.252775
6643,Kumasi Farm Site 6643,farm,9291 Andrew Park,Kumasi,GH,5.310239,26.824334
6644,Lagos Farm Site 6644,farm,60215 Jill Unions Apt. 161,Lagos,NG,6.191999,13.559894
6645,Ibadan Farm Site 6645,farm,64206 Bell Villages Apt. 188,Ibadan,NG,7.115053,19.385851
6646,Benin City Farm Site 6646,farm,18078 Tammy Valleys Suite 024,Benin City,NG,9.968869,1.685572
6647,Ibadan Farm Site 6647,farm,721 Alvarez Streets,Ibadan,NG,7.967526,8.57114
6648,Enugu Farm Site 6648,farm,57702 Jones Dale,Enugu,NG,7.731388,30.267931
6649,Nairobi Farm Site 6649,farm,905 Johnson Mission Suite 697,Nairobi,KE,9.256976,3.443097
6650,Port Harcourt Farm Site 6650,farm,230 Allen Forge Apt. 134,Port Harcourt,NG,12.056648,13.077264
6651,Kumasi Farm Site 6651,farm,3824 Scott Ports,Kumasi,GH,5.607911,40.011188
6652,Port Harcourt Farm Site 6652,farm,5864 Jessica Dale,Port Harcourt,NG,6.148857,3.611281
6653,Kumasi Farm Site 6653,farm,3883 Glover Isle Apt. 618,Kumasi,GH,13.458697,30.586805
6654,Uyo Farm Site 6654,farm,0371 Edward Fords Apt. 118,Uyo,NG,10.856796,24.402276
6655,Mombasa Farm Site 6655,farm,564 Stewart Expressway Apt. 214,Mombasa,KE,7.708811,19.037292
6656,Kisumu Farm Site 6656,farm,87779 Deborah Mall Suite 461,Kisumu,KE,11.056027,32.006629
6657,Lagos Farm Site 6657,farm,360 King Island,Lagos,NG,8.385967,19.017012
6658,Port Harcourt Farm Site 6658,farm,9027 Green Junction Apt. 342,Port Harcourt,NG,4.76227,35.52569
6659,Ibadan Farm Site 6659,farm,45464 Austin Club,Ibadan,NG,9.411302,20.786163
6660,Kano Farm Site 6660,farm,091 Keith Heights,Kano,NG,10.565607,29.826137
6661,Enugu Farm Site 6661,farm,405 Michael Springs,Enugu,NG,8.087388,29.957244
6662,Benin City Farm Site 6662,farm,680 Livingston Rapid Apt. 803,Benin City,NG,7.12545,33.084624
6663,Uyo Farm Site 6663,farm,4921 Smith Mews,Uyo,NG,9.616412,34.998999
6664,Accra Farm Site 6664,farm,594 Justin Club Suite 340,Accra,GH,8.624532,32.372331
6665,Abuja Farm Site 6665,farm,7057 Jeremy Curve Suite 916,Abuja,NG,6.484842,13.333716
6666,Ibadan Farm Site 6666,farm,145 Morris Rest,Ibadan,NG,10.197996,32.825858
6667,Uyo Farm Site 6667,farm,1373 Brenda Estate,Uyo,NG,9.316301,38.882317
6668,Abuja Farm Site 6668,farm,3233 Little Knolls Apt. 011,Abuja,NG,9.392825,7.291445
6669,Ibadan Farm Site 6669,farm,724 Allison Station,Ibadan,NG,13.354023,19.141846
6670,Ibadan Farm Site 6670,farm,715 Calvin Ridge,Ibadan,NG,10.317886,29.949189
6671,Mombasa Farm Site 6671,farm,183 Pennington Trace,Mombasa,KE,10.222088,18.183165
6672,Ibadan Farm Site 6672,farm,5817 Shawn Harbor Suite 462,Ibadan,NG,6.412085,34.739962
6673,Ibadan Farm Site 6673,farm,10586 Natasha Walk,Ibadan,NG,7.37536,19.098855
6674,Uyo Farm Site 6674,farm,85340 Nicholas Alley,Uyo,NG,8.884376,26.569236
6675,Port Harcourt Farm Site 6675,farm,4355 Myers Trace Apt. 340,Port Harcourt,NG,8.769747,4.171351
6676,Nakuru Farm Site 6676,farm,69387 Collins Inlet,Nakuru,KE,8.114335,31.444614
6677,Nakuru Farm Site 6677,farm,79411 Lisa Ramp Apt. 687,Nakuru,KE,7.897,1.092316
6678,Kumasi Farm Site 6678,farm,31364 Lewis Light,Kumasi,GH,4.01472,28.265403
6679,Abuja Farm Site 6679,farm,2539 Williams Key Suite 322,Abuja,NG,4.44353,20.004167
6680,Abuja Farm Site 6680,farm,65547 Rodriguez Coves,Abuja,NG,10.882722,-1.081758
6681,Ibadan Farm Site 6681,farm,022 Thomas Views,Ibadan,NG,9.497594,33.417995
6682,Enugu Farm Site 6682,farm,266 Rebecca Freeway,Enugu,NG,10.313635,10.051896
6683,Kano Farm Site 6683,farm,2389 Flynn Land Apt. 274,Kano,NG,10.649841,40.805399
6684,Enugu Farm Site 6684,farm,0025 Kelly Stravenue Apt. 018,Enugu,NG,8.514667,2.828534
6685,Ibadan Farm Site 6685,farm,4697 Amber Gateway,Ibadan,NG,10.771625,0.714368
6686,Accra Farm Site 6686,farm,3807 Atkins Street,Accra,GH,9.799472,26.686072
6687,Kumasi Farm Site 6687,farm,779 Watts Islands Apt. 937,Kumasi,GH,9.180116,38.076583
6688,Enugu Farm Site 6688,farm,055 Michael Fort,Enugu,NG,13.471041,1.405054
6689,Abuja Farm Site 6689,farm,6020 Brown Estates,Abuja,NG,11.412013,28.818996
6690,Lagos Farm Site 6690,farm,394 Tanya Drive Suite 977,Lagos,NG,4.241165,40.274578
6691,Lagos Farm Site 6691,farm,1627 David Crossing Apt. 385,Lagos,NG,4.369262,33.344836
6692,Port Harcourt Farm Site 6692,farm,7710 Mcdonald Valleys Apt. 357,Port Harcourt,NG,5.313939,12.438455
6693,Tamale Farm Site 6693,farm,32313 Carr Stream,Tamale,GH,12.830212,1.503508
6694,Accra Farm Site 6694,farm,89518 Melton Lake Apt. 692,Accra,GH,12.176681,1.796367
6695,Kisumu Farm Site 6695,farm,19722 Hudson Fords Apt. 902,Kisumu,KE,12.153633,23.620994
6696,Abuja Farm Site 6696,farm,26056 Shaw Highway Apt. 224,Abuja,NG,10.6385,15.147517
6697,Abuja Farm Site 6697,farm,35295 Valerie Flats,Abuja,NG,6.153369,27.774385
6698,Benin City Farm Site 6698,farm,43866 Nicole Ville,Benin City,NG,11.624829,26.067566
6699,Mombasa Farm Site 6699,farm,69476 Sanchez Court,Mombasa,KE,11.073133,28.650914
6700,Kano Farm Site 6700,farm,33803 Maldonado Street,Kano,NG,4.089861,24.917926
6701,Port Harcourt Farm Site 6701,farm,097 Burke Throughway,Port Harcourt,NG,9.098606,-1.689465
6702,Benin City Farm Site 6702,farm,859 Shari Summit Apt. 896,Benin City,NG,7.279934,23.898325
6703,Benin City Farm Site 6703,farm,68813 Austin Circle Suite 969,Benin City,NG,5.762224,32.446014
6704,Kano Farm Site 6704,farm,70771 Sandoval Drive Apt. 661,Kano,NG,11.594648,30.299474
6705,Enugu Farm Site 6705,farm,0225 Chelsea Centers,Enugu,NG,7.253918,30.507854
6706,Takoradi Farm Site 6706,farm,04588 Torres Street Apt. 802,Takoradi,GH,9.91719,-0.24649
6707,Takoradi Farm Site 6707,farm,3424 Nathan Squares Apt. 763,Takoradi,GH,12.883681,32.131045
6708,Lagos Farm Site 6708,farm,504 Richardson Roads,Lagos,NG,7.306156,28.604619
6709,Abuja Farm Site 6709,farm,90300 Joshua Parks Apt. 386,Abuja,NG,4.038593,11.703431
6710,Uyo Farm Site 6710,farm,92859 Jacqueline Lodge,Uyo,NG,11.511946,18.332508
6711,Ibadan Farm Site 6711,farm,4320 Courtney Meadows Suite 591,Ibadan,NG,4.981022,29.452056
6712,Kumasi Farm Site 6712,farm,90827 Julie Lodge Suite 714,Kumasi,GH,12.987338,13.084407
6713,Ibadan Farm Site 6713,farm,39603 Mcgee Lane,Ibadan,NG,9.434086,19.123402
6714,Kumasi Farm Site 6714,farm,929 Bennett Stravenue Suite 682,Kumasi,GH,7.882791,5.449765
6715,Mombasa Farm Site 6715,farm,379 Love Cliffs,Mombasa,KE,9.918912,14.951562
6716,Tamale Farm Site 6716,farm,04206 Joshua Plaza,Tamale,GH,8.642289,1.924943
6717,Kano Farm Site 6717,farm,541 Walsh Station Apt. 211,Kano,NG,4.639371,3.45532
6718,Mombasa Farm Site 6718,farm,789 Adams Avenue Apt. 342,Mombasa,KE,4.075487,1.392969
6719,Enugu Farm Site 6719,farm,0527 Carter Views Suite 984,Enugu,NG,9.51526,26.439948
6720,Lagos Farm Site 6720,farm,7100 Perez Garden,Lagos,NG,8.913487,17.20847
6721,Enugu Farm Site 6721,farm,78413 Cameron Oval Suite 784,Enugu,NG,12.065009,31.829533
6722,Port Harcourt Farm Site 6722,farm,6020 Salinas Circle,Port Harcourt,NG,7.983525,25.100129
6723,Lagos Farm Site 6723,farm,636 Matthew Alley Suite 766,Lagos,NG,10.81355,11.397171
6724,Kumasi Farm Site 6724,farm,029 Douglas Island Apt. 951,Kumasi,GH,4.870668,26.176055
6725,Nakuru Farm Site 6725,farm,43717 Cabrera Lake Apt. 023,Nakuru,KE,9.857396,15.333699
6726,Takoradi Farm Site 6726,farm,44910 Young Centers Apt. 761,Takoradi,GH,12.228812,13.447411
6727,Abuja Farm Site 6727,farm,0326 Benson Circle,Abuja,NG,8.824951,7.919681
6728,Tamale Farm Site 6728,farm,1260 Shane Knolls,Tamale,GH,7.768545,20.156917
6729,Tamale Farm Site 6729,farm,71549 Taylor Pike,Tamale,GH,9.013506,33.396266
6730,Port Harcourt Farm Site 6730,farm,0355 Pamela Shores,Port Harcourt,NG,11.598769,-1.080235
6731,Mombasa Farm Site 6731,farm,54119 Laura Brooks Suite 687,Mombasa,KE,10.04478,14.753777
6732,Benin City Farm Site 6732,farm,74470 Wilcox Mountains Apt. 115,Benin City,NG,12.795191,23.463527
6733,Kano Farm Site 6733,farm,77698 Miller Junctions Suite 681,Kano,NG,11.172731,7.203071
6734,Lagos Farm Site 6734,farm,68605 Gates Views,Lagos,NG,8.637726,4.326084
6735,Enugu Farm Site 6735,farm,7363 James Drives,Enugu,NG,12.657462,31.504886
6736,Benin City Farm Site 6736,farm,034 Henry Bypass Apt. 966,Benin City,NG,11.120882,23.787046
6737,Lagos Farm Site 6737,farm,273 Jeremy Meadows,Lagos,NG,13.300184,26.32505
6738,Lagos Farm Site 6738,farm,4556 Sheryl Gateway,Lagos,NG,8.265592,7.236357
6739,Ibadan Farm Site 6739,farm,186 Wilson Brooks,Ibadan,NG,12.516413,36.934452
6740,Abuja Farm Site 6740,farm,898 Mark Street Suite 015,Abuja,NG,7.460444,33.025533
6741,Abuja Farm Site 6741,farm,44141 Gomez Island,Abuja,NG,13.390224,20.033787
6742,Kumasi Farm Site 6742,farm,3144 Hernandez Crossing Apt. 591,Kumasi,GH,11.204354,37.538862
6743,Enugu Farm Site 6743,farm,168 Kayla Lodge,Enugu,NG,5.041186,27.834357
6744,Uyo Farm Site 6744,farm,60173 Jennifer Plains,Uyo,NG,4.317888,3.992293
6745,Kano Farm Site 6745,farm,507 Mark Stream Apt. 319,Kano,NG,8.379933,16.647104
6746,Benin City Farm Site 6746,farm,12308 Kent Brook,Benin City,NG,4.167087,26.081333
6747,Kano Farm Site 6747,farm,42573 Ramos Oval Suite 057,Kano,NG,12.815871,10.083478
6748,Takoradi Farm Site 6748,farm,711 Mandy Summit,Takoradi,GH,8.80946,19.062365
6749,Mombasa Farm Site 6749,farm,6337 Joel Springs Suite 851,Mombasa,KE,6.162486,33.763285
6750,Kumasi Farm Site 6750,farm,423 Jamie Village Apt. 459,Kumasi,GH,5.617769,15.781709
6751,Accra Farm Site 6751,farm,260 James Flats,Accra,GH,11.595817,4.779688
6752,Takoradi Farm Site 6752,farm,12993 Elizabeth Port,Takoradi,GH,6.107427,-2.210053
6753,Tamale Farm Site 6753,farm,5119 White Flats,Tamale,GH,9.880328,8.302205
6754,Enugu Farm Site 6754,farm,3628 Dickson Knoll Suite 748,Enugu,NG,12.9609,23.907842
6755,Kano Farm Site 6755,farm,46750 Freeman Field,Kano,NG,11.134403,14.093161
6756,Port Harcourt Farm Site 6756,farm,60924 Rebecca Hollow,Port Harcourt,NG,11.847517,24.930131
6757,Enugu Farm Site 6757,farm,686 Hall Locks,Enugu,NG,9.635034,5.329729
6758,Ibadan Farm Site 6758,farm,907 Raymond Roads,Ibadan,NG,4.258417,40.436887
6759,Benin City Farm Site 6759,farm,0310 Santana Trace,Benin City,NG,7.800206,14.394292
6760,Enugu Farm Site 6760,farm,21046 Cannon Prairie,Enugu,NG,4.170493,2.88459
6761,Ibadan Farm Site 6761,farm,650 Gregory Cliff,Ibadan,NG,9.823354,35.643512
6762,Uyo Farm Site 6762,farm,7996 Adams Hollow,Uyo,NG,9.203667,29.973841
6763,Abuja Farm Site 6763,farm,109 Courtney Square,Abuja,NG,4.463551,27.119558
6764,Takoradi Farm Site 6764,farm,88217 Walker Terrace,Takoradi,GH,4.25266,18.493202
6765,Nakuru Farm Site 6765,farm,3800 Michael Drive Suite 029,Nakuru,KE,7.944149,40.016146
6766,Uyo Farm Site 6766,farm,4142 Shelley Overpass Apt. 790,Uyo,NG,11.955086,0.986769
6767,Takoradi Farm Site 6767,farm,4092 Kathleen Divide,Takoradi,GH,7.974409,18.535455
6768,Abuja Farm Site 6768,farm,7567 Cantu Gateway Apt. 823,Abuja,NG,5.229591,10.589394
6769,Kano Farm Site 6769,farm,98706 Sanchez Street Apt. 941,Kano,NG,7.367903,15.654664
6770,Abuja Farm Site 6770,farm,6974 Pratt Prairie Apt. 190,Abuja,NG,11.345799,-0.128951
6771,Lagos Farm Site 6771,farm,5474 Ferguson Club Apt. 110,Lagos,NG,5.888779,27.119559
6772,Lagos Farm Site 6772,farm,73287 Jackson Islands,Lagos,NG,8.68844,22.799347
6773,Enugu Farm Site 6773,farm,622 Theresa Pine Apt. 003,Enugu,NG,4.473601,6.25251
6774,Kumasi Farm Site 6774,farm,16610 Nichols Unions,Kumasi,GH,8.07604,12.898378
6775,Lagos Farm Site 6775,farm,074 Meredith Terrace Suite 156,Lagos,NG,4.680535,28.885517
6776,Ibadan Farm Site 6776,farm,5273 Alan Mission Suite 636,Ibadan,NG,4.399309,33.051758
6777,Benin City Farm Site 6777,farm,596 Franco Knoll Suite 402,Benin City,NG,4.125603,40.640213
6778,Abuja Farm Site 6778,farm,7306 Evans Turnpike,Abuja,NG,4.510202,2.581224
6779,Port Harcourt Farm Site 6779,farm,2767 Charles Ways Suite 022,Port Harcourt,NG,13.019087,14.718234
6780,Kano Farm Site 6780,farm,13989 Gregory Crest,Kano,NG,10.384993,-1.53977
6781,Lagos Farm Site 6781,farm,748 Dominguez Station,Lagos,NG,7.706678,6.281721
6782,Kano Farm Site 6782,farm,0048 Tate Road,Kano,NG,5.946335,26.558458
6783,Ibadan Farm Site 6783,farm,92471 Antonio Street,Ibadan,NG,5.314801,23.780634
6784,Kumasi Farm Site 6784,farm,56308 Irwin Avenue,Kumasi,GH,7.459097,38.632137
6785,Benin City Farm Site 6785,farm,337 Margaret Terrace Suite 288,Benin City,NG,6.08754,7.332102
6786,Accra Farm Site 6786,farm,345 Lamb Meadow Apt. 883,Accra,GH,5.63737,7.416443
6787,Takoradi Farm Site 6787,farm,61390 Lauren View Apt. 927,Takoradi,GH,6.132871,34.232972
6788,Kano Farm Site 6788,farm,9470 Wells Garden Apt. 087,Kano,NG,8.362762,5.724871
6789,Tamale Farm Site 6789,farm,52921 Dickson Shore,Tamale,GH,7.134295,32.654602
6790,Ibadan Farm Site 6790,farm,4576 Castillo River Apt. 591,Ibadan,NG,11.440994,18.878723
6791,Abuja Farm Site 6791,farm,01274 Katherine Ferry,Abuja,NG,12.023049,7.495941
6792,Port Harcourt Farm Site 6792,farm,8884 Jeremy Coves Apt. 920,Port Harcourt,NG,8.934664,13.473614
6793,Kano Farm Site 6793,farm,39082 Adams Route Apt. 610,Kano,NG,13.384681,32.67015
6794,Kano Farm Site 6794,farm,8608 Matthew Shores,Kano,NG,9.778407,1.448807
6795,Port Harcourt Farm Site 6795,farm,404 Hatfield Center Apt. 621,Port Harcourt,NG,9.716414,13.132799
6796,Uyo Farm Site 6796,farm,4622 Aaron Summit,Uyo,NG,4.866351,38.658489
6797,Tamale Farm Site 6797,farm,516 Sonya Way Suite 599,Tamale,GH,11.523866,-1.65116
6798,Uyo Farm Site 6798,farm,170 Christina Highway,Uyo,NG,4.490953,8.541182
6799,Benin City Farm Site 6799,farm,127 Harris Plaza Suite 029,Benin City,NG,12.373995,31.709066
6800,Accra Farm Site 6800,farm,738 Linda Ridge Apt. 386,Accra,GH,6.260382,25.180157
6801,Lagos Farm Site 6801,farm,5025 Williams Expressway Suite 487,Lagos,NG,7.028562,24.95153
6802,Lagos Farm Site 6802,farm,87683 Jodi Crest Suite 852,Lagos,NG,12.773809,30.778333
6803,Port Harcourt Farm Site 6803,farm,3207 Dixon Fords Apt. 475,Port Harcourt,NG,7.942722,8.997372
6804,Accra Farm Site 6804,farm,998 Joshua Neck Apt. 885,Accra,GH,7.503834,8.770236
6805,Abuja Farm Site 6805,farm,1092 Lawrence Way,Abuja,NG,12.453193,32.311308
6806,Ibadan Farm Site 6806,farm,6689 Baldwin Trafficway,Ibadan,NG,10.60501,0.818691
6807,Abuja Farm Site 6807,farm,43209 Christina Common Suite 148,Abuja,NG,4.2402,38.253521
6808,Enugu Farm Site 6808,farm,0771 Newton Burgs,Enugu,NG,6.026267,10.97049
6809,Enugu Farm Site 6809,farm,4868 Park Village Apt. 221,Enugu,NG,4.756519,0.594472
6810,Lagos Farm Site 6810,farm,4760 Gutierrez Spring Apt. 542,Lagos,NG,8.518636,7.596072
6811,Uyo Farm Site 6811,farm,06873 Rice Tunnel,Uyo,NG,10.855745,32.429377
6812,Ibadan Farm Site 6812,farm,4066 Brandon Locks,Ibadan,NG,11.191662,23.083469
6813,Lagos Farm Site 6813,farm,8246 Williams Corner,Lagos,NG,8.780614,32.573052
6814,Kano Farm Site 6814,farm,5115 Meghan Rue Apt. 763,Kano,NG,8.679345,39.720496
6815,Enugu Farm Site 6815,farm,6588 Stephen Points,Enugu,NG,9.114888,10.946768
6816,Enugu Farm Site 6816,farm,43805 Stephens Brooks Suite 625,Enugu,NG,7.593099,35.709264
6817,Nairobi Farm Site 6817,farm,423 Williams Estate Suite 298,Nairobi,KE,9.069542,17.173903
6818,Abuja Farm Site 6818,farm,4307 Emma Lodge Apt. 287,Abuja,NG,9.93486,0.410081
6819,Tamale Farm Site 6819,farm,6870 Williams Islands,Tamale,GH,13.422634,29.526686
6820,Enugu Farm Site 6820,farm,68122 Taylor Squares Suite 043,Enugu,NG,5.971093,14.421981
6821,Takoradi Farm Site 6821,farm,736 Shannon Curve Apt. 120,Takoradi,GH,12.787647,-3.28845
6822,Enugu Farm Site 6822,farm,73841 King Stravenue,Enugu,NG,11.08484,16.212908
6823,Port Harcourt Farm Site 6823,farm,50189 Beck Islands Apt. 953,Port Harcourt,NG,9.292312,23.983425
6824,Ibadan Farm Site 6824,farm,50189 Susan Meadow,Ibadan,NG,10.422175,-3.32601
6825,Kano Farm Site 6825,farm,60346 Smith Keys,Kano,NG,9.757104,39.837439
6826,Lagos Farm Site 6826,farm,28042 Leach Bridge Apt. 692,Lagos,NG,4.334278,29.130032
6827,Ibadan Farm Site 6827,farm,596 Tucker Forks,Ibadan,NG,9.399485,31.227182
6828,Kumasi Farm Site 6828,farm,4999 Martinez Causeway,Kumasi,GH,6.239847,3.133081
6829,Accra Farm Site 6829,farm,0315 Jackson Branch Suite 050,Accra,GH,7.825782,9.176858
6830,Abuja Farm Site 6830,farm,11186 Justin River Apt. 229,Abuja,NG,12.31327,38.5954
6831,Benin City Farm Site 6831,farm,86693 Michelle Falls,Benin City,NG,8.313952,39.431703
6832,Uyo Farm Site 6832,farm,59387 Brian Port Apt. 796,Uyo,NG,11.367331,5.247758
6833,Abuja Farm Site 6833,farm,1546 Richard Unions Apt. 082,Abuja,NG,9.773262,16.661628
6834,Accra Farm Site 6834,farm,250 Chavez Shore Suite 980,Accra,GH,11.618263,4.996163
6835,Enugu Farm Site 6835,farm,5688 Karen Fords,Enugu,NG,4.663083,18.780689
6836,Tamale Farm Site 6836,farm,539 Martin Mews,Tamale,GH,12.120612,13.60225
6837,Kano Farm Site 6837,farm,198 Dillon Camp,Kano,NG,13.090594,21.07265
6838,Kumasi Farm Site 6838,farm,80034 Jill Vista Apt. 455,Kumasi,GH,6.206351,12.384531
6839,Enugu Farm Site 6839,farm,3502 April Burg Apt. 193,Enugu,NG,10.575026,19.333116
6840,Enugu Farm Site 6840,farm,72158 Joshua Neck,Enugu,NG,6.585268,40.831388
6841,Uyo Farm Site 6841,farm,5116 Rodriguez Square,Uyo,NG,12.567965,38.422928
6842,Kano Farm Site 6842,farm,661 Jennifer Neck Suite 988,Kano,NG,4.615645,-0.259349
6843,Benin City Farm Site 6843,farm,68951 Frey Spring,Benin City,NG,12.736907,6.071993
6844,Lagos Farm Site 6844,farm,109 Taylor Key,Lagos,NG,6.573697,21.881394
6845,Nairobi Farm Site 6845,farm,63952 Shelton Mountain Suite 907,Nairobi,KE,5.312324,34.428905
6846,Enugu Farm Site 6846,farm,90332 Nicholson Trafficway,Enugu,NG,8.074179,40.57136
6847,Nairobi Farm Site 6847,farm,828 Angela Springs Suite 613,Nairobi,KE,13.333196,37.303363
6848,Kano Farm Site 6848,farm,286 Davis Square Apt. 126,Kano,NG,4.824902,22.70857
6849,Enugu Farm Site 6849,farm,174 Monroe Inlet Suite 383,Enugu,NG,10.710186,6.96678
6850,Tamale Farm Site 6850,farm,642 Heidi Inlet,Tamale,GH,4.590778,20.401146
6851,Kano Farm Site 6851,farm,940 Mills Fort Suite 451,Kano,NG,9.72991,17.306389
6852,Mombasa Farm Site 6852,farm,97965 Hudson Course,Mombasa,KE,13.265112,13.669987
6853,Takoradi Farm Site 6853,farm,573 Elizabeth Run Apt. 864,Takoradi,GH,7.702948,-3.499017
6854,Kisumu Farm Site 6854,farm,65909 Mercer Shore,Kisumu,KE,4.045363,0.100696
6855,Accra Farm Site 6855,farm,18875 Barton Vista,Accra,GH,9.622912,28.447895
6856,Enugu Farm Site 6856,farm,1918 Rocha Run Apt. 284,Enugu,NG,11.048092,26.333386
6857,Kumasi Farm Site 6857,farm,79227 Richard Haven Suite 048,Kumasi,GH,7.546166,5.570232
6858,Abuja Farm Site 6858,farm,9418 Teresa Lakes,Abuja,NG,9.030521,-1.214004
6859,Benin City Farm Site 6859,farm,635 Fred Curve Apt. 024,Benin City,NG,12.720048,21.59825
6860,Abuja Farm Site 6860,farm,888 Carlos Wells,Abuja,NG,12.822999,31.241823
6861,Abuja Farm Site 6861,farm,4587 Philip Court Apt. 288,Abuja,NG,10.277958,22.830172
6862,Ibadan Farm Site 6862,farm,974 Fitzpatrick Crossing Suite 624,Ibadan,NG,8.812287,17.166571
6863,Enugu Farm Site 6863,farm,087 Santiago Inlet,Enugu,NG,5.493361,10.950175
6864,Takoradi Farm Site 6864,farm,82067 Steven Meadow,Takoradi,GH,12.474205,5.310024
6865,Lagos Farm Site 6865,farm,102 Campbell Flat,Lagos,NG,13.050925,19.476061
6866,Takoradi Farm Site 6866,farm,95638 Jaime Lakes,Takoradi,GH,7.19353,30.097169
6867,Benin City Farm Site 6867,farm,05263 Burton Plains Suite 146,Benin City,NG,4.318512,14.352372
6868,Abuja Farm Site 6868,farm,069 Steven Wells Suite 847,Abuja,NG,8.029587,16.356502
6869,Enugu Farm Site 6869,farm,789 Gary Highway,Enugu,NG,9.576879,16.11345
6870,Kisumu Farm Site 6870,farm,3580 Samantha Pines Suite 245,Kisumu,KE,8.717791,34.325949
6871,Uyo Farm Site 6871,farm,1326 Ashley Point,Uyo,NG,11.377903,28.874449
6872,Lagos Farm Site 6872,farm,8229 Stephanie Views Suite 387,Lagos,NG,8.321295,9.410647
6873,Kisumu Farm Site 6873,farm,90822 Maria Neck Apt. 864,Kisumu,KE,8.439056,28.521079
6874,Enugu Farm Site 6874,farm,0680 Brittany Summit,Enugu,NG,4.039609,30.061035
6875,Nairobi Farm Site 6875,farm,336 Vazquez Hill Apt. 338,Nairobi,KE,4.379492,38.769828
6876,Kano Farm Site 6876,farm,12952 Ortega Avenue,Kano,NG,11.455977,7.079879
6877,Takoradi Farm Site 6877,farm,049 Peter Inlet Apt. 536,Takoradi,GH,6.727766,25.210976
6878,Port Harcourt Farm Site 6878,farm,130 Bianca Dam Suite 131,Port Harcourt,NG,5.787034,32.924581
6879,Port Harcourt Farm Site 6879,farm,926 Brown Mews,Port Harcourt,NG,7.220927,8.456786
6880,Abuja Farm Site 6880,farm,9173 Kurt Junction,Abuja,NG,5.417416,3.234734
6881,Enugu Farm Site 6881,farm,012 Welch River,Enugu,NG,8.843349,19.63788
6882,Enugu Farm Site 6882,farm,4514 White Ford Apt. 137,Enugu,NG,8.251957,34.402914
6883,Takoradi Farm Site 6883,farm,740 Robert Freeway Apt. 843,Takoradi,GH,5.976502,7.019535
6884,Takoradi Farm Site 6884,farm,9446 Carrie Mountain Apt. 555,Takoradi,GH,12.313399,8.565407
6885,Uyo Farm Site 6885,farm,4870 Jon Walk Suite 717,Uyo,NG,5.519801,0.368417
6886,Enugu Farm Site 6886,farm,35412 Holmes Greens Suite 458,Enugu,NG,4.011801,26.127661
6887,Enugu Farm Site 6887,farm,59871 Cabrera Greens,Enugu,NG,5.033224,21.336067
6888,Tamale Farm Site 6888,farm,82121 Patel Squares,Tamale,GH,8.303252,34.787639
6889,Nakuru Farm Site 6889,farm,4803 Tran Forge,Nakuru,KE,13.312164,27.411855
6890,Nakuru Farm Site 6890,farm,78323 Jared Summit Apt. 475,Nakuru,KE,10.072399,7.467119
6891,Lagos Farm Site 6891,farm,4056 Michael Prairie Suite 155,Lagos,NG,7.975847,15.555998
6892,Port Harcourt Farm Site 6892,farm,00473 Neal Spring Suite 254,Port Harcourt,NG,11.635447,16.742726
6893,Port Harcourt Farm Site 6893,farm,99363 Brooks Garden,Port Harcourt,NG,11.166303,1.915546
6894,Uyo Farm Site 6894,farm,713 Carter Causeway,Uyo,NG,13.258257,2.885915
6895,Uyo Farm Site 6895,farm,60463 Mcmillan Parkway Apt. 927,Uyo,NG,6.106129,26.835405
6896,Abuja Farm Site 6896,farm,24764 Jones Manor,Abuja,NG,11.567046,25.771042
6897,Benin City Farm Site 6897,farm,8958 Michael Fords,Benin City,NG,12.75242,25.400336
6898,Port Harcourt Farm Site 6898,farm,7274 Rachel Burgs,Port Harcourt,NG,7.457449,36.077703
6899,Ibadan Farm Site 6899,farm,40223 Aaron Burg,Ibadan,NG,7.859589,11.881923
6900,Benin City Farm Site 6900,farm,4864 Meyers Run Suite 495,Benin City,NG,6.572133,25.749627
6901,Abuja Farm Site 6901,farm,90565 Whitney Burgs,Abuja,NG,4.980207,11.71048
6902,Uyo Farm Site 6902,farm,8127 Renee Common Apt. 459,Uyo,NG,6.618271,24.33089
6903,Mombasa Farm Site 6903,farm,813 Harvey Gardens Apt. 953,Mombasa,KE,12.494593,2.848553
6904,Benin City Farm Site 6904,farm,338 Kimberly Forge Suite 432,Benin City,NG,8.718405,-0.143384
6905,Ibadan Farm Site 6905,farm,9234 Edward Valley,Ibadan,NG,7.603529,10.373229
6906,Uyo Farm Site 6906,farm,8453 Santiago Fall Apt. 028,Uyo,NG,8.243477,4.749185
6907,Kumasi Farm Site 6907,farm,9751 Spencer Squares,Kumasi,GH,4.381713,4.553513
6908,Tamale Farm Site 6908,farm,8109 Massey Hill,Tamale,GH,7.773118,33.182376
6909,Lagos Farm Site 6909,farm,9844 Sonya Landing Suite 349,Lagos,NG,13.377725,35.123153
6910,Port Harcourt Farm Site 6910,farm,37167 Johnson Causeway,Port Harcourt,NG,5.667861,33.720839
6911,Kano Farm Site 6911,farm,52446 Kristin Crossing,Kano,NG,8.668012,27.985868
6912,Port Harcourt Farm Site 6912,farm,35278 Golden Oval Suite 684,Port Harcourt,NG,5.632645,8.257881
6913,Benin City Farm Site 6913,farm,30786 Williams Ports,Benin City,NG,13.324866,39.165549
6914,Kisumu Farm Site 6914,farm,1452 Jordan Shore,Kisumu,KE,12.416406,15.275831
6915,Takoradi Farm Site 6915,farm,7964 Davis Causeway,Takoradi,GH,9.476747,18.079805
6916,Lagos Farm Site 6916,farm,99039 Calvin Rapid Apt. 916,Lagos,NG,7.295696,24.442025
6917,Abuja Farm Site 6917,farm,56931 Bryan Alley,Abuja,NG,10.43166,24.115739
6918,Abuja Farm Site 6918,farm,611 Victoria Wall Suite 864,Abuja,NG,8.369708,22.265109
6919,Accra Farm Site 6919,farm,91585 Lori Stream Suite 944,Accra,GH,8.540674,3.366044
6920,Benin City Farm Site 6920,farm,7452 John Estate,Benin City,NG,4.866341,21.639913
6921,Lagos Farm Site 6921,farm,0683 Leah Lake Apt. 826,Lagos,NG,11.268504,21.827894
6922,Accra Farm Site 6922,farm,14504 Thomas Parkway,Accra,GH,11.186807,-1.132834
6923,Accra Farm Site 6923,farm,49317 Diane Tunnel Suite 286,Accra,GH,8.36772,12.462771
6924,Kumasi Farm Site 6924,farm,689 Zimmerman Heights,Kumasi,GH,12.678531,-2.242818
6925,Tamale Farm Site 6925,farm,360 Richard Viaduct,Tamale,GH,9.10246,14.760745
6926,Kano Farm Site 6926,farm,1012 Evans Views,Kano,NG,13.036616,25.389162
6927,Kano Farm Site 6927,farm,94838 Amanda Locks Suite 595,Kano,NG,9.908393,32.392179
6928,Kumasi Farm Site 6928,farm,56442 Zachary Brook,Kumasi,GH,6.716493,3.060146
6929,Uyo Farm Site 6929,farm,07579 Spencer Pines Apt. 630,Uyo,NG,10.126384,23.246156
6930,Port Harcourt Farm Site 6930,farm,7675 James Mountain Apt. 586,Port Harcourt,NG,11.274819,20.950986
6931,Kumasi Farm Site 6931,farm,3260 Garcia Overpass Suite 811,Kumasi,GH,8.886697,11.45663
6932,Tamale Farm Site 6932,farm,8065 Amber Plains,Tamale,GH,7.861217,6.129997
6933,Lagos Farm Site 6933,farm,8288 Contreras Ford Apt. 848,Lagos,NG,13.237725,21.082438
6934,Tamale Farm Site 6934,farm,7702 Denise Spur,Tamale,GH,11.604707,27.95021
6935,Benin City Farm Site 6935,farm,798 Kenneth Forest Suite 531,Benin City,NG,11.944811,5.226891
6936,Uyo Farm Site 6936,farm,128 Danny Trafficway,Uyo,NG,11.933989,7.500669
6937,Uyo Farm Site 6937,farm,87078 Jackson Haven,Uyo,NG,5.617255,2.478636
6938,Ibadan Farm Site 6938,farm,790 John Passage Apt. 906,Ibadan,NG,10.370253,30.077696
6939,Port Harcourt Farm Site 6939,farm,436 Austin Estate,Port Harcourt,NG,11.318252,1.826552
6940,Kano Farm Site 6940,farm,4155 Johnson Pine,Kano,NG,11.342082,38.099958
6941,Port Harcourt Farm Site 6941,farm,69718 Bautista Rest Apt. 825,Port Harcourt,NG,9.405517,-3.385034
6942,Nairobi Farm Site 6942,farm,61368 Anthony Mountains Suite 031,Nairobi,KE,6.097249,8.824341
6943,Mombasa Farm Site 6943,farm,032 Adam Ways,Mombasa,KE,4.998857,11.20482
6944,Abuja Farm Site 6944,farm,679 Scott Plaza Suite 722,Abuja,NG,8.25254,2.732414
6945,Takoradi Farm Site 6945,farm,9668 Rhonda Flat,Takoradi,GH,9.192273,1.601948
6946,Lagos Farm Site 6946,farm,000 Joshua Orchard Apt. 197,Lagos,NG,4.173711,33.949362
6947,Ibadan Farm Site 6947,farm,579 Nash Falls Apt. 286,Ibadan,NG,11.55626,25.612003
6948,Uyo Farm Site 6948,farm,07118 Katherine Club Apt. 141,Uyo,NG,9.759355,14.099505
6949,Accra Farm Site 6949,farm,714 David Courts Suite 244,Accra,GH,5.450149,17.32599
6950,Kumasi Farm Site 6950,farm,26486 Smith Parkway,Kumasi,GH,5.487204,36.891502
6951,Tamale Farm Site 6951,farm,021 Brandon Fork Suite 737,Tamale,GH,8.275206,26.73614
6952,Kisumu Farm Site 6952,farm,8096 Holden Orchard,Kisumu,KE,10.963059,36.007811
6953,Kano Farm Site 6953,farm,42682 Ryan Grove,Kano,NG,12.522319,35.475175
6954,Kisumu Farm Site 6954,farm,997 Scott Springs Suite 956,Kisumu,KE,5.314092,38.296725
6955,Kumasi Farm Site 6955,farm,97173 Daniel Inlet,Kumasi,GH,6.929471,-3.487931
6956,Takoradi Farm Site 6956,farm,713 Lisa Courts Suite 951,Takoradi,GH,8.644435,8.511712
6957,Uyo Farm Site 6957,farm,6193 Hernandez Harbor Apt. 253,Uyo,NG,13.410935,9.270367
6958,Accra Farm Site 6958,farm,507 Boyd Common,Accra,GH,6.551896,23.070153
6959,Enugu Farm Site 6959,farm,2704 Samuel Lodge,Enugu,NG,9.576753,29.223092
6960,Mombasa Farm Site 6960,farm,946 Brown Walk Apt. 662,Mombasa,KE,12.972615,8.300177
6961,Uyo Farm Site 6961,farm,60203 Ellison Mission Apt. 806,Uyo,NG,8.063292,6.532193
6962,Abuja Farm Site 6962,farm,3214 Stacey Mount Suite 595,Abuja,NG,4.303217,40.767048
6963,Tamale Farm Site 6963,farm,4244 Ashley Path,Tamale,GH,6.604568,11.288757
6964,Benin City Farm Site 6964,farm,9151 Kelly Turnpike,Benin City,NG,8.635608,40.964782
6965,Abuja Farm Site 6965,farm,5481 Heather Points Suite 499,Abuja,NG,8.656165,36.717673
6966,Kisumu Farm Site 6966,farm,32404 Glen Path,Kisumu,KE,4.626844,27.970415
6967,Mombasa Farm Site 6967,farm,827 Hammond Wall Suite 008,Mombasa,KE,7.462493,26.923943
6968,Uyo Farm Site 6968,farm,97999 Gordon Cliffs,Uyo,NG,13.471304,36.698335
6969,Tamale Farm Site 6969,farm,1032 Brown Grove,Tamale,GH,8.244794,6.043458
6970,Kano Farm Site 6970,farm,98771 Nathan Cliffs Suite 619,Kano,NG,10.855444,23.548843
6971,Mombasa Farm Site 6971,farm,310 Hamilton Well Apt. 802,Mombasa,KE,7.229966,16.416169
6972,Enugu Farm Site 6972,farm,021 Duran Glen,Enugu,NG,5.526718,16.179233
6973,Lagos Farm Site 6973,farm,617 Franklin Valleys Apt. 365,Lagos,NG,9.77826,23.970983
6974,Abuja Farm Site 6974,farm,76633 Gregory View Apt. 259,Abuja,NG,9.279848,3.288922
6975,Takoradi Farm Site 6975,farm,778 Karen Street,Takoradi,GH,11.196901,14.170246
6976,Kano Farm Site 6976,farm,4236 Joshua Center,Kano,NG,11.596524,-1.097854
6977,Mombasa Farm Site 6977,farm,8826 Powers Burg Suite 881,Mombasa,KE,9.685374,15.710302
6978,Enugu Farm Site 6978,farm,5822 Erica Fork Apt. 446,Enugu,NG,6.027199,6.957103
6979,Tamale Farm Site 6979,farm,0895 Meyer Lodge,Tamale,GH,12.557406,23.150564
6980,Nairobi Farm Site 6980,farm,8059 Jones Union Apt. 829,Nairobi,KE,12.912742,22.363567
6981,Kisumu Farm Site 6981,farm,7303 Sanchez Flat,Kisumu,KE,11.185069,-0.032106
6982,Benin City Farm Site 6982,farm,16238 Jackson Mountains Suite 397,Benin City,NG,5.455862,9.367468
6983,Ibadan Farm Site 6983,farm,740 Miranda Drive Apt. 659,Ibadan,NG,7.135946,6.811863
6984,Kisumu Farm Site 6984,farm,70124 Adrian Extension,Kisumu,KE,13.444565,20.676509
6985,Port Harcourt Farm Site 6985,farm,37908 Daniel Flat Suite 040,Port Harcourt,NG,8.750437,12.471191
6986,Ibadan Farm Site 6986,farm,673 Amber Well,Ibadan,NG,4.868691,7.954692
6987,Accra Farm Site 6987,farm,629 Michael Manor,Accra,GH,7.186594,4.009993
6988,Accra Farm Site 6988,farm,70378 Jackson Land,Accra,GH,11.428036,14.660011
6989,Kano Farm Site 6989,farm,9466 Navarro Village Suite 701,Kano,NG,7.443922,21.591944
6990,Accra Farm Site 6990,farm,017 Joshua Greens,Accra,GH,7.641421,19.705836
6991,Port Harcourt Farm Site 6991,farm,9796 Erin Roads,Port Harcourt,NG,5.403375,33.556662
6992,Accra Farm Site 6992,farm,811 Anthony Village Apt. 219,Accra,GH,9.570133,18.85494
6993,Kumasi Farm Site 6993,farm,486 Frank Isle Suite 999,Kumasi,GH,5.811125,4.189841
6994,Enugu Farm Site 6994,farm,1504 Anderson Stream Suite 942,Enugu,NG,13.118149,10.114684
6995,Enugu Farm Site 6995,farm,94591 Martin Coves Apt. 195,Enugu,NG,9.837003,17.958623
6996,Tamale Farm Site 6996,farm,710 Alexandria Avenue,Tamale,GH,6.570045,25.543255
6997,Port Harcourt Farm Site 6997,farm,689 Callahan Circle,Port Harcourt,NG,10.291013,-2.973141
6998,Benin City Farm Site 6998,farm,627 Rojas Village Apt. 582,Benin City,NG,12.625147,6.125162
6999,Ibadan Farm Site 6999,farm,0073 Stanley Village,Ibadan,NG,9.908217,19.802714
7000,Enugu Farm Site 7000,farm,080 Bryan Way,Enugu,NG,9.767666,6.119745
7001,Uyo Farm Site 7001,farm,660 Miller Lakes,Uyo,NG,10.399946,2.761583
7002,Uyo Farm Site 7002,farm,2333 Nelson Drive,Uyo,NG,13.123121,19.105283
7003,Kano Farm Site 7003,farm,69181 Livingston Mountains Apt. 107,Kano,NG,8.924328,37.465889
7004,Port Harcourt Farm Site 7004,farm,579 Stewart Oval Suite 328,Port Harcourt,NG,11.050903,14.210647
7005,Mombasa Farm Site 7005,farm,49413 Samantha Ferry Apt. 825,Mombasa,KE,5.645362,-1.879788
7006,Uyo Farm Site 7006,farm,12668 Atkinson Pass,Uyo,NG,6.33966,14.926886
7007,Ibadan Farm Site 7007,farm,94491 Wallace Path,Ibadan,NG,9.033695,14.875127
7008,Kano Farm Site 7008,farm,095 Cynthia Roads,Kano,NG,6.443688,25.108436
7009,Ibadan Farm Site 7009,farm,3676 Wendy Club,Ibadan,NG,5.38077,17.111436
7010,Tamale Farm Site 7010,farm,062 Mark Walks,Tamale,GH,6.519884,1.012455
7011,Takoradi Farm Site 7011,farm,098 Rodriguez Tunnel,Takoradi,GH,12.921073,21.785708
7012,Uyo Farm Site 7012,farm,914 Nicholas Causeway,Uyo,NG,8.250667,2.773205
7013,Kano Farm Site 7013,farm,75812 Karla Overpass Apt. 536,Kano,NG,9.317186,14.545509
7014,Accra Farm Site 7014,farm,4472 Michael Trace Apt. 739,Accra,GH,10.037619,5.591747
7015,Kano Farm Site 7015,farm,520 Lopez Port Suite 307,Kano,NG,10.422605,31.967388
7016,Ibadan Farm Site 7016,farm,8727 Nicolas Forest,Ibadan,NG,7.528671,33.9563
7017,Enugu Farm Site 7017,farm,4777 Burch Run Apt. 410,Enugu,NG,5.284482,8.273818
7018,Accra Farm Site 7018,farm,223 Jones Loaf,Accra,GH,11.749737,24.651257
7019,Enugu Farm Site 7019,farm,65548 Elizabeth Row Apt. 165,Enugu,NG,5.657879,12.852306
7020,Lagos Farm Site 7020,farm,1959 Michael Pines Apt. 864,Lagos,NG,11.694118,4.989167
7021,Port Harcourt Farm Site 7021,farm,026 Little Forest Suite 532,Port Harcourt,NG,9.129134,23.62184
7022,Port Harcourt Farm Site 7022,farm,784 Christine Inlet,Port Harcourt,NG,11.188836,18.473888
7023,Uyo Farm Site 7023,farm,062 Jones Port,Uyo,NG,7.47527,1.901464
7024,Lagos Farm Site 7024,farm,29486 Valerie Track Apt. 673,Lagos,NG,6.388697,20.727947
7025,Lagos Farm Site 7025,farm,584 Rich Ford Suite 584,Lagos,NG,9.515698,9.579554
7026,Port Harcourt Farm Site 7026,farm,685 Rachel Mountain,Port Harcourt,NG,12.312716,31.984818
7027,Kano Farm Site 7027,farm,862 Steve Parkway,Kano,NG,5.629332,-1.163146
7028,Nakuru Farm Site 7028,farm,2647 Dakota Village Suite 191,Nakuru,KE,10.786891,20.954284
7029,Port Harcourt Farm Site 7029,farm,4202 Jennifer Greens,Port Harcourt,NG,6.277841,8.767924
7030,Lagos Farm Site 7030,farm,11831 Bell Corner,Lagos,NG,7.81709,27.332109
7031,Lagos Farm Site 7031,farm,54513 Ochoa Drive,Lagos,NG,6.63705,-1.034004
7032,Benin City Farm Site 7032,farm,17663 Ryan Alley,Benin City,NG,6.274282,1.187201
7033,Uyo Farm Site 7033,farm,32247 Carter Rest,Uyo,NG,12.636494,25.758967
7034,Kano Farm Site 7034,farm,024 Maldonado Mountains,Kano,NG,8.392939,38.209855
7035,Nakuru Farm Site 7035,farm,0892 Scott Shoal,Nakuru,KE,5.773372,2.648465
7036,Benin City Farm Site 7036,farm,349 Andrew Stream Suite 936,Benin City,NG,11.74988,8.389718
7037,Ibadan Farm Site 7037,farm,8842 Hernandez Locks Apt. 963,Ibadan,NG,11.557902,34.893429
7038,Takoradi Farm Site 7038,farm,408 Melissa Camp,Takoradi,GH,5.272556,37.772862
7039,Abuja Farm Site 7039,farm,40428 Teresa Forge Apt. 018,Abuja,NG,9.742148,38.572936
7040,Lagos Farm Site 7040,farm,859 Madison Parks Apt. 677,Lagos,NG,4.378517,13.427661
7041,Enugu Farm Site 7041,farm,857 Becker Tunnel,Enugu,NG,5.203321,29.869563
7042,Enugu Farm Site 7042,farm,60916 Taylor Harbors Suite 286,Enugu,NG,8.597529,17.674858
7043,Benin City Farm Site 7043,farm,93403 Michelle Stravenue Apt. 675,Benin City,NG,12.560873,0.399634
7044,Accra Farm Site 7044,farm,263 Michael Ferry Apt. 533,Accra,GH,5.451892,13.106112
7045,Benin City Farm Site 7045,farm,5844 Salazar Square Apt. 478,Benin City,NG,10.04129,24.968985
7046,Ibadan Farm Site 7046,farm,335 Anna Underpass Apt. 131,Ibadan,NG,4.792627,35.750672
7047,Abuja Farm Site 7047,farm,8779 Christina Via Suite 875,Abuja,NG,12.634926,5.961098
7048,Benin City Farm Site 7048,farm,1754 Christopher Fork Suite 479,Benin City,NG,5.069045,40.191669
7049,Mombasa Farm Site 7049,farm,29659 Bell Isle,Mombasa,KE,4.620683,32.937551
7050,Lagos Farm Site 7050,farm,066 Ricardo Island Suite 470,Lagos,NG,11.536627,29.757197
7051,Mombasa Farm Site 7051,farm,741 Wayne Fort,Mombasa,KE,10.350834,34.994853
7052,Kisumu Farm Site 7052,farm,5018 Carmen Neck,Kisumu,KE,11.945855,21.776026
7053,Nairobi Farm Site 7053,farm,75922 Alvarez Lakes Apt. 663,Nairobi,KE,12.858332,12.788017
7054,Ibadan Farm Site 7054,farm,06739 Anthony Locks,Ibadan,NG,12.380845,24.342194
7055,Benin City Farm Site 7055,farm,78446 Jones Way Suite 438,Benin City,NG,4.007189,17.841163
7056,Kumasi Farm Site 7056,farm,875 Sharp Ports,Kumasi,GH,12.575658,9.720117
7057,Lagos Farm Site 7057,farm,39939 Kimberly Isle Apt. 369,Lagos,NG,12.742728,28.359031
7058,Enugu Farm Site 7058,farm,2786 Anderson Pine Suite 131,Enugu,NG,8.918193,2.001205
7059,Enugu Farm Site 7059,farm,5886 Alyssa Manors Apt. 063,Enugu,NG,13.169555,13.767077
7060,Uyo Farm Site 7060,farm,113 Clayton Fork Apt. 369,Uyo,NG,5.556666,24.656834
7061,Kano Farm Site 7061,farm,16209 Cheryl Mountains Suite 943,Kano,NG,6.16095,1.860686
7062,Abuja Farm Site 7062,farm,34051 Love Oval,Abuja,NG,7.206048,22.267868
7063,Abuja Farm Site 7063,farm,157 Edwin Creek Suite 313,Abuja,NG,9.39508,40.383381
7064,Uyo Farm Site 7064,farm,5817 Stephen Mount,Uyo,NG,4.41841,12.980123
7065,Tamale Farm Site 7065,farm,621 Mckinney Square,Tamale,GH,4.953019,22.393602
7066,Uyo Farm Site 7066,farm,76037 Kenneth Stream Apt. 571,Uyo,NG,10.143503,20.654882
7067,Port Harcourt Farm Site 7067,farm,870 Jenny Underpass,Port Harcourt,NG,7.440468,34.716141
7068,Port Harcourt Farm Site 7068,farm,725 Galvan Flats,Port Harcourt,NG,10.669373,0.994519
7069,Lagos Farm Site 7069,farm,818 Hamilton Key Apt. 349,Lagos,NG,10.339946,-2.896345
7070,Ibadan Farm Site 7070,farm,8592 Kelly Throughway Suite 759,Ibadan,NG,9.530322,14.014497
7071,Uyo Farm Site 7071,farm,5028 Knox Brook,Uyo,NG,6.71015,-2.080295
7072,Accra Farm Site 7072,farm,1716 Dwayne Track,Accra,GH,9.949255,10.631705
7073,Accra Farm Site 7073,farm,05640 Wilkins Streets,Accra,GH,5.537028,6.687313
7074,Veridian Property Enugu 7074,property,3187 Mcdonald Wells Suite 691,Enugu,NG,11.372854,4.129903
7075,Veridian Property Accra 7075,property,5630 Cathy Skyway,Accra,GH,10.405558,36.320314
7076,Veridian Property Benin City 7076,property,01264 Nicole Cliff Apt. 915,Benin City,NG,7.657919,40.188692
7077,Veridian Property Kumasi 7077,property,7727 Fuller Tunnel,Kumasi,GH,7.65771,12.308688
7078,Veridian Property Kumasi 7078,property,268 Kramer Cove Apt. 228,Kumasi,GH,6.129745,-2.84202
7079,Veridian Property Lagos 7079,property,8605 Beth Harbor Apt. 793,Lagos,NG,11.498358,1.147271
7080,Veridian Property Uyo 7080,property,657 Garcia Island,Uyo,NG,7.087022,27.420883
7081,Veridian Property Takoradi 7081,property,1418 Hunter Prairie Suite 170,Takoradi,GH,10.210782,2.607085
7082,Veridian Property Abuja 7082,property,758 Michael Stream,Abuja,NG,12.501661,3.266086
7083,Veridian Property Uyo 7083,property,69877 Tyrone Islands Suite 605,Uyo,NG,5.817522,38.031175
7084,Veridian Property Abuja 7084,property,455 Luke Extension,Abuja,NG,9.93715,19.335483
7085,Veridian Property Kano 7085,property,264 Shields Loaf,Kano,NG,9.136534,11.649463
7086,Veridian Property Abuja 7086,property,6072 Mullins Orchard Suite 056,Abuja,NG,12.834351,-1.012399
7087,Veridian Property Enugu 7087,property,39169 Amanda Locks Apt. 494,Enugu,NG,10.108119,13.039312
7088,Veridian Property Takoradi 7088,property,492 Timothy Lock Apt. 486,Takoradi,GH,6.566982,7.779228
7089,Veridian Property Ibadan 7089,property,2938 Kim Locks Apt. 229,Ibadan,NG,12.438955,10.219376
7090,Veridian Property Tamale 7090,property,98353 Deanna Drive,Tamale,GH,5.171804,35.658216
7091,Veridian Property Port Harcourt 7091,property,110 Alexander Ferry Apt. 984,Port Harcourt,NG,9.740534,13.778783
7092,Veridian Property Tamale 7092,property,9470 Annette Centers Suite 482,Tamale,GH,11.448017,-1.750581
7093,Veridian Property Accra 7093,property,308 Robinson View,Accra,GH,8.063471,6.871412
7094,Veridian Property Accra 7094,property,245 May Crescent Apt. 421,Accra,GH,4.655812,16.221854
7095,Veridian Property Uyo 7095,property,41053 Collins Inlet Apt. 453,Uyo,NG,9.419661,18.077832
7096,Veridian Property Takoradi 7096,property,6473 Emily Villages Suite 687,Takoradi,GH,7.832548,25.359602
7097,Veridian Property Enugu 7097,property,9280 Tate Burg Apt. 712,Enugu,NG,4.960422,25.26959
7098,Veridian Property Accra 7098,property,27894 Simpson Plaza,Accra,GH,7.155184,18.046644
7099,Veridian Property Enugu 7099,property,223 Nancy Street Apt. 945,Enugu,NG,5.805871,3.524603
7100,Veridian Property Ibadan 7100,property,85938 Maria Plains Suite 344,Ibadan,NG,7.552472,11.957782
7101,Veridian Property Nairobi 7101,property,4755 Jimmy Trace Apt. 827,Nairobi,KE,9.14288,31.688683
7102,Veridian Property Tamale 7102,property,291 Patrick Gateway Suite 180,Tamale,GH,6.041807,37.163366
7103,Veridian Property Port Harcourt 7103,property,071 Carter Crossing,Port Harcourt,NG,5.451344,35.025889
7104,Veridian Property Nakuru 7104,property,80710 Alison Inlet Apt. 831,Nakuru,KE,8.986476,5.109156
7105,Veridian Property Uyo 7105,property,336 Hernandez Row,Uyo,NG,7.22681,16.304245
7106,Veridian Property Uyo 7106,property,0709 Blackwell Ways,Uyo,NG,12.419788,4.614931
7107,Veridian Property Enugu 7107,property,523 Cesar Overpass Suite 495,Enugu,NG,10.436157,11.580278
7108,Veridian Property Tamale 7108,property,2127 Robertson Fall,Tamale,GH,8.717425,8.622069
7109,Veridian Property Kano 7109,property,319 Stevens Villages,Kano,NG,5.279106,2.792328
7110,Veridian Property Ibadan 7110,property,5005 Pittman Lane Apt. 183,Ibadan,NG,5.116315,11.816047
7111,Veridian Property Ibadan 7111,property,85459 Rodriguez Lakes,Ibadan,NG,5.907313,28.731847
7112,Veridian Property Abuja 7112,property,93841 Silva Extensions,Abuja,NG,7.878277,-0.261166
7113,Veridian Property Ibadan 7113,property,40155 West Manors Apt. 542,Ibadan,NG,8.149624,19.502581
7114,Veridian Property Uyo 7114,property,9681 Anderson Plains,Uyo,NG,6.632766,-0.611766
7115,Veridian Property Lagos 7115,property,8290 Heath Manors Apt. 290,Lagos,NG,13.128709,23.150963
7116,Veridian Property Port Harcourt 7116,property,511 Smith Corner Apt. 550,Port Harcourt,NG,9.603035,28.795042
7117,Veridian Property Takoradi 7117,property,3331 Le Coves Apt. 846,Takoradi,GH,8.615194,9.928011
7118,Veridian Property Abuja 7118,property,55418 Mary Courts,Abuja,NG,8.566978,26.673248
7119,Veridian Property Port Harcourt 7119,property,0689 Ray Station,Port Harcourt,NG,6.499143,-1.895987
7120,Veridian Property Port Harcourt 7120,property,5626 Johnson Brook Suite 230,Port Harcourt,NG,6.402484,25.489579
7121,Veridian Property Accra 7121,property,526 Butler Mills,Accra,GH,11.885093,17.909345
7122,Veridian Property Ibadan 7122,property,8658 Stephen Passage Suite 833,Ibadan,NG,7.677818,2.070357
7123,Veridian Property Kano 7123,property,585 Bartlett Gateway,Kano,NG,10.151981,11.761777
7124,Veridian Property Port Harcourt 7124,property,2410 Patricia Mountains,Port Harcourt,NG,7.426705,26.24192
7125,Veridian Property Kisumu 7125,property,4695 Rachael Radial Suite 418,Kisumu,KE,11.328495,22.719846
7126,Veridian Property Enugu 7126,property,906 Michael Lock Suite 014,Enugu,NG,6.454839,40.018494
7127,Veridian Property Kumasi 7127,property,852 Estes Court Suite 648,Kumasi,GH,13.322565,12.861205
7128,Veridian Property Enugu 7128,property,985 Allen Estates,Enugu,NG,6.633201,20.416357
7129,Veridian Property Benin City 7129,property,1153 Ibarra Parks,Benin City,NG,4.998832,-2.664561
7130,Veridian Property Uyo 7130,property,978 Christopher Viaduct Apt. 139,Uyo,NG,6.111578,15.545475
7131,Veridian Property Port Harcourt 7131,property,8313 Jessica Passage,Port Harcourt,NG,6.50991,5.945664
7132,Veridian Property Uyo 7132,property,50541 Johnny Station,Uyo,NG,5.764718,26.49323
7133,Veridian Property Kano 7133,property,27850 Wright Mission Apt. 224,Kano,NG,5.142366,33.777321
7134,Veridian Property Lagos 7134,property,423 Rachel Mission Suite 688,Lagos,NG,11.646635,-1.541179
7135,Veridian Property Tamale 7135,property,241 Jacob Mall,Tamale,GH,9.803597,15.459548
7136,Veridian Property Kumasi 7136,property,40142 Gloria Burgs Suite 312,Kumasi,GH,5.782001,22.114359
7137,Veridian Property Nairobi 7137,property,371 Heather Hills,Nairobi,KE,6.799985,34.932085
7138,Veridian Property Enugu 7138,property,3494 Jennifer Summit Suite 489,Enugu,NG,9.185409,16.008665
7139,Veridian Property Enugu 7139,property,36876 Richard Shore Suite 131,Enugu,NG,6.543416,0.151696
7140,Veridian Property Takoradi 7140,property,744 Kristen Overpass Apt. 787,Takoradi,GH,9.474362,24.651991
7141,Veridian Property Kano 7141,property,4963 Deanna Shore,Kano,NG,12.928901,16.162974
7142,Veridian Property Abuja 7142,property,50863 Hanson Flat Suite 464,Abuja,NG,5.91196,24.084754
7143,Veridian Property Lagos 7143,property,9619 Moody Roads,Lagos,NG,12.229197,39.269435
7144,Veridian Property Benin City 7144,property,20097 Beth Groves,Benin City,NG,6.902272,6.363403
7145,Veridian Property Benin City 7145,property,375 Joseph Landing Suite 053,Benin City,NG,10.218161,7.410627
7146,Veridian Property Nakuru 7146,property,5745 Darren Valley Suite 837,Nakuru,KE,6.936267,35.976326
7147,Veridian Property Nakuru 7147,property,00897 Connie Heights Apt. 409,Nakuru,KE,8.808104,40.980275
7148,Veridian Property Abuja 7148,property,7535 Jessica Glen,Abuja,NG,11.681485,37.933903
7149,Veridian Property Port Harcourt 7149,property,6679 Paul Rest,Port Harcourt,NG,11.622709,0.961438
7150,Veridian Property Enugu 7150,property,4835 Morgan Parkway,Enugu,NG,13.019654,-2.767076
7151,Veridian Property Port Harcourt 7151,property,945 Allison Shores,Port Harcourt,NG,5.296103,5.170454
7152,Veridian Property Uyo 7152,property,86782 Pena Plains Suite 156,Uyo,NG,6.666417,39.209919
7153,Veridian Property Accra 7153,property,1480 Ronald Shores Suite 409,Accra,GH,11.85391,40.534566
7154,Veridian Property Lagos 7154,property,349 Emily Lock Suite 920,Lagos,NG,9.854052,27.100515
7155,Veridian Property Abuja 7155,property,6858 Ronald Drive Apt. 516,Abuja,NG,8.696983,39.92901
7156,Veridian Property Ibadan 7156,property,44704 Ward Orchard,Ibadan,NG,11.856881,12.811462
7157,Veridian Property Lagos 7157,property,82487 Jackson Locks,Lagos,NG,5.432406,19.364635
7158,Veridian Property Tamale 7158,property,03003 Melissa Skyway,Tamale,GH,7.574131,14.587305
7159,Veridian Property Kano 7159,property,7029 Alexandra Unions,Kano,NG,5.542555,35.810008
7160,Veridian Property Enugu 7160,property,029 Cochran Path Apt. 054,Enugu,NG,4.136166,35.040912
7161,Veridian Property Benin City 7161,property,03179 Frank Crest,Benin City,NG,6.69931,-1.940195
7162,Veridian Property Takoradi 7162,property,6877 White Loop Suite 742,Takoradi,GH,4.948964,4.152947
7163,Veridian Property Abuja 7163,property,6428 Norman Hills Apt. 407,Abuja,NG,10.713416,11.082719
7164,Veridian Property Port Harcourt 7164,property,8928 Bell Viaduct Apt. 302,Port Harcourt,NG,5.943303,37.268758
7165,Veridian Property Takoradi 7165,property,8335 Heather Mills Suite 205,Takoradi,GH,13.031123,28.652709
7166,Veridian Property Ibadan 7166,property,75685 Thomas Orchard,Ibadan,NG,9.114494,5.284025
7167,Veridian Property Benin City 7167,property,959 Nicole Mills,Benin City,NG,8.989393,29.671127
7168,Veridian Office Uyo 7168,office,1473 Brown Dale Suite 819,Uyo,NG,5.084826,2.707864
7169,Veridian Office Kumasi 7169,office,5990 Diaz Hollow Suite 178,Kumasi,GH,6.315981,-1.177689
7170,Veridian Office Ibadan 7170,office,188 Dorsey Ramp,Ibadan,NG,12.870605,6.703411
7171,Veridian Office Kano 7171,office,54485 Jeffrey Mount Suite 439,Kano,NG,12.478028,16.566151
7172,Veridian Office Enugu 7172,office,015 Jamie Path Suite 814,Enugu,NG,10.780217,5.837539
7173,Veridian Office Benin City 7173,office,05449 Robinson Meadows,Benin City,NG,7.991256,40.040345
7174,Veridian Office Kano 7174,office,74843 Moore Extension,Kano,NG,8.710662,28.421518
7175,Veridian Office Lagos 7175,office,61813 Stevens Bypass,Lagos,NG,10.809301,37.805513
7176,Veridian Site Ibadan 7176,other,524 Johnson Oval Suite 885,Ibadan,NG,6.968787,20.348706
7177,Veridian Site Nairobi 7177,other,64346 Megan Junctions Suite 126,Nairobi,KE,4.928259,37.202198
7178,Veridian Site Kisumu 7178,other,604 Amanda Via Apt. 514,Kisumu,KE,6.145836,34.436181
7179,Veridian Site Lagos 7179,other,47259 Ryan Row Apt. 182,Lagos,NG,12.945541,11.404587
7180,Veridian Site Enugu 7180,other,23004 Collins Squares Apt. 277,Enugu,NG,10.932859,39.219407
7181,Veridian Site Mombasa 7181,other,4468 Buck Valley,Mombasa,KE,6.661011,-1.369237
7182,Veridian Site Tamale 7182,other,299 David Prairie Suite 694,Tamale,GH,11.067886,11.677929
7183,Veridian Site Ibadan 7183,other,3779 Tom Court Suite 745,Ibadan,NG,4.798696,36.603075
7184,Veridian Site Kisumu 7184,other,298 Victoria Squares,Kisumu,KE,7.647219,22.401038
