loyalty_id,customer_id,store_format,tier,points_balance,enrolment_date
1,2,flagship,gold,29504,2024-09-12
2,6,online,bronze,17461,2022-03-13
3,9,express,bronze,29230,2023-01-04
4,11,online,bronze,9111,2019-12-03
5,17,online,gold,19415,2020-02-24
6,18,standard,platinum,40394,2024-08-09
7,18,express,bronze,31568,2022-08-31
8,20,flagship,bronze,23168,2024-08-30
9,21,online,silver,17058,2019-04-20
10,26,online,bronze,22892,2019-01-12
11,28,flagship,platinum,27413,2024-03-01
12,30,express,bronze,38225,2025-12-06
13,36,express,bronze,9067,2024-02-15
14,36,standard,bronze,18863,2019-05-10
15,39,online,bronze,4527,2021-02-06
16,41,standard,silver,39367,2024-09-28
17,42,flagship,silver,39086,2025-09-04
18,49,online,silver,14198,2023-05-14
19,50,flagship,bronze,42963,2024-03-25
20,54,flagship,bronze,651,2026-05-30
21,56,flagship,silver,12868,2024-02-25
22,58,online,bronze,4302,2021-12-12
23,59,express,silver,40954,2025-10-07
24,61,standard,bronze,10135,2022-08-02
25,63,flagship,bronze,3765,2020-02-28
26,64,flagship,bronze,25065,2019-08-09
27,65,express,silver,2771,2022-07-22
28,66,online,bronze,4198,2020-10-08
29,68,flagship,bronze,23957,2021-11-07
30,69,standard,bronze,30063,2024-07-01
31,69,express,silver,25561,2026-03-30
32,70,standard,silver,37637,2021-10-19
33,71,online,bronze,34443,2025-02-03
34,71,flagship,bronze,12377,2020-04-14
35,72,standard,bronze,24573,2020-05-01
36,74,express,bronze,9669,2022-05-04
37,75,flagship,bronze,1757,2022-09-09
38,79,standard,silver,42115,2026-03-21
39,80,online,gold,24225,2021-06-27
40,82,online,bronze,47472,2023-05-24
41,83,online,bronze,40306,2024-11-27
42,84,standard,gold,49957,2022-01-21
43,85,express,silver,42926,2021-07-12
44,85,online,bronze,46065,2021-08-25
45,86,flagship,gold,12601,2019-08-04
46,88,standard,bronze,30954,2023-10-06
47,90,flagship,bronze,30641,2022-07-12
48,90,express,silver,5482,2023-12-24
49,91,flagship,bronze,33828,2025-06-16
50,92,express,bronze,47298,2023-07-06
51,93,flagship,bronze,14000,2019-08-06
52,94,standard,gold,28092,2020-10-15
53,96,express,bronze,2658,2026-04-11
54,97,online,silver,19713,2025-05-06
55,102,online,bronze,46766,2021-01-23
56,104,online,platinum,13009,2021-08-06
57,104,flagship,bronze,45913,2025-10-12
58,105,online,silver,46560,2023-06-04
59,106,standard,bronze,33896,2024-04-24
60,113,online,silver,10682,2021-05-13
61,114,online,silver,32824,2024-06-23
62,115,online,bronze,49511,2019-10-22
63,118,online,bronze,48855,2021-05-19
64,119,online,silver,44547,2023-07-22
65,123,online,silver,30372,2019-05-05
66,123,flagship,bronze,46411,2019-11-13
67,126,express,silver,32322,2021-04-14
68,128,online,gold,37307,2024-04-04
69,129,flagship,bronze,14239,2024-01-07
70,130,express,bronze,9114,2021-08-01
71,130,flagship,gold,33654,2021-11-12
72,132,express,silver,34156,2021-07-21
73,136,standard,bronze,36553,2022-10-28
74,137,express,platinum,4704,2021-10-31
75,139,express,silver,44326,2024-12-24
76,143,flagship,platinum,28064,2021-06-09
77,147,online,platinum,33714,2019-11-10
78,149,online,bronze,12510,2019-09-11
79,149,express,bronze,36252,2026-04-26
80,150,standard,bronze,29095,2026-04-14
81,150,online,gold,3354,2023-05-12
82,153,flagship,gold,23237,2019-08-21
83,155,express,bronze,31121,2024-05-23
84,156,express,silver,16402,2023-01-13
85,159,online,bronze,16629,2025-10-04
86,159,express,bronze,8106,2024-06-20
87,163,standard,gold,49740,2025-03-31
88,164,flagship,silver,13740,2024-02-13
89,165,flagship,silver,44687,2022-01-04
90,167,express,bronze,5718,2022-06-07
91,168,flagship,bronze,43623,2024-06-23
92,170,flagship,bronze,33343,2022-04-25
93,172,online,bronze,15584,2025-03-15
94,173,flagship,silver,36508,2019-07-02
95,174,express,silver,18737,2024-02-09
96,176,express,bronze,43453,2023-03-10
97,181,online,bronze,10546,2021-06-06
98,181,flagship,bronze,19695,2023-10-20
99,182,standard,bronze,22012,2026-03-07
100,185,flagship,gold,30735,2023-05-25
101,187,express,bronze,35597,2024-08-13
102,193,online,bronze,1447,2025-07-31
103,194,flagship,gold,45441,2023-09-29
104,196,flagship,bronze,47607,2024-10-06
105,199,standard,bronze,16123,2021-11-05
106,199,express,silver,42857,2021-06-05
107,203,standard,bronze,20440,2021-07-25
108,205,standard,silver,27638,2020-05-20
109,208,online,bronze,47675,2023-05-23
110,209,flagship,silver,2078,2024-02-18
111,212,flagship,silver,15696,2023-11-20
112,215,express,silver,20992,2024-04-29
113,219,online,bronze,14864,2025-03-08
114,221,flagship,silver,19043,2024-01-03
115,223,standard,bronze,15385,2024-11-28
116,224,express,bronze,36724,2026-02-11
117,225,online,bronze,25615,2019-04-13
118,226,flagship,bronze,27796,2025-01-03
119,228,flagship,silver,42030,2021-09-17
120,229,flagship,bronze,14652,2021-09-25
121,229,standard,bronze,17833,2025-09-16
122,232,online,gold,39026,2024-10-20
123,233,flagship,silver,37946,2021-08-10
124,239,flagship,silver,40774,2026-05-09
125,242,express,silver,19222,2019-06-29
126,242,standard,silver,49383,2024-12-26
127,243,flagship,bronze,22373,2020-10-11
128,247,online,silver,49990,2019-08-13
129,249,express,bronze,25300,2022-07-02
130,252,standard,bronze,20788,2019-01-04
131,253,standard,silver,30861,2019-04-13
132,254,online,silver,18769,2025-08-08
133,254,standard,bronze,11497,2025-07-19
134,258,standard,bronze,23112,2020-09-19
135,262,online,bronze,27245,2024-06-19
136,271,express,silver,16762,2020-12-04
137,273,flagship,bronze,46022,2023-05-29
138,274,flagship,platinum,39597,2023-04-06
139,274,express,silver,37744,2025-08-03
140,279,online,bronze,4631,2021-07-21
141,282,online,bronze,37234,2022-09-26
142,283,online,bronze,14864,2021-12-11
143,284,standard,silver,43249,2023-12-17
144,285,online,bronze,7407,2025-12-25
145,286,express,bronze,33899,2022-04-18
146,287,standard,bronze,40428,2023-06-05
147,293,online,bronze,48436,2019-10-15
148,295,standard,bronze,31597,2023-03-07
149,296,standard,silver,23433,2022-01-03
150,297,online,gold,6487,2024-08-09
151,298,standard,bronze,25500,2020-11-21
152,299,express,silver,34459,2024-04-17
153,306,standard,bronze,37520,2024-09-01
154,308,standard,bronze,27081,2024-10-14
155,309,flagship,bronze,4014,2022-11-19
156,315,flagship,bronze,44029,2025-10-21
157,317,standard,bronze,45496,2020-10-08
158,318,express,bronze,13687,2025-06-10
159,323,online,bronze,32853,2022-06-18
160,326,express,bronze,28296,2019-01-26
161,329,flagship,silver,39404,2020-11-26
162,331,flagship,bronze,13564,2024-04-24
163,333,standard,bronze,49593,2026-03-25
164,335,standard,bronze,40138,2026-01-04
165,337,flagship,gold,35387,2021-02-11
166,339,online,silver,32266,2020-04-12
167,342,flagship,silver,5942,2020-09-28
168,344,online,gold,25520,2020-06-05
169,345,express,silver,4125,2020-03-13
170,352,standard,bronze,9186,2019-12-11
171,353,flagship,gold,42792,2023-11-11
172,354,express,silver,4568,2024-04-14
173,356,flagship,silver,15238,2024-04-02
174,357,standard,silver,33014,2024-03-05
175,357,express,silver,30151,2021-09-06
176,361,express,bronze,101,2019-12-08
177,365,express,bronze,48198,2025-01-23
178,370,standard,silver,8770,2022-11-19
179,372,flagship,silver,35772,2026-06-26
180,373,standard,bronze,49094,2025-12-20
181,373,flagship,bronze,10332,2023-04-26
182,375,express,gold,14854,2024-09-25
183,376,online,bronze,25920,2020-05-09
184,376,express,silver,23859,2021-01-05
185,378,standard,bronze,26562,2019-01-30
186,379,express,silver,14391,2019-10-31
187,380,standard,silver,41082,2020-07-04
188,381,standard,bronze,22868,2019-03-14
189,382,flagship,bronze,1700,2025-11-23
190,384,online,silver,13341,2021-03-12
191,388,online,silver,46523,2020-01-05
192,389,standard,bronze,38803,2021-01-30
193,389,flagship,gold,19978,2025-06-05
194,393,express,bronze,30050,2020-02-07
195,394,online,gold,2520,2024-11-22
196,397,online,bronze,30817,2019-10-09
197,398,standard,bronze,15479,2021-09-10
198,399,standard,bronze,39551,2021-05-09
199,401,flagship,bronze,8464,2022-01-05
200,401,online,platinum,23817,2026-02-09
201,405,online,silver,49366,2023-11-08
202,406,online,bronze,23119,2019-02-11
203,408,standard,bronze,20016,2023-03-03
204,409,standard,gold,16301,2019-09-27
205,411,standard,silver,12079,2024-04-06
206,411,express,bronze,11609,2022-07-13
207,412,express,silver,12218,2022-06-10
208,412,flagship,gold,12821,2020-12-15
209,414,online,bronze,24918,2019-01-06
210,415,flagship,bronze,885,2021-06-23
211,418,flagship,bronze,38248,2024-02-11
212,420,standard,bronze,23309,2025-08-31
213,426,express,platinum,24769,2026-06-15
214,429,flagship,silver,48590,2026-06-05
215,430,online,bronze,10561,2021-11-27
216,432,flagship,bronze,6893,2025-06-27
217,432,standard,silver,42618,2023-06-07
218,433,standard,silver,13115,2019-01-13
219,434,flagship,bronze,23223,2022-12-13
220,436,standard,bronze,23190,2019-05-06
221,437,express,silver,42451,2025-09-12
222,438,express,platinum,11376,2019-09-14
223,439,express,bronze,19903,2019-08-23
224,441,express,bronze,17313,2023-10-30
225,448,online,silver,13029,2019-11-07
226,451,express,platinum,19766,2023-04-12
227,451,online,bronze,4921,2020-03-15
228,452,standard,silver,32913,2024-07-05
229,455,express,gold,33327,2021-11-08
230,456,standard,bronze,17926,2019-07-07
231,456,online,bronze,20571,2019-01-18
232,457,express,silver,28684,2020-01-16
233,457,standard,bronze,27665,2022-08-26
234,458,flagship,silver,18391,2025-08-22
235,459,standard,silver,18134,2021-08-01
236,459,flagship,bronze,7339,2020-11-23
237,463,standard,gold,35738,2026-02-01
238,464,flagship,silver,45693,2021-03-22
239,467,express,gold,41011,2025-12-03
240,468,flagship,bronze,35974,2021-09-03
241,468,express,bronze,28785,2025-06-04
242,471,flagship,bronze,46628,2020-01-18
243,473,express,silver,36598,2023-10-24
244,473,online,gold,41912,2021-04-10
245,474,standard,bronze,7203,2026-04-14
246,475,flagship,silver,16719,2026-03-25
247,476,standard,gold,49313,2023-01-04
248,476,online,bronze,49674,2024-05-08
249,479,express,bronze,33803,2026-05-14
250,484,standard,silver,47628,2026-01-27
251,488,express,bronze,13771,2023-12-16
252,491,online,bronze,49459,2020-12-06
253,491,flagship,gold,11805,2023-06-15
254,495,express,bronze,49847,2023-08-09
255,499,standard,bronze,35204,2023-02-24
256,501,standard,bronze,11580,2020-03-06
257,501,online,bronze,46573,2025-06-15
258,502,express,bronze,37611,2022-01-26
259,503,standard,bronze,25633,2021-06-26
260,505,flagship,gold,38805,2026-05-28
261,509,flagship,bronze,312,2026-01-29
262,509,express,silver,35405,2019-09-06
263,510,online,bronze,42358,2023-02-13
264,512,online,gold,40371,2024-07-03
265,515,flagship,bronze,27075,2022-04-10
266,520,express,silver,15178,2021-11-18
267,521,flagship,bronze,22686,2023-10-09
268,522,online,silver,2070,2019-06-22
269,523,standard,silver,27650,2021-04-11
270,525,express,bronze,8431,2023-06-08
271,526,online,gold,45054,2021-11-08
272,528,standard,bronze,45615,2023-08-02
273,530,standard,bronze,41344,2022-12-12
274,531,express,bronze,10370,2021-12-31
275,533,flagship,bronze,44416,2025-02-06
276,534,online,gold,26665,2022-11-30
277,537,flagship,bronze,11491,2021-04-08
278,540,express,silver,4801,2025-02-11
279,541,express,platinum,28018,2021-05-22
280,544,flagship,bronze,36573,2022-12-04
281,545,online,silver,34958,2022-02-13
282,547,flagship,silver,28382,2022-10-13
283,547,online,silver,38800,2022-03-20
284,548,online,bronze,38602,2019-03-17
285,549,express,bronze,22692,2026-06-21
286,550,express,bronze,38880,2020-05-20
287,551,express,silver,11023,2022-02-02
288,554,standard,bronze,45548,2022-10-08
289,558,flagship,silver,20690,2023-06-01
290,560,express,bronze,16714,2021-08-31
291,561,standard,bronze,16921,2023-11-13
292,562,standard,bronze,1278,2020-02-13
293,566,standard,bronze,28293,2021-03-20
294,567,flagship,bronze,5546,2021-05-28
295,570,standard,bronze,6256,2026-05-08
296,572,standard,bronze,21207,2020-09-08
297,573,flagship,platinum,13984,2021-09-14
298,575,online,bronze,40487,2025-08-28
299,576,standard,bronze,5748,2022-09-09
300,578,online,bronze,21006,2019-01-09
301,579,standard,bronze,13340,2019-01-17
302,580,express,bronze,24889,2020-01-05
303,581,express,silver,10369,2023-02-22
304,582,express,silver,14537,2026-02-14
305,585,express,bronze,35343,2020-02-04
306,586,flagship,silver,11961,2025-09-02
307,587,flagship,bronze,43912,2020-12-17
308,590,express,bronze,40361,2024-07-07
309,593,standard,bronze,3385,2022-04-26
310,594,standard,bronze,49398,2023-01-24
311,601,online,bronze,41537,2025-06-11
312,604,flagship,bronze,7874,2022-01-10
313,605,flagship,bronze,6523,2024-03-11
314,608,standard,bronze,9434,2019-10-14
315,609,standard,bronze,49832,2023-10-22
316,610,express,silver,38438,2020-10-26
317,611,flagship,bronze,37935,2023-02-23
318,612,standard,silver,49456,2019-05-24
319,613,standard,gold,3637,2025-03-16
320,616,standard,bronze,1875,2021-02-11
321,616,express,bronze,14981,2023-07-04
322,617,standard,gold,588,2025-12-16
323,620,standard,silver,19778,2025-12-06
324,622,standard,bronze,16154,2019-11-15
325,623,flagship,bronze,7181,2024-06-06
326,626,online,bronze,14881,2020-02-06
327,629,standard,silver,5087,2021-01-30
328,632,standard,bronze,842,2026-02-04
329,633,express,bronze,19741,2024-05-02
330,635,standard,bronze,23731,2025-12-16
331,636,online,gold,46841,2019-09-23
332,638,standard,bronze,5081,2021-11-22
333,639,express,platinum,36906,2021-11-03
334,641,express,bronze,8761,2024-10-29
335,648,online,bronze,49813,2023-10-16
336,654,standard,bronze,40637,2023-09-16
337,654,flagship,silver,32011,2020-11-30
338,658,flagship,silver,44828,2023-05-24
339,660,standard,bronze,37325,2021-11-05
340,661,standard,bronze,42882,2025-04-24
341,662,online,bronze,28651,2022-10-11
342,662,standard,bronze,15983,2023-05-31
343,665,flagship,bronze,1839,2022-01-08
344,667,flagship,bronze,39115,2026-02-26
345,673,standard,bronze,19291,2020-11-19
346,675,flagship,bronze,1078,2019-11-21
347,676,flagship,silver,47572,2024-03-24
348,677,online,bronze,17054,2021-04-15
349,678,online,bronze,34983,2023-03-07
350,681,standard,gold,651,2024-07-05
351,682,flagship,silver,25902,2022-12-13
352,687,flagship,bronze,42464,2022-11-02
353,691,standard,silver,49464,2021-01-26
354,691,online,silver,26484,2019-03-19
355,693,flagship,silver,6452,2021-10-03
356,696,express,bronze,8376,2020-01-27
357,697,express,gold,13310,2019-07-15
358,698,flagship,bronze,37805,2026-01-09
359,699,express,silver,8359,2022-04-26
360,702,online,bronze,12429,2021-02-06
361,703,flagship,gold,40842,2026-06-02
362,705,standard,bronze,6146,2022-07-17
363,706,standard,bronze,30278,2026-05-16
364,706,express,bronze,41896,2024-09-21
365,707,standard,silver,10384,2022-05-07
366,708,flagship,platinum,29840,2021-04-07
367,708,online,bronze,30588,2019-11-26
368,709,online,bronze,13394,2026-02-23
369,710,online,bronze,5172,2020-09-27
370,712,flagship,silver,47551,2024-06-06
371,713,flagship,bronze,14842,2020-09-23
372,714,express,bronze,33499,2020-08-20
373,716,express,bronze,41358,2023-06-28
374,720,standard,bronze,27830,2025-10-30
375,725,flagship,bronze,21150,2020-05-26
376,731,express,silver,11774,2024-04-08
377,732,standard,bronze,1205,2020-04-20
378,733,online,silver,38971,2021-01-23
379,747,flagship,bronze,49498,2025-08-30
380,749,standard,silver,17459,2021-04-04
381,756,flagship,bronze,12837,2025-03-01
382,757,standard,bronze,35406,2022-07-04
383,758,flagship,bronze,42655,2022-02-21
384,763,express,silver,29574,2026-02-06
385,763,online,bronze,46574,2021-12-02
386,765,express,silver,25526,2023-11-24
387,766,standard,gold,6464,2019-05-06
388,768,express,bronze,30423,2022-04-21
389,768,online,silver,43051,2019-11-08
390,770,online,bronze,48765,2026-03-22
391,771,flagship,bronze,37497,2026-04-06
392,772,standard,bronze,6665,2025-10-24
393,776,online,bronze,25195,2025-12-12
394,781,express,bronze,6081,2019-01-13
395,784,online,bronze,22397,2025-03-15
396,784,express,bronze,7155,2022-08-31
397,785,standard,bronze,49389,2022-12-18
398,788,flagship,bronze,19302,2020-03-22
399,789,express,bronze,27177,2019-12-03
400,791,standard,silver,23764,2023-05-24
401,793,express,bronze,47527,2021-07-19
402,798,online,silver,35715,2021-11-09
403,806,express,bronze,38353,2019-11-21
404,806,online,bronze,4181,2023-02-16
405,807,standard,bronze,38199,2020-08-01
406,808,standard,bronze,45225,2022-07-25
407,811,standard,silver,47341,2024-09-12
408,812,flagship,bronze,21611,2022-06-03
409,819,express,bronze,26601,2020-06-06
410,820,express,gold,7705,2019-07-14
411,821,flagship,bronze,27714,2025-03-30
412,821,online,bronze,7740,2021-02-19
413,825,express,bronze,12016,2020-01-30
414,829,flagship,bronze,37676,2021-01-16
415,832,online,platinum,43763,2022-03-02
416,833,online,bronze,354,2025-11-15
417,834,flagship,bronze,20812,2024-02-11
418,835,flagship,bronze,43794,2023-03-17
419,837,online,silver,2098,2019-08-01
420,843,flagship,bronze,17594,2024-11-07
421,845,express,silver,44129,2020-02-08
422,846,standard,gold,10320,2026-01-25
423,848,standard,silver,47925,2024-08-20
424,849,flagship,bronze,21230,2020-03-01
425,850,online,bronze,46679,2025-09-17
426,854,standard,platinum,7505,2023-10-18
427,854,express,bronze,32386,2019-02-12
428,855,online,bronze,13498,2019-08-16
429,856,online,bronze,43672,2023-04-10
430,857,online,silver,29319,2022-06-25
431,859,online,silver,12264,2021-02-02
432,861,standard,bronze,44448,2023-12-29
433,863,standard,bronze,41709,2023-10-01
434,864,online,bronze,36015,2021-06-01
435,865,flagship,gold,46908,2025-03-31
436,866,express,bronze,33828,2020-04-24
437,867,standard,silver,19137,2025-09-05
438,869,flagship,bronze,11475,2021-01-04
439,872,standard,bronze,23786,2024-02-27
440,873,flagship,silver,37246,2023-10-18
441,873,online,gold,8659,2025-01-09
442,874,online,bronze,26405,2024-09-30
443,875,standard,silver,20560,2022-02-08
444,876,online,gold,3160,2026-03-12
445,877,express,platinum,34589,2022-08-24
446,879,online,silver,9473,2023-05-24
447,880,flagship,silver,13458,2024-02-02
448,881,standard,silver,8697,2025-09-30
449,881,express,silver,13123,2025-06-19
450,883,online,bronze,35288,2023-09-02
451,884,standard,bronze,2423,2019-06-06
452,885,express,silver,8526,2025-06-05
453,887,online,bronze,23302,2025-06-28
454,888,express,silver,45513,2025-04-27
455,889,online,bronze,46518,2019-03-07
456,889,express,bronze,42231,2024-05-19
457,890,flagship,bronze,18880,2019-03-10
458,890,standard,bronze,12864,2021-04-16
459,891,flagship,bronze,15861,2021-09-10
460,892,express,bronze,30822,2020-10-08
461,895,online,platinum,42832,2026-03-13
462,896,standard,bronze,40591,2022-05-09
463,896,express,bronze,16644,2019-12-10
464,897,express,silver,34819,2021-01-15
465,898,online,silver,3975,2025-10-01
466,899,express,silver,27213,2021-08-03
467,902,online,silver,46675,2021-08-31
468,902,standard,bronze,8632,2024-07-02
469,906,online,bronze,21124,2022-02-09
470,908,express,bronze,41160,2019-12-05
471,910,flagship,gold,13275,2025-07-29
472,912,online,gold,9012,2021-03-02
473,912,flagship,silver,11096,2022-08-15
474,914,flagship,silver,7695,2024-01-01
475,916,flagship,bronze,10310,2025-04-12
476,922,flagship,silver,15691,2023-04-02
477,925,standard,silver,46968,2024-12-21
478,925,express,silver,49502,2021-01-29
479,926,online,bronze,30470,2024-12-07
480,927,standard,gold,849,2020-07-08
481,929,online,bronze,7076,2019-07-28
482,931,online,silver,34300,2020-05-20
483,932,online,bronze,28414,2023-01-19
484,933,online,bronze,46967,2023-03-03
485,935,standard,bronze,36166,2019-04-19
486,936,online,bronze,13565,2022-10-02
487,941,online,bronze,40553,2023-11-05
488,946,express,bronze,46669,2022-03-07
489,955,flagship,silver,46785,2021-08-13
490,958,express,silver,7723,2019-02-20
491,967,flagship,bronze,47945,2021-07-29
492,968,standard,bronze,32286,2022-08-27
493,970,flagship,bronze,23122,2022-11-03
494,973,flagship,gold,9951,2021-03-23
495,974,flagship,bronze,29354,2019-11-18
496,975,online,bronze,3463,2020-08-24
497,976,flagship,bronze,19053,2020-12-08
498,977,flagship,bronze,11526,2023-09-07
499,979,flagship,bronze,25851,2019-09-01
500,979,online,silver,42063,2026-01-16
501,980,standard,bronze,33508,2023-11-29
502,981,standard,bronze,195,2024-08-13
503,982,express,bronze,5544,2024-09-19
504,986,flagship,silver,33967,2020-01-27
505,987,flagship,bronze,11118,2019-11-09
506,988,flagship,silver,38470,2019-12-01
507,992,online,silver,16880,2024-02-04
508,996,flagship,bronze,34253,2025-01-03
509,996,express,bronze,7022,2021-04-05
510,999,online,silver,8464,2020-04-26
511,1001,standard,silver,32300,2020-06-28
512,1002,express,bronze,29702,2024-04-10
513,1003,online,bronze,23361,2019-09-20
514,1005,flagship,bronze,46124,2019-09-15
515,1008,standard,bronze,43014,2022-05-05
516,1011,online,bronze,34625,2021-09-02
517,1013,standard,bronze,37432,2021-05-26
518,1016,standard,bronze,36992,2021-11-02
519,1017,flagship,bronze,10321,2026-04-04
520,1019,express,platinum,31745,2020-10-25
521,1020,standard,gold,44728,2025-02-20
522,1024,flagship,bronze,42595,2022-10-01
523,1027,online,bronze,4433,2026-06-09
524,1031,express,silver,2777,2024-09-11
525,1033,online,bronze,49504,2025-11-09
526,1035,online,platinum,8341,2020-08-15
527,1035,express,gold,27410,2021-01-19
528,1036,standard,silver,48058,2019-03-13
529,1038,standard,silver,25051,2024-05-09
530,1039,standard,bronze,37749,2020-09-08
531,1039,online,bronze,46670,2020-01-20
532,1040,online,bronze,7410,2023-09-23
533,1041,flagship,gold,14431,2025-12-11
534,1041,express,bronze,31284,2023-04-17
535,1042,flagship,bronze,46038,2025-12-16
536,1043,express,bronze,45934,2024-01-20
537,1043,standard,bronze,16908,2024-01-19
538,1045,online,gold,19701,2025-01-31
539,1047,flagship,gold,9002,2023-06-15
540,1047,standard,silver,24119,2023-05-29
541,1051,express,bronze,8223,2024-11-01
542,1052,flagship,bronze,7752,2021-05-10
543,1052,online,bronze,20094,2025-02-25
544,1054,standard,silver,5014,2023-07-27
545,1056,flagship,bronze,2705,2021-08-15
546,1056,express,bronze,13556,2020-10-20
547,1058,online,bronze,10502,2024-02-15
548,1059,express,gold,1323,2019-12-14
549,1061,online,bronze,35629,2024-01-29
550,1063,flagship,gold,44405,2022-03-03
551,1064,online,platinum,12937,2026-03-20
552,1070,express,silver,14088,2023-09-04
553,1072,online,silver,29089,2020-09-04
554,1076,standard,silver,4291,2021-02-26
555,1078,standard,bronze,37857,2026-04-13
556,1079,flagship,platinum,41429,2024-07-09
557,1084,online,bronze,10190,2022-01-06
558,1086,flagship,platinum,37554,2023-09-21
559,1087,express,bronze,25621,2024-09-24
560,1088,online,bronze,37347,2021-04-07
561,1089,online,silver,9016,2021-02-21
562,1090,flagship,bronze,37871,2019-12-06
563,1092,standard,bronze,9269,2024-06-16
564,1093,express,silver,27895,2020-12-16
565,1093,flagship,silver,5602,2019-01-26
566,1096,online,bronze,23205,2025-02-10
567,1100,standard,bronze,7870,2021-12-14
568,1106,online,bronze,35812,2020-05-22
569,1107,online,platinum,18445,2019-05-22
570,1108,standard,silver,28161,2025-02-28
571,1109,flagship,bronze,32804,2022-02-03
572,1109,standard,bronze,15362,2019-10-01
573,1111,online,bronze,37107,2022-01-04
574,1112,flagship,gold,14015,2022-10-18
575,1113,standard,bronze,12989,2024-04-16
576,1114,online,silver,36055,2022-12-06
577,1118,online,bronze,39629,2019-12-10
578,1122,express,bronze,20795,2023-10-20
579,1126,express,bronze,1585,2024-06-04
580,1130,flagship,bronze,41434,2023-10-17
581,1132,standard,bronze,1580,2019-09-03
582,1133,standard,silver,13441,2024-09-18
583,1135,express,silver,12045,2024-02-15
584,1137,express,silver,5889,2022-05-04
585,1137,flagship,silver,3370,2025-05-07
586,1138,online,bronze,16957,2023-05-14
587,1138,standard,silver,9735,2026-03-10
588,1142,flagship,gold,48845,2019-09-04
589,1143,online,gold,40122,2020-02-21
590,1144,express,silver,26702,2021-11-09
591,1145,standard,bronze,9062,2026-03-14
592,1148,express,silver,16149,2021-01-29
593,1149,express,bronze,2231,2020-12-25
594,1150,express,silver,1124,2024-07-12
595,1152,flagship,silver,36157,2020-03-19
596,1154,standard,bronze,44234,2024-11-28
597,1158,standard,gold,29446,2024-05-29
598,1159,express,silver,15942,2023-02-20
599,1161,flagship,bronze,21458,2024-07-10
600,1161,standard,gold,22899,2021-09-12
601,1162,online,bronze,28205,2019-02-14
602,1163,express,bronze,46376,2021-11-07
603,1165,flagship,bronze,10671,2023-08-20
604,1167,flagship,bronze,41753,2021-12-21
605,1168,express,bronze,20009,2025-03-14
606,1169,standard,bronze,3552,2019-01-12
607,1169,online,bronze,34707,2021-07-14
608,1170,express,silver,26059,2021-05-13
609,1172,flagship,bronze,11522,2026-03-02
610,1176,flagship,silver,48133,2024-01-27
611,1178,standard,bronze,45492,2019-06-08
612,1182,express,gold,45919,2021-11-19
613,1182,flagship,bronze,8565,2023-06-06
614,1186,standard,silver,18741,2024-08-13
615,1187,flagship,bronze,19862,2023-06-04
616,1189,flagship,bronze,3682,2019-12-16
617,1190,standard,silver,2920,2022-07-26
618,1194,standard,gold,24553,2025-09-03
619,1198,flagship,bronze,42994,2020-04-20
620,1206,flagship,bronze,44007,2025-08-07
621,1207,standard,silver,32804,2024-06-14
622,1209,express,bronze,20678,2025-05-07
623,1213,express,bronze,3526,2026-05-09
624,1213,standard,gold,15951,2022-01-04
625,1216,standard,bronze,13510,2020-06-17
626,1218,online,silver,14410,2022-02-01
627,1224,online,bronze,9695,2019-12-25
628,1225,online,bronze,15698,2020-03-26
629,1226,standard,bronze,4176,2025-02-16
630,1226,express,gold,8378,2019-12-16
631,1228,online,silver,48554,2021-05-30
632,1228,standard,bronze,46134,2023-10-14
633,1230,flagship,bronze,22430,2023-07-12
634,1231,online,bronze,32807,2025-07-28
635,1232,online,bronze,18787,2021-11-21
636,1233,standard,bronze,48678,2025-08-16
637,1234,flagship,bronze,9951,2019-09-10
638,1235,online,bronze,8867,2024-04-11
639,1236,standard,silver,6081,2019-09-17
640,1242,online,silver,11248,2023-05-03
641,1243,express,bronze,49638,2021-03-09
642,1244,standard,bronze,7318,2019-12-07
643,1247,express,bronze,16608,2022-01-24
644,1248,standard,bronze,14665,2020-05-14
645,1248,online,bronze,4548,2021-03-03
646,1249,flagship,bronze,6289,2022-08-15
647,1250,online,bronze,19328,2024-07-24
648,1252,flagship,silver,7054,2019-05-22
649,1253,express,silver,11918,2025-03-24
650,1255,online,bronze,14129,2019-08-15
651,1258,standard,silver,8781,2020-10-02
652,1259,online,silver,4346,2022-09-14
653,1260,standard,silver,24531,2021-04-29
654,1260,express,bronze,19315,2025-08-02
655,1261,standard,gold,49892,2019-06-05
656,1263,online,bronze,13924,2021-09-20
657,1267,flagship,gold,28548,2020-11-19
658,1268,standard,bronze,9590,2024-01-22
659,1269,express,bronze,15598,2023-04-30
660,1269,flagship,bronze,21902,2025-07-21
661,1270,standard,platinum,15029,2022-02-09
662,1270,online,bronze,45237,2021-10-31
663,1271,online,silver,47804,2020-07-02
664,1272,online,bronze,18185,2023-07-14
665,1272,flagship,silver,31196,2025-08-11
666,1277,flagship,silver,20563,2023-02-11
667,1278,standard,silver,22536,2025-05-18
668,1279,express,bronze,12652,2023-12-24
669,1279,standard,silver,38432,2026-01-05
670,1281,online,bronze,47403,2024-02-18
671,1284,online,gold,43773,2024-07-28
672,1287,express,bronze,19901,2022-12-08
673,1290,flagship,bronze,37444,2020-11-20
674,1295,flagship,bronze,20686,2021-10-20
675,1295,express,silver,21248,2023-04-22
676,1298,standard,bronze,24416,2021-11-19
677,1299,online,bronze,46383,2019-06-19
678,1299,standard,silver,12526,2019-08-15
679,1300,standard,gold,28081,2022-01-22
680,1303,standard,bronze,2228,2024-01-25
681,1304,standard,bronze,8674,2024-04-09
682,1305,express,bronze,31904,2024-06-23
683,1305,online,bronze,34376,2024-07-06
684,1307,flagship,platinum,28463,2025-04-14
685,1309,online,silver,4891,2021-01-01
686,1310,online,platinum,46648,2021-09-16
687,1310,express,gold,20779,2020-07-10
688,1311,flagship,bronze,7506,2021-01-18
689,1315,express,bronze,12884,2025-11-10
690,1316,express,silver,7136,2021-06-05
691,1319,standard,bronze,30816,2019-12-17
692,1320,express,silver,10070,2022-02-11
693,1322,online,silver,20751,2025-08-07
694,1322,flagship,silver,1379,2022-10-05
695,1324,online,gold,42849,2022-01-24
696,1325,flagship,bronze,25713,2024-11-16
697,1326,standard,bronze,15189,2023-08-21
698,1326,flagship,gold,26860,2019-02-06
699,1330,standard,gold,39584,2021-10-15
700,1331,express,bronze,197,2024-03-08
701,1332,standard,bronze,43551,2020-01-16
702,1336,standard,silver,45386,2023-08-01
703,1338,standard,bronze,7426,2020-09-18
704,1338,express,silver,48498,2024-10-21
705,1343,online,silver,27770,2020-08-01
706,1349,online,bronze,42454,2019-02-28
707,1352,flagship,silver,31076,2024-04-02
708,1359,flagship,bronze,12847,2023-06-02
709,1361,flagship,silver,11977,2024-07-03
710,1361,online,bronze,5450,2025-05-01
711,1362,flagship,silver,37901,2024-02-13
712,1364,standard,silver,42974,2019-03-18
713,1366,express,silver,45830,2020-08-03
714,1367,standard,gold,34648,2025-10-17
715,1370,express,gold,9389,2019-01-05
716,1374,standard,bronze,5694,2023-04-14
717,1377,express,bronze,11025,2024-04-25
718,1378,express,bronze,8114,2020-02-06
719,1378,standard,gold,29403,2023-02-20
720,1380,flagship,silver,17534,2024-09-18
721,1381,online,bronze,42059,2021-10-28
722,1382,express,silver,10831,2024-08-08
723,1385,online,bronze,1330,2023-10-26
724,1386,flagship,bronze,47603,2022-01-12
725,1392,standard,silver,37423,2020-09-02
726,1394,online,gold,47202,2024-01-16
727,1395,express,silver,17513,2022-08-31
728,1396,express,bronze,39379,2019-09-19
729,1398,standard,bronze,41005,2022-03-09
730,1400,standard,bronze,30363,2025-10-11
731,1401,express,bronze,14698,2023-09-30
732,1404,standard,bronze,4076,2020-04-11
733,1408,online,bronze,41196,2023-08-03
734,1408,express,bronze,5822,2023-04-08
735,1409,flagship,silver,8470,2022-08-11
736,1412,express,bronze,664,2024-08-29
737,1413,express,silver,33159,2021-05-25
738,1414,flagship,silver,12719,2019-06-15
739,1415,express,gold,17801,2019-11-30
740,1418,flagship,bronze,22376,2020-10-09
741,1420,flagship,silver,43052,2024-09-01
742,1421,online,bronze,11281,2022-12-18
743,1422,express,bronze,45456,2021-09-22
744,1422,standard,bronze,47267,2023-10-09
745,1424,standard,silver,15645,2025-10-30
746,1424,flagship,silver,38849,2024-05-28
747,1426,online,bronze,1416,2026-05-20
748,1428,online,bronze,24007,2021-09-17
749,1429,online,bronze,31503,2021-02-14
750,1431,online,bronze,3665,2020-01-15
751,1433,express,bronze,3486,2021-01-14
752,1437,standard,bronze,37986,2019-08-12
753,1439,flagship,bronze,11667,2020-01-01
754,1442,standard,bronze,28248,2023-01-10
755,1443,flagship,silver,17081,2021-06-09
756,1444,express,bronze,2295,2019-04-29
757,1446,online,silver,23644,2020-11-06
758,1455,express,bronze,16004,2021-08-11
759,1458,flagship,bronze,34990,2020-09-02
760,1461,standard,bronze,46547,2022-09-15
761,1463,flagship,silver,42729,2022-12-11
762,1463,express,gold,46869,2019-04-13
763,1465,standard,bronze,38652,2023-11-17
764,1466,flagship,bronze,4844,2022-08-31
765,1467,flagship,gold,19786,2025-04-13
766,1473,flagship,silver,1835,2020-01-31
767,1474,online,bronze,44432,2025-11-25
768,1476,standard,bronze,11065,2021-07-25
769,1480,flagship,bronze,10607,2026-02-23
770,1482,standard,bronze,39441,2024-02-26
771,1485,express,bronze,28115,2022-01-10
772,1487,online,platinum,6248,2023-12-03
773,1487,standard,bronze,17062,2024-07-15
774,1488,express,silver,4700,2020-06-30
775,1491,online,silver,49485,2023-11-05
776,1492,online,bronze,17149,2022-12-03
777,1493,online,silver,9616,2019-11-06
778,1494,flagship,gold,27301,2023-11-07
779,1495,online,bronze,48604,2021-03-01
780,1495,flagship,silver,25071,2026-06-04
781,1497,flagship,silver,43880,2023-09-22
782,1501,online,bronze,46793,2024-01-18
783,1501,express,bronze,47775,2022-09-16
784,1503,flagship,bronze,29043,2023-12-09
785,1503,express,bronze,38780,2020-06-02
786,1504,express,silver,9253,2022-04-03
787,1508,express,silver,48705,2020-09-10
788,1510,online,bronze,45837,2021-08-22
789,1511,express,silver,20378,2019-11-27
790,1513,express,silver,30486,2024-07-01
791,1516,online,bronze,2967,2024-01-08
792,1521,online,bronze,5367,2026-06-24
793,1525,express,platinum,39384,2019-03-06
794,1527,online,silver,7849,2026-04-23
795,1534,standard,silver,8705,2023-08-19
796,1539,express,silver,31180,2021-06-16
797,1542,express,silver,40969,2019-02-15
798,1543,flagship,gold,11944,2024-01-06
799,1546,flagship,bronze,880,2020-11-17
800,1549,flagship,bronze,45585,2019-04-21
801,1553,express,bronze,23790,2026-02-03
802,1553,flagship,gold,9484,2023-08-08
803,1557,standard,bronze,40931,2021-01-09
804,1560,flagship,gold,21698,2024-02-14
805,1561,standard,gold,35474,2024-01-19
806,1564,standard,bronze,35264,2022-01-04
807,1565,flagship,gold,45639,2019-05-03
808,1567,standard,bronze,6680,2026-06-08
809,1567,express,silver,9359,2026-02-24
810,1568,flagship,bronze,40159,2026-03-21
811,1568,standard,bronze,18400,2022-03-27
812,1574,express,bronze,46321,2021-08-30
813,1575,online,bronze,7104,2019-06-09
814,1579,standard,bronze,41585,2019-03-16
815,1580,flagship,bronze,16810,2025-12-09
816,1583,online,bronze,14059,2024-10-21
817,1586,express,silver,7184,2022-06-14
818,1587,express,silver,49202,2019-12-12
819,1588,online,platinum,44407,2025-06-07
820,1594,flagship,gold,6448,2022-12-22
821,1600,flagship,bronze,37976,2022-09-21
822,1602,standard,gold,12654,2022-02-26
823,1603,express,bronze,8193,2021-01-22
824,1604,standard,bronze,29326,2024-01-01
825,1604,online,gold,24947,2024-07-21
826,1606,online,gold,33901,2022-01-12
827,1607,flagship,silver,21308,2020-08-04
828,1609,online,bronze,35551,2024-10-31
829,1610,online,gold,26001,2020-01-31
830,1614,online,bronze,42920,2020-04-12
831,1616,online,bronze,47418,2025-01-26
832,1617,flagship,gold,40373,2024-12-13
833,1618,online,bronze,16254,2024-02-01
834,1620,standard,gold,25861,2023-02-26
835,1622,express,bronze,46797,2021-02-21
836,1624,flagship,silver,4063,2026-04-30
837,1625,standard,bronze,252,2020-12-13
838,1627,flagship,silver,31843,2025-10-08
839,1627,standard,silver,890,2019-06-26
840,1633,online,bronze,49147,2021-08-04
841,1636,online,silver,27216,2022-07-22
842,1637,online,silver,21393,2020-01-26
843,1640,express,bronze,2980,2022-08-05
844,1643,standard,silver,25185,2019-12-13
845,1644,standard,bronze,30691,2025-01-13
846,1647,express,bronze,15182,2019-08-29
847,1648,flagship,bronze,16832,2022-03-15
848,1649,standard,bronze,47234,2020-08-26
849,1653,standard,bronze,17303,2025-05-23
850,1655,standard,bronze,45995,2020-03-29
851,1656,standard,gold,30691,2019-05-02
852,1658,flagship,silver,41870,2023-04-23
853,1659,express,bronze,11212,2019-04-08
854,1666,express,bronze,46117,2024-08-12
855,1667,online,silver,24949,2025-08-16
856,1672,express,bronze,477,2023-04-25
857,1674,standard,bronze,31394,2025-07-22
858,1675,express,silver,35564,2026-05-23
859,1676,express,bronze,42452,2026-06-30
860,1676,flagship,bronze,20401,2023-10-21
861,1677,standard,bronze,18752,2024-03-25
862,1678,flagship,bronze,7868,2020-11-16
863,1679,express,bronze,19664,2024-06-17
864,1679,flagship,silver,350,2019-10-08
865,1681,express,platinum,17969,2022-09-21
866,1683,standard,platinum,31566,2020-12-04
867,1684,express,silver,23484,2023-07-29
868,1685,flagship,bronze,15405,2025-11-02
869,1687,express,silver,2888,2022-06-11
870,1688,flagship,bronze,6490,2024-03-11
871,1690,express,bronze,40170,2019-03-18
872,1690,standard,bronze,38084,2021-01-27
873,1691,online,platinum,9046,2021-12-18
874,1693,express,bronze,28337,2021-03-12
875,1694,standard,bronze,47803,2023-12-31
876,1696,express,gold,19805,2019-11-21
877,1700,standard,bronze,27376,2022-07-25
878,1701,standard,platinum,1565,2019-04-16
879,1702,online,bronze,47320,2024-05-03
880,1703,standard,platinum,18817,2020-01-05
881,1705,online,gold,34435,2024-02-08
882,1706,online,gold,29992,2025-05-19
883,1709,online,bronze,34869,2019-12-22
884,1711,express,gold,28637,2021-08-23
885,1713,online,gold,5012,2022-09-28
886,1715,standard,silver,17427,2024-10-09
887,1716,flagship,bronze,38278,2026-02-16
888,1719,standard,bronze,4973,2019-12-28
889,1721,online,bronze,26739,2023-08-08
890,1722,express,bronze,28166,2025-08-02
891,1725,online,gold,32376,2022-01-25
892,1726,express,bronze,40239,2022-08-11
893,1732,online,bronze,26883,2024-05-20
894,1733,online,bronze,30265,2021-07-28
895,1733,standard,bronze,43114,2024-11-24
896,1734,standard,bronze,30617,2023-04-08
897,1735,flagship,bronze,35801,2025-01-05
898,1738,standard,bronze,43302,2021-01-01
899,1739,flagship,bronze,49712,2019-11-04
900,1740,online,bronze,40432,2023-08-10
901,1740,standard,silver,33246,2021-09-21
902,1742,standard,bronze,7240,2022-06-04
903,1742,flagship,bronze,14816,2022-11-01
904,1743,standard,silver,36287,2021-07-19
905,1743,flagship,bronze,43442,2020-09-10
906,1744,online,gold,5392,2022-01-22
907,1744,flagship,gold,29945,2022-05-09
908,1745,online,bronze,15232,2020-02-18
909,1747,standard,gold,26436,2024-05-06
910,1748,express,bronze,44224,2024-05-25
911,1748,flagship,silver,15603,2019-10-25
912,1754,express,silver,39929,2022-01-24
913,1755,online,bronze,7686,2021-07-10
914,1757,online,bronze,17391,2022-06-01
915,1758,online,silver,41583,2026-01-26
916,1763,flagship,bronze,38745,2020-12-01
917,1765,flagship,silver,6721,2020-09-19
918,1766,standard,gold,48593,2023-08-26
919,1769,online,silver,22218,2022-02-16
920,1771,online,bronze,15757,2019-07-06
921,1775,flagship,bronze,14628,2026-01-03
922,1775,online,silver,2659,2022-03-21
923,1784,flagship,platinum,10132,2025-11-14
924,1784,standard,bronze,11521,2025-12-10
925,1786,flagship,bronze,39959,2019-08-14
926,1789,flagship,bronze,40340,2026-04-02
927,1790,express,bronze,32965,2022-10-31
928,1793,online,silver,47610,2020-10-03
929,1796,online,bronze,11618,2024-04-25
930,1799,express,bronze,33728,2023-09-04
931,1801,online,bronze,4883,2024-01-15
932,1803,online,bronze,37568,2023-08-01
933,1806,standard,bronze,17666,2019-03-17
934,1806,express,silver,32655,2020-02-21
935,1807,standard,bronze,13850,2021-11-27
936,1808,online,bronze,13827,2024-10-27
937,1811,flagship,bronze,6201,2022-09-08
938,1812,flagship,silver,1998,2025-03-14
939,1814,online,bronze,36258,2019-03-09
940,1817,standard,bronze,30749,2025-03-09
941,1821,express,silver,25897,2025-10-04
942,1822,online,bronze,35075,2021-11-24
943,1823,online,silver,35340,2024-07-10
944,1826,express,bronze,270,2026-05-16
945,1830,standard,bronze,24733,2024-07-19
946,1832,online,bronze,46871,2023-02-09
947,1834,express,silver,2977,2022-10-28
948,1835,online,bronze,296,2026-06-27
949,1835,flagship,bronze,24635,2026-02-22
950,1838,flagship,silver,24442,2021-04-02
951,1841,flagship,silver,2404,2025-04-19
952,1842,flagship,bronze,29081,2023-06-15
953,1844,online,bronze,48742,2021-07-22
954,1845,flagship,silver,4266,2025-11-23
955,1848,standard,bronze,45785,2019-04-12
956,1849,online,silver,39310,2019-06-21
957,1852,online,bronze,39416,2019-03-25
958,1854,express,bronze,3833,2019-09-27
959,1855,standard,bronze,18421,2023-02-03
960,1859,express,bronze,19612,2024-10-21
961,1859,flagship,silver,44293,2024-06-23
962,1860,express,gold,49173,2025-04-06
963,1865,online,bronze,45790,2026-02-20
964,1865,express,bronze,33370,2025-03-07
965,1867,online,platinum,11239,2025-07-20
966,1868,online,bronze,12618,2019-06-29
967,1871,flagship,bronze,31747,2024-04-05
968,1871,online,silver,24682,2025-07-18
969,1873,express,bronze,20923,2019-03-01
970,1875,standard,bronze,16172,2024-12-23
971,1877,express,bronze,45162,2022-12-14
972,1878,flagship,gold,18073,2019-01-11
973,1879,express,platinum,12256,2019-08-20
974,1880,online,silver,15129,2024-05-17
975,1883,standard,bronze,6355,2024-08-25
976,1885,online,gold,22652,2020-08-30
977,1887,online,bronze,8077,2023-04-30
978,1888,online,gold,33878,2024-12-26
979,1888,standard,gold,3436,2020-08-13
980,1892,online,bronze,32386,2021-07-16
981,1892,standard,bronze,30323,2021-10-28
982,1897,express,gold,22941,2020-05-09
983,1901,online,silver,43241,2020-06-09
984,1902,flagship,bronze,19699,2022-04-12
985,1903,online,silver,12545,2019-12-26
986,1904,express,silver,9474,2023-04-26
987,1905,flagship,bronze,25952,2023-01-27
988,1906,standard,bronze,8305,2023-05-25
989,1907,express,silver,22846,2025-03-16
990,1907,standard,bronze,14513,2023-02-02
991,1908,standard,bronze,18974,2021-12-14
992,1913,online,bronze,35598,2020-06-09
993,1914,online,silver,38304,2024-11-14
994,1916,standard,silver,47582,2026-04-03
995,1918,express,bronze,33447,2023-04-01
996,1920,online,silver,47675,2020-02-18
997,1921,online,silver,6506,2019-12-29
998,1927,standard,platinum,15072,2023-11-21
999,1928,online,bronze,35413,2021-09-13
1000,1929,standard,silver,12721,2020-06-27
1001,1930,express,gold,1942,2020-01-29
1002,1937,standard,silver,1022,2025-02-13
1003,1938,express,bronze,34181,2021-03-20
1004,1939,online,silver,27704,2023-10-24
1005,1939,express,silver,40428,2024-05-09
1006,1941,express,silver,31889,2025-05-15
1007,1945,online,platinum,5679,2020-09-20
1008,1947,flagship,bronze,41163,2023-05-06
1009,1950,flagship,silver,37112,2025-11-04
1010,1951,express,silver,32580,2025-12-16
1011,1952,standard,silver,28972,2023-04-13
1012,1953,flagship,platinum,24835,2025-10-19
1013,1954,online,bronze,12476,2025-10-07
1014,1956,express,bronze,23493,2019-04-17
1015,1958,express,gold,3956,2023-11-18
1016,1959,express,bronze,35674,2020-10-12
1017,1961,online,silver,32527,2024-03-05
1018,1963,online,bronze,5612,2019-08-23
1019,1964,flagship,silver,44831,2019-07-18
1020,1964,online,bronze,39015,2023-09-18
1021,1965,express,silver,42030,2024-11-20
1022,1966,standard,bronze,13797,2024-09-15
1023,1966,flagship,silver,2631,2022-04-11
1024,1969,flagship,bronze,16698,2024-06-19
1025,1970,standard,silver,10176,2022-04-01
1026,1971,standard,gold,43688,2019-03-01
1027,1971,express,bronze,34974,2025-04-25
1028,1973,standard,silver,23786,2021-07-28
1029,1974,online,bronze,39650,2020-03-27
1030,1976,online,silver,23159,2020-06-19
1031,1980,express,bronze,45249,2022-05-29
1032,1981,flagship,bronze,45435,2023-12-10
1033,1983,online,bronze,40046,2022-08-12
1034,1984,standard,bronze,1869,2024-07-22
1035,1986,standard,silver,1548,2019-09-19
1036,1988,standard,silver,12003,2024-05-01
1037,1990,standard,silver,6461,2020-05-26
1038,1992,flagship,bronze,23579,2019-08-29
1039,1995,flagship,silver,23317,2021-07-27
1040,1996,express,silver,25239,2025-04-23
1041,1997,express,bronze,5997,2023-12-04
1042,1998,online,silver,26807,2025-02-16
1043,2003,flagship,silver,36925,2022-04-29
1044,2004,standard,bronze,32475,2019-11-07
1045,2005,express,silver,47986,2023-10-17
1046,2006,flagship,gold,19009,2020-04-18
1047,2006,standard,silver,42525,2019-10-13
1048,2007,standard,silver,11463,2020-03-13
1049,2007,express,gold,31465,2024-10-22
1050,2008,flagship,silver,17558,2019-11-07
1051,2012,flagship,gold,42924,2023-10-23
1052,2013,online,bronze,14684,2022-04-24
1053,2014,online,bronze,46036,2021-04-11
1054,2015,online,bronze,16221,2023-03-02
1055,2016,standard,silver,14191,2022-01-27
1056,2019,express,gold,42074,2020-05-25
1057,2022,online,silver,39328,2019-03-20
1058,2024,express,silver,35300,2019-04-15
1059,2024,flagship,bronze,9567,2025-03-16
1060,2026,express,bronze,34413,2020-09-09
1061,2027,express,gold,24213,2020-01-12
1062,2028,online,bronze,42252,2025-08-13
1063,2029,flagship,platinum,17260,2025-08-17
1064,2035,express,bronze,20419,2025-05-19
1065,2036,express,bronze,30011,2024-09-16
1066,2038,flagship,bronze,1109,2022-03-08
1067,2043,standard,bronze,21215,2020-11-02
1068,2047,express,gold,47505,2025-11-24
1069,2048,online,bronze,13696,2024-12-05
1070,2055,flagship,silver,9204,2020-01-27
1071,2057,standard,gold,48019,2019-11-04
1072,2063,online,bronze,9808,2023-02-03
1073,2066,standard,gold,20332,2022-07-14
1074,2066,express,silver,36340,2022-08-12
1075,2068,flagship,bronze,27168,2025-11-16
1076,2071,express,silver,11101,2023-09-19
1077,2073,express,gold,6989,2020-05-06
1078,2074,express,bronze,13743,2020-09-15
1079,2077,express,silver,20279,2023-01-11
1080,2078,standard,bronze,45677,2022-09-07
1081,2078,express,silver,2080,2021-04-24
1082,2081,flagship,silver,5289,2020-11-03
1083,2082,standard,bronze,7267,2024-07-23
1084,2084,flagship,gold,6084,2023-09-30
1085,2085,standard,bronze,29323,2024-01-05
1086,2087,express,bronze,13777,2022-01-20
1087,2089,flagship,bronze,43872,2022-02-28
1088,2091,online,silver,21580,2023-06-11
1089,2092,online,bronze,37265,2025-05-24
1090,2094,standard,silver,46249,2025-01-16
1091,2096,flagship,bronze,3280,2019-04-22
1092,2097,flagship,bronze,46829,2025-04-25
1093,2097,online,silver,31906,2025-01-29
1094,2098,flagship,bronze,28729,2023-09-28
1095,2099,flagship,bronze,17942,2024-11-19
1096,2103,online,bronze,48915,2023-11-29
1097,2106,express,bronze,16881,2021-01-01
1098,2108,standard,gold,38639,2020-10-13
1099,2110,flagship,platinum,45137,2020-10-07
1100,2114,flagship,bronze,45540,2020-07-07
1101,2116,standard,bronze,47045,2025-03-28
1102,2117,express,silver,20355,2021-10-06
1103,2118,standard,bronze,4878,2021-06-04
1104,2123,online,bronze,26773,2024-02-06
1105,2124,standard,silver,46035,2022-10-24
1106,2124,flagship,bronze,24221,2024-09-04
1107,2127,express,silver,19902,2021-04-04
1108,2130,flagship,bronze,27412,2025-07-26
1109,2130,express,bronze,35205,2022-08-15
1110,2133,online,silver,20744,2024-01-14
1111,2134,online,bronze,1875,2023-01-14
1112,2135,online,bronze,26172,2024-03-27
1113,2137,standard,bronze,26504,2023-12-28
1114,2138,flagship,bronze,13480,2024-11-22
1115,2140,flagship,bronze,37105,2020-08-31
1116,2142,express,bronze,49761,2025-03-06
1117,2143,express,bronze,18215,2025-09-09
1118,2144,flagship,bronze,4244,2020-05-22
1119,2145,online,gold,44479,2019-08-04
1120,2146,online,bronze,7109,2020-10-09
1121,2148,flagship,silver,45449,2024-05-18
1122,2150,online,silver,14214,2024-07-25
1123,2152,express,bronze,47234,2026-01-16
1124,2154,flagship,gold,44446,2019-10-19
1125,2155,flagship,bronze,15496,2026-06-02
1126,2155,online,silver,27045,2019-04-10
1127,2158,online,silver,29380,2026-06-12
1128,2159,flagship,bronze,11532,2023-05-31
1129,2163,online,bronze,7457,2019-11-08
1130,2164,online,gold,13054,2021-08-27
1131,2166,flagship,gold,3658,2025-01-05
1132,2171,standard,bronze,22976,2019-07-11
1133,2172,flagship,bronze,2464,2024-12-22
1134,2175,flagship,bronze,32730,2019-02-23
1135,2176,online,bronze,23247,2026-05-13
1136,2176,flagship,silver,7429,2023-08-17
1137,2180,online,bronze,654,2025-06-05
1138,2182,online,silver,36779,2024-11-29
1139,2183,online,silver,18401,2021-01-23
1140,2184,express,bronze,10051,2019-05-25
1141,2188,standard,bronze,10904,2026-03-24
1142,2190,online,bronze,4451,2020-03-19
1143,2192,express,bronze,18855,2025-08-25
1144,2194,express,bronze,18222,2026-06-27
1145,2195,flagship,bronze,34863,2023-04-09
1146,2201,standard,bronze,43761,2023-02-14
1147,2203,express,silver,36702,2019-03-24
1148,2204,standard,silver,6353,2022-07-13
1149,2206,express,bronze,39707,2019-12-03
1150,2208,standard,silver,40653,2023-02-11
1151,2210,online,bronze,39146,2023-03-07
1152,2212,online,bronze,4153,2026-04-29
1153,2213,online,silver,25735,2023-11-27
1154,2217,online,silver,37510,2025-09-06
1155,2218,online,bronze,28136,2020-04-16
1156,2219,standard,silver,49767,2024-02-01
1157,2220,flagship,silver,7989,2024-05-08
1158,2222,express,bronze,13008,2026-04-24
1159,2223,standard,gold,24931,2021-01-04
1160,2223,express,silver,24097,2022-06-14
1161,2226,online,bronze,45669,2021-11-21
1162,2227,online,silver,5203,2022-11-26
1163,2229,express,gold,28583,2023-03-17
1164,2230,online,bronze,9661,2019-06-03
1165,2231,standard,bronze,47397,2026-02-24
1166,2232,express,gold,13827,2019-01-04
1167,2234,online,bronze,17887,2025-05-04
1168,2235,express,bronze,41086,2024-10-16
1169,2237,standard,bronze,11560,2019-03-30
1170,2242,flagship,gold,26446,2021-06-15
1171,2242,online,silver,43018,2025-10-16
1172,2243,express,silver,18125,2020-09-25
1173,2245,express,bronze,23182,2023-03-18
1174,2247,standard,silver,46073,2024-06-07
1175,2247,flagship,bronze,23828,2022-11-25
1176,2248,express,silver,48069,2023-07-29
1177,2251,standard,bronze,21939,2023-07-06
1178,2255,express,silver,19353,2019-08-15
1179,2257,express,silver,35115,2021-03-10
1180,2258,standard,bronze,389,2019-09-12
1181,2259,standard,bronze,49942,2021-04-12
1182,2261,online,silver,46251,2019-08-19
1183,2262,standard,bronze,15298,2026-04-13
1184,2264,express,silver,929,2019-03-31
1185,2271,standard,bronze,30497,2025-09-10
1186,2271,express,platinum,22424,2022-01-10
1187,2272,express,gold,14804,2024-08-27
1188,2273,online,bronze,38287,2020-11-05
1189,2274,express,gold,38851,2024-04-13
1190,2276,standard,bronze,10519,2020-10-12
1191,2280,flagship,bronze,30356,2020-03-13
1192,2283,online,bronze,42196,2024-01-20
1193,2286,standard,bronze,7181,2021-03-09
1194,2289,online,gold,48842,2025-11-02
1195,2291,flagship,bronze,23879,2025-10-27
1196,2295,online,bronze,5785,2021-01-22
1197,2297,online,gold,17855,2022-03-02
1198,2299,flagship,bronze,9582,2019-03-22
1199,2301,flagship,bronze,25425,2020-07-18
1200,2302,online,silver,23410,2024-11-29
1201,2304,flagship,bronze,16964,2022-07-02
1202,2305,online,bronze,23734,2024-06-06
1203,2305,standard,silver,11648,2020-01-30
1204,2307,flagship,bronze,3352,2024-09-12
1205,2309,online,bronze,44401,2021-01-07
1206,2310,express,bronze,35597,2019-07-30
1207,2312,express,bronze,17731,2025-04-10
1208,2313,standard,gold,27529,2023-04-08
1209,2315,express,bronze,19884,2020-08-15
1210,2321,express,bronze,28203,2020-06-23
1211,2322,express,silver,28240,2025-06-02
1212,2325,express,silver,42111,2024-08-11
1213,2327,flagship,bronze,48045,2019-08-28
1214,2330,express,bronze,35525,2019-11-29
1215,2333,express,bronze,31082,2023-07-31
1216,2334,express,bronze,20893,2023-06-26
1217,2335,flagship,platinum,47629,2025-12-30
1218,2336,online,gold,43544,2025-12-22
1219,2337,standard,bronze,32487,2026-01-20
1220,2344,standard,bronze,18724,2022-10-29
1221,2345,online,gold,49585,2021-01-15
1222,2347,online,gold,23295,2024-02-09
1223,2349,online,bronze,34935,2021-07-27
1224,2350,online,bronze,24348,2023-01-29
1225,2351,express,silver,11051,2020-06-26
1226,2354,flagship,bronze,31893,2019-10-26
1227,2354,express,silver,43730,2022-09-11
1228,2359,express,silver,9119,2022-03-20
1229,2360,online,bronze,39643,2023-10-02
1230,2366,online,bronze,12810,2021-09-05
1231,2367,online,bronze,26736,2020-10-01
1232,2368,flagship,bronze,43306,2021-05-22
1233,2370,express,bronze,19592,2024-11-28
1234,2371,flagship,bronze,5815,2020-02-06
1235,2372,flagship,gold,40489,2026-04-12
1236,2374,express,silver,34344,2026-05-13
1237,2375,standard,silver,47327,2023-10-24
1238,2376,online,platinum,26313,2022-12-23
1239,2381,express,silver,20157,2021-12-11
1240,2384,express,bronze,7031,2019-08-16
1241,2386,online,bronze,45906,2026-02-14
1242,2387,express,gold,189,2020-10-05
1243,2394,standard,bronze,5235,2020-05-12
1244,2394,express,silver,40984,2026-05-19
1245,2398,online,platinum,43705,2025-06-15
1246,2398,flagship,silver,18591,2019-07-02
1247,2401,online,bronze,39422,2021-05-17
1248,2403,flagship,platinum,46652,2025-06-08
1249,2403,express,bronze,8130,2024-06-13
1250,2407,online,bronze,49981,2022-09-07
1251,2408,online,gold,2813,2021-12-30
1252,2410,express,bronze,15966,2024-01-09
1253,2410,standard,silver,4606,2022-11-23
1254,2412,standard,bronze,13502,2019-05-18
1255,2415,flagship,platinum,23191,2021-12-27
1256,2418,express,bronze,8967,2021-02-05
1257,2421,flagship,silver,22631,2021-12-10
1258,2422,online,silver,42305,2023-09-11
1259,2423,online,bronze,19439,2020-08-13
1260,2424,standard,bronze,31679,2019-04-24
1261,2425,online,silver,2731,2021-02-04
1262,2426,standard,bronze,40523,2019-10-20
1263,2428,express,silver,8202,2025-01-06
1264,2430,flagship,bronze,41066,2026-01-09
1265,2431,flagship,bronze,3625,2023-10-31
1266,2432,standard,bronze,45223,2019-07-08
1267,2432,express,silver,49575,2019-11-25
1268,2433,standard,bronze,28845,2019-04-06
1269,2435,express,bronze,6285,2024-11-21
1270,2437,flagship,silver,47112,2020-12-07
1271,2438,standard,silver,4356,2026-05-27
1272,2438,flagship,bronze,4750,2019-07-12
1273,2441,standard,bronze,39282,2025-09-29
1274,2442,flagship,gold,49968,2019-02-07
1275,2442,express,bronze,46366,2025-02-16
1276,2443,flagship,silver,11107,2022-05-23
1277,2444,express,bronze,16401,2025-10-10
1278,2446,express,bronze,14236,2022-08-14
1279,2451,flagship,bronze,46945,2020-10-16
1280,2451,online,gold,23989,2019-10-29
1281,2453,standard,bronze,17313,2021-05-04
1282,2459,online,silver,34001,2019-04-11
1283,2462,standard,bronze,2360,2022-02-15
1284,2463,standard,silver,45590,2024-04-16
1285,2463,online,bronze,18255,2021-01-02
1286,2465,online,bronze,44513,2024-11-05
1287,2469,online,gold,39056,2021-04-05
1288,2471,online,silver,40155,2022-05-20
1289,2472,express,bronze,49164,2023-07-30
1290,2473,standard,silver,46869,2022-12-25
1291,2474,online,silver,46283,2024-06-20
1292,2478,online,bronze,9370,2021-10-20
1293,2479,express,gold,31955,2019-02-11
1294,2481,express,platinum,28053,2024-01-15
1295,2482,flagship,bronze,1785,2023-02-09
1296,2485,online,silver,28582,2024-04-07
1297,2485,standard,bronze,19368,2020-12-18
1298,2486,flagship,silver,15978,2023-05-12
1299,2489,express,silver,7508,2020-01-15
1300,2490,flagship,gold,6927,2023-09-05
1301,2490,express,bronze,20977,2022-11-06
1302,2491,flagship,platinum,31356,2023-01-16
1303,2493,flagship,bronze,1594,2021-10-29
1304,2500,flagship,silver,32977,2019-09-12
1305,2501,flagship,bronze,41239,2024-05-07
1306,2501,online,bronze,44902,2020-06-14
1307,2504,flagship,platinum,46662,2020-01-20
1308,2505,online,bronze,34381,2022-11-24
1309,2510,standard,bronze,8367,2025-07-24
1310,2510,flagship,bronze,37531,2023-07-19
1311,2512,express,silver,17043,2023-12-25
1312,2513,online,bronze,3142,2023-03-27
1313,2518,express,bronze,7108,2026-05-27
1314,2519,standard,bronze,25765,2021-01-23
1315,2520,online,silver,27392,2023-09-23
1316,2521,standard,silver,19171,2022-05-14
1317,2526,express,silver,46110,2020-12-31
1318,2527,online,silver,21105,2020-08-09
1319,2527,express,gold,33123,2026-01-31
1320,2530,flagship,silver,22415,2020-09-22
1321,2530,online,bronze,42312,2021-05-19
1322,2534,online,silver,38763,2020-07-19
1323,2537,express,bronze,22381,2024-11-09
1324,2541,express,bronze,27651,2022-08-11
1325,2541,online,bronze,36712,2021-06-21
1326,2542,online,silver,37157,2022-06-09
1327,2544,online,silver,36679,2024-10-03
1328,2544,flagship,bronze,35162,2022-10-23
1329,2545,standard,bronze,7573,2025-03-07
1330,2545,express,platinum,2467,2024-08-19
1331,2546,online,gold,19958,2020-08-22
1332,2549,online,gold,47028,2026-01-13
1333,2550,standard,platinum,46116,2019-07-04
1334,2553,online,bronze,29196,2026-05-15
1335,2553,express,silver,47436,2020-10-03
1336,2554,flagship,bronze,4633,2025-08-05
1337,2555,express,bronze,18375,2023-05-23
1338,2557,online,bronze,42051,2021-05-03
1339,2559,express,bronze,4428,2025-08-19
1340,2560,express,bronze,17062,2025-04-19
1341,2561,online,bronze,5696,2020-08-04
1342,2562,express,gold,1940,2021-03-04
1343,2563,express,gold,34265,2026-06-03
1344,2563,standard,gold,19258,2025-12-14
1345,2565,express,silver,9603,2025-09-06
1346,2571,standard,platinum,42816,2020-03-15
1347,2574,online,bronze,48855,2024-11-16
1348,2575,flagship,silver,24116,2024-10-22
1349,2579,flagship,gold,37995,2025-07-21
1350,2580,online,bronze,10537,2022-11-15
1351,2582,standard,bronze,42560,2021-08-14
1352,2585,express,bronze,31675,2020-05-17
1353,2586,flagship,bronze,30714,2022-06-20
1354,2587,standard,gold,40255,2025-11-16
1355,2589,flagship,bronze,9922,2019-02-17
1356,2590,flagship,bronze,44230,2025-06-18
1357,2592,flagship,bronze,41098,2022-02-23
1358,2594,online,silver,39923,2019-10-17
1359,2595,standard,silver,46289,2020-04-24
1360,2597,express,bronze,6673,2019-01-05
1361,2598,standard,bronze,5710,2021-03-27
1362,2600,standard,gold,37616,2022-11-13
1363,2600,flagship,silver,11141,2020-12-31
1364,2604,standard,bronze,44653,2025-11-19
1365,2605,express,silver,29706,2022-02-24
1366,2606,standard,bronze,26312,2019-08-26
1367,2609,online,silver,24547,2025-01-02
1368,2610,online,platinum,21464,2021-11-04
1369,2611,online,silver,155,2019-02-08
1370,2613,standard,bronze,7487,2021-11-03
1371,2619,standard,silver,28607,2021-12-14
1372,2620,express,bronze,27542,2021-10-13
1373,2621,flagship,gold,20839,2019-07-03
1374,2622,standard,platinum,22631,2021-01-26
1375,2623,online,bronze,42676,2022-10-25
1376,2623,standard,bronze,17860,2024-05-14
1377,2625,online,bronze,49447,2023-01-14
1378,2627,standard,gold,26489,2023-04-03
1379,2631,express,silver,47385,2024-03-06
1380,2636,online,platinum,18982,2024-04-25
1381,2639,standard,bronze,16558,2021-08-04
1382,2643,standard,bronze,45787,2026-06-18
1383,2644,online,gold,996,2023-01-07
1384,2645,flagship,bronze,16996,2019-09-15
1385,2647,online,silver,27159,2019-04-03
1386,2648,online,silver,44832,2023-01-13
1387,2648,flagship,bronze,19100,2022-08-14
1388,2649,flagship,bronze,16198,2023-06-25
1389,2653,express,bronze,2145,2020-11-04
1390,2656,express,gold,6923,2023-08-16
1391,2659,flagship,silver,14566,2019-06-30
1392,2662,express,silver,14627,2019-07-03
1393,2663,express,gold,46829,2025-08-26
1394,2664,standard,silver,5487,2023-08-20
1395,2668,flagship,gold,3594,2021-03-19
1396,2668,standard,bronze,24126,2020-04-18
1397,2671,flagship,silver,4494,2021-05-20
1398,2673,flagship,silver,40074,2026-05-29
1399,2674,flagship,silver,25889,2021-05-14
1400,2678,standard,bronze,34463,2025-11-29
1401,2686,online,bronze,38757,2024-09-13
1402,2687,flagship,silver,25884,2021-07-09
1403,2687,online,bronze,49032,2020-08-06
1404,2688,online,bronze,20906,2019-02-14
1405,2692,flagship,bronze,5491,2023-05-20
1406,2694,standard,bronze,16330,2023-10-30
1407,2695,express,bronze,46727,2024-10-05
1408,2700,standard,bronze,33592,2023-05-27
1409,2703,express,gold,7943,2021-02-15
1410,2704,flagship,silver,35046,2019-05-29
1411,2706,express,bronze,19456,2024-05-01
1412,2707,flagship,gold,49367,2023-09-26
1413,2707,online,silver,11426,2019-10-01
1414,2710,standard,bronze,43311,2020-08-11
1415,2710,express,gold,4234,2026-06-12
1416,2711,express,silver,5963,2021-02-19
1417,2711,flagship,bronze,24537,2022-07-15
1418,2712,online,bronze,3209,2024-04-03
1419,2712,express,silver,22541,2020-10-09
1420,2717,online,bronze,21851,2020-09-04
1421,2718,express,silver,40355,2023-04-25
1422,2720,flagship,bronze,46247,2020-03-22
1423,2721,flagship,bronze,12258,2021-02-17
1424,2723,express,gold,9076,2020-07-26
1425,2724,express,gold,7001,2024-04-26
1426,2726,online,bronze,29922,2019-02-08
1427,2726,flagship,bronze,26598,2022-04-04
1428,2727,express,bronze,29703,2021-01-26
1429,2731,standard,bronze,45896,2025-06-11
1430,2731,express,silver,20741,2025-04-12
1431,2732,online,gold,27995,2019-09-22
1432,2732,express,bronze,19469,2021-07-04
1433,2734,express,bronze,44442,2020-02-23
1434,2735,express,silver,12981,2019-01-25
1435,2743,online,bronze,17893,2025-01-04
1436,2744,standard,bronze,42023,2020-01-21
1437,2746,express,silver,12078,2026-02-21
1438,2746,online,bronze,6241,2023-03-06
1439,2749,flagship,bronze,18826,2021-03-21
1440,2749,standard,bronze,40757,2022-01-31
1441,2750,standard,bronze,37206,2024-12-19
1442,2750,online,bronze,19041,2022-06-03
1443,2756,online,bronze,39807,2023-09-07
1444,2760,express,bronze,34796,2019-04-28
1445,2762,express,bronze,28106,2022-03-18
1446,2763,express,silver,3837,2024-08-15
1447,2764,express,bronze,22235,2024-08-02
1448,2764,online,bronze,3415,2021-09-19
1449,2767,standard,bronze,4289,2020-05-18
1450,2767,flagship,silver,18455,2025-04-26
1451,2768,online,bronze,33092,2020-05-25
1452,2769,online,gold,32578,2021-07-18
1453,2770,standard,platinum,38602,2025-10-19
1454,2770,express,bronze,30990,2023-08-09
1455,2778,express,bronze,42465,2021-06-18
1456,2788,standard,silver,18129,2022-01-01
1457,2792,standard,silver,7971,2020-07-15
1458,2793,express,platinum,24838,2019-02-17
1459,2795,express,bronze,32673,2023-05-10
1460,2799,online,bronze,8848,2023-06-20
1461,2799,standard,silver,18821,2021-08-30
1462,2801,standard,silver,24810,2023-05-28
1463,2803,standard,gold,33530,2019-10-07
1464,2809,standard,bronze,37442,2022-01-02
1465,2810,flagship,silver,35174,2020-09-01
1466,2811,standard,bronze,38320,2019-11-25
1467,2815,standard,silver,26149,2020-09-02
1468,2816,standard,bronze,40182,2022-07-30
1469,2819,flagship,bronze,16424,2022-04-19
1470,2823,flagship,silver,32353,2022-01-24
1471,2824,flagship,gold,40501,2020-12-04
1472,2829,standard,silver,11088,2022-03-07
1473,2830,express,gold,22028,2021-10-08
1474,2831,express,bronze,21630,2023-10-26
1475,2832,online,gold,32031,2023-01-12
1476,2840,standard,platinum,24436,2025-08-19
1477,2843,express,bronze,26999,2025-05-25
1478,2844,express,bronze,35433,2019-02-11
1479,2846,flagship,bronze,19984,2025-11-16
1480,2847,express,platinum,34418,2023-01-17
1481,2849,online,bronze,12248,2023-04-09
1482,2850,express,platinum,9434,2025-01-27
1483,2853,flagship,bronze,32827,2020-09-14
1484,2855,online,bronze,36156,2019-05-02
1485,2855,express,bronze,6077,2021-03-31
1486,2857,flagship,bronze,9960,2026-03-05
1487,2858,standard,bronze,14345,2019-05-11
1488,2860,standard,bronze,22460,2019-10-29
1489,2860,online,bronze,13544,2020-04-24
1490,2861,standard,bronze,49320,2019-06-12
1491,2864,online,bronze,42191,2021-08-31
1492,2864,standard,gold,32788,2025-12-26
1493,2865,express,bronze,41142,2023-06-19
1494,2867,flagship,bronze,33655,2024-08-15
1495,2867,express,bronze,44591,2022-12-22
1496,2868,flagship,gold,32344,2021-02-25
1497,2869,flagship,bronze,473,2019-12-03
1498,2871,online,bronze,6379,2025-12-09
1499,2877,standard,bronze,10010,2022-02-02
1500,2878,flagship,bronze,42433,2021-10-01
1501,2879,flagship,silver,38228,2024-08-03
1502,2880,standard,silver,42777,2023-09-06
1503,2884,online,silver,21573,2025-08-11
1504,2887,standard,silver,10111,2024-12-26
1505,2888,express,bronze,46272,2023-08-15
1506,2888,flagship,bronze,46100,2019-10-11
1507,2891,standard,bronze,5153,2023-09-26
1508,2896,standard,silver,3689,2025-07-17
1509,2899,online,bronze,46427,2019-07-27
1510,2901,standard,gold,30758,2021-01-24
1511,2905,online,platinum,24799,2023-09-01
1512,2906,flagship,silver,34116,2020-01-24
1513,2910,flagship,bronze,48789,2025-02-17
1514,2912,standard,bronze,39066,2021-12-20
1515,2913,online,bronze,39926,2023-09-26
1516,2914,online,gold,24723,2025-06-16
1517,2914,express,silver,32537,2021-06-01
1518,2915,online,bronze,9235,2023-12-19
1519,2915,express,silver,4778,2024-02-14
1520,2919,standard,bronze,17168,2025-12-25
1521,2921,express,platinum,12786,2020-10-11
1522,2924,express,silver,313,2021-08-12
1523,2925,standard,gold,27813,2019-09-29
1524,2926,flagship,bronze,21986,2020-11-03
1525,2927,express,bronze,44501,2019-05-22
1526,2928,express,bronze,37123,2020-12-19
1527,2929,express,bronze,42165,2022-12-06
1528,2931,flagship,bronze,17927,2022-03-05
1529,2934,standard,bronze,47208,2025-05-28
1530,2935,online,bronze,46064,2025-06-09
1531,2936,flagship,bronze,11898,2025-09-09
1532,2938,flagship,bronze,16127,2021-04-30
1533,2940,standard,bronze,31063,2021-04-02
1534,2941,flagship,bronze,44258,2019-08-29
1535,2942,express,silver,38213,2019-11-17
1536,2943,flagship,bronze,36646,2021-12-29
1537,2944,express,bronze,7431,2024-06-01
1538,2945,standard,gold,6582,2024-03-21
1539,2946,online,bronze,49408,2025-08-06
1540,2947,online,gold,25503,2025-12-28
1541,2947,flagship,silver,45848,2021-01-27
1542,2954,express,bronze,43299,2024-01-26
1543,2954,online,bronze,2634,2026-02-04
1544,2956,express,bronze,22239,2024-09-09
1545,2957,online,gold,33593,2022-01-25
1546,2958,standard,platinum,1355,2023-02-09
1547,2959,express,bronze,13503,2024-08-24
1548,2960,standard,bronze,31343,2026-02-12
1549,2960,flagship,bronze,2696,2025-06-20
1550,2961,flagship,gold,6374,2022-01-27
1551,2962,express,bronze,21556,2023-04-12
1552,2963,online,gold,10961,2024-12-04
1553,2963,express,bronze,7230,2019-06-19
1554,2968,standard,silver,45335,2022-11-12
1555,2973,standard,silver,6280,2025-08-24
1556,2978,standard,silver,9989,2022-05-04
1557,2981,flagship,bronze,33231,2025-03-08
1558,2982,express,bronze,37193,2026-01-29
1559,2983,online,bronze,32946,2025-03-13
1560,2984,express,bronze,18827,2024-11-27
1561,2989,standard,gold,19867,2023-02-10
1562,2989,online,bronze,45370,2025-03-26
1563,2993,online,bronze,16485,2022-03-11
1564,2993,standard,platinum,31955,2025-05-31
1565,2994,standard,bronze,17597,2021-07-08
1566,2995,standard,bronze,17060,2022-05-07
1567,2996,express,bronze,32510,2023-02-28
1568,2998,flagship,gold,19535,2019-12-24
1569,2999,express,bronze,28473,2020-08-23
1570,3003,flagship,silver,20120,2022-01-14
1571,3005,online,silver,5678,2019-09-25
1572,3006,standard,silver,12288,2025-04-02
1573,3012,online,silver,24351,2022-11-21
1574,3015,standard,silver,8628,2021-03-31
1575,3016,standard,bronze,4205,2024-06-22
1576,3017,flagship,bronze,32195,2024-03-13
1577,3017,express,gold,7255,2025-04-18
1578,3020,flagship,gold,28820,2022-08-21
1579,3021,flagship,silver,34270,2024-08-30
1580,3022,standard,silver,31637,2023-03-07
1581,3023,online,silver,38790,2020-06-06
1582,3027,standard,bronze,44816,2021-10-15
1583,3029,express,gold,13332,2024-10-14
1584,3031,flagship,gold,9675,2024-08-17
1585,3032,standard,silver,31343,2019-03-05
1586,3033,express,gold,42511,2022-12-07
1587,3040,express,silver,35921,2026-02-13
1588,3042,flagship,bronze,6385,2024-08-19
1589,3043,express,bronze,5765,2023-09-10
1590,3044,flagship,silver,4852,2025-01-25
1591,3045,flagship,bronze,24341,2022-12-29
1592,3045,online,bronze,2785,2024-08-18
1593,3046,express,silver,26413,2020-06-24
1594,3047,express,bronze,17229,2024-12-10
1595,3050,flagship,silver,22684,2024-02-14
1596,3052,standard,silver,26106,2023-03-05
1597,3053,online,bronze,37087,2021-06-01
1598,3055,standard,gold,20477,2026-05-10
1599,3056,standard,gold,24107,2025-11-30
1600,3058,express,silver,16288,2022-11-24
1601,3064,flagship,bronze,37094,2019-10-24
1602,3066,online,silver,1520,2025-02-18
1603,3066,flagship,gold,41301,2020-10-17
1604,3068,express,bronze,27606,2021-08-23
1605,3069,flagship,silver,29914,2020-10-11
1606,3071,express,silver,49082,2021-03-23
1607,3072,express,silver,38102,2024-06-21
1608,3073,express,bronze,30538,2025-05-19
1609,3075,online,gold,37569,2019-09-22
1610,3077,flagship,gold,34251,2022-03-03
1611,3079,standard,gold,6326,2021-07-02
1612,3080,express,silver,34423,2024-09-30
1613,3084,online,bronze,49561,2020-08-03
1614,3089,flagship,bronze,41226,2022-05-24
1615,3090,online,silver,18397,2019-07-31
1616,3092,flagship,bronze,47352,2019-02-06
1617,3096,flagship,silver,27404,2025-03-14
1618,3097,flagship,bronze,11011,2025-02-24
1619,3098,flagship,silver,15273,2025-01-15
1620,3098,standard,silver,13870,2026-03-03
1621,3102,standard,bronze,38653,2025-11-04
1622,3104,flagship,bronze,36581,2023-07-29
1623,3104,online,bronze,47513,2024-07-31
1624,3105,standard,silver,45252,2021-09-28
1625,3109,standard,bronze,45048,2023-09-07
1626,3110,online,bronze,3789,2021-09-16
1627,3113,flagship,bronze,26711,2026-04-17
1628,3114,online,silver,18006,2022-11-07
1629,3116,online,bronze,38362,2026-06-22
1630,3116,express,bronze,231,2023-10-13
1631,3119,express,bronze,25773,2021-03-21
1632,3126,flagship,bronze,10010,2024-10-25
1633,3128,online,bronze,745,2020-07-06
1634,3132,express,silver,46149,2024-01-09
1635,3134,online,bronze,27019,2022-09-21
1636,3135,flagship,silver,2678,2024-05-27
1637,3136,standard,silver,40623,2022-04-03
1638,3137,flagship,bronze,65,2021-04-06
1639,3140,express,bronze,30778,2020-08-05
1640,3143,flagship,silver,5009,2020-11-05
1641,3144,express,gold,32310,2019-10-11
1642,3144,flagship,silver,48474,2020-02-18
1643,3145,standard,bronze,14995,2023-12-26
1644,3148,flagship,silver,12494,2025-03-22
1645,3150,standard,bronze,35922,2019-10-30
1646,3153,standard,silver,29116,2019-05-30
1647,3154,standard,bronze,31463,2023-06-22
1648,3156,flagship,bronze,15332,2023-11-18
1649,3158,online,bronze,15381,2023-11-13
1650,3159,standard,bronze,16072,2022-09-20
1651,3164,express,bronze,2312,2019-06-04
1652,3165,online,silver,48802,2026-03-23
1653,3168,online,silver,7333,2024-04-19
1654,3169,standard,bronze,13710,2024-05-15
1655,3172,online,bronze,24026,2025-05-30
1656,3172,flagship,bronze,41993,2025-01-12
1657,3174,online,bronze,31997,2024-12-19
1658,3176,standard,platinum,39184,2020-01-03
1659,3178,express,silver,17629,2022-04-11
1660,3181,online,silver,46784,2023-05-12
1661,3183,online,silver,21990,2019-02-20
1662,3187,flagship,silver,24201,2019-10-06
1663,3188,flagship,bronze,44761,2023-04-29
1664,3192,online,bronze,18799,2024-11-07
1665,3192,standard,bronze,5109,2022-03-14
1666,3197,online,bronze,47967,2023-03-01
1667,3198,standard,silver,41310,2023-04-07
1668,3199,express,gold,34735,2020-01-24
1669,3201,express,bronze,30763,2021-06-22
1670,3203,express,bronze,18059,2020-10-15
1671,3209,online,bronze,45545,2025-04-21
1672,3213,online,bronze,14201,2025-07-16
1673,3213,flagship,silver,15895,2025-02-18
1674,3215,flagship,gold,18221,2025-03-27
1675,3218,express,bronze,49537,2020-05-14
1676,3219,express,bronze,36556,2025-01-04
1677,3223,flagship,bronze,40410,2026-02-17
1678,3225,online,silver,19742,2025-08-05
1679,3227,express,bronze,21932,2020-08-06
1680,3227,online,gold,43282,2025-01-22
1681,3228,flagship,silver,15669,2023-02-01
1682,3235,online,bronze,20146,2019-01-10
1683,3237,standard,silver,9290,2025-06-23
1684,3240,online,bronze,2452,2022-05-08
1685,3241,express,silver,44671,2026-02-21
1686,3241,standard,bronze,44700,2026-03-19
1687,3251,flagship,bronze,35033,2024-04-28
1688,3251,online,bronze,13912,2020-07-08
1689,3255,flagship,bronze,17481,2025-03-04
1690,3256,online,bronze,6336,2023-04-29
1691,3258,standard,gold,23160,2019-01-03
1692,3260,standard,silver,2540,2022-12-08
1693,3261,standard,bronze,21791,2026-03-19
1694,3266,flagship,gold,36464,2024-03-07
1695,3273,standard,bronze,2896,2019-08-18
1696,3276,online,bronze,28935,2020-01-28
1697,3277,standard,silver,6349,2026-04-02
1698,3278,express,gold,11130,2023-10-04
1699,3293,express,bronze,24637,2021-10-21
1700,3294,standard,bronze,42260,2022-09-14
1701,3297,express,silver,49412,2023-11-23
1702,3298,express,silver,23134,2025-05-10
1703,3298,online,silver,13609,2019-07-25
1704,3300,online,bronze,10159,2020-04-10
1705,3305,online,silver,34996,2019-06-20
1706,3306,flagship,bronze,29782,2026-02-10
1707,3307,flagship,bronze,40322,2024-10-08
1708,3309,standard,bronze,4828,2023-05-11
1709,3311,online,gold,24284,2021-03-22
1710,3312,standard,silver,33390,2025-12-12
1711,3312,flagship,silver,12951,2022-08-25
1712,3316,standard,silver,17540,2025-08-23
1713,3317,flagship,bronze,2021,2026-04-07
1714,3318,online,bronze,23863,2024-04-28
1715,3320,online,silver,18460,2023-07-24
1716,3322,express,silver,43368,2022-07-28
1717,3323,express,bronze,39064,2021-04-22
1718,3324,standard,silver,34917,2026-01-02
1719,3326,express,silver,47964,2019-06-09
1720,3326,flagship,bronze,26432,2019-09-15
1721,3327,standard,gold,43723,2026-04-14
1722,3328,standard,gold,21434,2021-04-08
1723,3331,standard,bronze,31340,2024-04-26
1724,3334,online,bronze,35311,2021-08-19
1725,3337,online,bronze,40370,2020-09-26
1726,3341,flagship,silver,9428,2026-02-16
1727,3341,standard,silver,46496,2021-08-17
1728,3342,standard,silver,23752,2020-07-13
1729,3343,standard,bronze,10881,2023-05-05
1730,3344,flagship,silver,47390,2025-06-19
1731,3346,flagship,gold,17501,2020-08-22
1732,3348,standard,bronze,35590,2023-09-18
1733,3349,express,bronze,24794,2019-05-12
1734,3351,express,bronze,35959,2026-03-11
1735,3354,online,bronze,43036,2022-06-01
1736,3356,online,bronze,20589,2019-01-19
1737,3359,standard,bronze,22196,2026-02-18
1738,3359,flagship,gold,13860,2023-05-15
1739,3361,online,gold,16335,2020-03-13
1740,3365,flagship,silver,48183,2020-05-30
1741,3367,flagship,silver,25009,2024-07-08
1742,3368,flagship,bronze,45387,2023-08-11
1743,3374,online,bronze,939,2023-09-17
1744,3375,express,silver,21688,2024-12-27
1745,3376,express,bronze,45012,2023-07-08
1746,3378,flagship,bronze,42462,2020-06-01
1747,3381,flagship,bronze,49807,2019-05-27
1748,3390,online,silver,46946,2019-09-05
1749,3391,online,bronze,4974,2024-01-09
1750,3392,express,silver,14478,2021-11-13
1751,3396,flagship,bronze,35205,2022-01-04
1752,3397,flagship,silver,23470,2023-12-31
1753,3400,online,silver,47896,2025-10-28
1754,3403,flagship,silver,48081,2019-09-30
1755,3406,flagship,bronze,35603,2026-05-16
1756,3409,flagship,bronze,23609,2020-10-27
1757,3411,online,bronze,24538,2019-05-02
1758,3417,online,bronze,32943,2019-01-08
1759,3419,express,gold,22688,2026-02-24
1760,3420,flagship,bronze,3641,2024-03-16
1761,3421,online,gold,45139,2022-08-24
1762,3422,flagship,bronze,37566,2021-04-18
1763,3424,express,gold,28479,2025-12-06
1764,3428,standard,bronze,1369,2023-05-24
1765,3428,flagship,bronze,11458,2020-12-05
1766,3430,standard,bronze,21199,2025-12-29
1767,3432,standard,bronze,17496,2019-09-29
1768,3435,flagship,bronze,36145,2021-01-31
1769,3435,online,silver,48989,2026-03-26
1770,3437,express,silver,46708,2022-06-26
1771,3438,standard,bronze,11722,2022-05-13
1772,3440,standard,gold,34949,2024-10-22
1773,3443,flagship,silver,39293,2022-06-07
1774,3453,express,bronze,49576,2023-05-14
1775,3454,online,silver,34611,2020-12-10
1776,3455,flagship,silver,21778,2023-01-19
1777,3457,express,bronze,24697,2019-11-30
1778,3458,express,bronze,458,2023-03-19
1779,3464,online,gold,692,2024-02-26
1780,3469,express,bronze,28501,2023-05-13
1781,3470,express,bronze,18045,2019-07-30
1782,3471,online,bronze,49117,2025-09-18
1783,3472,online,bronze,37521,2024-07-13
1784,3475,express,silver,33092,2022-12-23
1785,3477,standard,bronze,16338,2019-10-22
1786,3481,flagship,bronze,7189,2025-04-09
1787,3486,standard,bronze,31021,2021-01-23
1788,3490,standard,bronze,4593,2021-07-03
1789,3492,flagship,bronze,4765,2022-05-24
1790,3494,standard,silver,40530,2021-08-11
1791,3496,express,bronze,1970,2021-09-09
1792,3498,express,bronze,20399,2024-03-29
1793,3500,standard,silver,44472,2024-10-30
1794,3501,standard,silver,12645,2019-12-26
1795,3503,flagship,bronze,23488,2025-12-07
1796,3504,online,bronze,23590,2021-12-19
1797,3505,online,gold,15342,2022-09-23
1798,3506,express,gold,36934,2021-03-20
1799,3513,standard,bronze,21147,2025-03-11
1800,3515,online,bronze,4315,2024-06-27
1801,3519,standard,bronze,11824,2024-02-11
1802,3521,express,bronze,16758,2022-12-18
1803,3522,express,bronze,37261,2024-04-16
1804,3523,online,bronze,17181,2022-12-19
1805,3525,express,bronze,9213,2024-10-10
1806,3528,express,bronze,14371,2025-04-23
1807,3528,online,bronze,28473,2020-09-23
1808,3531,express,bronze,11516,2023-09-02
1809,3532,online,silver,35614,2026-02-07
1810,3533,standard,bronze,17969,2022-04-24
1811,3535,online,bronze,18301,2020-01-25
1812,3536,standard,gold,34156,2024-12-09
1813,3538,standard,silver,9655,2019-02-11
1814,3542,flagship,silver,17287,2023-10-26
1815,3542,online,bronze,12049,2020-12-05
1816,3543,standard,bronze,16960,2021-07-16
1817,3544,express,silver,36927,2023-09-19
1818,3546,express,silver,34881,2023-10-05
1819,3549,express,bronze,35604,2021-08-17
1820,3551,express,bronze,26596,2021-11-17
1821,3553,standard,bronze,48487,2021-06-28
1822,3554,online,bronze,33661,2024-04-03
1823,3555,express,bronze,16968,2025-02-07
1824,3557,flagship,silver,2051,2019-06-17
1825,3559,standard,silver,13204,2022-05-01
1826,3564,online,bronze,30039,2021-08-12
1827,3564,standard,gold,42889,2024-08-29
1828,3565,standard,silver,26204,2023-08-02
1829,3567,standard,bronze,24872,2021-09-07
1830,3569,online,gold,8207,2022-09-10
1831,3569,express,silver,7265,2024-06-10
1832,3570,online,bronze,18241,2023-11-15
1833,3573,standard,bronze,48491,2025-06-18
1834,3573,flagship,bronze,3500,2023-12-08
1835,3576,express,bronze,20013,2020-06-11
1836,3576,flagship,bronze,32293,2021-07-08
1837,3578,flagship,bronze,28037,2025-06-13
1838,3583,express,platinum,41298,2020-08-29
1839,3586,express,bronze,20948,2026-03-09
1840,3586,online,gold,35100,2024-03-27
1841,3587,online,bronze,38857,2021-11-13
1842,3589,flagship,silver,35854,2025-06-16
1843,3592,standard,silver,39211,2024-06-17
1844,3593,online,gold,14848,2020-01-13
1845,3594,express,bronze,12101,2020-11-19
1846,3595,express,bronze,19037,2025-02-15
1847,3596,express,bronze,21223,2023-10-11
1848,3597,standard,bronze,13062,2022-06-12
1849,3598,express,bronze,11041,2020-02-28
1850,3598,flagship,bronze,36390,2023-10-04
1851,3600,standard,silver,23166,2021-11-19
1852,3601,online,silver,34141,2024-10-22
1853,3604,standard,bronze,30967,2022-02-15
1854,3604,online,bronze,42032,2025-08-02
1855,3607,flagship,bronze,12355,2026-02-25
1856,3614,standard,bronze,31068,2020-03-30
1857,3615,express,silver,26274,2020-03-30
1858,3616,express,silver,49281,2023-07-28
1859,3618,online,gold,3159,2022-04-12
1860,3626,express,bronze,634,2025-09-07
1861,3627,standard,silver,17543,2023-03-07
1862,3628,standard,silver,19903,2019-12-16
1863,3633,online,bronze,16924,2019-02-16
1864,3634,flagship,bronze,19711,2025-10-26
1865,3636,standard,bronze,3017,2019-02-14
1866,3638,flagship,silver,7752,2023-05-08
1867,3640,express,silver,27129,2022-05-02
1868,3640,standard,bronze,21978,2024-02-04
1869,3641,online,bronze,22208,2022-09-19
1870,3643,standard,gold,23742,2021-11-29
1871,3644,express,bronze,32296,2025-12-27
1872,3648,online,bronze,1957,2019-06-22
1873,3649,flagship,gold,36710,2020-02-10
1874,3650,online,gold,45783,2025-06-10
1875,3650,express,bronze,24274,2024-01-29
1876,3652,express,silver,40533,2021-10-16
1877,3653,flagship,silver,22331,2025-08-27
1878,3655,standard,gold,2980,2020-11-15
1879,3656,express,silver,32889,2025-09-23
1880,3660,online,silver,18730,2021-10-02
1881,3663,flagship,bronze,17160,2022-05-04
1882,3664,standard,bronze,476,2022-04-08
1883,3665,online,bronze,12924,2021-11-25
1884,3667,flagship,platinum,16035,2019-04-26
1885,3673,flagship,bronze,31548,2019-03-31
1886,3674,flagship,silver,24386,2026-01-23
1887,3676,flagship,bronze,5400,2019-06-08
1888,3677,flagship,bronze,14762,2022-08-03
1889,3677,standard,silver,14285,2022-04-30
1890,3679,express,bronze,18945,2024-01-27
1891,3683,express,silver,6446,2021-10-19
1892,3684,express,bronze,46591,2025-11-03
1893,3686,express,bronze,47792,2025-04-11
1894,3687,express,bronze,6194,2023-06-08
1895,3689,express,silver,6128,2019-07-22
1896,3690,flagship,silver,20206,2020-02-03
1897,3693,flagship,bronze,29865,2019-01-16
1898,3694,flagship,bronze,16299,2024-05-30
1899,3695,express,bronze,2831,2022-09-23
1900,3696,express,bronze,7918,2024-01-26
1901,3697,online,silver,21753,2021-03-08
1902,3698,flagship,bronze,39497,2025-09-11
1903,3699,express,silver,13551,2019-08-16
1904,3701,online,bronze,17843,2026-05-23
1905,3703,standard,bronze,43660,2020-05-26
1906,3705,express,silver,8114,2019-05-19
1907,3705,online,bronze,32363,2022-06-13
1908,3706,express,silver,25150,2023-06-17
1909,3707,standard,bronze,18872,2025-06-03
1910,3709,standard,silver,28422,2024-01-02
1911,3710,standard,gold,8520,2024-09-08
1912,3713,express,silver,28334,2019-08-11
1913,3714,standard,bronze,40558,2024-09-13
1914,3716,online,gold,12318,2020-11-09
1915,3720,online,bronze,22433,2020-07-22
1916,3725,express,bronze,24962,2021-08-17
1917,3726,online,bronze,22786,2024-01-29
1918,3730,standard,bronze,10029,2025-08-02
1919,3734,standard,bronze,25865,2019-05-24
1920,3737,online,bronze,8571,2019-11-10
1921,3738,express,platinum,20543,2026-06-02
1922,3739,standard,platinum,13145,2024-07-20
1923,3740,standard,bronze,31228,2020-12-07
1924,3742,flagship,gold,15251,2020-06-01
1925,3743,standard,bronze,22951,2019-09-27
1926,3743,flagship,silver,30728,2022-08-06
1927,3744,online,bronze,47345,2021-12-24
1928,3745,express,bronze,7060,2025-09-27
1929,3747,standard,bronze,22048,2021-07-09
1930,3747,online,bronze,25975,2024-10-13
1931,3751,express,bronze,15771,2026-06-18
1932,3752,express,bronze,39773,2025-03-14
1933,3753,express,silver,44608,2025-12-31
1934,3753,standard,bronze,39700,2022-09-29
1935,3755,online,platinum,32461,2021-04-09
1936,3759,online,bronze,2872,2020-12-01
1937,3761,standard,gold,33619,2025-04-04
1938,3762,online,bronze,22364,2025-01-20
1939,3763,flagship,silver,39058,2019-05-03
1940,3764,express,bronze,1396,2020-07-16
1941,3766,online,silver,19103,2024-10-20
1942,3768,online,silver,2521,2025-02-06
1943,3769,standard,bronze,26105,2019-11-13
1944,3771,online,bronze,40576,2021-02-01
1945,3776,online,silver,19731,2024-07-14
1946,3778,online,gold,22312,2020-05-29
1947,3779,online,silver,26580,2022-02-15
1948,3780,flagship,bronze,9455,2020-08-11
1949,3781,online,bronze,71,2021-08-27
1950,3784,express,bronze,19597,2026-01-10
1951,3788,express,platinum,1644,2026-05-06
1952,3789,express,silver,12032,2025-08-21
1953,3793,flagship,bronze,45960,2020-08-03
1954,3794,express,gold,22397,2019-07-22
1955,3794,flagship,bronze,12649,2024-06-22
1956,3798,online,bronze,1534,2024-02-23
1957,3799,standard,platinum,12227,2025-04-27
1958,3804,flagship,silver,41654,2025-02-21
1959,3806,flagship,silver,15809,2019-07-30
1960,3808,standard,bronze,21389,2019-01-02
1961,3809,standard,bronze,296,2019-03-06
1962,3810,express,silver,42619,2022-06-02
1963,3812,flagship,bronze,15196,2020-05-08
1964,3813,standard,bronze,18014,2026-04-19
1965,3816,standard,silver,49798,2022-11-14
1966,3817,flagship,platinum,33514,2019-10-30
1967,3822,standard,bronze,32083,2020-12-20
1968,3824,standard,platinum,14336,2024-01-14
1969,3828,standard,bronze,11653,2025-06-11
1970,3829,express,silver,12469,2020-10-14
1971,3832,standard,bronze,36613,2026-04-20
1972,3833,online,bronze,15266,2025-03-17
1973,3834,flagship,silver,47439,2019-08-30
1974,3835,online,bronze,22686,2024-02-24
1975,3836,express,silver,45078,2022-05-09
1976,3838,online,bronze,20007,2020-06-03
1977,3839,standard,bronze,3118,2020-09-03
1978,3842,flagship,gold,26115,2024-05-07
1979,3842,online,bronze,16763,2020-12-10
1980,3843,flagship,bronze,24508,2022-07-28
1981,3848,flagship,silver,14371,2021-01-16
1982,3850,standard,platinum,35668,2021-01-13
1983,3854,online,gold,5121,2025-03-30
1984,3854,express,bronze,17109,2022-06-30
1985,3855,online,bronze,31545,2023-12-23
1986,3859,flagship,gold,33565,2024-02-17
1987,3861,online,platinum,5341,2020-10-25
1988,3867,online,gold,1291,2020-09-09
1989,3871,express,bronze,24516,2019-07-25
1990,3872,standard,bronze,39545,2023-08-03
1991,3872,express,bronze,48224,2026-04-04
1992,3875,standard,bronze,41102,2024-07-27
1993,3879,standard,bronze,28913,2019-09-05
1994,3884,flagship,silver,35230,2023-09-24
1995,3888,flagship,silver,1515,2023-06-10
1996,3890,express,bronze,23432,2024-04-17
1997,3899,express,bronze,32229,2026-03-20
1998,3900,standard,platinum,10614,2023-01-09
1999,3900,flagship,bronze,24757,2021-03-03
2000,3901,standard,bronze,46079,2021-03-06
2001,3902,flagship,bronze,22784,2022-06-26
2002,3903,express,bronze,8024,2022-09-20
2003,3905,standard,bronze,23003,2025-01-13
2004,3905,flagship,bronze,955,2021-12-22
2005,3911,flagship,silver,37915,2026-05-21
2006,3912,flagship,bronze,9872,2022-10-08
2007,3912,online,bronze,27366,2021-03-09
2008,3918,standard,bronze,11819,2019-10-26
2009,3919,standard,bronze,17029,2023-05-12
2010,3921,express,bronze,46270,2022-02-03
2011,3921,online,bronze,265,2025-02-01
2012,3923,express,platinum,20479,2025-10-25
2013,3925,express,silver,47119,2019-12-10
2014,3927,online,bronze,38458,2020-04-14
2015,3928,flagship,bronze,38187,2026-05-09
2016,3930,standard,gold,44765,2020-09-28
2017,3932,express,bronze,17088,2023-05-20
2018,3935,express,gold,2561,2022-09-27
2019,3935,flagship,bronze,5267,2023-02-26
2020,3938,flagship,silver,982,2021-02-25
2021,3939,standard,gold,32459,2020-06-13
2022,3940,express,bronze,44943,2023-12-10
2023,3944,express,bronze,42307,2022-12-05
2024,3949,standard,platinum,34444,2026-05-14
2025,3950,standard,bronze,17897,2024-08-23
2026,3951,express,bronze,16590,2019-11-07
2027,3953,online,gold,5525,2019-01-18
2028,3954,online,bronze,4511,2023-05-02
2029,3956,online,gold,6075,2021-03-20
2030,3957,flagship,silver,32258,2026-01-22
2031,3958,standard,bronze,23615,2019-05-28
2032,3959,flagship,silver,49878,2022-11-05
2033,3961,flagship,platinum,33406,2024-02-17
2034,3963,express,bronze,34898,2023-03-08
2035,3964,flagship,bronze,16938,2025-12-20
2036,3965,online,bronze,9623,2021-12-05
2037,3970,online,bronze,33961,2022-03-25
2038,3971,flagship,bronze,24582,2024-11-10
2039,3972,flagship,bronze,20773,2019-11-18
2040,3973,online,gold,8974,2019-02-16
2041,3975,express,silver,25499,2024-10-26
2042,3975,standard,bronze,8799,2020-10-17
2043,3978,flagship,silver,44546,2024-09-07
2044,3980,express,silver,44381,2021-09-30
2045,3984,online,bronze,11019,2025-08-06
2046,3985,online,silver,28228,2025-10-13
2047,3987,flagship,silver,46190,2022-10-04
2048,3991,standard,platinum,31689,2022-01-26
2049,3993,express,bronze,28986,2022-02-06
2050,3994,online,bronze,20132,2025-01-03
2051,3997,online,bronze,49007,2023-07-14
2052,4001,express,silver,43006,2021-06-18
2053,4001,flagship,silver,15681,2024-05-31
2054,4002,flagship,bronze,47684,2023-11-18
2055,4005,standard,bronze,5599,2021-07-21
2056,4007,flagship,bronze,23836,2024-06-24
2057,4008,online,bronze,41994,2023-12-24
2058,4009,flagship,bronze,14605,2019-04-02
2059,4010,express,silver,29969,2025-08-23
2060,4011,flagship,platinum,32068,2019-02-09
2061,4014,standard,silver,30831,2026-06-09
2062,4015,express,bronze,31474,2020-01-12
2063,4016,standard,bronze,34294,2024-04-11
2064,4016,flagship,gold,48945,2024-04-02
2065,4018,standard,bronze,40960,2025-01-19
2066,4019,standard,bronze,45018,2026-04-21
2067,4019,online,bronze,25013,2026-05-11
2068,4020,standard,bronze,37551,2025-03-18
2069,4026,standard,bronze,26082,2024-09-24
2070,4026,express,bronze,26311,2023-08-25
2071,4027,flagship,bronze,13987,2020-08-19
2072,4028,express,bronze,8039,2019-02-23
2073,4030,express,bronze,44313,2025-02-23
2074,4031,flagship,bronze,38351,2019-05-01
2075,4036,online,gold,41368,2021-09-27
2076,4038,express,bronze,14989,2019-06-23
2077,4045,standard,silver,4148,2025-07-29
2078,4047,flagship,silver,3883,2022-06-12
2079,4048,standard,silver,20853,2021-08-31
2080,4049,standard,bronze,28801,2019-06-16
2081,4050,standard,silver,26105,2021-03-30
2082,4051,online,silver,34730,2019-12-10
2083,4054,express,platinum,28712,2022-05-06
2084,4056,express,silver,19933,2021-10-09
2085,4057,express,bronze,4934,2022-11-22
2086,4059,flagship,bronze,6836,2024-12-03
2087,4061,online,bronze,24069,2024-12-29
2088,4062,standard,silver,48036,2026-05-11
2089,4064,express,bronze,32951,2025-05-15
2090,4065,flagship,bronze,48071,2021-01-26
2091,4065,standard,bronze,41521,2020-11-11
2092,4069,express,platinum,10302,2019-07-09
2093,4069,standard,bronze,46754,2023-05-15
2094,4070,standard,silver,4918,2021-12-08
2095,4071,online,bronze,9534,2020-04-29
2096,4072,standard,silver,145,2021-12-04
2097,4077,standard,bronze,45239,2023-03-03
2098,4079,express,bronze,16811,2026-01-12
2099,4080,express,bronze,16395,2025-12-08
2100,4084,express,silver,3274,2023-06-07
2101,4085,online,bronze,45661,2021-05-15
2102,4089,flagship,silver,25378,2020-07-26
2103,4091,express,bronze,40200,2022-06-14
2104,4092,standard,silver,45661,2023-06-14
2105,4095,standard,bronze,21163,2019-01-04
2106,4096,express,silver,26872,2021-06-15
2107,4097,flagship,bronze,28016,2026-01-06
2108,4099,flagship,bronze,47148,2024-03-22
2109,4101,online,silver,16858,2021-04-16
2110,4104,online,bronze,16857,2020-04-14
2111,4110,standard,silver,9162,2019-02-24
2112,4114,standard,gold,3743,2023-09-25
2113,4120,standard,bronze,28088,2020-01-27
2114,4122,standard,bronze,34795,2024-11-21
2115,4124,online,bronze,26699,2022-09-11
2116,4126,standard,bronze,6880,2026-03-01
2117,4127,online,silver,39062,2020-02-20
2118,4129,flagship,bronze,6769,2023-07-29
2119,4131,express,gold,13550,2023-03-07
2120,4132,flagship,bronze,42235,2019-01-26
2121,4133,flagship,bronze,7625,2026-04-08
2122,4137,standard,bronze,17756,2023-07-30
2123,4140,standard,bronze,35041,2021-04-13
2124,4144,standard,silver,29822,2023-05-24
2125,4149,flagship,bronze,48657,2020-08-23
2126,4154,standard,silver,49348,2022-04-18
2127,4157,standard,silver,30605,2019-01-21
2128,4158,standard,bronze,44274,2024-06-02
2129,4159,express,silver,28453,2022-09-08
2130,4161,flagship,bronze,25869,2023-11-17
2131,4162,standard,bronze,49,2019-05-31
2132,4163,flagship,silver,34180,2024-08-26
2133,4164,express,bronze,35279,2021-08-12
2134,4165,express,silver,23352,2025-02-28
2135,4166,online,gold,42136,2020-07-26
2136,4169,flagship,silver,28682,2021-01-28
2137,4171,standard,bronze,9849,2023-06-19
2138,4172,flagship,bronze,32226,2023-08-22
2139,4172,online,silver,46466,2024-09-05
2140,4176,online,bronze,1710,2024-01-03
2141,4178,flagship,silver,29413,2025-10-27
2142,4179,express,bronze,9792,2025-11-28
2143,4179,online,bronze,45775,2020-12-31
2144,4183,flagship,bronze,17370,2020-02-29
2145,4184,express,bronze,40856,2023-06-08
2146,4188,flagship,bronze,2022,2019-04-08
2147,4190,flagship,silver,39364,2019-05-13
2148,4190,online,gold,43159,2023-01-11
2149,4195,standard,bronze,7496,2019-06-15
2150,4195,express,silver,29708,2019-10-13
2151,4196,standard,silver,6931,2023-07-31
2152,4198,online,bronze,10842,2021-12-19
2153,4199,flagship,bronze,18960,2023-07-24
2154,4203,flagship,bronze,23635,2021-11-01
2155,4204,standard,bronze,19194,2021-02-04
2156,4212,express,bronze,33994,2024-10-07
2157,4212,online,silver,20313,2019-09-22
2158,4215,standard,bronze,39328,2026-04-03
2159,4215,online,silver,40838,2022-03-21
2160,4224,standard,platinum,17182,2020-02-07
2161,4225,express,silver,4871,2023-05-20
2162,4226,online,bronze,7684,2022-09-04
2163,4228,standard,platinum,48156,2022-03-23
2164,4236,online,silver,32612,2019-07-01
2165,4237,standard,bronze,43986,2019-10-14
2166,4239,flagship,silver,19805,2022-03-04
2167,4241,flagship,platinum,2143,2019-11-21
2168,4243,online,platinum,11861,2020-08-05
2169,4247,online,bronze,4125,2019-11-02
2170,4249,flagship,bronze,19901,2021-02-24
2171,4250,online,bronze,13393,2025-07-13
2172,4251,express,platinum,2853,2019-01-03
2173,4252,online,bronze,25292,2026-05-20
2174,4254,online,bronze,889,2022-03-15
2175,4256,online,bronze,29781,2020-02-03
2176,4256,flagship,bronze,2807,2019-10-11
2177,4257,online,platinum,22152,2021-02-19
2178,4259,standard,gold,4632,2020-01-27
2179,4261,flagship,bronze,6088,2020-03-08
2180,4262,express,gold,44741,2019-11-14
2181,4264,standard,gold,7038,2022-07-01
2182,4266,standard,bronze,22074,2021-02-15
2183,4267,flagship,bronze,42405,2022-04-28
2184,4270,online,silver,4754,2019-03-03
2185,4272,flagship,silver,118,2021-01-28
2186,4272,standard,silver,28351,2019-07-04
2187,4273,flagship,platinum,48223,2019-09-20
2188,4276,online,bronze,15911,2019-08-13
2189,4279,express,gold,27258,2026-01-03
2190,4280,flagship,bronze,24689,2022-05-15
2191,4281,express,gold,16312,2024-09-02
2192,4281,online,gold,38998,2019-05-19
2193,4282,standard,gold,31466,2024-03-17
2194,4284,standard,gold,43568,2025-04-22
2195,4285,standard,bronze,44949,2020-11-20
2196,4286,flagship,bronze,16926,2025-07-12
2197,4287,standard,bronze,38198,2025-12-11
2198,4288,standard,bronze,37060,2022-10-07
2199,4289,standard,bronze,16504,2025-03-16
2200,4290,standard,bronze,44385,2025-08-11
2201,4293,express,gold,39238,2023-11-03
2202,4293,online,silver,19691,2023-03-11
2203,4294,flagship,bronze,3581,2025-04-30
2204,4296,standard,gold,2709,2019-01-09
2205,4301,express,bronze,9233,2020-11-28
2206,4302,express,bronze,19937,2019-09-14
2207,4303,express,gold,14179,2021-07-20
2208,4303,online,bronze,21760,2021-12-07
2209,4305,online,platinum,42135,2021-03-28
2210,4307,express,bronze,36800,2019-10-21
2211,4308,online,bronze,7469,2019-03-23
2212,4308,flagship,bronze,46317,2025-08-28
2213,4313,standard,bronze,39776,2021-08-26
2214,4314,standard,bronze,34006,2019-01-17
2215,4314,express,silver,5651,2021-12-31
2216,4317,standard,gold,26817,2024-09-15
2217,4320,standard,silver,4105,2024-05-07
2218,4323,express,bronze,43208,2019-08-22
2219,4324,flagship,bronze,41527,2019-09-14
2220,4325,flagship,platinum,10967,2024-01-28
2221,4326,flagship,bronze,30145,2023-09-18
2222,4326,online,bronze,29328,2021-07-28
2223,4328,standard,bronze,42204,2023-04-25
2224,4333,standard,silver,19569,2022-04-29
2225,4334,express,bronze,47907,2022-05-04
2226,4336,flagship,bronze,18684,2024-01-04
2227,4338,online,gold,18565,2025-07-01
2228,4339,express,bronze,12647,2021-05-20
2229,4342,flagship,gold,40292,2026-02-01
2230,4347,online,silver,33342,2019-10-30
2231,4347,standard,bronze,25473,2024-03-26
2232,4349,online,bronze,14079,2023-06-19
2233,4351,standard,bronze,3262,2024-03-27
2234,4352,flagship,bronze,41500,2019-07-04
2235,4355,online,gold,7109,2024-08-24
2236,4358,online,gold,42598,2021-11-10
2237,4359,standard,gold,14757,2023-03-29
2238,4365,flagship,bronze,45155,2019-05-13
2239,4365,express,bronze,9941,2025-07-17
2240,4366,online,silver,21828,2025-03-09
2241,4366,express,bronze,47931,2025-06-19
2242,4368,flagship,bronze,43220,2026-03-01
2243,4368,online,bronze,28642,2020-05-04
2244,4370,online,platinum,23717,2025-05-03
2245,4370,flagship,bronze,35069,2020-02-23
2246,4372,express,bronze,27770,2021-11-27
2247,4376,standard,gold,43712,2024-06-27
2248,4377,express,bronze,3278,2019-11-11
2249,4382,express,gold,31384,2020-05-10
2250,4383,standard,platinum,13667,2021-03-17
2251,4395,standard,gold,1663,2025-01-23
2252,4396,online,bronze,21163,2023-10-24
2253,4399,online,silver,36405,2022-07-16
2254,4400,online,silver,19,2023-04-11
2255,4400,standard,bronze,28237,2025-11-19
2256,4402,standard,gold,48669,2023-05-12
2257,4404,flagship,silver,14033,2025-03-01
2258,4405,standard,silver,34445,2019-09-23
2259,4406,online,gold,24938,2025-08-31
2260,4410,standard,silver,3492,2019-03-22
2261,4411,express,bronze,26902,2020-03-15
2262,4414,flagship,bronze,36057,2022-07-04
2263,4414,standard,silver,46262,2023-11-18
2264,4415,express,gold,29569,2021-02-06
2265,4419,online,bronze,5142,2021-09-22
2266,4421,express,silver,36573,2023-10-11
2267,4421,standard,gold,18961,2022-03-09
2268,4422,express,platinum,22000,2022-08-14
2269,4423,flagship,bronze,3861,2025-01-16
2270,4425,online,silver,31563,2020-08-29
2271,4425,standard,bronze,3567,2021-07-01
2272,4427,online,gold,41627,2020-11-05
2273,4431,flagship,gold,33981,2020-12-04
2274,4432,online,silver,11780,2023-08-15
2275,4433,flagship,silver,12169,2024-06-01
2276,4433,online,bronze,17799,2024-01-01
2277,4434,online,bronze,49087,2019-07-12
2278,4435,express,bronze,11191,2019-10-28
2279,4435,online,silver,11612,2019-07-17
2280,4438,standard,bronze,15979,2025-10-24
2281,4439,flagship,silver,26106,2026-06-18
2282,4442,flagship,bronze,30742,2019-06-05
2283,4444,express,silver,21237,2020-08-30
2284,4444,standard,bronze,7524,2021-03-02
2285,4446,online,bronze,457,2024-11-08
2286,4447,express,bronze,1715,2020-02-27
2287,4448,flagship,gold,20967,2020-04-29
2288,4449,express,bronze,17001,2023-11-30
2289,4453,online,silver,28462,2021-01-10
2290,4455,standard,bronze,12497,2024-05-15
2291,4455,flagship,bronze,2564,2025-11-07
2292,4456,standard,bronze,18083,2024-04-12
2293,4457,express,bronze,30024,2025-02-01
2294,4458,standard,bronze,42334,2023-11-02
2295,4459,flagship,silver,5695,2022-04-29
2296,4463,express,silver,2806,2020-10-29
2297,4467,standard,bronze,41576,2024-09-12
2298,4469,online,bronze,43252,2021-02-28
2299,4470,online,bronze,3418,2021-03-23
2300,4472,express,bronze,18286,2019-07-17
2301,4472,flagship,gold,1442,2025-06-06
2302,4475,online,bronze,33533,2019-12-08
2303,4476,express,bronze,15707,2023-10-31
2304,4477,flagship,silver,5049,2020-02-24
2305,4477,online,bronze,23905,2022-02-04
2306,4480,online,silver,31156,2022-06-16
2307,4483,standard,silver,48677,2022-11-02
2308,4487,flagship,silver,39231,2026-03-14
2309,4489,standard,gold,45918,2019-12-04
2310,4491,online,bronze,9892,2023-12-23
2311,4492,standard,gold,15087,2024-05-30
2312,4496,standard,bronze,36813,2024-07-27
2313,4503,express,bronze,34303,2020-08-06
2314,4509,express,silver,44258,2019-03-14
2315,4509,flagship,silver,29411,2022-07-10
2316,4511,online,bronze,2795,2024-08-25
2317,4516,online,silver,48649,2023-08-14
2318,4518,flagship,bronze,17511,2025-02-16
2319,4519,express,bronze,28402,2025-02-10
2320,4522,express,bronze,33869,2022-03-20
2321,4524,online,bronze,19577,2020-07-01
2322,4524,express,bronze,34095,2025-07-16
2323,4526,online,gold,14364,2019-04-16
2324,4531,flagship,bronze,11546,2021-01-27
2325,4535,online,bronze,45688,2023-12-11
2326,4538,standard,gold,1293,2021-07-31
2327,4539,online,bronze,26967,2025-07-23
2328,4542,express,bronze,30785,2025-05-31
2329,4543,online,silver,22065,2023-05-22
2330,4547,flagship,bronze,31232,2022-09-18
2331,4548,standard,gold,20751,2026-02-26
2332,4549,flagship,silver,40324,2020-11-05
2333,4555,online,bronze,33001,2026-05-30
2334,4556,standard,bronze,8853,2023-01-18
2335,4557,online,platinum,25822,2026-05-18
2336,4557,standard,bronze,10868,2022-07-07
2337,4558,express,bronze,31783,2020-01-22
2338,4559,standard,bronze,14186,2022-09-20
2339,4562,online,bronze,12859,2025-10-25
2340,4565,express,bronze,48492,2022-10-17
2341,4567,standard,bronze,40134,2021-07-04
2342,4571,online,bronze,1479,2022-08-18
2343,4572,standard,bronze,18665,2021-05-26
2344,4575,flagship,silver,45269,2025-02-27
2345,4576,flagship,silver,36107,2021-08-11
2346,4577,online,silver,37516,2024-02-28
2347,4578,express,bronze,32280,2025-05-03
2348,4583,standard,bronze,31120,2025-03-31
2349,4583,express,gold,14984,2020-11-30
2350,4584,express,bronze,8050,2025-07-12
2351,4585,standard,bronze,25265,2022-10-01
2352,4589,flagship,bronze,46560,2025-07-13
2353,4590,standard,gold,1124,2023-11-08
2354,4591,standard,bronze,37678,2020-04-26
2355,4592,online,silver,47905,2019-06-24
2356,4593,online,silver,5136,2019-07-04
2357,4596,flagship,silver,11628,2024-02-14
2358,4601,express,bronze,35397,2021-02-01
2359,4604,online,silver,30185,2024-05-06
2360,4605,express,silver,44233,2021-11-02
2361,4615,online,bronze,4398,2025-08-28
2362,4616,online,silver,49591,2024-03-21
2363,4621,standard,bronze,22452,2026-02-11
2364,4622,online,bronze,49762,2023-02-02
2365,4623,standard,bronze,5781,2020-09-28
2366,4624,standard,bronze,13055,2020-05-01
2367,4629,standard,bronze,32228,2023-06-04
2368,4631,express,bronze,45110,2025-06-25
2369,4637,express,silver,48832,2021-01-27
2370,4638,online,bronze,40500,2025-07-03
2371,4641,online,silver,29889,2019-11-04
2372,4643,standard,silver,12783,2021-08-10
2373,4644,online,bronze,28828,2021-01-21
2374,4646,express,bronze,154,2025-01-08
2375,4647,standard,gold,12992,2025-09-07
2376,4650,online,bronze,41639,2025-11-14
2377,4650,express,bronze,16248,2019-12-29
2378,4651,standard,silver,32008,2024-03-24
2379,4651,flagship,bronze,13443,2025-09-22
2380,4654,online,bronze,17965,2022-05-05
2381,4657,express,silver,784,2025-08-25
2382,4659,flagship,bronze,37729,2025-07-01
2383,4663,express,bronze,13675,2026-01-17
2384,4669,flagship,silver,37448,2023-03-21
2385,4669,online,silver,44778,2024-03-18
2386,4671,flagship,silver,20807,2025-09-05
2387,4673,flagship,bronze,42160,2022-02-15
2388,4673,standard,bronze,44059,2019-02-24
2389,4675,express,silver,16958,2026-02-02
2390,4676,express,bronze,14112,2024-05-21
2391,4676,online,bronze,468,2021-11-16
2392,4677,online,gold,22716,2026-01-24
2393,4677,flagship,silver,29564,2019-01-27
2394,4680,express,bronze,18238,2021-02-01
2395,4680,flagship,bronze,45792,2025-09-08
2396,4684,flagship,bronze,26487,2025-07-16
2397,4686,flagship,bronze,32445,2025-03-27
2398,4687,express,bronze,19027,2025-04-14
2399,4688,express,bronze,11913,2023-05-15
2400,4691,online,bronze,3978,2020-03-07
2401,4691,standard,bronze,39714,2023-10-22
2402,4695,online,silver,40903,2022-01-12
2403,4700,express,silver,30523,2026-02-17
2404,4702,express,bronze,8759,2021-07-27
2405,4703,standard,gold,28401,2025-02-18
2406,4705,standard,bronze,29489,2019-05-27
2407,4707,flagship,bronze,34425,2025-09-06
2408,4708,standard,silver,49177,2022-10-13
2409,4711,express,platinum,21693,2020-01-25
2410,4714,standard,gold,21102,2019-02-05
2411,4716,online,bronze,11467,2019-06-14
2412,4717,express,gold,41142,2026-03-21
2413,4719,standard,bronze,42856,2019-08-17
2414,4719,online,silver,32874,2020-12-14
2415,4724,express,silver,11358,2020-03-03
2416,4725,standard,bronze,8817,2024-06-28
2417,4727,standard,silver,41491,2021-09-25
2418,4728,express,silver,18834,2019-06-25
2419,4729,standard,bronze,11438,2020-08-27
2420,4730,standard,bronze,10710,2025-07-17
2421,4730,express,bronze,37248,2023-07-21
2422,4731,express,silver,22436,2024-10-25
2423,4733,express,silver,13383,2020-09-09
2424,4734,flagship,gold,4207,2024-07-05
2425,4737,online,silver,20184,2022-02-16
2426,4738,flagship,bronze,20716,2025-02-26
2427,4740,flagship,bronze,22341,2026-06-07
2428,4741,online,bronze,30122,2025-05-11
2429,4741,express,gold,31089,2019-06-19
2430,4743,standard,silver,18981,2021-06-02
2431,4745,flagship,silver,37535,2023-11-15
2432,4748,express,silver,46222,2019-02-10
2433,4749,express,silver,18153,2023-11-06
2434,4749,standard,bronze,4126,2023-09-08
2435,4750,standard,bronze,23498,2024-10-26
2436,4751,flagship,bronze,32630,2021-05-25
2437,4760,flagship,silver,20759,2023-02-05
2438,4761,express,silver,6003,2024-09-29
2439,4762,standard,bronze,46022,2026-01-17
2440,4762,express,bronze,18266,2021-09-27
2441,4767,standard,silver,10034,2024-10-15
2442,4775,online,bronze,11547,2021-02-26
2443,4776,standard,bronze,32979,2021-02-10
2444,4778,flagship,bronze,42661,2022-08-15
2445,4779,flagship,bronze,23149,2026-05-25
2446,4779,online,platinum,23547,2020-12-02
2447,4780,flagship,bronze,37195,2021-02-18
2448,4780,online,silver,31374,2021-02-09
2449,4781,standard,silver,28807,2020-01-21
2450,4782,online,silver,24550,2019-04-18
2451,4784,express,bronze,20624,2023-02-26
2452,4785,express,gold,31410,2025-04-15
2453,4788,flagship,gold,7144,2022-12-14
2454,4792,flagship,bronze,36997,2024-05-13
2455,4796,standard,bronze,23576,2025-11-08
2456,4797,flagship,gold,41032,2025-09-22
2457,4799,flagship,silver,18470,2024-08-14
2458,4801,express,platinum,37462,2021-02-13
2459,4804,standard,bronze,4382,2024-11-25
2460,4806,express,bronze,33424,2025-09-25
2461,4807,standard,gold,32433,2019-08-16
2462,4807,flagship,bronze,30428,2021-08-12
2463,4808,express,gold,41048,2021-08-23
2464,4809,online,bronze,34033,2022-11-09
2465,4814,express,bronze,42614,2025-04-13
2466,4816,online,silver,29637,2023-10-29
2467,4817,standard,silver,19828,2021-09-12
2468,4818,standard,silver,41260,2021-05-08
2469,4820,flagship,bronze,19614,2019-05-23
2470,4821,standard,silver,28870,2025-06-09
2471,4821,online,silver,14597,2023-11-13
2472,4823,express,bronze,5387,2021-09-13
2473,4826,flagship,silver,24490,2026-01-11
2474,4827,express,bronze,34569,2020-05-09
2475,4829,standard,silver,36098,2025-07-02
2476,4830,flagship,bronze,45862,2022-05-07
2477,4836,online,bronze,38086,2026-06-23
2478,4836,standard,bronze,1885,2025-06-13
2479,4838,standard,bronze,27566,2024-12-07
2480,4846,online,bronze,21253,2024-04-26
2481,4851,express,silver,16086,2025-12-27
2482,4854,express,silver,26685,2022-11-19
2483,4854,standard,silver,47385,2021-12-27
2484,4856,express,platinum,36073,2025-01-28
2485,4859,online,platinum,21614,2022-06-24
2486,4861,flagship,silver,15706,2024-04-26
2487,4863,online,gold,48898,2025-05-15
2488,4863,flagship,bronze,39762,2021-11-03
2489,4865,flagship,bronze,14187,2022-01-11
2490,4866,express,platinum,47737,2023-06-11
2491,4866,standard,bronze,10106,2024-04-26
2492,4867,flagship,gold,40430,2021-03-29
2493,4868,express,bronze,8595,2020-07-30
2494,4868,flagship,silver,26957,2024-07-23
2495,4875,flagship,bronze,41245,2019-08-06
2496,4881,standard,bronze,32075,2024-05-05
2497,4883,standard,gold,30757,2025-07-23
2498,4884,express,bronze,32931,2025-11-24
2499,4885,express,silver,30424,2021-02-09
2500,4889,express,silver,17684,2022-02-18
2501,4891,online,silver,24985,2024-05-11
2502,4891,flagship,silver,27644,2025-07-06
2503,4892,online,bronze,24107,2020-01-17
2504,4894,flagship,platinum,612,2019-11-04
2505,4897,flagship,silver,2057,2020-06-08
2506,4898,express,bronze,7219,2024-01-22
2507,4899,flagship,bronze,44008,2019-08-30
2508,4906,standard,bronze,1756,2022-03-30
2509,4907,online,silver,33511,2025-12-05
2510,4908,express,platinum,39887,2022-09-26
2511,4910,express,bronze,47373,2026-05-26
2512,4912,flagship,bronze,40061,2020-11-15
2513,4914,express,silver,18386,2019-07-23
2514,4914,online,silver,32041,2019-06-07
2515,4916,online,silver,288,2019-04-15
2516,4918,flagship,silver,16456,2019-10-23
2517,4919,flagship,bronze,25467,2023-11-13
2518,4922,standard,silver,15601,2023-11-30
2519,4923,standard,bronze,15070,2025-03-19
2520,4924,online,bronze,5240,2022-04-19
2521,4924,standard,bronze,37914,2024-03-11
2522,4925,flagship,bronze,3313,2025-10-01
2523,4927,online,silver,19055,2026-01-13
2524,4929,standard,silver,44447,2021-02-25
2525,4932,standard,silver,7459,2021-02-18
2526,4934,online,gold,7589,2021-12-07
2527,4935,online,silver,45755,2025-05-13
2528,4935,flagship,silver,27196,2024-08-03
2529,4937,flagship,bronze,27711,2023-03-17
2530,4940,flagship,silver,16587,2021-07-25
2531,4945,standard,bronze,23574,2025-05-18
2532,4945,flagship,gold,12423,2025-09-18
2533,4948,express,bronze,34726,2023-02-15
2534,4952,express,silver,37789,2021-12-14
2535,4956,express,bronze,22739,2023-10-20
2536,4957,online,silver,9995,2020-06-01
2537,4958,standard,silver,39044,2025-09-06
2538,4961,flagship,bronze,9695,2024-07-27
2539,4965,express,gold,31673,2019-05-18
2540,4965,standard,bronze,44246,2019-05-03
2541,4966,standard,bronze,35316,2021-07-10
2542,4967,standard,bronze,34510,2020-11-19
2543,4968,standard,silver,48107,2021-11-08
2544,4969,flagship,bronze,19531,2022-06-03
2545,4970,flagship,bronze,8031,2023-06-30
2546,4975,express,platinum,21145,2024-08-24
2547,4983,express,bronze,46502,2024-03-18
2548,4985,express,bronze,36564,2020-02-13
2549,4987,flagship,silver,45261,2021-10-17
2550,4987,express,platinum,1825,2024-03-15
2551,4989,standard,bronze,26021,2019-11-16
2552,4994,standard,silver,22573,2025-09-10
2553,5003,standard,gold,15618,2021-11-29
2554,5005,express,gold,27882,2024-09-10
2555,5009,standard,platinum,37446,2024-07-24
2556,5014,standard,bronze,25525,2020-04-23
2557,5015,standard,platinum,25494,2023-06-28
2558,5016,online,silver,2920,2021-07-05
2559,5016,flagship,bronze,1106,2019-08-31
2560,5018,standard,bronze,12320,2022-07-12
2561,5020,online,gold,9150,2021-12-15
2562,5023,online,bronze,7461,2024-02-24
2563,5024,express,bronze,9049,2025-11-02
2564,5026,online,bronze,41959,2025-05-08
2565,5026,flagship,gold,12548,2020-06-11
2566,5029,standard,bronze,27302,2020-02-10
2567,5029,flagship,bronze,41805,2025-04-19
2568,5030,flagship,silver,23424,2022-10-28
2569,5030,online,silver,25614,2022-10-07
2570,5032,standard,bronze,22955,2026-02-06
2571,5033,express,gold,2577,2024-02-21
2572,5034,flagship,bronze,17774,2025-02-28
2573,5036,online,bronze,49270,2024-12-16
2574,5038,express,bronze,28514,2019-03-17
2575,5039,flagship,platinum,46203,2020-01-25
2576,5042,flagship,bronze,30592,2020-02-25
2577,5042,express,bronze,15883,2023-05-01
2578,5046,online,bronze,15152,2020-12-07
2579,5046,standard,bronze,5443,2021-01-17
2580,5048,standard,bronze,42276,2024-03-03
2581,5053,flagship,platinum,31834,2020-10-10
2582,5056,flagship,silver,45311,2024-10-07
2583,5058,express,bronze,3447,2023-07-14
2584,5059,standard,bronze,9101,2022-01-10
2585,5061,standard,bronze,44635,2023-10-17
2586,5067,standard,bronze,31914,2019-10-01
2587,5068,flagship,gold,5260,2019-11-13
2588,5072,standard,bronze,26142,2026-06-02
2589,5075,flagship,bronze,36509,2026-05-18
2590,5078,flagship,platinum,36869,2023-06-22
2591,5081,online,bronze,952,2020-12-04
2592,5081,express,silver,33900,2023-08-22
2593,5085,express,gold,48679,2021-09-14
2594,5086,online,silver,26016,2022-07-17
2595,5094,express,bronze,7352,2022-01-15
2596,5097,standard,gold,33800,2022-07-16
2597,5103,express,bronze,25151,2022-01-17
2598,5104,flagship,gold,26903,2024-04-17
2599,5108,online,bronze,14877,2023-10-08
2600,5109,flagship,bronze,47702,2022-09-13
2601,5110,flagship,silver,310,2022-05-21
2602,5114,flagship,silver,5050,2023-08-30
2603,5114,express,bronze,7124,2023-08-26
2604,5118,express,bronze,12772,2023-03-11
2605,5119,online,gold,23971,2021-06-10
2606,5121,standard,silver,28783,2025-04-04
2607,5125,flagship,silver,20212,2020-01-17
2608,5126,express,bronze,44866,2021-12-17
2609,5127,flagship,bronze,37423,2025-03-06
2610,5129,online,bronze,19873,2025-11-25
2611,5136,flagship,silver,35933,2023-06-18
2612,5138,online,bronze,24981,2023-08-12
2613,5142,online,bronze,23736,2021-12-15
2614,5144,standard,gold,4652,2023-01-25
2615,5145,online,bronze,41312,2023-02-04
2616,5146,express,bronze,6781,2025-08-24
2617,5147,standard,bronze,7507,2025-09-21
2618,5159,standard,silver,18699,2019-01-18
2619,5167,online,silver,40043,2025-03-10
2620,5169,express,gold,8105,2024-05-17
2621,5170,express,silver,11091,2019-02-28
2622,5170,flagship,bronze,38981,2022-07-06
2623,5173,standard,bronze,24018,2021-08-24
2624,5175,express,bronze,26175,2021-11-27
2625,5176,express,bronze,10913,2020-08-26
2626,5176,online,bronze,16987,2025-10-16
2627,5179,standard,bronze,42290,2023-02-03
2628,5181,express,bronze,34340,2021-10-03
2629,5184,flagship,bronze,32916,2020-01-24
2630,5190,express,bronze,18905,2022-01-05
2631,5193,express,bronze,46376,2022-10-15
2632,5193,standard,silver,42400,2020-10-27
2633,5194,express,bronze,14256,2020-01-06
2634,5195,flagship,bronze,19957,2025-03-17
2635,5197,express,bronze,11874,2023-11-18
2636,5201,online,bronze,43867,2023-06-15
2637,5207,standard,silver,23963,2022-12-16
2638,5213,flagship,bronze,4145,2024-09-01
2639,5214,flagship,platinum,35688,2025-03-24
2640,5216,standard,gold,8146,2021-06-27
2641,5217,online,bronze,20988,2025-08-08
2642,5220,online,silver,31061,2025-07-12
2643,5220,flagship,bronze,22086,2025-08-06
2644,5221,standard,silver,12972,2020-11-26
2645,5225,flagship,bronze,17264,2022-08-03
2646,5229,standard,silver,9274,2019-02-02
2647,5230,express,bronze,39814,2025-04-22
2648,5237,express,silver,22979,2022-11-15
2649,5239,online,gold,19086,2026-04-27
2650,5241,flagship,gold,38013,2021-09-30
2651,5241,online,bronze,30438,2021-03-16
2652,5242,flagship,bronze,47021,2024-11-02
2653,5247,express,gold,33345,2023-10-28
2654,5247,flagship,bronze,31830,2019-11-06
2655,5250,online,bronze,17879,2023-06-30
2656,5251,online,bronze,49881,2022-10-06
2657,5251,express,bronze,40740,2023-07-01
2658,5252,online,bronze,35272,2019-07-20
2659,5253,express,silver,34003,2022-03-30
2660,5254,standard,silver,37724,2026-02-04
2661,5257,online,bronze,46991,2024-07-12
2662,5258,standard,bronze,9044,2025-07-06
2663,5261,express,gold,9986,2021-02-26
2664,5263,express,silver,40416,2024-09-07
2665,5266,online,silver,49642,2023-10-08
2666,5267,flagship,bronze,45625,2020-01-12
2667,5268,flagship,gold,13477,2024-07-27
2668,5269,online,silver,39167,2021-07-28
2669,5272,flagship,silver,1892,2022-06-15
2670,5274,express,platinum,22891,2024-09-16
2671,5275,flagship,silver,48151,2022-06-23
2672,5278,online,gold,28184,2025-11-06
2673,5280,online,bronze,36555,2023-06-14
2674,5280,flagship,silver,30087,2019-07-25
2675,5281,flagship,bronze,10868,2021-11-13
2676,5282,online,bronze,6409,2025-07-23
2677,5283,express,bronze,905,2023-03-05
2678,5284,express,silver,33980,2024-06-30
2679,5286,flagship,bronze,4409,2019-04-22
2680,5287,express,silver,39346,2023-04-01
2681,5287,online,silver,202,2026-02-01
2682,5288,online,bronze,7130,2024-06-20
2683,5289,express,bronze,21585,2023-07-06
2684,5290,flagship,bronze,27679,2023-03-05
2685,5292,online,silver,25138,2023-03-13
2686,5294,flagship,gold,29331,2024-05-28
2687,5296,flagship,bronze,11377,2024-04-10
2688,5297,express,silver,33895,2019-11-19
2689,5302,express,bronze,24824,2019-12-28
2690,5307,online,bronze,25208,2024-07-06
2691,5307,flagship,silver,11065,2022-12-05
2692,5308,online,bronze,42981,2019-08-10
2693,5311,express,silver,47259,2025-02-23
2694,5317,standard,silver,46611,2022-12-08
2695,5318,express,bronze,23163,2021-08-01
2696,5319,express,silver,21092,2025-07-18
2697,5320,flagship,bronze,26266,2019-04-06
2698,5321,flagship,bronze,38533,2025-09-12
2699,5322,online,bronze,30778,2019-08-01
2700,5324,online,bronze,18347,2022-03-20
2701,5326,flagship,bronze,3647,2021-11-13
2702,5327,flagship,platinum,19714,2022-02-20
2703,5328,online,silver,49940,2019-09-02
2704,5331,online,gold,40410,2026-04-02
2705,5331,standard,silver,34319,2019-05-04
2706,5332,express,bronze,20907,2024-03-29
2707,5333,flagship,silver,49444,2025-04-21
2708,5334,online,silver,33359,2023-01-13
2709,5335,express,bronze,45963,2023-06-08
2710,5337,flagship,silver,12373,2020-01-12
2711,5338,express,silver,24391,2025-02-01
2712,5341,standard,platinum,27978,2023-04-29
2713,5344,online,bronze,22439,2022-11-13
2714,5346,standard,platinum,43676,2024-01-29
2715,5354,standard,bronze,38342,2022-08-03
2716,5358,flagship,silver,32464,2026-04-24
2717,5360,flagship,silver,11273,2026-06-07
2718,5363,standard,bronze,44421,2021-07-19
2719,5364,online,bronze,19361,2023-08-18
2720,5367,online,gold,38486,2023-08-01
2721,5368,flagship,bronze,12701,2024-08-12
2722,5370,express,silver,6442,2020-04-08
2723,5372,online,bronze,44245,2021-05-28
2724,5374,online,bronze,6565,2023-01-06
2725,5374,standard,bronze,1885,2021-03-22
2726,5376,flagship,silver,17077,2021-01-31
2727,5376,express,gold,49943,2023-05-26
2728,5378,online,bronze,800,2026-04-11
2729,5378,standard,silver,28146,2025-08-10
2730,5382,express,gold,7656,2025-04-29
2731,5386,flagship,bronze,21356,2022-09-28
2732,5388,standard,gold,11322,2026-04-27
2733,5389,express,bronze,2736,2025-05-28
2734,5390,standard,bronze,4195,2024-11-07
2735,5391,standard,bronze,3878,2024-11-21
2736,5392,standard,bronze,43936,2019-10-06
2737,5392,flagship,silver,25702,2019-02-14
2738,5393,express,gold,16549,2021-07-21
2739,5393,online,silver,35484,2021-10-29
2740,5394,express,bronze,40695,2020-07-26
2741,5395,online,gold,38115,2022-06-17
2742,5397,online,silver,2367,2019-05-23
2743,5399,express,silver,13684,2019-03-15
2744,5405,online,bronze,47919,2024-10-29
2745,5409,express,bronze,48777,2023-07-14
2746,5410,standard,bronze,39685,2023-07-21
2747,5412,standard,bronze,32093,2023-09-09
2748,5413,flagship,silver,20863,2023-11-04
2749,5413,online,gold,21388,2023-01-06
2750,5414,standard,bronze,48225,2019-08-14
2751,5417,express,bronze,14981,2024-03-05
2752,5418,standard,bronze,1068,2020-03-26
2753,5421,express,silver,44181,2023-02-13
2754,5421,online,silver,13165,2023-04-24
2755,5423,online,bronze,8583,2019-11-15
2756,5428,flagship,silver,38887,2020-10-13
2757,5429,standard,gold,35972,2024-08-03
2758,5429,express,gold,8919,2021-08-04
2759,5432,standard,silver,46107,2021-12-12
2760,5433,flagship,bronze,9498,2020-02-27
2761,5434,standard,bronze,24171,2020-03-17
2762,5436,express,bronze,31298,2024-02-29
2763,5437,standard,platinum,16589,2025-07-06
2764,5439,flagship,bronze,47371,2024-05-01
2765,5440,express,gold,47870,2025-01-07
2766,5442,standard,silver,10496,2023-02-28
2767,5443,standard,bronze,5479,2021-07-09
2768,5446,standard,bronze,27528,2023-01-25
2769,5447,flagship,silver,9432,2020-04-08
2770,5448,online,platinum,46550,2023-04-12
2771,5450,flagship,bronze,12307,2022-12-03
2772,5453,online,gold,1416,2026-01-08
2773,5454,express,bronze,6042,2022-06-10
2774,5455,express,bronze,18378,2021-08-10
2775,5457,express,silver,48676,2022-10-06
2776,5461,express,bronze,5387,2021-06-13
2777,5462,standard,bronze,46577,2020-02-01
2778,5463,online,bronze,42563,2023-12-21
2779,5463,flagship,bronze,17912,2021-01-01
2780,5465,flagship,bronze,3023,2020-08-23
2781,5467,flagship,silver,36190,2022-10-07
2782,5468,flagship,silver,28511,2022-05-06
2783,5470,flagship,bronze,40333,2024-10-05
2784,5471,flagship,silver,12384,2023-10-07
2785,5474,standard,gold,13558,2020-01-24
2786,5475,flagship,silver,36210,2020-11-17
2787,5476,standard,bronze,32566,2020-06-10
2788,5478,express,bronze,20053,2023-10-26
2789,5479,standard,bronze,13893,2023-06-20
2790,5479,express,bronze,23940,2021-02-19
2791,5480,online,bronze,49769,2020-03-23
2792,5486,online,platinum,28449,2022-08-15
2793,5488,express,silver,45441,2019-03-23
2794,5488,flagship,silver,48875,2022-12-20
2795,5491,express,bronze,46944,2020-03-03
2796,5492,online,silver,14425,2022-03-21
2797,5493,express,silver,31927,2019-08-17
2798,5496,flagship,bronze,25177,2023-04-19
2799,5498,standard,bronze,41992,2019-08-01
2800,5499,flagship,bronze,30416,2026-02-02
2801,5500,standard,silver,28440,2023-06-11
2802,5501,flagship,gold,25544,2025-02-23
2803,5502,online,bronze,49772,2025-02-15
2804,5502,standard,silver,9026,2021-12-13
2805,5504,online,silver,42812,2025-09-10
2806,5505,online,bronze,46727,2024-09-13
2807,5505,standard,bronze,28792,2022-11-16
2808,5507,online,silver,2840,2019-02-11
2809,5508,online,bronze,35194,2025-02-05
2810,5510,online,gold,3381,2019-04-27
2811,5510,standard,gold,28077,2021-04-09
2812,5511,standard,bronze,37853,2021-07-29
2813,5513,flagship,silver,19361,2025-02-03
2814,5514,flagship,platinum,31907,2023-04-27
2815,5514,standard,silver,47901,2024-11-27
2816,5516,standard,bronze,34572,2022-09-23
2817,5517,express,gold,14713,2024-07-30
2818,5517,online,silver,31469,2020-02-20
2819,5519,standard,silver,21729,2021-06-01
2820,5520,online,bronze,5347,2026-05-28
2821,5522,online,silver,30017,2023-02-10
2822,5523,express,bronze,4067,2026-06-20
2823,5524,online,silver,1413,2026-05-24
2824,5525,standard,gold,36257,2022-11-21
2825,5527,express,bronze,19693,2019-02-08
2826,5528,online,bronze,45226,2024-12-25
2827,5533,standard,bronze,12120,2020-10-23
2828,5534,express,bronze,39081,2023-02-21
2829,5535,express,gold,11448,2022-12-24
2830,5540,standard,bronze,25928,2026-03-27
2831,5542,flagship,silver,46228,2020-02-26
2832,5543,online,gold,34239,2021-12-27
2833,5543,standard,bronze,1638,2025-03-09
2834,5544,flagship,gold,42215,2019-07-20
2835,5546,standard,silver,4622,2023-10-28
2836,5548,express,bronze,26723,2020-05-28
2837,5549,express,silver,47124,2025-04-16
2838,5552,flagship,silver,40235,2023-07-16
2839,5554,express,bronze,11023,2023-10-08
2840,5555,flagship,silver,4455,2022-07-15
2841,5555,standard,silver,7968,2021-08-28
2842,5556,online,bronze,27680,2024-06-21
2843,5557,express,bronze,9179,2019-12-24
2844,5561,online,silver,28367,2019-01-12
2845,5567,flagship,bronze,14614,2024-10-30
2846,5569,standard,silver,4370,2026-04-29
2847,5571,flagship,bronze,46734,2026-04-11
2848,5573,flagship,bronze,6314,2019-01-14
2849,5577,flagship,gold,46963,2020-01-15
2850,5578,online,gold,45894,2026-06-25
2851,5580,online,bronze,27928,2025-01-01
2852,5586,standard,bronze,33878,2025-10-04
2853,5587,flagship,silver,15727,2021-03-01
2854,5588,flagship,bronze,18495,2021-06-10
2855,5590,express,bronze,35457,2021-01-09
2856,5592,flagship,platinum,14569,2022-07-03
2857,5594,standard,gold,43304,2025-08-26
2858,5596,flagship,gold,8181,2026-05-25
2859,5599,express,bronze,13749,2022-01-29
2860,5602,express,silver,3699,2020-05-24
2861,5603,express,silver,41016,2025-07-15
2862,5607,express,bronze,19677,2020-10-06
2863,5607,online,platinum,42768,2021-03-12
2864,5615,flagship,bronze,11300,2024-02-21
2865,5619,express,bronze,5484,2023-03-11
2866,5619,flagship,bronze,27280,2020-07-17
2867,5620,flagship,bronze,42081,2026-01-02
2868,5622,flagship,bronze,1652,2019-09-18
2869,5623,express,bronze,34812,2020-01-28
2870,5623,online,silver,20339,2020-12-05
2871,5627,standard,silver,16278,2021-06-13
2872,5627,online,gold,46870,2020-07-31
2873,5631,standard,bronze,17859,2022-11-20
2874,5640,online,platinum,48053,2025-11-03
2875,5641,flagship,silver,4379,2019-06-20
2876,5641,standard,bronze,11480,2023-09-24
2877,5642,flagship,silver,33457,2024-06-21
2878,5645,online,silver,39910,2019-07-05
2879,5646,flagship,gold,49125,2023-08-19
2880,5648,online,bronze,6404,2020-07-28
2881,5649,express,bronze,45589,2023-08-05
2882,5649,flagship,silver,22109,2021-09-13
2883,5650,express,bronze,2061,2021-06-21
2884,5650,standard,gold,31744,2026-04-15
2885,5651,online,silver,35222,2026-04-04
2886,5652,standard,silver,30690,2021-10-31
2887,5652,online,bronze,5965,2021-03-26
2888,5653,flagship,bronze,43537,2021-02-20
2889,5654,flagship,bronze,16860,2021-12-11
2890,5654,online,bronze,31968,2021-09-13
2891,5656,flagship,silver,31951,2022-07-12
2892,5657,online,bronze,26361,2020-06-07
2893,5659,flagship,bronze,1721,2019-12-01
2894,5660,standard,silver,21659,2024-03-26
2895,5660,online,bronze,24329,2021-06-20
2896,5662,standard,silver,33632,2021-09-18
2897,5666,express,silver,45785,2021-01-15
2898,5668,standard,bronze,23038,2020-04-17
2899,5670,standard,bronze,19240,2021-08-30
2900,5675,flagship,silver,42436,2023-10-10
2901,5678,flagship,gold,43442,2024-03-24
2902,5679,flagship,bronze,47737,2025-08-10
2903,5680,flagship,bronze,36980,2025-07-02
2904,5680,express,bronze,42703,2019-06-08
2905,5682,flagship,bronze,17282,2021-01-29
2906,5683,flagship,platinum,19478,2026-02-22
2907,5684,express,silver,44239,2025-07-20
2908,5689,online,bronze,6095,2024-08-25
2909,5692,online,bronze,31966,2022-11-02
2910,5696,flagship,bronze,46796,2026-04-30
2911,5697,flagship,silver,37466,2025-08-08
2912,5697,standard,bronze,8106,2025-08-09
2913,5698,standard,silver,20938,2022-03-06
2914,5699,online,bronze,27283,2023-07-03
2915,5705,standard,bronze,28614,2025-02-14
2916,5706,flagship,silver,9083,2022-08-29
2917,5708,online,bronze,3122,2021-09-24
2918,5710,standard,bronze,48096,2020-02-12
2919,5710,online,platinum,21541,2023-01-19
2920,5713,express,bronze,347,2020-03-20
2921,5714,online,silver,41308,2022-07-31
2922,5714,flagship,bronze,14766,2023-08-23
2923,5718,online,bronze,42290,2019-06-27
2924,5721,online,bronze,33892,2019-02-18
2925,5721,flagship,silver,14707,2023-09-08
2926,5722,standard,gold,30708,2020-04-27
2927,5723,standard,bronze,39600,2022-04-04
2928,5724,online,gold,182,2024-01-21
2929,5725,express,bronze,45037,2025-01-28
2930,5726,flagship,silver,14733,2025-12-18
2931,5729,express,silver,21549,2022-05-10
2932,5730,flagship,silver,35755,2026-03-21
2933,5730,standard,platinum,4343,2026-05-11
2934,5733,flagship,bronze,32512,2023-07-18
2935,5733,standard,bronze,12262,2024-10-14
2936,5736,online,silver,23583,2025-04-07
2937,5737,flagship,bronze,12442,2024-01-20
2938,5742,express,silver,8895,2023-03-27
2939,5742,online,silver,4468,2021-04-02
2940,5743,flagship,silver,45050,2021-12-14
2941,5746,online,silver,21774,2019-08-28
2942,5746,flagship,bronze,29750,2026-01-19
2943,5747,online,gold,3786,2024-07-05
2944,5749,flagship,silver,6443,2020-01-16
2945,5750,online,bronze,13957,2023-09-03
2946,5751,standard,silver,1765,2022-11-27
2947,5755,flagship,bronze,27722,2022-06-11
2948,5757,online,silver,41482,2025-01-26
2949,5759,standard,bronze,49234,2021-08-02
2950,5759,express,bronze,30336,2025-11-10
2951,5760,express,bronze,22089,2024-07-11
2952,5764,online,gold,6790,2019-04-04
2953,5765,flagship,bronze,3540,2022-11-20
2954,5766,flagship,gold,35543,2019-03-28
2955,5767,express,silver,31984,2022-11-15
2956,5771,flagship,silver,2338,2023-04-17
2957,5771,standard,bronze,40873,2020-08-20
2958,5773,flagship,silver,11339,2021-11-22
2959,5775,standard,bronze,34151,2022-10-04
2960,5778,standard,bronze,31384,2022-01-18
2961,5779,express,silver,26738,2019-09-25
2962,5781,standard,bronze,36622,2020-07-25
2963,5783,express,gold,17958,2025-01-03
2964,5784,flagship,bronze,4176,2020-03-24
2965,5790,standard,silver,31533,2021-08-01
2966,5790,express,silver,39576,2022-09-22
2967,5793,online,gold,20919,2019-08-10
2968,5794,online,silver,48534,2024-06-08
2969,5797,flagship,bronze,2249,2024-08-05
2970,5799,flagship,bronze,2763,2022-04-26
2971,5800,express,gold,46599,2021-06-24
2972,5801,standard,bronze,14107,2022-04-04
2973,5802,express,gold,19449,2023-11-19
2974,5806,flagship,silver,22860,2024-06-05
2975,5806,express,platinum,28238,2024-03-05
2976,5808,standard,silver,2080,2019-02-27
2977,5808,flagship,bronze,29406,2023-01-18
2978,5809,express,bronze,38284,2023-06-13
2979,5812,express,silver,14754,2022-09-30
2980,5813,online,platinum,49433,2019-11-10
2981,5814,flagship,bronze,38290,2020-02-02
2982,5816,express,bronze,32103,2022-02-27
2983,5818,express,silver,29639,2020-02-07
2984,5819,flagship,silver,24429,2024-02-14
2985,5821,online,bronze,1898,2019-07-04
2986,5821,express,bronze,24942,2021-11-18
2987,5822,standard,bronze,13416,2022-08-23
2988,5823,online,silver,28680,2026-02-21
2989,5823,express,bronze,42054,2019-07-31
2990,5829,online,bronze,18868,2022-06-11
2991,5836,flagship,silver,23102,2024-10-05
2992,5838,express,gold,5396,2022-02-09
2993,5839,standard,gold,31459,2025-06-06
2994,5843,online,gold,9858,2023-09-01
2995,5844,flagship,platinum,35019,2021-10-06
2996,5850,flagship,bronze,37508,2025-07-05
2997,5852,standard,bronze,20062,2019-04-13
2998,5853,flagship,bronze,32846,2020-08-15
2999,5855,express,silver,48066,2019-03-28
3000,5860,flagship,silver,46174,2021-08-16
3001,5860,express,silver,20620,2024-05-08
3002,5862,express,platinum,6834,2024-12-29
3003,5863,flagship,bronze,41311,2019-06-23
3004,5864,express,bronze,20187,2020-12-16
3005,5865,standard,bronze,35398,2024-04-26
3006,5866,standard,silver,38502,2021-04-07
3007,5867,standard,gold,10475,2019-02-18
3008,5869,flagship,bronze,31316,2021-09-10
3009,5870,flagship,bronze,44907,2024-01-11
3010,5870,online,bronze,24482,2025-04-05
3011,5871,flagship,bronze,19642,2024-10-30
3012,5872,standard,bronze,15580,2023-10-16
3013,5873,standard,bronze,39189,2025-08-16
3014,5876,express,silver,8537,2020-10-09
3015,5879,flagship,bronze,19159,2023-05-23
3016,5883,standard,bronze,23235,2023-07-20
3017,5883,flagship,bronze,7113,2020-02-05
3018,5887,flagship,bronze,44745,2019-02-26
3019,5890,standard,bronze,15271,2026-06-07
3020,5890,online,bronze,33849,2021-12-16
3021,5891,flagship,silver,13625,2019-12-19
3022,5894,flagship,bronze,15344,2025-04-22
3023,5895,standard,bronze,26290,2020-03-04
3024,5897,standard,platinum,29543,2019-12-03
3025,5901,express,bronze,11494,2022-10-29
3026,5902,online,bronze,5993,2022-08-30
3027,5905,express,bronze,40705,2021-06-03
3028,5909,standard,silver,45589,2022-09-06
3029,5912,flagship,silver,24320,2022-08-06
3030,5913,standard,bronze,44622,2019-03-10
3031,5917,online,bronze,48250,2024-09-04
3032,5919,express,silver,20933,2025-11-28
3033,5923,flagship,bronze,38634,2024-09-26
3034,5924,online,bronze,6716,2025-01-07
3035,5925,standard,bronze,33369,2020-07-08
3036,5927,express,bronze,8887,2025-04-30
3037,5928,flagship,platinum,24569,2023-06-08
3038,5929,online,gold,2778,2023-11-13
3039,5931,standard,silver,42268,2020-01-05
3040,5933,standard,bronze,23966,2020-09-17
3041,5933,flagship,bronze,33193,2025-03-08
3042,5934,flagship,bronze,11554,2021-05-12
3043,5937,flagship,silver,28815,2021-04-22
3044,5938,flagship,silver,1694,2022-06-25
3045,5940,express,platinum,33863,2022-04-25
3046,5942,express,bronze,28932,2024-01-19
3047,5943,standard,gold,26739,2021-07-06
3048,5945,online,bronze,20543,2019-03-29
3049,5946,express,gold,27424,2023-12-17
3050,5947,online,silver,19459,2020-12-01
3051,5947,standard,gold,32869,2026-05-01
3052,5948,flagship,silver,27383,2022-02-04
3053,5949,flagship,bronze,42948,2025-09-25
3054,5950,online,bronze,32990,2019-02-21
3055,5951,standard,bronze,24046,2020-12-28
3056,5951,express,silver,793,2026-05-04
3057,5954,standard,gold,38428,2026-02-20
3058,5956,flagship,silver,20375,2026-06-02
3059,5961,standard,bronze,40928,2024-11-04
3060,5962,online,platinum,10678,2025-07-09
3061,5964,express,platinum,38912,2020-05-15
3062,5967,standard,bronze,35017,2022-12-17
3063,5968,standard,silver,31267,2021-06-01
3064,5970,standard,silver,4452,2021-10-29
3065,5971,online,bronze,20230,2023-05-05
3066,5974,express,platinum,23454,2021-09-17
3067,5977,express,bronze,4395,2024-08-19
3068,5981,online,bronze,18860,2025-03-21
3069,5982,express,bronze,26198,2020-03-23
3070,5984,express,bronze,4400,2025-06-25
3071,5985,standard,bronze,47556,2022-09-01
3072,5988,flagship,bronze,30463,2025-06-09
3073,5989,online,bronze,1715,2022-01-03
3074,5989,express,bronze,30586,2024-08-06
3075,5991,flagship,silver,14157,2026-05-15
3076,5992,flagship,bronze,10559,2019-03-14
3077,5997,online,bronze,15957,2025-12-15
3078,5999,express,bronze,41779,2020-08-06
3079,5999,flagship,platinum,5539,2024-05-01
3080,6002,express,silver,34230,2020-12-28
3081,6006,flagship,bronze,37777,2021-08-24
3082,6008,standard,bronze,21175,2024-07-18
3083,6009,standard,silver,46241,2021-11-02
3084,6015,flagship,bronze,42207,2022-02-23
3085,6016,flagship,bronze,36763,2026-05-08
3086,6017,flagship,silver,31402,2019-11-06
3087,6017,online,bronze,5304,2025-12-25
3088,6019,online,silver,10985,2020-01-23
3089,6020,standard,bronze,28990,2023-11-09
3090,6027,flagship,bronze,5245,2020-03-19
3091,6028,online,gold,49811,2019-05-10
3092,6028,flagship,bronze,12812,2026-04-22
3093,6031,flagship,bronze,21768,2024-09-11
3094,6034,express,gold,1182,2022-09-14
3095,6038,standard,bronze,33503,2022-01-04
3096,6039,express,bronze,15630,2024-09-24
3097,6041,flagship,platinum,28992,2022-11-26
3098,6042,standard,bronze,17827,2023-12-27
3099,6044,standard,bronze,27655,2025-03-24
3100,6051,flagship,silver,17882,2020-01-12
3101,6053,flagship,bronze,45492,2025-02-09
3102,6056,standard,bronze,24153,2022-10-17
3103,6056,express,bronze,43573,2024-12-14
3104,6060,standard,gold,7651,2023-10-08
3105,6063,online,bronze,28234,2024-06-19
3106,6064,standard,bronze,34215,2019-11-30
3107,6069,online,bronze,28825,2025-03-10
3108,6072,flagship,bronze,2708,2021-10-30
3109,6073,standard,bronze,42911,2019-05-04
3110,6074,flagship,bronze,24241,2021-11-09
3111,6074,standard,silver,26242,2023-11-15
3112,6085,flagship,silver,48726,2025-01-23
3113,6085,express,bronze,43835,2025-02-20
3114,6086,online,bronze,13506,2020-04-10
3115,6087,express,bronze,29550,2023-06-18
3116,6087,standard,silver,6602,2026-04-29
3117,6089,express,gold,11716,2022-05-24
3118,6090,standard,silver,24963,2023-12-06
3119,6096,online,silver,4162,2023-10-21
3120,6097,online,bronze,8065,2022-11-07
3121,6099,standard,silver,13411,2020-02-13
3122,6100,flagship,bronze,29169,2021-09-10
3123,6103,express,bronze,10587,2020-07-07
3124,6104,express,bronze,6274,2024-12-26
3125,6110,standard,bronze,35262,2023-08-11
3126,6114,standard,platinum,36541,2021-03-09
3127,6116,flagship,silver,49964,2023-08-18
3128,6118,flagship,silver,19422,2021-09-19
3129,6120,flagship,bronze,35054,2019-04-09
3130,6120,online,bronze,46260,2019-06-28
3131,6121,express,silver,17301,2023-05-04
3132,6123,flagship,gold,34953,2025-12-15
3133,6124,express,bronze,6698,2023-11-24
3134,6125,online,bronze,5860,2022-03-29
3135,6126,online,silver,25691,2024-04-24
3136,6129,online,silver,19816,2024-08-13
3137,6130,express,silver,47641,2020-07-03
3138,6130,standard,gold,43655,2021-03-08
3139,6132,online,bronze,24138,2020-02-02
3140,6135,express,bronze,12249,2021-07-10
3141,6136,online,silver,34849,2024-04-07
3142,6136,express,gold,21411,2022-02-23
3143,6138,standard,silver,43430,2022-10-20
3144,6140,online,bronze,33756,2021-04-01
3145,6142,standard,bronze,43867,2026-06-11
3146,6146,online,bronze,27128,2023-03-03
3147,6149,express,bronze,6684,2023-11-04
3148,6154,flagship,silver,16175,2024-12-06
3149,6154,online,gold,30359,2024-01-08
3150,6157,standard,bronze,15091,2024-07-21
3151,6158,flagship,silver,42636,2023-04-24
3152,6162,online,gold,14221,2022-06-19
3153,6167,online,silver,15578,2022-12-30
3154,6168,standard,bronze,7813,2023-08-07
3155,6168,flagship,silver,29135,2023-12-23
3156,6169,flagship,bronze,35548,2020-02-13
3157,6170,online,bronze,21406,2020-02-24
3158,6178,standard,silver,9952,2023-06-29
3159,6183,flagship,bronze,27694,2021-05-12
3160,6185,online,bronze,7525,2025-12-12
3161,6185,flagship,silver,33003,2020-11-28
3162,6186,flagship,bronze,39562,2020-01-13
3163,6188,standard,bronze,876,2026-05-17
3164,6191,express,silver,16854,2021-06-17
3165,6191,standard,bronze,11097,2025-01-20
3166,6193,online,gold,18211,2024-08-30
3167,6197,online,bronze,25279,2020-10-18
3168,6197,standard,bronze,40017,2024-04-13
3169,6200,express,silver,13063,2023-04-09
3170,6202,express,platinum,17228,2024-01-27
3171,6206,express,silver,31623,2020-01-09
3172,6207,standard,silver,21422,2024-03-07
3173,6208,express,silver,7361,2022-06-10
3174,6209,express,bronze,38843,2024-11-27
3175,6210,online,bronze,34812,2020-10-15
3176,6211,express,bronze,3267,2023-03-07
3177,6212,flagship,bronze,7058,2021-10-24
3178,6212,express,silver,13802,2020-08-13
3179,6216,online,bronze,21090,2019-04-10
3180,6219,online,silver,3344,2024-05-29
3181,6220,flagship,gold,24095,2022-07-11
3182,6222,standard,platinum,1882,2019-07-26
3183,6222,express,bronze,33318,2022-02-22
3184,6224,express,bronze,31731,2020-03-10
3185,6228,express,silver,7819,2022-11-14
3186,6229,standard,bronze,2312,2023-11-26
3187,6229,express,bronze,5188,2020-01-26
3188,6231,flagship,bronze,5711,2020-09-27
3189,6233,express,silver,40977,2026-03-13
3190,6234,standard,silver,35189,2024-08-03
3191,6238,standard,bronze,4084,2021-12-02
3192,6240,flagship,gold,37844,2021-12-23
3193,6241,flagship,bronze,36419,2026-05-19
3194,6245,online,silver,44610,2025-04-13
3195,6247,standard,bronze,3648,2026-06-24
3196,6248,online,gold,44802,2021-03-10
3197,6248,flagship,gold,9455,2022-12-03
3198,6249,online,silver,39193,2023-09-28
3199,6252,standard,bronze,1128,2019-11-09
3200,6254,express,gold,45805,2022-01-10
3201,6258,flagship,bronze,47400,2022-02-14
3202,6259,standard,bronze,46559,2019-05-14
3203,6268,standard,silver,43979,2019-09-20
3204,6269,express,silver,20998,2025-11-10
3205,6272,standard,bronze,48537,2023-05-21
3206,6273,standard,gold,9552,2019-03-17
3207,6278,flagship,bronze,44661,2022-06-20
3208,6279,standard,platinum,22782,2024-02-03
3209,6280,express,gold,19698,2022-01-27
3210,6280,standard,gold,32985,2023-10-04
3211,6282,online,bronze,2629,2021-09-11
3212,6284,express,bronze,48724,2023-03-04
3213,6285,express,bronze,15564,2020-06-14
3214,6287,express,gold,40744,2021-07-26
3215,6288,standard,silver,29909,2019-09-12
3216,6303,standard,bronze,27220,2025-03-09
3217,6304,online,silver,48070,2022-09-13
3218,6304,flagship,silver,2355,2022-08-07
3219,6305,express,bronze,28478,2020-10-24
3220,6306,express,bronze,18855,2025-12-27
3221,6307,express,bronze,33615,2022-09-13
3222,6309,express,silver,11114,2022-12-05
3223,6312,online,gold,47510,2023-07-05
3224,6312,flagship,bronze,49578,2024-09-22
3225,6313,express,bronze,15396,2019-03-24
3226,6314,express,silver,26890,2019-11-16
3227,6315,standard,bronze,1678,2020-08-22
3228,6316,express,silver,32283,2024-02-20
3229,6318,express,bronze,39416,2024-06-12
3230,6318,standard,bronze,24662,2020-01-18
3231,6322,flagship,gold,32343,2019-02-02
3232,6323,online,silver,37803,2022-06-04
3233,6324,flagship,bronze,40791,2019-08-17
3234,6327,flagship,bronze,4296,2019-03-26
3235,6330,express,bronze,32390,2021-06-24
3236,6331,standard,silver,41707,2020-07-12
3237,6333,standard,bronze,39735,2020-08-30
3238,6339,flagship,bronze,14522,2023-01-10
3239,6340,express,silver,40589,2022-06-25
3240,6344,express,bronze,22882,2024-06-13
3241,6346,flagship,silver,2075,2019-07-14
3242,6346,standard,gold,29485,2020-09-27
3243,6347,express,bronze,39087,2020-09-28
3244,6349,flagship,silver,38956,2020-01-19
3245,6351,express,silver,46491,2021-07-19
3246,6353,express,silver,27169,2024-08-23
3247,6355,express,silver,24599,2020-11-13
3248,6358,flagship,bronze,11942,2022-01-11
3249,6359,flagship,silver,6126,2022-11-05
3250,6362,flagship,bronze,36424,2025-08-17
3251,6364,online,bronze,32902,2021-11-20
3252,6369,flagship,bronze,43060,2026-06-14
3253,6374,standard,bronze,31778,2025-11-09
3254,6375,standard,bronze,47816,2019-10-21
3255,6376,online,silver,44707,2020-04-09
3256,6378,online,bronze,32907,2023-12-06
3257,6379,online,silver,26644,2022-09-08
3258,6380,flagship,silver,4355,2020-04-06
3259,6380,online,bronze,17838,2024-12-04
3260,6382,online,bronze,14145,2019-12-30
3261,6383,standard,gold,877,2020-04-07
3262,6386,express,bronze,8230,2023-10-19
3263,6387,online,silver,14973,2026-05-25
3264,6389,express,silver,40062,2024-07-13
3265,6393,express,bronze,44851,2022-01-13
3266,6394,flagship,silver,47217,2024-09-30
3267,6395,standard,gold,1228,2019-09-23
3268,6398,flagship,gold,49513,2022-05-27
3269,6400,express,gold,33706,2020-03-04
3270,6400,standard,bronze,12791,2023-07-02
3271,6401,standard,bronze,47661,2022-10-12
3272,6402,express,bronze,3388,2021-02-24
3273,6403,standard,bronze,13384,2021-12-31
3274,6403,flagship,silver,25034,2025-09-12
3275,6407,online,gold,33068,2020-04-14
3276,6407,express,bronze,33262,2023-08-22
3277,6408,standard,silver,46528,2023-01-14
3278,6408,online,bronze,850,2025-08-02
3279,6415,flagship,silver,37221,2024-05-23
3280,6417,online,gold,33430,2020-05-20
3281,6421,standard,bronze,12337,2024-08-14
3282,6422,flagship,bronze,41815,2025-12-14
3283,6424,standard,bronze,44294,2020-03-03
3284,6425,standard,gold,29549,2023-11-11
3285,6427,express,bronze,44170,2026-02-11
3286,6428,standard,bronze,48721,2022-06-22
3287,6433,flagship,gold,3771,2021-03-30
3288,6434,online,bronze,3962,2021-12-31
3289,6436,online,bronze,9438,2021-03-26
3290,6437,express,gold,48625,2021-12-29
3291,6438,flagship,bronze,44833,2023-03-18
3292,6441,express,bronze,39083,2025-01-27
3293,6442,online,silver,3613,2024-12-23
3294,6443,online,silver,42059,2020-04-26
3295,6445,flagship,bronze,25567,2023-08-17
3296,6446,standard,silver,34600,2023-12-13
3297,6447,standard,gold,25061,2020-03-06
3298,6448,standard,bronze,6921,2024-07-16
3299,6448,flagship,bronze,23885,2019-03-10
3300,6452,standard,bronze,8854,2025-08-07
3301,6454,express,bronze,46300,2020-04-03
3302,6455,standard,bronze,14340,2022-01-18
3303,6457,online,silver,32302,2024-12-21
3304,6459,online,silver,31627,2021-09-05
3305,6464,express,bronze,37942,2025-10-24
3306,6465,online,silver,23062,2024-05-25
3307,6471,online,bronze,38446,2019-07-22
3308,6476,online,silver,43835,2022-04-15
3309,6479,express,silver,19751,2025-07-27
3310,6483,standard,gold,45063,2026-01-11
3311,6484,standard,gold,49185,2023-11-19
3312,6484,express,bronze,2340,2019-07-10
3313,6485,online,bronze,33325,2026-01-30
3314,6485,express,platinum,22759,2022-01-31
3315,6488,flagship,platinum,22583,2023-11-06
3316,6490,flagship,silver,36357,2024-02-07
3317,6492,express,bronze,41553,2025-05-05
3318,6493,express,bronze,30513,2024-03-14
3319,6495,flagship,bronze,9150,2022-01-19
3320,6496,flagship,silver,9730,2019-02-13
3321,6497,online,platinum,20643,2025-06-16
3322,6500,online,silver,17045,2020-11-19
3323,6501,standard,bronze,33022,2019-05-12
3324,6503,flagship,bronze,16215,2025-01-08
3325,6504,flagship,silver,41144,2022-05-16
3326,6505,flagship,bronze,25259,2022-06-03
3327,6505,online,silver,41357,2025-05-21
3328,6508,standard,bronze,5143,2024-05-14
3329,6516,flagship,silver,43061,2020-08-23
3330,6517,standard,silver,38050,2020-01-31
3331,6518,flagship,bronze,23940,2023-03-24
3332,6519,standard,gold,37411,2023-04-13
3333,6521,express,bronze,31775,2023-06-08
3334,6521,standard,silver,11661,2023-09-03
3335,6527,online,bronze,33909,2020-03-29
3336,6528,flagship,gold,6013,2025-02-02
3337,6528,online,bronze,19760,2024-04-12
3338,6533,online,bronze,6175,2025-10-22
3339,6535,standard,bronze,29577,2024-05-23
3340,6541,flagship,silver,13637,2021-09-24
3341,6541,standard,bronze,11032,2019-11-27
3342,6543,online,bronze,6588,2020-05-14
3343,6546,standard,platinum,36345,2023-09-01
3344,6547,standard,platinum,23763,2025-11-14
3345,6548,flagship,silver,12684,2021-09-21
3346,6551,express,bronze,34901,2026-06-21
3347,6552,express,bronze,13506,2019-03-28
3348,6552,online,gold,20692,2025-06-24
3349,6557,express,bronze,2796,2026-03-28
3350,6558,flagship,bronze,35439,2026-03-27
3351,6559,express,silver,7242,2020-04-18
3352,6563,flagship,gold,23347,2019-08-11
3353,6564,standard,bronze,36449,2020-08-11
3354,6567,online,gold,10911,2024-02-17
3355,6570,flagship,bronze,41534,2021-06-07
3356,6572,standard,silver,7146,2024-06-19
3357,6575,express,silver,3106,2019-03-16
3358,6576,standard,bronze,26313,2024-07-28
3359,6577,flagship,bronze,43487,2019-11-24
3360,6581,flagship,silver,46023,2022-08-01
3361,6582,online,bronze,36651,2022-11-19
3362,6582,standard,bronze,33091,2025-02-18
3363,6583,standard,bronze,22899,2021-06-16
3364,6583,flagship,silver,39580,2025-07-15
3365,6588,express,bronze,30109,2020-11-01
3366,6589,express,bronze,13775,2020-09-26
3367,6590,flagship,gold,20989,2019-05-27
3368,6591,flagship,bronze,12768,2023-02-17
3369,6592,flagship,silver,35086,2021-11-15
3370,6603,online,silver,31570,2026-05-15
3371,6605,express,bronze,31979,2026-04-03
3372,6609,standard,silver,33034,2022-03-06
3373,6609,express,bronze,42325,2025-12-27
3374,6610,standard,bronze,43139,2026-03-28
3375,6611,express,gold,3788,2020-01-14
3376,6612,flagship,bronze,41105,2023-11-09
3377,6613,flagship,bronze,40579,2021-03-01
3378,6616,express,bronze,20834,2024-10-10
3379,6617,express,bronze,47669,2021-09-03
3380,6618,flagship,bronze,34392,2025-12-15
3381,6618,online,gold,25939,2026-06-17
3382,6620,standard,bronze,30775,2021-02-06
3383,6620,online,silver,34261,2021-02-05
3384,6621,standard,bronze,48663,2020-05-03
3385,6622,flagship,bronze,34387,2024-06-30
3386,6623,flagship,gold,30124,2024-05-01
3387,6627,express,gold,43391,2021-11-07
3388,6629,online,bronze,16431,2020-06-26
3389,6630,online,bronze,22078,2019-03-24
3390,6632,express,silver,21619,2024-08-04
3391,6633,flagship,silver,43454,2023-08-14
3392,6635,online,silver,2630,2025-12-24
3393,6636,express,bronze,13311,2021-03-10
3394,6637,express,silver,35317,2022-05-21
3395,6638,standard,bronze,10949,2026-06-25
3396,6638,flagship,platinum,14985,2020-12-08
3397,6639,flagship,gold,8035,2020-03-07
3398,6643,express,silver,9849,2023-12-14
3399,6646,standard,bronze,29998,2020-09-04
3400,6646,express,bronze,35179,2020-08-22
3401,6647,online,bronze,48747,2019-11-17
3402,6649,flagship,bronze,16235,2026-02-02
3403,6652,online,bronze,38559,2025-09-28
3404,6653,standard,silver,8756,2026-02-10
3405,6655,standard,bronze,46747,2020-08-25
3406,6656,express,gold,27445,2024-07-05
3407,6657,online,bronze,24078,2020-06-25
3408,6665,online,silver,36044,2024-10-17
3409,6668,online,gold,6515,2023-08-07
3410,6669,standard,bronze,43795,2019-12-14
3411,6669,online,bronze,48002,2026-06-19
3412,6670,online,silver,45900,2019-01-27
3413,6671,express,gold,46084,2024-05-21
3414,6673,flagship,gold,9624,2019-08-12
3415,6679,flagship,silver,32655,2025-08-26
3416,6683,online,gold,16533,2024-01-18
3417,6686,online,bronze,3488,2020-02-18
3418,6690,online,silver,333,2024-01-15
3419,6695,online,bronze,44863,2022-10-20
3420,6697,online,bronze,17351,2026-01-24
3421,6697,standard,bronze,45345,2023-12-14
3422,6699,flagship,silver,39223,2019-12-16
3423,6700,online,platinum,25698,2021-02-22
3424,6703,express,gold,19710,2019-03-03
3425,6704,express,bronze,9682,2021-11-12
3426,6707,express,silver,38761,2022-06-27
3427,6708,express,gold,40238,2025-01-06
3428,6709,express,bronze,20484,2020-10-12
3429,6711,standard,bronze,34157,2021-08-23
3430,6712,express,bronze,43204,2019-02-05
3431,6718,flagship,silver,5061,2020-04-28
3432,6722,express,gold,11335,2026-06-20
3433,6722,flagship,platinum,10605,2023-05-20
3434,6723,express,bronze,43358,2019-02-23
3435,6725,flagship,bronze,26649,2025-09-21
3436,6729,express,bronze,48286,2023-01-29
3437,6729,standard,gold,15678,2025-05-12
3438,6736,standard,gold,873,2020-07-30
3439,6740,flagship,platinum,9338,2024-05-30
3440,6742,standard,bronze,29288,2019-10-08
3441,6744,flagship,silver,10618,2025-09-14
3442,6746,express,platinum,35015,2019-02-06
3443,6746,flagship,bronze,17605,2021-08-13
3444,6750,online,bronze,47083,2022-01-03
3445,6751,express,bronze,19074,2022-05-20
3446,6755,online,bronze,8920,2019-01-31
3447,6760,flagship,silver,30381,2021-12-02
3448,6761,standard,silver,37480,2021-05-13
3449,6762,standard,bronze,41123,2019-08-09
3450,6763,flagship,bronze,22665,2025-04-10
3451,6765,flagship,bronze,6771,2026-05-08
3452,6765,express,bronze,26417,2019-05-01
3453,6766,express,silver,5474,2021-03-10
3454,6767,online,bronze,9041,2026-06-07
3455,6769,standard,silver,48891,2023-08-24
3456,6770,online,gold,16466,2022-10-02
3457,6771,online,silver,4383,2021-03-29
3458,6772,express,gold,36467,2021-11-10
3459,6773,standard,gold,42765,2021-03-28
3460,6776,online,gold,32914,2021-07-03
3461,6779,express,silver,26227,2026-05-29
3462,6783,online,bronze,6767,2020-02-12
3463,6785,standard,bronze,2625,2025-08-31
3464,6786,express,bronze,9594,2021-04-05
3465,6787,online,bronze,6581,2021-03-21
3466,6788,standard,bronze,48525,2025-07-17
3467,6790,online,bronze,41602,2020-01-03
3468,6791,flagship,bronze,17097,2023-03-19
3469,6793,flagship,silver,1811,2024-11-16
3470,6797,standard,silver,40401,2019-04-22
3471,6797,flagship,bronze,19292,2021-03-28
3472,6802,express,bronze,44035,2025-07-07
3473,6804,express,gold,17971,2019-03-20
3474,6809,online,bronze,10864,2021-08-04
3475,6810,express,bronze,3845,2020-11-13
3476,6810,standard,silver,25642,2019-05-24
3477,6811,standard,bronze,37342,2023-08-03
3478,6811,express,bronze,24257,2025-06-17
3479,6813,online,silver,34832,2025-03-30
3480,6815,online,bronze,25746,2022-03-22
3481,6815,express,bronze,14802,2023-08-12
3482,6817,standard,silver,1938,2019-02-24
3483,6818,standard,silver,36425,2021-01-25
3484,6821,flagship,gold,28259,2024-11-27
3485,6825,standard,gold,29504,2021-01-06
3486,6827,standard,bronze,19446,2019-02-20
3487,6828,online,bronze,19402,2025-03-25
3488,6835,online,bronze,36076,2019-01-21
3489,6836,flagship,bronze,17056,2024-01-26
3490,6837,standard,bronze,23002,2019-01-30
3491,6838,online,bronze,17742,2022-07-29
3492,6845,online,bronze,27805,2023-10-08
3493,6846,online,bronze,44310,2019-12-19
3494,6849,online,silver,34419,2022-02-10
3495,6850,online,gold,16041,2020-12-10
3496,6851,standard,silver,44470,2024-11-30
3497,6856,standard,bronze,5083,2025-06-20
3498,6860,flagship,bronze,39342,2019-02-01
3499,6861,flagship,bronze,2602,2020-06-13
3500,6863,online,gold,21544,2026-06-04
3501,6864,flagship,bronze,12733,2025-01-14
3502,6864,online,bronze,23870,2023-01-20
3503,6865,standard,bronze,34280,2023-12-22
3504,6868,flagship,bronze,48421,2025-11-28
3505,6869,express,bronze,1718,2020-09-02
3506,6870,standard,silver,8515,2022-08-21
3507,6870,online,silver,32690,2024-01-07
3508,6871,flagship,bronze,33889,2022-11-02
3509,6880,express,bronze,12259,2021-05-30
3510,6882,standard,silver,31135,2020-10-04
3511,6883,standard,bronze,13831,2025-07-05
3512,6887,standard,bronze,32044,2024-08-05
3513,6888,express,bronze,46240,2020-03-03
3514,6891,online,silver,46703,2023-08-06
3515,6892,express,gold,36403,2024-09-01
3516,6894,flagship,bronze,46921,2025-03-26
3517,6897,standard,bronze,24921,2020-03-06
3518,6898,online,bronze,26683,2021-06-02
3519,6902,flagship,silver,46689,2023-08-18
3520,6905,standard,bronze,49274,2019-11-24
3521,6907,standard,gold,10472,2022-11-27
3522,6909,standard,silver,2165,2021-05-09
3523,6910,online,gold,23157,2022-03-02
3524,6912,flagship,bronze,46747,2025-03-29
3525,6918,online,bronze,15756,2026-01-28
3526,6931,flagship,bronze,30753,2019-05-23
3527,6933,online,bronze,46926,2021-11-05
3528,6934,express,silver,15186,2021-11-29
3529,6937,express,silver,49882,2024-10-26
3530,6938,online,silver,10724,2025-10-01
3531,6939,flagship,bronze,41022,2020-04-24
3532,6939,standard,bronze,6474,2026-03-30
3533,6941,flagship,bronze,2288,2024-06-11
3534,6943,online,bronze,37035,2023-09-15
3535,6944,standard,gold,11518,2021-01-15
3536,6946,flagship,silver,47510,2019-08-11
3537,6947,express,silver,15789,2023-11-20
3538,6948,flagship,bronze,10556,2023-07-04
3539,6950,standard,bronze,33660,2019-11-01
3540,6951,standard,gold,10371,2022-07-28
3541,6952,standard,bronze,10322,2025-10-05
3542,6952,flagship,gold,31212,2020-02-01
3543,6953,standard,silver,44088,2019-08-03
3544,6956,flagship,platinum,15057,2019-08-12
3545,6957,flagship,bronze,6447,2023-04-27
3546,6958,standard,bronze,5089,2026-05-23
3547,6961,standard,silver,45050,2025-06-26
3548,6961,flagship,bronze,43356,2022-09-26
3549,6962,online,bronze,14560,2024-06-23
3550,6962,flagship,silver,1492,2024-06-22
3551,6967,express,bronze,13227,2020-09-24
3552,6969,online,silver,33616,2023-05-01
3553,6971,flagship,silver,242,2025-04-28
3554,6974,standard,platinum,49132,2021-09-29
3555,6974,express,bronze,13704,2020-07-29
3556,6975,express,bronze,11662,2025-10-10
3557,6977,standard,gold,25750,2022-01-13
3558,6978,flagship,bronze,7541,2023-03-06
3559,6980,standard,platinum,1166,2023-03-08
3560,6980,online,silver,46875,2019-10-19
3561,6981,standard,bronze,20304,2020-10-28
3562,6982,online,bronze,43250,2023-12-30
3563,6983,standard,bronze,18796,2026-05-18
3564,6984,express,silver,9102,2025-02-27
3565,6986,standard,bronze,8540,2019-08-09
3566,6987,online,silver,6018,2020-04-01
3567,6988,express,silver,45897,2025-10-01
3568,6989,online,bronze,22563,2025-01-24
3569,6989,express,bronze,47850,2020-11-16
3570,6992,flagship,platinum,22698,2024-05-09
3571,6993,express,bronze,38913,2020-07-26
3572,6994,flagship,bronze,16075,2022-03-15
3573,6994,standard,bronze,8585,2020-05-19
3574,6996,online,silver,788,2024-04-08
3575,6998,express,silver,47714,2020-05-11
3576,7000,online,bronze,28261,2022-02-10
3577,7000,standard,bronze,22611,2019-02-15
3578,7002,online,bronze,49249,2026-06-16
3579,7002,flagship,bronze,40546,2020-05-29
3580,7003,flagship,silver,30500,2019-07-18
3581,7003,online,bronze,10011,2019-12-03
3582,7004,standard,bronze,30011,2023-06-30
3583,7008,online,silver,19525,2022-08-25
3584,7009,express,bronze,15101,2019-04-07
3585,7010,online,silver,18365,2023-03-19
3586,7014,standard,bronze,37685,2025-12-25
3587,7017,flagship,bronze,33611,2019-10-20
3588,7020,flagship,silver,15742,2022-01-14
3589,7020,online,silver,32216,2025-04-06
3590,7022,express,bronze,41822,2022-01-01
3591,7023,express,bronze,28875,2019-03-17
3592,7024,standard,platinum,31930,2022-07-22
3593,7024,express,bronze,28840,2026-02-17
3594,7026,standard,bronze,18958,2022-04-17
3595,7026,online,bronze,21639,2024-05-10
3596,7028,standard,silver,16365,2021-05-09
3597,7030,online,silver,29423,2024-07-17
3598,7032,express,bronze,2066,2019-10-30
3599,7033,online,silver,730,2021-11-03
3600,7035,express,bronze,13561,2024-11-21
3601,7036,flagship,bronze,25891,2020-10-18
3602,7036,online,silver,10093,2026-02-11
3603,7042,express,bronze,13458,2019-03-04
3604,7044,online,bronze,31432,2025-08-10
3605,7046,express,silver,49277,2022-07-18
3606,7047,online,bronze,15346,2020-02-17
3607,7049,standard,bronze,39147,2023-04-09
3608,7050,express,gold,1869,2022-11-19
3609,7051,express,gold,21302,2022-11-11
3610,7054,standard,bronze,16133,2022-02-14
3611,7054,flagship,platinum,24856,2019-02-07
3612,7055,express,silver,3013,2023-02-13
3613,7055,standard,bronze,15416,2025-04-11
3614,7058,online,silver,25843,2025-08-17
3615,7059,express,bronze,9045,2025-04-27
3616,7060,online,bronze,27656,2019-03-22
3617,7063,standard,bronze,16633,2021-08-29
3618,7064,express,bronze,46223,2021-02-16
3619,7065,standard,bronze,8464,2022-10-21
3620,7065,online,gold,26939,2020-08-26
3621,7068,standard,silver,42465,2019-04-02
3622,7070,standard,bronze,38391,2022-06-03
3623,7071,online,platinum,10254,2023-08-27
3624,7075,express,gold,8777,2026-01-07
3625,7077,express,silver,29270,2023-11-02
3626,7079,online,bronze,33820,2023-07-29
3627,7080,online,silver,39477,2025-08-17
3628,7080,flagship,gold,10242,2025-06-08
3629,7082,flagship,gold,18919,2023-07-26
3630,7084,express,gold,15692,2019-07-30
3631,7087,online,bronze,1796,2023-10-14
3632,7088,online,silver,42783,2026-04-14
3633,7091,standard,bronze,13056,2020-05-05
3634,7092,express,bronze,11769,2022-12-15
3635,7093,standard,bronze,19097,2026-05-28
3636,7095,flagship,bronze,10758,2024-04-30
3637,7097,flagship,bronze,21674,2021-02-16
3638,7099,standard,bronze,41542,2021-10-21
3639,7099,online,bronze,1927,2026-03-13
3640,7101,flagship,bronze,2744,2022-10-29
3641,7104,online,bronze,1418,2019-03-28
3642,7105,online,bronze,11010,2020-01-06
3643,7105,standard,silver,37740,2025-12-31
3644,7106,standard,silver,44736,2019-03-29
3645,7106,express,silver,7784,2023-01-14
3646,7112,express,bronze,17236,2025-11-22
3647,7115,flagship,bronze,29535,2019-04-30
3648,7119,online,gold,9825,2023-08-20
3649,7121,online,bronze,24504,2024-02-09
3650,7122,online,bronze,10520,2023-10-12
3651,7128,online,bronze,33741,2021-05-10
3652,7129,online,gold,46644,2022-11-05
3653,7131,standard,silver,2060,2022-10-22
3654,7133,online,bronze,36915,2020-01-02
3655,7134,online,bronze,23809,2026-04-26
3656,7135,online,bronze,42849,2025-02-24
3657,7138,online,bronze,23387,2023-07-11
3658,7139,express,bronze,48658,2023-11-26
3659,7142,flagship,silver,11354,2025-08-25
3660,7147,standard,bronze,43868,2021-08-17
3661,7147,express,silver,5053,2025-12-29
3662,7150,express,bronze,39052,2021-10-22
3663,7152,flagship,silver,5919,2020-05-29
3664,7152,standard,platinum,5962,2023-08-31
3665,7153,express,bronze,1413,2020-08-14
3666,7155,flagship,bronze,49136,2025-01-28
3667,7159,express,bronze,20020,2022-11-05
3668,7160,express,bronze,13027,2026-01-03
3669,7161,express,bronze,27486,2025-03-10
3670,7162,flagship,silver,45482,2024-12-31
3671,7164,express,silver,37441,2021-12-24
3672,7165,flagship,bronze,26634,2025-01-25
3673,7170,online,bronze,30815,2019-04-04
3674,7171,online,bronze,41747,2023-11-10
3675,7172,flagship,gold,41881,2019-05-07
3676,7179,standard,bronze,21370,2021-10-01
3677,7180,standard,silver,38586,2019-01-06
3678,7181,standard,silver,13792,2025-04-14
3679,7182,flagship,silver,34717,2019-12-12
3680,7183,online,gold,37907,2020-06-04
3681,7185,express,bronze,12899,2025-01-24
3682,7186,standard,bronze,8815,2025-10-10
3683,7187,flagship,bronze,48485,2025-07-20
3684,7188,express,bronze,14389,2024-03-30
3685,7193,online,bronze,12126,2020-12-25
3686,7200,standard,bronze,20859,2023-02-19
3687,7202,standard,bronze,2077,2026-02-11
3688,7203,online,bronze,19036,2026-05-15
3689,7204,express,bronze,28318,2019-05-10
3690,7204,standard,silver,4044,2019-12-29
3691,7209,standard,silver,23184,2019-10-08
3692,7209,flagship,bronze,14397,2024-12-30
3693,7210,standard,silver,15739,2022-10-22
3694,7213,flagship,bronze,42252,2023-03-04
3695,7214,standard,gold,9586,2025-11-15
3696,7216,flagship,bronze,42547,2025-12-03
3697,7219,online,bronze,26056,2026-05-01
3698,7219,express,bronze,40891,2024-07-30
3699,7221,flagship,bronze,36226,2020-07-08
3700,7225,standard,silver,23982,2020-07-09
3701,7226,express,bronze,40208,2021-01-09
3702,7228,online,platinum,29517,2021-06-29
3703,7228,standard,bronze,33108,2024-03-14
3704,7229,standard,silver,16444,2025-02-27
3705,7232,flagship,gold,29353,2025-07-04
3706,7233,flagship,bronze,6867,2022-01-18
3707,7233,express,bronze,31869,2020-01-26
3708,7235,flagship,silver,7296,2026-06-24
3709,7236,express,bronze,11645,2023-09-16
3710,7237,online,gold,44580,2022-05-22
3711,7246,standard,bronze,30939,2022-03-28
3712,7247,express,bronze,22232,2021-12-03
3713,7248,flagship,gold,35776,2026-03-28
3714,7249,online,silver,25885,2025-10-28
3715,7250,online,bronze,36560,2023-05-24
3716,7254,online,silver,35778,2019-05-10
3717,7254,flagship,bronze,20610,2019-01-17
3718,7258,standard,silver,34148,2022-05-12
3719,7259,flagship,bronze,9528,2025-03-18
3720,7263,flagship,silver,24132,2020-08-24
3721,7264,standard,bronze,15878,2025-10-01
3722,7264,online,bronze,8674,2025-10-26
3723,7266,express,silver,14272,2025-08-08
3724,7270,flagship,bronze,42381,2022-03-13
3725,7272,online,gold,15619,2025-06-13
3726,7272,express,bronze,25101,2025-04-13
3727,7273,express,bronze,37518,2023-09-06
3728,7278,express,bronze,26046,2020-09-12
3729,7280,express,silver,17591,2021-05-31
3730,7281,express,silver,23950,2023-12-27
3731,7281,online,gold,12007,2023-06-30
3732,7282,flagship,bronze,6974,2024-09-26
3733,7286,flagship,silver,31085,2022-04-09
3734,7287,online,bronze,26870,2021-01-22
3735,7288,online,platinum,19240,2024-05-27
3736,7291,flagship,silver,2194,2019-05-05
3737,7298,flagship,bronze,10323,2019-12-22
3738,7300,online,silver,27285,2021-06-01
3739,7303,express,gold,16162,2022-12-01
3740,7304,standard,bronze,11245,2025-01-01
3741,7306,flagship,bronze,15102,2019-07-28
3742,7309,online,bronze,7844,2019-06-15
3743,7312,online,bronze,23108,2023-09-15
3744,7313,online,gold,32296,2019-11-27
3745,7314,standard,silver,38306,2020-04-02
3746,7314,express,bronze,11075,2020-05-21
3747,7315,standard,bronze,36052,2020-06-05
3748,7317,online,silver,52,2025-02-27
3749,7318,standard,silver,17969,2024-01-17
3750,7319,express,bronze,6962,2024-08-24
3751,7319,online,bronze,43543,2024-04-05
3752,7320,online,gold,35802,2022-06-21
3753,7322,flagship,bronze,27778,2022-04-11
3754,7325,flagship,silver,22417,2024-12-25
3755,7327,express,bronze,17936,2022-02-01
3756,7327,flagship,bronze,22532,2022-03-10
3757,7329,express,gold,1750,2021-04-11
3758,7331,flagship,gold,14664,2025-11-08
3759,7333,flagship,bronze,41951,2024-01-02
3760,7334,online,bronze,29253,2020-09-28
3761,7336,express,bronze,37434,2026-01-26
3762,7337,express,bronze,42460,2022-07-04
3763,7337,flagship,silver,38732,2024-04-21
3764,7346,online,bronze,42114,2022-09-14
3765,7347,standard,gold,47918,2023-07-19
3766,7348,express,bronze,19367,2022-02-08
3767,7349,standard,bronze,43586,2020-11-02
3768,7350,standard,silver,30710,2025-01-06
3769,7353,express,bronze,7860,2022-04-03
3770,7353,standard,silver,36713,2022-08-03
3771,7355,standard,bronze,46013,2023-04-16
3772,7360,online,silver,34298,2023-12-27
3773,7361,flagship,silver,31361,2025-06-01
3774,7362,standard,bronze,22986,2020-04-29
3775,7363,express,silver,23449,2020-01-19
3776,7363,flagship,bronze,40926,2019-11-26
3777,7365,express,bronze,35296,2023-01-06
3778,7369,online,silver,19038,2023-12-07
3779,7370,standard,bronze,12749,2020-07-29
3780,7373,flagship,bronze,36885,2024-12-18
3781,7377,online,bronze,10084,2024-02-23
3782,7379,express,bronze,16547,2020-09-27
3783,7380,online,silver,2962,2020-05-25
3784,7382,online,bronze,38697,2023-02-24
3785,7384,flagship,gold,3062,2021-01-09
3786,7386,standard,silver,46640,2022-12-25
3787,7386,online,bronze,12498,2021-12-30
3788,7387,express,bronze,15239,2025-01-30
3789,7388,express,silver,16041,2024-07-29
3790,7390,online,gold,9887,2019-02-24
3791,7390,express,bronze,1016,2024-01-23
3792,7391,express,bronze,39288,2022-11-30
3793,7394,express,bronze,20537,2023-11-23
3794,7395,express,bronze,11950,2019-08-12
3795,7399,flagship,silver,42832,2019-11-22
3796,7400,express,silver,1241,2025-05-20
3797,7401,online,bronze,6063,2025-05-29
3798,7401,flagship,silver,736,2019-10-06
3799,7404,standard,gold,9990,2023-07-12
3800,7404,express,silver,21123,2025-05-27
3801,7406,online,gold,6985,2024-09-07
3802,7407,express,bronze,14012,2024-11-22
3803,7410,flagship,silver,46186,2021-08-01
3804,7417,express,bronze,40249,2024-07-19
3805,7418,online,silver,29181,2020-03-04
3806,7422,standard,platinum,48878,2025-12-30
3807,7426,online,gold,38422,2024-07-09
3808,7429,express,bronze,8622,2020-01-03
3809,7431,online,bronze,47723,2022-04-20
3810,7431,express,silver,35210,2025-01-25
3811,7434,express,bronze,2657,2019-06-01
3812,7437,flagship,bronze,9441,2024-07-14
3813,7438,online,platinum,20261,2025-07-09
3814,7438,standard,bronze,39165,2023-09-02
3815,7442,express,bronze,42759,2024-12-12
3816,7444,express,silver,44351,2024-11-22
3817,7450,standard,gold,1977,2021-06-22
3818,7452,flagship,bronze,27476,2026-06-14
3819,7453,flagship,bronze,13581,2026-03-09
3820,7467,express,silver,38462,2023-09-20
3821,7468,online,bronze,2539,2022-03-23
3822,7470,standard,silver,3347,2019-08-20
3823,7471,standard,platinum,38178,2025-04-23
3824,7474,express,bronze,46526,2026-06-16
3825,7476,online,silver,13008,2023-07-31
3826,7477,express,silver,1381,2023-05-27
3827,7477,online,bronze,19180,2022-03-28
3828,7480,express,gold,44241,2023-08-07
3829,7481,online,bronze,46288,2020-11-11
3830,7482,flagship,bronze,47818,2021-04-17
3831,7482,standard,bronze,15019,2021-03-02
3832,7483,flagship,bronze,37985,2019-08-04
3833,7486,express,bronze,31355,2026-01-24
3834,7487,online,bronze,4292,2024-08-07
3835,7488,standard,gold,39527,2026-05-14
3836,7489,standard,bronze,34962,2023-03-10
3837,7489,flagship,silver,21832,2024-05-09
3838,7496,flagship,bronze,2055,2021-05-21
3839,7499,express,platinum,44352,2024-08-07
3840,7501,flagship,gold,2514,2023-05-01
3841,7501,standard,bronze,9108,2026-06-14
3842,7502,express,bronze,39461,2025-11-10
3843,7503,online,silver,45804,2026-06-10
3844,7504,flagship,bronze,39092,2025-02-22
3845,7513,standard,bronze,19252,2023-02-06
3846,7514,standard,gold,34049,2019-01-02
3847,7518,online,gold,24664,2023-09-15
3848,7520,online,platinum,3190,2021-03-20
3849,7521,online,silver,12679,2025-10-31
3850,7525,standard,bronze,42859,2020-08-03
3851,7526,standard,bronze,14746,2025-11-25
3852,7527,online,gold,16750,2023-11-08
3853,7530,express,bronze,9555,2019-01-18
3854,7531,express,bronze,1923,2021-04-02
3855,7533,standard,bronze,43137,2022-12-04
3856,7534,standard,silver,29181,2020-07-29
3857,7536,express,gold,22201,2020-10-30
3858,7537,online,bronze,49604,2026-05-15
3859,7540,express,gold,29456,2019-03-17
3860,7542,flagship,gold,35027,2025-05-08
3861,7544,express,bronze,38791,2022-08-15
3862,7545,online,gold,13141,2025-07-21
3863,7547,express,bronze,8528,2022-12-25
3864,7550,express,bronze,10181,2021-08-31
3865,7550,online,bronze,13093,2024-12-13
3866,7555,flagship,gold,18239,2025-10-28
3867,7558,express,gold,24896,2020-04-17
3868,7559,online,silver,36622,2025-10-20
3869,7559,express,gold,16801,2025-01-11
3870,7560,flagship,bronze,48173,2023-02-09
3871,7560,online,bronze,24287,2026-06-23
3872,7563,express,bronze,11066,2019-08-08
3873,7564,standard,silver,5433,2022-03-15
3874,7566,standard,bronze,15910,2020-12-30
3875,7570,express,silver,27471,2022-06-14
3876,7571,standard,silver,16299,2024-06-30
3877,7571,express,bronze,2449,2025-10-14
3878,7573,express,bronze,34371,2021-12-27
3879,7574,online,silver,29070,2020-04-25
3880,7579,online,bronze,36136,2024-06-05
3881,7582,express,gold,17041,2024-03-19
3882,7583,standard,silver,10522,2020-06-24
3883,7584,online,bronze,36187,2020-09-19
3884,7586,standard,gold,24367,2020-08-11
3885,7587,express,bronze,13936,2021-05-01
3886,7590,flagship,gold,7506,2020-04-26
3887,7592,express,silver,7739,2019-05-25
3888,7594,standard,silver,3666,2023-02-10
3889,7596,online,bronze,7428,2025-02-01
3890,7596,standard,bronze,26160,2022-06-27
3891,7597,standard,silver,20255,2021-08-24
3892,7599,express,bronze,24421,2021-11-08
3893,7600,flagship,bronze,49592,2020-07-10
3894,7604,express,silver,40294,2021-06-07
3895,7605,flagship,bronze,18813,2024-12-25
3896,7611,standard,bronze,30256,2024-12-19
3897,7612,flagship,bronze,49432,2021-11-04
3898,7612,standard,bronze,32810,2021-07-23
3899,7614,standard,gold,47887,2023-02-09
3900,7615,standard,bronze,30962,2025-01-22
3901,7620,flagship,bronze,22955,2020-10-11
3902,7621,online,bronze,24179,2025-08-24
3903,7622,flagship,silver,42417,2023-09-01
3904,7629,flagship,gold,34572,2023-05-24
3905,7630,online,bronze,16835,2020-11-17
3906,7633,flagship,bronze,19010,2022-10-03
3907,7636,online,bronze,7959,2019-11-22
3908,7638,standard,bronze,33687,2023-07-15
3909,7639,online,bronze,10716,2022-05-11
3910,7640,online,silver,41002,2023-09-26
3911,7641,standard,gold,31969,2021-03-07
3912,7641,express,bronze,15223,2020-11-17
3913,7642,online,bronze,1129,2024-09-14
3914,7647,express,bronze,2914,2019-08-31
3915,7648,standard,bronze,41220,2020-12-15
3916,7649,express,silver,30679,2019-09-30
3917,7650,express,silver,16772,2024-12-18
3918,7654,standard,bronze,43030,2019-12-13
3919,7654,online,gold,15049,2022-06-13
3920,7655,standard,bronze,28465,2019-06-25
3921,7657,flagship,bronze,39698,2026-02-20
3922,7658,flagship,gold,220,2026-06-23
3923,7658,express,bronze,39293,2026-05-10
3924,7659,express,bronze,369,2020-12-27
3925,7663,online,silver,37757,2024-09-30
3926,7664,online,bronze,13795,2025-06-15
3927,7666,flagship,bronze,8290,2024-06-29
3928,7668,online,gold,44170,2022-01-12
3929,7673,online,silver,26874,2021-01-23
3930,7674,online,silver,1515,2026-06-27
3931,7675,express,silver,9526,2024-03-21
3932,7676,express,bronze,49278,2024-06-16
3933,7677,standard,bronze,33423,2023-01-11
3934,7678,online,bronze,27825,2020-04-12
3935,7680,online,silver,17301,2022-12-04
3936,7681,express,bronze,43488,2020-04-16
3937,7682,flagship,bronze,37013,2022-10-02
3938,7682,express,bronze,42466,2024-03-05
3939,7683,express,bronze,212,2020-09-11
3940,7687,flagship,bronze,33309,2025-06-08
3941,7688,flagship,bronze,41750,2022-05-29
3942,7690,express,silver,9972,2019-01-02
3943,7692,online,bronze,10019,2023-08-06
3944,7692,express,bronze,35634,2020-05-03
3945,7695,flagship,bronze,515,2025-10-23
3946,7702,online,bronze,2497,2026-01-31
3947,7705,online,bronze,23981,2025-11-09
3948,7706,flagship,bronze,5064,2025-12-07
3949,7707,express,bronze,42880,2022-09-17
3950,7709,express,bronze,39249,2021-08-30
3951,7714,express,silver,43862,2019-05-02
3952,7718,online,silver,27960,2022-07-20
3953,7719,online,silver,7804,2024-02-29
3954,7722,standard,bronze,15980,2019-03-31
3955,7723,online,platinum,39073,2020-01-16
3956,7727,flagship,silver,35829,2019-09-20
3957,7731,flagship,silver,46053,2022-07-19
3958,7732,express,bronze,37825,2022-08-04
3959,7734,standard,bronze,5368,2023-02-24
3960,7736,express,silver,29807,2024-11-03
3961,7742,express,bronze,1855,2023-02-28
3962,7743,standard,silver,34287,2023-04-15
3963,7743,online,bronze,18843,2022-11-12
3964,7747,express,gold,48614,2020-07-25
3965,7749,online,bronze,46947,2023-09-07
3966,7750,standard,bronze,33020,2023-12-23
3967,7752,online,silver,23317,2023-02-06
3968,7754,standard,bronze,48876,2024-04-21
3969,7757,online,silver,4232,2023-01-08
3970,7758,standard,bronze,37506,2019-12-17
3971,7761,online,gold,2444,2023-08-02
3972,7763,standard,bronze,18073,2020-11-25
3973,7765,flagship,gold,48957,2025-03-27
3974,7770,express,bronze,2347,2019-08-03
3975,7771,express,bronze,25753,2025-06-28
3976,7773,standard,bronze,21407,2019-02-02
3977,7775,express,silver,45208,2023-09-11
3978,7776,express,bronze,34183,2019-11-02
3979,7782,express,gold,35147,2026-06-11
3980,7784,standard,platinum,7795,2025-12-17
3981,7785,flagship,silver,36386,2023-06-15
3982,7788,flagship,bronze,17382,2026-06-04
3983,7791,online,bronze,46420,2024-10-31
3984,7792,online,bronze,8821,2021-10-31
3985,7793,express,silver,21246,2026-06-21
3986,7796,online,silver,8127,2025-04-05
3987,7798,express,platinum,15042,2025-05-15
3988,7799,online,silver,31137,2025-07-29
3989,7800,standard,bronze,10016,2021-12-08
3990,7802,express,silver,22966,2024-11-19
3991,7803,flagship,bronze,19780,2024-08-08
3992,7803,online,bronze,4586,2022-01-14
3993,7805,express,silver,38710,2019-07-03
3994,7806,online,silver,17257,2021-11-24
3995,7807,express,bronze,27353,2021-01-15
3996,7808,express,bronze,11501,2020-04-03
3997,7808,standard,silver,24888,2020-09-12
3998,7809,express,bronze,40757,2025-06-17
3999,7810,online,bronze,5900,2024-12-13
4000,7817,standard,silver,13864,2026-06-19
4001,7818,standard,silver,17487,2024-05-14
4002,7819,flagship,bronze,41348,2020-09-26
4003,7820,express,bronze,15116,2025-05-16
4004,7821,express,bronze,18806,2021-12-16
4005,7825,standard,silver,2653,2020-08-06
4006,7825,flagship,gold,30136,2022-02-27
4007,7827,standard,bronze,39864,2019-09-11
4008,7828,express,silver,4024,2023-02-17
4009,7830,flagship,bronze,46566,2025-03-18
4010,7832,express,gold,17397,2019-04-15
4011,7833,standard,bronze,33564,2021-01-18
4012,7834,standard,silver,29108,2025-08-27
4013,7835,standard,bronze,15366,2026-05-20
4014,7837,standard,silver,48754,2022-01-03
4015,7838,express,bronze,14971,2026-05-24
4016,7839,express,bronze,1204,2022-06-19
4017,7844,online,silver,23762,2022-07-27
4018,7844,express,silver,24228,2019-07-03
4019,7845,online,silver,11882,2019-06-03
4020,7846,express,bronze,20187,2023-05-30
4021,7848,online,bronze,14700,2026-06-27
4022,7849,standard,bronze,35011,2024-02-15
4023,7854,standard,silver,27880,2022-07-16
4024,7857,flagship,bronze,39889,2021-04-16
4025,7857,express,bronze,34303,2024-02-24
4026,7858,online,silver,19042,2024-02-26
4027,7860,online,silver,30171,2023-02-24
4028,7864,standard,bronze,42698,2021-05-01
4029,7866,online,bronze,15411,2021-10-07
4030,7867,standard,silver,1960,2020-12-07
4031,7868,standard,silver,1841,2025-10-31
4032,7869,flagship,bronze,22596,2021-07-11
4033,7873,standard,silver,15204,2025-05-23
4034,7874,online,bronze,39375,2025-06-18
4035,7875,online,silver,45876,2021-10-24
4036,7876,express,bronze,35119,2019-08-01
4037,7878,flagship,bronze,34056,2023-10-03
4038,7879,flagship,silver,15785,2024-04-14
4039,7880,flagship,silver,23974,2026-01-22
4040,7881,standard,gold,43732,2019-09-10
4041,7884,online,bronze,25463,2024-01-22
4042,7885,online,silver,9779,2019-01-27
4043,7891,standard,bronze,14336,2022-10-04
4044,7891,online,bronze,47849,2023-09-25
4045,7893,express,silver,23427,2019-08-04
4046,7897,flagship,bronze,28805,2026-03-22
4047,7900,flagship,bronze,28684,2023-04-07
4048,7901,standard,bronze,13951,2020-08-04
4049,7904,express,silver,11831,2023-03-01
4050,7907,standard,bronze,42265,2020-12-12
4051,7907,express,bronze,8743,2023-06-30
4052,7912,express,bronze,11915,2025-10-16
4053,7914,express,silver,2619,2023-10-03
4054,7918,express,gold,43664,2024-04-30
4055,7920,express,silver,34445,2024-01-23
4056,7921,express,platinum,47875,2019-04-30
4057,7922,standard,silver,6447,2025-05-13
4058,7922,online,gold,11796,2023-07-17
4059,7924,standard,silver,32291,2022-09-19
4060,7925,standard,bronze,26652,2022-06-15
4061,7925,express,bronze,15334,2026-03-15
4062,7929,flagship,silver,31004,2025-11-14
4063,7930,express,gold,16630,2019-07-16
4064,7932,express,gold,33008,2019-01-27
4065,7935,standard,bronze,2078,2022-05-02
4066,7938,express,silver,10962,2026-03-03
4067,7942,flagship,silver,12498,2023-04-15
4068,7945,express,bronze,16166,2022-10-23
4069,7946,flagship,bronze,37075,2025-12-13
4070,7947,flagship,bronze,10276,2022-04-14
4071,7948,standard,gold,17558,2022-10-31
4072,7951,flagship,silver,39052,2019-07-16
4073,7953,standard,bronze,10292,2023-07-04
4074,7954,standard,silver,45180,2023-11-04
4075,7954,online,bronze,18353,2020-01-27
4076,7956,standard,silver,45993,2021-04-03
4077,7958,express,silver,42454,2024-06-24
4078,7960,standard,gold,34258,2024-04-27
4079,7964,online,gold,17130,2023-03-02
4080,7965,flagship,silver,37918,2025-10-08
4081,7968,flagship,silver,40072,2026-04-02
4082,7968,express,bronze,13551,2021-07-28
4083,7969,express,silver,3660,2025-01-18
4084,7971,flagship,bronze,40913,2019-06-30
4085,7972,online,bronze,9865,2022-02-03
4086,7973,flagship,bronze,16803,2019-11-10
4087,7978,express,silver,14050,2024-05-07
4088,7980,flagship,bronze,15517,2020-04-14
4089,7983,standard,silver,48034,2019-08-11
4090,7984,express,bronze,49728,2020-04-02
4091,7986,standard,bronze,23339,2020-05-11
4092,7990,standard,platinum,23468,2026-02-14
4093,7993,online,bronze,30686,2024-03-09
4094,7995,flagship,silver,18614,2025-03-30
4095,8003,standard,bronze,23891,2024-11-07
4096,8004,express,silver,39317,2019-07-15
4097,8005,express,bronze,2761,2025-03-10
4098,8005,online,bronze,31052,2024-04-25
4099,8008,flagship,bronze,49678,2021-09-14
4100,8009,online,bronze,36671,2023-06-17
4101,8009,flagship,bronze,1014,2024-08-29
4102,8010,online,bronze,32619,2024-01-24
4103,8011,flagship,silver,48231,2024-01-07
4104,8011,express,bronze,7272,2024-02-25
4105,8017,flagship,bronze,14011,2024-11-07
4106,8018,express,silver,26259,2025-11-08
4107,8019,express,bronze,2897,2025-03-28
4108,8020,online,bronze,8564,2023-07-27
4109,8020,standard,bronze,9040,2024-11-08
4110,8023,online,bronze,2480,2026-02-22
4111,8024,standard,bronze,34042,2026-06-06
4112,8025,flagship,silver,24865,2022-11-16
4113,8026,express,silver,39431,2026-01-18
4114,8028,flagship,silver,47183,2022-11-16
4115,8029,flagship,bronze,39650,2022-03-28
4116,8032,standard,bronze,42860,2022-06-15
4117,8033,express,bronze,1244,2025-07-30
4118,8036,express,bronze,14927,2019-05-18
4119,8040,standard,bronze,43590,2024-09-15
4120,8044,express,bronze,9735,2025-05-25
4121,8049,flagship,bronze,31351,2022-05-26
4122,8053,standard,gold,3040,2023-06-29
4123,8054,flagship,bronze,20291,2021-03-30
4124,8055,standard,gold,28965,2022-02-10
4125,8058,flagship,platinum,19802,2025-11-03
4126,8060,standard,silver,33015,2019-06-22
4127,8061,express,bronze,39657,2023-07-16
4128,8063,standard,silver,31260,2024-01-05
4129,8064,express,silver,1553,2025-10-07
4130,8065,flagship,gold,22803,2021-12-03
4131,8065,online,silver,31160,2021-10-27
4132,8073,standard,gold,16489,2020-07-12
4133,8079,online,bronze,28717,2021-01-17
4134,8081,express,silver,1576,2026-05-03
4135,8084,flagship,silver,28821,2020-03-19
4136,8085,express,silver,30200,2019-05-24
4137,8087,flagship,bronze,36292,2023-12-11
4138,8091,online,platinum,34858,2026-02-13
4139,8095,flagship,bronze,37358,2019-05-23
4140,8097,flagship,silver,8735,2021-04-23
4141,8100,standard,gold,37376,2022-11-29
4142,8101,express,bronze,8725,2019-02-27
4143,8101,flagship,bronze,40583,2021-05-12
4144,8109,standard,bronze,38916,2019-03-27
4145,8110,standard,gold,34996,2023-12-16
4146,8112,online,silver,41237,2025-12-15
4147,8113,online,bronze,24828,2024-08-16
4148,8117,flagship,silver,27651,2019-10-08
4149,8117,online,bronze,5715,2024-05-14
4150,8118,express,bronze,5827,2022-01-30
4151,8119,express,bronze,43288,2024-12-07
4152,8123,express,bronze,37129,2024-09-27
4153,8124,flagship,silver,42357,2023-09-25
4154,8125,standard,bronze,27356,2022-02-17
4155,8128,online,silver,36321,2021-07-19
4156,8129,online,silver,23772,2021-01-02
4157,8131,online,bronze,22141,2022-01-04
4158,8131,express,bronze,18866,2019-12-26
4159,8133,standard,bronze,27080,2025-12-11
4160,8134,express,bronze,35540,2021-11-06
4161,8136,express,gold,46678,2022-06-05
4162,8136,standard,bronze,10877,2025-12-27
4163,8137,standard,bronze,33095,2022-06-20
4164,8139,standard,silver,47917,2020-09-21
4165,8140,express,bronze,41182,2020-04-21
4166,8140,online,bronze,23236,2023-09-25
4167,8141,flagship,bronze,11718,2024-03-21
4168,8141,online,silver,23572,2020-09-30
4169,8142,flagship,bronze,33292,2021-02-20
4170,8143,standard,bronze,21935,2023-05-29
4171,8144,online,bronze,1647,2021-12-07
4172,8145,flagship,bronze,21960,2020-06-03
4173,8148,online,bronze,44423,2020-03-03
4174,8153,online,bronze,7527,2022-12-10
4175,8153,flagship,silver,13014,2019-10-02
4176,8154,express,silver,13702,2022-05-04
4177,8156,express,bronze,35165,2022-03-07
4178,8157,express,bronze,7330,2019-06-02
4179,8159,online,silver,35199,2026-05-29
4180,8160,express,gold,44129,2019-04-28
4181,8160,flagship,silver,29507,2022-07-17
4182,8164,express,bronze,39900,2021-06-07
4183,8165,express,silver,4061,2023-03-05
4184,8170,standard,silver,8976,2021-04-16
4185,8170,online,bronze,22054,2024-05-03
4186,8172,online,bronze,24628,2025-03-26
4187,8174,flagship,gold,23448,2025-06-07
4188,8176,express,bronze,37130,2024-12-29
4189,8178,flagship,silver,18734,2024-09-04
4190,8178,standard,bronze,6585,2026-04-17
4191,8180,online,bronze,1971,2021-05-15
4192,8183,standard,bronze,48324,2023-08-02
4193,8186,standard,bronze,18104,2022-03-29
4194,8187,flagship,silver,4223,2025-11-08
4195,8191,express,bronze,25691,2024-09-07
4196,8192,online,bronze,28342,2022-06-16
4197,8198,standard,bronze,3113,2019-11-16
4198,8200,flagship,silver,35445,2019-04-24
4199,8200,express,silver,34459,2024-08-28
4200,8201,express,bronze,25959,2019-10-04
4201,8203,standard,silver,14413,2020-12-29
4202,8204,express,bronze,5421,2024-07-06
4203,8206,express,silver,28364,2019-04-25
4204,8206,standard,bronze,22023,2026-06-28
4205,8209,express,silver,5709,2021-12-20
4206,8210,standard,bronze,13421,2019-11-24
4207,8213,online,bronze,20660,2020-12-12
4208,8215,flagship,bronze,10916,2025-11-17
4209,8217,standard,bronze,26563,2023-08-14
4210,8218,online,silver,17867,2025-05-05
4211,8219,flagship,gold,16727,2025-10-20
4212,8219,online,bronze,48606,2021-06-01
4213,8222,standard,bronze,5884,2022-11-09
4214,8224,flagship,bronze,16445,2023-04-01
4215,8225,online,gold,10028,2021-05-22
4216,8226,express,bronze,1084,2023-05-02
4217,8227,flagship,bronze,10796,2021-06-13
4218,8228,online,bronze,20600,2019-10-18
4219,8230,express,silver,45039,2025-03-03
4220,8231,online,bronze,39415,2025-11-28
4221,8232,express,silver,14862,2021-08-22
4222,8235,online,bronze,37244,2019-11-21
4223,8236,online,silver,20857,2022-01-28
4224,8236,standard,bronze,43720,2019-09-06
4225,8238,express,bronze,40174,2021-05-07
4226,8239,standard,gold,29499,2023-01-10
4227,8240,standard,bronze,14057,2022-04-13
4228,8241,standard,silver,36235,2020-03-18
4229,8243,express,silver,31408,2022-05-22
4230,8251,standard,platinum,1706,2023-03-06
4231,8253,online,bronze,26506,2019-03-25
4232,8254,express,gold,7840,2019-11-30
4233,8254,standard,silver,4955,2023-10-25
4234,8255,online,bronze,37064,2019-03-20
4235,8256,express,bronze,24585,2020-07-08
4236,8256,standard,bronze,13276,2025-03-05
4237,8257,standard,bronze,47675,2019-09-14
4238,8259,online,silver,41281,2019-11-15
4239,8260,flagship,gold,36636,2020-01-29
4240,8262,express,bronze,39869,2019-08-26
4241,8263,standard,bronze,34746,2022-09-24
4242,8266,flagship,bronze,34364,2021-06-24
4243,8267,flagship,silver,19889,2022-11-18
4244,8270,online,bronze,2948,2019-08-11
4245,8270,standard,bronze,15778,2025-01-16
4246,8271,express,gold,3705,2022-05-20
4247,8272,express,silver,20528,2026-01-22
4248,8274,flagship,bronze,8941,2024-11-10
4249,8275,online,silver,38040,2025-09-28
4250,8275,express,silver,16981,2023-10-26
4251,8278,standard,silver,36974,2025-09-30
4252,8279,standard,silver,31414,2024-06-04
4253,8281,online,silver,32703,2024-10-11
4254,8284,express,gold,32105,2021-07-31
4255,8285,flagship,gold,24730,2024-10-09
4256,8286,standard,gold,45225,2022-09-08
4257,8287,online,bronze,24048,2019-12-04
4258,8288,flagship,bronze,4424,2020-02-04
4259,8289,online,bronze,3183,2020-07-15
4260,8290,flagship,silver,19814,2023-05-05
4261,8300,flagship,bronze,17472,2019-04-19
4262,8301,standard,bronze,32467,2022-07-24
4263,8306,online,gold,11943,2023-07-03
4264,8311,standard,gold,7532,2025-05-12
4265,8317,flagship,bronze,45611,2023-05-11
4266,8318,standard,silver,25575,2022-11-28
4267,8320,flagship,bronze,14004,2022-05-19
4268,8322,express,bronze,48451,2021-12-12
4269,8328,flagship,bronze,13424,2022-08-09
4270,8329,online,bronze,21983,2022-03-15
4271,8330,flagship,bronze,29080,2022-06-21
4272,8330,express,bronze,24670,2021-08-20
4273,8332,express,silver,13176,2021-08-19
4274,8333,standard,bronze,39643,2020-04-01
4275,8335,express,silver,28718,2019-02-20
4276,8335,standard,bronze,24547,2024-04-22
4277,8336,online,silver,33606,2023-04-04
4278,8338,standard,bronze,9149,2026-03-02
4279,8342,express,bronze,33559,2026-01-21
4280,8343,express,bronze,46869,2026-05-09
4281,8346,standard,platinum,19049,2021-12-28
4282,8346,express,silver,38687,2022-08-21
4283,8348,online,bronze,28291,2021-08-12
4284,8350,express,bronze,14662,2024-01-17
4285,8350,flagship,bronze,2051,2025-12-08
4286,8356,online,bronze,26360,2023-09-28
4287,8361,flagship,silver,5674,2023-12-05
4288,8363,online,bronze,8362,2023-08-20
4289,8363,express,silver,16918,2024-11-29
4290,8366,express,bronze,24087,2024-11-17
4291,8368,online,bronze,28903,2025-10-09
4292,8370,online,platinum,27020,2024-02-10
4293,8372,online,silver,14149,2020-12-17
4294,8374,standard,silver,43823,2024-05-28
4295,8374,flagship,bronze,39915,2020-05-10
4296,8379,express,bronze,7973,2023-08-01
4297,8380,standard,bronze,30978,2023-08-22
4298,8383,express,silver,20931,2020-04-07
4299,8383,standard,bronze,48778,2019-08-26
4300,8384,express,silver,34529,2023-11-04
4301,8385,standard,bronze,3577,2019-03-18
4302,8386,express,bronze,5410,2025-12-18
4303,8387,standard,bronze,48659,2020-09-12
4304,8389,express,bronze,49713,2019-11-04
4305,8390,online,silver,3474,2022-06-16
4306,8395,online,silver,10176,2021-12-04
4307,8398,express,silver,16541,2025-04-18
4308,8399,standard,bronze,2167,2020-11-29
4309,8408,express,bronze,15597,2019-09-23
4310,8409,online,bronze,23893,2022-08-01
4311,8411,express,gold,21477,2019-04-27
4312,8412,standard,bronze,14578,2024-02-17
4313,8413,express,bronze,10155,2020-04-26
4314,8414,online,bronze,32810,2020-02-02
4315,8415,flagship,bronze,41833,2019-03-15
4316,8416,standard,platinum,34190,2022-03-05
4317,8418,online,bronze,34818,2022-11-15
4318,8418,express,gold,92,2025-10-01
4319,8422,online,bronze,15751,2019-08-02
4320,8422,express,silver,24421,2024-01-03
4321,8427,express,silver,19808,2025-05-23
4322,8428,flagship,bronze,6570,2025-01-26
4323,8430,flagship,silver,26007,2022-06-21
4324,8431,online,bronze,9528,2020-12-05
4325,8432,standard,gold,36719,2024-12-02
4326,8434,express,gold,44688,2023-03-30
4327,8435,express,platinum,42293,2025-06-10
4328,8437,express,bronze,49159,2021-12-23
4329,8437,flagship,silver,48286,2023-11-15
4330,8441,express,bronze,43715,2022-03-23
4331,8441,standard,bronze,37173,2023-10-06
4332,8443,standard,bronze,13718,2022-03-31
4333,8444,online,bronze,20558,2023-11-05
4334,8446,online,bronze,18149,2020-02-26
4335,8446,express,silver,34708,2026-02-28
4336,8447,express,silver,38185,2024-02-22
4337,8454,online,silver,11892,2025-04-26
4338,8455,online,bronze,40664,2022-04-09
4339,8455,standard,silver,38860,2025-08-02
4340,8456,express,bronze,36339,2024-06-19
4341,8458,standard,silver,35934,2024-08-14
4342,8459,standard,silver,46010,2022-12-08
4343,8465,flagship,gold,26757,2021-03-18
4344,8468,flagship,bronze,10080,2020-11-28
4345,8469,online,bronze,39636,2023-11-04
4346,8472,flagship,bronze,26258,2020-06-18
4347,8476,online,gold,11962,2023-06-06
4348,8477,flagship,gold,11371,2024-10-22
4349,8478,online,gold,6300,2025-06-29
4350,8479,online,bronze,47553,2026-03-01
4351,8483,express,bronze,42429,2024-05-06
4352,8486,express,silver,11771,2026-06-25
4353,8489,standard,bronze,11783,2021-07-11
4354,8492,express,bronze,996,2019-11-13
4355,8493,express,gold,7903,2021-07-30
4356,8494,online,bronze,7187,2021-03-05
4357,8495,standard,silver,41304,2026-06-24
4358,8497,flagship,gold,20136,2022-04-23
4359,8498,flagship,bronze,10071,2025-10-26
4360,8499,standard,bronze,27377,2020-09-24
4361,8501,standard,silver,48372,2024-01-13
4362,8501,online,bronze,26574,2022-03-21
4363,8504,standard,bronze,10657,2025-02-28
4364,8507,flagship,silver,22687,2019-09-16
4365,8508,standard,silver,25924,2021-02-18
4366,8510,express,silver,8247,2021-07-25
4367,8511,flagship,bronze,10914,2020-11-16
4368,8511,express,bronze,47159,2021-02-07
4369,8516,standard,silver,29941,2023-11-05
4370,8520,online,silver,32890,2021-06-19
4371,8522,flagship,bronze,35254,2022-05-19
4372,8525,express,bronze,39869,2019-02-24
4373,8529,standard,bronze,31260,2026-02-16
4374,8530,express,silver,34651,2026-02-16
4375,8533,flagship,silver,33505,2020-02-28
4376,8535,online,bronze,28835,2021-01-02
4377,8538,express,bronze,42137,2020-06-08
4378,8541,flagship,bronze,28983,2024-10-31
4379,8543,flagship,gold,22046,2024-03-11
4380,8544,standard,bronze,26950,2022-05-19
4381,8544,online,platinum,31,2020-10-20
4382,8545,online,bronze,34799,2026-01-01
4383,8547,standard,platinum,16227,2019-12-06
4384,8550,express,bronze,42968,2026-01-18
4385,8551,online,bronze,35322,2023-07-17
4386,8551,flagship,bronze,17294,2021-05-31
4387,8552,online,bronze,23167,2019-05-18
4388,8554,online,bronze,28507,2020-06-21
4389,8554,standard,bronze,20814,2022-12-19
4390,8555,standard,gold,22295,2023-11-10
4391,8556,standard,silver,48175,2022-12-07
4392,8558,standard,bronze,41800,2022-02-22
4393,8558,flagship,gold,24557,2022-11-29
4394,8561,flagship,silver,49272,2024-09-13
4395,8562,express,silver,41631,2019-03-09
4396,8562,standard,bronze,21140,2024-03-20
4397,8565,online,gold,43713,2024-11-09
4398,8566,express,silver,32083,2025-04-18
4399,8568,standard,bronze,2884,2020-06-30
4400,8574,express,bronze,31255,2024-10-30
4401,8575,express,platinum,16213,2020-10-30
4402,8576,standard,bronze,32358,2024-05-16
4403,8578,standard,bronze,36790,2019-07-20
4404,8580,express,bronze,3528,2023-03-01
4405,8585,online,bronze,13553,2021-08-21
4406,8590,standard,bronze,3619,2025-12-19
4407,8590,online,bronze,48937,2023-03-22
4408,8592,flagship,gold,1235,2021-10-18
4409,8593,express,bronze,6908,2021-05-19
4410,8595,express,silver,42209,2020-04-08
4411,8597,standard,bronze,32857,2019-03-03
4412,8597,online,bronze,26284,2022-10-03
4413,8598,online,silver,8735,2024-04-07
4414,8598,express,bronze,27045,2021-07-15
4415,8599,express,bronze,26210,2026-05-16
4416,8601,flagship,bronze,12551,2021-01-21
4417,8601,standard,bronze,353,2025-11-07
4418,8602,standard,bronze,2452,2024-02-12
4419,8603,online,bronze,36115,2026-03-15
4420,8605,flagship,bronze,31945,2022-08-03
4421,8606,flagship,bronze,4660,2025-12-28
4422,8606,online,gold,435,2022-05-22
4423,8607,express,bronze,32259,2023-09-06
4424,8608,standard,bronze,20066,2021-08-11
4425,8611,standard,bronze,4065,2025-09-25
4426,8614,standard,silver,40162,2019-01-25
4427,8615,express,silver,44316,2023-03-21
4428,8616,express,bronze,23089,2024-06-15
4429,8619,flagship,bronze,41897,2019-08-22
4430,8622,flagship,bronze,41163,2022-03-19
4431,8624,standard,silver,40833,2024-01-09
4432,8625,express,bronze,23959,2022-11-21
4433,8626,flagship,bronze,35487,2020-04-11
4434,8629,flagship,silver,14978,2025-04-06
4435,8630,online,bronze,128,2020-11-01
4436,8632,express,bronze,26851,2022-07-26
4437,8636,online,bronze,43178,2019-05-23
4438,8641,standard,gold,38576,2021-08-27
4439,8643,online,bronze,38468,2024-11-20
4440,8644,flagship,bronze,13621,2019-11-30
4441,8648,standard,silver,14621,2024-01-27
4442,8648,flagship,silver,11901,2021-05-26
4443,8649,online,bronze,22980,2026-04-21
4444,8652,flagship,silver,18527,2019-06-21
4445,8653,express,silver,29327,2023-09-07
4446,8653,online,bronze,35652,2022-11-29
4447,8654,online,bronze,13079,2020-11-19
4448,8656,express,bronze,32820,2022-03-30
4449,8658,standard,gold,48444,2019-09-05
4450,8660,express,bronze,43158,2024-12-09
4451,8661,flagship,silver,1900,2025-09-17
4452,8668,online,gold,19266,2019-11-01
4453,8669,flagship,silver,35493,2026-05-09
4454,8672,online,bronze,24432,2021-02-13
4455,8673,online,bronze,7667,2020-07-11
4456,8674,express,bronze,33988,2025-09-13
4457,8677,standard,gold,35799,2024-02-25
4458,8677,online,gold,48328,2019-02-28
4459,8679,flagship,bronze,37519,2023-03-14
4460,8679,standard,silver,38790,2021-05-26
4461,8680,online,silver,41852,2023-07-14
4462,8686,flagship,bronze,15906,2025-01-19
4463,8687,express,bronze,14607,2023-12-12
4464,8687,standard,bronze,34791,2019-11-02
4465,8688,express,gold,44023,2023-04-03
4466,8690,express,platinum,18914,2021-06-18
4467,8691,flagship,gold,33673,2026-03-06
4468,8696,standard,bronze,47203,2026-01-05
4469,8697,flagship,bronze,12869,2022-09-21
4470,8698,express,bronze,35621,2022-05-23
4471,8703,flagship,silver,12528,2022-11-23
4472,8706,express,gold,48344,2022-08-07
4473,8707,standard,bronze,34574,2019-12-26
4474,8710,standard,silver,28201,2022-11-30
4475,8712,flagship,gold,40200,2020-09-10
4476,8713,flagship,silver,12836,2020-09-23
4477,8714,standard,bronze,2235,2021-10-08
4478,8718,express,silver,39357,2023-07-05
4479,8721,express,gold,4582,2021-11-18
4480,8721,flagship,silver,7964,2025-05-12
4481,8722,online,silver,37249,2019-05-23
4482,8724,flagship,bronze,31783,2021-04-07
4483,8724,express,bronze,23808,2021-05-30
4484,8725,standard,silver,45146,2022-07-12
4485,8727,online,platinum,23808,2021-01-13
4486,8730,online,silver,12315,2022-11-10
4487,8731,express,gold,13440,2019-01-06
4488,8734,online,silver,49510,2022-04-21
4489,8735,express,bronze,35978,2023-11-01
4490,8735,flagship,silver,44698,2019-08-11
4491,8742,flagship,bronze,29685,2025-02-09
4492,8745,flagship,bronze,18086,2024-01-20
4493,8747,express,gold,23318,2024-01-26
4494,8748,flagship,silver,45964,2020-02-19
4495,8750,online,bronze,15378,2021-11-21
4496,8752,express,silver,16737,2019-09-04
4497,8754,online,bronze,1942,2026-01-17
4498,8754,flagship,bronze,7163,2026-03-23
4499,8755,standard,bronze,37156,2019-05-27
4500,8756,flagship,gold,18823,2019-08-19
4501,8759,express,bronze,5681,2025-05-29
4502,8760,express,platinum,23344,2021-01-05
4503,8760,online,bronze,17869,2023-06-28
4504,8761,express,gold,6305,2024-03-28
4505,8766,flagship,silver,38438,2023-10-09
4506,8767,standard,bronze,40705,2024-06-28
4507,8769,flagship,silver,14135,2025-11-03
4508,8772,flagship,bronze,2765,2025-03-05
4509,8774,flagship,gold,32579,2021-03-19
4510,8776,flagship,gold,22179,2023-10-10
4511,8778,standard,gold,46407,2019-06-05
4512,8782,online,gold,24989,2020-11-10
4513,8783,standard,silver,3091,2021-07-04
4514,8785,express,bronze,41857,2025-04-24
4515,8787,flagship,bronze,38744,2023-06-11
4516,8789,flagship,silver,49991,2023-06-13
4517,8790,flagship,bronze,43784,2022-02-06
4518,8791,standard,bronze,24253,2022-07-23
4519,8792,flagship,silver,24589,2019-12-30
4520,8793,express,bronze,44416,2019-03-05
4521,8794,express,bronze,33411,2021-09-09
4522,8794,standard,silver,47662,2021-11-30
4523,8796,standard,gold,8180,2022-05-18
4524,8797,standard,silver,22474,2024-06-28
4525,8798,express,bronze,5620,2026-01-05
4526,8800,express,silver,419,2023-12-02
4527,8800,standard,silver,6781,2024-12-07
4528,8803,standard,gold,37614,2022-07-21
4529,8804,online,gold,27580,2021-08-28
4530,8805,express,bronze,37789,2025-10-28
4531,8811,flagship,bronze,48080,2023-10-09
4532,8813,standard,bronze,43620,2024-03-23
4533,8814,flagship,bronze,10013,2024-07-29
4534,8815,flagship,silver,26744,2019-10-08
4535,8817,standard,bronze,2786,2022-08-08
4536,8819,online,bronze,17547,2022-04-17
4537,8819,express,bronze,5576,2022-03-15
4538,8820,express,platinum,12023,2023-03-12
4539,8822,flagship,silver,8198,2025-11-07
4540,8823,express,bronze,20157,2021-08-10
4541,8825,flagship,gold,8740,2021-11-14
4542,8827,express,bronze,23922,2021-06-27
4543,8828,flagship,silver,27278,2024-11-04
4544,8830,express,bronze,1449,2026-04-10
4545,8835,flagship,silver,20012,2024-03-25
4546,8836,online,gold,7688,2023-10-31
4547,8840,flagship,gold,48889,2022-05-02
4548,8843,standard,silver,13571,2024-05-24
4549,8845,standard,bronze,9592,2023-06-02
4550,8848,online,bronze,2173,2020-11-06
4551,8852,online,silver,3213,2025-09-07
4552,8852,flagship,bronze,38896,2023-05-12
4553,8854,express,bronze,40689,2019-12-19
4554,8855,online,gold,8993,2021-03-17
4555,8856,standard,bronze,26523,2022-09-02
4556,8858,express,gold,1667,2021-03-22
4557,8859,standard,silver,29528,2019-12-05
4558,8860,standard,gold,34801,2025-03-14
4559,8861,standard,bronze,38365,2022-04-25
4560,8863,express,bronze,13676,2026-04-28
4561,8864,express,bronze,3802,2020-06-02
4562,8865,standard,silver,12741,2024-10-03
4563,8865,express,bronze,3921,2025-08-19
4564,8866,online,bronze,40426,2022-02-11
4565,8867,standard,silver,31701,2021-09-12
4566,8869,standard,bronze,7354,2022-04-22
4567,8870,online,bronze,959,2021-07-17
4568,8873,online,bronze,18266,2026-02-21
4569,8873,flagship,silver,28435,2024-04-05
4570,8876,flagship,bronze,4497,2019-10-29
4571,8878,express,bronze,2562,2023-07-10
4572,8878,online,bronze,47062,2026-02-03
4573,8884,standard,bronze,42702,2022-11-13
4574,8887,online,platinum,38857,2023-02-23
4575,8890,standard,silver,28975,2021-11-05
4576,8891,online,silver,33452,2024-11-12
4577,8894,express,bronze,38480,2020-02-19
4578,8895,online,gold,27045,2021-02-18
4579,8896,standard,bronze,39756,2022-11-12
4580,8897,express,bronze,28293,2026-06-08
4581,8899,online,silver,13253,2024-09-23
4582,8904,flagship,bronze,39486,2023-01-04
4583,8905,online,bronze,40827,2024-12-10
4584,8907,standard,bronze,15240,2025-04-26
4585,8907,online,platinum,39723,2022-01-16
4586,8908,flagship,bronze,32602,2023-05-26
4587,8908,standard,gold,13993,2020-07-24
4588,8913,standard,silver,25470,2025-12-15
4589,8916,online,bronze,18453,2021-02-06
4590,8917,flagship,bronze,39807,2022-06-29
4591,8923,standard,bronze,44901,2022-06-17
4592,8923,express,platinum,32672,2020-06-27
4593,8926,standard,silver,34371,2023-05-29
4594,8927,online,bronze,32485,2025-10-04
4595,8929,online,bronze,4212,2019-07-10
4596,8933,standard,silver,21798,2024-12-06
4597,8937,express,platinum,23450,2024-11-02
4598,8941,flagship,bronze,28077,2020-01-02
4599,8943,online,gold,46655,2024-01-15
4600,8944,express,bronze,18605,2021-12-10
4601,8945,flagship,gold,26842,2024-05-27
4602,8946,express,silver,33478,2023-04-16
4603,8947,online,bronze,17524,2025-11-26
4604,8948,standard,bronze,9353,2024-02-11
4605,8949,standard,bronze,17968,2019-02-02
4606,8950,flagship,gold,24510,2020-04-05
4607,8952,online,bronze,18620,2021-10-12
4608,8955,standard,bronze,18798,2021-01-26
4609,8956,standard,bronze,1656,2019-08-09
4610,8957,flagship,silver,27336,2022-11-19
4611,8957,standard,silver,2126,2026-03-28
4612,8959,online,bronze,31747,2022-02-13
4613,8960,express,bronze,19714,2025-07-11
4614,8961,online,silver,36471,2022-07-12
4615,8968,standard,bronze,10116,2024-05-30
4616,8969,standard,bronze,27056,2022-08-23
4617,8973,flagship,gold,19060,2025-01-14
4618,8974,standard,bronze,25598,2023-11-11
4619,8976,standard,bronze,30019,2024-07-13
4620,8979,flagship,bronze,31704,2021-08-03
4621,8980,online,gold,14047,2025-10-19
4622,8983,express,silver,5599,2020-01-01
4623,8985,online,bronze,41950,2021-09-30
4624,8987,express,bronze,26433,2021-03-22
4625,8989,online,gold,45880,2019-12-01
4626,8990,online,gold,3372,2022-02-13
4627,8991,flagship,bronze,47802,2025-05-07
4628,8993,express,bronze,18864,2021-10-29
4629,8996,standard,bronze,18991,2020-09-18
4630,8997,online,bronze,42238,2022-05-12
4631,8998,online,bronze,20635,2020-01-19
4632,8999,express,bronze,46860,2021-08-07
4633,9001,online,bronze,9851,2022-12-07
4634,9001,standard,bronze,48372,2024-02-29
4635,9004,online,bronze,17126,2024-10-06
4636,9006,standard,bronze,41579,2023-05-07
4637,9007,express,bronze,25825,2021-11-29
4638,9010,express,silver,45289,2020-02-14
4639,9011,express,bronze,10415,2024-04-04
4640,9012,express,silver,30038,2021-08-14
4641,9013,flagship,gold,9649,2025-11-05
4642,9014,online,bronze,24263,2021-12-13
4643,9016,online,silver,48898,2021-02-05
4644,9016,standard,bronze,22657,2020-12-05
4645,9019,flagship,bronze,4560,2020-02-07
4646,9020,express,bronze,46793,2022-01-19
4647,9025,express,gold,46898,2022-11-06
4648,9029,express,bronze,18526,2023-01-29
4649,9030,standard,bronze,5934,2025-09-30
4650,9031,standard,silver,9044,2019-11-27
4651,9031,express,bronze,14117,2021-07-03
4652,9032,online,bronze,12316,2021-09-06
4653,9033,online,bronze,33127,2023-05-17
4654,9035,online,bronze,49618,2020-05-07
4655,9036,flagship,bronze,12890,2026-05-06
4656,9040,flagship,silver,26030,2026-05-08
4657,9042,online,bronze,11423,2024-06-08
4658,9045,online,bronze,41085,2023-11-17
4659,9047,online,bronze,32888,2022-04-16
4660,9052,online,bronze,15240,2022-03-21
4661,9054,flagship,bronze,46486,2025-03-07
4662,9058,flagship,bronze,3406,2023-11-04
4663,9061,standard,silver,49310,2025-08-16
4664,9065,express,silver,6945,2022-01-30
4665,9074,express,gold,14845,2020-12-12
4666,9074,online,gold,1956,2019-04-13
4667,9079,standard,silver,6737,2021-10-11
4668,9079,express,bronze,21096,2019-12-21
4669,9080,flagship,bronze,3965,2019-12-11
4670,9085,standard,bronze,46617,2024-01-04
4671,9087,standard,silver,37085,2019-04-13
4672,9090,standard,bronze,14855,2019-03-03
4673,9098,flagship,silver,35904,2019-12-19
4674,9098,standard,bronze,22154,2020-11-01
4675,9105,express,bronze,6213,2025-01-13
4676,9106,standard,platinum,29625,2022-12-09
4677,9108,online,bronze,27444,2025-12-13
4678,9108,express,bronze,41332,2021-03-21
4679,9110,standard,silver,42463,2025-04-11
4680,9111,standard,bronze,48036,2023-10-11
4681,9112,express,silver,20304,2025-06-04
4682,9112,standard,gold,40560,2022-02-01
4683,9114,flagship,bronze,46808,2020-06-16
4684,9114,standard,bronze,29432,2024-01-13
4685,9119,online,bronze,2202,2023-09-23
4686,9125,express,bronze,4195,2021-10-14
4687,9126,flagship,bronze,49905,2021-06-02
4688,9127,express,bronze,33813,2025-11-17
4689,9129,express,silver,16031,2021-03-11
4690,9133,flagship,silver,1750,2021-09-11
4691,9133,express,bronze,14880,2024-12-12
4692,9138,standard,bronze,26002,2021-04-04
4693,9138,flagship,silver,46534,2021-05-29
4694,9141,standard,gold,27903,2021-07-12
4695,9142,express,bronze,19882,2021-07-25
4696,9144,express,silver,47376,2023-01-10
4697,9145,flagship,platinum,45718,2023-12-09
4698,9148,online,gold,289,2025-02-02
4699,9149,standard,silver,6264,2025-11-01
4700,9151,standard,bronze,8155,2024-11-27
4701,9153,express,bronze,1523,2025-07-03
4702,9155,online,bronze,43261,2021-11-12
4703,9156,flagship,gold,6176,2023-02-25
4704,9158,online,bronze,9354,2020-11-23
4705,9159,online,gold,6273,2022-08-14
4706,9167,flagship,bronze,48157,2020-06-17
4707,9169,standard,silver,1214,2024-07-06
4708,9169,express,bronze,102,2019-11-13
4709,9178,flagship,bronze,44210,2024-06-19
4710,9178,standard,gold,27910,2024-08-19
4711,9182,express,silver,38238,2019-08-11
4712,9183,standard,silver,32030,2021-06-04
4713,9185,flagship,bronze,22641,2025-04-20
4714,9186,standard,bronze,10820,2025-12-31
4715,9189,flagship,bronze,15243,2020-11-27
4716,9192,flagship,bronze,48465,2020-03-03
4717,9193,express,bronze,22654,2025-09-23
4718,9194,standard,silver,14375,2019-02-09
4719,9199,express,bronze,9730,2024-09-18
4720,9201,express,bronze,6700,2025-11-04
4721,9202,express,bronze,19424,2025-05-01
4722,9204,flagship,silver,9636,2019-04-17
4723,9205,express,silver,16275,2020-02-14
4724,9206,standard,bronze,37902,2024-03-16
4725,9209,standard,silver,19995,2021-07-02
4726,9211,standard,bronze,37550,2022-02-25
4727,9212,standard,bronze,5462,2024-11-01
4728,9212,flagship,bronze,35342,2020-07-16
4729,9213,standard,bronze,17849,2024-07-01
4730,9216,flagship,bronze,20321,2023-10-30
4731,9218,express,silver,16082,2019-10-13
4732,9220,flagship,silver,49830,2020-11-18
4733,9222,online,silver,38620,2022-03-18
4734,9223,standard,bronze,34553,2020-05-21
4735,9223,flagship,bronze,19356,2025-04-17
4736,9226,standard,bronze,3142,2024-07-09
4737,9232,online,gold,33845,2026-02-01
4738,9235,express,gold,33128,2023-02-22
4739,9235,standard,silver,45310,2023-11-09
4740,9236,express,gold,48625,2023-10-06
4741,9236,flagship,bronze,23853,2020-03-11
4742,9239,flagship,silver,33650,2023-10-23
4743,9245,online,bronze,26960,2020-07-27
4744,9246,express,silver,48431,2019-08-30
4745,9247,flagship,bronze,8099,2025-11-29
4746,9248,flagship,bronze,18160,2023-02-18
4747,9254,online,bronze,15046,2019-11-13
4748,9255,express,silver,20476,2021-05-03
4749,9258,standard,bronze,9065,2025-10-09
4750,9258,online,bronze,29716,2020-05-02
4751,9260,flagship,bronze,21942,2026-01-25
4752,9262,online,silver,29012,2024-06-17
4753,9265,flagship,silver,11885,2024-12-18
4754,9265,standard,silver,9697,2020-10-04
4755,9266,online,bronze,5797,2019-01-15
4756,9269,flagship,bronze,49869,2022-07-18
4757,9270,standard,silver,35372,2023-12-19
4758,9272,standard,bronze,19252,2021-08-05
4759,9272,express,gold,4611,2020-08-28
4760,9280,online,gold,15071,2019-03-03
4761,9280,standard,silver,24022,2022-02-06
4762,9281,flagship,gold,43900,2021-02-25
4763,9283,online,platinum,18830,2025-09-07
4764,9284,standard,silver,22770,2023-06-04
4765,9287,standard,bronze,23821,2020-02-08
4766,9287,express,bronze,23404,2023-03-22
4767,9288,standard,gold,5094,2026-06-13
4768,9288,flagship,bronze,24241,2025-08-29
4769,9289,standard,bronze,1615,2020-01-10
4770,9290,flagship,bronze,19491,2021-01-31
4771,9291,standard,silver,48740,2023-06-03
4772,9292,flagship,silver,9009,2024-08-30
4773,9295,flagship,silver,37875,2023-02-15
4774,9301,standard,bronze,5601,2021-12-25
4775,9301,flagship,bronze,15185,2020-04-04
4776,9307,standard,silver,45505,2026-02-13
4777,9312,express,silver,18457,2020-09-21
4778,9312,standard,bronze,20688,2021-03-23
4779,9315,flagship,bronze,8837,2019-07-10
4780,9316,standard,bronze,12838,2022-12-04
4781,9319,flagship,gold,14885,2020-11-19
4782,9322,online,silver,46443,2020-10-27
4783,9323,flagship,silver,24475,2020-02-07
4784,9330,express,bronze,27981,2020-03-02
4785,9333,express,bronze,47321,2021-03-31
4786,9335,flagship,silver,19162,2020-07-02
4787,9337,online,platinum,25490,2023-03-11
4788,9339,express,silver,10441,2025-12-21
4789,9341,standard,silver,22412,2024-08-27
4790,9342,online,gold,9659,2023-02-24
4791,9343,express,platinum,46788,2025-04-30
4792,9344,express,gold,18857,2023-01-31
4793,9346,flagship,bronze,46620,2023-10-22
4794,9353,flagship,gold,18652,2021-07-14
4795,9354,standard,silver,29324,2026-04-08
4796,9357,flagship,bronze,11497,2023-12-09
4797,9358,flagship,bronze,15278,2025-07-25
4798,9361,online,silver,6595,2019-01-18
4799,9361,standard,bronze,5144,2025-07-16
4800,9362,express,gold,45893,2022-06-29
4801,9365,online,silver,35981,2020-10-04
4802,9368,flagship,gold,36434,2024-03-18
4803,9368,standard,bronze,23005,2020-01-24
4804,9369,online,bronze,38912,2019-04-22
4805,9370,online,gold,1823,2020-07-31
4806,9372,standard,bronze,26474,2019-01-07
4807,9374,flagship,bronze,32516,2019-01-25
4808,9378,standard,bronze,39982,2023-10-21
4809,9379,online,bronze,16591,2026-04-30
4810,9381,express,bronze,32124,2023-02-15
4811,9385,express,bronze,5370,2020-09-14
4812,9385,standard,bronze,49350,2022-11-25
4813,9386,standard,bronze,42179,2024-02-03
4814,9388,online,platinum,6225,2022-10-15
4815,9389,online,bronze,27110,2021-08-18
4816,9390,flagship,gold,23544,2026-06-10
4817,9391,standard,bronze,28693,2024-02-25
4818,9392,express,silver,11984,2026-04-25
4819,9394,express,bronze,28444,2025-03-10
4820,9402,flagship,bronze,684,2021-12-13
4821,9407,flagship,silver,21075,2019-01-19
4822,9408,flagship,silver,23533,2019-05-12
4823,9409,flagship,silver,42918,2024-04-14
4824,9414,express,bronze,49163,2025-05-20
4825,9415,online,silver,29096,2026-02-13
4826,9416,online,bronze,31317,2019-01-17
4827,9417,standard,silver,34798,2025-05-18
4828,9420,express,platinum,21158,2022-05-24
4829,9421,flagship,silver,36435,2020-11-21
4830,9423,standard,bronze,34683,2025-11-07
4831,9424,standard,silver,45444,2024-01-19
4832,9424,online,bronze,46614,2023-04-15
4833,9426,express,silver,48641,2023-12-26
4834,9430,flagship,bronze,45472,2023-11-29
4835,9432,standard,bronze,11272,2022-12-09
4836,9432,flagship,silver,31269,2023-03-18
4837,9435,express,silver,47464,2023-12-09
4838,9438,express,silver,1259,2025-09-20
4839,9438,standard,silver,8953,2024-12-24
4840,9441,online,bronze,3241,2020-02-03
4841,9444,standard,gold,31528,2024-10-08
4842,9446,standard,bronze,42632,2024-04-29
4843,9446,flagship,silver,16560,2026-03-05
4844,9447,express,silver,27585,2021-02-05
4845,9448,standard,bronze,15090,2024-08-28
4846,9448,online,silver,39734,2023-05-24
4847,9449,standard,bronze,33852,2023-06-18
4848,9454,online,gold,14627,2022-07-22
4849,9459,express,silver,7557,2019-07-26
4850,9461,online,bronze,27506,2021-01-13
4851,9468,express,silver,14438,2020-06-17
4852,9472,standard,bronze,47461,2023-01-30
4853,9472,express,bronze,24329,2021-01-27
4854,9473,flagship,bronze,650,2021-09-23
4855,9474,standard,bronze,42657,2025-03-23
4856,9474,express,bronze,41752,2023-01-21
4857,9475,online,bronze,11045,2022-09-19
4858,9476,online,silver,46820,2024-06-03
4859,9478,online,bronze,33655,2020-03-31
4860,9482,standard,bronze,33327,2022-01-31
4861,9482,flagship,silver,11508,2022-05-10
4862,9483,online,bronze,6760,2020-03-05
4863,9486,flagship,silver,47179,2024-09-07
4864,9488,express,bronze,8612,2020-12-02
4865,9490,standard,bronze,18667,2026-04-24
4866,9496,standard,platinum,35576,2020-01-25
4867,9500,express,silver,43151,2023-10-14
4868,9501,flagship,bronze,3438,2022-08-15
4869,9502,online,bronze,18795,2022-12-19
4870,9504,standard,bronze,32134,2020-05-16
4871,9505,standard,gold,32020,2019-02-12
4872,9511,flagship,gold,27283,2023-08-22
4873,9512,flagship,silver,36796,2022-12-23
4874,9516,express,bronze,48492,2022-06-08
4875,9520,online,bronze,15650,2022-01-30
4876,9520,flagship,bronze,2182,2023-10-18
4877,9523,express,bronze,20771,2024-02-24
4878,9533,standard,bronze,24247,2023-09-10
4879,9534,online,bronze,40647,2023-12-14
4880,9535,express,bronze,16213,2023-03-30
4881,9535,standard,bronze,25984,2023-06-19
4882,9536,flagship,bronze,23952,2025-05-15
4883,9538,online,bronze,29745,2020-08-12
4884,9538,express,bronze,31158,2022-09-08
4885,9539,express,silver,19050,2021-09-30
4886,9540,standard,bronze,15858,2026-05-30
4887,9542,online,silver,11169,2024-05-24
4888,9543,flagship,silver,49872,2021-03-28
4889,9544,flagship,bronze,9175,2021-12-11
4890,9546,flagship,gold,42205,2024-06-24
4891,9546,express,silver,2846,2024-09-27
4892,9549,express,silver,41085,2024-03-23
4893,9553,express,bronze,39781,2020-06-26
4894,9555,standard,bronze,46272,2019-10-12
4895,9565,standard,bronze,21612,2026-02-15
4896,9567,online,silver,14135,2024-03-07
4897,9571,express,bronze,8562,2024-08-08
4898,9572,flagship,silver,7858,2021-09-30
4899,9573,standard,silver,27511,2019-04-04
4900,9575,express,gold,20179,2024-12-10
4901,9578,online,silver,32464,2020-09-14
4902,9582,standard,bronze,29484,2021-09-04
4903,9584,standard,silver,28354,2025-04-24
4904,9585,standard,bronze,9187,2026-05-29
4905,9585,flagship,bronze,49010,2020-02-21
4906,9588,express,silver,32985,2019-08-31
4907,9589,express,bronze,1772,2025-05-13
4908,9590,standard,bronze,49130,2022-12-12
4909,9590,online,gold,13298,2019-04-28
4910,9592,flagship,platinum,1249,2021-07-28
4911,9594,online,silver,12223,2024-03-21
4912,9595,standard,platinum,23974,2021-11-11
4913,9597,flagship,silver,46122,2022-05-19
4914,9598,express,bronze,39769,2022-03-08
4915,9599,flagship,silver,40084,2019-03-11
4916,9601,standard,bronze,16055,2025-04-15
4917,9602,standard,silver,44835,2024-09-16
4918,9603,express,platinum,6607,2026-05-15
4919,9604,online,bronze,40045,2024-05-10
4920,9606,express,silver,15633,2025-09-14
4921,9607,online,bronze,21334,2021-09-18
4922,9609,online,platinum,792,2024-01-08
4923,9610,express,gold,2609,2024-11-25
4924,9611,flagship,bronze,23387,2023-02-10
4925,9612,flagship,bronze,30847,2026-03-22
4926,9613,standard,silver,49226,2024-03-18
4927,9618,express,bronze,10246,2023-07-05
4928,9619,flagship,silver,19370,2022-09-26
4929,9620,standard,bronze,20012,2020-05-27
4930,9622,express,bronze,23775,2022-07-02
4931,9623,online,bronze,13524,2025-12-28
4932,9623,standard,gold,41929,2020-12-15
4933,9627,flagship,silver,46791,2019-09-10
4934,9630,express,bronze,40476,2020-04-17
4935,9630,online,silver,25732,2022-11-10
4936,9631,online,bronze,42981,2024-01-28
4937,9632,standard,bronze,12645,2024-08-06
4938,9634,standard,bronze,1934,2025-07-09
4939,9640,standard,silver,27260,2023-10-05
4940,9642,standard,silver,36221,2019-05-14
4941,9647,standard,bronze,41482,2025-05-07
4942,9649,standard,bronze,7033,2023-10-01
4943,9650,express,bronze,14331,2021-04-12
4944,9653,standard,gold,49296,2019-01-04
4945,9661,express,bronze,38912,2020-12-27
4946,9664,standard,bronze,37364,2025-11-03
4947,9665,express,bronze,32999,2022-12-24
4948,9670,express,silver,47346,2022-03-17
4949,9672,online,bronze,29398,2025-10-11
4950,9672,express,gold,24292,2025-07-02
4951,9673,express,bronze,42614,2022-11-05
4952,9675,flagship,bronze,21854,2020-11-13
4953,9683,flagship,bronze,21123,2022-06-29
4954,9684,online,bronze,881,2019-06-27
4955,9685,standard,bronze,36057,2020-06-06
4956,9688,online,bronze,38739,2026-04-09
4957,9689,online,gold,24885,2025-06-24
4958,9691,standard,bronze,2538,2025-06-07
4959,9693,standard,silver,44562,2020-12-13
4960,9695,standard,bronze,11925,2022-06-24
4961,9697,standard,silver,44142,2021-03-12
4962,9697,online,gold,14590,2020-09-21
4963,9698,online,silver,32668,2022-09-18
4964,9703,standard,bronze,18325,2024-05-16
4965,9706,express,platinum,34614,2019-01-16
4966,9708,standard,silver,17272,2021-06-25
4967,9708,online,bronze,24400,2025-04-03
4968,9709,online,silver,10525,2024-03-15
4969,9712,online,silver,15874,2025-12-08
4970,9713,online,bronze,44611,2019-04-06
4971,9717,online,bronze,31522,2025-06-05
4972,9718,online,bronze,39364,2022-07-09
4973,9721,standard,bronze,38138,2024-05-13
4974,9721,flagship,gold,4281,2024-04-26
4975,9725,online,bronze,15828,2020-04-26
4976,9726,flagship,bronze,32971,2020-03-12
4977,9727,online,silver,20285,2021-06-10
4978,9728,standard,gold,35480,2025-05-31
4979,9729,express,silver,19238,2021-07-19
4980,9730,flagship,bronze,43997,2024-02-09
4981,9731,express,bronze,28871,2025-11-08
4982,9737,flagship,silver,49493,2020-03-09
4983,9741,online,silver,4197,2019-05-28
4984,9743,flagship,silver,2501,2020-10-06
4985,9744,express,silver,513,2019-08-14
4986,9746,flagship,bronze,15689,2023-12-04
4987,9747,flagship,bronze,27170,2019-12-16
4988,9750,online,silver,39517,2024-10-31
4989,9751,online,silver,24398,2023-12-21
4990,9752,online,bronze,30545,2025-06-10
4991,9755,standard,bronze,5015,2020-02-26
4992,9756,express,bronze,24230,2025-07-05
4993,9757,standard,bronze,45272,2026-06-03
4994,9760,express,silver,39066,2024-07-09
4995,9766,flagship,bronze,19329,2023-04-20
4996,9769,express,silver,38200,2023-12-16
4997,9770,standard,silver,8527,2021-03-21
4998,9770,online,bronze,29027,2022-09-08
4999,9773,flagship,bronze,44988,2025-06-26
5000,9779,online,bronze,39817,2019-09-17
5001,9782,online,silver,7117,2025-09-19
5002,9783,standard,silver,7181,2024-02-10
5003,9786,express,bronze,24219,2023-08-16
5004,9792,standard,bronze,5359,2019-11-15
5005,9793,flagship,bronze,43556,2025-06-08
5006,9793,express,silver,30701,2024-10-12
5007,9794,flagship,silver,43486,2023-04-11
5008,9795,online,silver,3475,2024-07-10
5009,9796,online,gold,18949,2021-01-18
5010,9797,flagship,bronze,40977,2019-09-17
5011,9799,flagship,bronze,40344,2023-12-24
5012,9802,express,silver,28842,2024-02-28
5013,9807,standard,bronze,13678,2021-07-28
5014,9810,online,silver,32697,2021-02-06
5015,9811,standard,silver,43368,2022-08-22
5016,9814,online,bronze,16454,2024-02-27
5017,9815,flagship,gold,10812,2025-09-24
5018,9817,online,bronze,2011,2019-05-18
5019,9819,standard,silver,39576,2025-11-05
5020,9822,standard,gold,8026,2026-03-14
5021,9823,standard,silver,33912,2026-05-26
5022,9824,standard,bronze,14491,2020-05-11
5023,9824,express,silver,42905,2022-04-10
5024,9828,flagship,gold,8628,2022-01-13
5025,9829,flagship,bronze,12142,2021-07-25
5026,9830,express,silver,49114,2021-06-30
5027,9834,standard,bronze,24928,2025-08-07
5028,9834,flagship,bronze,6394,2024-09-17
5029,9836,standard,bronze,19347,2023-05-09
5030,9837,standard,gold,37810,2025-08-24
5031,9838,standard,silver,24986,2022-02-19
5032,9839,online,bronze,23769,2020-04-12
5033,9840,express,silver,49563,2024-09-17
5034,9843,standard,bronze,44776,2022-03-09
5035,9846,express,gold,21901,2020-03-27
5036,9848,online,silver,29193,2023-09-08
5037,9849,express,bronze,39725,2021-11-26
5038,9849,flagship,bronze,2573,2023-12-02
5039,9852,express,bronze,5573,2021-08-17
5040,9853,express,bronze,39878,2020-04-01
5041,9853,flagship,silver,9835,2023-06-08
5042,9855,online,bronze,49327,2019-06-29
5043,9856,standard,bronze,17549,2025-06-10
5044,9858,express,bronze,14061,2022-11-24
5045,9861,flagship,bronze,13266,2025-06-30
5046,9862,online,bronze,43530,2023-03-03
5047,9866,flagship,silver,4237,2022-12-03
5048,9867,express,bronze,31344,2025-04-25
5049,9869,standard,platinum,38421,2026-02-17
5050,9870,flagship,bronze,24758,2019-12-05
5051,9870,express,silver,3847,2023-03-19
5052,9871,flagship,bronze,18450,2025-04-06
5053,9873,standard,silver,14074,2021-05-06
5054,9874,standard,bronze,8898,2023-06-18
5055,9874,online,bronze,6058,2024-03-05
5056,9878,express,gold,43838,2025-06-12
5057,9878,standard,bronze,18271,2023-10-26
5058,9881,flagship,bronze,9367,2022-07-09
5059,9884,standard,bronze,12219,2023-07-18
5060,9891,online,bronze,9388,2022-06-05
5061,9893,standard,silver,22703,2026-03-26
5062,9894,express,silver,30870,2025-01-09
5063,9894,flagship,silver,11108,2025-02-17
5064,9895,flagship,silver,7846,2023-10-15
5065,9896,express,bronze,17103,2024-01-14
5066,9897,express,bronze,35742,2021-03-23
5067,9898,flagship,bronze,44040,2021-10-14
5068,9902,flagship,silver,32611,2019-01-01
5069,9903,express,bronze,24337,2019-04-04
5070,9904,standard,bronze,24610,2026-02-19
5071,9907,express,gold,5183,2020-07-12
5072,9908,standard,bronze,4608,2020-07-08
5073,9910,flagship,silver,8276,2020-09-17
5074,9914,standard,bronze,22055,2020-09-14
5075,9915,flagship,bronze,27714,2023-01-19
5076,9917,express,silver,11787,2025-08-10
5077,9922,flagship,silver,4111,2024-06-05
5078,9924,flagship,bronze,18566,2022-07-02
5079,9925,standard,gold,37420,2022-09-15
5080,9929,standard,bronze,3226,2022-03-24
5081,9934,standard,silver,4371,2019-08-30
5082,9934,flagship,bronze,33034,2019-06-11
5083,9937,standard,bronze,1080,2026-04-27
5084,9938,online,silver,12498,2019-04-14
5085,9940,online,silver,44463,2020-09-08
5086,9941,online,silver,28747,2026-01-31
5087,9941,express,bronze,15049,2019-01-01
5088,9942,online,silver,48434,2026-06-01
5089,9942,express,bronze,13018,2023-09-25
5090,9944,express,bronze,24302,2023-06-06
5091,9948,standard,bronze,14591,2026-03-29
5092,9950,express,silver,26932,2026-05-13
5093,9950,standard,silver,37359,2025-06-03
5094,9953,express,silver,47776,2025-02-17
5095,9954,express,bronze,46256,2024-11-14
5096,9957,express,gold,42315,2019-05-07
5097,9958,online,bronze,48135,2023-05-07
5098,9963,flagship,bronze,24183,2020-05-21
5099,9963,express,silver,36120,2021-04-16
5100,9964,online,gold,697,2024-07-17
5101,9965,online,gold,46773,2022-10-30
5102,9965,standard,bronze,41191,2023-09-19
5103,9967,flagship,bronze,8857,2019-09-02
5104,9967,standard,bronze,23206,2021-01-12
5105,9968,flagship,bronze,8816,2019-12-13
5106,9971,standard,gold,21439,2025-06-27
5107,9973,online,silver,20944,2021-12-26
5108,9974,flagship,bronze,26728,2022-12-10
5109,9978,flagship,bronze,9979,2020-08-15
5110,9981,express,bronze,31016,2022-12-21
5111,9981,standard,bronze,25245,2019-09-04
5112,9982,standard,bronze,49726,2020-05-12
5113,9983,flagship,bronze,22878,2025-08-18
5114,9988,express,bronze,36745,2022-03-06
5115,9990,flagship,bronze,16029,2021-11-13
5116,9996,standard,bronze,16793,2020-04-16
5117,9996,express,silver,47532,2020-11-28
5118,10001,standard,bronze,30558,2020-11-29
5119,10002,online,bronze,5602,2024-09-11
5120,10003,express,silver,15602,2020-10-24
5121,10004,flagship,bronze,27394,2022-02-28
5122,10008,express,bronze,32672,2022-05-02
5123,10011,standard,bronze,241,2022-02-21
5124,10014,flagship,bronze,30278,2025-11-18
5125,10016,express,gold,30762,2019-03-04
5126,10017,online,bronze,39262,2022-07-08
5127,10018,online,bronze,44336,2025-04-28
5128,10018,express,silver,17058,2024-08-20
5129,10019,express,bronze,37048,2025-07-06
5130,10021,express,gold,15376,2019-05-26
5131,10022,flagship,bronze,32889,2021-10-11
5132,10022,express,bronze,15030,2021-07-29
5133,10033,standard,platinum,17326,2025-04-07
5134,10034,standard,bronze,8572,2025-07-04
5135,10035,flagship,bronze,34124,2019-04-04
5136,10036,express,bronze,13045,2020-06-26
5137,10039,flagship,bronze,36068,2022-02-02
5138,10040,online,platinum,49109,2022-07-28
5139,10045,standard,gold,2506,2022-06-10
5140,10050,online,silver,11201,2022-12-30
5141,10050,express,bronze,33171,2020-07-24
5142,10052,online,bronze,36513,2025-11-04
5143,10053,standard,bronze,468,2025-11-05
5144,10065,flagship,bronze,36539,2024-03-05
5145,10066,standard,silver,9614,2022-02-10
5146,10068,standard,gold,39490,2023-07-30
5147,10069,standard,silver,33964,2021-06-06
5148,10070,standard,bronze,42073,2019-12-29
5149,10071,standard,bronze,14722,2024-12-31
5150,10071,express,silver,12136,2024-02-29
5151,10073,flagship,bronze,9424,2024-08-02
5152,10073,standard,bronze,6535,2020-09-08
5153,10074,flagship,bronze,26938,2020-01-25
5154,10075,online,bronze,32875,2024-07-19
5155,10077,online,bronze,32021,2026-04-19
5156,10078,online,bronze,31305,2025-09-21
5157,10083,flagship,bronze,45314,2022-06-07
5158,10084,standard,platinum,6429,2023-02-08
5159,10085,online,bronze,28836,2021-04-15
5160,10085,express,bronze,5567,2025-06-30
5161,10086,express,bronze,8449,2020-02-08
5162,10087,express,silver,33932,2023-07-29
5163,10090,express,bronze,17532,2024-08-20
5164,10091,online,silver,40400,2020-06-07
5165,10093,express,silver,24495,2024-05-01
5166,10094,flagship,silver,17959,2022-02-03
5167,10098,express,bronze,19125,2024-09-07
5168,10102,standard,bronze,3889,2022-04-21
5169,10105,express,silver,7618,2023-12-29
5170,10105,flagship,bronze,7020,2025-01-18
5171,10106,online,silver,33148,2021-09-17
5172,10106,flagship,gold,12179,2026-03-04
5173,10108,flagship,bronze,38829,2026-06-25
5174,10109,express,bronze,30852,2023-06-02
5175,10111,online,silver,20237,2024-02-06
5176,10112,express,bronze,5146,2020-03-08
5177,10113,standard,bronze,6761,2026-05-25
5178,10114,standard,bronze,5254,2022-10-23
5179,10114,express,silver,13359,2020-07-03
5180,10115,online,silver,682,2019-07-15
5181,10115,flagship,bronze,41347,2023-01-08
5182,10117,express,bronze,25523,2023-02-17
5183,10120,flagship,gold,4342,2021-01-06
5184,10123,online,gold,22648,2023-09-11
5185,10127,online,platinum,44091,2022-10-29
5186,10133,flagship,bronze,30690,2019-10-13
5187,10133,standard,silver,46969,2019-02-02
5188,10137,standard,silver,34209,2023-07-20
5189,10138,express,gold,823,2024-04-26
5190,10139,online,bronze,27313,2019-10-04
5191,10142,flagship,bronze,39002,2023-07-11
5192,10143,standard,silver,34521,2024-12-30
5193,10143,express,gold,8595,2022-03-13
5194,10145,online,bronze,48832,2025-12-21
5195,10147,flagship,silver,47720,2021-06-21
5196,10152,online,silver,49529,2020-06-23
5197,10152,standard,bronze,33685,2023-05-16
5198,10153,standard,bronze,26893,2019-11-23
5199,10154,standard,bronze,8874,2021-12-28
5200,10156,standard,gold,22077,2024-04-27
5201,10166,online,gold,37398,2019-04-09
5202,10167,express,silver,4627,2023-07-04
5203,10171,online,bronze,44146,2020-01-17
5204,10172,standard,silver,21810,2022-03-16
5205,10176,flagship,bronze,11552,2026-04-02
5206,10178,standard,bronze,4024,2022-11-26
5207,10183,express,bronze,4511,2025-11-17
5208,10183,standard,silver,5149,2022-12-17
5209,10184,online,bronze,17997,2022-10-31
5210,10186,online,silver,44947,2021-07-25
5211,10187,flagship,bronze,33448,2020-12-19
5212,10188,online,bronze,12437,2019-11-19
5213,10190,standard,bronze,19484,2023-07-22
5214,10191,standard,bronze,7533,2021-08-01
5215,10193,express,gold,11775,2020-02-10
5216,10196,flagship,bronze,25827,2021-07-30
5217,10197,express,bronze,23375,2019-11-14
5218,10197,flagship,bronze,31664,2020-04-19
5219,10198,flagship,platinum,41765,2020-05-14
5220,10199,flagship,bronze,39280,2021-12-29
5221,10200,express,bronze,1197,2022-06-16
5222,10203,online,bronze,49423,2021-08-11
5223,10203,flagship,bronze,45596,2022-03-18
5224,10206,express,silver,45278,2025-10-19
5225,10207,express,bronze,7617,2024-10-22
5226,10208,flagship,bronze,45365,2026-05-21
5227,10209,online,bronze,25437,2022-05-09
5228,10211,online,bronze,18778,2022-12-31
5229,10211,flagship,bronze,8705,2020-03-11
5230,10213,express,bronze,12992,2026-03-17
5231,10213,standard,silver,33590,2020-10-20
5232,10214,online,bronze,10020,2022-01-26
5233,10217,standard,bronze,2552,2025-07-17
5234,10218,standard,silver,42256,2025-06-16
5235,10219,flagship,bronze,44922,2025-06-21
5236,10221,flagship,bronze,24226,2025-06-12
5237,10222,express,silver,17298,2019-08-06
5238,10222,online,bronze,17364,2021-11-27
5239,10226,online,platinum,45780,2019-02-02
5240,10226,express,silver,30800,2020-02-10
5241,10227,express,silver,46302,2025-01-31
5242,10228,online,bronze,49404,2023-02-17
5243,10229,express,silver,23648,2024-06-07
5244,10230,express,silver,36662,2024-07-19
5245,10233,standard,bronze,38814,2021-04-12
5246,10235,express,bronze,30191,2023-09-16
5247,10235,standard,bronze,13360,2020-08-17
5248,10240,flagship,bronze,29061,2019-02-15
5249,10241,express,platinum,44641,2019-05-14
5250,10242,express,bronze,21700,2020-09-24
5251,10243,express,bronze,48280,2023-02-03
5252,10246,flagship,bronze,33123,2023-04-14
5253,10246,online,bronze,39038,2022-12-04
5254,10248,flagship,silver,46676,2022-05-31
5255,10250,standard,silver,874,2025-11-10
5256,10255,express,gold,14039,2024-05-07
5257,10256,online,bronze,39998,2023-02-08
5258,10258,express,platinum,38844,2026-02-15
5259,10260,flagship,bronze,25171,2019-01-09
5260,10262,express,bronze,9273,2024-07-10
5261,10262,flagship,bronze,15808,2025-10-26
5262,10264,online,bronze,36200,2022-02-09
5263,10268,standard,bronze,49003,2021-08-13
5264,10271,express,gold,16987,2022-02-26
5265,10275,flagship,bronze,48815,2019-05-16
5266,10277,online,bronze,2729,2022-02-15
5267,10279,express,gold,21973,2020-02-27
5268,10281,standard,bronze,38240,2025-01-01
5269,10282,standard,gold,37004,2019-12-27
5270,10284,standard,bronze,711,2024-07-15
5271,10286,flagship,silver,45872,2024-07-27
5272,10287,express,bronze,29774,2020-03-17
5273,10288,flagship,bronze,38109,2019-08-02
5274,10292,flagship,bronze,10945,2020-07-09
5275,10293,standard,platinum,39901,2019-01-26
5276,10294,flagship,bronze,48051,2023-05-22
5277,10299,standard,bronze,10274,2019-01-22
5278,10302,online,gold,7236,2019-02-13
5279,10303,standard,silver,29461,2022-01-13
5280,10304,flagship,silver,5968,2019-05-01
5281,10308,express,silver,1121,2025-12-18
5282,10309,online,bronze,28148,2025-08-16
5283,10310,express,silver,48380,2019-04-12
5284,10316,standard,bronze,38993,2019-02-18
5285,10316,express,bronze,28827,2025-06-20
5286,10318,online,silver,16810,2025-03-23
5287,10320,online,bronze,32898,2025-01-08
5288,10320,standard,bronze,29099,2026-02-13
5289,10327,express,bronze,31992,2022-06-05
5290,10332,flagship,bronze,27704,2022-10-01
5291,10333,standard,silver,24438,2020-08-21
5292,10337,flagship,bronze,49281,2023-04-06
5293,10338,flagship,bronze,44671,2022-04-04
5294,10341,flagship,silver,14211,2020-12-22
5295,10342,flagship,silver,6102,2020-10-27
5296,10342,express,silver,28398,2025-01-05
5297,10344,online,silver,32777,2021-09-05
5298,10345,standard,bronze,22851,2022-07-29
5299,10346,online,silver,40531,2020-02-03
5300,10347,online,bronze,49105,2022-06-17
5301,10348,express,bronze,46716,2021-06-02
5302,10349,flagship,silver,6943,2025-11-26
5303,10350,express,silver,41067,2020-12-03
5304,10353,express,silver,37454,2025-09-16
5305,10353,flagship,bronze,31134,2024-04-17
5306,10356,flagship,bronze,26208,2025-07-16
5307,10364,standard,bronze,38699,2021-07-05
5308,10365,flagship,bronze,17628,2019-02-15
5309,10366,standard,silver,5893,2019-12-27
5310,10367,express,silver,44545,2025-05-18
5311,10368,standard,silver,27571,2021-06-17
5312,10371,flagship,bronze,21556,2019-12-08
5313,10372,standard,bronze,25965,2023-05-25
5314,10373,flagship,bronze,6256,2024-10-21
5315,10377,standard,gold,49186,2020-09-29
5316,10378,express,bronze,34105,2023-07-03
5317,10381,flagship,silver,42986,2024-10-08
5318,10384,online,bronze,952,2025-02-18
5319,10385,standard,bronze,45121,2026-06-27
5320,10385,flagship,silver,43354,2022-02-01
5321,10387,standard,bronze,31838,2020-11-27
5322,10387,express,silver,38297,2021-01-11
5323,10394,express,bronze,30223,2024-09-21
5324,10395,standard,bronze,24211,2019-04-22
5325,10395,online,bronze,31720,2020-10-10
5326,10397,flagship,bronze,10445,2023-06-11
5327,10400,express,bronze,31614,2024-06-29
5328,10401,standard,bronze,16923,2021-06-13
5329,10401,express,bronze,17480,2021-10-19
5330,10403,express,silver,11968,2025-07-05
5331,10405,online,silver,18335,2022-01-28
5332,10407,flagship,bronze,18021,2021-10-25
5333,10409,online,gold,12733,2021-02-01
5334,10412,standard,silver,45504,2023-07-11
5335,10413,express,bronze,4032,2023-03-14
5336,10416,standard,bronze,6413,2023-12-12
5337,10420,express,bronze,20804,2020-12-21
5338,10422,flagship,silver,41124,2019-02-21
5339,10423,standard,bronze,41494,2023-08-10
5340,10428,standard,bronze,17915,2019-11-07
5341,10429,express,silver,15943,2024-05-06
5342,10432,express,silver,15357,2020-01-17
5343,10433,express,gold,39276,2024-02-29
5344,10435,flagship,bronze,13838,2022-09-20
5345,10436,online,bronze,35781,2023-10-01
5346,10439,standard,gold,29448,2019-07-14
5347,10440,flagship,bronze,15779,2022-09-13
5348,10447,standard,silver,39837,2022-08-29
5349,10449,standard,silver,23724,2019-08-03
5350,10452,flagship,bronze,49174,2023-10-13
5351,10453,express,bronze,37565,2019-07-24
5352,10453,standard,bronze,44443,2021-12-07
5353,10457,express,bronze,19729,2020-04-20
5354,10457,online,silver,39635,2022-03-08
5355,10458,standard,bronze,36656,2023-04-29
5356,10458,express,bronze,33279,2019-08-14
5357,10460,flagship,bronze,37454,2020-07-11
5358,10462,standard,bronze,15216,2021-07-26
5359,10465,standard,bronze,10213,2020-07-03
5360,10466,express,bronze,18023,2020-10-04
5361,10470,express,silver,22176,2024-07-01
5362,10472,flagship,platinum,7858,2026-01-23
5363,10476,express,silver,27815,2022-10-21
5364,10478,online,bronze,23058,2019-03-13
5365,10479,standard,silver,31243,2023-11-10
5366,10479,flagship,bronze,31039,2023-09-05
5367,10482,flagship,gold,350,2021-06-10
5368,10487,express,gold,16298,2026-06-17
5369,10490,express,bronze,45563,2025-01-01
5370,10491,flagship,silver,18857,2023-11-13
5371,10493,standard,silver,45353,2019-06-13
5372,10495,online,bronze,11959,2019-08-13
5373,10495,express,bronze,42321,2026-03-10
5374,10496,flagship,bronze,31333,2019-08-25
5375,10498,online,silver,49388,2021-05-10
5376,10499,express,bronze,41655,2025-01-02
5377,10500,flagship,bronze,45028,2025-02-02
5378,10501,express,bronze,29745,2025-02-07
5379,10502,standard,gold,10150,2025-01-31
5380,10503,online,bronze,14915,2020-08-09
5381,10505,standard,silver,31054,2021-07-06
5382,10506,express,bronze,3692,2022-12-23
5383,10508,flagship,bronze,38796,2020-03-28
5384,10509,express,bronze,21251,2019-11-10
5385,10513,express,bronze,6323,2020-09-02
5386,10514,express,bronze,12412,2026-04-19
5387,10520,online,bronze,25341,2019-04-26
5388,10521,flagship,bronze,22273,2021-03-01
5389,10522,express,silver,36519,2022-01-22
5390,10525,express,bronze,44546,2022-08-04
5391,10525,standard,silver,32689,2025-01-18
5392,10528,flagship,gold,47748,2024-06-13
5393,10532,flagship,silver,983,2019-08-01
5394,10537,standard,bronze,34345,2023-12-13
5395,10540,express,silver,18714,2023-09-06
5396,10541,express,silver,11411,2023-11-30
5397,10545,standard,bronze,3356,2022-01-05
5398,10547,flagship,silver,15732,2020-01-15
5399,10547,express,bronze,18940,2024-07-09
5400,10549,standard,bronze,28797,2025-09-07
5401,10550,express,bronze,13157,2025-11-12
5402,10556,flagship,bronze,8745,2019-09-30
5403,10559,flagship,platinum,8443,2019-04-06
5404,10560,flagship,silver,8005,2024-04-01
5405,10561,standard,bronze,32022,2019-04-02
5406,10564,standard,gold,32285,2025-08-15
5407,10567,express,silver,19185,2024-01-14
5408,10573,express,bronze,28274,2022-05-23
5409,10574,express,bronze,4173,2023-04-25
5410,10575,online,bronze,37513,2023-04-10
5411,10576,flagship,bronze,26083,2023-01-04
5412,10578,flagship,gold,23493,2025-10-16
5413,10579,standard,bronze,42127,2020-04-03
5414,10581,express,bronze,21316,2025-07-14
5415,10582,standard,silver,39559,2019-12-26
5416,10586,flagship,bronze,37048,2019-01-25
5417,10592,flagship,gold,45370,2020-05-09
5418,10594,standard,silver,39431,2020-08-27
5419,10595,online,bronze,21895,2020-05-26
5420,10598,express,bronze,2022,2019-03-03
5421,10599,standard,bronze,10305,2023-02-09
5422,10600,online,bronze,11946,2023-11-06
5423,10604,express,bronze,38276,2020-12-16
5424,10607,online,silver,35002,2019-07-15
5425,10609,flagship,gold,13256,2020-12-15
5426,10612,flagship,bronze,26577,2026-04-21
5427,10612,express,bronze,5264,2026-04-22
5428,10614,online,bronze,14934,2024-09-05
5429,10615,online,platinum,1099,2022-07-12
5430,10617,flagship,bronze,25860,2023-06-17
5431,10624,express,bronze,32362,2021-01-28
5432,10625,online,bronze,11881,2021-05-06
5433,10626,standard,bronze,20063,2023-10-29
5434,10627,online,bronze,30398,2025-08-15
5435,10628,standard,bronze,40350,2023-12-17
5436,10630,flagship,silver,26362,2021-10-27
5437,10631,standard,bronze,16553,2024-07-22
5438,10635,express,silver,29046,2019-12-18
5439,10635,standard,bronze,40330,2021-07-18
5440,10636,express,platinum,49130,2020-04-26
5441,10640,flagship,bronze,13440,2024-06-20
5442,10641,express,bronze,30499,2020-03-14
5443,10645,online,silver,34974,2020-02-06
5444,10650,online,bronze,48225,2019-03-09
5445,10651,express,silver,22073,2021-02-20
5446,10653,standard,silver,3095,2020-01-28
5447,10656,flagship,bronze,25071,2023-10-21
5448,10659,standard,bronze,2644,2021-04-28
5449,10659,express,bronze,4503,2023-07-12
5450,10664,express,bronze,38189,2019-02-09
5451,10666,standard,platinum,25999,2021-06-11
5452,10669,standard,bronze,40148,2019-01-31
5453,10669,express,gold,45621,2020-08-11
5454,10671,flagship,bronze,29190,2023-01-09
5455,10671,standard,bronze,49592,2022-06-07
5456,10674,online,bronze,24238,2026-03-23
5457,10674,standard,bronze,2647,2024-05-14
5458,10675,flagship,silver,40843,2025-11-06
5459,10679,express,platinum,2892,2020-08-02
5460,10680,standard,bronze,14841,2024-10-28
5461,10683,standard,silver,3977,2023-09-26
5462,10684,express,gold,46906,2019-01-13
5463,10686,standard,gold,31757,2026-06-18
5464,10687,flagship,bronze,10043,2020-09-10
5465,10688,online,silver,24020,2025-03-10
5466,10689,online,gold,10407,2022-08-04
5467,10690,flagship,gold,24592,2020-12-09
5468,10698,online,bronze,47847,2021-02-19
5469,10698,standard,silver,44414,2025-07-09
5470,10699,standard,bronze,42683,2020-09-04
5471,10700,online,gold,48085,2021-11-02
5472,10704,standard,bronze,44424,2026-02-16
5473,10705,standard,bronze,2426,2020-07-29
5474,10707,flagship,silver,12532,2020-11-22
5475,10708,standard,silver,32879,2019-07-17
5476,10711,flagship,bronze,37867,2026-01-26
5477,10712,standard,silver,17163,2021-11-05
5478,10715,flagship,bronze,33561,2023-12-21
5479,10720,flagship,gold,17421,2019-01-13
5480,10720,express,gold,43879,2022-10-20
5481,10721,online,bronze,46431,2020-12-01
5482,10723,express,silver,43691,2025-10-07
5483,10725,standard,bronze,8225,2023-03-10
5484,10725,online,bronze,49024,2020-11-15
5485,10727,standard,bronze,26221,2026-06-01
5486,10733,standard,silver,8683,2020-03-26
5487,10734,standard,bronze,21712,2025-04-21
5488,10736,online,gold,27133,2022-03-25
5489,10737,standard,silver,27577,2021-04-20
5490,10740,standard,silver,47114,2024-06-11
5491,10742,flagship,bronze,7106,2021-04-05
5492,10744,standard,gold,31688,2025-08-07
5493,10745,online,silver,15606,2026-05-11
5494,10747,standard,bronze,21334,2021-05-01
5495,10753,standard,gold,21927,2023-01-14
5496,10758,express,gold,4505,2023-07-06
5497,10762,standard,bronze,29727,2019-10-17
5498,10762,online,gold,31747,2023-10-23
5499,10763,online,bronze,20205,2024-11-29
5500,10764,online,bronze,22719,2025-05-30
5501,10764,standard,bronze,26486,2025-08-08
5502,10767,online,bronze,42683,2019-04-01
5503,10772,flagship,bronze,27947,2025-10-17
5504,10774,standard,silver,46241,2021-09-27
5505,10776,standard,bronze,47250,2019-02-26
5506,10778,online,silver,46616,2024-06-13
5507,10780,express,bronze,9289,2023-10-31
5508,10780,online,bronze,21458,2021-06-21
5509,10781,standard,bronze,41568,2025-02-03
5510,10782,online,silver,3942,2019-07-05
5511,10782,standard,silver,34201,2025-09-17
5512,10783,flagship,bronze,27809,2022-04-07
5513,10787,online,bronze,45958,2019-05-09
5514,10787,flagship,bronze,29932,2025-07-10
5515,10789,express,bronze,18618,2020-01-21
5516,10790,online,bronze,26842,2023-12-16
5517,10792,express,bronze,25967,2020-09-13
5518,10795,online,bronze,8809,2025-06-23
5519,10796,flagship,gold,47051,2019-11-16
5520,10796,express,silver,45666,2019-05-26
5521,10797,online,gold,39354,2019-10-24
5522,10798,standard,gold,28359,2019-05-13
5523,10800,online,silver,29327,2022-08-09
5524,10801,standard,gold,17949,2019-10-11
5525,10802,standard,bronze,35549,2019-12-28
5526,10805,online,bronze,40611,2020-12-21
5527,10807,express,bronze,34566,2026-06-07
5528,10808,standard,bronze,11599,2020-08-07
5529,10810,flagship,silver,9884,2019-09-02
5530,10814,express,bronze,16630,2023-02-17
5531,10816,standard,bronze,9577,2024-05-10
5532,10817,standard,silver,43050,2025-01-31
5533,10820,express,bronze,22209,2026-06-29
5534,10821,online,bronze,22778,2020-05-27
5535,10823,standard,bronze,47683,2020-01-02
5536,10825,online,bronze,36686,2025-12-31
5537,10829,online,silver,7313,2024-07-26
5538,10831,standard,bronze,20794,2024-07-03
5539,10833,flagship,bronze,35754,2019-09-26
5540,10836,flagship,bronze,49541,2026-03-09
5541,10838,express,bronze,45484,2026-04-10
5542,10838,online,bronze,21449,2020-09-02
5543,10843,online,bronze,11080,2020-03-19
5544,10850,flagship,bronze,16585,2023-06-07
5545,10853,express,silver,10515,2022-08-22
5546,10859,standard,bronze,36991,2025-12-14
5547,10860,express,silver,33487,2019-04-18
5548,10861,express,platinum,34696,2022-10-16
5549,10864,standard,gold,16485,2019-07-18
5550,10868,standard,bronze,12347,2023-11-11
5551,10868,online,bronze,5405,2026-02-18
5552,10869,express,silver,12224,2025-06-22
5553,10870,express,silver,27997,2024-02-21
5554,10875,express,bronze,9526,2024-01-10
5555,10876,flagship,bronze,37325,2019-03-14
5556,10877,express,gold,9160,2021-12-08
5557,10880,standard,bronze,15256,2023-03-17
5558,10880,flagship,silver,3789,2024-05-10
5559,10882,standard,silver,10989,2021-03-15
5560,10883,standard,bronze,3026,2019-06-28
5561,10885,standard,bronze,45805,2019-02-08
5562,10886,flagship,platinum,1185,2025-08-11
5563,10887,standard,gold,47569,2021-12-13
5564,10888,flagship,silver,12193,2020-01-24
5565,10890,flagship,bronze,984,2025-02-28
5566,10896,online,bronze,13282,2025-05-27
5567,10896,standard,bronze,11267,2021-07-21
5568,10897,online,platinum,44947,2019-11-25
5569,10902,flagship,bronze,23068,2021-06-24
5570,10902,online,bronze,43243,2020-04-16
5571,10903,express,bronze,23594,2025-01-06
5572,10903,flagship,silver,45105,2020-03-21
5573,10904,express,gold,26374,2021-08-20
5574,10908,flagship,silver,14644,2024-06-17
5575,10909,online,bronze,10637,2021-02-03
5576,10910,flagship,bronze,49386,2019-04-19
5577,10913,online,bronze,22183,2020-05-22
5578,10914,standard,gold,3035,2025-01-23
5579,10915,standard,bronze,41222,2023-04-03
5580,10915,flagship,bronze,5414,2025-03-07
5581,10916,standard,platinum,30842,2023-11-20
5582,10918,express,bronze,17213,2020-05-20
5583,10921,online,bronze,27642,2023-06-16
5584,10926,standard,silver,35769,2024-05-24
5585,10927,online,silver,31483,2021-02-07
5586,10930,express,bronze,22177,2019-07-21
5587,10932,express,silver,39527,2023-08-25
5588,10937,online,bronze,26074,2025-08-11
5589,10940,online,bronze,14173,2023-01-17
5590,10941,express,bronze,13857,2019-04-11
5591,10942,flagship,bronze,21680,2023-04-03
5592,10942,express,silver,6581,2019-06-10
5593,10945,express,bronze,33467,2019-05-11
5594,10950,online,bronze,46704,2019-12-28
5595,10953,flagship,bronze,2689,2026-06-01
5596,10955,flagship,silver,18115,2020-08-11
5597,10955,online,silver,28703,2026-03-12
5598,10956,flagship,bronze,30330,2023-02-19
5599,10959,online,bronze,28115,2023-10-10
5600,10964,online,bronze,12268,2023-04-29
5601,10967,flagship,bronze,37215,2024-12-26
5602,10973,flagship,bronze,33042,2024-04-28
5603,10974,standard,silver,41260,2020-08-09
5604,10976,online,bronze,46479,2023-10-28
5605,10977,express,bronze,34000,2021-04-25
5606,10981,standard,gold,40680,2025-09-30
5607,10984,online,silver,48110,2021-06-03
5608,10989,flagship,bronze,24542,2023-12-27
5609,10992,flagship,bronze,31986,2022-07-13
5610,10993,online,platinum,49665,2026-03-19
5611,10994,online,silver,16131,2022-12-04
5612,10996,express,bronze,27331,2021-09-08
5613,10999,standard,silver,10279,2021-07-08
5614,11000,standard,bronze,575,2022-01-24
5615,11003,flagship,bronze,31388,2022-06-07
5616,11005,flagship,bronze,43590,2020-08-10
5617,11007,standard,gold,31223,2022-05-02
5618,11008,flagship,gold,49544,2024-02-12
5619,11009,standard,bronze,37194,2020-09-20
5620,11014,standard,platinum,1306,2021-06-17
5621,11015,online,bronze,4933,2021-08-15
5622,11019,express,bronze,14325,2022-12-04
5623,11021,standard,silver,7415,2021-08-14
5624,11023,standard,bronze,21829,2023-11-08
5625,11026,flagship,silver,1859,2021-09-13
5626,11028,express,bronze,38182,2019-09-15
5627,11030,standard,gold,32195,2020-01-25
5628,11031,express,silver,29081,2024-11-30
5629,11032,flagship,bronze,11206,2022-01-06
5630,11033,online,bronze,24187,2021-06-20
5631,11034,online,gold,46958,2022-09-27
5632,11035,online,bronze,27672,2019-08-15
5633,11036,standard,silver,32876,2024-09-03
5634,11036,flagship,bronze,1296,2021-02-20
5635,11037,express,bronze,47511,2020-06-27
5636,11045,standard,bronze,41674,2020-08-27
5637,11046,online,bronze,45760,2025-10-22
5638,11050,express,bronze,19308,2020-10-03
5639,11052,express,bronze,30473,2019-01-14
5640,11054,express,gold,28173,2020-04-02
5641,11056,standard,bronze,37033,2019-09-29
5642,11059,standard,silver,36434,2024-06-06
5643,11059,online,bronze,38778,2026-05-10
5644,11060,flagship,bronze,10983,2023-12-09
5645,11061,online,silver,27016,2019-04-28
5646,11065,online,bronze,14514,2025-04-11
5647,11066,standard,silver,46214,2023-05-03
5648,11068,express,bronze,46328,2023-07-07
5649,11076,express,gold,44325,2024-01-14
5650,11080,flagship,silver,25166,2024-01-13
5651,11080,express,bronze,49459,2021-02-24
5652,11083,flagship,bronze,25648,2019-04-07
5653,11084,standard,bronze,36071,2021-11-14
5654,11086,flagship,bronze,31935,2025-04-27
5655,11087,express,bronze,8671,2024-02-21
5656,11088,online,silver,11860,2023-08-04
5657,11088,flagship,bronze,35907,2023-10-02
5658,11089,express,bronze,14203,2024-10-06
5659,11090,express,silver,8329,2025-12-28
5660,11094,standard,bronze,42776,2020-11-28
5661,11095,flagship,bronze,32709,2021-08-17
5662,11105,express,silver,25922,2025-12-14
5663,11108,online,bronze,20258,2019-01-22
5664,11113,flagship,bronze,32112,2020-01-27
5665,11118,express,silver,27260,2022-02-12
5666,11120,standard,silver,15011,2020-01-21
5667,11122,express,bronze,26598,2023-08-28
5668,11122,flagship,silver,10843,2023-01-28
5669,11125,online,bronze,41916,2021-09-11
5670,11130,express,bronze,35780,2021-02-25
5671,11132,flagship,bronze,37444,2019-06-16
5672,11132,standard,silver,9235,2025-11-28
5673,11133,standard,bronze,48619,2022-12-29
5674,11135,standard,bronze,22319,2019-12-17
5675,11136,standard,bronze,14221,2025-04-11
5676,11142,standard,bronze,4150,2021-07-31
5677,11143,online,bronze,15012,2023-04-05
5678,11144,flagship,bronze,16103,2026-01-08
5679,11147,flagship,silver,12458,2021-09-25
5680,11148,flagship,bronze,24514,2026-05-30
5681,11149,flagship,bronze,49047,2026-03-14
5682,11152,standard,bronze,37738,2024-01-24
5683,11155,online,gold,22644,2019-04-10
5684,11156,flagship,platinum,328,2022-05-11
5685,11157,express,bronze,49135,2022-11-23
5686,11160,online,bronze,23320,2021-03-26
5687,11160,standard,bronze,19110,2025-02-26
5688,11161,online,bronze,4641,2025-03-27
5689,11164,flagship,bronze,24043,2022-12-11
5690,11165,online,bronze,8137,2026-06-09
5691,11165,express,gold,45653,2026-03-13
5692,11166,online,bronze,43333,2020-06-08
5693,11170,online,silver,47447,2021-01-25
5694,11172,standard,bronze,45204,2019-06-14
5695,11172,flagship,bronze,3309,2024-05-02
5696,11186,express,bronze,7724,2025-06-17
5697,11189,online,gold,1999,2024-05-02
5698,11192,express,bronze,10680,2022-06-07
5699,11193,express,bronze,18969,2025-12-20
5700,11198,express,silver,46100,2022-02-27
5701,11206,flagship,bronze,26648,2021-05-14
5702,11206,online,bronze,29477,2020-10-16
5703,11208,standard,bronze,909,2025-02-28
5704,11210,online,platinum,17425,2026-03-06
5705,11212,online,bronze,10954,2023-06-16
5706,11214,express,bronze,16913,2019-03-02
5707,11216,express,gold,28649,2024-08-23
5708,11216,online,silver,17718,2026-01-31
5709,11225,flagship,bronze,10748,2022-10-30
5710,11226,flagship,bronze,21761,2026-05-25
5711,11228,standard,bronze,18998,2026-05-08
5712,11232,online,bronze,16881,2023-11-21
5713,11233,standard,silver,2694,2025-05-29
5714,11235,express,gold,3596,2019-10-19
5715,11235,standard,bronze,40627,2024-02-13
5716,11236,online,bronze,5138,2021-10-17
5717,11241,flagship,bronze,11253,2022-03-24
5718,11245,standard,bronze,34055,2025-08-08
5719,11245,express,bronze,43904,2025-05-17
5720,11247,express,bronze,14459,2020-10-02
5721,11250,online,bronze,13919,2021-03-27
5722,11251,standard,bronze,7756,2022-02-08
5723,11257,standard,silver,26876,2022-03-07
5724,11258,express,bronze,12687,2020-12-29
5725,11261,online,bronze,15753,2022-12-08
5726,11265,express,silver,47730,2024-07-13
5727,11266,online,silver,6645,2023-08-29
5728,11267,online,bronze,130,2022-11-08
5729,11268,flagship,silver,40175,2025-09-02
5730,11272,express,bronze,33278,2023-09-27
5731,11273,online,gold,48851,2022-05-07
5732,11273,flagship,gold,46359,2023-06-21
5733,11274,online,bronze,27224,2020-05-21
5734,11274,flagship,bronze,1388,2024-11-13
5735,11278,online,bronze,38932,2023-09-12
5736,11283,online,silver,22851,2025-02-04
5737,11285,standard,silver,21844,2024-06-26
5738,11286,express,bronze,554,2021-08-23
5739,11288,express,bronze,46935,2019-11-27
5740,11289,flagship,bronze,19583,2026-05-04
5741,11290,online,bronze,44081,2021-07-10
5742,11293,standard,silver,115,2019-06-12
5743,11297,flagship,silver,14924,2024-04-08
5744,11299,online,bronze,17549,2023-05-10
5745,11300,online,bronze,40129,2025-08-23
5746,11301,online,bronze,45962,2021-04-02
5747,11302,flagship,bronze,36124,2023-08-15
5748,11304,express,bronze,43069,2025-07-03
5749,11305,online,bronze,34775,2022-07-08
5750,11305,express,bronze,16235,2019-06-12
5751,11306,standard,gold,17894,2025-01-31
5752,11307,express,platinum,35566,2023-12-05
5753,11310,online,silver,8846,2022-08-10
5754,11311,online,silver,45158,2024-03-08
5755,11312,standard,bronze,294,2025-08-25
5756,11313,online,bronze,38983,2020-08-26
5757,11314,flagship,silver,27874,2024-03-28
5758,11321,express,bronze,17814,2019-05-18
5759,11322,online,bronze,36579,2024-01-29
5760,11323,online,gold,32381,2019-10-30
5761,11325,online,silver,25465,2019-09-22
5762,11325,flagship,gold,7247,2021-12-08
5763,11329,flagship,silver,41472,2020-05-09
5764,11330,standard,bronze,10015,2025-07-15
5765,11331,express,bronze,44451,2019-05-15
5766,11336,flagship,bronze,28268,2025-01-03
5767,11337,express,bronze,42765,2020-06-03
5768,11339,flagship,bronze,20385,2022-02-08
5769,11340,express,silver,25048,2022-03-20
5770,11340,online,bronze,25154,2025-02-15
5771,11341,express,bronze,49693,2021-05-25
5772,11344,online,bronze,49828,2024-11-20
5773,11346,standard,bronze,44183,2019-06-07
5774,11349,express,bronze,49726,2020-12-06
5775,11349,flagship,bronze,46057,2022-05-03
5776,11350,flagship,bronze,3798,2023-01-10
5777,11350,express,silver,9974,2022-06-29
5778,11351,standard,silver,22805,2024-03-13
5779,11351,online,bronze,25434,2024-04-09
5780,11352,standard,bronze,40268,2019-09-28
5781,11352,express,bronze,36498,2021-03-11
5782,11353,flagship,silver,45440,2019-12-26
5783,11354,flagship,silver,6628,2024-06-07
5784,11355,flagship,bronze,34757,2025-01-31
5785,11363,standard,silver,18018,2023-02-27
5786,11364,express,bronze,19039,2025-07-05
5787,11365,online,silver,22737,2019-07-01
5788,11369,standard,bronze,48700,2026-04-09
5789,11370,flagship,gold,26230,2023-09-23
5790,11373,online,platinum,26713,2019-10-29
5791,11376,express,silver,29438,2022-04-27
5792,11380,standard,silver,43197,2022-12-13
5793,11383,standard,bronze,29789,2026-02-17
5794,11388,online,bronze,31283,2020-08-12
5795,11389,standard,silver,47800,2019-02-10
5796,11389,express,bronze,37459,2023-02-17
5797,11390,flagship,bronze,37473,2020-11-27
5798,11390,standard,bronze,29919,2019-06-15
5799,11391,standard,bronze,19523,2022-07-16
5800,11392,flagship,bronze,47217,2025-05-28
5801,11393,standard,silver,9840,2024-07-14
5802,11394,flagship,bronze,42294,2024-03-09
5803,11395,standard,bronze,8130,2020-05-18
5804,11398,online,bronze,25913,2019-09-23
5805,11399,express,silver,25948,2026-04-18
5806,11400,flagship,bronze,2619,2026-04-11
5807,11400,express,bronze,29814,2024-01-13
5808,11401,express,gold,43367,2023-10-30
5809,11402,standard,silver,37349,2022-02-16
5810,11403,standard,bronze,40641,2023-09-28
5811,11404,online,bronze,28110,2020-11-29
5812,11406,online,bronze,15219,2026-03-09
5813,11406,flagship,gold,26907,2023-02-21
5814,11411,standard,bronze,48843,2019-12-24
5815,11416,express,bronze,13708,2024-02-15
5816,11417,flagship,gold,10538,2023-08-21
5817,11427,express,bronze,18226,2025-10-02
5818,11433,standard,bronze,10482,2023-04-26
5819,11435,online,bronze,19650,2025-07-11
5820,11436,standard,bronze,40641,2024-05-28
5821,11440,online,bronze,44988,2025-08-17
5822,11442,express,silver,34350,2026-04-18
5823,11446,express,silver,17966,2024-02-25
5824,11448,standard,bronze,22748,2023-02-02
5825,11452,online,bronze,12974,2020-03-27
5826,11454,flagship,silver,8054,2021-04-23
5827,11455,standard,silver,40995,2022-10-20
5828,11455,express,silver,21971,2020-01-15
5829,11456,standard,silver,21857,2026-04-14
5830,11457,standard,bronze,13063,2021-02-14
5831,11457,express,silver,6300,2024-04-04
5832,11458,express,bronze,19092,2026-05-16
5833,11459,express,bronze,23435,2023-03-08
5834,11460,flagship,silver,49433,2020-08-16
5835,11464,online,silver,22660,2020-05-10
5836,11470,flagship,silver,3227,2026-05-15
5837,11471,online,bronze,7530,2023-10-09
5838,11473,express,bronze,32880,2019-08-24
5839,11473,flagship,bronze,47798,2024-03-14
5840,11474,flagship,gold,12859,2020-07-06
5841,11478,standard,bronze,11065,2020-07-25
5842,11481,express,bronze,43646,2019-07-02
5843,11489,online,bronze,19665,2026-04-05
5844,11493,standard,silver,5705,2025-12-19
5845,11494,standard,silver,48658,2020-06-11
5846,11496,flagship,bronze,37675,2023-03-21
5847,11496,online,bronze,8471,2022-04-13
5848,11502,online,bronze,21047,2022-12-31
5849,11506,express,bronze,29654,2021-12-10
5850,11507,standard,bronze,49138,2019-07-19
5851,11511,flagship,bronze,7590,2020-03-22
5852,11513,online,bronze,32746,2024-03-20
5853,11513,flagship,bronze,49131,2023-09-07
5854,11518,standard,bronze,35542,2025-08-14
5855,11520,flagship,bronze,7630,2024-12-27
5856,11520,express,bronze,17298,2019-05-08
5857,11523,express,bronze,37244,2022-05-16
5858,11524,standard,platinum,38988,2023-05-07
5859,11525,express,bronze,4039,2020-05-16
5860,11526,standard,bronze,10783,2022-11-27
5861,11526,express,silver,15051,2021-06-22
5862,11533,online,bronze,35074,2021-05-27
5863,11534,flagship,gold,41346,2022-03-05
5864,11535,express,bronze,22720,2022-07-10
5865,11536,standard,bronze,42108,2025-08-07
5866,11536,express,platinum,10181,2021-07-20
5867,11538,flagship,bronze,1884,2025-10-13
5868,11542,express,silver,49749,2024-04-12
5869,11544,standard,silver,23474,2024-05-08
5870,11545,online,bronze,981,2020-08-01
5871,11547,online,silver,29058,2021-06-23
5872,11550,standard,bronze,45155,2026-02-15
5873,11551,online,bronze,1829,2020-02-27
5874,11552,online,bronze,47602,2021-03-06
5875,11555,express,silver,44677,2025-07-12
5876,11562,flagship,silver,15719,2022-10-05
5877,11563,express,platinum,36488,2023-12-29
5878,11565,flagship,silver,39028,2024-11-18
5879,11567,online,bronze,8475,2022-10-31
5880,11569,flagship,silver,20886,2025-08-13
5881,11573,flagship,silver,41857,2023-08-25
5882,11575,online,bronze,4523,2019-08-25
5883,11575,express,gold,48032,2019-03-04
5884,11581,online,bronze,47742,2024-07-09
5885,11582,express,bronze,19746,2026-05-15
5886,11583,online,bronze,36904,2019-01-08
5887,11585,online,bronze,11168,2023-12-28
5888,11586,express,silver,21584,2021-02-23
5889,11587,flagship,bronze,278,2024-01-09
5890,11588,online,silver,33424,2026-04-11
5891,11601,online,bronze,26427,2019-02-25
5892,11602,flagship,silver,18104,2024-12-29
5893,11602,online,gold,9364,2020-12-20
5894,11604,express,silver,22841,2023-04-15
5895,11605,flagship,silver,37392,2022-01-08
5896,11608,flagship,bronze,3526,2022-11-19
5897,11609,standard,silver,22660,2020-03-08
5898,11609,online,platinum,20279,2021-12-17
5899,11610,online,silver,28182,2025-07-20
5900,11611,flagship,silver,864,2023-04-19
5901,11613,online,silver,36391,2021-08-12
5902,11617,express,silver,36091,2019-06-02
5903,11617,flagship,silver,16741,2020-05-16
5904,11623,online,silver,49304,2024-05-08
5905,11624,online,bronze,3959,2020-01-27
5906,11630,standard,bronze,24564,2023-03-05
5907,11633,standard,bronze,49764,2026-02-25
5908,11633,express,gold,16276,2022-10-28
5909,11636,express,silver,13146,2022-12-03
5910,11637,online,bronze,29268,2019-09-06
5911,11638,online,bronze,9531,2019-09-23
5912,11639,express,bronze,19857,2025-03-26
5913,11641,online,bronze,41031,2020-09-17
5914,11641,express,gold,27715,2019-06-23
5915,11642,online,bronze,5599,2022-05-22
5916,11642,express,silver,16195,2026-01-26
5917,11647,online,bronze,18666,2025-10-03
5918,11647,standard,gold,11662,2023-03-06
5919,11649,flagship,gold,13606,2019-10-11
5920,11650,express,gold,34150,2024-12-05
5921,11650,flagship,bronze,34571,2024-05-10
5922,11652,standard,silver,26395,2024-01-31
5923,11654,flagship,gold,22740,2019-12-04
5924,11663,online,bronze,34774,2020-04-05
5925,11665,express,bronze,41352,2024-04-07
5926,11669,flagship,bronze,47644,2021-04-13
5927,11670,express,silver,10947,2022-06-12
5928,11671,express,bronze,22198,2022-06-13
5929,11676,express,silver,2441,2022-01-28
5930,11677,standard,silver,30007,2020-12-09
5931,11688,standard,bronze,39450,2022-09-03
5932,11692,standard,bronze,25169,2023-12-03
5933,11696,flagship,bronze,41401,2020-05-04
5934,11699,flagship,gold,38960,2019-12-03
5935,11700,standard,platinum,44770,2020-09-15
5936,11701,online,gold,20046,2024-06-03
5937,11702,online,silver,18835,2022-01-05
5938,11703,online,bronze,1859,2026-03-08
5939,11705,express,gold,31662,2019-05-22
5940,11705,standard,bronze,39302,2020-04-19
5941,11707,express,bronze,48977,2023-10-25
5942,11707,online,bronze,28722,2023-05-04
5943,11709,flagship,bronze,28571,2023-12-18
5944,11710,express,gold,25671,2020-02-01
5945,11716,flagship,gold,7281,2025-08-26
5946,11717,express,bronze,49545,2020-11-01
5947,11719,flagship,silver,12037,2023-10-24
5948,11721,express,silver,46369,2025-05-30
5949,11722,express,bronze,37226,2023-08-11
5950,11724,online,bronze,40666,2024-11-01
5951,11725,online,silver,3899,2019-03-18
5952,11726,express,silver,41840,2022-02-28
5953,11734,online,silver,12176,2026-05-16
5954,11734,express,silver,27334,2023-05-16
5955,11735,express,bronze,48532,2025-07-03
5956,11737,express,gold,44703,2024-08-10
5957,11741,express,silver,23663,2020-05-14
5958,11742,online,bronze,33982,2024-12-27
5959,11746,express,bronze,40888,2025-11-26
5960,11746,online,bronze,11717,2021-03-04
5961,11752,express,silver,41043,2020-09-05
5962,11754,flagship,gold,26881,2020-04-11
5963,11755,online,bronze,11196,2019-05-18
5964,11755,express,bronze,20568,2022-09-12
5965,11757,standard,bronze,48766,2021-12-23
5966,11758,flagship,bronze,5072,2023-03-28
5967,11759,express,gold,41190,2024-05-26
5968,11760,standard,bronze,41741,2021-12-01
5969,11760,flagship,bronze,28790,2021-05-25
5970,11761,flagship,silver,27252,2025-09-22
5971,11761,online,bronze,16926,2021-04-10
5972,11763,flagship,bronze,24487,2020-10-02
5973,11768,standard,gold,23588,2025-03-14
5974,11770,flagship,platinum,10011,2025-01-22
5975,11771,express,bronze,31936,2024-04-02
5976,11772,flagship,bronze,21500,2024-11-01
5977,11775,standard,bronze,17754,2020-02-27
5978,11777,online,bronze,44369,2024-08-26
5979,11783,online,bronze,3612,2021-10-15
5980,11784,flagship,silver,37904,2020-12-28
5981,11787,express,gold,21551,2025-05-10
5982,11787,standard,platinum,24786,2021-08-29
5983,11790,standard,bronze,2722,2025-01-28
5984,11793,flagship,silver,41413,2022-02-10
5985,11794,express,bronze,37509,2019-11-10
5986,11795,flagship,silver,45615,2019-03-15
5987,11796,online,bronze,350,2019-05-28
5988,11798,express,bronze,45051,2020-10-07
5989,11799,express,bronze,3085,2019-11-08
5990,11801,online,platinum,47754,2023-11-01
5991,11801,standard,bronze,30293,2025-01-15
5992,11802,flagship,silver,31625,2021-11-23
5993,11804,standard,silver,42722,2023-09-04
5994,11805,flagship,bronze,27747,2020-09-29
5995,11807,online,bronze,49060,2020-04-06
5996,11808,online,bronze,42565,2025-01-21
5997,11808,express,bronze,1506,2020-11-07
5998,11809,flagship,bronze,10027,2024-12-16
5999,11810,online,bronze,18320,2019-10-21
6000,11810,express,bronze,20221,2021-04-14
6001,11811,express,bronze,12328,2022-02-25
6002,11812,express,platinum,12679,2026-05-25
6003,11817,standard,bronze,16513,2020-03-16
6004,11822,online,silver,30879,2025-11-13
6005,11824,online,bronze,25464,2023-10-04
6006,11826,standard,gold,19996,2020-10-09
6007,11826,express,bronze,25283,2020-01-17
6008,11827,online,bronze,7312,2024-01-20
6009,11831,standard,bronze,29601,2023-08-20
6010,11834,online,bronze,28457,2022-11-03
6011,11835,flagship,bronze,15951,2020-09-15
6012,11839,standard,platinum,38998,2021-05-07
6013,11840,standard,silver,48258,2019-11-06
6014,11840,express,silver,47089,2023-06-13
6015,11845,express,silver,33115,2022-01-05
6016,11849,online,bronze,32103,2022-06-17
6017,11849,standard,gold,41285,2026-03-26
6018,11851,express,gold,38208,2022-07-12
6019,11853,online,bronze,47865,2020-09-06
6020,11853,flagship,silver,49111,2023-01-02
6021,11855,online,platinum,39282,2025-01-27
6022,11856,online,bronze,39860,2022-08-20
6023,11857,flagship,silver,15307,2023-08-12
6024,11858,online,gold,43480,2024-02-22
6025,11861,online,bronze,28813,2023-03-03
6026,11862,express,silver,46474,2025-07-04
6027,11862,flagship,bronze,45393,2024-09-19
6028,11863,flagship,silver,22764,2022-05-26
6029,11863,online,gold,28975,2026-01-15
6030,11866,flagship,silver,49051,2020-09-20
6031,11867,express,bronze,19954,2023-03-05
6032,11868,express,silver,3376,2025-03-19
6033,11873,flagship,platinum,19616,2019-12-24
6034,11876,express,bronze,16505,2019-12-12
6035,11876,online,bronze,27620,2021-10-26
6036,11877,online,silver,12744,2025-08-06
6037,11878,flagship,bronze,34506,2020-07-27
6038,11881,express,gold,43865,2022-11-01
6039,11881,online,platinum,1102,2023-08-05
6040,11883,standard,bronze,11688,2020-01-22
6041,11884,flagship,gold,29989,2025-07-04
6042,11886,express,silver,4918,2020-08-28
6043,11888,online,bronze,15376,2025-04-10
6044,11890,online,bronze,42783,2021-07-30
6045,11891,standard,bronze,19062,2024-12-16
6046,11899,express,bronze,3134,2021-06-28
6047,11902,online,bronze,48605,2019-06-01
6048,11903,flagship,platinum,46178,2024-09-06
6049,11903,standard,silver,18983,2025-01-05
6050,11905,flagship,bronze,8620,2024-08-11
6051,11906,flagship,bronze,34217,2021-12-17
6052,11908,standard,silver,47969,2019-10-16
6053,11910,standard,bronze,3413,2021-02-08
6054,11911,flagship,bronze,30544,2023-05-20
6055,11912,online,silver,5386,2023-02-28
6056,11914,standard,silver,45032,2020-08-28
6057,11914,express,bronze,4400,2019-03-16
6058,11919,standard,bronze,49968,2023-01-11
6059,11919,flagship,platinum,12392,2022-11-01
6060,11920,online,bronze,21158,2021-04-19
6061,11921,express,bronze,40315,2021-09-03
6062,11922,express,gold,39717,2019-12-11
6063,11925,online,bronze,2234,2022-03-11
6064,11927,express,bronze,13732,2023-05-07
6065,11928,flagship,silver,11733,2019-01-19
6066,11928,express,silver,9620,2019-07-10
6067,11930,standard,silver,38437,2025-04-19
6068,11933,standard,silver,41752,2025-06-29
6069,11934,express,silver,26475,2025-07-01
6070,11935,standard,bronze,7128,2020-08-01
6071,11936,standard,bronze,38395,2025-03-10
6072,11938,express,silver,22780,2021-05-08
6073,11939,standard,bronze,28738,2019-05-03
6074,11940,express,silver,32779,2022-03-03
6075,11942,flagship,silver,44230,2020-05-11
6076,11944,standard,bronze,27414,2023-03-15
6077,11948,flagship,bronze,35201,2022-09-26
6078,11952,flagship,gold,45318,2022-07-06
6079,11952,online,gold,30067,2019-06-05
6080,11957,standard,bronze,36277,2022-11-04
6081,11959,flagship,bronze,24375,2020-07-18
6082,11962,flagship,silver,47706,2026-05-05
6083,11963,standard,platinum,31956,2025-04-07
6084,11963,online,bronze,37251,2021-09-07
6085,11964,express,silver,43326,2025-12-24
6086,11965,flagship,bronze,43529,2025-12-26
6087,11967,flagship,bronze,4847,2024-04-26
6088,11967,standard,silver,16625,2019-07-30
6089,11972,online,silver,13208,2023-11-12
6090,11973,standard,platinum,24892,2023-12-25
6091,11975,online,silver,47178,2022-12-26
6092,11975,flagship,bronze,24143,2020-07-28
6093,11976,online,silver,40579,2019-04-06
6094,11976,express,gold,10061,2026-01-26
6095,11978,express,bronze,7083,2025-07-03
6096,11980,standard,silver,48006,2023-07-29
6097,11982,express,bronze,20306,2024-10-16
6098,11987,express,bronze,13655,2019-10-26
6099,11988,online,bronze,37802,2024-08-17
6100,11989,flagship,silver,6653,2024-12-06
6101,11990,standard,bronze,9755,2022-05-25
6102,11994,online,gold,31913,2025-11-29
6103,11994,express,bronze,5328,2022-09-02
6104,11997,online,bronze,13668,2023-06-06
6105,11998,express,silver,45649,2019-10-29
6106,11999,flagship,bronze,44465,2020-12-18
6107,12001,standard,bronze,35336,2026-01-25
6108,12006,online,bronze,24765,2019-03-07
6109,12006,express,bronze,8868,2022-11-01
6110,12008,flagship,gold,27962,2022-03-31
6111,12008,online,silver,16279,2025-03-20
6112,12009,online,bronze,11135,2021-04-08
6113,12010,standard,gold,47749,2024-02-24
6114,12011,express,platinum,177,2020-11-04
6115,12011,online,bronze,31003,2026-05-06
6116,12013,standard,gold,39273,2019-08-23
6117,12013,online,bronze,28324,2023-08-21
6118,12014,express,bronze,4129,2024-12-02
6119,12014,flagship,bronze,21575,2023-04-30
6120,12016,online,bronze,5170,2026-02-08
6121,12017,online,gold,28797,2020-11-23
6122,12017,express,silver,30374,2020-11-05
6123,12018,online,bronze,27621,2019-06-16
6124,12023,standard,bronze,23125,2025-04-06
6125,12023,express,bronze,13417,2020-12-10
6126,12027,express,silver,16799,2023-07-17
6127,12029,online,gold,36822,2020-10-24
6128,12034,express,silver,13809,2023-10-16
6129,12043,online,gold,13498,2020-03-19
6130,12043,standard,bronze,12489,2024-07-26
6131,12044,express,bronze,35916,2020-07-09
6132,12045,express,bronze,5793,2023-08-01
6133,12051,online,silver,1358,2024-06-21
6134,12060,online,bronze,9863,2020-03-14
6135,12064,online,bronze,9888,2021-04-11
6136,12064,express,bronze,3144,2019-05-28
6137,12065,online,silver,15280,2021-12-03
6138,12065,standard,bronze,24984,2025-05-16
6139,12067,express,bronze,22217,2021-08-09
6140,12070,online,gold,20907,2021-02-27
6141,12071,express,bronze,1500,2025-02-21
6142,12073,standard,bronze,19807,2021-03-09
6143,12074,online,silver,3035,2019-03-31
6144,12075,standard,bronze,41073,2026-02-02
6145,12076,flagship,gold,8945,2026-05-24
6146,12076,express,bronze,33256,2019-06-01
6147,12078,express,silver,39060,2023-06-19
6148,12078,standard,silver,49543,2026-03-05
6149,12079,express,bronze,37644,2020-06-11
6150,12081,online,bronze,4904,2021-03-17
6151,12083,online,bronze,41920,2022-10-20
6152,12084,flagship,silver,45446,2021-08-08
6153,12085,flagship,gold,27505,2021-03-22
6154,12087,flagship,silver,14142,2020-06-24
6155,12088,online,bronze,28262,2022-04-11
6156,12090,express,bronze,38342,2020-11-21
6157,12092,online,gold,29533,2023-06-22
6158,12092,standard,silver,30460,2020-12-05
6159,12095,express,bronze,2479,2020-04-15
6160,12097,express,silver,7757,2023-02-17
6161,12100,online,bronze,16389,2019-11-24
6162,12101,flagship,gold,38295,2021-02-10
6163,12103,express,silver,631,2021-05-02
6164,12105,express,bronze,37302,2021-04-22
6165,12108,express,bronze,6622,2026-02-02
6166,12109,standard,gold,30657,2026-03-01
6167,12111,standard,platinum,14945,2026-01-19
6168,12113,online,bronze,44886,2026-05-07
6169,12119,online,bronze,8496,2020-04-23
6170,12121,flagship,silver,15366,2021-04-15
6171,12122,flagship,bronze,37501,2020-01-16
6172,12123,express,silver,29719,2020-10-04
6173,12125,online,silver,11631,2020-09-01
6174,12128,flagship,gold,18812,2023-09-27
6175,12130,express,bronze,17748,2025-02-18
6176,12132,express,bronze,42147,2021-12-06
6177,12135,express,gold,37872,2019-01-05
6178,12137,flagship,bronze,12699,2021-08-26
6179,12137,express,bronze,28381,2019-05-20
6180,12140,express,silver,17307,2021-04-01
6181,12141,standard,gold,44798,2019-09-30
6182,12146,express,bronze,2264,2022-02-21
6183,12146,standard,bronze,43250,2023-04-24
6184,12147,online,bronze,1888,2022-11-30
6185,12149,standard,platinum,41350,2023-10-31
6186,12149,online,bronze,23075,2021-09-09
6187,12150,flagship,silver,10543,2020-02-08
6188,12150,online,gold,24873,2020-12-07
6189,12151,flagship,bronze,70,2021-09-30
6190,12152,standard,bronze,7119,2024-11-07
6191,12154,express,platinum,47545,2019-07-08
6192,12157,standard,silver,25713,2019-01-20
6193,12158,flagship,bronze,40294,2020-07-15
6194,12161,flagship,gold,23430,2025-12-30
6195,12162,express,bronze,12831,2019-01-28
6196,12163,flagship,bronze,37932,2022-06-03
6197,12168,standard,bronze,19006,2021-04-03
6198,12170,standard,gold,26383,2019-03-05
6199,12171,flagship,bronze,19524,2021-03-12
6200,12174,flagship,bronze,22961,2019-04-11
6201,12174,express,bronze,38546,2022-07-15
6202,12175,online,silver,17781,2019-02-18
6203,12177,standard,bronze,48006,2022-05-30
6204,12179,express,bronze,17661,2024-01-17
6205,12181,express,silver,15404,2022-02-25
6206,12186,express,bronze,32061,2019-05-16
6207,12192,express,silver,14908,2022-06-12
6208,12193,online,gold,37128,2024-07-28
6209,12194,standard,silver,14920,2024-07-16
6210,12195,standard,bronze,10183,2025-08-10
6211,12196,standard,bronze,29016,2022-01-10
6212,12197,flagship,bronze,20712,2024-10-12
6213,12197,express,silver,43546,2025-03-15
6214,12198,online,bronze,49329,2024-01-18
6215,12201,standard,silver,18006,2019-01-21
6216,12204,standard,bronze,219,2023-09-29
6217,12204,flagship,gold,33019,2024-12-23
6218,12212,standard,bronze,38486,2024-07-18
6219,12214,flagship,bronze,33284,2026-01-25
6220,12215,flagship,bronze,3868,2023-03-02
6221,12218,flagship,bronze,10363,2021-06-13
6222,12222,express,gold,30105,2019-04-24
6223,12223,standard,bronze,25726,2021-01-17
6224,12224,standard,silver,43533,2024-01-20
6225,12226,express,bronze,41778,2025-04-13
6226,12229,flagship,bronze,7792,2023-07-23
6227,12229,express,bronze,24787,2025-11-02
6228,12230,express,bronze,48381,2022-02-12
6229,12230,online,silver,46281,2022-08-19
6230,12231,express,bronze,5804,2026-04-25
6231,12231,flagship,bronze,39945,2025-11-02
6232,12233,express,gold,8364,2020-06-24
6233,12234,standard,bronze,43563,2026-02-01
6234,12240,flagship,gold,46601,2024-01-23
6235,12245,flagship,silver,43475,2020-06-20
6236,12247,flagship,silver,23094,2021-10-14
6237,12248,standard,bronze,25404,2022-08-09
6238,12249,flagship,silver,40130,2024-11-07
6239,12249,standard,silver,7819,2024-08-26
6240,12250,express,silver,20198,2019-01-01
6241,12251,standard,silver,47306,2025-09-11
6242,12252,express,silver,21914,2024-07-30
6243,12255,express,bronze,45172,2019-03-15
6244,12257,standard,platinum,4393,2022-10-19
6245,12260,online,bronze,24029,2023-05-29
6246,12261,online,gold,10420,2025-11-01
6247,12262,flagship,silver,4420,2019-08-05
6248,12264,express,silver,40363,2024-03-24
6249,12265,online,silver,2048,2019-06-06
6250,12268,standard,silver,23069,2021-09-05
6251,12280,flagship,bronze,10244,2024-09-13
6252,12282,express,bronze,25397,2022-10-24
6253,12283,express,platinum,294,2025-09-26
6254,12284,standard,bronze,34929,2023-04-24
6255,12286,online,silver,23182,2025-02-13
6256,12288,online,bronze,16360,2022-05-27
6257,12290,online,silver,39743,2023-05-01
6258,12291,flagship,bronze,19960,2025-07-04
6259,12292,express,silver,23560,2023-09-09
6260,12292,standard,platinum,16355,2023-02-17
6261,12294,express,gold,45488,2025-10-17
6262,12295,standard,silver,18375,2022-09-05
6263,12297,online,silver,16940,2023-03-04
6264,12297,express,platinum,13232,2021-02-03
6265,12298,standard,silver,44242,2023-02-26
6266,12299,flagship,bronze,5710,2020-01-01
6267,12304,express,gold,41515,2023-04-18
6268,12305,standard,bronze,36538,2020-02-26
6269,12306,online,bronze,33771,2025-11-27
6270,12306,express,bronze,48482,2022-01-09
6271,12307,flagship,bronze,12060,2021-11-07
6272,12309,express,bronze,46275,2024-03-02
6273,12311,online,bronze,32535,2019-01-13
6274,12312,online,bronze,4586,2024-07-30
6275,12312,flagship,bronze,13713,2026-04-09
6276,12313,flagship,silver,44188,2024-09-15
6277,12316,standard,bronze,27950,2023-08-17
6278,12317,online,bronze,32621,2023-11-18
6279,12318,flagship,bronze,19631,2024-03-02
6280,12321,express,bronze,26695,2023-10-18
6281,12322,flagship,bronze,41581,2026-06-27
6282,12324,flagship,platinum,44664,2023-12-29
6283,12332,online,bronze,20770,2022-04-18
6284,12333,express,silver,16838,2019-02-06
6285,12334,standard,bronze,27273,2019-08-27
6286,12334,flagship,bronze,24239,2026-05-16
6287,12335,standard,bronze,15780,2019-07-06
6288,12340,standard,silver,36451,2021-05-22
6289,12341,flagship,bronze,34013,2021-06-26
6290,12342,online,bronze,6199,2021-04-16
6291,12343,express,bronze,49317,2019-08-16
6292,12344,standard,gold,36428,2022-05-28
6293,12346,online,bronze,4805,2024-06-13
6294,12348,standard,silver,37355,2026-04-21
6295,12349,express,bronze,46472,2020-12-25
6296,12354,express,bronze,19974,2019-11-10
6297,12355,online,gold,13406,2023-08-01
6298,12355,express,silver,20176,2022-12-16
6299,12361,standard,gold,33964,2019-03-19
6300,12362,online,bronze,11519,2024-05-26
6301,12362,express,bronze,30392,2020-07-29
6302,12363,online,bronze,44939,2024-04-13
6303,12364,online,silver,34454,2022-02-10
6304,12365,standard,silver,26694,2024-08-29
6305,12365,flagship,gold,47829,2026-05-12
6306,12366,flagship,bronze,286,2021-09-14
6307,12367,express,silver,16866,2019-04-23
6308,12368,flagship,silver,26278,2019-10-22
6309,12370,flagship,silver,24364,2026-04-27
6310,12370,express,bronze,38753,2024-11-28
6311,12371,flagship,silver,34233,2022-02-18
6312,12374,standard,bronze,28071,2024-08-31
6313,12376,express,silver,10743,2023-06-18
6314,12377,express,bronze,1210,2019-02-25
6315,12380,standard,silver,34456,2026-06-01
6316,12381,flagship,platinum,27861,2020-04-28
6317,12382,flagship,bronze,27667,2025-12-17
6318,12383,standard,bronze,26092,2024-02-08
6319,12385,online,bronze,31025,2021-04-09
6320,12386,online,bronze,48136,2023-07-19
6321,12391,online,silver,43653,2026-01-10
6322,12392,express,gold,8472,2022-01-13
6323,12394,online,bronze,41229,2024-09-20
6324,12395,flagship,silver,18195,2025-02-25
6325,12396,flagship,silver,40178,2020-03-24
6326,12397,online,bronze,46449,2019-06-18
6327,12398,standard,gold,11084,2025-04-16
6328,12399,standard,gold,25444,2022-09-08
6329,12400,flagship,bronze,33491,2025-09-01
6330,12401,online,silver,44104,2019-09-03
6331,12401,flagship,bronze,33789,2025-12-28
6332,12402,online,silver,27420,2022-12-08
6333,12403,online,bronze,11143,2025-02-28
6334,12408,online,silver,37905,2023-12-04
6335,12410,standard,silver,49275,2019-02-11
6336,12411,standard,silver,12723,2020-05-25
6337,12417,express,gold,42753,2021-10-21
6338,12418,online,silver,39536,2024-11-02
6339,12418,express,bronze,4637,2020-03-13
6340,12420,flagship,bronze,17751,2021-08-21
6341,12421,online,bronze,17007,2025-06-08
6342,12422,flagship,bronze,1995,2024-11-20
6343,12422,online,bronze,13006,2025-04-04
6344,12425,online,gold,31589,2025-12-29
6345,12427,express,bronze,47379,2023-10-31
6346,12428,standard,platinum,11948,2023-01-30
6347,12428,online,bronze,12344,2020-07-09
6348,12429,online,bronze,4773,2026-05-01
6349,12430,flagship,gold,48930,2022-08-26
6350,12431,online,bronze,27610,2024-05-11
6351,12432,online,bronze,337,2026-04-19
6352,12433,express,silver,41066,2021-11-02
6353,12435,online,bronze,29576,2020-08-30
6354,12436,online,gold,19183,2021-05-26
6355,12438,flagship,silver,6798,2023-07-13
6356,12441,flagship,gold,45835,2020-11-13
6357,12446,standard,gold,15921,2022-01-20
6358,12447,online,bronze,41129,2023-07-04
6359,12448,online,silver,20476,2024-04-29
6360,12449,express,bronze,21885,2020-01-01
6361,12450,flagship,silver,20826,2019-06-20
6362,12452,standard,bronze,6419,2025-12-15
6363,12456,flagship,gold,31270,2021-10-24
6364,12457,express,bronze,45300,2021-03-26
6365,12458,flagship,gold,25152,2024-04-21
6366,12466,flagship,bronze,17400,2020-06-22
6367,12468,online,gold,17909,2021-08-28
6368,12469,online,bronze,35217,2025-04-19
6369,12470,flagship,gold,33216,2021-11-23
6370,12473,flagship,silver,33788,2025-07-11
6371,12474,express,bronze,37975,2021-03-12
6372,12476,standard,bronze,29247,2021-01-18
6373,12476,flagship,silver,26321,2025-12-10
6374,12482,flagship,gold,46891,2020-01-26
6375,12483,flagship,bronze,38844,2019-01-19
6376,12483,standard,bronze,7232,2021-11-16
6377,12485,flagship,platinum,13701,2020-09-08
6378,12486,flagship,bronze,17081,2019-07-02
6379,12488,online,bronze,26153,2022-11-03
6380,12489,express,bronze,41264,2024-09-06
6381,12491,express,bronze,5264,2025-07-02
6382,12496,flagship,silver,18469,2024-07-05
6383,12497,express,silver,15660,2023-08-17
6384,12499,flagship,silver,40506,2022-06-25
6385,12499,online,bronze,34099,2019-02-16
6386,12505,online,silver,32731,2021-10-23
6387,12506,standard,bronze,48155,2024-02-19
6388,12507,online,silver,8066,2024-03-18
6389,12509,express,bronze,10251,2024-03-25
6390,12512,standard,gold,31943,2019-12-26
6391,12513,standard,silver,44028,2024-12-17
6392,12515,flagship,bronze,35669,2024-09-06
6393,12517,express,silver,22562,2024-01-31
6394,12519,flagship,bronze,26126,2026-05-17
6395,12520,online,bronze,7075,2025-09-29
6396,12523,standard,bronze,22546,2019-03-01
6397,12531,standard,bronze,28544,2023-01-12
6398,12533,online,gold,24016,2023-10-31
6399,12536,standard,bronze,45738,2025-06-26
6400,12539,flagship,platinum,45956,2025-05-23
6401,12540,online,bronze,38039,2025-12-05
6402,12541,online,bronze,733,2021-02-10
6403,12542,flagship,bronze,41818,2024-02-19
6404,12542,online,bronze,42837,2020-03-11
6405,12543,flagship,bronze,40534,2023-08-21
6406,12547,express,silver,48194,2019-10-21
6407,12549,online,bronze,35436,2023-11-08
6408,12552,flagship,silver,1246,2023-01-11
6409,12559,express,platinum,4099,2019-06-09
6410,12561,standard,bronze,3217,2020-01-04
6411,12568,express,bronze,14326,2025-09-29
6412,12572,online,silver,49689,2020-02-14
6413,12574,standard,gold,9799,2022-04-27
6414,12581,flagship,bronze,10344,2020-07-25
6415,12582,standard,silver,36183,2025-05-20
6416,12585,express,bronze,41890,2019-03-03
6417,12586,express,silver,33680,2023-03-24
6418,12587,online,bronze,25904,2024-07-07
6419,12589,standard,bronze,7773,2026-05-12
6420,12589,online,platinum,20220,2022-03-02
6421,12590,online,bronze,13508,2024-05-17
6422,12592,flagship,gold,16808,2025-12-24
6423,12593,express,bronze,33836,2026-05-11
6424,12597,flagship,bronze,21744,2023-04-24
6425,12598,flagship,bronze,6449,2025-04-20
6426,12600,standard,bronze,12940,2025-06-19
6427,12600,online,platinum,15093,2023-10-04
6428,12604,flagship,bronze,12658,2024-03-03
6429,12604,standard,silver,21811,2020-10-17
6430,12606,online,bronze,30750,2021-05-24
6431,12608,flagship,bronze,23215,2024-12-23
6432,12612,online,bronze,277,2025-08-15
6433,12614,standard,bronze,30342,2022-06-03
6434,12617,online,bronze,39234,2024-01-24
6435,12618,standard,silver,33824,2023-06-22
6436,12620,online,bronze,41652,2023-01-25
6437,12621,express,bronze,46055,2023-11-04
6438,12624,standard,bronze,15659,2025-03-17
6439,12625,standard,bronze,4265,2024-03-03
6440,12625,online,bronze,37167,2024-04-28
6441,12626,express,bronze,8640,2026-04-03
6442,12627,online,bronze,4255,2020-01-03
6443,12628,flagship,bronze,10426,2022-12-25
6444,12629,standard,bronze,12035,2021-06-16
6445,12630,flagship,gold,3061,2019-05-21
6446,12630,online,silver,5367,2021-12-20
6447,12631,standard,bronze,1138,2023-03-02
6448,12639,online,silver,25402,2020-06-09
6449,12640,online,platinum,45102,2023-08-05
6450,12641,flagship,bronze,29511,2023-04-12
6451,12645,standard,silver,22820,2021-10-07
6452,12646,express,bronze,27160,2023-04-08
6453,12647,standard,silver,11555,2023-09-03
6454,12649,online,bronze,34469,2019-08-08
6455,12651,express,silver,10970,2021-08-12
6456,12651,standard,silver,27052,2019-12-21
6457,12652,express,bronze,35429,2019-12-27
6458,12652,flagship,platinum,24504,2024-05-26
6459,12656,flagship,bronze,15854,2023-03-16
6460,12658,standard,bronze,4194,2020-05-08
6461,12659,standard,silver,30085,2025-02-13
6462,12660,standard,bronze,42183,2025-01-29
6463,12668,online,platinum,11313,2019-08-14
6464,12669,express,bronze,18746,2025-07-25
6465,12673,flagship,bronze,1081,2021-03-30
6466,12675,standard,silver,40071,2020-07-19
6467,12678,express,bronze,16845,2019-07-08
6468,12680,online,bronze,4447,2022-05-01
6469,12683,express,bronze,24423,2024-04-10
6470,12683,online,bronze,35627,2022-07-05
6471,12685,online,silver,19007,2020-08-06
6472,12686,express,gold,8784,2024-08-16
6473,12688,online,silver,29053,2025-11-27
6474,12689,online,bronze,41764,2025-01-08
6475,12692,standard,silver,46642,2024-12-04
6476,12693,online,bronze,28926,2025-09-09
6477,12694,online,silver,276,2020-05-22
6478,12699,flagship,silver,42146,2019-10-12
6479,12699,express,silver,620,2023-06-13
6480,12701,express,bronze,90,2025-01-16
6481,12705,flagship,bronze,48319,2020-03-08
6482,12708,express,bronze,48986,2019-07-11
6483,12709,express,silver,45067,2021-05-24
6484,12709,standard,gold,49509,2025-11-09
6485,12713,online,bronze,19668,2019-11-05
6486,12716,online,bronze,23245,2026-06-14
6487,12717,online,bronze,24664,2021-02-27
6488,12718,online,bronze,35288,2019-03-23
6489,12723,online,bronze,46940,2019-06-20
6490,12724,flagship,silver,6518,2025-03-05
6491,12725,express,bronze,47628,2025-04-03
6492,12725,standard,bronze,34375,2021-08-25
6493,12727,flagship,silver,7071,2019-08-05
6494,12728,flagship,gold,33268,2025-07-03
6495,12730,flagship,bronze,30995,2022-06-04
6496,12734,flagship,bronze,8419,2019-06-05
6497,12735,standard,gold,142,2020-10-05
6498,12736,flagship,bronze,46324,2025-10-10
6499,12737,online,silver,13830,2020-03-06
6500,12741,standard,bronze,26505,2020-10-10
6501,12742,flagship,bronze,46791,2026-02-27
6502,12744,online,silver,8105,2023-05-06
6503,12745,standard,platinum,21800,2022-10-03
6504,12747,online,silver,10915,2021-11-21
6505,12747,standard,bronze,29539,2019-10-31
6506,12748,online,silver,16011,2024-11-18
6507,12749,express,bronze,27502,2023-11-06
6508,12750,standard,bronze,10204,2021-01-29
6509,12751,express,bronze,993,2022-06-09
6510,12753,standard,bronze,15682,2025-02-23
6511,12757,standard,bronze,13740,2020-05-27
6512,12762,online,bronze,19637,2023-04-18
6513,12763,express,gold,45407,2019-04-15
6514,12764,express,gold,46331,2026-05-08
6515,12764,online,gold,32508,2020-08-04
6516,12765,express,silver,14541,2020-06-17
6517,12768,flagship,bronze,679,2019-04-09
6518,12776,online,bronze,32161,2025-09-22
6519,12780,online,silver,31595,2019-03-19
6520,12781,online,silver,14531,2020-07-05
6521,12782,online,bronze,23280,2019-07-04
6522,12788,flagship,silver,44485,2025-03-16
6523,12789,flagship,silver,27698,2020-01-07
6524,12789,express,bronze,16291,2024-03-23
6525,12793,express,silver,20757,2019-05-19
6526,12793,online,silver,44791,2024-10-29
6527,12796,express,bronze,22600,2021-06-01
6528,12796,flagship,gold,22615,2023-03-15
6529,12797,online,silver,5426,2024-11-05
6530,12798,express,bronze,21960,2019-08-10
6531,12798,standard,gold,1576,2025-09-05
6532,12799,express,bronze,32380,2021-12-01
6533,12800,express,bronze,26104,2025-06-10
6534,12801,flagship,silver,5283,2022-08-14
6535,12805,standard,bronze,42819,2025-07-31
6536,12805,express,bronze,13631,2025-10-29
6537,12806,flagship,silver,32274,2025-05-25
6538,12807,flagship,bronze,40671,2025-10-21
6539,12808,flagship,silver,49794,2025-06-02
6540,12813,standard,gold,28873,2021-01-04
6541,12816,express,platinum,28631,2025-07-24
6542,12819,flagship,bronze,3785,2022-01-18
6543,12821,online,bronze,29172,2025-09-25
6544,12823,online,silver,34847,2022-03-29
6545,12826,online,platinum,12366,2019-09-05
6546,12828,standard,bronze,28609,2025-06-22
6547,12829,express,bronze,43651,2021-02-09
6548,12832,online,silver,19364,2024-01-02
6549,12838,express,gold,10325,2023-01-31
6550,12840,standard,bronze,32267,2021-10-18
6551,12841,flagship,platinum,21815,2020-07-11
6552,12843,express,gold,21285,2023-03-16
6553,12846,standard,bronze,17187,2022-09-06
6554,12846,flagship,bronze,14930,2024-12-05
6555,12847,express,silver,23634,2026-04-04
6556,12850,flagship,bronze,47763,2022-07-25
6557,12854,online,bronze,2608,2022-03-11
6558,12855,online,bronze,14614,2022-02-23
6559,12855,standard,silver,35304,2019-08-29
6560,12857,standard,bronze,31868,2025-11-05
6561,12859,flagship,bronze,7830,2022-03-18
6562,12860,express,silver,12547,2023-10-08
6563,12863,online,bronze,28898,2022-11-17
6564,12870,standard,bronze,18374,2022-03-18
6565,12870,express,silver,30465,2025-07-05
6566,12872,standard,silver,15863,2019-11-26
6567,12873,standard,silver,32856,2026-01-03
6568,12874,online,bronze,26571,2026-03-19
6569,12880,flagship,gold,42907,2022-11-16
6570,12884,flagship,bronze,30486,2019-01-30
6571,12885,standard,gold,37486,2020-03-12
6572,12886,flagship,bronze,41931,2026-01-06
6573,12890,flagship,silver,12317,2024-12-15
6574,12890,standard,bronze,42993,2025-06-10
6575,12894,standard,bronze,37274,2026-05-31
6576,12896,standard,bronze,16288,2020-05-01
6577,12896,express,platinum,13285,2019-08-24
6578,12897,flagship,bronze,41352,2020-02-19
6579,12898,standard,bronze,38646,2021-07-23
6580,12903,express,bronze,30030,2021-10-01
6581,12906,flagship,bronze,27922,2022-05-29
6582,12910,standard,silver,9555,2023-08-15
6583,12911,flagship,bronze,30305,2025-06-14
6584,12913,standard,bronze,26049,2024-04-25
6585,12916,express,silver,5717,2022-03-06
6586,12919,standard,bronze,2026,2021-02-26
6587,12920,standard,silver,42022,2019-03-24
6588,12920,flagship,silver,49221,2022-01-18
6589,12921,standard,silver,40640,2026-01-20
6590,12922,standard,bronze,33989,2023-02-25
6591,12923,standard,bronze,30831,2019-07-19
6592,12923,online,bronze,24549,2024-02-03
6593,12924,express,silver,34458,2023-04-28
6594,12925,online,bronze,49255,2023-08-01
6595,12928,flagship,silver,1974,2023-06-24
6596,12931,online,bronze,33157,2025-09-28
6597,12932,standard,gold,33793,2021-07-25
6598,12933,standard,silver,19556,2024-02-01
6599,12934,online,silver,37510,2022-01-13
6600,12935,flagship,bronze,4279,2020-09-23
6601,12936,online,bronze,32346,2019-04-23
6602,12940,standard,bronze,30977,2025-07-26
6603,12941,flagship,bronze,46080,2024-02-26
6604,12941,online,bronze,49907,2020-01-20
6605,12942,express,bronze,35563,2025-09-07
6606,12944,standard,bronze,5267,2024-10-03
6607,12945,standard,bronze,19747,2022-12-22
6608,12945,express,bronze,31927,2021-02-26
6609,12946,standard,bronze,16779,2022-11-09
6610,12947,standard,bronze,13583,2022-02-27
6611,12952,flagship,bronze,575,2022-09-30
6612,12952,standard,bronze,732,2024-11-07
6613,12955,express,gold,19556,2025-09-14
6614,12962,express,bronze,42751,2026-01-15
6615,12962,online,bronze,49738,2024-10-31
6616,12963,online,bronze,24678,2023-09-05
6617,12966,flagship,silver,48845,2025-12-25
6618,12966,online,bronze,11996,2024-01-24
6619,12971,online,bronze,4559,2025-12-05
6620,12971,standard,gold,4716,2025-08-22
6621,12972,online,silver,44649,2022-09-23
6622,12974,standard,bronze,44636,2022-05-23
6623,12975,online,silver,33162,2025-05-27
6624,12975,standard,bronze,15726,2022-04-12
6625,12978,online,silver,864,2019-08-18
6626,12979,flagship,bronze,46462,2022-07-12
6627,12981,online,bronze,20664,2025-10-21
6628,12981,flagship,bronze,43152,2020-11-20
6629,12983,flagship,silver,38970,2024-02-13
6630,12984,standard,bronze,19229,2026-01-21
6631,12987,online,silver,36236,2021-01-28
6632,12987,express,gold,255,2026-05-23
6633,12988,online,silver,23850,2019-02-28
6634,12993,standard,bronze,49002,2019-07-03
6635,12994,online,bronze,32618,2022-01-07
6636,12998,flagship,gold,1408,2026-06-28
6637,12999,standard,bronze,41459,2023-08-21
6638,12999,flagship,bronze,45227,2021-07-21
6639,13002,online,gold,181,2023-10-13
6640,13003,online,gold,9227,2019-06-21
6641,13003,flagship,silver,5026,2023-09-16
6642,13004,online,bronze,35187,2022-01-11
6643,13006,standard,silver,46681,2023-01-11
6644,13007,online,bronze,4425,2022-05-30
6645,13009,online,bronze,21137,2020-03-21
6646,13011,flagship,bronze,22773,2026-03-18
6647,13013,online,gold,43265,2021-11-30
6648,13016,express,silver,18348,2019-11-19
6649,13019,express,silver,47673,2023-01-21
6650,13020,online,platinum,21721,2025-10-06
6651,13021,flagship,bronze,23054,2023-11-26
6652,13024,express,bronze,11180,2022-04-01
6653,13029,flagship,bronze,25864,2020-08-30
6654,13031,flagship,gold,46964,2020-05-30
6655,13036,express,bronze,14734,2024-02-25
6656,13037,online,silver,1570,2025-02-14
6657,13038,online,silver,35531,2023-09-12
6658,13038,express,gold,3316,2023-04-25
6659,13039,online,silver,7183,2025-05-20
6660,13041,flagship,platinum,41159,2022-12-14
6661,13045,flagship,bronze,16781,2019-12-15
6662,13046,standard,bronze,22418,2019-11-20
6663,13047,express,bronze,31642,2025-09-13
6664,13048,flagship,bronze,14495,2020-04-22
6665,13051,express,bronze,14505,2020-08-17
6666,13053,online,bronze,1295,2024-06-04
6667,13058,online,silver,45937,2024-02-10
6668,13062,express,bronze,27365,2022-07-14
6669,13063,online,bronze,7629,2025-07-23
6670,13066,flagship,bronze,12419,2024-06-14
6671,13067,express,bronze,34679,2026-05-16
6672,13069,express,bronze,14810,2023-08-01
6673,13074,standard,bronze,15657,2025-12-10
6674,13075,flagship,silver,24925,2019-05-19
6675,13081,online,bronze,49059,2023-02-25
6676,13084,flagship,bronze,40338,2019-10-20
6677,13086,express,bronze,26509,2021-09-03
6678,13091,flagship,bronze,32036,2025-10-06
6679,13091,standard,bronze,24854,2025-04-07
6680,13095,standard,platinum,42437,2023-10-28
6681,13096,online,bronze,4322,2019-10-11
6682,13097,standard,silver,14415,2020-07-09
6683,13099,standard,silver,34155,2024-12-26
6684,13100,flagship,silver,2268,2025-12-30
6685,13102,standard,bronze,12787,2019-06-01
6686,13103,standard,silver,37500,2023-11-28
6687,13104,express,bronze,16222,2019-05-26
6688,13104,online,bronze,6247,2025-05-20
6689,13108,express,bronze,31833,2025-03-24
6690,13110,flagship,bronze,32051,2019-08-04
6691,13113,standard,silver,16649,2020-04-23
6692,13115,standard,bronze,18697,2019-03-05
6693,13120,online,silver,30653,2020-10-11
6694,13124,online,silver,44206,2021-05-10
6695,13127,standard,bronze,11840,2021-04-20
6696,13133,express,gold,30992,2026-01-09
6697,13133,flagship,silver,1293,2021-06-16
6698,13135,flagship,silver,16774,2020-04-18
6699,13139,standard,platinum,27583,2023-09-17
6700,13139,express,bronze,25157,2021-01-30
6701,13140,online,gold,4797,2024-03-05
6702,13140,express,bronze,28713,2023-09-03
6703,13143,flagship,silver,1230,2023-05-04
6704,13143,express,platinum,17180,2020-01-30
6705,13144,flagship,bronze,40487,2022-08-24
6706,13145,flagship,silver,12187,2024-06-22
6707,13145,standard,bronze,41242,2019-04-04
6708,13149,standard,silver,2497,2019-03-31
6709,13151,express,bronze,4698,2020-09-03
6710,13157,flagship,bronze,41659,2022-05-25
6711,13158,online,silver,29323,2022-03-30
6712,13158,flagship,silver,10995,2020-11-01
6713,13162,express,silver,28491,2025-12-04
6714,13163,flagship,bronze,25944,2023-02-04
6715,13164,flagship,bronze,8039,2025-02-21
6716,13165,flagship,gold,21645,2020-12-30
6717,13166,express,bronze,365,2023-01-06
6718,13172,flagship,silver,39105,2019-11-07
6719,13175,standard,bronze,24374,2019-05-11
6720,13176,flagship,gold,19466,2024-01-22
6721,13178,standard,silver,31366,2025-06-02
6722,13178,express,silver,8399,2024-05-11
6723,13180,flagship,silver,23996,2024-12-04
6724,13180,standard,silver,13838,2024-03-29
6725,13182,standard,gold,35609,2026-06-07
6726,13187,flagship,bronze,18938,2026-04-11
6727,13188,online,bronze,12273,2024-10-17
6728,13188,express,bronze,38333,2021-05-27
6729,13190,flagship,bronze,3573,2022-08-01
6730,13192,online,bronze,34311,2021-04-24
6731,13192,express,gold,48466,2024-01-12
6732,13193,online,bronze,36915,2022-06-12
6733,13195,express,bronze,43346,2023-08-28
6734,13195,standard,bronze,28743,2025-04-20
6735,13196,flagship,silver,14687,2019-05-03
6736,13199,standard,silver,48172,2026-04-25
6737,13199,online,silver,35196,2025-02-01
6738,13200,standard,bronze,18032,2025-10-14
6739,13204,flagship,bronze,45030,2020-05-07
6740,13205,online,bronze,5979,2024-03-14
6741,13205,flagship,gold,14435,2020-11-03
6742,13208,flagship,bronze,1358,2025-06-13
6743,13209,standard,bronze,1626,2023-09-27
6744,13210,flagship,bronze,40314,2021-09-15
6745,13218,standard,silver,6520,2019-03-28
6746,13218,express,bronze,9437,2019-09-03
6747,13225,online,gold,10587,2023-05-07
6748,13228,online,bronze,35705,2021-04-17
6749,13231,express,silver,34188,2019-03-02
6750,13238,flagship,bronze,27837,2022-12-15
6751,13243,standard,bronze,33795,2024-06-22
6752,13246,flagship,silver,29902,2023-12-23
6753,13249,flagship,bronze,20076,2024-01-26
6754,13252,flagship,bronze,27807,2021-02-23
6755,13254,express,bronze,22769,2019-05-08
6756,13257,express,silver,24576,2022-01-29
6757,13258,express,gold,25606,2021-01-05
6758,13259,flagship,silver,27878,2021-07-27
6759,13262,online,silver,36274,2023-12-07
6760,13264,flagship,gold,25303,2022-07-09
6761,13266,standard,silver,48084,2022-02-11
6762,13266,flagship,bronze,23833,2023-10-13
6763,13268,express,bronze,31594,2023-08-15
6764,13272,online,silver,19485,2024-01-25
6765,13281,online,silver,48664,2022-04-04
6766,13281,express,silver,29328,2021-12-20
6767,13286,express,bronze,5517,2022-05-27
6768,13288,express,silver,41838,2025-10-13
6769,13290,standard,bronze,3740,2022-02-05
6770,13295,standard,bronze,27082,2026-05-16
6771,13297,flagship,bronze,42263,2022-12-07
6772,13298,standard,bronze,16733,2026-06-05
6773,13301,online,bronze,12647,2022-05-14
6774,13304,express,bronze,24704,2020-10-07
6775,13307,express,platinum,9030,2024-11-29
6776,13308,express,silver,36611,2022-01-23
6777,13310,standard,bronze,5182,2019-11-08
6778,13312,standard,silver,20678,2025-06-02
6779,13315,flagship,bronze,31318,2025-03-04
6780,13319,online,bronze,34244,2025-10-24
6781,13321,online,bronze,28795,2024-12-30
6782,13322,flagship,bronze,13034,2021-11-02
6783,13324,express,platinum,20944,2023-01-14
6784,13326,flagship,bronze,26509,2022-11-01
6785,13332,online,silver,38875,2023-07-22
6786,13336,flagship,silver,49424,2021-01-03
6787,13339,express,bronze,28375,2019-10-15
6788,13345,express,bronze,25255,2022-02-06
6789,13346,online,gold,28992,2022-12-14
6790,13350,standard,silver,48618,2026-06-29
6791,13353,flagship,gold,8225,2025-04-21
6792,13356,flagship,gold,26387,2024-02-10
6793,13358,flagship,bronze,45764,2023-04-19
6794,13358,online,gold,6022,2022-03-08
6795,13361,express,bronze,20978,2026-04-03
6796,13364,flagship,gold,23259,2020-12-15
6797,13364,standard,silver,26259,2023-12-05
6798,13365,standard,silver,897,2021-03-23
6799,13366,standard,silver,4194,2021-11-29
6800,13368,standard,bronze,41479,2019-12-23
6801,13369,online,bronze,23954,2025-03-30
6802,13371,online,gold,2578,2020-10-15
6803,13374,flagship,gold,2876,2026-06-02
6804,13374,express,silver,14807,2023-02-12
6805,13375,standard,bronze,22768,2020-07-31
6806,13376,standard,bronze,41033,2024-04-14
6807,13376,express,bronze,41118,2023-11-11
6808,13380,online,bronze,41035,2022-05-23
6809,13382,express,bronze,4442,2026-04-05
6810,13382,flagship,bronze,34486,2019-07-30
6811,13383,online,bronze,11071,2025-03-05
6812,13384,express,bronze,24320,2022-05-29
6813,13385,standard,bronze,44891,2025-01-17
6814,13385,flagship,silver,12027,2019-07-26
6815,13386,online,bronze,10975,2023-03-10
6816,13386,flagship,bronze,43569,2025-05-27
6817,13390,online,bronze,42479,2019-06-28
6818,13391,flagship,bronze,8820,2019-11-18
6819,13391,express,silver,38668,2020-11-22
6820,13392,standard,silver,37228,2019-03-05
6821,13393,flagship,bronze,12484,2020-02-28
6822,13396,online,bronze,24933,2020-07-10
6823,13399,standard,bronze,6304,2019-09-02
6824,13401,flagship,bronze,45679,2022-07-23
6825,13402,flagship,bronze,15412,2022-03-02
6826,13404,flagship,bronze,46845,2021-09-23
6827,13406,express,bronze,37804,2019-12-28
6828,13407,online,bronze,28194,2025-07-16
6829,13409,standard,bronze,3700,2022-04-24
6830,13409,flagship,bronze,49797,2023-03-26
6831,13410,standard,silver,42352,2024-05-23
6832,13411,express,bronze,2771,2024-05-03
6833,13412,flagship,bronze,34251,2023-04-15
6834,13413,standard,bronze,43641,2021-01-30
6835,13414,express,bronze,47805,2022-12-26
6836,13418,flagship,bronze,44072,2026-04-27
6837,13419,express,silver,30857,2022-12-12
6838,13423,standard,bronze,23698,2024-09-19
6839,13430,flagship,bronze,41876,2021-06-05
6840,13432,standard,bronze,33196,2020-11-14
6841,13432,express,silver,40705,2021-11-26
6842,13433,express,bronze,18082,2019-02-09
6843,13434,express,bronze,40476,2019-06-18
6844,13436,online,silver,14904,2022-12-31
6845,13439,flagship,silver,8311,2021-06-26
6846,13443,standard,bronze,36847,2024-06-18
6847,13446,online,bronze,30155,2019-09-14
6848,13450,online,bronze,42052,2020-04-20
6849,13452,standard,bronze,34471,2021-08-06
6850,13452,flagship,gold,13920,2020-07-21
6851,13454,online,gold,30851,2019-07-29
6852,13457,express,bronze,16654,2023-03-24
6853,13460,online,bronze,31563,2020-09-01
6854,13462,express,silver,48887,2021-07-09
6855,13466,express,gold,30424,2019-09-20
6856,13467,express,bronze,47229,2020-07-30
6857,13468,flagship,bronze,21344,2023-07-06
6858,13468,online,bronze,11705,2024-07-30
6859,13469,online,bronze,39740,2019-01-21
6860,13470,online,bronze,39504,2024-01-31
6861,13471,flagship,bronze,18681,2022-11-06
6862,13473,standard,bronze,22575,2019-04-10
6863,13473,flagship,bronze,5886,2022-07-29
6864,13475,flagship,bronze,16837,2020-08-12
6865,13476,express,silver,29560,2024-01-12
6866,13482,standard,bronze,38982,2021-12-01
6867,13484,standard,gold,23350,2024-12-22
6868,13485,online,bronze,34110,2021-12-09
6869,13486,flagship,gold,19649,2022-11-09
6870,13488,online,bronze,40097,2025-03-26
6871,13491,standard,gold,9936,2020-04-07
6872,13494,express,gold,4495,2022-10-11
6873,13495,standard,gold,39194,2024-06-16
6874,13495,flagship,gold,41309,2025-02-02
6875,13498,standard,bronze,4918,2023-10-04
6876,13498,online,bronze,32342,2020-08-11
6877,13499,online,gold,14048,2023-02-19
6878,13501,flagship,silver,18135,2022-07-29
6879,13503,online,platinum,13414,2021-09-20
6880,13504,standard,bronze,18133,2019-02-23
6881,13505,standard,silver,46280,2022-07-27
6882,13506,flagship,bronze,7695,2026-01-26
6883,13507,online,bronze,6293,2020-01-19
6884,13508,standard,silver,36229,2025-11-23
6885,13509,express,bronze,13762,2020-06-25
6886,13510,standard,bronze,43493,2024-08-09
6887,13510,online,silver,13590,2020-03-13
6888,13511,express,gold,34683,2021-04-30
6889,13512,online,silver,20648,2022-07-09
6890,13513,flagship,bronze,36613,2020-10-19
6891,13514,express,silver,15804,2026-04-20
6892,13515,express,platinum,5524,2020-09-19
6893,13517,online,silver,30909,2020-05-03
6894,13517,flagship,gold,10494,2019-07-30
6895,13518,online,bronze,24115,2026-05-24
6896,13519,standard,silver,31899,2019-10-17
6897,13523,express,silver,40419,2021-05-19
6898,13523,standard,silver,9825,2021-10-15
6899,13524,online,silver,150,2019-12-12
6900,13528,online,gold,13039,2025-05-13
6901,13529,standard,bronze,20906,2026-03-01
6902,13529,online,silver,36782,2025-01-23
6903,13530,standard,bronze,37484,2021-01-23
6904,13530,online,gold,7862,2021-01-22
6905,13532,flagship,silver,43703,2019-09-12
6906,13534,standard,silver,129,2021-08-24
6907,13537,online,silver,30254,2020-04-03
6908,13538,express,silver,25782,2026-04-28
6909,13545,express,bronze,36555,2024-06-29
6910,13553,online,silver,21493,2022-12-23
6911,13553,flagship,bronze,39685,2019-03-04
6912,13555,online,bronze,34233,2026-04-05
6913,13555,standard,bronze,46622,2022-11-24
6914,13556,express,bronze,3029,2024-01-06
6915,13557,express,bronze,45786,2020-01-11
6916,13558,flagship,bronze,48017,2025-01-31
6917,13562,flagship,bronze,19443,2023-12-24
6918,13563,online,silver,45673,2022-02-14
6919,13568,flagship,bronze,34096,2021-05-01
6920,13569,express,silver,46512,2021-07-20
6921,13569,standard,silver,11466,2025-08-14
6922,13570,standard,bronze,44637,2020-10-14
6923,13570,online,bronze,4040,2023-03-25
6924,13571,online,bronze,36365,2019-08-04
6925,13573,online,silver,16064,2024-03-03
6926,13575,express,bronze,44173,2019-11-04
6927,13576,flagship,bronze,26106,2021-10-11
6928,13576,express,silver,13994,2019-10-04
6929,13577,standard,silver,13471,2021-03-18
6930,13578,flagship,bronze,42908,2025-02-03
6931,13578,online,bronze,2370,2024-03-19
6932,13579,online,gold,40687,2025-09-10
6933,13580,standard,bronze,11806,2019-09-26
6934,13582,standard,bronze,16190,2025-09-05
6935,13583,standard,platinum,34337,2019-11-15
6936,13584,express,bronze,37878,2022-06-12
6937,13585,online,bronze,17914,2020-07-27
6938,13585,standard,bronze,9311,2021-01-14
6939,13587,express,bronze,4611,2026-03-22
6940,13588,flagship,bronze,13281,2021-10-01
6941,13589,flagship,silver,24464,2021-03-17
6942,13591,flagship,bronze,27322,2025-05-28
6943,13593,express,silver,28043,2023-06-19
6944,13594,flagship,bronze,20279,2019-08-26
6945,13600,online,bronze,20200,2025-06-18
6946,13601,flagship,bronze,8650,2023-03-16
6947,13604,online,bronze,2619,2023-11-25
6948,13610,flagship,gold,21793,2025-06-12
6949,13617,online,silver,26908,2026-04-30
6950,13620,online,bronze,17550,2025-09-22
6951,13622,express,bronze,29193,2026-05-30
6952,13626,flagship,platinum,41809,2019-02-12
6953,13627,express,bronze,37804,2024-02-25
6954,13630,online,silver,6793,2019-09-27
6955,13630,standard,bronze,30488,2022-11-15
6956,13631,express,silver,3085,2021-07-26
6957,13633,standard,bronze,19159,2023-09-05
6958,13634,online,silver,13093,2019-05-13
6959,13635,flagship,bronze,13793,2022-03-14
6960,13640,standard,bronze,21791,2019-05-22
6961,13641,standard,bronze,41836,2020-07-23
6962,13645,standard,silver,25937,2020-12-15
6963,13645,flagship,bronze,29749,2025-10-27
6964,13649,express,silver,39331,2022-03-31
6965,13649,online,silver,26964,2024-01-31
6966,13653,standard,bronze,33924,2023-09-12
6967,13655,express,gold,43654,2024-06-26
6968,13660,standard,bronze,7796,2019-07-01
6969,13661,online,bronze,31856,2020-11-08
6970,13664,flagship,bronze,460,2026-04-24
6971,13664,standard,bronze,6939,2020-07-19
6972,13666,online,bronze,36455,2024-12-08
6973,13668,flagship,silver,44246,2020-08-18
6974,13669,standard,bronze,39245,2025-03-24
6975,13674,express,bronze,37879,2023-07-11
6976,13674,online,bronze,42709,2025-12-07
6977,13675,standard,silver,21707,2020-10-23
6978,13678,flagship,silver,5614,2024-10-17
6979,13683,express,bronze,17536,2021-03-21
6980,13683,standard,bronze,37616,2021-11-10
6981,13684,standard,bronze,26294,2020-05-29
6982,13687,express,bronze,29146,2020-06-15
6983,13688,online,silver,21565,2022-04-08
6984,13694,standard,bronze,43784,2019-02-10
6985,13698,standard,platinum,8578,2019-08-19
6986,13701,express,bronze,47292,2025-02-15
6987,13703,online,bronze,3706,2025-06-25
6988,13704,express,bronze,8365,2022-06-17
6989,13708,express,silver,14205,2020-08-25
6990,13709,flagship,bronze,47952,2024-07-22
6991,13710,online,gold,1997,2026-03-02
6992,13711,online,gold,34358,2022-02-25
6993,13711,flagship,silver,37096,2019-05-02
6994,13712,express,platinum,40936,2023-03-29
6995,13714,express,gold,24925,2020-11-03
6996,13716,online,bronze,20164,2024-09-30
6997,13718,online,gold,17568,2025-10-22
6998,13719,standard,bronze,3327,2021-07-02
6999,13721,express,bronze,42496,2021-05-24
7000,13723,standard,gold,48700,2020-02-01
7001,13724,flagship,silver,15977,2020-01-30
7002,13731,express,bronze,42135,2022-04-27
7003,13734,express,platinum,25762,2023-07-17
7004,13736,express,gold,4741,2022-04-30
7005,13737,express,bronze,27644,2025-09-05
7006,13738,express,bronze,21267,2020-08-22
7007,13739,flagship,bronze,31277,2020-09-07
7008,13744,online,gold,23287,2023-06-05
7009,13745,express,bronze,17521,2019-06-08
7010,13746,flagship,bronze,49389,2021-11-11
7011,13748,express,silver,25409,2025-01-19
7012,13750,online,silver,39394,2021-01-18
7013,13754,flagship,silver,4058,2021-11-24
7014,13755,standard,bronze,27944,2019-08-31
7015,13756,standard,gold,20183,2023-07-16
7016,13760,flagship,bronze,44860,2023-01-09
7017,13766,express,silver,18391,2025-01-27
7018,13768,standard,bronze,640,2024-02-20
7019,13769,standard,bronze,33566,2025-10-01
7020,13774,online,bronze,34824,2023-09-08
7021,13776,online,bronze,41550,2020-04-20
7022,13778,express,bronze,31410,2020-07-27
7023,13782,online,silver,1853,2023-01-13
7024,13785,standard,bronze,3941,2022-07-21
7025,13787,express,bronze,32446,2026-01-18
7026,13788,standard,gold,43182,2021-06-26
7027,13789,express,bronze,36862,2020-06-01
7028,13791,online,bronze,49614,2022-06-24
7029,13792,online,bronze,15006,2022-01-29
7030,13794,flagship,gold,2344,2025-06-28
7031,13796,online,gold,39496,2021-02-25
7032,13797,flagship,bronze,16094,2025-06-01
7033,13800,standard,bronze,19428,2023-11-28
7034,13804,express,bronze,29807,2022-11-24
7035,13805,online,silver,49874,2024-05-28
7036,13806,online,silver,5961,2020-10-01
7037,13809,express,bronze,43456,2022-10-05
7038,13809,online,bronze,48193,2019-04-28
7039,13810,flagship,bronze,3759,2023-03-24
7040,13812,standard,bronze,26746,2023-12-12
7041,13813,online,bronze,1019,2024-07-18
7042,13815,standard,bronze,47140,2025-09-20
7043,13816,flagship,bronze,14215,2024-05-31
7044,13821,flagship,silver,36682,2023-11-24
7045,13827,flagship,bronze,14387,2025-05-04
7046,13829,flagship,bronze,17057,2023-10-01
7047,13829,online,gold,36773,2026-02-23
7048,13832,express,bronze,24179,2021-10-12
7049,13834,express,bronze,12836,2022-11-04
7050,13835,express,bronze,3128,2019-02-11
7051,13836,express,silver,46685,2022-11-29
7052,13838,flagship,bronze,9103,2024-11-14
7053,13838,standard,bronze,12733,2024-05-26
7054,13839,flagship,silver,6685,2026-05-31
7055,13840,standard,bronze,16535,2020-03-14
7056,13844,online,bronze,2776,2021-04-16
7057,13847,flagship,bronze,931,2026-02-28
7058,13849,express,bronze,49996,2022-03-13
7059,13849,online,gold,11697,2020-11-11
7060,13855,express,silver,28397,2023-03-29
7061,13857,standard,bronze,33821,2021-07-01
7062,13859,online,bronze,35191,2023-09-24
7063,13861,standard,bronze,33246,2020-08-21
7064,13861,express,bronze,16339,2023-11-29
7065,13862,express,bronze,46359,2021-02-27
7066,13862,flagship,bronze,2350,2024-08-15
7067,13864,express,gold,1466,2023-12-21
7068,13866,standard,bronze,43224,2025-03-05
7069,13869,standard,bronze,1489,2023-01-06
7070,13872,online,silver,25697,2020-01-24
7071,13875,standard,platinum,1444,2025-10-04
7072,13875,online,bronze,3260,2021-11-30
7073,13882,flagship,bronze,45112,2023-09-25
7074,13883,express,bronze,17745,2020-12-19
7075,13888,standard,bronze,29359,2021-10-02
7076,13894,flagship,silver,17117,2021-03-08
7077,13895,standard,gold,40719,2022-08-16
7078,13897,online,silver,22041,2025-03-03
7079,13898,online,gold,719,2025-12-18
7080,13902,online,bronze,47189,2020-05-27
7081,13902,standard,bronze,33985,2019-08-11
7082,13905,flagship,gold,30936,2021-08-19
7083,13905,standard,bronze,46040,2021-04-22
7084,13907,express,bronze,9267,2019-05-02
7085,13908,flagship,silver,44176,2019-01-07
7086,13910,online,bronze,31645,2024-02-03
7087,13913,express,silver,12199,2023-03-05
7088,13914,express,silver,21527,2021-08-18
7089,13916,online,silver,25506,2020-12-10
7090,13920,standard,bronze,49721,2021-09-06
7091,13922,online,bronze,17992,2019-11-18
7092,13923,standard,bronze,27400,2020-03-08
7093,13924,standard,bronze,36113,2026-04-11
7094,13925,standard,bronze,43865,2020-11-01
7095,13926,flagship,bronze,46557,2021-09-06
7096,13927,standard,bronze,40487,2022-07-05
7097,13929,flagship,silver,11559,2025-05-06
7098,13933,standard,bronze,23990,2021-02-16
7099,13934,online,bronze,2346,2025-11-24
7100,13937,standard,silver,22564,2023-12-06
7101,13937,flagship,bronze,37556,2022-12-28
7102,13939,express,gold,9255,2019-07-25
7103,13941,standard,bronze,36912,2025-10-21
7104,13942,online,silver,29476,2025-02-16
7105,13943,standard,bronze,32526,2020-11-20
7106,13943,flagship,bronze,16688,2023-11-30
7107,13944,express,bronze,13344,2024-07-04
7108,13946,express,bronze,19107,2024-06-16
7109,13948,flagship,silver,40549,2019-03-26
7110,13949,flagship,silver,26799,2021-06-11
7111,13957,flagship,silver,45768,2023-04-18
7112,13958,express,gold,36621,2023-05-11
7113,13961,standard,bronze,41123,2019-03-02
7114,13962,flagship,gold,19070,2023-03-04
7115,13963,online,gold,23068,2021-06-12
7116,13969,online,bronze,10893,2019-09-30
7117,13969,standard,platinum,16246,2019-05-08
7118,13972,flagship,gold,44513,2020-06-08
7119,13974,express,bronze,25509,2025-03-23
7120,13974,online,bronze,28535,2024-10-27
7121,13976,online,silver,13649,2022-11-13
7122,13980,flagship,silver,35510,2022-10-03
7123,13980,express,bronze,17588,2025-02-10
7124,13981,express,bronze,9046,2025-09-22
7125,13982,standard,silver,30960,2024-12-31
7126,13984,online,silver,29744,2025-04-09
7127,13985,online,silver,16833,2025-04-20
7128,13986,online,bronze,3808,2021-01-12
7129,13987,standard,silver,36261,2021-03-25
7130,13989,flagship,bronze,11386,2024-03-17
7131,13992,online,bronze,6421,2020-11-08
7132,13993,flagship,silver,45066,2020-04-26
7133,13994,standard,gold,47042,2023-09-18
7134,13995,standard,bronze,10664,2022-07-31
7135,13995,online,bronze,20370,2020-04-27
7136,13996,online,gold,27045,2021-08-24
7137,13997,express,silver,12327,2025-03-06
7138,14000,express,bronze,9602,2021-09-03
7139,14001,express,silver,22421,2025-01-01
7140,14005,flagship,gold,18315,2019-10-13
7141,14007,online,bronze,17694,2024-01-11
7142,14008,flagship,bronze,26512,2021-11-28
7143,14009,standard,bronze,13047,2024-09-20
7144,14010,express,bronze,46218,2022-09-14
7145,14012,flagship,bronze,26680,2022-03-16
7146,14013,express,bronze,15134,2020-02-05
7147,14016,express,silver,16816,2023-12-09
7148,14016,standard,bronze,6104,2026-01-16
7149,14017,express,bronze,24981,2020-06-07
7150,14019,flagship,bronze,40574,2025-06-08
7151,14023,online,bronze,16624,2026-02-09
7152,14023,flagship,bronze,44617,2022-09-01
7153,14026,express,silver,2017,2019-11-10
7154,14027,online,bronze,24153,2022-03-09
7155,14029,flagship,bronze,40474,2025-05-29
7156,14032,online,bronze,33456,2025-11-21
7157,14033,online,silver,4100,2020-03-17
7158,14035,express,bronze,32112,2023-10-26
7159,14036,standard,gold,5351,2021-01-28
7160,14039,standard,silver,47660,2020-01-20
7161,14042,flagship,gold,7142,2020-04-13
7162,14047,express,platinum,34442,2024-05-27
7163,14053,flagship,gold,17802,2023-07-14
7164,14054,online,silver,44410,2023-02-15
7165,14055,flagship,silver,45714,2026-03-11
7166,14056,standard,silver,1156,2021-08-29
7167,14057,express,silver,39295,2021-04-21
7168,14060,online,gold,16484,2024-04-27
7169,14064,standard,bronze,5462,2021-01-07
7170,14066,online,bronze,47003,2024-05-29
7171,14068,flagship,bronze,42767,2026-02-04
7172,14068,online,bronze,13647,2025-02-19
7173,14074,online,bronze,25434,2023-04-16
7174,14074,standard,bronze,5767,2026-05-08
7175,14075,flagship,bronze,28821,2022-06-20
7176,14076,express,bronze,26033,2026-04-30
7177,14077,express,bronze,48971,2019-02-09
7178,14078,express,silver,27515,2023-08-26
7179,14080,standard,bronze,3607,2025-02-06
7180,14083,online,gold,47185,2019-05-28
7181,14086,online,gold,23255,2026-04-25
7182,14086,express,gold,42863,2019-02-12
7183,14087,flagship,silver,13126,2023-11-30
7184,14089,online,bronze,36268,2019-03-15
7185,14092,flagship,bronze,44473,2025-05-03
7186,14097,standard,silver,8512,2020-07-10
7187,14101,express,silver,34843,2019-10-05
7188,14101,flagship,bronze,27295,2021-09-30
7189,14102,express,bronze,28681,2023-12-30
7190,14104,online,bronze,36205,2024-09-01
7191,14105,express,silver,19270,2019-01-10
7192,14108,express,bronze,30582,2024-12-15
7193,14110,express,platinum,30598,2024-04-16
7194,14111,express,bronze,26724,2019-10-15
7195,14112,online,bronze,21254,2020-06-14
7196,14114,express,bronze,2255,2025-07-25
7197,14114,flagship,bronze,3688,2024-05-15
7198,14117,standard,gold,8622,2024-09-15
7199,14120,online,silver,15511,2020-09-05
7200,14121,express,bronze,45060,2024-12-21
7201,14122,standard,bronze,46573,2019-11-02
7202,14123,express,bronze,31692,2022-04-25
7203,14125,flagship,bronze,29004,2022-10-30
7204,14127,standard,bronze,17671,2021-07-30
7205,14128,express,bronze,45637,2022-11-21
7206,14129,online,bronze,31177,2021-06-13
7207,14131,flagship,gold,38272,2024-01-23
7208,14133,online,bronze,12013,2021-03-14
7209,14134,express,bronze,36787,2023-04-11
7210,14135,express,gold,49604,2022-12-07
7211,14138,standard,platinum,14801,2019-03-17
7212,14141,online,bronze,8666,2022-05-07
7213,14142,flagship,gold,7978,2022-08-16
7214,14143,flagship,bronze,45367,2020-04-23
7215,14143,online,gold,17828,2022-08-24
7216,14146,express,bronze,34660,2023-01-25
7217,14147,flagship,gold,13264,2024-02-06
7218,14148,online,silver,42026,2019-05-16
7219,14153,express,silver,15864,2025-12-20
7220,14154,standard,silver,2913,2024-05-20
7221,14154,flagship,platinum,36927,2021-01-13
7222,14155,flagship,silver,11948,2019-04-15
7223,14159,standard,silver,2609,2021-06-15
7224,14159,online,silver,30203,2019-11-29
7225,14160,flagship,bronze,16155,2023-07-08
7226,14160,online,silver,13919,2024-12-04
7227,14164,express,bronze,20661,2024-02-17
7228,14165,flagship,bronze,10987,2022-04-07
7229,14165,online,silver,9993,2026-05-28
7230,14166,flagship,bronze,47255,2025-08-25
7231,14172,flagship,bronze,48233,2019-09-22
7232,14173,express,bronze,21900,2023-08-13
7233,14176,express,bronze,25902,2025-05-30
7234,14180,flagship,bronze,9950,2023-01-05
7235,14182,express,bronze,21923,2021-06-03
7236,14183,online,bronze,19095,2019-10-04
7237,14185,standard,bronze,21673,2025-02-25
7238,14186,express,gold,16148,2024-10-13
7239,14187,express,bronze,25367,2025-09-10
7240,14187,flagship,platinum,49830,2021-03-08
7241,14189,standard,bronze,12178,2019-05-23
7242,14190,flagship,bronze,27887,2020-07-21
7243,14195,express,bronze,27975,2022-03-12
7244,14198,express,bronze,3492,2023-04-28
7245,14198,flagship,bronze,992,2024-11-15
7246,14199,standard,bronze,37279,2022-07-12
7247,14204,express,silver,13507,2025-09-14
7248,14205,flagship,bronze,26735,2023-02-03
7249,14205,standard,bronze,22246,2019-06-29
7250,14206,standard,bronze,6054,2023-02-13
7251,14214,standard,bronze,27744,2019-09-04
7252,14215,online,silver,7984,2023-10-19
7253,14216,flagship,gold,48668,2019-08-31
7254,14217,flagship,silver,39320,2019-12-25
7255,14224,flagship,bronze,1712,2020-08-23
7256,14226,standard,bronze,23698,2024-11-11
7257,14228,flagship,silver,47025,2020-04-10
7258,14228,express,bronze,18041,2019-01-03
7259,14230,express,bronze,43278,2024-11-20
7260,14231,online,bronze,31191,2026-01-05
7261,14232,online,gold,37916,2025-10-16
7262,14232,standard,bronze,8839,2025-09-28
7263,14237,standard,bronze,4186,2019-02-14
7264,14238,standard,bronze,25746,2024-08-04
7265,14239,standard,bronze,5348,2021-08-11
7266,14242,express,silver,36062,2023-11-25
7267,14242,online,gold,19424,2022-09-23
7268,14247,standard,bronze,17421,2024-01-22
7269,14249,online,silver,30571,2022-11-07
7270,14249,standard,bronze,18555,2022-12-31
7271,14253,standard,bronze,3307,2025-09-19
7272,14254,standard,silver,15835,2019-03-25
7273,14255,express,bronze,30541,2025-02-13
7274,14255,standard,bronze,17756,2021-01-30
7275,14258,express,bronze,49836,2025-03-29
7276,14259,standard,platinum,435,2022-07-22
7277,14259,express,silver,16747,2024-10-17
7278,14260,standard,silver,34291,2021-04-23
7279,14260,flagship,silver,12142,2022-03-27
7280,14262,online,silver,33448,2020-08-01
7281,14265,express,silver,29919,2021-07-12
7282,14272,flagship,silver,11851,2019-01-30
7283,14272,express,silver,8711,2019-05-26
7284,14275,express,silver,29548,2025-03-06
7285,14277,standard,bronze,31095,2025-11-05
7286,14282,express,silver,17742,2020-05-08
7287,14285,express,bronze,562,2024-08-23
7288,14286,online,bronze,40759,2020-09-22
7289,14287,flagship,silver,7661,2020-08-24
7290,14291,flagship,bronze,45184,2019-12-17
7291,14291,online,bronze,7466,2021-08-05
7292,14292,standard,silver,6679,2026-05-30
7293,14294,standard,bronze,28322,2023-02-20
7294,14297,online,gold,15001,2019-08-04
7295,14298,online,silver,24912,2021-07-06
7296,14300,standard,bronze,17808,2021-01-31
7297,14303,online,gold,17760,2024-05-17
7298,14303,standard,bronze,43659,2024-12-29
7299,14306,online,bronze,27228,2020-07-27
7300,14309,flagship,bronze,3286,2026-03-22
7301,14315,flagship,bronze,28012,2023-04-10
7302,14317,standard,bronze,9820,2023-09-04
7303,14320,standard,silver,45122,2021-08-15
7304,14321,flagship,silver,38406,2022-06-28
7305,14322,express,bronze,43780,2022-05-16
7306,14324,flagship,bronze,29453,2021-04-16
7307,14327,online,bronze,21443,2023-02-03
7308,14328,online,gold,49301,2019-10-25
7309,14335,standard,bronze,37849,2022-05-15
7310,14338,flagship,platinum,13488,2023-11-26
7311,14341,express,bronze,3975,2023-10-17
7312,14354,flagship,bronze,31282,2024-01-19
7313,14356,online,bronze,20108,2026-05-08
7314,14358,standard,bronze,9810,2021-06-06
7315,14360,flagship,silver,48603,2023-02-03
7316,14361,online,bronze,41477,2026-03-31
7317,14362,online,silver,37162,2021-06-17
7318,14362,standard,bronze,31450,2025-04-19
7319,14365,standard,bronze,32489,2026-04-03
7320,14367,flagship,bronze,8461,2020-03-04
7321,14368,standard,silver,1941,2022-02-16
7322,14369,standard,bronze,44087,2026-03-23
7323,14371,flagship,bronze,30600,2020-02-13
7324,14372,online,platinum,48387,2023-03-11
7325,14372,flagship,silver,16503,2025-09-26
7326,14374,express,bronze,31156,2020-10-15
7327,14375,express,silver,31976,2020-07-20
7328,14376,online,bronze,6553,2023-05-19
7329,14386,express,platinum,9885,2019-09-03
7330,14389,online,bronze,33664,2021-09-29
7331,14396,standard,silver,38265,2019-06-10
7332,14397,express,bronze,46676,2023-11-27
7333,14397,flagship,bronze,5646,2024-12-02
7334,14401,standard,bronze,6585,2022-01-27
7335,14403,online,bronze,27471,2020-04-10
7336,14405,express,bronze,35608,2024-12-11
7337,14407,flagship,bronze,485,2020-02-22
7338,14408,express,gold,16215,2025-07-06
7339,14408,standard,silver,16822,2023-04-29
7340,14409,express,gold,29770,2020-08-01
7341,14412,online,gold,18879,2026-03-28
7342,14413,flagship,silver,14735,2025-04-18
7343,14413,standard,silver,11784,2019-03-02
7344,14414,express,bronze,41608,2026-04-29
7345,14423,standard,silver,10511,2023-07-18
7346,14424,express,bronze,49440,2019-12-22
7347,14427,express,silver,23124,2022-07-20
7348,14427,standard,silver,45382,2025-10-12
7349,14429,express,bronze,35283,2019-03-26
7350,14432,flagship,gold,40996,2020-09-21
7351,14435,standard,silver,36810,2020-08-24
7352,14436,standard,silver,10544,2024-01-01
7353,14436,express,bronze,38560,2019-09-01
7354,14437,online,gold,13446,2025-10-02
7355,14438,online,silver,16453,2024-08-19
7356,14440,express,silver,5165,2026-04-11
7357,14442,express,silver,20149,2021-02-15
7358,14445,online,bronze,41036,2026-04-19
7359,14447,online,bronze,37718,2020-07-03
7360,14449,express,bronze,36955,2026-04-23
7361,14450,flagship,gold,2830,2019-10-03
7362,14453,flagship,bronze,13829,2021-09-18
7363,14454,standard,bronze,25542,2019-03-11
7364,14456,express,bronze,49006,2025-04-04
7365,14456,flagship,silver,5046,2021-05-27
7366,14458,express,bronze,22329,2020-03-09
7367,14461,standard,bronze,6390,2026-04-07
7368,14462,express,bronze,371,2024-09-28
7369,14462,online,bronze,604,2025-08-04
7370,14468,online,bronze,18800,2020-10-11
7371,14468,standard,silver,25715,2025-12-12
7372,14471,flagship,bronze,4986,2020-08-01
7373,14472,flagship,silver,756,2024-02-29
7374,14473,online,silver,13394,2024-07-13
7375,14473,express,bronze,23780,2022-07-29
7376,14475,express,gold,14804,2026-06-24
7377,14475,standard,bronze,18610,2022-07-27
7378,14479,flagship,bronze,915,2023-01-25
7379,14482,flagship,silver,891,2022-07-26
7380,14483,online,silver,49984,2019-09-07
7381,14484,flagship,bronze,17682,2023-07-05
7382,14489,online,silver,13465,2019-06-08
7383,14489,flagship,silver,40128,2019-07-22
7384,14491,online,gold,20906,2022-09-08
7385,14491,standard,silver,40300,2023-11-02
7386,14492,express,bronze,46325,2019-11-27
7387,14494,flagship,bronze,6904,2021-11-13
7388,14494,online,silver,20340,2026-02-16
7389,14497,standard,platinum,49054,2023-10-05
7390,14497,flagship,silver,12788,2020-06-06
7391,14500,flagship,bronze,27507,2025-01-31
7392,14503,standard,bronze,43276,2026-03-23
7393,14510,standard,bronze,6143,2019-08-26
7394,14512,express,bronze,23801,2024-10-24
7395,14515,online,gold,19918,2020-10-22
7396,14515,express,silver,9920,2024-10-08
7397,14517,flagship,bronze,10784,2024-03-14
7398,14518,online,gold,39463,2025-11-28
7399,14519,standard,bronze,45461,2023-10-05
7400,14523,standard,silver,1021,2026-03-29
7401,14528,standard,bronze,4456,2024-05-07
7402,14530,express,gold,34281,2025-07-06
7403,14531,standard,bronze,34716,2025-06-17
7404,14536,standard,bronze,14273,2023-07-07
7405,14538,standard,bronze,11630,2025-05-13
7406,14544,standard,bronze,37711,2022-06-27
7407,14545,standard,bronze,6748,2021-10-03
7408,14547,standard,silver,285,2022-02-07
7409,14548,standard,silver,15331,2026-03-17
7410,14549,standard,bronze,21617,2019-07-04
7411,14550,standard,silver,29374,2025-03-17
7412,14551,standard,bronze,42083,2020-03-28
7413,14551,express,bronze,21653,2020-04-22
7414,14555,standard,bronze,19440,2023-05-24
7415,14559,flagship,silver,25261,2022-05-20
7416,14560,express,bronze,8377,2022-02-22
7417,14560,standard,bronze,46030,2021-04-01
7418,14566,online,silver,17524,2023-06-10
7419,14567,standard,bronze,4905,2022-05-23
7420,14568,online,gold,13714,2020-02-05
7421,14573,online,silver,7784,2019-05-09
7422,14574,standard,bronze,35878,2020-07-06
7423,14576,online,bronze,8414,2021-10-12
7424,14581,online,bronze,28116,2022-12-01
7425,14584,online,silver,40131,2021-04-21
7426,14585,online,bronze,19783,2023-10-16
7427,14586,express,silver,23242,2024-07-26
7428,14587,flagship,bronze,29355,2024-01-15
7429,14590,online,silver,45665,2021-12-15
7430,14590,flagship,bronze,16503,2025-09-22
7431,14593,online,gold,38818,2026-05-20
7432,14594,standard,bronze,42581,2022-01-31
7433,14594,online,silver,7263,2022-01-01
7434,14596,express,bronze,25391,2024-03-13
7435,14598,standard,bronze,7195,2021-04-11
7436,14600,express,silver,6467,2022-06-27
7437,14603,online,bronze,35578,2021-10-09
7438,14611,online,silver,29554,2019-03-27
7439,14612,flagship,bronze,20176,2020-06-03
7440,14613,flagship,silver,47244,2020-11-30
7441,14614,standard,bronze,30380,2022-02-16
7442,14617,online,bronze,17231,2024-10-18
7443,14620,express,bronze,11223,2024-09-06
7444,14625,flagship,bronze,37788,2019-11-27
7445,14626,flagship,silver,33144,2023-02-17
7446,14627,standard,bronze,12648,2019-07-22
7447,14628,flagship,silver,36936,2024-10-21
7448,14630,flagship,bronze,38815,2023-12-12
7449,14631,express,bronze,42120,2022-10-21
7450,14634,standard,silver,29535,2022-07-09
7451,14636,express,bronze,18865,2019-09-24
7452,14636,standard,bronze,7813,2024-05-23
7453,14637,flagship,bronze,19970,2025-06-14
7454,14639,express,bronze,17117,2025-11-06
7455,14641,online,bronze,35721,2020-03-06
7456,14646,standard,bronze,39134,2021-10-20
7457,14650,online,silver,25025,2022-01-21
7458,14654,flagship,bronze,37518,2020-07-29
7459,14655,standard,gold,19616,2019-02-27
7460,14659,flagship,bronze,10988,2021-12-25
7461,14661,flagship,bronze,46887,2025-01-27
7462,14661,online,bronze,22305,2021-12-28
7463,14662,express,bronze,3982,2020-10-24
7464,14664,flagship,silver,16317,2019-01-27
7465,14667,standard,bronze,38193,2025-12-07
7466,14670,flagship,gold,21175,2024-06-04
7467,14675,online,bronze,25760,2026-02-10
7468,14675,flagship,silver,3623,2025-10-24
7469,14676,standard,gold,3177,2021-07-10
7470,14677,standard,bronze,6681,2021-02-06
7471,14678,express,silver,2428,2025-09-23
7472,14680,standard,silver,27224,2024-05-21
7473,14681,flagship,silver,46220,2019-05-08
7474,14682,online,bronze,675,2021-09-08
7475,14682,express,bronze,5931,2025-06-07
7476,14685,online,silver,42345,2019-11-27
7477,14691,online,bronze,49187,2025-01-10
7478,14692,standard,bronze,31231,2022-06-18
7479,14693,flagship,bronze,22921,2022-10-30
7480,14694,flagship,bronze,18834,2020-04-27
7481,14695,express,gold,30988,2022-05-13
7482,14696,express,silver,23895,2025-01-03
7483,14697,flagship,silver,14967,2024-12-23
7484,14700,express,bronze,31117,2024-01-12
7485,14701,express,bronze,33666,2021-11-11
7486,14702,online,bronze,42794,2023-12-24
7487,14702,standard,bronze,13461,2020-10-25
7488,14707,online,gold,11480,2023-04-08
7489,14710,express,bronze,14312,2025-06-22
7490,14712,standard,bronze,16584,2020-08-30
7491,14714,online,bronze,44813,2020-01-20
7492,14715,online,silver,29140,2023-08-18
7493,14716,flagship,gold,4493,2025-10-24
7494,14717,flagship,silver,25444,2021-07-05
7495,14718,flagship,bronze,1044,2019-11-08
7496,14721,online,bronze,5783,2023-10-08
7497,14725,standard,gold,23535,2020-02-17
7498,14729,express,gold,42262,2021-11-02
7499,14729,standard,silver,12550,2024-08-17
7500,14730,flagship,gold,25741,2019-02-04
7501,14731,flagship,silver,25209,2024-09-03
7502,14732,flagship,bronze,18280,2024-04-07
7503,14735,standard,bronze,23544,2020-01-18
7504,14735,flagship,silver,28512,2023-09-20
7505,14736,online,silver,3429,2025-12-29
7506,14736,express,bronze,13509,2024-09-30
7507,14740,standard,bronze,28887,2019-01-31
7508,14741,express,bronze,27100,2024-10-03
7509,14742,express,silver,30717,2020-03-03
7510,14750,express,bronze,6392,2025-05-09
7511,14754,standard,silver,17056,2020-12-09
7512,14755,standard,bronze,15615,2020-12-25
7513,14756,standard,gold,25283,2021-06-24
7514,14759,online,silver,32151,2025-02-21
7515,14760,standard,bronze,20236,2022-11-26
7516,14762,flagship,bronze,47755,2026-01-22
7517,14762,standard,bronze,48877,2022-07-25
7518,14763,online,bronze,40548,2023-01-26
7519,14764,flagship,silver,34841,2022-03-13
7520,14769,standard,bronze,30073,2024-06-01
7521,14775,standard,bronze,44543,2023-10-06
7522,14778,online,gold,19098,2022-12-15
7523,14778,express,bronze,44407,2025-08-11
7524,14780,standard,bronze,18469,2020-02-19
7525,14782,standard,silver,44183,2020-03-04
7526,14784,standard,platinum,44318,2019-06-13
7527,14787,express,gold,46975,2020-12-13
7528,14788,online,bronze,36544,2023-02-27
7529,14789,flagship,bronze,49096,2021-03-08
7530,14790,flagship,gold,39332,2020-09-25
7531,14790,standard,gold,782,2022-10-07
7532,14793,flagship,bronze,8423,2021-03-27
7533,14800,online,silver,41386,2019-06-14
7534,14801,online,bronze,19306,2020-01-16
7535,14802,online,bronze,39611,2022-01-25
7536,14807,express,silver,7082,2026-05-20
7537,14808,flagship,bronze,34491,2026-04-18
7538,14808,express,bronze,23878,2021-11-01
7539,14812,standard,silver,48674,2023-01-21
7540,14812,online,silver,20754,2020-06-30
7541,14815,flagship,bronze,22986,2024-08-06
7542,14817,standard,bronze,25151,2024-12-01
7543,14819,standard,bronze,25322,2022-08-25
7544,14820,flagship,bronze,10110,2026-06-11
7545,14820,online,silver,39709,2020-02-22
7546,14821,standard,bronze,35900,2024-08-28
7547,14824,express,bronze,36329,2025-04-16
7548,14825,standard,silver,5675,2023-11-03
7549,14825,flagship,gold,17893,2020-02-12
7550,14826,online,bronze,13775,2019-01-07
7551,14828,express,silver,1786,2024-03-27
7552,14829,standard,bronze,23966,2022-03-14
7553,14830,standard,gold,24996,2023-11-29
7554,14831,standard,platinum,7737,2022-11-26
7555,14835,online,bronze,45229,2022-12-21
7556,14840,flagship,bronze,37356,2023-02-16
7557,14841,express,bronze,41515,2020-05-07
7558,14842,standard,bronze,25254,2025-06-27
7559,14845,online,bronze,23315,2024-10-09
7560,14845,flagship,bronze,26971,2022-05-18
7561,14847,standard,bronze,25839,2019-08-26
7562,14847,online,bronze,1454,2021-08-29
7563,14851,standard,bronze,27615,2020-01-21
7564,14856,standard,bronze,40401,2022-09-18
7565,14859,standard,silver,4916,2021-02-06
7566,14866,online,silver,11264,2025-05-19
7567,14866,standard,bronze,22072,2024-05-27
7568,14868,flagship,silver,6275,2024-08-06
7569,14871,express,silver,38554,2023-03-21
7570,14872,flagship,silver,41529,2019-05-08
7571,14873,flagship,bronze,33270,2020-05-20
7572,14873,standard,silver,42869,2023-08-21
7573,14874,express,bronze,42736,2019-09-01
7574,14876,online,bronze,1444,2022-02-21
7575,14879,flagship,bronze,1187,2019-10-04
7576,14879,online,gold,17664,2026-01-13
7577,14881,online,gold,49705,2023-07-05
7578,14882,online,bronze,5234,2025-07-13
7579,14883,online,bronze,49877,2023-10-15
7580,14889,flagship,bronze,19770,2024-10-18
7581,14890,standard,bronze,46543,2026-02-22
7582,14892,flagship,silver,17054,2021-11-15
7583,14893,online,bronze,20282,2019-02-16
7584,14894,express,silver,48856,2021-09-16
7585,14896,flagship,gold,18695,2025-08-10
7586,14897,flagship,bronze,36633,2023-03-04
7587,14899,flagship,bronze,15845,2026-04-09
7588,14901,express,bronze,5223,2021-12-06
7589,14902,online,bronze,46848,2024-09-17
7590,14902,express,bronze,21812,2021-02-17
7591,14905,online,bronze,23657,2019-05-12
7592,14906,express,bronze,17245,2022-08-22
7593,14908,standard,bronze,42938,2025-09-12
7594,14909,flagship,bronze,12547,2022-07-28
7595,14912,online,bronze,13934,2021-03-30
7596,14913,standard,silver,19616,2019-10-24
7597,14914,standard,platinum,4644,2023-04-12
7598,14920,standard,bronze,27243,2020-03-05
7599,14921,flagship,bronze,3713,2026-02-23
7600,14926,standard,silver,6670,2025-11-22
7601,14929,online,silver,39795,2023-04-28
7602,14930,flagship,bronze,10420,2024-10-14
7603,14933,online,silver,35299,2022-08-12
7604,14933,flagship,bronze,20237,2020-03-07
7605,14934,online,bronze,7608,2020-06-02
7606,14934,flagship,gold,21397,2019-07-17
7607,14936,standard,gold,7091,2020-03-03
7608,14938,standard,bronze,6378,2023-04-18
7609,14939,online,gold,40427,2021-03-17
7610,14939,express,bronze,24168,2023-05-17
7611,14940,standard,bronze,6795,2021-06-07
7612,14941,flagship,gold,40301,2023-07-31
7613,14946,online,bronze,30168,2025-11-12
7614,14947,express,silver,47934,2022-10-19
7615,14947,standard,bronze,15522,2022-10-19
7616,14948,online,bronze,34198,2021-08-14
7617,14950,flagship,bronze,26202,2019-03-30
7618,14951,express,bronze,14534,2023-03-16
7619,14957,express,gold,43084,2022-11-26
7620,14958,online,bronze,7462,2026-06-16
7621,14958,flagship,silver,4167,2023-02-08
7622,14960,flagship,silver,29147,2025-06-30
7623,14962,standard,bronze,29765,2021-08-03
7624,14965,online,silver,4428,2026-03-17
7625,14966,online,gold,35792,2021-06-26
7626,14967,standard,bronze,11965,2023-01-15
7627,14968,express,silver,47071,2024-10-16
7628,14972,flagship,gold,32537,2020-01-03
7629,14972,express,bronze,42111,2020-12-06
7630,14973,flagship,silver,23853,2019-11-24
7631,14974,flagship,gold,44432,2021-12-26
7632,14978,standard,silver,4924,2020-04-20
7633,14979,express,silver,36241,2026-03-28
7634,14979,flagship,bronze,4201,2024-04-05
7635,14981,flagship,bronze,24197,2023-05-12
7636,14983,standard,bronze,40219,2024-08-11
7637,14987,standard,bronze,5053,2020-10-06
7638,14987,express,gold,4611,2022-05-24
7639,14990,flagship,bronze,37966,2022-09-20
7640,14991,flagship,bronze,34051,2020-07-15
7641,14992,express,bronze,38201,2020-03-31
7642,14996,flagship,silver,38967,2026-05-23
7643,14996,express,platinum,1191,2019-06-28
7644,15001,express,bronze,34937,2025-10-23
7645,15006,express,silver,35670,2024-01-02
7646,15007,standard,bronze,12738,2024-08-29
7647,15009,flagship,silver,5155,2020-09-20
7648,15012,express,gold,24455,2023-09-30
7649,15013,standard,silver,13223,2019-12-09
7650,15018,standard,silver,18979,2023-11-25
7651,15019,flagship,gold,25031,2020-08-13
7652,15024,standard,silver,2131,2019-02-05
7653,15026,flagship,bronze,4104,2025-09-19
7654,15036,flagship,silver,49886,2021-09-22
7655,15040,express,platinum,37869,2021-05-02
7656,15040,online,bronze,41126,2025-03-11
7657,15045,standard,bronze,13104,2021-04-26
7658,15046,standard,bronze,49219,2022-07-14
7659,15051,flagship,bronze,16376,2026-03-13
7660,15053,flagship,bronze,3690,2019-08-17
7661,15054,online,silver,20684,2019-10-19
7662,15055,online,bronze,32130,2021-06-12
7663,15058,flagship,bronze,29164,2024-12-08
7664,15060,express,bronze,25396,2023-12-12
7665,15061,online,gold,22892,2021-05-17
7666,15061,flagship,bronze,46619,2026-05-16
7667,15063,online,bronze,44568,2021-03-07
7668,15065,flagship,silver,15604,2019-06-09
7669,15067,express,bronze,3241,2022-11-29
7670,15068,express,bronze,32315,2023-09-02
7671,15070,standard,silver,30631,2025-04-23
7672,15071,online,silver,28985,2022-07-07
7673,15072,standard,bronze,46169,2022-09-10
7674,15073,express,silver,24026,2025-11-15
7675,15075,flagship,silver,20186,2022-08-17
7676,15079,standard,bronze,10452,2023-03-27
7677,15081,flagship,silver,4185,2024-01-25
7678,15081,express,bronze,4264,2025-07-13
7679,15082,express,bronze,17431,2023-12-03
7680,15083,express,silver,2252,2022-07-28
7681,15084,flagship,silver,47573,2021-06-09
7682,15088,express,bronze,9774,2026-03-31
7683,15089,standard,bronze,26560,2019-04-01
7684,15089,flagship,bronze,26323,2024-09-10
7685,15090,standard,gold,13042,2025-04-29
7686,15092,express,bronze,46030,2019-08-12
7687,15097,flagship,bronze,45691,2022-11-07
7688,15098,standard,gold,1363,2020-05-27
7689,15098,flagship,silver,40243,2020-05-21
7690,15100,express,bronze,1222,2020-09-26
7691,15101,flagship,bronze,25300,2026-06-20
7692,15103,standard,silver,35909,2024-01-10
7693,15107,standard,bronze,39616,2021-07-05
7694,15108,express,gold,19731,2022-06-20
7695,15114,standard,platinum,46348,2025-06-21
7696,15115,standard,bronze,28366,2023-11-09
7697,15117,standard,gold,1959,2023-02-24
7698,15118,online,bronze,18468,2025-11-09
7699,15123,flagship,platinum,40261,2023-08-16
7700,15126,express,bronze,902,2024-01-05
7701,15127,standard,bronze,38178,2025-04-03
7702,15129,flagship,bronze,5977,2020-06-14
7703,15129,online,bronze,4538,2024-04-10
7704,15132,express,bronze,26473,2021-07-26
7705,15133,flagship,bronze,45216,2022-10-23
7706,15137,express,bronze,43483,2020-01-15
7707,15141,online,silver,29675,2021-05-14
7708,15144,online,bronze,43924,2022-09-23
7709,15145,online,bronze,41383,2022-09-09
7710,15146,flagship,silver,18155,2021-06-01
7711,15149,flagship,bronze,8204,2022-10-16
7712,15150,flagship,gold,41569,2025-01-11
7713,15151,flagship,silver,25634,2023-01-20
7714,15156,flagship,silver,12160,2023-10-06
7715,15166,online,bronze,42556,2022-02-02
7716,15167,standard,silver,33814,2026-05-23
7717,15168,flagship,bronze,42813,2024-02-15
7718,15170,flagship,bronze,25341,2022-11-15
7719,15174,flagship,silver,27062,2021-08-30
7720,15174,standard,bronze,13332,2023-11-29
7721,15175,flagship,gold,18216,2019-04-20
7722,15176,express,bronze,16002,2025-06-09
7723,15178,express,silver,11638,2026-01-13
7724,15179,express,platinum,6529,2020-06-05
7725,15180,standard,bronze,17945,2019-04-21
7726,15182,flagship,bronze,843,2022-05-25
7727,15183,express,bronze,25205,2020-11-03
7728,15186,standard,silver,46536,2023-11-26
7729,15187,express,bronze,27574,2024-07-19
7730,15189,express,silver,2979,2021-06-14
7731,15194,flagship,gold,10232,2021-10-15
7732,15196,standard,bronze,37431,2019-06-25
7733,15197,flagship,gold,45113,2024-10-03
7734,15199,standard,bronze,6095,2025-11-25
7735,15205,flagship,bronze,10232,2024-08-07
7736,15211,express,bronze,24651,2024-02-25
7737,15212,express,bronze,46500,2020-06-15
7738,15217,standard,bronze,20769,2019-08-15
7739,15219,express,bronze,36136,2023-08-02
7740,15220,standard,silver,2466,2026-01-29
7741,15226,online,gold,36780,2021-10-09
7742,15229,express,gold,23533,2019-09-05
7743,15231,online,bronze,32389,2023-11-07
7744,15231,standard,bronze,45445,2020-08-03
7745,15232,flagship,bronze,24264,2023-02-23
7746,15234,online,bronze,503,2020-06-01
7747,15238,online,silver,4198,2023-11-14
7748,15238,flagship,bronze,43563,2019-01-06
7749,15240,express,bronze,9381,2022-09-08
7750,15241,standard,bronze,7711,2023-11-07
7751,15241,flagship,bronze,21501,2026-06-30
7752,15242,online,gold,31090,2025-09-10
7753,15244,online,bronze,36419,2019-08-21
7754,15247,express,bronze,45082,2019-03-29
7755,15249,express,silver,12890,2024-09-05
7756,15250,online,silver,14498,2023-06-07
7757,15254,online,bronze,2136,2024-12-31
7758,15259,flagship,silver,47695,2019-07-25
7759,15259,express,bronze,4265,2022-10-18
7760,15260,standard,bronze,24411,2025-08-21
7761,15261,online,bronze,37159,2021-11-14
7762,15264,express,bronze,7498,2022-08-09
7763,15265,online,bronze,6529,2021-05-22
7764,15267,standard,gold,25310,2024-05-27
7765,15268,flagship,bronze,27530,2024-10-31
7766,15269,flagship,silver,7848,2019-07-15
7767,15272,flagship,silver,38946,2023-11-20
7768,15273,express,bronze,48974,2021-12-10
7769,15277,standard,bronze,33822,2025-03-07
7770,15278,flagship,bronze,31754,2025-09-02
7771,15279,flagship,silver,38609,2021-12-13
7772,15287,standard,bronze,30139,2026-05-20
7773,15289,express,gold,28601,2021-11-21
7774,15292,online,silver,7426,2022-10-06
7775,15296,standard,silver,38782,2025-03-24
7776,15298,express,silver,27562,2024-10-23
7777,15300,express,platinum,26880,2021-11-25
7778,15301,express,silver,27041,2023-04-30
7779,15302,express,silver,7199,2022-02-16
7780,15303,online,silver,36236,2026-02-08
7781,15304,flagship,gold,29805,2026-04-13
7782,15308,express,silver,25131,2023-06-19
7783,15309,express,bronze,17212,2023-11-24
7784,15309,online,bronze,1722,2023-03-23
7785,15318,standard,bronze,25114,2021-10-30
7786,15318,flagship,bronze,49934,2023-12-31
7787,15319,flagship,gold,33797,2024-02-18
7788,15320,standard,gold,47203,2023-10-29
7789,15321,flagship,gold,8040,2024-01-27
7790,15326,online,bronze,40835,2020-07-26
7791,15327,express,silver,29120,2023-03-24
7792,15328,standard,bronze,14590,2021-06-14
7793,15329,online,bronze,16454,2024-05-09
7794,15331,standard,bronze,19679,2020-09-07
7795,15334,online,bronze,21016,2024-07-21
7796,15334,express,silver,2571,2023-12-18
7797,15335,standard,silver,39047,2021-02-24
7798,15336,express,bronze,34667,2025-08-22
7799,15337,express,bronze,6186,2026-06-30
7800,15338,flagship,silver,4297,2025-03-25
7801,15339,online,bronze,33911,2023-01-25
7802,15339,express,bronze,13921,2023-08-14
7803,15341,online,silver,33990,2026-04-09
7804,15342,online,bronze,3690,2022-06-30
7805,15343,standard,gold,25179,2023-04-03
7806,15349,online,bronze,12470,2024-10-10
7807,15350,flagship,bronze,18459,2026-02-23
7808,15351,flagship,bronze,39122,2023-12-01
7809,15352,express,bronze,27549,2019-06-30
7810,15355,express,bronze,24943,2025-12-07
7811,15358,express,bronze,11984,2024-05-31
7812,15358,standard,bronze,6246,2019-08-23
7813,15360,online,bronze,24335,2019-04-17
7814,15361,standard,silver,1262,2019-07-19
7815,15363,express,gold,14143,2024-04-26
7816,15363,flagship,bronze,9505,2019-09-22
7817,15365,express,bronze,42117,2024-04-16
7818,15371,standard,silver,36493,2019-09-30
7819,15373,online,gold,7884,2023-11-23
7820,15374,standard,silver,49730,2023-04-14
7821,15375,standard,bronze,34827,2021-02-17
7822,15378,express,silver,36078,2023-05-21
7823,15379,express,silver,47171,2024-11-18
7824,15381,standard,silver,33022,2022-07-02
7825,15382,flagship,bronze,28580,2022-08-03
7826,15385,flagship,silver,26542,2020-02-17
7827,15386,flagship,bronze,18682,2020-05-31
7828,15389,standard,silver,39781,2025-05-18
7829,15390,express,bronze,23840,2025-02-17
7830,15390,flagship,silver,15922,2022-02-21
7831,15396,express,gold,23351,2025-07-23
7832,15396,standard,platinum,18515,2026-02-02
7833,15397,flagship,bronze,6778,2025-05-23
7834,15399,flagship,gold,47148,2024-10-14
7835,15400,flagship,gold,20858,2021-01-06
7836,15400,online,bronze,9780,2020-12-02
7837,15402,express,bronze,11746,2023-10-17
7838,15403,express,bronze,28296,2021-06-12
7839,15410,standard,silver,2851,2024-10-11
7840,15414,standard,silver,11286,2023-05-10
7841,15421,flagship,bronze,4879,2020-11-11
7842,15422,express,bronze,36409,2019-11-13
7843,15424,express,bronze,29955,2025-10-24
7844,15426,flagship,platinum,15775,2026-04-21
7845,15427,standard,platinum,14022,2019-09-30
7846,15431,online,bronze,29286,2024-05-06
7847,15433,flagship,bronze,2637,2025-01-17
7848,15435,standard,bronze,36236,2024-11-26
7849,15435,online,silver,25929,2020-06-27
7850,15439,standard,bronze,8390,2025-01-27
7851,15444,flagship,bronze,28112,2021-05-21
7852,15450,express,silver,30888,2024-03-06
7853,15452,flagship,gold,1968,2025-06-04
7854,15454,online,bronze,34418,2020-12-12
7855,15455,flagship,bronze,34505,2021-01-08
7856,15456,express,bronze,21717,2026-05-01
7857,15460,flagship,silver,30366,2023-01-31
7858,15460,standard,bronze,8125,2023-06-26
7859,15464,flagship,gold,15681,2026-05-22
7860,15465,standard,silver,37932,2019-09-12
7861,15467,express,bronze,30757,2021-12-06
7862,15474,online,bronze,13963,2019-03-23
7863,15476,online,platinum,22838,2019-05-21
7864,15477,online,bronze,9680,2019-03-23
7865,15478,express,bronze,20545,2025-03-31
7866,15480,standard,gold,12924,2025-09-17
7867,15487,standard,bronze,34487,2019-10-03
7868,15488,express,bronze,7919,2019-07-17
7869,15491,standard,bronze,2263,2024-05-08
7870,15491,flagship,platinum,40752,2022-04-20
7871,15494,express,gold,15335,2021-05-07
7872,15494,flagship,silver,37279,2019-08-14
7873,15495,flagship,bronze,5206,2024-01-13
7874,15497,express,gold,12748,2019-02-04
7875,15502,flagship,silver,4806,2026-01-22
7876,15506,flagship,bronze,2907,2020-06-17
7877,15507,express,silver,13287,2020-12-26
7878,15509,express,silver,22357,2024-12-17
7879,15510,express,silver,33856,2020-10-04
7880,15510,standard,bronze,5497,2024-01-21
7881,15512,express,bronze,4686,2024-03-17
7882,15514,express,bronze,38683,2024-09-26
7883,15517,flagship,bronze,15120,2026-05-24
7884,15518,flagship,bronze,1607,2024-07-22
7885,15520,express,silver,45149,2019-10-19
7886,15522,express,bronze,5886,2019-10-26
7887,15524,standard,bronze,47450,2020-06-04
7888,15525,standard,gold,2703,2025-11-15
7889,15526,express,bronze,44577,2023-04-19
7890,15527,standard,bronze,44059,2024-08-28
7891,15529,express,bronze,21388,2022-12-17
7892,15530,express,bronze,47150,2020-02-04
7893,15534,standard,platinum,5567,2022-09-04
7894,15535,express,gold,4070,2023-07-24
7895,15536,express,bronze,8640,2020-08-23
7896,15540,express,gold,3556,2023-05-29
7897,15541,express,bronze,18100,2023-08-24
7898,15545,flagship,silver,17086,2024-01-24
7899,15549,online,gold,46231,2023-04-27
7900,15551,express,bronze,19411,2024-03-30
7901,15553,express,bronze,20103,2020-04-08
7902,15555,flagship,platinum,10125,2026-01-02
7903,15557,standard,bronze,12430,2021-05-13
7904,15559,flagship,silver,49414,2023-07-16
7905,15560,online,bronze,14942,2020-04-14
7906,15563,flagship,bronze,35254,2019-11-04
7907,15564,flagship,bronze,5611,2022-12-27
7908,15569,flagship,bronze,13250,2026-06-15
7909,15570,standard,platinum,26052,2022-09-13
7910,15572,flagship,bronze,17247,2019-09-10
7911,15579,standard,bronze,6981,2024-04-06
7912,15583,flagship,gold,48148,2024-01-30
7913,15585,online,silver,16161,2025-06-27
7914,15591,flagship,bronze,37373,2024-12-22
7915,15607,flagship,bronze,27223,2024-03-02
7916,15609,online,bronze,14640,2020-05-03
7917,15610,standard,bronze,35776,2023-12-12
7918,15614,flagship,silver,21745,2024-06-30
7919,15615,standard,silver,14472,2025-08-28
7920,15616,online,bronze,40791,2019-10-10
7921,15618,standard,gold,614,2025-08-14
7922,15622,standard,silver,4047,2023-08-01
7923,15623,online,silver,43706,2022-02-05
7924,15623,standard,bronze,23259,2019-10-19
7925,15624,online,bronze,10012,2022-07-14
7926,15627,standard,bronze,41669,2023-04-05
7927,15629,online,bronze,38549,2024-12-07
7928,15630,flagship,bronze,25645,2022-12-04
7929,15631,standard,platinum,35721,2020-09-17
7930,15633,standard,silver,47372,2023-09-06
7931,15634,standard,gold,29903,2020-07-02
7932,15635,flagship,silver,28058,2025-09-30
7933,15639,online,bronze,8920,2019-05-11
7934,15640,online,bronze,9852,2021-03-14
7935,15642,express,bronze,29661,2022-02-26
7936,15642,standard,silver,41972,2025-09-29
7937,15644,online,bronze,16565,2024-04-16
7938,15644,flagship,gold,1659,2022-12-03
7939,15645,online,bronze,3830,2023-07-04
7940,15646,standard,bronze,3925,2022-01-29
7941,15648,standard,bronze,9119,2021-01-13
7942,15649,express,bronze,33200,2025-03-07
7943,15650,standard,bronze,20018,2025-03-29
7944,15654,express,bronze,12997,2023-10-26
7945,15656,flagship,silver,30733,2025-10-11
7946,15657,express,bronze,42024,2022-06-02
7947,15659,standard,bronze,12285,2024-12-25
7948,15660,express,silver,65,2026-01-07
7949,15661,online,bronze,2964,2022-06-06
7950,15662,express,bronze,28803,2019-11-30
7951,15662,flagship,bronze,28415,2022-05-18
7952,15663,standard,bronze,34569,2019-01-01
7953,15665,standard,bronze,31294,2026-01-21
7954,15668,standard,bronze,36310,2023-01-13
7955,15673,flagship,silver,11620,2022-11-25
7956,15675,express,silver,12519,2021-11-30
7957,15679,online,gold,32779,2019-10-23
7958,15681,standard,bronze,5863,2021-09-07
7959,15682,standard,bronze,44961,2021-11-15
7960,15683,express,gold,17534,2023-03-18
7961,15687,online,bronze,8406,2020-04-20
7962,15688,online,silver,1729,2020-08-24
7963,15689,flagship,bronze,42191,2025-12-21
7964,15690,standard,bronze,45879,2026-03-13
7965,15691,flagship,platinum,15715,2019-04-20
7966,15696,express,silver,16063,2019-04-06
7967,15699,flagship,bronze,46670,2019-10-07
7968,15701,standard,bronze,4892,2020-08-04
7969,15703,express,silver,40730,2021-01-03
7970,15708,online,silver,6758,2024-02-06
7971,15710,online,bronze,1386,2022-07-03
7972,15712,online,silver,19770,2021-07-13
7973,15714,online,bronze,19104,2023-01-29
7974,15715,flagship,silver,20222,2022-11-20
7975,15715,standard,bronze,20254,2022-05-23
7976,15719,standard,silver,36353,2022-09-18
7977,15720,flagship,bronze,31165,2022-07-11
7978,15722,standard,bronze,16029,2019-06-09
7979,15722,express,bronze,30577,2019-06-12
7980,15723,online,silver,10185,2020-11-25
7981,15724,standard,bronze,28996,2022-01-29
7982,15727,flagship,bronze,33017,2025-11-18
7983,15729,flagship,bronze,26837,2020-01-29
7984,15729,express,silver,31797,2019-04-15
7985,15730,online,bronze,44065,2019-03-22
7986,15731,express,silver,23408,2022-04-07
7987,15733,standard,gold,47471,2024-05-16
7988,15736,online,silver,24954,2021-07-20
7989,15739,express,bronze,8822,2020-08-18
7990,15740,online,silver,31164,2019-01-20
7991,15745,online,silver,45816,2025-11-20
7992,15746,online,bronze,36060,2022-08-02
7993,15746,express,bronze,33436,2022-04-07
7994,15749,standard,gold,30009,2021-10-20
7995,15750,express,bronze,31126,2024-06-16
7996,15751,online,platinum,14524,2021-10-14
7997,15759,standard,bronze,43227,2023-06-26
7998,15760,flagship,gold,13002,2021-08-14
7999,15762,standard,bronze,18890,2019-12-11
8000,15766,flagship,silver,41802,2022-02-24
8001,15769,standard,bronze,25645,2021-06-12
8002,15770,express,bronze,13933,2022-06-03
8003,15770,flagship,bronze,15702,2021-04-08
8004,15772,express,bronze,22618,2023-08-28
8005,15775,express,bronze,39666,2024-01-08
8006,15781,flagship,bronze,26277,2020-04-20
8007,15782,express,silver,43271,2021-09-17
8008,15785,online,bronze,20797,2019-04-24
8009,15786,standard,bronze,38874,2019-09-14
8010,15788,standard,silver,39468,2020-01-16
8011,15788,online,silver,49045,2021-10-06
8012,15791,express,bronze,15946,2025-06-12
8013,15796,online,bronze,41328,2022-01-08
8014,15797,flagship,silver,27679,2023-04-14
8015,15797,express,gold,43338,2021-10-21
8016,15799,online,bronze,380,2020-05-24
8017,15800,standard,bronze,7282,2022-01-07
8018,15803,standard,silver,30897,2025-05-16
8019,15803,flagship,bronze,48385,2020-07-07
8020,15804,express,bronze,38903,2023-08-20
8021,15805,flagship,bronze,39243,2025-01-13
8022,15807,flagship,bronze,47225,2025-08-22
8023,15808,flagship,bronze,3452,2020-10-16
8024,15812,flagship,bronze,32569,2020-06-09
8025,15815,flagship,bronze,7061,2019-11-08
8026,15816,online,gold,2311,2020-12-28
8027,15817,online,gold,27496,2021-08-28
8028,15821,standard,silver,1067,2024-08-26
8029,15822,online,bronze,38563,2020-11-22
8030,15824,online,bronze,48762,2024-11-11
8031,15826,express,silver,690,2019-05-17
8032,15829,standard,silver,6901,2021-09-04
8033,15831,standard,bronze,14992,2019-09-13
8034,15834,flagship,bronze,42509,2022-12-15
8035,15842,flagship,bronze,12662,2021-11-22
8036,15843,express,bronze,2842,2022-09-09
8037,15844,online,silver,23157,2021-04-20
8038,15845,flagship,bronze,7264,2023-08-29
8039,15846,express,bronze,36341,2025-05-12
8040,15847,online,silver,14675,2026-06-15
8041,15850,online,bronze,33736,2024-10-06
8042,15851,express,bronze,34161,2026-02-19
8043,15852,express,gold,45621,2019-07-23
8044,15853,online,gold,43607,2020-03-15
8045,15854,express,bronze,9246,2022-05-01
8046,15856,flagship,bronze,11182,2024-12-23
8047,15859,flagship,bronze,6834,2019-02-04
8048,15860,flagship,bronze,34901,2025-12-01
8049,15862,flagship,bronze,39026,2024-08-14
8050,15864,express,bronze,21259,2020-06-02
8051,15864,online,bronze,1443,2024-10-20
8052,15865,express,bronze,3803,2022-02-04
8053,15869,flagship,silver,43664,2025-03-16
8054,15870,express,bronze,10021,2021-08-07
8055,15874,standard,gold,31736,2022-06-02
8056,15875,flagship,platinum,40605,2020-07-29
8057,15875,online,gold,3667,2019-12-24
8058,15877,flagship,bronze,15058,2025-03-25
8059,15878,express,platinum,9224,2019-05-20
8060,15881,flagship,silver,27224,2019-04-15
8061,15883,standard,bronze,20969,2024-08-29
8062,15884,online,bronze,49187,2026-04-01
8063,15886,express,bronze,12611,2025-06-27
8064,15887,online,bronze,49012,2025-05-18
8065,15888,flagship,bronze,28448,2021-03-08
8066,15889,flagship,gold,22411,2025-11-06
8067,15890,flagship,bronze,26377,2021-12-12
8068,15891,standard,bronze,10189,2019-02-11
8069,15892,express,silver,48749,2026-04-19
8070,15893,express,silver,35269,2023-07-01
8071,15895,flagship,bronze,42807,2022-08-02
8072,15896,standard,bronze,31403,2023-03-31
8073,15902,flagship,silver,47342,2020-08-21
8074,15903,online,bronze,42144,2021-10-08
8075,15905,standard,bronze,4384,2022-01-25
8076,15908,flagship,gold,39263,2021-03-09
8077,15913,express,bronze,38233,2026-03-22
8078,15918,express,platinum,45067,2021-08-13
8079,15919,online,platinum,15852,2020-04-11
8080,15920,online,gold,2112,2022-12-09
8081,15924,standard,silver,9866,2019-10-23
8082,15924,online,bronze,37816,2022-02-22
8083,15929,standard,silver,30466,2020-12-27
8084,15930,flagship,bronze,29348,2022-11-01
8085,15931,flagship,bronze,21152,2023-08-17
8086,15933,online,silver,3280,2025-04-25
8087,15934,express,platinum,31114,2019-12-23
8088,15934,online,bronze,44238,2024-09-07
8089,15936,flagship,bronze,24864,2019-01-16
8090,15942,express,bronze,13589,2022-04-11
8091,15944,flagship,bronze,25559,2021-03-01
8092,15951,online,bronze,17944,2019-11-26
8093,15959,online,bronze,45083,2023-08-30
8094,15964,standard,bronze,29291,2019-09-21
8095,15965,online,platinum,30113,2023-08-01
8096,15970,online,bronze,11079,2026-02-19
8097,15973,flagship,gold,45726,2025-09-26
8098,15974,flagship,gold,26255,2025-03-16
8099,15977,flagship,bronze,38416,2019-12-19
8100,15979,standard,bronze,47014,2021-11-15
8101,15983,flagship,bronze,7660,2025-05-03
8102,15985,online,bronze,25399,2021-03-18
8103,15986,online,gold,9058,2019-09-18
8104,15987,standard,bronze,9281,2025-09-22
8105,15991,flagship,bronze,42732,2023-03-19
8106,15993,online,bronze,20408,2025-11-01
8107,15994,flagship,gold,10915,2024-08-31
8108,15995,flagship,bronze,19637,2021-08-18
8109,15996,online,bronze,8346,2022-03-04
8110,16000,express,platinum,23567,2020-12-16
8111,16002,express,silver,30685,2024-11-04
8112,16003,standard,silver,14533,2020-12-03
8113,16004,express,bronze,49449,2024-07-31
8114,16004,standard,platinum,25289,2019-12-25
8115,16005,express,bronze,3659,2019-05-26
8116,16016,express,gold,32523,2025-11-23
8117,16016,online,bronze,2507,2024-03-25
8118,16017,flagship,gold,20410,2022-08-12
8119,16018,online,bronze,7889,2024-05-15
8120,16021,online,platinum,8363,2020-08-22
8121,16027,flagship,gold,45594,2019-09-06
8122,16029,express,silver,23713,2025-02-19
8123,16029,standard,bronze,7330,2022-03-13
8124,16030,standard,bronze,32878,2022-07-18
8125,16041,flagship,bronze,38484,2020-08-07
8126,16042,standard,bronze,37468,2022-03-20
8127,16046,standard,silver,42609,2019-11-08
8128,16046,flagship,platinum,6930,2019-03-22
8129,16048,standard,bronze,29431,2020-03-06
8130,16053,online,gold,39630,2025-06-19
8131,16054,express,bronze,45218,2025-03-31
8132,16059,online,silver,20694,2021-07-02
8133,16061,online,bronze,16855,2021-12-10
8134,16062,online,bronze,11202,2025-03-06
8135,16063,standard,bronze,12434,2021-06-30
8136,16065,express,gold,48893,2024-04-06
8137,16068,flagship,bronze,40502,2022-12-12
8138,16069,online,bronze,3778,2019-09-20
8139,16070,standard,bronze,5730,2024-09-24
8140,16071,express,bronze,42410,2022-06-07
8141,16073,online,gold,16120,2024-05-20
8142,16073,express,platinum,38084,2020-04-13
8143,16075,express,gold,13816,2023-12-23
8144,16076,flagship,gold,14066,2022-10-05
8145,16078,express,bronze,10650,2022-03-25
8146,16080,standard,gold,20357,2019-11-26
8147,16081,standard,bronze,5224,2023-03-31
8148,16082,flagship,silver,28677,2020-11-27
8149,16085,flagship,silver,7697,2020-06-16
8150,16089,flagship,bronze,1446,2019-02-13
8151,16090,standard,silver,28635,2021-12-26
8152,16094,standard,silver,49373,2026-06-27
8153,16096,express,bronze,19557,2021-09-16
8154,16097,standard,silver,46263,2023-05-24
8155,16098,express,silver,29597,2019-04-28
8156,16099,express,bronze,26393,2024-05-31
8157,16102,flagship,gold,46069,2023-05-21
8158,16104,online,bronze,34109,2021-01-09
8159,16105,express,bronze,48405,2025-06-09
8160,16107,express,bronze,16538,2025-01-02
8161,16109,online,bronze,25332,2025-04-28
8162,16111,standard,bronze,22651,2021-12-25
8163,16112,standard,bronze,19620,2019-05-28
8164,16112,express,bronze,852,2025-04-25
8165,16113,online,silver,48626,2020-10-27
8166,16113,flagship,bronze,23882,2025-03-21
8167,16114,standard,bronze,41888,2019-04-22
8168,16116,flagship,platinum,35550,2024-10-22
8169,16120,flagship,bronze,3648,2022-11-24
8170,16125,standard,bronze,39803,2024-05-30
8171,16126,online,bronze,807,2019-09-28
8172,16130,express,silver,27066,2024-06-07
8173,16133,online,bronze,8196,2024-11-30
8174,16133,express,bronze,42621,2024-01-24
8175,16134,online,bronze,24307,2021-11-16
8176,16135,standard,silver,22545,2025-06-03
8177,16135,express,bronze,21975,2024-12-01
8178,16137,express,bronze,7931,2025-07-19
8179,16139,online,bronze,42737,2019-05-14
8180,16139,standard,bronze,49846,2024-10-28
8181,16143,express,bronze,31629,2025-04-16
8182,16149,online,silver,22092,2024-11-04
8183,16151,standard,bronze,7581,2024-06-27
8184,16151,online,bronze,11382,2022-08-31
8185,16153,online,bronze,39798,2023-02-13
8186,16155,standard,gold,19719,2024-11-13
8187,16156,online,silver,28284,2021-04-09
8188,16161,online,bronze,20604,2022-10-19
8189,16164,standard,silver,20908,2022-02-11
8190,16166,flagship,silver,40319,2021-01-26
8191,16168,online,silver,49452,2020-12-23
8192,16170,express,bronze,419,2024-07-15
8193,16174,standard,bronze,13973,2019-01-03
8194,16174,express,bronze,7033,2022-01-19
8195,16175,flagship,bronze,6000,2022-10-27
8196,16175,express,gold,4190,2021-03-05
8197,16177,online,bronze,7530,2021-02-23
8198,16181,flagship,silver,4015,2019-02-25
8199,16182,standard,silver,8486,2019-04-09
8200,16183,flagship,silver,16877,2023-12-18
8201,16184,online,bronze,12178,2019-12-29
8202,16187,standard,silver,6585,2021-06-07
8203,16187,flagship,silver,36131,2025-04-10
8204,16188,online,bronze,45662,2022-07-28
8205,16189,flagship,bronze,15490,2023-07-16
8206,16191,flagship,silver,17318,2026-04-12
8207,16195,online,bronze,46777,2020-11-06
8208,16197,standard,silver,10050,2022-08-15
8209,16197,flagship,bronze,34504,2024-10-09
8210,16199,flagship,platinum,38087,2021-01-19
8211,16205,flagship,platinum,40632,2024-04-21
8212,16207,flagship,bronze,13783,2021-05-06
8213,16210,flagship,silver,41012,2020-12-02
8214,16213,flagship,bronze,10128,2019-10-28
8215,16215,online,bronze,2477,2025-08-13
8216,16218,express,bronze,27860,2022-10-31
8217,16223,standard,bronze,21607,2023-07-15
8218,16225,express,platinum,31915,2022-12-27
8219,16226,flagship,gold,30862,2023-07-10
8220,16227,online,bronze,49120,2025-09-21
8221,16228,express,bronze,27777,2025-07-15
8222,16229,standard,bronze,49373,2026-06-23
8223,16231,express,gold,43626,2019-11-18
8224,16236,standard,gold,10322,2021-09-12
8225,16239,online,silver,2292,2021-01-03
8226,16241,express,bronze,30898,2022-12-09
8227,16242,flagship,bronze,33472,2025-10-26
8228,16242,express,bronze,34046,2022-09-18
8229,16244,express,bronze,38479,2024-10-29
8230,16244,standard,bronze,23328,2024-06-18
8231,16246,express,silver,8698,2020-06-12
8232,16247,express,bronze,20052,2024-08-29
8233,16247,standard,bronze,32816,2022-10-12
8234,16248,flagship,bronze,25453,2026-05-25
8235,16248,standard,silver,47077,2025-04-07
8236,16251,standard,bronze,29100,2025-08-12
8237,16252,flagship,silver,10737,2019-01-22
8238,16254,flagship,bronze,40259,2026-05-13
8239,16257,flagship,silver,41931,2021-11-19
8240,16257,online,bronze,35679,2021-04-19
8241,16258,express,bronze,35158,2021-03-28
8242,16259,flagship,bronze,28506,2025-12-12
8243,16260,flagship,silver,1693,2024-03-30
8244,16261,flagship,bronze,47639,2019-09-28
8245,16262,online,bronze,9965,2026-05-05
8246,16263,standard,bronze,16196,2024-09-18
8247,16265,online,silver,19123,2023-08-19
8248,16266,flagship,bronze,40814,2024-09-09
8249,16266,express,gold,41131,2020-06-19
8250,16267,online,bronze,44546,2024-08-18
8251,16267,express,bronze,49069,2019-11-30
8252,16269,standard,bronze,46336,2021-04-06
8253,16274,standard,gold,5026,2022-12-17
8254,16276,flagship,bronze,2761,2022-11-14
8255,16277,flagship,silver,14657,2019-09-10
8256,16278,standard,bronze,14653,2023-05-31
8257,16279,flagship,bronze,34360,2024-04-20
8258,16279,standard,bronze,20738,2024-03-22
8259,16280,standard,bronze,39555,2022-05-03
8260,16282,flagship,silver,28331,2020-02-20
8261,16283,express,bronze,36414,2025-08-15
8262,16284,flagship,silver,24667,2021-02-18
8263,16285,express,silver,28444,2022-04-21
8264,16286,standard,bronze,44887,2025-02-08
8265,16291,standard,silver,26899,2022-03-12
8266,16294,express,silver,31976,2024-01-01
8267,16296,standard,bronze,1929,2021-03-30
8268,16297,standard,silver,28295,2025-11-14
8269,16300,flagship,silver,36702,2020-10-22
8270,16300,express,silver,40420,2022-02-26
8271,16303,express,silver,22529,2022-05-16
8272,16304,flagship,silver,15452,2020-11-13
8273,16308,online,gold,9801,2021-01-13
8274,16309,online,bronze,42214,2021-09-20
8275,16309,flagship,bronze,2102,2025-01-29
8276,16311,flagship,silver,19950,2023-10-25
8277,16312,online,gold,48844,2019-06-09
8278,16317,flagship,bronze,38189,2022-08-22
8279,16320,standard,bronze,28223,2024-11-25
8280,16323,standard,silver,10378,2019-07-12
8281,16324,express,bronze,2072,2019-04-03
8282,16326,online,platinum,2918,2023-09-15
8283,16329,express,bronze,16797,2023-12-22
8284,16332,online,bronze,25879,2026-03-08
8285,16334,flagship,silver,34628,2023-10-12
8286,16340,flagship,bronze,23128,2022-10-10
8287,16342,online,bronze,47890,2025-05-29
8288,16343,standard,silver,46354,2023-01-20
8289,16346,flagship,bronze,46417,2023-10-08
8290,16350,express,silver,38220,2022-09-10
8291,16353,online,silver,22260,2026-06-06
8292,16353,flagship,bronze,6040,2022-06-24
8293,16358,express,silver,38400,2024-12-06
8294,16363,standard,silver,21634,2026-03-18
8295,16365,flagship,bronze,35472,2021-10-15
8296,16366,online,platinum,43437,2026-04-27
8297,16368,flagship,silver,28556,2024-03-28
8298,16371,flagship,bronze,37536,2023-06-04
8299,16376,flagship,bronze,10765,2019-09-08
8300,16377,flagship,bronze,836,2019-08-31
8301,16378,flagship,bronze,17937,2021-12-02
8302,16380,online,bronze,46730,2020-09-29
8303,16380,standard,bronze,18385,2019-05-12
8304,16386,flagship,bronze,813,2023-12-19
8305,16389,flagship,bronze,30298,2026-03-31
8306,16390,online,bronze,29860,2022-07-29
8307,16395,standard,bronze,24611,2024-01-10
8308,16399,express,silver,1613,2024-07-05
8309,16401,standard,platinum,8106,2023-12-14
8310,16402,flagship,gold,30276,2019-12-26
8311,16405,online,silver,28933,2025-12-09
8312,16405,express,bronze,19201,2022-03-07
8313,16406,flagship,silver,3080,2024-08-22
8314,16407,flagship,platinum,36384,2026-01-26
8315,16408,flagship,silver,29099,2025-12-01
8316,16409,online,gold,24422,2020-03-18
8317,16410,express,silver,22152,2022-05-05
8318,16412,express,bronze,26635,2022-03-03
8319,16413,express,bronze,20220,2023-12-30
8320,16414,online,silver,30804,2020-05-16
8321,16415,express,bronze,33214,2024-09-08
8322,16417,standard,silver,1373,2022-11-29
8323,16418,flagship,bronze,15671,2021-02-16
8324,16418,standard,bronze,40564,2021-08-29
8325,16419,express,silver,40888,2019-01-08
8326,16421,flagship,bronze,13507,2020-06-20
8327,16421,express,silver,36550,2025-08-09
8328,16422,express,bronze,23546,2019-07-29
8329,16425,express,bronze,20240,2026-03-09
8330,16426,flagship,bronze,44792,2026-03-15
8331,16431,online,bronze,29915,2022-04-07
8332,16431,standard,bronze,15453,2020-07-31
8333,16433,standard,gold,42813,2023-10-24
8334,16434,standard,gold,43279,2020-03-15
8335,16435,standard,bronze,34627,2022-07-31
8336,16436,flagship,silver,41294,2019-10-28
8337,16436,standard,bronze,2496,2024-07-20
8338,16437,online,bronze,16432,2024-10-22
8339,16437,express,bronze,7721,2024-10-24
8340,16443,online,bronze,10375,2021-04-13
8341,16444,online,gold,49902,2021-06-08
8342,16445,online,gold,33913,2024-10-03
8343,16445,flagship,bronze,20988,2024-05-03
8344,16449,express,bronze,20597,2022-06-29
8345,16455,standard,bronze,742,2023-06-15
8346,16456,online,gold,39722,2021-02-12
8347,16457,standard,bronze,2338,2021-02-23
8348,16458,express,bronze,702,2025-03-03
8349,16459,online,bronze,29676,2020-07-26
8350,16460,online,silver,27838,2021-01-09
8351,16463,flagship,bronze,46913,2022-12-30
8352,16464,express,bronze,33662,2021-05-24
8353,16466,standard,bronze,29994,2019-06-03
8354,16466,online,silver,1424,2023-04-18
8355,16469,online,bronze,42464,2019-09-14
8356,16474,standard,bronze,20161,2021-02-20
8357,16476,standard,bronze,40475,2025-09-29
8358,16477,flagship,bronze,6435,2025-08-13
8359,16478,flagship,bronze,278,2019-01-18
8360,16478,online,bronze,35432,2024-12-28
8361,16479,online,bronze,5801,2020-05-08
8362,16480,express,bronze,5022,2019-04-17
8363,16483,standard,silver,19539,2019-05-06
8364,16484,express,bronze,41149,2020-06-15
8365,16484,online,gold,6985,2025-02-09
8366,16487,flagship,silver,9956,2019-06-07
8367,16488,express,silver,16796,2021-03-19
8368,16489,flagship,bronze,46244,2026-05-10
8369,16490,express,gold,31451,2021-08-20
8370,16491,standard,silver,45769,2025-01-18
8371,16493,flagship,bronze,18946,2019-08-22
8372,16496,flagship,bronze,5267,2023-02-28
8373,16500,online,bronze,25469,2022-10-04
8374,16501,standard,bronze,29336,2022-05-18
8375,16502,flagship,gold,29543,2025-01-22
8376,16502,express,silver,43196,2019-12-11
8377,16503,flagship,bronze,48521,2025-05-03
8378,16509,express,gold,44227,2025-10-03
8379,16510,express,silver,45994,2019-09-18
8380,16512,standard,gold,47548,2023-07-17
8381,16513,flagship,bronze,31461,2021-09-26
8382,16519,express,bronze,10071,2019-05-23
8383,16520,standard,bronze,42901,2022-09-19
8384,16521,online,silver,41194,2024-02-18
8385,16522,online,bronze,42390,2023-07-28
8386,16523,flagship,bronze,36898,2019-10-25
8387,16526,standard,gold,19361,2019-08-18
8388,16527,express,silver,4348,2025-09-04
8389,16528,flagship,bronze,11822,2022-05-15
8390,16530,standard,bronze,4812,2025-08-31
8391,16531,standard,bronze,6974,2020-01-11
8392,16531,express,silver,1163,2026-06-01
8393,16532,online,bronze,2112,2023-05-05
8394,16534,online,gold,40950,2022-03-28
8395,16540,express,gold,28857,2024-09-23
8396,16542,standard,bronze,7823,2020-07-17
8397,16543,standard,bronze,47941,2020-06-22
8398,16545,flagship,bronze,11247,2019-05-09
8399,16545,standard,bronze,34053,2024-05-29
8400,16549,flagship,gold,5131,2023-11-29
8401,16552,online,gold,10252,2024-08-01
8402,16553,standard,silver,28992,2021-05-27
8403,16554,online,bronze,31170,2019-11-18
8404,16555,express,bronze,23285,2021-09-30
8405,16561,standard,bronze,11199,2023-02-11
8406,16563,online,silver,10031,2024-08-14
8407,16565,flagship,bronze,779,2019-12-02
8408,16568,express,silver,23739,2019-02-24
8409,16569,online,silver,18917,2026-05-21
8410,16570,express,bronze,47219,2024-08-12
8411,16571,standard,bronze,19009,2026-05-17
8412,16572,standard,silver,49268,2026-01-28
8413,16575,express,gold,734,2023-01-09
8414,16577,express,bronze,43902,2023-01-21
8415,16578,flagship,bronze,39025,2021-09-07
8416,16583,online,bronze,11107,2023-01-04
8417,16586,standard,bronze,24809,2023-01-27
8418,16586,express,bronze,43538,2022-08-19
8419,16588,standard,platinum,49671,2026-06-13
8420,16589,online,bronze,46479,2023-07-08
8421,16593,flagship,platinum,32410,2023-04-04
8422,16594,standard,bronze,47400,2024-04-21
8423,16596,express,bronze,4023,2026-03-21
8424,16599,standard,platinum,39505,2020-08-28
8425,16600,standard,bronze,30891,2026-03-29
8426,16600,online,bronze,30939,2020-01-17
8427,16607,online,silver,41884,2022-05-31
8428,16607,express,silver,13276,2019-06-15
8429,16609,standard,bronze,3631,2022-07-05
8430,16613,express,silver,26860,2023-12-23
8431,16614,express,bronze,48830,2023-08-04
8432,16615,express,bronze,18748,2020-09-21
8433,16617,express,gold,44312,2019-10-24
8434,16618,flagship,bronze,11688,2024-06-06
8435,16620,express,platinum,35280,2025-08-21
8436,16627,standard,silver,28690,2022-10-30
8437,16627,express,silver,4592,2024-11-19
8438,16628,flagship,bronze,39068,2024-01-02
8439,16630,standard,gold,13785,2020-08-28
8440,16632,express,silver,7597,2021-11-07
8441,16633,express,bronze,33069,2021-10-29
8442,16634,standard,gold,40851,2020-12-29
8443,16634,flagship,gold,10095,2019-01-28
8444,16639,online,silver,43327,2019-06-02
8445,16640,express,bronze,14583,2025-07-18
8446,16641,standard,silver,6736,2020-04-13
8447,16642,standard,silver,48138,2020-11-09
8448,16646,flagship,bronze,30756,2024-12-08
8449,16647,flagship,bronze,33953,2019-07-11
8450,16649,flagship,bronze,9287,2023-10-11
8451,16650,flagship,bronze,36710,2025-06-01
8452,16650,standard,bronze,27882,2023-09-11
8453,16652,express,silver,34542,2019-09-17
8454,16653,flagship,bronze,20228,2021-07-25
8455,16653,online,bronze,2106,2022-12-25
8456,16660,express,bronze,23479,2025-10-19
8457,16662,standard,bronze,42416,2025-04-19
8458,16664,standard,bronze,136,2023-06-03
8459,16666,express,bronze,1849,2025-11-08
8460,16667,online,gold,42580,2026-04-27
8461,16667,express,bronze,2695,2025-10-20
8462,16668,express,bronze,11211,2022-10-10
8463,16669,express,gold,28988,2024-09-01
8464,16670,online,silver,14511,2019-02-20
8465,16671,flagship,bronze,13209,2023-07-02
8466,16673,flagship,silver,15840,2021-10-21
8467,16675,standard,bronze,10907,2020-05-09
8468,16675,online,silver,1163,2021-01-21
8469,16676,online,bronze,16099,2019-10-02
8470,16676,standard,bronze,33107,2021-03-20
8471,16679,standard,bronze,11569,2026-05-06
8472,16681,online,bronze,10220,2021-06-28
8473,16682,online,silver,17798,2019-07-25
8474,16683,express,gold,31002,2025-05-03
8475,16684,online,bronze,15092,2019-12-08
8476,16688,flagship,platinum,24314,2024-02-28
8477,16689,standard,silver,30312,2025-10-20
8478,16690,express,bronze,44951,2025-11-12
8479,16695,flagship,platinum,10423,2019-06-01
8480,16698,flagship,platinum,41267,2022-11-22
8481,16700,express,gold,26583,2021-01-09
8482,16704,flagship,gold,43154,2023-10-04
8483,16706,flagship,bronze,33137,2019-04-26
8484,16708,online,silver,41761,2022-04-16
8485,16710,express,bronze,23328,2026-06-29
8486,16712,online,platinum,44077,2023-01-25
8487,16712,express,silver,10696,2026-04-12
8488,16713,express,bronze,31524,2026-06-08
8489,16713,flagship,gold,45157,2023-08-08
8490,16718,express,gold,25588,2023-10-08
8491,16725,standard,silver,34312,2024-04-25
8492,16733,online,bronze,14394,2022-09-27
8493,16735,express,bronze,9729,2020-12-25
8494,16743,online,silver,47115,2019-08-24
8495,16744,express,bronze,6929,2025-09-12
8496,16745,express,bronze,23621,2021-07-11
8497,16749,flagship,bronze,10961,2019-03-15
8498,16750,express,bronze,17208,2019-11-03
8499,16752,standard,bronze,26715,2020-09-18
8500,16755,online,gold,8290,2025-12-25
8501,16757,standard,silver,17852,2026-02-15
8502,16759,online,silver,6366,2025-02-01
8503,16760,flagship,bronze,43411,2020-05-14
8504,16761,standard,silver,12859,2020-12-11
8505,16762,flagship,gold,24364,2024-03-29
8506,16763,online,bronze,41279,2023-03-05
8507,16765,online,platinum,41001,2022-12-10
8508,16766,flagship,silver,19559,2022-02-15
8509,16769,express,bronze,46032,2026-04-18
8510,16773,express,bronze,20675,2023-12-01
8511,16774,flagship,bronze,46455,2023-08-27
8512,16778,standard,silver,5729,2023-03-03
8513,16779,standard,silver,12533,2025-11-24
8514,16780,express,gold,38657,2025-10-13
8515,16781,standard,silver,25645,2021-04-06
8516,16781,flagship,gold,43393,2020-06-03
8517,16785,online,bronze,38590,2020-02-04
8518,16787,flagship,silver,8552,2026-03-10
8519,16788,online,bronze,17019,2024-06-08
8520,16791,flagship,silver,48386,2026-02-16
8521,16795,standard,bronze,21227,2019-07-06
8522,16797,express,bronze,40339,2025-11-29
8523,16799,online,silver,38302,2023-03-15
8524,16801,online,bronze,30464,2019-01-23
8525,16804,standard,bronze,27287,2025-02-09
8526,16808,express,silver,5151,2022-07-02
8527,16809,express,bronze,43582,2021-08-12
8528,16811,standard,silver,34672,2019-10-07
8529,16815,express,bronze,4024,2024-01-21
8530,16816,flagship,silver,35295,2019-03-12
8531,16817,standard,platinum,44657,2021-11-08
8532,16818,standard,gold,35691,2021-02-10
8533,16821,standard,bronze,42920,2021-08-17
8534,16821,flagship,bronze,14726,2020-08-25
8535,16824,online,bronze,31410,2019-12-02
8536,16827,standard,bronze,24101,2026-02-20
8537,16828,flagship,silver,19492,2021-02-11
8538,16829,online,bronze,47123,2022-04-14
8539,16831,standard,bronze,5495,2022-06-11
8540,16835,standard,bronze,11607,2024-02-18
8541,16836,flagship,bronze,31963,2024-12-03
8542,16838,express,bronze,30909,2019-09-14
8543,16840,online,bronze,44467,2025-07-29
8544,16843,online,bronze,19351,2023-03-04
8545,16843,standard,silver,30862,2025-03-29
8546,16844,express,bronze,5435,2025-07-26
8547,16846,flagship,bronze,12911,2025-09-20
8548,16848,standard,silver,10220,2024-06-04
8549,16849,online,bronze,29566,2023-11-09
8550,16860,standard,silver,39101,2022-12-28
8551,16869,express,bronze,47012,2022-03-13
8552,16869,online,bronze,25534,2019-06-27
8553,16870,standard,silver,43676,2025-07-29
8554,16871,online,bronze,34459,2021-08-30
8555,16872,online,bronze,18255,2023-02-03
8556,16872,express,bronze,18576,2019-04-02
8557,16873,online,silver,2486,2024-04-15
8558,16876,flagship,bronze,45394,2025-03-22
8559,16877,express,silver,3112,2026-01-27
8560,16877,flagship,silver,5166,2020-03-07
8561,16878,express,gold,13687,2020-03-12
8562,16879,flagship,silver,26527,2021-03-12
8563,16880,standard,gold,32032,2021-02-05
8564,16881,flagship,silver,15863,2023-12-20
8565,16882,express,silver,33089,2024-10-03
8566,16883,express,bronze,38622,2026-02-02
8567,16885,standard,bronze,10474,2021-08-26
8568,16886,online,bronze,34262,2022-01-25
8569,16887,express,bronze,4217,2022-09-30
8570,16891,express,bronze,14287,2024-08-15
8571,16899,flagship,silver,12370,2022-02-13
8572,16903,flagship,gold,34655,2021-05-16
8573,16909,online,bronze,15260,2020-03-31
8574,16910,online,bronze,28519,2023-04-08
8575,16911,express,silver,7692,2020-02-07
8576,16912,online,silver,2462,2019-11-28
8577,16916,flagship,bronze,37150,2023-09-16
8578,16921,express,silver,4613,2024-02-22
8579,16922,online,silver,48066,2022-03-10
8580,16924,flagship,gold,29737,2022-03-01
8581,16925,express,silver,7303,2024-10-31
8582,16926,flagship,bronze,8054,2021-05-21
8583,16928,standard,silver,7554,2022-04-06
8584,16929,express,silver,48953,2025-05-21
8585,16933,standard,bronze,40772,2019-09-11
8586,16935,standard,silver,35258,2023-12-09
8587,16938,express,bronze,4320,2021-09-28
8588,16940,online,bronze,13827,2023-08-01
8589,16945,flagship,bronze,31135,2021-11-24
8590,16946,online,bronze,30279,2021-06-01
8591,16949,online,bronze,47837,2019-05-04
8592,16951,flagship,bronze,17661,2025-12-17
8593,16954,express,silver,514,2020-10-23
8594,16955,standard,bronze,49235,2023-08-27
8595,16956,standard,bronze,36733,2024-03-01
8596,16957,standard,silver,11105,2025-04-16
8597,16959,flagship,bronze,17150,2024-09-19
8598,16959,standard,gold,28290,2024-11-16
8599,16962,express,bronze,5575,2021-09-25
8600,16963,express,bronze,11003,2022-05-09
8601,16965,online,bronze,4830,2025-08-30
8602,16966,express,bronze,19009,2026-01-12
8603,16970,flagship,bronze,37734,2023-10-18
8604,16971,standard,platinum,43867,2023-01-14
8605,16972,online,gold,32955,2020-07-24
8606,16974,online,silver,34044,2023-10-07
8607,16975,express,silver,30118,2019-10-31
8608,16976,online,bronze,23984,2025-12-28
8609,16977,standard,bronze,34562,2025-05-21
8610,16978,standard,silver,25405,2023-08-16
8611,16979,flagship,bronze,43739,2022-06-12
8612,16979,online,bronze,43338,2023-10-19
8613,16980,standard,bronze,38876,2022-08-10
8614,16981,standard,gold,16899,2020-01-14
8615,16982,flagship,silver,37544,2024-02-27
8616,16982,standard,silver,21256,2023-01-23
8617,16985,standard,silver,11223,2022-05-06
8618,16989,standard,silver,36904,2022-01-08
8619,16993,standard,bronze,20225,2021-07-11
8620,16994,express,bronze,44942,2024-01-30
8621,16996,online,silver,14503,2019-06-22
8622,16996,express,silver,44335,2025-06-12
8623,16997,standard,gold,24743,2020-12-30
8624,16998,online,gold,3876,2026-01-05
8625,17008,standard,gold,35314,2021-10-27
8626,17010,standard,bronze,22968,2026-01-16
8627,17010,flagship,bronze,18692,2019-01-22
8628,17013,flagship,bronze,32943,2022-11-16
8629,17016,express,bronze,15272,2020-02-23
8630,17017,standard,gold,33996,2025-08-06
8631,17017,flagship,platinum,18839,2021-07-10
8632,17018,express,bronze,4808,2023-03-25
8633,17022,flagship,bronze,24669,2023-04-15
8634,17025,flagship,bronze,47393,2020-12-03
8635,17026,online,silver,12697,2020-01-02
8636,17028,flagship,silver,12695,2024-05-21
8637,17033,standard,silver,18818,2019-11-20
8638,17038,express,bronze,2864,2026-06-29
8639,17039,online,silver,48292,2023-04-09
8640,17040,online,bronze,49460,2020-08-08
8641,17041,express,gold,3685,2023-04-25
8642,17042,online,silver,32036,2025-07-03
8643,17043,standard,silver,14330,2021-09-22
8644,17047,standard,bronze,37818,2021-10-03
8645,17049,standard,silver,16123,2024-11-11
8646,17050,online,gold,35934,2023-01-07
8647,17053,online,silver,10353,2023-02-22
8648,17054,flagship,gold,26316,2019-04-10
8649,17056,express,bronze,33894,2019-01-11
8650,17058,standard,gold,33127,2019-04-28
8651,17060,flagship,gold,17638,2020-10-20
8652,17061,express,bronze,21842,2020-05-23
8653,17062,online,bronze,38369,2022-11-23
8654,17063,flagship,bronze,31668,2022-08-31
8655,17063,standard,bronze,4601,2025-12-17
8656,17070,standard,bronze,48251,2025-04-22
8657,17070,express,gold,32126,2024-03-31
8658,17073,flagship,silver,27327,2023-12-24
8659,17073,express,bronze,45677,2020-08-18
8660,17074,flagship,bronze,38634,2024-08-13
8661,17076,flagship,bronze,10766,2022-03-31
8662,17077,flagship,bronze,38918,2026-06-11
8663,17082,flagship,bronze,10532,2019-02-03
8664,17083,flagship,platinum,31187,2023-04-28
8665,17088,flagship,silver,11321,2025-01-19
8666,17089,express,bronze,5083,2020-08-13
8667,17092,express,bronze,26114,2023-12-04
8668,17093,express,bronze,6782,2023-03-04
8669,17093,standard,bronze,42136,2022-11-12
8670,17096,standard,bronze,39615,2025-10-30
8671,17097,standard,bronze,29759,2026-05-19
8672,17099,standard,bronze,14662,2021-08-16
8673,17100,online,bronze,41788,2020-01-22
8674,17102,flagship,bronze,32436,2025-09-18
8675,17103,flagship,bronze,43810,2021-12-02
8676,17103,standard,bronze,722,2020-02-02
8677,17104,online,platinum,34033,2021-11-13
8678,17105,express,silver,9831,2023-06-13
8679,17106,flagship,bronze,28041,2026-06-03
8680,17112,express,gold,48303,2020-05-23
8681,17115,online,bronze,7724,2025-10-15
8682,17116,flagship,silver,36735,2025-09-04
8683,17117,express,bronze,2281,2020-09-18
8684,17118,express,bronze,32069,2025-05-12
8685,17119,flagship,gold,48930,2019-05-25
8686,17120,standard,silver,27659,2025-06-09
8687,17120,flagship,bronze,8472,2020-08-01
8688,17121,express,silver,25999,2019-11-03
8689,17124,standard,bronze,22989,2025-06-01
8690,17126,online,bronze,34327,2019-01-30
8691,17129,express,bronze,43821,2019-04-10
8692,17132,online,bronze,42285,2023-12-08
8693,17133,standard,silver,18907,2023-07-10
8694,17144,standard,silver,5831,2022-06-13
8695,17147,standard,bronze,19024,2021-08-29
8696,17148,express,silver,4607,2024-09-07
8697,17148,standard,bronze,5325,2021-04-17
8698,17151,standard,bronze,44180,2023-07-04
8699,17157,express,bronze,49765,2019-04-16
8700,17159,standard,silver,15379,2020-06-06
8701,17161,express,bronze,3553,2025-01-27
8702,17162,flagship,silver,36215,2023-05-30
8703,17163,online,bronze,24427,2023-01-23
8704,17164,express,gold,47604,2022-04-28
8705,17166,flagship,bronze,34127,2019-02-25
8706,17168,online,bronze,5007,2025-08-28
8707,17169,express,bronze,980,2022-04-10
8708,17173,online,silver,21939,2024-01-07
8709,17174,online,bronze,33923,2023-01-08
8710,17177,online,silver,41701,2025-01-20
8711,17178,express,silver,22101,2023-11-25
8712,17180,online,silver,27268,2019-02-04
8713,17183,flagship,silver,13570,2022-02-28
8714,17184,express,silver,27962,2024-04-18
8715,17188,express,silver,16421,2024-12-22
8716,17189,online,silver,27643,2020-09-14
8717,17190,express,bronze,43394,2019-01-01
8718,17191,flagship,silver,12630,2022-04-16
8719,17192,online,gold,39763,2020-02-12
8720,17193,flagship,bronze,3985,2021-10-04
8721,17195,standard,gold,39273,2019-07-17
8722,17196,online,platinum,32106,2022-06-11
8723,17196,express,bronze,34493,2023-01-17
8724,17199,flagship,bronze,41657,2023-11-27
8725,17200,flagship,silver,38934,2023-06-20
8726,17201,express,bronze,40693,2024-06-13
8727,17202,standard,bronze,4158,2022-10-26
8728,17204,express,bronze,23135,2022-09-14
8729,17205,standard,silver,40189,2019-10-19
8730,17208,standard,silver,29060,2024-09-03
8731,17209,online,bronze,1420,2024-12-15
8732,17212,express,silver,4617,2023-03-13
8733,17218,standard,gold,47475,2023-03-10
8734,17219,online,silver,22770,2025-09-12
8735,17221,express,silver,6815,2021-03-23
8736,17223,online,gold,40440,2022-01-02
8737,17224,flagship,bronze,19377,2023-03-13
8738,17227,standard,silver,17151,2025-09-05
8739,17228,flagship,bronze,33370,2024-11-05
8740,17230,online,bronze,49111,2024-05-25
8741,17232,express,gold,30466,2024-01-02
8742,17234,express,bronze,22899,2020-08-28
8743,17237,standard,bronze,2716,2021-02-25
8744,17238,online,bronze,23290,2024-12-08
8745,17238,standard,bronze,20357,2020-08-31
8746,17242,online,bronze,34392,2026-05-20
8747,17256,online,bronze,1202,2019-03-07
8748,17258,online,silver,22662,2022-10-14
8749,17262,flagship,bronze,36330,2022-12-25
8750,17263,flagship,silver,31879,2019-09-19
8751,17263,online,silver,42678,2025-12-12
8752,17267,standard,bronze,5636,2021-04-26
8753,17269,flagship,bronze,33884,2021-05-13
8754,17272,express,silver,17305,2024-05-31
8755,17274,flagship,silver,20500,2019-01-20
8756,17276,flagship,bronze,2994,2023-05-05
8757,17277,standard,bronze,46485,2024-06-08
8758,17277,express,bronze,25358,2019-06-03
8759,17278,standard,gold,37616,2025-09-21
8760,17279,flagship,bronze,9822,2020-01-16
8761,17281,standard,silver,20646,2019-08-22
8762,17284,flagship,bronze,32435,2022-04-16
8763,17287,online,silver,27430,2020-04-12
8764,17288,online,bronze,48295,2021-03-12
8765,17289,standard,bronze,4666,2022-02-17
8766,17290,online,silver,11290,2022-04-01
8767,17290,standard,silver,7890,2022-07-08
8768,17291,express,bronze,13022,2022-10-28
8769,17292,standard,bronze,26513,2020-04-30
8770,17293,express,silver,48343,2023-01-29
8771,17293,online,platinum,33433,2025-04-22
8772,17294,flagship,silver,17548,2023-09-18
8773,17297,express,bronze,13501,2025-03-19
8774,17299,online,bronze,36189,2021-06-30
8775,17300,standard,bronze,33586,2021-12-30
8776,17302,flagship,bronze,40323,2021-09-25
8777,17303,online,silver,18765,2021-11-15
8778,17304,standard,bronze,8028,2026-03-14
8779,17305,online,silver,17119,2025-06-30
8780,17307,online,silver,18110,2023-11-20
8781,17308,online,bronze,11622,2025-11-28
8782,17310,online,silver,10287,2025-05-28
8783,17311,standard,bronze,37332,2023-11-17
8784,17312,express,silver,46314,2024-12-24
8785,17313,online,silver,16836,2026-03-24
8786,17313,flagship,silver,27333,2024-10-29
8787,17316,standard,bronze,20700,2022-06-12
8788,17318,express,bronze,5935,2024-01-02
8789,17319,express,bronze,44129,2020-12-29
8790,17322,online,bronze,38384,2023-02-11
8791,17324,standard,gold,4199,2023-04-08
8792,17326,online,gold,21221,2020-12-03
8793,17328,express,bronze,22255,2019-12-23
8794,17331,online,silver,48444,2020-11-05
8795,17333,flagship,bronze,20258,2019-11-04
8796,17334,standard,silver,19736,2021-07-07
8797,17334,online,bronze,10933,2025-04-17
8798,17340,express,silver,25928,2022-09-28
8799,17341,express,gold,29481,2019-07-07
8800,17342,standard,gold,39995,2024-05-06
8801,17342,express,silver,41906,2022-12-27
8802,17343,online,gold,9836,2019-09-11
8803,17345,standard,bronze,42771,2025-02-10
8804,17346,standard,bronze,25857,2020-03-21
8805,17347,flagship,gold,45448,2023-07-19
8806,17349,online,silver,45862,2023-06-29
8807,17350,flagship,platinum,46661,2021-10-05
8808,17351,express,bronze,18483,2022-08-11
8809,17354,express,gold,33150,2020-08-28
8810,17354,standard,bronze,3010,2020-09-08
8811,17356,express,gold,39280,2022-12-08
8812,17358,online,bronze,6693,2025-01-27
8813,17359,express,gold,46731,2025-02-03
8814,17360,flagship,silver,29263,2019-10-22
8815,17362,online,silver,44211,2020-12-22
8816,17364,standard,bronze,44779,2026-02-27
8817,17370,flagship,platinum,21578,2019-12-12
8818,17373,standard,gold,45258,2024-06-20
8819,17375,standard,bronze,9284,2024-11-22
8820,17378,online,bronze,20562,2023-11-01
8821,17383,standard,silver,14417,2023-02-02
8822,17385,flagship,silver,33505,2022-11-16
8823,17385,express,bronze,34607,2022-04-09
8824,17386,online,silver,7835,2022-01-04
8825,17389,flagship,silver,47973,2024-11-26
8826,17390,express,platinum,23295,2021-08-03
8827,17392,standard,silver,17146,2020-09-05
8828,17394,flagship,gold,37230,2024-01-30
8829,17395,express,silver,14758,2024-04-05
8830,17398,online,bronze,45284,2025-07-05
8831,17399,online,bronze,4047,2024-05-03
8832,17400,standard,bronze,15182,2020-10-09
8833,17401,online,bronze,18976,2022-03-21
8834,17402,online,silver,21558,2021-09-05
8835,17404,standard,gold,42205,2019-11-08
8836,17405,flagship,silver,33041,2021-03-08
8837,17406,online,gold,6870,2021-06-08
8838,17407,standard,bronze,38153,2019-04-17
8839,17413,standard,silver,48058,2020-01-08
8840,17414,online,gold,27785,2023-10-23
8841,17417,express,bronze,1514,2023-09-17
8842,17418,standard,bronze,29416,2025-02-28
8843,17421,standard,bronze,14702,2021-03-19
8844,17423,flagship,gold,16084,2026-06-14
8845,17425,online,bronze,46455,2023-08-14
8846,17431,standard,silver,23121,2019-11-10
8847,17433,online,gold,21166,2026-04-05
8848,17434,express,bronze,19796,2025-01-04
8849,17443,online,silver,11496,2020-08-04
8850,17444,express,bronze,4152,2019-03-13
8851,17445,express,bronze,5242,2022-06-27
8852,17446,flagship,gold,11326,2025-10-24
8853,17446,express,silver,38020,2023-03-19
8854,17448,express,bronze,13099,2020-11-26
8855,17454,standard,bronze,10060,2025-01-15
8856,17455,flagship,gold,37549,2023-03-14
8857,17455,online,bronze,44857,2025-12-18
8858,17461,standard,bronze,35143,2022-12-16
8859,17463,express,silver,46176,2022-09-07
8860,17468,online,gold,29974,2022-01-12
8861,17471,express,bronze,46679,2019-11-02
8862,17473,standard,bronze,42215,2021-05-12
8863,17474,flagship,silver,23382,2020-02-22
8864,17478,standard,bronze,9698,2021-11-19
8865,17479,standard,bronze,8146,2021-05-26
8866,17485,express,gold,3463,2024-05-21
8867,17487,flagship,bronze,16881,2020-11-25
8868,17488,standard,bronze,25380,2020-10-03
8869,17489,standard,bronze,27796,2026-01-13
8870,17490,flagship,silver,44336,2024-05-14
8871,17490,standard,bronze,27594,2023-06-13
8872,17495,online,gold,43988,2023-04-20
8873,17501,online,gold,37993,2023-12-20
8874,17502,express,bronze,26325,2021-03-28
8875,17504,express,platinum,8590,2023-01-21
8876,17504,flagship,platinum,35392,2025-05-21
8877,17507,express,bronze,15350,2025-02-17
8878,17509,flagship,bronze,5123,2023-09-30
8879,17514,flagship,silver,7053,2021-07-16
8880,17517,flagship,bronze,25550,2025-03-23
8881,17518,flagship,bronze,11434,2021-11-20
8882,17519,online,bronze,44077,2019-06-17
8883,17521,express,platinum,36139,2021-04-17
8884,17526,flagship,silver,13227,2022-03-18
8885,17527,express,bronze,9603,2023-11-14
8886,17530,express,bronze,31350,2023-11-10
8887,17533,online,gold,69,2022-01-29
8888,17537,express,bronze,30068,2019-05-21
8889,17539,online,silver,21375,2025-09-22
8890,17539,standard,gold,9805,2020-01-11
8891,17542,online,bronze,46596,2021-12-08
8892,17546,express,silver,21905,2019-02-28
8893,17548,online,silver,10902,2025-06-19
8894,17548,flagship,bronze,13597,2020-02-12
8895,17549,online,bronze,4739,2022-09-29
8896,17552,express,silver,36530,2025-12-14
8897,17556,express,silver,47206,2024-04-05
8898,17556,flagship,silver,4169,2025-03-09
8899,17560,standard,silver,7599,2021-07-06
8900,17564,express,platinum,32626,2019-10-03
8901,17565,flagship,bronze,15569,2019-03-18
8902,17567,flagship,gold,4175,2022-03-25
8903,17568,flagship,bronze,5730,2025-10-15
8904,17569,online,silver,24138,2022-10-02
8905,17571,standard,bronze,30232,2023-01-15
8906,17573,express,bronze,19059,2019-04-27
8907,17575,express,bronze,6543,2024-02-18
8908,17578,flagship,silver,20621,2025-02-25
8909,17579,standard,bronze,39140,2025-05-18
8910,17580,standard,bronze,48645,2019-11-22
8911,17582,online,silver,37372,2022-12-17
8912,17586,express,bronze,35048,2026-01-20
8913,17587,online,silver,27358,2022-12-17
8914,17591,online,bronze,40328,2021-03-03
8915,17592,online,bronze,44048,2022-02-25
8916,17594,express,bronze,47214,2026-01-20
8917,17596,online,bronze,5161,2023-11-28
8918,17600,flagship,silver,47888,2023-11-07
8919,17601,flagship,bronze,22858,2024-09-22
8920,17601,express,bronze,26797,2019-06-19
8921,17602,online,gold,12666,2024-12-30
8922,17603,express,silver,22084,2019-02-21
8923,17603,flagship,silver,42880,2024-07-09
8924,17612,standard,bronze,3987,2026-04-06
8925,17613,online,bronze,41456,2024-04-27
8926,17615,flagship,bronze,1068,2022-06-30
8927,17616,express,bronze,21278,2024-11-12
8928,17617,online,bronze,37117,2024-04-16
8929,17620,flagship,bronze,47699,2024-12-19
8930,17625,express,bronze,33174,2025-04-27
8931,17626,standard,gold,3956,2020-04-12
8932,17627,online,bronze,21706,2021-09-29
8933,17627,flagship,bronze,27423,2025-05-22
8934,17628,standard,silver,4767,2019-01-03
8935,17629,standard,bronze,5166,2023-08-24
8936,17630,online,bronze,33165,2025-09-19
8937,17631,standard,gold,4035,2026-05-06
8938,17636,standard,bronze,36635,2024-07-18
8939,17637,standard,bronze,38596,2019-08-12
8940,17637,flagship,bronze,6045,2023-02-08
8941,17646,flagship,platinum,6530,2024-01-08
8942,17648,flagship,silver,41141,2024-10-28
8943,17649,flagship,silver,27887,2021-01-16
8944,17649,online,silver,33328,2024-04-30
8945,17650,online,gold,21911,2021-08-06
8946,17650,standard,bronze,2874,2020-08-17
8947,17653,online,silver,33423,2025-02-14
8948,17654,standard,bronze,47725,2024-11-10
8949,17655,online,bronze,15054,2020-02-22
8950,17656,flagship,bronze,35594,2019-02-19
8951,17658,standard,silver,45087,2023-03-16
8952,17659,standard,bronze,6266,2025-04-25
8953,17660,express,bronze,33753,2025-04-27
8954,17661,online,silver,21717,2020-02-03
8955,17668,standard,silver,31148,2025-02-12
8956,17672,online,bronze,7909,2021-05-10
8957,17673,flagship,silver,10437,2021-08-24
8958,17675,flagship,silver,10045,2025-05-13
8959,17678,standard,bronze,38063,2024-01-20
8960,17679,flagship,silver,33252,2023-04-07
8961,17685,standard,gold,4177,2025-11-16
8962,17685,online,silver,4637,2026-06-01
8963,17686,flagship,bronze,28118,2022-02-19
8964,17687,standard,silver,24997,2023-03-13
8965,17691,standard,bronze,31515,2022-12-14
8966,17692,flagship,bronze,36804,2022-03-24
8967,17693,standard,bronze,6281,2021-06-20
8968,17693,online,gold,24850,2025-03-11
8969,17695,flagship,gold,1468,2021-11-12
8970,17696,express,bronze,20561,2025-01-01
8971,17697,express,bronze,18857,2022-01-09
8972,17699,standard,bronze,29305,2020-10-06
8973,17700,flagship,gold,26669,2019-10-24
8974,17701,flagship,bronze,46049,2022-08-27
8975,17702,standard,gold,23897,2019-04-03
8976,17702,online,silver,46823,2024-02-19
8977,17703,express,bronze,30998,2019-12-26
8978,17712,online,bronze,23430,2021-12-30
8979,17714,online,silver,44733,2019-12-19
8980,17720,standard,bronze,30606,2021-12-28
8981,17721,express,bronze,27848,2024-04-18
8982,17726,standard,gold,24797,2021-05-16
8983,17727,flagship,silver,13925,2019-09-19
8984,17727,standard,bronze,49407,2021-06-11
8985,17728,online,silver,43069,2025-07-10
8986,17735,flagship,bronze,6800,2021-02-12
8987,17736,flagship,bronze,37184,2022-12-29
8988,17740,online,bronze,29913,2021-05-06
8989,17741,express,bronze,44977,2020-02-09
8990,17744,standard,bronze,37384,2024-03-02
8991,17751,online,bronze,6908,2026-03-08
8992,17751,express,bronze,30933,2019-04-25
8993,17753,online,silver,5006,2020-08-30
8994,17757,online,silver,5985,2023-07-03
8995,17759,standard,silver,33913,2022-11-26
8996,17764,standard,bronze,811,2022-01-01
8997,17765,flagship,bronze,36890,2020-01-07
8998,17765,online,bronze,47229,2019-04-18
8999,17767,standard,silver,3394,2026-03-12
9000,17768,express,bronze,27709,2026-05-07
9001,17775,online,bronze,31925,2019-03-07
9002,17776,flagship,bronze,19569,2022-03-03
9003,17779,flagship,bronze,47981,2020-05-26
9004,17781,online,gold,2638,2022-08-17
9005,17785,express,bronze,40040,2024-05-11
9006,17788,standard,gold,15888,2019-01-18
9007,17796,flagship,gold,37416,2020-01-20
9008,17798,online,bronze,43245,2020-10-15
9009,17799,express,bronze,277,2026-06-13
9010,17803,online,gold,4695,2024-01-14
9011,17804,flagship,silver,35970,2025-06-15
9012,17809,flagship,silver,21070,2023-06-12
9013,17811,flagship,bronze,32159,2024-03-16
9014,17817,express,bronze,24011,2023-10-21
9015,17819,flagship,bronze,37802,2020-07-03
9016,17821,online,silver,12255,2020-04-06
9017,17821,flagship,bronze,30490,2025-10-10
9018,17825,standard,bronze,22840,2022-11-15
9019,17826,standard,gold,19223,2022-04-13
9020,17828,standard,silver,34892,2025-03-14
9021,17829,standard,bronze,30010,2025-09-08
9022,17831,flagship,bronze,13491,2025-11-12
9023,17833,standard,gold,31092,2019-03-17
9024,17834,express,bronze,14529,2023-07-20
9025,17835,online,bronze,44643,2026-04-28
9026,17836,flagship,bronze,8546,2022-01-08
9027,17838,standard,bronze,6982,2020-03-10
9028,17839,online,silver,19988,2022-02-17
9029,17841,flagship,gold,18480,2025-09-09
9030,17844,flagship,silver,39109,2022-08-15
9031,17844,express,bronze,31839,2022-10-25
9032,17845,online,bronze,40492,2023-05-20
9033,17846,flagship,bronze,38300,2025-08-21
9034,17846,express,bronze,32772,2022-07-02
9035,17848,express,bronze,16631,2021-10-22
9036,17851,express,silver,31744,2021-01-14
9037,17854,express,gold,13117,2023-07-14
9038,17857,flagship,silver,18752,2023-05-16
9039,17858,express,bronze,12146,2025-11-20
9040,17860,online,bronze,45684,2024-01-26
9041,17863,flagship,silver,49437,2023-05-13
9042,17863,express,bronze,21292,2020-01-14
9043,17864,standard,bronze,8430,2021-09-26
9044,17866,online,bronze,27523,2019-11-19
9045,17867,standard,gold,6287,2021-09-01
9046,17868,standard,silver,42703,2026-04-19
9047,17869,express,gold,15249,2025-11-30
9048,17870,flagship,bronze,48217,2022-02-13
9049,17877,online,bronze,42522,2026-01-29
9050,17878,flagship,silver,3209,2022-03-26
9051,17885,express,bronze,9802,2020-04-11
9052,17891,standard,bronze,47060,2019-11-09
9053,17894,standard,silver,39936,2026-01-08
9054,17895,flagship,bronze,2637,2020-07-23
9055,17895,standard,bronze,48388,2021-03-21
9056,17896,online,silver,6557,2023-02-10
9057,17897,flagship,bronze,40691,2019-07-28
9058,17897,express,silver,9204,2023-06-05
9059,17902,standard,silver,8992,2022-03-24
9060,17905,online,bronze,4775,2024-01-18
9061,17907,express,bronze,35382,2021-10-11
9062,17910,express,silver,601,2023-05-28
9063,17910,online,silver,47725,2024-09-01
9064,17914,standard,bronze,11172,2020-11-23
9065,17917,online,bronze,22636,2019-01-28
9066,17919,flagship,bronze,10166,2026-02-26
9067,17920,online,bronze,16851,2025-09-27
9068,17924,online,silver,47570,2019-01-18
9069,17928,standard,silver,33418,2025-04-16
9070,17935,express,bronze,5924,2020-06-30
9071,17936,express,bronze,12744,2023-06-07
9072,17937,flagship,platinum,19736,2022-10-15
9073,17939,standard,bronze,40254,2022-09-06
9074,17942,express,bronze,27215,2021-05-01
9075,17943,online,silver,9332,2020-08-29
9076,17944,flagship,bronze,36837,2020-05-05
9077,17948,express,gold,6406,2023-09-28
9078,17950,standard,bronze,13778,2023-07-16
9079,17951,standard,gold,33077,2019-10-25
9080,17953,standard,bronze,44320,2024-09-16
9081,17956,online,silver,9873,2021-11-01
9082,17957,standard,bronze,47460,2025-11-21
9083,17958,online,silver,47781,2019-08-26
9084,17966,flagship,bronze,29712,2019-12-08
9085,17969,online,silver,10692,2025-11-23
9086,17970,standard,gold,9765,2021-02-21
9087,17976,flagship,silver,33308,2022-12-02
9088,17977,standard,bronze,2156,2024-03-18
9089,17980,online,silver,16816,2019-11-23
9090,17985,standard,bronze,2610,2024-08-29
9091,17988,online,gold,4770,2019-09-05
9092,17993,express,silver,19795,2022-07-13
9093,17998,online,bronze,22105,2026-03-09
9094,18003,flagship,bronze,14880,2019-11-14
9095,18004,flagship,silver,41195,2023-12-13
9096,18005,express,gold,30974,2021-04-26
9097,18009,standard,platinum,40381,2020-08-02
9098,18013,flagship,gold,16878,2021-10-20
9099,18014,express,silver,23692,2024-10-08
9100,18015,standard,platinum,31597,2019-01-17
9101,18020,express,silver,41346,2019-06-29
9102,18022,online,bronze,20085,2022-10-09
9103,18025,standard,silver,46772,2023-12-20
9104,18028,online,silver,45973,2021-01-18
9105,18032,standard,silver,42992,2023-10-03
9106,18033,flagship,silver,15578,2021-05-06
9107,18036,flagship,bronze,20706,2022-11-09
9108,18037,express,bronze,15495,2025-10-04
9109,18038,standard,bronze,35953,2022-12-02
9110,18039,express,platinum,15441,2023-09-16
9111,18041,online,bronze,25715,2025-01-22
9112,18045,standard,gold,6624,2023-11-27
9113,18046,flagship,silver,2452,2022-09-21
9114,18049,express,silver,18807,2022-09-03
9115,18050,online,silver,30794,2022-10-27
9116,18052,standard,platinum,23479,2020-02-03
9117,18054,flagship,bronze,23724,2020-08-12
9118,18056,standard,bronze,33882,2020-03-03
9119,18058,express,bronze,30540,2024-04-26
9120,18059,express,bronze,13748,2019-05-12
9121,18060,flagship,bronze,1894,2023-06-26
9122,18061,flagship,silver,40870,2024-11-17
9123,18063,online,silver,8009,2025-06-25
9124,18065,express,bronze,32257,2019-12-06
9125,18067,express,silver,18440,2026-04-01
9126,18069,flagship,bronze,7660,2022-11-27
9127,18071,flagship,bronze,12957,2025-02-01
9128,18074,standard,silver,38473,2025-06-26
9129,18075,online,silver,17217,2021-09-20
9130,18077,express,bronze,19931,2024-07-07
9131,18077,online,bronze,1776,2022-02-12
9132,18083,standard,silver,38701,2021-12-07
9133,18088,express,bronze,45915,2023-11-24
9134,18100,standard,silver,43473,2025-10-31
9135,18103,flagship,silver,21700,2020-10-14
9136,18106,standard,silver,22317,2021-07-09
9137,18107,express,bronze,39091,2026-06-04
9138,18109,flagship,silver,25399,2022-04-05
9139,18110,standard,gold,41051,2019-01-26
9140,18112,express,silver,26075,2019-04-24
9141,18116,express,platinum,26613,2023-02-12
9142,18117,flagship,silver,10740,2026-05-22
9143,18118,online,silver,47268,2019-05-21
9144,18119,express,bronze,41034,2022-12-27
9145,18120,standard,bronze,46244,2019-03-22
9146,18120,online,silver,23238,2020-01-24
9147,18121,standard,platinum,5470,2020-09-03
9148,18123,standard,bronze,14792,2025-01-02
9149,18125,flagship,bronze,32657,2021-01-15
9150,18126,express,bronze,31527,2024-04-26
9151,18127,flagship,bronze,19514,2019-02-14
9152,18133,online,bronze,12142,2021-06-11
9153,18133,express,bronze,25627,2025-08-16
9154,18135,standard,silver,264,2026-02-13
9155,18135,express,bronze,7852,2023-10-07
9156,18137,standard,gold,12420,2022-08-13
9157,18138,online,silver,2600,2020-08-28
9158,18138,express,gold,21892,2022-02-28
9159,18140,express,bronze,1334,2022-03-16
9160,18142,standard,bronze,13573,2019-10-21
9161,18143,online,bronze,41074,2019-09-18
9162,18146,standard,bronze,19889,2025-03-10
9163,18147,online,bronze,20307,2025-06-17
9164,18148,flagship,bronze,30567,2025-04-17
9165,18149,flagship,silver,43665,2019-10-24
9166,18152,flagship,bronze,45115,2020-12-05
9167,18153,standard,bronze,11882,2019-05-02
9168,18154,express,bronze,25775,2025-12-03
9169,18159,standard,bronze,28303,2022-11-30
9170,18160,online,bronze,42479,2024-09-03
9171,18162,online,gold,28010,2025-05-14
9172,18163,online,bronze,8734,2024-12-15
9173,18169,flagship,bronze,21880,2025-06-02
9174,18171,standard,bronze,44178,2025-11-10
9175,18177,flagship,silver,35680,2024-07-01
9176,18177,express,bronze,33074,2022-10-11
9177,18179,online,bronze,35807,2026-03-01
9178,18180,standard,silver,43885,2024-05-18
9179,18184,online,gold,8511,2024-05-17
9180,18184,flagship,gold,3757,2021-07-02
9181,18187,online,bronze,24159,2019-10-08
9182,18192,express,bronze,9243,2025-12-14
9183,18194,online,bronze,9058,2022-03-26
9184,18196,flagship,bronze,21255,2025-03-10
9185,18201,standard,silver,33981,2026-05-16
9186,18202,flagship,bronze,18365,2025-08-06
9187,18203,express,gold,22545,2024-04-26
9188,18206,flagship,bronze,48739,2020-07-01
9189,18207,express,bronze,14559,2025-03-16
9190,18211,online,bronze,10971,2024-06-27
9191,18212,flagship,silver,36972,2019-01-28
9192,18216,online,gold,18047,2025-03-25
9193,18217,online,gold,48648,2021-10-01
9194,18219,express,bronze,1345,2024-04-18
9195,18220,express,bronze,9435,2023-07-07
9196,18224,online,silver,15209,2023-12-10
9197,18225,standard,bronze,2277,2024-03-29
9198,18225,express,gold,41327,2023-01-10
9199,18226,standard,bronze,49535,2023-09-06
9200,18228,flagship,bronze,33632,2021-11-26
9201,18229,online,bronze,1309,2024-07-04
9202,18229,standard,bronze,10251,2025-11-24
9203,18231,flagship,gold,25024,2025-11-26
9204,18231,standard,bronze,8158,2026-04-19
9205,18237,express,silver,2746,2020-12-18
9206,18250,flagship,bronze,1293,2024-03-08
9207,18250,express,silver,7773,2023-07-29
9208,18251,online,gold,19059,2026-01-19
9209,18251,express,silver,48029,2022-12-19
9210,18255,flagship,gold,14522,2019-07-13
9211,18257,flagship,gold,24193,2022-02-14
9212,18260,express,silver,3472,2025-10-02
9213,18261,standard,bronze,34130,2023-05-25
9214,18267,flagship,bronze,2174,2026-04-30
9215,18271,flagship,gold,9493,2022-02-14
9216,18273,standard,bronze,8357,2019-07-06
9217,18273,flagship,bronze,29005,2019-11-23
9218,18274,flagship,gold,14833,2022-09-10
9219,18275,express,bronze,35596,2019-05-24
9220,18275,flagship,bronze,2583,2024-09-05
9221,18277,standard,bronze,698,2025-03-27
9222,18282,standard,bronze,20262,2022-11-11
9223,18282,express,silver,16352,2022-02-16
9224,18285,flagship,bronze,13345,2024-06-04
9225,18291,flagship,gold,2848,2020-06-25
9226,18292,express,silver,9251,2020-02-15
9227,18293,express,bronze,18180,2023-12-15
9228,18295,express,silver,6615,2022-11-11
9229,18296,express,bronze,41976,2024-08-27
9230,18297,standard,bronze,20318,2025-03-20
9231,18300,online,silver,37455,2026-01-13
9232,18302,flagship,bronze,34413,2021-01-23
9233,18305,online,silver,27342,2022-09-06
9234,18307,online,platinum,14861,2024-07-24
9235,18310,standard,bronze,24450,2021-06-06
9236,18311,online,gold,7924,2022-05-15
9237,18312,standard,silver,5932,2020-01-07
9238,18314,flagship,bronze,9595,2021-11-11
9239,18318,online,bronze,19783,2021-02-25
9240,18319,flagship,gold,13701,2026-01-31
9241,18320,online,bronze,18841,2025-09-01
9242,18320,express,bronze,42257,2022-09-02
9243,18321,online,silver,37363,2020-04-21
9244,18322,standard,silver,42214,2025-01-05
9245,18327,standard,bronze,36666,2021-11-30
9246,18327,online,silver,15637,2020-02-25
9247,18330,online,silver,34973,2025-07-17
9248,18333,flagship,silver,26094,2025-02-10
9249,18334,flagship,silver,32714,2021-12-18
9250,18338,flagship,silver,21692,2022-11-10
9251,18341,online,gold,3127,2022-06-09
9252,18341,flagship,bronze,11065,2020-11-24
9253,18342,flagship,bronze,37833,2021-07-25
9254,18343,standard,gold,36989,2020-06-13
9255,18355,standard,silver,35326,2019-11-16
9256,18356,express,bronze,17775,2020-07-21
9257,18356,flagship,bronze,11010,2023-04-15
9258,18357,standard,silver,38068,2025-03-11
9259,18360,flagship,silver,36318,2025-12-20
9260,18364,online,gold,49238,2020-04-04
9261,18365,flagship,bronze,47638,2022-06-29
9262,18368,express,bronze,38634,2026-02-19
9263,18370,standard,bronze,5034,2019-01-07
9264,18371,express,bronze,31267,2022-05-29
9265,18374,online,silver,10031,2022-09-24
9266,18375,express,silver,23948,2022-03-21
9267,18376,express,gold,10786,2020-03-25
9268,18377,express,bronze,19666,2019-03-14
9269,18378,online,bronze,32279,2023-02-02
9270,18379,online,silver,18925,2025-09-11
9271,18380,standard,silver,22990,2021-11-27
9272,18385,flagship,bronze,16336,2023-02-25
9273,18388,flagship,gold,9199,2024-12-20
9274,18389,standard,silver,16059,2024-07-20
9275,18389,online,platinum,37144,2021-10-24
9276,18391,standard,bronze,39151,2021-09-01
9277,18393,online,bronze,48693,2021-03-01
9278,18396,express,gold,10267,2024-07-31
9279,18397,online,bronze,46825,2021-06-27
9280,18398,express,bronze,5955,2024-12-24
9281,18399,online,bronze,47586,2025-04-29
9282,18399,flagship,silver,33480,2022-11-03
9283,18400,standard,bronze,5155,2022-12-01
9284,18406,flagship,silver,29503,2019-01-01
9285,18407,online,bronze,14134,2019-08-10
9286,18408,flagship,silver,18397,2020-10-08
9287,18412,standard,bronze,41279,2019-01-31
9288,18415,flagship,bronze,40765,2020-02-10
9289,18416,standard,bronze,9889,2026-04-26
9290,18416,online,bronze,39435,2022-09-26
9291,18419,standard,silver,4351,2019-11-28
9292,18423,online,bronze,39932,2026-04-22
9293,18430,standard,silver,27443,2022-07-16
9294,18430,online,bronze,47502,2019-02-16
9295,18435,standard,bronze,3850,2022-06-02
9296,18438,flagship,bronze,34772,2020-09-25
9297,18441,express,gold,3051,2023-09-30
9298,18445,flagship,silver,23624,2022-03-09
9299,18445,online,gold,16656,2026-02-24
9300,18446,flagship,bronze,36202,2023-07-11
9301,18447,express,bronze,19560,2024-10-22
9302,18448,express,silver,10939,2019-04-30
9303,18452,online,silver,37759,2021-12-24
9304,18453,standard,bronze,31800,2026-01-10
9305,18455,flagship,bronze,4195,2020-01-06
9306,18456,online,gold,39738,2021-04-08
9307,18457,flagship,gold,7840,2023-10-20
9308,18459,express,bronze,10369,2025-10-07
9309,18459,flagship,platinum,22792,2022-09-13
9310,18462,online,bronze,34133,2022-12-07
9311,18463,express,silver,5637,2021-11-12
9312,18464,standard,bronze,18963,2021-09-19
9313,18465,express,bronze,36076,2023-07-03
9314,18471,online,bronze,12289,2020-05-31
9315,18471,flagship,bronze,13430,2023-06-04
9316,18473,flagship,silver,42952,2019-10-14
9317,18477,flagship,platinum,25835,2019-03-05
9318,18480,flagship,silver,9374,2019-02-01
9319,18482,flagship,gold,25998,2019-05-15
9320,18485,online,bronze,29182,2022-10-10
9321,18488,standard,gold,23391,2026-05-01
9322,18489,standard,bronze,3515,2024-04-29
9323,18491,express,silver,1706,2024-01-06
9324,18492,flagship,silver,17560,2020-08-29
9325,18494,express,gold,37607,2019-11-11
9326,18495,express,platinum,30618,2023-10-09
9327,18496,express,gold,8842,2022-08-22
9328,18497,standard,bronze,48306,2022-09-03
9329,18497,flagship,bronze,49549,2025-06-18
9330,18499,online,bronze,12452,2024-02-12
9331,18501,express,bronze,15070,2023-04-08
9332,18505,express,silver,40350,2021-08-23
9333,18509,online,platinum,16361,2024-10-17
9334,18510,standard,bronze,34608,2025-12-22
9335,18512,online,bronze,19316,2021-12-21
9336,18515,standard,bronze,43774,2020-02-24
9337,18525,standard,bronze,2154,2020-05-24
9338,18527,online,silver,36223,2023-07-07
9339,18528,online,silver,48507,2025-05-14
9340,18533,flagship,bronze,21208,2020-08-16
9341,18535,standard,bronze,26956,2026-01-18
9342,18535,express,bronze,38631,2022-12-20
9343,18543,flagship,gold,18732,2026-03-05
9344,18545,online,bronze,23482,2020-06-22
9345,18545,express,bronze,14069,2021-10-28
9346,18548,online,silver,4033,2020-03-21
9347,18549,online,bronze,31428,2024-08-16
9348,18552,standard,bronze,48503,2020-07-31
9349,18553,express,silver,44468,2023-06-25
9350,18555,online,bronze,14718,2019-02-18
9351,18559,standard,gold,20309,2022-03-03
9352,18560,flagship,bronze,18032,2021-11-19
9353,18561,standard,bronze,30955,2019-12-28
9354,18572,flagship,silver,33640,2022-05-26
9355,18573,standard,silver,40930,2019-11-20
9356,18575,standard,bronze,21655,2024-12-01
9357,18578,standard,bronze,17734,2025-01-27
9358,18581,online,bronze,38339,2021-11-29
9359,18582,standard,bronze,33546,2019-09-05
9360,18582,flagship,bronze,5203,2023-02-24
9361,18585,flagship,silver,34001,2019-11-06
9362,18586,express,bronze,27670,2026-05-07
9363,18587,online,silver,20043,2024-06-29
9364,18593,flagship,bronze,34125,2023-05-13
9365,18596,express,silver,48799,2025-08-17
9366,18596,standard,platinum,9553,2025-02-14
9367,18599,standard,bronze,17851,2025-09-24
9368,18600,flagship,silver,14215,2021-05-27
9369,18603,online,bronze,11371,2025-10-11
9370,18603,express,gold,31048,2021-10-15
9371,18604,flagship,bronze,46225,2020-10-20
9372,18605,online,gold,46263,2026-01-21
9373,18606,online,silver,17636,2021-07-22
9374,18608,standard,bronze,47587,2025-05-13
9375,18610,flagship,bronze,6808,2024-11-06
9376,18611,online,gold,42595,2020-03-15
9377,18612,flagship,gold,47369,2025-11-06
9378,18614,online,bronze,46750,2023-02-05
9379,18615,online,bronze,26932,2021-02-27
9380,18616,online,silver,20664,2020-06-12
9381,18616,express,silver,23989,2024-06-11
9382,18617,express,bronze,42160,2024-09-19
9383,18618,express,bronze,4680,2024-09-04
9384,18619,express,bronze,27686,2021-12-13
9385,18619,standard,silver,16579,2022-04-21
9386,18621,standard,gold,14590,2019-04-13
9387,18622,flagship,bronze,46613,2022-06-02
9388,18624,online,bronze,31775,2021-06-04
9389,18625,express,bronze,48821,2022-06-21
9390,18629,standard,silver,6563,2024-02-06
9391,18631,online,platinum,18048,2021-02-02
9392,18631,express,silver,49744,2023-04-12
9393,18635,online,bronze,42579,2023-09-24
9394,18636,flagship,bronze,22696,2019-12-08
9395,18639,flagship,gold,13170,2023-02-06
9396,18646,online,bronze,13583,2022-08-30
9397,18646,standard,bronze,27447,2019-03-28
9398,18650,express,silver,22101,2019-05-06
9399,18651,express,silver,18735,2020-08-05
9400,18652,flagship,platinum,18501,2024-01-19
9401,18657,online,bronze,17940,2022-04-03
9402,18659,standard,silver,25963,2023-03-10
9403,18662,online,bronze,901,2019-05-16
9404,18664,online,bronze,27022,2020-12-01
9405,18667,standard,bronze,609,2020-09-12
9406,18668,standard,silver,11198,2019-01-14
9407,18668,online,bronze,30635,2025-03-16
9408,18669,express,silver,48553,2021-08-03
9409,18675,online,silver,15079,2019-05-19
9410,18675,flagship,silver,31733,2024-01-08
9411,18682,flagship,bronze,19884,2026-06-28
9412,18684,standard,gold,49030,2022-01-18
9413,18684,flagship,gold,5603,2026-06-02
9414,18685,flagship,bronze,2863,2020-10-04
9415,18687,standard,bronze,76,2023-05-09
9416,18690,flagship,silver,46201,2021-10-29
9417,18693,flagship,silver,43752,2025-07-08
9418,18696,online,bronze,4606,2023-04-22
9419,18697,online,silver,35287,2023-01-02
9420,18701,flagship,bronze,43634,2025-12-09
9421,18703,standard,bronze,7952,2025-05-24
9422,18704,standard,bronze,20440,2022-09-08
9423,18704,express,silver,47856,2021-01-26
9424,18707,online,bronze,21948,2024-09-11
9425,18709,standard,bronze,20387,2019-10-24
9426,18711,online,bronze,5737,2019-02-23
9427,18712,standard,silver,41476,2024-08-27
9428,18712,online,bronze,10447,2019-10-10
9429,18713,flagship,bronze,28442,2019-11-21
9430,18714,online,platinum,41163,2019-05-03
9431,18716,standard,bronze,16656,2021-07-02
9432,18720,standard,gold,15152,2022-12-02
9433,18721,standard,bronze,25247,2019-03-13
9434,18722,standard,bronze,30339,2025-09-05
9435,18724,express,bronze,45663,2022-04-15
9436,18725,express,silver,24941,2025-04-25
9437,18728,standard,bronze,32601,2019-03-17
9438,18729,standard,bronze,8702,2020-11-17
9439,18735,express,bronze,40322,2020-06-10
9440,18737,online,bronze,44213,2025-08-31
9441,18737,standard,bronze,31752,2025-04-23
9442,18738,express,bronze,33224,2024-07-05
9443,18740,standard,bronze,18415,2021-07-19
9444,18743,standard,bronze,3339,2023-10-06
9445,18744,online,silver,2086,2024-01-15
9446,18746,express,bronze,39766,2020-07-15
9447,18748,express,silver,48941,2024-07-05
9448,18750,express,platinum,8516,2026-05-29
9449,18751,standard,silver,9050,2024-12-27
9450,18753,flagship,platinum,3811,2026-05-28
9451,18754,express,bronze,14763,2024-11-30
9452,18755,express,bronze,15280,2021-11-24
9453,18757,standard,silver,21507,2021-05-13
9454,18757,online,bronze,23280,2021-10-30
9455,18758,express,silver,36637,2026-05-02
9456,18759,online,bronze,40959,2019-04-18
9457,18760,express,silver,30226,2021-08-11
9458,18764,flagship,silver,20004,2021-09-13
9459,18764,online,bronze,21535,2026-03-06
9460,18765,express,silver,29180,2020-07-22
9461,18766,standard,gold,27935,2025-12-12
9462,18766,express,bronze,29410,2022-11-04
9463,18767,standard,bronze,37773,2020-06-01
9464,18768,express,bronze,7142,2022-01-22
9465,18772,standard,silver,13692,2026-03-20
9466,18773,standard,bronze,19216,2021-09-23
9467,18774,online,gold,38358,2020-07-20
9468,18777,flagship,bronze,39699,2019-03-19
9469,18778,express,bronze,24783,2021-12-18
9470,18779,standard,bronze,47081,2024-03-18
9471,18783,flagship,bronze,45081,2024-03-05
9472,18788,standard,gold,28590,2024-09-16
9473,18792,flagship,bronze,31769,2023-03-09
9474,18793,express,bronze,23697,2020-06-10
9475,18795,standard,bronze,33167,2025-10-18
9476,18795,online,bronze,25565,2023-04-17
9477,18796,express,bronze,32764,2021-09-16
9478,18798,flagship,bronze,17263,2019-10-09
9479,18798,express,bronze,47443,2022-05-26
9480,18803,flagship,bronze,41028,2022-08-09
9481,18807,express,silver,42419,2026-02-22
9482,18808,express,bronze,46042,2019-06-16
9483,18813,standard,bronze,40280,2021-02-11
9484,18819,standard,bronze,15684,2024-06-20
9485,18819,flagship,bronze,49539,2021-04-17
9486,18820,express,silver,43463,2020-03-06
9487,18825,flagship,bronze,42603,2023-04-09
9488,18829,flagship,bronze,18657,2023-11-17
9489,18830,online,bronze,7560,2019-09-14
9490,18831,standard,silver,43085,2019-07-16
9491,18833,flagship,gold,40172,2025-04-18
9492,18833,standard,silver,30760,2025-02-11
9493,18838,express,bronze,17594,2022-08-08
9494,18839,standard,bronze,20596,2020-04-13
9495,18840,flagship,silver,44665,2024-09-26
9496,18841,online,gold,38726,2021-09-08
9497,18842,flagship,silver,31833,2022-01-07
9498,18842,online,bronze,37844,2022-12-29
9499,18843,online,gold,39855,2026-04-09
9500,18843,flagship,bronze,28679,2022-11-26
9501,18844,express,bronze,9254,2024-02-02
9502,18845,flagship,bronze,27431,2021-06-02
9503,18847,express,platinum,19528,2021-08-03
9504,18848,express,bronze,14306,2025-02-04
9505,18850,online,bronze,787,2025-01-14
9506,18851,online,bronze,28667,2019-04-02
9507,18852,express,gold,43555,2026-03-02
9508,18856,express,bronze,36048,2021-07-11
9509,18857,standard,silver,341,2024-05-23
9510,18857,express,bronze,49801,2026-05-17
9511,18858,flagship,silver,14196,2026-02-27
9512,18859,express,bronze,15597,2021-05-27
9513,18862,standard,gold,11083,2021-12-18
9514,18863,express,silver,44571,2020-10-27
9515,18866,flagship,gold,4974,2024-09-26
9516,18871,express,bronze,1804,2025-05-17
9517,18872,standard,gold,12391,2024-05-05
9518,18874,online,silver,15990,2026-02-15
9519,18876,standard,silver,15944,2023-06-12
9520,18877,express,bronze,11072,2025-09-22
9521,18879,online,gold,43858,2022-03-13
9522,18879,standard,silver,29448,2019-11-14
9523,18880,express,bronze,42231,2025-12-21
9524,18881,flagship,platinum,23380,2020-11-14
9525,18884,standard,bronze,7442,2022-02-17
9526,18886,express,platinum,48983,2022-07-14
9527,18887,online,silver,45619,2019-04-11
9528,18888,flagship,bronze,11527,2025-10-10
9529,18888,express,gold,34171,2025-12-15
9530,18889,flagship,bronze,48402,2020-10-29
9531,18891,flagship,bronze,18478,2019-03-01
9532,18894,online,silver,20373,2021-12-07
9533,18895,express,silver,20795,2023-06-19
9534,18896,standard,bronze,28578,2019-07-29
9535,18898,express,bronze,41377,2019-05-19
9536,18900,standard,platinum,29353,2024-06-26
9537,18901,express,platinum,18150,2023-01-22
9538,18909,online,silver,28266,2022-02-08
9539,18910,standard,bronze,42980,2025-02-06
9540,18913,flagship,silver,39808,2023-10-06
9541,18914,express,silver,15414,2021-06-08
9542,18917,online,bronze,34155,2024-09-27
9543,18918,flagship,bronze,40524,2025-09-02
9544,18920,express,bronze,6412,2025-12-15
9545,18920,online,bronze,31104,2022-04-03
9546,18922,online,bronze,28557,2024-05-04
9547,18927,express,silver,12670,2023-06-20
9548,18930,standard,bronze,19312,2020-05-29
9549,18933,flagship,bronze,33996,2020-06-04
9550,18936,online,silver,238,2025-11-15
9551,18936,standard,platinum,48546,2024-08-12
9552,18938,express,silver,42910,2021-07-23
9553,18939,flagship,bronze,25535,2019-10-17
9554,18942,flagship,bronze,46380,2021-06-25
9555,18943,online,bronze,3031,2021-02-22
9556,18945,flagship,gold,6945,2025-09-13
9557,18948,online,bronze,35040,2022-05-17
9558,18950,online,silver,41048,2019-11-17
9559,18955,online,platinum,5913,2022-04-21
9560,18957,online,bronze,47671,2024-07-17
9561,18961,standard,bronze,2105,2025-09-06
9562,18964,standard,gold,12519,2024-07-17
9563,18965,standard,bronze,43649,2021-09-22
9564,18967,flagship,silver,12299,2023-10-06
9565,18969,online,bronze,27952,2023-07-23
9566,18970,online,gold,48100,2022-04-18
9567,18971,online,gold,16263,2019-07-10
9568,18972,flagship,bronze,607,2020-07-12
9569,18973,online,gold,14704,2022-04-08
9570,18974,online,bronze,35167,2019-02-27
9571,18975,standard,bronze,28626,2024-08-28
9572,18975,online,silver,47045,2021-03-29
9573,18982,express,bronze,33757,2026-06-10
9574,18984,express,silver,12511,2026-05-10
9575,18984,standard,bronze,43194,2021-03-20
9576,18987,standard,silver,20310,2023-01-14
9577,18989,standard,bronze,48451,2025-10-13
9578,18991,standard,bronze,45887,2024-11-27
9579,18992,flagship,bronze,17918,2024-09-14
9580,18993,express,platinum,48810,2024-05-04
9581,18994,standard,bronze,17523,2025-07-17
9582,18996,online,silver,4735,2025-11-24
9583,18996,express,platinum,8645,2022-03-09
9584,18997,flagship,bronze,36390,2022-10-27
9585,19001,flagship,silver,45756,2020-11-16
9586,19002,standard,silver,30100,2025-03-05
9587,19002,online,silver,21012,2023-09-02
9588,19003,online,silver,29424,2024-03-13
9589,19006,flagship,silver,20280,2024-05-12
9590,19006,online,bronze,40077,2025-07-22
9591,19008,standard,bronze,29735,2022-10-20
9592,19009,flagship,bronze,16525,2021-10-20
9593,19009,standard,gold,16892,2025-10-02
9594,19011,online,bronze,3736,2019-09-01
9595,19016,express,silver,20881,2023-04-15
9596,19018,standard,bronze,42960,2020-03-21
9597,19021,express,bronze,13994,2023-05-26
9598,19022,express,bronze,28185,2025-11-20
9599,19023,flagship,bronze,35769,2022-01-22
9600,19023,online,bronze,6591,2023-02-05
9601,19029,express,bronze,20958,2019-11-15
9602,19030,online,bronze,37778,2024-05-24
9603,19030,standard,bronze,45978,2019-03-15
9604,19034,flagship,bronze,32506,2019-08-25
9605,19038,express,bronze,35194,2022-02-10
9606,19039,express,silver,18942,2025-10-06
9607,19043,express,silver,41825,2024-08-11
9608,19044,express,bronze,1013,2019-08-18
9609,19046,flagship,gold,5729,2024-06-16
9610,19047,flagship,gold,37483,2024-12-28
9611,19049,standard,gold,36170,2025-08-05
9612,19050,flagship,bronze,7023,2020-04-03
9613,19051,online,bronze,11759,2026-04-29
9614,19052,online,bronze,36050,2023-05-05
9615,19053,standard,platinum,45907,2023-04-07
9616,19054,standard,silver,20768,2024-06-30
9617,19054,online,silver,49580,2025-06-15
9618,19056,standard,bronze,8833,2023-03-31
9619,19056,flagship,silver,30583,2024-08-20
9620,19057,online,gold,8879,2024-08-13
9621,19058,flagship,bronze,4545,2020-03-18
9622,19058,online,silver,35023,2023-03-16
9623,19060,flagship,bronze,6992,2019-05-04
9624,19063,standard,silver,25048,2023-03-29
9625,19064,flagship,gold,10916,2022-06-28
9626,19065,standard,silver,3321,2021-11-24
9627,19067,standard,bronze,40474,2025-08-07
9628,19068,standard,silver,40615,2021-02-05
9629,19068,flagship,silver,13453,2023-07-16
9630,19069,express,bronze,29861,2026-06-10
9631,19073,flagship,silver,21424,2025-06-11
9632,19080,flagship,bronze,41273,2020-11-02
9633,19083,standard,bronze,21911,2023-02-07
9634,19084,express,bronze,43130,2024-04-04
9635,19086,express,silver,10555,2020-02-07
9636,19089,online,silver,28059,2020-05-17
9637,19090,standard,silver,25181,2019-02-28
9638,19093,express,silver,11374,2023-02-17
9639,19094,flagship,silver,2782,2025-10-17
9640,19095,online,bronze,16558,2021-12-05
9641,19096,standard,silver,29878,2025-04-28
9642,19100,online,bronze,34893,2021-06-26
9643,19102,online,gold,11734,2022-08-06
9644,19103,express,silver,44934,2022-10-28
9645,19104,flagship,bronze,6353,2025-11-05
9646,19110,express,silver,288,2023-01-26
9647,19111,standard,bronze,2726,2022-12-10
9648,19114,flagship,bronze,29582,2020-04-23
9649,19115,express,silver,19822,2026-02-07
9650,19116,flagship,gold,17865,2022-11-21
9651,19122,express,silver,23940,2025-02-16
9652,19122,flagship,bronze,5371,2021-11-20
9653,19123,online,platinum,29268,2019-07-21
9654,19124,flagship,bronze,17260,2024-02-22
9655,19125,online,bronze,49864,2024-05-22
9656,19126,online,silver,11790,2025-08-29
9657,19127,flagship,bronze,19843,2024-08-25
9658,19128,online,silver,29056,2021-09-24
9659,19131,express,gold,43538,2026-01-29
9660,19133,standard,silver,45107,2026-03-13
9661,19135,flagship,gold,49325,2024-02-13
9662,19136,flagship,silver,40865,2023-06-01
9663,19137,flagship,bronze,43183,2023-09-12
9664,19140,standard,silver,39869,2025-10-04
9665,19142,standard,bronze,8840,2020-12-18
9666,19142,express,bronze,40063,2026-04-05
9667,19145,flagship,bronze,31429,2019-03-14
9668,19147,standard,bronze,26363,2020-04-21
9669,19149,express,bronze,36305,2024-11-27
9670,19151,express,bronze,36858,2021-02-28
9671,19152,online,bronze,24677,2025-05-17
9672,19154,express,silver,46924,2023-06-14
9673,19156,online,silver,47852,2021-11-15
9674,19157,express,bronze,46196,2021-05-30
9675,19163,online,bronze,37674,2020-08-04
9676,19165,standard,silver,13319,2025-05-23
9677,19168,standard,silver,42436,2020-07-27
9678,19172,flagship,silver,8886,2025-08-02
9679,19173,online,bronze,29223,2026-01-03
9680,19174,flagship,bronze,32441,2023-03-05
9681,19175,standard,bronze,3066,2022-01-23
9682,19176,standard,bronze,28808,2023-08-14
9683,19177,flagship,gold,3500,2023-12-16
9684,19178,flagship,bronze,40124,2022-04-08
9685,19179,standard,bronze,35426,2024-07-20
9686,19180,online,bronze,39251,2025-07-02
9687,19181,express,silver,29999,2022-06-29
9688,19181,standard,bronze,18493,2023-01-17
9689,19185,express,bronze,21298,2022-06-09
9690,19191,express,bronze,37593,2025-06-29
9691,19196,express,silver,22438,2024-09-18
9692,19197,online,bronze,1198,2025-06-11
9693,19198,express,gold,3892,2026-01-07
9694,19200,standard,silver,5523,2024-03-10
9695,19201,standard,silver,10149,2023-02-12
9696,19202,online,bronze,33919,2024-05-31
9697,19202,express,gold,21184,2025-04-07
9698,19204,express,bronze,8174,2023-08-21
9699,19206,express,gold,1455,2023-12-05
9700,19207,standard,bronze,43592,2023-09-03
9701,19208,online,silver,21702,2021-03-23
9702,19209,online,bronze,13313,2024-09-09
9703,19210,flagship,silver,29524,2022-10-20
9704,19211,online,silver,35101,2021-04-17
9705,19215,standard,bronze,3084,2023-10-24
9706,19216,online,gold,18544,2022-05-05
9707,19216,flagship,bronze,18237,2020-10-09
9708,19217,online,silver,36358,2026-04-08
9709,19218,standard,bronze,27470,2022-10-18
9710,19219,online,bronze,13973,2021-11-05
9711,19221,flagship,silver,5155,2019-01-26
9712,19222,express,silver,24269,2026-02-17
9713,19222,flagship,gold,41776,2020-02-04
9714,19224,flagship,bronze,28615,2019-12-19
9715,19226,standard,bronze,45317,2021-10-12
9716,19228,online,bronze,46597,2020-07-30
9717,19229,online,bronze,12367,2026-04-26
9718,19230,express,bronze,18335,2023-08-26
9719,19230,online,bronze,33765,2025-09-24
9720,19231,express,silver,5256,2022-04-17
9721,19232,online,bronze,7858,2021-09-06
9722,19234,express,gold,28392,2023-09-10
9723,19235,online,bronze,2564,2020-06-19
9724,19236,online,bronze,44124,2024-09-24
9725,19237,flagship,bronze,3312,2024-10-18
9726,19238,online,silver,4360,2021-09-20
9727,19240,express,bronze,15203,2024-09-26
9728,19241,express,gold,22035,2023-07-26
9729,19242,online,bronze,5904,2023-01-26
9730,19243,flagship,bronze,42888,2019-02-08
9731,19245,standard,silver,43893,2025-12-31
9732,19251,online,platinum,21363,2021-03-25
9733,19255,express,gold,22011,2023-07-22
9734,19259,online,bronze,20039,2019-01-30
9735,19264,flagship,bronze,41281,2025-05-06
9736,19267,flagship,silver,622,2026-04-25
9737,19269,standard,bronze,49407,2025-09-23
9738,19270,standard,silver,13150,2020-07-01
9739,19270,express,bronze,36224,2026-05-28
9740,19271,flagship,silver,28316,2022-12-27
9741,19272,express,gold,17637,2021-04-16
9742,19273,standard,bronze,46491,2024-08-25
9743,19275,standard,gold,11773,2019-11-20
9744,19282,express,silver,39764,2023-12-21
9745,19282,online,bronze,45227,2019-06-21
9746,19284,flagship,gold,44730,2019-07-25
9747,19286,standard,bronze,25024,2022-01-16
9748,19292,standard,silver,35341,2021-04-02
9749,19293,flagship,bronze,29133,2022-10-03
9750,19294,express,silver,20005,2020-01-16
9751,19295,online,bronze,13005,2022-04-09
9752,19298,online,silver,34351,2023-06-05
9753,19306,express,bronze,20931,2026-03-09
9754,19313,online,gold,13334,2023-03-24
9755,19315,standard,bronze,29968,2019-03-22
9756,19317,flagship,platinum,34966,2023-06-21
9757,19320,online,silver,20426,2021-12-30
9758,19321,standard,silver,31793,2024-06-30
9759,19321,flagship,gold,21471,2021-10-24
9760,19323,flagship,bronze,9735,2022-06-17
9761,19327,online,silver,11571,2025-12-21
9762,19331,flagship,silver,49217,2024-06-06
9763,19333,standard,bronze,18171,2023-12-16
9764,19334,express,bronze,33112,2020-08-19
9765,19340,flagship,silver,40692,2025-05-06
9766,19343,standard,silver,9151,2019-05-25
9767,19351,flagship,silver,13433,2025-12-11
9768,19353,flagship,bronze,42230,2025-12-29
9769,19356,express,bronze,4623,2019-07-07
9770,19356,flagship,silver,14512,2019-06-15
9771,19357,express,bronze,39815,2021-04-14
9772,19358,online,gold,42892,2024-05-14
9773,19360,flagship,gold,13276,2021-03-01
9774,19363,online,silver,1398,2019-09-29
9775,19364,express,silver,36648,2023-10-20
9776,19365,flagship,gold,29350,2020-01-25
9777,19367,express,gold,11802,2024-07-03
9778,19368,online,silver,46630,2022-07-08
9779,19369,standard,silver,41412,2021-03-25
9780,19370,express,silver,45268,2020-06-28
9781,19372,express,silver,46173,2025-01-17
9782,19373,flagship,bronze,48236,2024-08-01
9783,19374,flagship,silver,48718,2019-10-28
9784,19376,express,bronze,41355,2019-11-10
9785,19381,standard,silver,8904,2025-06-24
9786,19382,online,silver,38818,2021-11-19
9787,19383,online,gold,48872,2021-02-05
9788,19387,online,bronze,31026,2022-06-26
9789,19387,express,bronze,16992,2024-11-25
9790,19389,standard,bronze,45385,2025-05-24
9791,19390,standard,gold,29402,2024-04-24
9792,19393,express,bronze,2411,2026-01-17
9793,19398,online,bronze,46026,2021-09-13
9794,19402,standard,platinum,33249,2022-05-27
9795,19410,standard,platinum,34197,2020-12-16
9796,19414,express,bronze,3216,2020-01-19
9797,19415,express,bronze,22301,2022-07-15
9798,19417,online,platinum,19467,2022-09-16
9799,19423,express,silver,34056,2019-08-08
9800,19423,standard,gold,33036,2020-02-06
9801,19427,flagship,silver,41345,2020-08-14
9802,19428,express,silver,38360,2020-01-21
9803,19429,flagship,bronze,8386,2025-08-20
9804,19436,online,platinum,4849,2021-12-17
9805,19437,standard,silver,33905,2021-12-02
9806,19439,online,bronze,9442,2021-12-24
9807,19448,online,silver,4611,2024-12-30
9808,19451,standard,bronze,31980,2021-05-22
9809,19451,flagship,gold,48624,2023-07-18
9810,19452,express,silver,4811,2020-07-07
9811,19453,flagship,bronze,1250,2021-05-02
9812,19455,flagship,bronze,45165,2025-10-19
9813,19456,standard,bronze,5144,2024-09-09
9814,19457,flagship,bronze,14825,2020-03-30
9815,19458,standard,bronze,5890,2019-02-25
9816,19461,express,bronze,34061,2024-03-02
9817,19462,standard,silver,8875,2019-11-15
9818,19470,express,bronze,44831,2022-06-13
9819,19474,standard,bronze,1095,2019-07-03
9820,19476,flagship,bronze,24930,2024-03-01
9821,19476,express,silver,44813,2024-11-29
9822,19477,flagship,silver,42487,2024-05-27
9823,19479,standard,bronze,2064,2024-05-24
9824,19481,online,bronze,31138,2023-12-10
9825,19482,express,silver,11659,2021-10-07
9826,19484,flagship,gold,11553,2020-05-05
9827,19484,online,bronze,21403,2020-09-26
9828,19488,standard,silver,29357,2023-12-14
9829,19489,online,bronze,15720,2019-02-12
9830,19489,standard,bronze,16411,2020-02-27
9831,19495,flagship,bronze,28937,2022-03-06
9832,19498,online,silver,10516,2025-07-23
9833,19498,express,bronze,24456,2020-04-18
9834,19500,standard,bronze,42232,2025-04-19
9835,19502,express,bronze,1896,2024-05-26
9836,19502,online,bronze,35585,2023-05-11
9837,19503,online,silver,13136,2019-07-27
9838,19503,standard,bronze,49077,2025-02-23
9839,19507,express,bronze,19881,2024-04-05
9840,19509,express,bronze,48696,2019-09-21
9841,19510,online,gold,22489,2026-02-18
9842,19512,flagship,bronze,32739,2021-05-21
9843,19512,express,silver,49585,2025-03-16
9844,19514,standard,silver,42725,2024-10-22
9845,19515,express,bronze,20192,2021-06-04
9846,19515,standard,bronze,46488,2024-11-30
9847,19521,express,silver,20860,2024-01-14
9848,19524,standard,silver,13749,2022-06-11
9849,19530,express,gold,12442,2019-05-16
9850,19531,express,silver,32825,2025-08-01
9851,19531,online,platinum,11243,2024-10-08
9852,19539,express,bronze,42831,2026-02-12
9853,19542,standard,bronze,47808,2023-11-01
9854,19544,online,bronze,33408,2022-08-28
9855,19545,online,bronze,3753,2025-07-23
9856,19546,standard,bronze,9669,2025-10-09
9857,19550,online,silver,34546,2019-07-07
9858,19551,flagship,bronze,3287,2024-12-03
9859,19554,online,silver,35530,2024-01-30
9860,19554,flagship,bronze,37112,2021-09-05
9861,19556,flagship,silver,389,2021-07-01
9862,19558,online,bronze,49474,2020-04-07
9863,19558,standard,bronze,40580,2022-02-14
9864,19559,online,bronze,39957,2022-11-19
9865,19560,standard,bronze,36535,2024-06-23
9866,19561,express,bronze,15493,2024-10-15
9867,19561,online,bronze,5978,2025-11-29
9868,19564,flagship,silver,29334,2022-02-05
9869,19568,standard,bronze,30436,2025-05-25
9870,19569,flagship,bronze,25620,2024-09-07
9871,19579,flagship,bronze,46957,2020-10-11
9872,19580,flagship,gold,39139,2022-06-03
9873,19583,express,silver,49931,2024-07-03
9874,19586,online,bronze,10314,2026-02-06
9875,19587,express,silver,33749,2023-09-14
9876,19593,standard,gold,39983,2021-07-16
9877,19594,online,bronze,39580,2022-06-26
9878,19594,standard,bronze,37144,2022-05-28
9879,19595,express,bronze,36225,2022-11-01
9880,19595,flagship,silver,2164,2025-05-16
9881,19596,standard,bronze,32007,2025-03-29
9882,19597,express,platinum,17122,2019-03-07
9883,19601,online,silver,37978,2024-05-09
9884,19602,standard,silver,11465,2024-01-06
9885,19602,flagship,bronze,37209,2023-01-25
9886,19603,standard,silver,46186,2020-07-27
9887,19603,online,bronze,13188,2021-07-17
9888,19604,online,bronze,2834,2025-02-05
9889,19609,express,platinum,22145,2019-08-14
9890,19610,express,silver,31576,2025-10-31
9891,19611,standard,bronze,4554,2025-01-26
9892,19613,online,bronze,29682,2023-02-27
9893,19615,standard,bronze,22906,2020-09-19
9894,19615,express,bronze,22324,2025-09-14
9895,19616,online,bronze,2930,2020-11-20
9896,19618,flagship,silver,29473,2023-06-08
9897,19620,express,bronze,14504,2022-11-17
9898,19620,standard,bronze,36569,2023-06-15
9899,19621,express,silver,33157,2024-03-09
9900,19622,standard,bronze,39235,2022-06-08
9901,19623,flagship,bronze,39777,2024-07-27
9902,19628,online,silver,28932,2020-12-07
9903,19630,online,bronze,10132,2023-11-11
9904,19631,standard,gold,34257,2023-02-25
9905,19631,express,bronze,670,2024-06-08
9906,19632,standard,bronze,33118,2026-03-03
9907,19633,standard,bronze,38655,2021-01-16
9908,19634,flagship,platinum,27123,2026-05-27
9909,19635,express,bronze,40844,2020-10-15
9910,19636,standard,platinum,25435,2021-11-03
9911,19637,flagship,bronze,33429,2026-05-25
9912,19638,express,bronze,46857,2021-03-10
9913,19640,flagship,bronze,3113,2019-01-17
9914,19641,express,silver,30051,2024-01-06
9915,19642,express,bronze,6011,2022-10-19
9916,19645,express,bronze,14939,2023-10-31
9917,19645,standard,bronze,12301,2021-06-22
9918,19648,standard,bronze,4858,2022-09-15
9919,19649,express,silver,34213,2021-02-05
9920,19650,flagship,bronze,42052,2021-08-04
9921,19652,flagship,silver,49117,2020-05-17
9922,19655,standard,bronze,20368,2021-09-26
9923,19655,flagship,gold,44146,2023-09-02
9924,19656,online,bronze,11183,2022-12-22
9925,19666,standard,bronze,10835,2019-09-27
9926,19669,flagship,silver,13566,2019-06-06
9927,19671,standard,bronze,33841,2023-12-11
9928,19674,flagship,bronze,48264,2019-03-20
9929,19675,standard,bronze,31050,2026-04-05
9930,19677,flagship,silver,4261,2021-07-20
9931,19679,online,platinum,27722,2025-09-01
9932,19680,express,silver,49282,2021-06-22
9933,19681,express,bronze,30725,2021-06-22
9934,19683,express,bronze,4709,2022-11-28
9935,19683,standard,silver,132,2023-07-22
9936,19686,flagship,gold,22433,2020-08-22
9937,19687,express,silver,22109,2021-01-31
9938,19689,express,bronze,46668,2025-11-11
9939,19690,express,silver,19848,2020-11-08
9940,19691,flagship,gold,25156,2019-08-21
9941,19692,online,silver,6678,2020-04-24
9942,19693,express,silver,5055,2025-06-17
9943,19696,express,bronze,31227,2024-09-19
9944,19696,standard,gold,31489,2026-01-24
9945,19700,flagship,bronze,4861,2025-03-01
9946,19701,online,bronze,24779,2022-12-13
9947,19707,online,gold,39346,2026-02-04
9948,19709,online,bronze,8084,2019-06-25
9949,19710,online,bronze,7101,2020-01-06
9950,19712,standard,gold,734,2024-12-27
9951,19713,express,bronze,8406,2025-05-29
9952,19715,online,gold,20112,2020-03-08
9953,19717,online,bronze,10659,2022-04-10
9954,19720,flagship,silver,42077,2019-08-23
9955,19721,express,gold,44333,2026-02-04
9956,19723,online,bronze,34956,2020-04-19
9957,19726,standard,bronze,34995,2019-06-06
9958,19727,express,silver,26246,2021-12-26
9959,19731,online,silver,45215,2022-07-06
9960,19732,express,silver,47867,2022-09-21
9961,19737,flagship,bronze,22121,2019-11-14
9962,19738,online,bronze,48911,2024-10-01
9963,19738,standard,bronze,16700,2023-08-19
9964,19739,flagship,bronze,42688,2024-05-11
9965,19744,flagship,silver,1685,2020-05-31
9966,19748,express,bronze,31388,2020-09-03
9967,19750,flagship,bronze,49482,2022-10-25
9968,19751,online,bronze,6125,2022-10-15
9969,19751,express,bronze,24126,2023-11-13
9970,19754,express,bronze,48305,2019-06-27
9971,19756,flagship,bronze,13786,2025-07-13
9972,19759,standard,silver,4931,2022-10-06
9973,19759,flagship,bronze,25314,2021-01-25
9974,19762,flagship,bronze,29802,2022-10-09
9975,19765,standard,silver,44882,2020-05-08
9976,19765,online,silver,23498,2020-10-28
9977,19766,flagship,silver,2452,2021-01-27
9978,19766,standard,silver,4317,2023-05-01
9979,19772,standard,bronze,49351,2025-08-30
9980,19776,standard,silver,41949,2025-11-07
9981,19779,express,bronze,21868,2019-08-14
9982,19781,online,gold,34580,2024-10-03
9983,19783,online,bronze,9362,2026-02-05
9984,19784,standard,silver,4119,2022-03-27
9985,19786,standard,silver,6402,2019-12-31
9986,19788,online,silver,5687,2022-05-21
9987,19793,online,bronze,35864,2023-01-01
9988,19797,standard,bronze,49554,2026-04-08
9989,19798,flagship,bronze,24502,2022-06-20
9990,19804,express,silver,10322,2022-10-20
9991,19805,online,platinum,36520,2019-03-27
9992,19806,flagship,bronze,36686,2020-02-14
9993,19809,flagship,gold,8504,2025-11-19
9994,19809,standard,bronze,3350,2025-03-11
9995,19810,online,bronze,13049,2019-02-18
9996,19811,online,bronze,44695,2025-06-10
9997,19812,flagship,bronze,23682,2022-11-16
9998,19815,online,bronze,49372,2025-06-04
9999,19815,flagship,silver,29615,2026-01-24
10000,19817,standard,bronze,13549,2025-05-20
10001,19818,express,silver,24106,2019-07-28
10002,19819,standard,bronze,25210,2026-04-28
10003,19820,flagship,bronze,37228,2019-01-22
10004,19823,flagship,gold,1147,2019-02-09
10005,19824,flagship,bronze,33512,2023-09-05
10006,19827,express,platinum,31807,2024-09-18
10007,19828,online,bronze,11785,2019-05-20
10008,19828,express,silver,42069,2022-11-23
10009,19829,flagship,gold,39495,2019-07-05
10010,19829,express,gold,49113,2019-01-24
10011,19833,express,bronze,11691,2024-12-28
10012,19834,standard,bronze,10256,2025-09-03
10013,19836,standard,silver,16207,2025-12-20
10014,19842,standard,silver,29466,2019-05-17
10015,19842,online,gold,22114,2024-01-26
10016,19843,flagship,bronze,22326,2019-12-20
10017,19844,flagship,silver,36538,2025-08-14
10018,19845,express,silver,71,2023-06-15
10019,19847,express,bronze,20866,2019-07-14
10020,19850,flagship,bronze,5047,2020-01-31
10021,19855,standard,bronze,4424,2022-05-04
10022,19857,express,silver,41088,2020-09-17
10023,19860,online,silver,12002,2023-01-30
10024,19862,flagship,bronze,8986,2021-12-02
10025,19866,standard,bronze,31679,2021-09-11
10026,19868,flagship,bronze,18638,2025-07-02
10027,19872,express,bronze,21316,2025-10-20
10028,19874,standard,bronze,31822,2022-02-16
10029,19875,standard,silver,23272,2020-03-30
10030,19876,express,bronze,1435,2023-02-13
10031,19877,flagship,silver,27044,2025-06-22
10032,19878,flagship,bronze,16771,2022-12-09
10033,19878,online,bronze,23930,2022-11-05
10034,19880,express,silver,43841,2021-06-15
10035,19882,flagship,bronze,36392,2022-10-08
10036,19886,flagship,platinum,20107,2020-01-14
10037,19888,standard,bronze,25100,2022-07-26
10038,19894,express,bronze,24643,2026-03-17
10039,19894,flagship,gold,2888,2021-11-23
10040,19897,online,bronze,23415,2022-12-07
10041,19899,online,gold,39439,2019-07-27
10042,19901,standard,gold,6299,2019-03-07
10043,19907,online,silver,5885,2024-01-30
10044,19908,express,bronze,2560,2021-06-02
10045,19908,standard,bronze,3614,2020-07-18
10046,19911,standard,bronze,17568,2024-08-23
10047,19911,online,bronze,38585,2025-01-14
10048,19913,flagship,gold,26037,2024-01-05
10049,19914,online,bronze,8429,2021-08-01
10050,19915,flagship,gold,47864,2024-12-13
10051,19918,standard,silver,38695,2019-01-16
10052,19921,online,bronze,12612,2024-05-23
10053,19921,standard,bronze,4051,2023-10-04
10054,19922,online,bronze,23261,2026-02-11
10055,19926,standard,gold,28492,2024-09-17
10056,19930,express,bronze,1792,2019-11-16
10057,19931,online,silver,23800,2023-07-25
10058,19934,online,bronze,9252,2023-03-23
10059,19934,flagship,bronze,49940,2026-03-08
10060,19935,online,bronze,23281,2020-09-14
10061,19935,flagship,bronze,20686,2020-01-22
10062,19937,flagship,silver,48807,2019-01-26
10063,19938,express,bronze,6231,2019-01-28
10064,19938,standard,silver,44517,2026-02-12
10065,19941,online,bronze,21077,2019-04-29
10066,19944,standard,silver,16917,2021-11-25
10067,19946,online,bronze,41191,2021-06-12
10068,19948,online,silver,22550,2024-04-06
10069,19952,flagship,silver,2692,2024-10-09
10070,19954,standard,silver,29381,2024-10-01
10071,19955,express,bronze,48080,2024-05-31
10072,19957,express,gold,33969,2021-02-03
10073,19959,online,bronze,16020,2021-09-02
10074,19960,express,silver,30269,2023-05-08
10075,19962,express,bronze,37570,2023-04-11
10076,19962,standard,bronze,27312,2019-05-12
10077,19963,online,bronze,34181,2019-02-24
10078,19965,standard,bronze,6071,2023-10-05
10079,19968,online,bronze,35827,2023-04-05
10080,19969,flagship,gold,33698,2022-09-05
10081,19969,express,bronze,26789,2022-09-15
10082,19970,flagship,bronze,22529,2022-02-24
10083,19972,express,bronze,9805,2025-05-11
10084,19972,flagship,bronze,37804,2025-06-02
10085,19974,flagship,bronze,11034,2022-06-01
10086,19975,online,bronze,314,2024-07-05
10087,19977,online,bronze,19415,2020-03-03
10088,19979,flagship,bronze,27361,2021-08-05
10089,19984,standard,silver,31006,2025-03-20
10090,19984,express,bronze,16969,2026-05-04
10091,19987,flagship,bronze,25470,2019-04-06
10092,19993,online,bronze,42806,2021-07-05
10093,19994,flagship,gold,41001,2019-02-14
10094,19995,standard,gold,46314,2023-02-27
10095,19999,standard,silver,40704,2022-03-27
10096,20005,express,bronze,16398,2019-05-06
10097,20006,online,gold,18622,2022-11-20
10098,20007,express,bronze,7202,2024-02-20
10099,20017,online,bronze,32126,2020-07-24
10100,20022,online,bronze,46572,2025-10-21
10101,20029,online,silver,9039,2023-03-23
10102,20030,express,silver,12926,2020-03-05
10103,20031,flagship,bronze,43339,2025-03-29
10104,20032,flagship,silver,5676,2021-11-19
10105,20033,flagship,gold,30034,2020-09-12
10106,20035,flagship,silver,42450,2023-12-29
10107,20036,standard,bronze,28067,2021-06-24
10108,20036,flagship,bronze,16525,2021-07-05
10109,20037,express,bronze,29282,2025-12-16
10110,20037,online,bronze,47449,2019-05-24
10111,20038,standard,bronze,10268,2026-01-28
10112,20038,online,bronze,17537,2026-06-26
10113,20040,express,silver,38214,2025-10-30
10114,20041,express,silver,23107,2025-02-27
10115,20042,online,bronze,37681,2025-02-18
10116,20044,standard,silver,8598,2023-08-03
10117,20044,online,silver,32781,2023-08-21
10118,20046,express,bronze,27837,2021-12-03
10119,20051,standard,bronze,41249,2022-11-20
10120,20052,online,silver,16662,2025-03-28
10121,20053,express,bronze,29346,2024-04-11
10122,20057,standard,bronze,9675,2020-11-29
10123,20057,online,bronze,27942,2024-05-07
10124,20063,standard,silver,27494,2022-01-18
10125,20069,online,silver,10092,2020-10-10
10126,20070,flagship,silver,18907,2022-04-24
10127,20070,online,gold,24089,2023-03-17
10128,20072,flagship,bronze,49968,2022-08-29
10129,20074,standard,bronze,9137,2020-12-02
10130,20076,online,gold,690,2019-12-20
10131,20078,standard,bronze,23701,2022-09-06
10132,20079,standard,bronze,38932,2024-09-16
10133,20080,online,silver,25471,2022-08-31
10134,20083,express,bronze,40472,2025-02-28
10135,20085,flagship,silver,30155,2022-08-04
10136,20087,online,bronze,31118,2023-07-05
10137,20088,flagship,bronze,27735,2021-08-19
10138,20089,standard,bronze,33431,2022-06-29
10139,20089,express,bronze,9164,2022-11-24
10140,20091,standard,bronze,35382,2022-05-20
10141,20092,standard,silver,17660,2020-06-18
10142,20093,standard,gold,24911,2026-02-22
10143,20099,standard,bronze,27948,2022-05-04
10144,20100,flagship,bronze,45759,2025-05-06
10145,20102,express,platinum,32914,2021-03-30
10146,20103,standard,silver,26951,2021-03-28
10147,20104,express,bronze,41576,2021-07-12
10148,20105,online,silver,14688,2021-03-04
10149,20105,flagship,bronze,29804,2019-09-04
10150,20106,flagship,bronze,31345,2021-04-15
10151,20106,online,bronze,19938,2021-05-14
10152,20107,flagship,bronze,40756,2019-10-16
10153,20108,online,silver,42881,2024-01-27
10154,20113,online,silver,38147,2022-08-09
10155,20120,express,silver,14969,2025-09-11
10156,20122,online,bronze,24499,2019-05-16
10157,20124,standard,gold,14743,2025-10-04
10158,20124,online,bronze,34615,2019-06-10
10159,20129,express,bronze,13357,2023-08-06
10160,20130,flagship,silver,7013,2026-05-28
10161,20132,flagship,bronze,31981,2024-06-15
10162,20133,standard,bronze,13056,2020-04-18
10163,20136,flagship,gold,32851,2025-12-15
10164,20137,express,gold,7192,2023-10-28
10165,20138,online,bronze,46571,2024-07-09
10166,20138,standard,bronze,24006,2022-05-20
10167,20140,online,bronze,14638,2025-09-25
10168,20143,flagship,silver,4656,2025-01-14
10169,20144,online,bronze,43985,2025-07-23
10170,20144,standard,silver,29006,2025-08-25
10171,20150,online,silver,25476,2021-01-23
10172,20152,online,silver,37211,2020-12-15
10173,20155,online,bronze,35837,2023-04-19
10174,20155,standard,silver,7783,2023-11-14
10175,20159,express,bronze,29685,2023-12-01
10176,20162,online,silver,41508,2021-10-19
10177,20164,standard,bronze,12531,2021-01-19
10178,20165,standard,silver,14486,2021-05-21
10179,20168,flagship,bronze,34529,2022-09-26
10180,20169,standard,bronze,21919,2025-12-10
10181,20170,flagship,bronze,15689,2021-04-24
10182,20171,express,silver,6221,2023-04-01
10183,20173,online,silver,5392,2019-02-10
10184,20177,flagship,bronze,4635,2022-04-23
10185,20181,express,bronze,1357,2022-04-27
10186,20181,standard,bronze,40747,2026-06-29
10187,20183,online,platinum,26,2019-11-16
10188,20186,flagship,bronze,42114,2025-11-25
10189,20187,online,bronze,27750,2024-04-28
10190,20197,online,gold,32704,2020-08-16
10191,20199,standard,gold,39249,2019-08-04
10192,20205,flagship,bronze,13504,2023-06-04
10193,20205,standard,silver,48958,2024-03-23
10194,20207,express,bronze,25043,2019-02-21
10195,20211,online,bronze,36310,2025-12-14
10196,20212,online,silver,36233,2024-10-07
10197,20212,flagship,silver,30931,2025-11-29
10198,20215,flagship,bronze,42142,2020-04-11
10199,20216,standard,bronze,2989,2021-07-20
10200,20218,express,silver,22511,2025-11-11
10201,20220,standard,silver,48559,2019-09-23
10202,20221,online,bronze,25353,2021-06-26
10203,20223,flagship,silver,6494,2021-07-19
10204,20227,flagship,bronze,23364,2022-09-22
10205,20228,online,silver,23046,2025-05-29
10206,20229,express,bronze,6127,2019-02-06
10207,20232,express,silver,48167,2025-10-11
10208,20233,flagship,bronze,27185,2023-12-13
10209,20234,online,silver,17278,2020-06-16
10210,20235,flagship,silver,38117,2020-09-09
10211,20236,flagship,bronze,31123,2022-03-29
10212,20236,express,gold,24899,2025-06-15
10213,20240,express,bronze,8259,2024-09-12
10214,20241,flagship,silver,1401,2019-07-24
10215,20249,online,bronze,7324,2023-09-17
10216,20251,flagship,bronze,20628,2020-05-30
10217,20255,online,silver,48258,2021-12-18
10218,20263,flagship,silver,31303,2019-10-22
10219,20264,express,bronze,43622,2025-04-01
10220,20266,online,bronze,46192,2019-10-04
10221,20269,express,bronze,9184,2020-02-10
10222,20272,online,platinum,45119,2026-01-05
10223,20272,standard,silver,30535,2025-04-11
10224,20273,flagship,silver,30493,2020-11-06
10225,20274,flagship,silver,9301,2022-04-19
10226,20278,standard,bronze,23793,2023-06-15
10227,20278,online,silver,1619,2025-04-26
10228,20281,standard,bronze,31933,2019-04-08
10229,20283,express,bronze,17736,2024-04-30
10230,20284,online,silver,4618,2023-08-19
10231,20284,express,gold,30149,2021-12-25
10232,20286,online,bronze,9576,2020-06-01
10233,20290,flagship,bronze,49957,2020-07-14
10234,20290,standard,bronze,24423,2022-09-07
10235,20292,flagship,bronze,23143,2022-04-10
10236,20294,online,bronze,2029,2023-11-30
10237,20299,express,silver,26757,2021-06-04
10238,20300,flagship,gold,22366,2023-08-21
10239,20303,express,silver,6487,2024-09-25
10240,20309,standard,gold,5411,2024-04-04
10241,20313,online,bronze,20884,2023-05-01
10242,20314,flagship,silver,46577,2025-01-01
10243,20316,express,silver,16128,2022-11-29
10244,20316,online,platinum,850,2020-04-24
10245,20317,online,bronze,20534,2023-08-24
10246,20320,flagship,silver,44218,2019-03-01
10247,20321,standard,bronze,42559,2020-02-25
10248,20322,standard,bronze,3470,2020-03-09
10249,20325,flagship,gold,35645,2022-01-27
10250,20326,flagship,bronze,49390,2021-12-29
10251,20328,standard,bronze,19078,2025-12-22
10252,20329,online,bronze,25493,2023-11-26
10253,20336,online,bronze,10792,2023-10-07
10254,20337,flagship,silver,11782,2020-02-20
10255,20338,online,silver,16600,2024-02-07
10256,20339,online,bronze,11469,2023-04-20
10257,20343,online,bronze,5484,2025-01-30
10258,20344,flagship,bronze,42717,2021-03-25
10259,20345,standard,bronze,12218,2023-11-07
10260,20346,online,bronze,11797,2024-03-24
10261,20347,express,silver,23031,2020-12-18
10262,20364,standard,bronze,26616,2025-02-10
10263,20365,standard,bronze,44033,2023-04-27
10264,20367,standard,platinum,43401,2019-01-13
10265,20368,standard,bronze,12436,2025-06-21
10266,20368,express,bronze,19124,2025-01-28
10267,20370,flagship,silver,33047,2024-10-25
10268,20371,standard,bronze,25171,2025-10-31
10269,20374,online,bronze,21177,2022-10-07
10270,20376,standard,bronze,26844,2020-07-25
10271,20376,express,silver,8495,2026-01-23
10272,20377,flagship,bronze,47780,2019-06-19
10273,20377,standard,silver,8711,2024-03-05
10274,20379,online,gold,11310,2022-08-20
10275,20382,express,bronze,14330,2023-01-09
10276,20383,standard,bronze,43633,2024-08-26
10277,20387,express,gold,13219,2025-05-23
10278,20388,express,bronze,3620,2020-04-04
10279,20389,online,silver,559,2021-01-14
10280,20395,online,bronze,32658,2020-08-23
10281,20396,express,platinum,47718,2023-07-18
10282,20397,express,bronze,132,2019-11-05
10283,20399,express,silver,4572,2020-07-07
10284,20400,standard,silver,35839,2020-09-23
10285,20401,flagship,silver,1976,2024-10-07
10286,20403,flagship,silver,7876,2019-03-31
10287,20403,online,bronze,35603,2020-07-16
10288,20404,express,bronze,31544,2021-11-19
10289,20406,flagship,bronze,26508,2025-09-11
10290,20409,online,bronze,10797,2025-11-04
10291,20414,flagship,bronze,21642,2024-10-17
10292,20415,standard,gold,4979,2020-04-13
10293,20416,express,gold,48299,2019-03-31
10294,20418,online,silver,42072,2019-11-22
10295,20420,online,gold,473,2025-09-19
10296,20420,express,silver,17431,2022-06-29
10297,20423,flagship,gold,39074,2021-02-08
10298,20430,online,bronze,827,2019-12-04
10299,20430,flagship,silver,25428,2021-03-28
10300,20432,standard,silver,28620,2025-12-01
10301,20433,standard,bronze,21511,2024-06-30
10302,20433,flagship,bronze,43017,2021-01-02
10303,20434,flagship,silver,4577,2023-06-12
10304,20436,express,gold,21786,2023-12-24
10305,20437,flagship,silver,24090,2023-01-30
10306,20437,online,bronze,6137,2022-01-12
10307,20441,standard,bronze,22455,2019-03-08
10308,20445,online,bronze,4163,2023-12-13
10309,20450,express,silver,32761,2024-12-04
10310,20450,online,bronze,49690,2025-07-15
10311,20452,express,silver,24206,2020-07-12
10312,20453,standard,silver,27523,2022-03-19
10313,20453,express,silver,17753,2024-12-30
10314,20455,standard,gold,40365,2024-06-24
10315,20457,online,gold,35721,2023-12-10
10316,20458,flagship,bronze,35958,2026-05-23
10317,20461,online,gold,23871,2024-11-10
10318,20466,standard,bronze,44801,2021-02-05
10319,20469,online,silver,1452,2023-03-02
10320,20469,flagship,bronze,22632,2026-04-16
10321,20476,standard,silver,45907,2019-01-30
10322,20477,express,silver,32754,2024-02-08
10323,20477,flagship,gold,2686,2019-12-24
10324,20480,standard,bronze,37933,2021-06-03
10325,20482,express,silver,24803,2021-06-17
10326,20486,standard,gold,22463,2020-04-29
10327,20487,standard,bronze,13036,2020-08-25
10328,20489,online,gold,15545,2021-04-19
10329,20492,express,gold,45642,2020-01-08
10330,20495,standard,silver,11658,2023-03-08
10331,20500,online,gold,47578,2024-11-01
10332,20502,online,silver,38918,2019-07-25
10333,20502,standard,silver,32123,2022-09-19
10334,20506,express,bronze,40842,2019-01-07
10335,20508,express,gold,36349,2021-01-14
10336,20510,express,bronze,18907,2022-05-05
10337,20510,standard,platinum,39333,2021-12-17
10338,20512,flagship,bronze,23595,2023-02-24
10339,20520,standard,bronze,45813,2025-09-03
10340,20521,express,silver,28624,2021-12-18
10341,20522,standard,silver,28166,2023-12-15
10342,20523,express,silver,39758,2024-06-30
10343,20529,online,bronze,30754,2023-03-05
10344,20530,express,bronze,15039,2024-12-15
10345,20532,express,silver,21940,2019-12-05
10346,20533,express,bronze,22623,2022-11-07
10347,20535,express,silver,32685,2024-08-23
10348,20536,online,bronze,4071,2025-03-10
10349,20540,standard,silver,6717,2019-02-09
10350,20545,standard,bronze,21130,2025-12-21
10351,20548,express,bronze,14630,2022-05-09
10352,20551,express,silver,48700,2025-01-01
10353,20554,standard,bronze,9909,2025-07-27
10354,20555,flagship,silver,4404,2021-01-07
10355,20562,express,silver,45812,2019-09-27
10356,20564,flagship,silver,13646,2025-12-06
10357,20565,flagship,bronze,32551,2022-11-03
10358,20565,express,bronze,18829,2024-10-29
10359,20567,online,bronze,32570,2019-11-26
10360,20568,express,gold,39492,2025-06-01
10361,20569,standard,silver,32796,2020-10-02
10362,20569,online,silver,3190,2021-07-20
10363,20570,flagship,platinum,27163,2026-01-28
10364,20571,express,bronze,44057,2022-04-07
10365,20579,online,bronze,19314,2023-01-23
10366,20581,flagship,silver,847,2020-12-14
10367,20581,express,bronze,19270,2024-03-18
10368,20582,express,gold,38778,2021-03-03
10369,20583,flagship,bronze,46370,2020-08-04
10370,20588,express,gold,24057,2023-11-02
10371,20590,standard,bronze,44650,2024-03-21
10372,20592,express,platinum,2795,2022-08-05
10373,20593,online,silver,28675,2023-02-21
10374,20593,flagship,bronze,36887,2021-07-24
10375,20595,standard,gold,29857,2024-01-26
10376,20595,express,bronze,2336,2024-11-26
10377,20601,express,gold,9053,2022-01-22
10378,20604,express,silver,37361,2019-12-14
10379,20605,online,bronze,7753,2020-05-03
10380,20609,flagship,silver,15196,2025-07-14
10381,20611,express,silver,42739,2023-06-23
10382,20614,flagship,platinum,45018,2019-12-19
10383,20617,standard,silver,15775,2022-05-29
10384,20617,online,platinum,37336,2021-08-05
10385,20620,standard,bronze,21588,2019-04-26
10386,20622,standard,gold,20473,2020-10-19
10387,20622,online,silver,44175,2024-01-29
10388,20623,online,bronze,3618,2020-02-24
10389,20623,standard,bronze,21488,2023-08-11
10390,20629,standard,bronze,43642,2022-11-10
10391,20630,standard,bronze,29041,2025-02-24
10392,20635,express,bronze,21134,2023-04-03
10393,20638,online,gold,35951,2023-10-12
10394,20639,standard,bronze,33321,2024-06-15
10395,20641,standard,bronze,32542,2024-07-30
10396,20642,online,gold,19252,2024-12-05
10397,20643,flagship,silver,14412,2020-02-11
10398,20644,express,bronze,25852,2024-05-24
10399,20647,online,silver,18674,2024-03-10
10400,20648,online,bronze,18441,2021-02-03
10401,20648,express,silver,37864,2019-02-28
10402,20649,express,bronze,17296,2024-10-02
10403,20650,standard,bronze,15210,2021-11-19
10404,20652,express,bronze,36236,2024-09-28
10405,20654,online,bronze,19550,2019-09-29
10406,20655,express,bronze,47466,2023-01-23
10407,20658,online,bronze,10105,2025-03-08
10408,20660,express,gold,49742,2024-08-15
10409,20660,online,bronze,4353,2019-03-15
10410,20663,standard,bronze,14082,2020-05-05
10411,20663,online,bronze,19202,2021-03-30
10412,20665,standard,silver,8787,2020-08-23
10413,20669,express,bronze,14848,2020-05-31
10414,20677,flagship,bronze,2922,2025-06-29
10415,20678,flagship,bronze,47023,2022-08-29
10416,20682,flagship,bronze,32018,2024-08-14
10417,20683,standard,gold,46406,2024-06-26
10418,20684,flagship,gold,35994,2023-10-10
10419,20688,flagship,gold,37983,2019-05-25
10420,20694,flagship,silver,16127,2023-10-04
10421,20695,standard,bronze,48602,2022-10-19
10422,20695,flagship,silver,23610,2023-03-11
10423,20697,flagship,silver,13427,2026-02-18
10424,20698,flagship,bronze,37844,2019-02-03
10425,20700,flagship,bronze,21786,2023-04-07
10426,20701,standard,bronze,32118,2021-06-21
10427,20706,express,silver,1698,2020-01-10
10428,20714,standard,silver,49484,2020-04-18
10429,20715,standard,silver,39994,2024-12-22
10430,20716,online,bronze,1148,2020-10-18
10431,20717,standard,bronze,39684,2021-09-11
10432,20718,flagship,silver,38437,2021-06-04
10433,20720,flagship,silver,20873,2024-09-28
10434,20722,standard,bronze,19744,2021-11-15
10435,20723,online,silver,39982,2024-10-15
10436,20724,standard,bronze,14450,2020-06-29
10437,20726,standard,bronze,19652,2019-09-23
10438,20726,flagship,bronze,30069,2022-08-11
10439,20729,standard,silver,9336,2024-01-22
10440,20729,express,gold,30380,2021-03-16
10441,20732,online,silver,33631,2020-07-25
10442,20733,flagship,silver,41895,2025-04-22
10443,20735,express,bronze,37234,2020-01-22
10444,20736,express,silver,29900,2021-12-13
10445,20737,online,bronze,21017,2024-05-31
10446,20740,online,silver,9296,2024-12-01
10447,20741,flagship,silver,34546,2025-02-20
10448,20744,flagship,bronze,49987,2021-03-24
10449,20748,online,silver,38206,2026-05-15
10450,20749,standard,silver,45999,2025-07-27
10451,20750,express,bronze,49427,2021-04-25
10452,20753,express,bronze,37978,2022-10-31
10453,20756,standard,gold,15020,2019-02-09
10454,20757,online,silver,21176,2021-11-13
10455,20758,flagship,silver,6910,2024-07-25
10456,20760,standard,bronze,7048,2021-12-08
10457,20762,express,bronze,13003,2026-03-03
10458,20764,express,silver,21819,2024-11-01
10459,20767,online,silver,15763,2024-11-16
10460,20770,online,bronze,27007,2026-04-14
10461,20772,flagship,bronze,11217,2019-01-06
10462,20778,standard,bronze,13007,2019-09-26
10463,20779,standard,bronze,5371,2020-12-20
10464,20782,online,bronze,17599,2022-08-23
10465,20785,online,bronze,26344,2025-11-21
10466,20786,flagship,gold,9222,2019-05-13
10467,20786,standard,bronze,49136,2022-07-15
10468,20787,online,bronze,1610,2021-07-14
10469,20788,online,gold,44163,2025-08-24
10470,20789,express,bronze,14540,2020-11-18
10471,20790,standard,silver,5119,2025-09-01
10472,20790,express,silver,47274,2020-08-20
10473,20793,online,bronze,47475,2020-07-02
10474,20794,flagship,bronze,33541,2019-01-25
10475,20797,flagship,bronze,8114,2020-03-31
10476,20799,standard,silver,2322,2021-02-07
10477,20799,express,bronze,23016,2022-10-29
10478,20800,online,gold,12156,2020-07-17
10479,20802,online,bronze,5852,2025-05-10
10480,20806,flagship,bronze,24978,2024-02-14
10481,20808,online,bronze,33854,2022-10-06
10482,20809,express,gold,13796,2025-05-15
10483,20813,flagship,bronze,2987,2026-04-28
10484,20817,online,silver,34847,2023-03-05
10485,20819,online,silver,43461,2022-02-25
10486,20819,standard,bronze,48545,2025-09-04
10487,20823,express,bronze,42168,2025-12-01
10488,20825,express,platinum,2873,2021-03-24
10489,20827,express,gold,32385,2024-11-09
10490,20829,online,bronze,8896,2020-08-08
10491,20829,express,gold,16352,2024-06-16
10492,20830,flagship,silver,35014,2023-05-09
10493,20831,flagship,silver,4042,2019-05-30
10494,20832,standard,bronze,18280,2021-09-24
10495,20835,flagship,silver,7255,2025-10-03
10496,20835,online,silver,28700,2020-09-04
10497,20837,express,gold,40760,2019-05-11
10498,20839,online,silver,9573,2026-02-15
10499,20840,express,silver,41137,2025-10-11
10500,20843,online,bronze,35689,2019-02-06
10501,20845,online,gold,28093,2021-03-16
10502,20845,express,bronze,17402,2024-02-21
10503,20846,online,gold,5700,2022-09-14
10504,20851,flagship,silver,21765,2020-05-26
10505,20852,online,bronze,48486,2022-05-15
10506,20856,express,bronze,41091,2025-09-03
10507,20859,online,bronze,19827,2023-07-23
10508,20861,express,bronze,27598,2023-01-20
10509,20865,flagship,bronze,24455,2025-04-10
10510,20867,online,bronze,4728,2023-03-19
10511,20868,online,bronze,9887,2023-08-04
10512,20872,online,gold,29345,2024-04-28
10513,20873,express,bronze,26760,2024-05-22
10514,20874,online,silver,45295,2021-07-17
10515,20880,online,bronze,5785,2023-04-25
10516,20883,flagship,bronze,45091,2025-01-05
10517,20885,express,bronze,9169,2021-05-01
10518,20886,express,silver,1763,2021-03-13
10519,20887,express,bronze,29385,2021-03-07
10520,20888,standard,silver,35175,2021-02-19
10521,20889,express,gold,26029,2019-06-14
10522,20890,standard,gold,31687,2024-08-02
10523,20890,flagship,bronze,808,2022-04-15
10524,20894,standard,platinum,9403,2022-11-18
10525,20898,standard,gold,37977,2026-04-04
10526,20903,flagship,bronze,3868,2020-11-03
10527,20904,express,silver,8606,2024-01-21
10528,20904,flagship,gold,4585,2022-07-24
10529,20905,standard,bronze,2053,2025-07-13
10530,20905,express,silver,2593,2022-04-22
10531,20906,express,bronze,16387,2023-12-04
10532,20907,online,platinum,9660,2025-08-09
10533,20907,flagship,bronze,44039,2022-06-12
10534,20908,flagship,silver,8289,2023-08-29
10535,20909,online,silver,36342,2023-06-29
10536,20910,online,bronze,42416,2022-01-17
10537,20911,standard,bronze,24096,2021-03-15
10538,20914,online,silver,36577,2022-04-14
10539,20916,express,bronze,15215,2026-03-01
10540,20917,standard,bronze,24003,2022-04-13
10541,20921,express,platinum,48647,2020-05-24
10542,20922,express,bronze,37226,2024-07-14
10543,20930,flagship,bronze,25,2020-08-24
10544,20933,express,bronze,2909,2021-12-25
10545,20933,online,silver,22521,2019-09-05
10546,20936,express,bronze,37200,2025-05-12
10547,20939,flagship,platinum,29998,2019-05-13
10548,20941,flagship,bronze,34624,2022-05-03
10549,20941,online,bronze,37890,2025-07-02
10550,20944,standard,bronze,10351,2023-03-16
10551,20945,standard,silver,47394,2020-08-22
10552,20946,standard,gold,48685,2026-05-14
10553,20947,standard,bronze,4572,2026-01-02
10554,20948,standard,bronze,8377,2020-01-30
10555,20951,express,bronze,44157,2025-04-28
10556,20952,online,silver,26123,2023-01-08
10557,20953,standard,silver,10679,2026-05-13
10558,20955,standard,gold,9670,2022-08-19
10559,20956,online,bronze,13945,2020-12-24
10560,20957,standard,bronze,24733,2026-02-23
10561,20958,standard,gold,46493,2024-03-05
10562,20962,standard,gold,44688,2023-01-04
10563,20963,flagship,silver,45395,2020-10-02
10564,20964,express,bronze,8122,2019-08-09
10565,20964,online,silver,47630,2025-01-15
10566,20965,express,bronze,43085,2021-11-11
10567,20966,express,bronze,34465,2026-03-08
10568,20968,express,bronze,35198,2022-06-07
10569,20970,standard,bronze,38842,2023-04-30
10570,20972,express,bronze,18355,2021-03-09
10571,20975,standard,bronze,1636,2020-11-17
10572,20977,standard,gold,39025,2020-03-01
10573,20978,flagship,silver,18814,2023-06-29
10574,20979,flagship,silver,47864,2019-11-02
10575,20981,express,bronze,15761,2020-07-09
10576,20985,express,bronze,12507,2025-11-10
10577,20986,online,silver,42066,2020-04-11
10578,20988,standard,gold,8722,2019-04-20
10579,20989,standard,gold,18726,2021-02-09
10580,20990,online,bronze,24115,2024-08-12
10581,20994,express,gold,48036,2022-12-24
10582,20995,express,silver,43203,2023-12-28
10583,20997,express,bronze,35951,2019-07-20
10584,20998,standard,bronze,48682,2022-10-25
10585,20998,online,silver,12945,2021-06-20
10586,21002,flagship,silver,30652,2024-08-07
10587,21017,express,silver,23125,2025-02-10
10588,21019,express,gold,2957,2021-01-26
10589,21020,standard,bronze,34099,2019-12-23
10590,21024,flagship,bronze,28808,2025-02-28
10591,21032,express,bronze,32588,2026-01-16
10592,21037,express,bronze,43246,2019-02-16
10593,21037,standard,silver,36980,2019-04-25
10594,21038,express,silver,48566,2024-09-04
10595,21042,flagship,gold,43244,2022-03-12
10596,21045,online,bronze,20607,2023-08-12
10597,21046,flagship,platinum,19555,2023-07-11
10598,21047,flagship,bronze,46543,2025-08-21
10599,21047,express,silver,46385,2024-01-28
10600,21051,online,silver,22484,2023-01-30
10601,21054,standard,platinum,4899,2023-11-10
10602,21054,flagship,gold,48495,2022-04-22
10603,21055,online,bronze,7159,2020-04-15
10604,21056,standard,bronze,35869,2022-12-22
10605,21057,express,platinum,46396,2026-05-30
10606,21058,online,bronze,39010,2021-03-24
10607,21059,online,silver,9582,2020-03-23
10608,21059,flagship,gold,16209,2023-06-04
10609,21060,flagship,bronze,11107,2026-02-01
10610,21061,standard,bronze,34703,2022-11-01
10611,21063,standard,bronze,11807,2021-07-11
10612,21064,flagship,silver,34035,2025-02-16
10613,21065,standard,bronze,30293,2025-08-05
10614,21066,express,bronze,11465,2020-10-04
10615,21068,online,bronze,44896,2020-03-18
10616,21069,online,bronze,46061,2024-07-09
10617,21072,standard,silver,43725,2021-12-03
10618,21074,online,bronze,49235,2022-03-14
10619,21075,online,bronze,26417,2020-09-02
10620,21083,online,bronze,2947,2021-03-29
10621,21084,flagship,silver,48964,2020-07-09
10622,21086,online,gold,12999,2026-06-13
10623,21088,online,silver,15743,2020-08-22
10624,21096,online,bronze,41542,2024-02-03
10625,21096,flagship,silver,13363,2019-03-22
10626,21097,flagship,bronze,36068,2022-01-25
10627,21100,standard,bronze,31533,2019-09-01
10628,21103,online,bronze,25114,2019-01-31
10629,21104,online,bronze,38968,2026-04-15
10630,21105,standard,gold,35291,2019-03-19
10631,21106,flagship,silver,33298,2022-08-04
10632,21109,standard,bronze,44438,2026-03-18
10633,21110,standard,bronze,39384,2020-06-13
10634,21115,express,silver,41565,2026-03-17
10635,21115,standard,bronze,16045,2024-06-26
10636,21117,online,bronze,36087,2025-06-18
10637,21118,flagship,bronze,4679,2026-03-08
10638,21118,online,bronze,20902,2021-12-18
10639,21121,standard,platinum,23620,2019-05-11
10640,21123,express,silver,16088,2022-08-14
10641,21123,standard,bronze,44538,2022-10-19
10642,21128,online,silver,29302,2024-04-19
10643,21129,express,bronze,27754,2023-05-06
10644,21136,online,bronze,5791,2019-03-19
10645,21136,express,bronze,8639,2024-07-18
10646,21139,express,bronze,28437,2021-06-14
10647,21139,standard,bronze,27246,2020-07-29
10648,21144,express,gold,35215,2019-07-02
10649,21147,standard,bronze,4845,2024-10-04
10650,21147,online,gold,41124,2024-11-12
10651,21148,flagship,platinum,6324,2019-06-26
10652,21150,flagship,silver,38542,2020-05-26
10653,21150,online,bronze,1916,2025-08-31
10654,21152,flagship,silver,34539,2025-11-30
10655,21153,online,silver,31029,2019-11-14
10656,21155,standard,bronze,14779,2026-03-02
10657,21157,express,bronze,27908,2022-02-19
10658,21157,online,bronze,22338,2024-10-17
10659,21158,flagship,platinum,34488,2026-06-12
10660,21159,flagship,bronze,37163,2023-07-02
10661,21160,standard,silver,43364,2019-03-07
10662,21161,flagship,bronze,33559,2026-03-18
10663,21163,express,silver,32482,2021-01-31
10664,21167,online,silver,19400,2026-02-09
10665,21168,flagship,silver,31422,2019-11-15
10666,21169,flagship,bronze,17067,2020-12-25
10667,21170,express,silver,31448,2019-01-29
10668,21172,standard,platinum,49248,2019-08-26
10669,21173,online,bronze,6825,2020-09-08
10670,21177,standard,bronze,10507,2023-11-23
10671,21185,online,bronze,7951,2024-05-22
10672,21190,flagship,bronze,32912,2022-08-12
10673,21191,standard,bronze,43910,2024-06-30
10674,21191,flagship,bronze,18486,2020-04-08
10675,21192,express,silver,42719,2019-12-22
10676,21193,express,bronze,44991,2023-03-11
10677,21195,standard,bronze,31779,2022-07-01
10678,21199,flagship,platinum,7611,2025-06-16
10679,21201,flagship,gold,15144,2025-08-14
10680,21202,express,bronze,10481,2019-12-24
10681,21203,express,gold,49083,2023-09-04
10682,21206,standard,bronze,46925,2026-06-19
10683,21207,express,silver,45181,2024-10-09
10684,21208,online,silver,31550,2019-08-25
10685,21209,standard,bronze,19893,2019-12-20
10686,21211,standard,gold,4851,2020-10-03
10687,21215,standard,gold,49181,2021-04-12
10688,21216,flagship,bronze,19537,2023-01-28
10689,21217,flagship,gold,23596,2023-11-23
10690,21217,express,bronze,35432,2024-06-10
10691,21220,standard,bronze,16349,2022-08-24
10692,21221,flagship,silver,21879,2019-11-15
10693,21224,online,silver,49416,2024-06-10
10694,21228,online,bronze,24256,2022-10-17
10695,21229,standard,bronze,21387,2024-07-15
10696,21231,standard,bronze,10234,2026-06-07
10697,21232,express,gold,39526,2020-03-24
10698,21233,flagship,bronze,20167,2024-03-17
10699,21235,flagship,silver,20346,2026-04-28
10700,21239,standard,gold,24049,2019-07-18
10701,21240,express,bronze,48010,2019-08-14
10702,21242,express,bronze,37612,2019-09-01
10703,21243,standard,bronze,5112,2024-02-22
10704,21245,online,silver,2788,2021-05-25
10705,21248,standard,silver,24888,2020-07-01
10706,21251,express,bronze,22471,2024-11-19
10707,21258,express,bronze,41023,2019-09-22
10708,21265,online,bronze,47301,2021-12-01
10709,21266,standard,bronze,35730,2019-05-27
10710,21267,express,bronze,5246,2023-10-22
10711,21271,express,silver,2746,2022-06-28
10712,21273,standard,gold,22287,2024-03-21
10713,21274,express,bronze,18597,2025-05-08
10714,21276,flagship,silver,47369,2019-04-02
10715,21277,flagship,bronze,3283,2021-07-16
10716,21278,standard,bronze,28892,2021-06-06
10717,21282,express,bronze,49268,2026-04-24
10718,21283,flagship,bronze,24888,2022-07-10
10719,21284,flagship,silver,12468,2022-04-09
10720,21285,flagship,bronze,39432,2020-04-28
10721,21285,online,platinum,38920,2026-04-29
10722,21290,online,bronze,48542,2019-12-30
10723,21291,online,silver,21730,2024-02-04
10724,21291,flagship,bronze,5689,2020-11-21
10725,21295,standard,silver,18429,2023-11-13
10726,21297,standard,bronze,26974,2020-02-29
10727,21298,online,bronze,28862,2021-09-18
10728,21301,express,bronze,13626,2026-02-09
10729,21301,standard,bronze,32401,2024-01-30
10730,21302,standard,bronze,8333,2024-11-16
10731,21304,standard,bronze,2523,2026-02-25
10732,21308,express,silver,48951,2021-08-08
10733,21313,flagship,silver,143,2023-03-03
10734,21314,express,silver,24256,2021-05-20
10735,21316,online,silver,3201,2020-04-24
10736,21318,online,bronze,3995,2022-07-26
10737,21319,flagship,silver,42217,2023-04-19
10738,21320,online,bronze,14013,2022-08-20
10739,21321,standard,gold,35478,2024-01-28
10740,21322,express,bronze,25995,2026-02-13
10741,21325,online,platinum,8301,2025-08-24
10742,21327,online,silver,238,2019-03-17
10743,21335,flagship,silver,28421,2021-12-28
10744,21335,standard,platinum,45703,2021-04-22
10745,21342,flagship,platinum,5175,2019-04-08
10746,21344,online,bronze,27012,2023-09-04
10747,21345,express,bronze,43533,2022-02-06
10748,21346,flagship,bronze,14987,2024-12-29
10749,21346,express,bronze,9464,2019-03-27
10750,21353,online,bronze,5723,2022-12-11
10751,21354,flagship,bronze,23951,2022-08-09
10752,21359,standard,bronze,33184,2021-02-23
10753,21360,flagship,silver,20952,2021-11-09
10754,21364,standard,bronze,49486,2022-10-20
10755,21365,flagship,bronze,47154,2022-03-01
10756,21366,standard,silver,41458,2026-01-30
10757,21367,online,bronze,36744,2022-09-20
10758,21372,flagship,gold,12206,2025-01-24
10759,21381,express,silver,33013,2022-11-04
10760,21382,flagship,bronze,25743,2026-05-22
10761,21383,flagship,silver,19538,2020-01-28
10762,21385,express,bronze,7785,2021-09-29
10763,21386,online,bronze,31609,2021-04-05
10764,21387,express,bronze,48033,2022-03-27
10765,21388,express,gold,23689,2023-05-13
10766,21389,flagship,bronze,8568,2020-11-17
10767,21391,flagship,bronze,28371,2024-06-08
10768,21392,express,silver,15997,2019-02-04
10769,21394,express,bronze,27119,2020-07-05
10770,21395,express,bronze,39631,2026-04-11
10771,21396,express,bronze,34639,2020-12-25
10772,21397,standard,gold,29056,2025-08-15
10773,21397,express,bronze,8638,2021-10-07
10774,21400,flagship,bronze,40221,2024-10-14
10775,21401,standard,silver,19522,2026-03-05
10776,21401,online,bronze,32184,2019-03-05
10777,21403,online,silver,41310,2026-03-05
10778,21404,express,bronze,10631,2025-11-27
10779,21407,express,bronze,38794,2023-06-03
10780,21408,online,platinum,29190,2023-05-22
10781,21408,express,silver,10766,2025-10-21
10782,21410,online,bronze,40225,2025-12-04
10783,21410,express,bronze,5074,2023-03-31
10784,21414,express,bronze,13695,2026-02-05
10785,21415,express,gold,33844,2024-02-05
10786,21416,online,bronze,1005,2025-03-29
10787,21417,flagship,gold,13887,2023-01-04
10788,21418,express,bronze,20391,2025-05-01
10789,21418,online,bronze,3451,2022-10-31
10790,21419,standard,bronze,36818,2019-07-09
10791,21419,online,silver,18337,2019-12-14
10792,21421,online,bronze,27720,2024-07-11
10793,21423,express,bronze,24627,2025-11-08
10794,21424,flagship,gold,39074,2021-04-16
10795,21425,express,silver,26961,2023-10-20
10796,21429,standard,silver,10195,2025-02-02
10797,21429,online,silver,47262,2021-06-07
10798,21435,standard,silver,29471,2020-02-04
10799,21437,online,bronze,25359,2023-06-01
10800,21439,express,bronze,25890,2019-12-31
10801,21439,flagship,bronze,22629,2022-01-27
10802,21441,express,bronze,49246,2025-01-18
10803,21441,flagship,silver,15628,2019-08-08
10804,21442,express,silver,18643,2020-06-30
10805,21443,express,bronze,17510,2019-07-24
10806,21443,online,bronze,20696,2023-07-08
10807,21445,standard,silver,21706,2019-09-17
10808,21445,flagship,platinum,8529,2024-06-07
10809,21446,standard,bronze,9999,2025-04-08
10810,21450,standard,bronze,14202,2020-04-17
10811,21451,flagship,silver,3897,2021-04-19
10812,21451,express,bronze,36294,2019-09-05
10813,21453,flagship,silver,35958,2026-01-17
10814,21453,express,gold,41368,2020-08-28
10815,21455,flagship,bronze,6973,2024-09-26
10816,21460,standard,bronze,28175,2019-12-27
10817,21462,standard,bronze,27532,2024-11-26
10818,21464,standard,bronze,35920,2019-04-01
10819,21473,flagship,platinum,15404,2025-03-02
10820,21479,flagship,gold,48282,2019-05-10
10821,21480,online,silver,24873,2022-01-23
10822,21485,flagship,bronze,48781,2022-04-27
10823,21485,express,bronze,39831,2023-11-13
10824,21486,flagship,bronze,21550,2021-05-09
10825,21490,online,bronze,8834,2019-09-12
10826,21492,online,bronze,15078,2023-01-02
10827,21494,standard,bronze,8491,2021-07-22
10828,21494,express,bronze,47334,2023-05-15
10829,21495,standard,bronze,6374,2020-01-24
10830,21497,online,bronze,1902,2022-05-19
10831,21501,standard,bronze,10774,2024-12-23
10832,21502,express,silver,26668,2023-01-19
10833,21504,standard,gold,22736,2024-12-03
10834,21508,express,bronze,49023,2022-10-27
10835,21510,express,silver,29608,2020-10-05
10836,21512,express,bronze,38534,2024-01-23
10837,21513,flagship,bronze,1041,2020-11-05
10838,21516,express,silver,14619,2023-11-19
10839,21517,flagship,silver,17927,2023-03-05
10840,21519,online,bronze,20569,2019-05-21
10841,21519,standard,silver,28276,2020-05-04
10842,21522,flagship,bronze,37392,2022-02-21
10843,21525,flagship,bronze,45571,2025-06-06
10844,21525,standard,bronze,40776,2020-10-05
10845,21526,express,silver,7489,2023-11-10
10846,21526,flagship,bronze,25543,2023-10-30
10847,21528,flagship,bronze,39569,2022-06-16
10848,21528,express,silver,2158,2023-07-02
10849,21531,online,silver,45216,2021-11-28
10850,21537,standard,bronze,7029,2025-11-19
10851,21540,express,bronze,29408,2024-05-14
10852,21541,online,bronze,38137,2022-11-07
10853,21543,online,silver,20652,2020-11-18
10854,21544,standard,silver,7681,2021-02-05
10855,21547,online,bronze,47483,2024-01-27
10856,21547,standard,bronze,10892,2021-12-10
10857,21550,standard,bronze,2139,2021-09-01
10858,21553,express,bronze,20413,2021-09-11
10859,21554,online,bronze,30627,2024-09-25
10860,21555,online,gold,17486,2024-06-19
10861,21556,online,gold,27010,2020-04-04
10862,21560,standard,silver,13569,2024-05-21
10863,21562,express,bronze,8461,2022-10-28
10864,21563,express,silver,49399,2025-12-01
10865,21565,express,bronze,27314,2022-11-15
10866,21567,standard,silver,21899,2023-12-15
10867,21568,online,silver,25850,2026-03-15
10868,21570,standard,bronze,9584,2024-05-12
10869,21572,flagship,bronze,3735,2022-02-18
10870,21573,flagship,bronze,40580,2020-08-02
10871,21576,standard,silver,25197,2026-04-28
10872,21576,express,gold,21132,2023-03-23
10873,21584,flagship,silver,31261,2024-02-18
10874,21585,flagship,silver,32044,2024-01-06
10875,21587,online,bronze,23028,2025-05-13
10876,21588,online,bronze,28342,2024-05-07
10877,21591,standard,bronze,32190,2020-06-01
10878,21592,flagship,bronze,20597,2024-06-22
10879,21592,standard,silver,19344,2020-03-26
10880,21597,online,bronze,35362,2020-05-15
10881,21599,online,platinum,36858,2025-10-06
10882,21599,express,gold,24505,2021-07-17
10883,21600,standard,bronze,38017,2022-03-12
10884,21601,online,bronze,37858,2026-02-21
10885,21605,express,bronze,42788,2026-06-15
10886,21609,online,silver,8220,2025-11-10
10887,21610,express,bronze,15463,2026-04-29
10888,21613,express,bronze,22112,2023-03-20
10889,21614,express,bronze,20509,2025-07-15
10890,21614,online,gold,31125,2022-12-05
10891,21616,online,gold,11269,2026-04-15
10892,21617,express,bronze,2848,2019-12-29
10893,21617,standard,bronze,40831,2023-02-10
10894,21618,express,silver,23425,2020-09-22
10895,21619,online,bronze,35151,2025-02-15
10896,21619,flagship,silver,27945,2019-04-29
10897,21626,flagship,bronze,5905,2025-11-23
10898,21628,online,silver,10417,2023-08-06
10899,21629,flagship,platinum,30385,2020-06-29
10900,21631,standard,bronze,34716,2024-05-07
10901,21633,express,gold,31495,2025-12-23
10902,21634,standard,bronze,22422,2021-01-15
10903,21634,flagship,gold,38791,2021-09-11
10904,21636,flagship,gold,36281,2023-11-25
10905,21638,standard,silver,43954,2024-04-01
10906,21639,online,bronze,15977,2025-06-13
10907,21640,online,bronze,3063,2021-02-23
10908,21643,standard,bronze,30784,2024-08-15
10909,21646,express,bronze,48446,2021-02-11
10910,21649,flagship,gold,27575,2019-11-19
10911,21650,online,bronze,32029,2022-02-24
10912,21653,standard,bronze,5834,2024-08-01
10913,21656,express,bronze,8515,2025-07-07
10914,21657,express,gold,10062,2020-04-29
10915,21659,express,gold,33124,2023-01-09
10916,21659,flagship,gold,34315,2024-06-11
10917,21660,flagship,bronze,4772,2024-10-20
10918,21662,standard,platinum,32891,2023-07-20
10919,21669,standard,gold,22280,2023-10-18
10920,21672,online,silver,33297,2024-06-21
10921,21675,flagship,silver,2398,2022-10-28
10922,21676,flagship,bronze,44524,2021-02-01
10923,21678,flagship,silver,43920,2022-10-06
10924,21678,standard,bronze,8755,2023-01-26
10925,21679,standard,bronze,8692,2019-05-28
10926,21681,flagship,bronze,1249,2024-11-09
10927,21681,express,gold,43262,2025-07-03
10928,21682,express,silver,44202,2020-02-04
10929,21683,flagship,bronze,9817,2021-08-26
10930,21684,online,bronze,30416,2021-08-04
10931,21687,flagship,bronze,36401,2020-06-18
10932,21688,express,bronze,1256,2019-10-14
10933,21688,flagship,bronze,46529,2019-08-27
10934,21689,express,silver,25922,2019-04-24
10935,21690,online,bronze,19076,2021-07-30
10936,21691,flagship,bronze,1228,2024-07-22
10937,21691,express,bronze,15277,2022-05-13
10938,21694,standard,bronze,29476,2021-11-27
10939,21697,flagship,bronze,16788,2022-10-26
10940,21698,online,silver,43596,2019-04-07
10941,21699,standard,silver,39768,2024-03-11
10942,21701,flagship,bronze,13473,2024-07-21
10943,21707,express,silver,5046,2021-09-18
10944,21709,standard,bronze,44028,2022-01-19
10945,21709,express,bronze,2430,2021-01-28
10946,21710,standard,bronze,18448,2023-01-09
10947,21713,express,silver,34079,2022-02-07
10948,21719,express,bronze,14009,2021-02-11
10949,21721,flagship,bronze,10503,2020-04-18
10950,21726,standard,bronze,49014,2020-04-27
10951,21727,flagship,bronze,32474,2020-06-23
10952,21727,express,bronze,44346,2019-06-24
10953,21728,standard,gold,27929,2025-08-30
10954,21729,express,bronze,46261,2023-03-03
10955,21729,standard,gold,19584,2024-04-18
10956,21732,online,platinum,34585,2021-06-20
10957,21737,online,bronze,28426,2023-02-03
10958,21738,express,bronze,6642,2020-11-13
10959,21740,online,bronze,13275,2025-08-24
10960,21740,standard,silver,9191,2023-03-10
10961,21742,online,bronze,12460,2025-12-08
10962,21746,express,bronze,21269,2023-05-27
10963,21747,flagship,bronze,3601,2022-01-05
10964,21748,online,bronze,7603,2023-11-23
10965,21749,flagship,bronze,24253,2021-05-16
10966,21752,flagship,bronze,20555,2020-11-07
10967,21754,standard,silver,13253,2019-04-15
10968,21758,online,bronze,3919,2023-09-09
10969,21759,standard,gold,3437,2022-07-20
10970,21760,express,bronze,20035,2019-02-01
10971,21761,express,gold,22289,2021-05-28
10972,21762,flagship,bronze,26533,2020-12-30
10973,21763,flagship,bronze,11412,2020-03-27
10974,21765,flagship,bronze,34981,2024-03-10
10975,21766,standard,bronze,49235,2020-12-05
10976,21766,flagship,bronze,4599,2025-01-15
10977,21767,flagship,bronze,36978,2025-04-12
10978,21769,standard,silver,20776,2023-01-29
10979,21770,online,bronze,40394,2019-06-02
10980,21771,online,bronze,48415,2020-10-16
10981,21776,express,bronze,31634,2025-02-09
10982,21776,standard,bronze,30108,2019-05-04
10983,21778,express,bronze,22331,2024-03-04
10984,21783,standard,gold,20626,2019-11-08
10985,21783,flagship,bronze,31876,2022-12-19
10986,21784,express,silver,35765,2019-03-13
10987,21784,standard,silver,43452,2021-02-14
10988,21791,online,bronze,8637,2022-11-15
10989,21792,flagship,silver,38353,2025-12-09
10990,21796,express,bronze,45054,2021-01-16
10991,21796,flagship,platinum,1255,2023-11-03
10992,21801,express,bronze,33752,2022-11-29
10993,21802,flagship,bronze,1707,2022-02-03
10994,21803,express,silver,8731,2025-05-04
10995,21803,online,silver,7438,2021-08-07
10996,21804,standard,bronze,49158,2026-01-16
10997,21805,flagship,bronze,6927,2019-06-21
10998,21807,flagship,bronze,15235,2021-12-15
10999,21807,express,bronze,21411,2025-12-24
11000,21810,standard,bronze,26846,2024-05-17
11001,21810,online,bronze,48387,2020-09-08
11002,21814,flagship,bronze,26121,2022-03-19
11003,21815,express,silver,42389,2025-12-11
11004,21816,online,silver,33841,2022-04-15
11005,21818,flagship,bronze,30874,2024-11-17
11006,21818,standard,bronze,37983,2024-09-22
11007,21819,express,silver,14048,2020-08-02
11008,21820,online,bronze,4405,2024-10-18
11009,21822,express,silver,27808,2021-10-12
11010,21822,flagship,bronze,20035,2024-03-05
11011,21824,standard,gold,44614,2026-01-16
11012,21825,express,bronze,36536,2019-02-28
11013,21826,standard,gold,28814,2021-09-29
11014,21827,standard,silver,45393,2024-02-08
11015,21827,flagship,silver,31180,2023-07-31
11016,21829,standard,silver,8673,2022-02-04
11017,21830,flagship,silver,8001,2024-02-11
11018,21834,flagship,bronze,32706,2021-07-01
11019,21839,standard,bronze,47954,2021-11-01
11020,21839,express,bronze,47335,2023-07-15
11021,21840,online,silver,14833,2025-11-11
11022,21842,express,bronze,16896,2026-04-02
11023,21842,online,bronze,32053,2023-05-04
11024,21843,flagship,bronze,4052,2024-01-25
11025,21844,standard,silver,13053,2024-02-10
11026,21844,flagship,gold,25935,2019-05-17
11027,21845,standard,bronze,27257,2026-06-19
11028,21847,flagship,silver,25969,2022-03-22
11029,21847,standard,bronze,45448,2022-04-07
11030,21848,flagship,silver,37209,2022-02-28
11031,21849,online,bronze,31767,2025-06-27
11032,21851,standard,silver,34695,2026-06-05
11033,21853,flagship,silver,39857,2025-06-13
11034,21854,standard,silver,26580,2019-07-19
11035,21855,flagship,silver,46406,2022-05-15
11036,21858,express,gold,35899,2025-12-12
11037,21861,standard,silver,4784,2025-03-26
11038,21864,express,bronze,49340,2021-10-30
11039,21866,standard,silver,47417,2020-02-20
11040,21866,online,bronze,17860,2023-09-17
11041,21867,standard,gold,47983,2019-05-03
11042,21868,standard,bronze,48426,2019-01-04
11043,21874,flagship,silver,41733,2023-10-08
11044,21879,express,bronze,6869,2020-10-03
11045,21883,express,bronze,39750,2024-04-13
11046,21884,standard,bronze,27607,2020-09-04
11047,21886,online,gold,2388,2019-02-22
11048,21887,online,gold,17322,2025-04-19
11049,21896,express,bronze,7112,2023-10-28
11050,21901,flagship,platinum,12547,2025-04-27
11051,21907,online,bronze,40143,2019-10-30
11052,21910,standard,bronze,30672,2026-04-13
11053,21912,flagship,bronze,24909,2020-06-01
11054,21914,online,bronze,43282,2024-06-16
11055,21916,express,silver,20451,2021-10-14
11056,21917,flagship,bronze,37619,2023-01-08
11057,21917,standard,bronze,31838,2019-04-04
11058,21921,online,bronze,2270,2019-11-14
11059,21922,online,bronze,41990,2019-03-07
11060,21922,flagship,silver,23886,2019-11-25
11061,21923,flagship,silver,12438,2026-06-17
11062,21929,standard,silver,38108,2020-05-05
11063,21929,express,bronze,32996,2023-02-14
11064,21934,standard,bronze,43187,2024-08-14
11065,21935,flagship,silver,7452,2022-03-10
11066,21936,flagship,bronze,42652,2022-01-04
11067,21937,online,silver,30283,2023-02-28
11068,21937,flagship,bronze,12380,2022-06-23
11069,21940,flagship,silver,26316,2026-03-23
11070,21940,online,bronze,34743,2021-02-19
11071,21941,express,bronze,15538,2021-09-27
11072,21947,online,bronze,26204,2025-08-16
11073,21948,standard,gold,48457,2025-10-20
11074,21950,express,silver,39685,2023-12-09
11075,21951,flagship,silver,30717,2020-09-14
11076,21954,flagship,silver,33613,2021-06-24
11077,21954,express,bronze,47854,2026-05-07
11078,21956,flagship,silver,6699,2023-03-08
11079,21957,flagship,silver,29898,2025-01-21
11080,21958,standard,bronze,26016,2022-12-06
11081,21961,express,silver,5043,2021-01-04
11082,21962,standard,gold,3776,2021-06-23
11083,21963,express,bronze,46185,2024-01-13
11084,21965,flagship,bronze,14555,2020-07-23
11085,21969,online,silver,8677,2024-04-05
11086,21972,express,silver,26193,2026-06-23
11087,21973,flagship,gold,3989,2019-07-06
11088,21975,flagship,bronze,26222,2019-09-17
11089,21978,flagship,bronze,4471,2025-04-01
11090,21979,flagship,bronze,42329,2023-04-01
11091,21980,express,bronze,43975,2021-11-10
11092,21984,flagship,bronze,7560,2024-07-01
11093,21986,online,bronze,23021,2020-11-18
11094,21988,online,silver,19010,2020-03-13
11095,21988,standard,bronze,29109,2024-04-06
11096,21991,flagship,bronze,16506,2024-06-03
11097,21991,online,bronze,591,2023-04-22
11098,21993,standard,bronze,25986,2025-08-22
11099,21995,express,bronze,7623,2021-07-05
11100,21998,flagship,bronze,4221,2022-12-01
11101,21998,online,bronze,47047,2019-02-15
11102,21999,standard,bronze,44202,2022-04-07
11103,22000,standard,silver,17888,2025-07-02
11104,22004,standard,bronze,36444,2025-12-09
11105,22006,online,bronze,20319,2023-05-23
11106,22007,express,silver,48949,2021-02-24
11107,22007,online,bronze,11033,2026-06-04
11108,22011,standard,gold,29028,2019-05-28
11109,22016,express,bronze,3736,2020-02-06
11110,22017,online,gold,8552,2024-04-09
11111,22020,express,silver,10610,2023-08-26
11112,22021,online,silver,37462,2024-08-27
11113,22023,express,silver,35471,2022-09-15
11114,22026,online,gold,12207,2022-08-19
11115,22028,online,bronze,31070,2022-01-12
11116,22028,standard,bronze,14620,2019-08-19
11117,22029,standard,silver,18634,2024-11-04
11118,22030,express,silver,38110,2024-06-26
11119,22036,express,silver,27529,2022-03-25
11120,22038,flagship,silver,44475,2024-11-20
11121,22039,standard,bronze,21904,2022-07-05
11122,22040,standard,silver,18522,2021-06-04
11123,22042,standard,silver,4089,2022-05-19
11124,22045,express,bronze,38262,2019-02-01
11125,22054,flagship,bronze,10055,2026-05-25
11126,22058,online,platinum,31501,2019-01-28
11127,22061,express,bronze,44803,2025-11-05
11128,22063,express,bronze,30383,2022-12-15
11129,22065,standard,bronze,28134,2022-11-25
11130,22066,express,bronze,29723,2024-11-24
11131,22067,express,bronze,3364,2025-11-10
11132,22069,flagship,silver,3095,2024-12-17
11133,22073,express,bronze,19633,2020-12-19
11134,22074,standard,gold,18307,2023-04-30
11135,22075,express,bronze,43915,2020-03-02
11136,22076,online,silver,29035,2021-05-03
11137,22077,express,bronze,18722,2019-06-22
11138,22079,flagship,bronze,28562,2020-03-11
11139,22079,online,silver,43279,2019-01-15
11140,22083,online,bronze,35718,2026-04-01
11141,22083,flagship,bronze,38027,2020-05-01
11142,22084,flagship,bronze,46088,2022-09-16
11143,22084,standard,bronze,10296,2024-09-25
11144,22088,flagship,bronze,45846,2022-12-26
11145,22089,express,bronze,42851,2024-09-25
11146,22090,express,bronze,20961,2026-06-10
11147,22091,standard,gold,39282,2021-07-16
11148,22091,online,bronze,17261,2024-01-10
11149,22093,express,bronze,10116,2025-11-09
11150,22094,express,bronze,21898,2023-05-01
11151,22095,express,silver,29723,2026-01-26
11152,22095,online,bronze,25483,2023-11-17
11153,22098,online,bronze,13769,2023-06-26
11154,22101,standard,bronze,32981,2021-03-15
11155,22102,online,bronze,9355,2023-07-08
11156,22103,flagship,bronze,26357,2019-10-09
11157,22107,online,bronze,44833,2024-12-24
11158,22112,express,bronze,3587,2019-01-08
11159,22113,flagship,silver,40050,2019-07-30
11160,22114,flagship,bronze,27970,2025-12-27
11161,22115,flagship,silver,39110,2021-08-22
11162,22117,standard,silver,42725,2021-10-13
11163,22120,standard,bronze,30187,2026-06-12
11164,22122,express,silver,11271,2021-06-03
11165,22122,standard,bronze,15078,2020-09-21
11166,22125,flagship,bronze,46525,2020-03-24
11167,22128,flagship,bronze,47554,2019-09-17
11168,22128,standard,silver,44071,2019-11-25
11169,22133,express,bronze,7214,2019-11-30
11170,22135,flagship,silver,5299,2024-04-01
11171,22135,online,bronze,38235,2023-12-11
11172,22140,flagship,bronze,4690,2019-05-26
11173,22142,flagship,gold,15230,2024-10-31
11174,22143,flagship,gold,47747,2019-08-22
11175,22144,flagship,silver,49948,2025-09-07
11176,22144,online,silver,14949,2022-10-26
11177,22145,standard,silver,1638,2020-01-20
11178,22148,online,bronze,17224,2023-01-11
11179,22150,online,bronze,46763,2025-04-23
11180,22151,express,bronze,5688,2022-08-12
11181,22155,express,bronze,43615,2023-06-07
11182,22156,online,bronze,49046,2019-05-25
11183,22156,standard,gold,35732,2019-07-04
11184,22157,flagship,bronze,48581,2024-11-27
11185,22157,standard,bronze,14918,2021-08-13
11186,22159,online,bronze,43291,2020-05-26
11187,22160,online,gold,39590,2021-08-27
11188,22162,express,silver,46282,2020-09-17
11189,22163,express,bronze,13027,2020-05-05
11190,22166,standard,gold,17587,2020-05-17
11191,22169,standard,bronze,17667,2021-11-13
11192,22172,standard,bronze,42996,2021-08-29
11193,22176,flagship,silver,40764,2024-03-29
11194,22177,flagship,bronze,23499,2019-10-11
11195,22183,online,bronze,33010,2019-10-20
11196,22187,online,gold,5376,2024-07-05
11197,22189,online,bronze,1526,2019-04-19
11198,22194,online,bronze,43419,2024-08-20
11199,22201,online,silver,19728,2023-08-20
11200,22202,flagship,gold,11205,2026-05-14
11201,22203,standard,bronze,4449,2019-05-07
11202,22204,online,silver,28626,2023-12-11
11203,22205,express,silver,25021,2022-05-05
11204,22206,express,gold,3533,2021-09-09
11205,22208,flagship,bronze,48135,2024-12-06
11206,22209,flagship,bronze,47254,2019-08-10
11207,22211,express,bronze,13951,2022-04-27
11208,22212,standard,silver,12504,2020-01-20
11209,22213,standard,gold,40593,2020-02-20
11210,22213,express,bronze,21570,2022-03-08
11211,22215,express,silver,49571,2021-04-11
11212,22216,flagship,gold,42504,2025-12-27
11213,22217,express,bronze,9560,2021-08-20
11214,22218,online,platinum,19439,2020-03-02
11215,22218,flagship,bronze,35191,2024-04-18
11216,22219,express,bronze,40137,2025-10-12
11217,22221,express,bronze,10718,2024-02-08
11218,22224,express,bronze,16092,2026-04-06
11219,22224,online,bronze,30531,2023-01-31
11220,22225,standard,platinum,28095,2022-03-25
11221,22226,flagship,bronze,31644,2025-02-14
11222,22228,express,silver,15997,2024-05-12
11223,22229,standard,silver,24017,2025-07-31
11224,22229,online,silver,31689,2023-05-25
11225,22231,online,bronze,47787,2019-01-01
11226,22233,express,silver,48395,2023-09-17
11227,22234,flagship,bronze,18985,2019-02-26
11228,22236,online,gold,15273,2021-07-12
11229,22237,flagship,bronze,48095,2022-08-22
11230,22239,online,bronze,31027,2026-02-05
11231,22241,online,bronze,9991,2023-05-10
11232,22242,standard,bronze,28670,2019-03-03
11233,22242,express,silver,16597,2025-02-26
11234,22243,online,bronze,3527,2024-05-09
11235,22245,online,bronze,41224,2023-02-06
11236,22246,standard,silver,42719,2023-06-15
11237,22254,standard,gold,33230,2026-05-09
11238,22266,express,silver,20113,2019-01-12
11239,22267,express,bronze,41673,2023-08-25
11240,22269,flagship,bronze,8874,2025-05-10
11241,22271,online,bronze,34998,2023-10-29
11242,22273,flagship,bronze,23081,2024-10-10
11243,22274,standard,silver,46464,2019-03-20
11244,22275,express,bronze,33037,2020-06-14
11245,22275,online,bronze,27856,2022-02-28
11246,22276,express,silver,32392,2020-03-03
11247,22276,standard,bronze,43234,2022-03-10
11248,22277,standard,gold,27107,2019-08-13
11249,22281,standard,gold,22783,2022-11-26
11250,22284,online,bronze,17085,2024-09-04
11251,22287,standard,bronze,8949,2022-01-17
11252,22288,flagship,bronze,41986,2020-12-08
11253,22291,flagship,silver,3914,2020-04-25
11254,22294,standard,bronze,18000,2019-08-06
11255,22294,flagship,bronze,36954,2025-01-10
11256,22296,standard,gold,830,2021-05-17
11257,22301,standard,bronze,46698,2023-09-26
11258,22302,online,bronze,33347,2019-03-31
11259,22303,standard,bronze,42177,2021-09-16
11260,22311,online,bronze,35036,2021-09-02
11261,22313,flagship,bronze,27274,2024-10-28
11262,22314,express,gold,45571,2019-07-22
11263,22316,flagship,silver,27884,2023-02-08
11264,22316,express,bronze,4126,2021-12-21
11265,22317,flagship,bronze,39736,2019-07-10
11266,22320,express,bronze,13867,2025-03-27
11267,22323,online,bronze,3329,2026-03-12
11268,22323,flagship,silver,17660,2024-08-27
11269,22325,online,bronze,48183,2021-03-19
11270,22327,online,gold,35536,2023-06-25
11271,22328,express,silver,26757,2025-03-20
11272,22331,express,silver,32451,2020-08-31
11273,22338,standard,silver,43740,2024-10-17
11274,22339,standard,bronze,33841,2022-09-10
11275,22339,flagship,silver,12566,2022-05-06
11276,22342,standard,silver,39352,2021-01-15
11277,22344,flagship,bronze,10803,2022-08-20
11278,22346,online,bronze,46173,2024-08-21
11279,22349,express,gold,259,2025-02-25
11280,22351,flagship,bronze,41500,2023-07-28
11281,22357,standard,bronze,12459,2024-07-22
11282,22358,online,bronze,40570,2025-06-25
11283,22359,standard,bronze,5299,2023-11-26
11284,22360,online,silver,7012,2023-06-06
11285,22363,express,bronze,14044,2024-06-17
11286,22366,express,bronze,35658,2024-08-24
11287,22366,online,bronze,23123,2021-02-06
11288,22367,standard,bronze,48357,2020-07-31
11289,22369,express,bronze,4057,2022-04-21
11290,22370,standard,bronze,31509,2021-02-21
11291,22374,standard,gold,17565,2021-11-17
11292,22378,express,silver,47953,2020-10-18
11293,22381,flagship,bronze,30345,2021-02-14
11294,22382,online,bronze,20518,2023-06-12
11295,22383,standard,bronze,31702,2021-10-26
11296,22386,standard,bronze,38586,2025-07-02
11297,22389,standard,bronze,1134,2025-02-04
11298,22393,express,silver,16088,2022-11-25
11299,22395,online,gold,22373,2023-12-04
11300,22395,express,silver,46477,2024-06-26
11301,22397,express,bronze,35463,2022-03-31
11302,22402,standard,bronze,19876,2026-06-29
11303,22405,standard,silver,9609,2023-08-12
11304,22410,online,silver,10855,2025-12-27
11305,22411,express,silver,15524,2023-10-02
11306,22415,online,bronze,37270,2023-01-13
11307,22416,flagship,bronze,29855,2024-08-07
11308,22419,express,bronze,32613,2020-10-13
11309,22420,standard,bronze,11241,2020-03-27
11310,22421,flagship,bronze,31243,2026-06-12
11311,22424,express,platinum,3835,2020-05-27
11312,22427,standard,silver,23104,2022-09-09
11313,22428,express,bronze,9040,2024-10-08
11314,22428,flagship,bronze,18808,2022-10-12
11315,22429,flagship,gold,23385,2025-12-07
11316,22430,standard,bronze,27667,2020-05-16
11317,22430,online,bronze,33653,2021-03-06
11318,22431,online,bronze,12836,2024-03-04
11319,22433,standard,silver,23464,2022-02-01
11320,22434,online,silver,43174,2026-04-13
11321,22435,standard,silver,31759,2023-08-05
11322,22436,flagship,silver,12246,2025-03-29
11323,22437,online,silver,47725,2019-07-10
11324,22437,standard,silver,44996,2022-08-17
11325,22440,express,silver,3757,2021-11-15
11326,22441,standard,bronze,17756,2025-07-06
11327,22442,flagship,bronze,11302,2020-04-16
11328,22443,express,silver,9894,2024-06-16
11329,22443,flagship,silver,10999,2026-06-04
11330,22447,flagship,bronze,17217,2021-02-19
11331,22448,flagship,bronze,5230,2023-06-01
11332,22450,online,silver,37373,2025-10-02
11333,22451,express,gold,18211,2023-02-20
11334,22451,flagship,bronze,12668,2020-09-01
11335,22452,express,bronze,38779,2019-03-22
11336,22455,flagship,bronze,48546,2020-09-30
11337,22456,online,bronze,32293,2021-12-22
11338,22457,standard,silver,37235,2025-07-09
11339,22457,express,bronze,37565,2019-06-18
11340,22460,flagship,bronze,346,2019-11-07
11341,22462,flagship,bronze,28841,2022-06-02
11342,22463,flagship,bronze,17851,2020-10-22
11343,22463,standard,bronze,34657,2020-09-18
11344,22464,online,bronze,31439,2021-07-10
11345,22465,standard,bronze,49789,2019-08-13
11346,22465,online,gold,30397,2020-11-23
11347,22466,standard,silver,7702,2024-01-16
11348,22467,standard,gold,17379,2020-05-16
11349,22468,flagship,bronze,27211,2022-10-06
11350,22468,express,bronze,21833,2019-08-07
11351,22469,online,bronze,38857,2025-03-17
11352,22469,express,silver,34964,2023-07-29
11353,22470,flagship,bronze,34409,2025-04-29
11354,22473,standard,bronze,33965,2022-06-25
11355,22473,express,silver,49124,2024-03-19
11356,22476,standard,silver,45355,2025-02-14
11357,22477,flagship,bronze,18711,2023-11-20
11358,22478,standard,bronze,1312,2023-09-07
11359,22480,flagship,silver,42683,2025-07-02
11360,22481,online,silver,25930,2019-11-25
11361,22481,express,silver,937,2024-05-20
11362,22482,standard,gold,25808,2025-03-26
11363,22483,online,bronze,16893,2019-12-20
11364,22484,online,bronze,16453,2024-09-21
11365,22487,flagship,bronze,1908,2024-02-13
11366,22487,standard,gold,29847,2019-11-22
11367,22491,standard,bronze,13776,2022-04-18
11368,22493,express,bronze,35526,2020-07-29
11369,22497,standard,bronze,6033,2020-09-08
11370,22498,online,bronze,29556,2020-04-19
11371,22503,express,bronze,24755,2024-07-02
11372,22508,express,bronze,43321,2025-04-06
11373,22509,express,bronze,41944,2025-10-03
11374,22513,standard,bronze,7746,2026-05-01
11375,22516,standard,bronze,3151,2025-09-28
11376,22517,standard,bronze,3869,2022-11-28
11377,22519,online,silver,42048,2019-03-04
11378,22520,standard,bronze,16014,2024-12-09
11379,22521,online,bronze,35587,2022-11-13
11380,22521,express,bronze,8450,2022-08-20
11381,22523,express,bronze,2103,2022-10-13
11382,22524,standard,silver,33132,2022-07-07
11383,22530,online,silver,26747,2019-11-02
11384,22530,standard,silver,6889,2024-04-13
11385,22531,online,silver,32697,2025-11-23
11386,22532,standard,bronze,33575,2019-12-18
11387,22532,online,silver,27074,2024-05-05
11388,22533,flagship,silver,39574,2021-05-08
11389,22535,flagship,bronze,48707,2024-02-26
11390,22536,express,bronze,9839,2026-05-24
11391,22536,standard,silver,23762,2024-12-31
11392,22539,online,silver,23307,2023-04-29
11393,22541,online,silver,15010,2021-11-18
11394,22544,standard,bronze,18262,2021-10-21
11395,22546,express,bronze,25939,2021-09-21
11396,22551,express,platinum,22901,2024-08-22
11397,22556,online,silver,1428,2021-11-20
11398,22557,online,bronze,17382,2021-10-24
11399,22560,standard,bronze,19214,2022-04-14
11400,22562,standard,bronze,21246,2024-11-27
11401,22563,online,platinum,10234,2022-12-26
11402,22565,flagship,bronze,46872,2022-06-16
11403,22566,flagship,bronze,37123,2024-11-15
11404,22570,express,bronze,47346,2022-06-27
11405,22570,standard,bronze,4423,2019-11-03
11406,22577,standard,silver,11548,2026-05-27
11407,22578,flagship,silver,24158,2019-06-30
11408,22579,online,silver,23067,2019-09-26
11409,22580,online,bronze,20867,2021-02-28
11410,22581,express,bronze,41168,2022-11-12
11411,22582,express,silver,15216,2026-01-30
11412,22584,express,gold,8136,2021-10-15
11413,22586,flagship,bronze,29746,2022-04-23
11414,22587,online,bronze,20454,2025-11-21
11415,22587,express,bronze,38301,2025-12-24
11416,22592,standard,bronze,18565,2024-06-22
11417,22592,online,silver,43366,2026-03-03
11418,22593,flagship,bronze,14938,2025-11-27
11419,22595,standard,bronze,34603,2021-12-14
11420,22597,flagship,bronze,43959,2022-06-10
11421,22597,online,bronze,5093,2023-01-25
11422,22598,standard,silver,41776,2021-03-28
11423,22603,online,bronze,22214,2019-02-25
11424,22604,standard,bronze,25555,2020-05-28
11425,22607,standard,silver,32843,2021-06-26
11426,22610,online,bronze,26146,2019-04-24
11427,22610,flagship,silver,37617,2024-06-13
11428,22612,express,bronze,17747,2019-01-11
11429,22612,standard,bronze,22157,2020-08-10
11430,22613,online,bronze,43209,2025-12-30
11431,22614,online,silver,8838,2025-05-08
11432,22616,standard,silver,7290,2025-03-16
11433,22623,flagship,silver,17809,2022-07-17
11434,22624,online,bronze,9747,2023-03-18
11435,22626,online,bronze,31358,2019-02-24
11436,22628,standard,gold,36711,2024-08-12
11437,22629,standard,silver,38284,2024-02-22
11438,22631,flagship,bronze,10899,2024-05-15
11439,22632,online,bronze,2887,2025-05-31
11440,22633,standard,bronze,40385,2023-02-18
11441,22636,express,bronze,3675,2022-06-01
11442,22638,standard,bronze,21303,2025-10-05
11443,22639,flagship,silver,40726,2019-07-27
11444,22641,flagship,bronze,46170,2020-10-11
11445,22644,express,gold,46430,2021-03-10
11446,22647,online,gold,25211,2021-10-06
11447,22647,flagship,bronze,9224,2022-04-10
11448,22657,online,bronze,47895,2023-05-31
11449,22658,online,bronze,26903,2019-06-18
11450,22659,flagship,silver,36929,2022-05-27
11451,22660,standard,silver,12670,2020-01-03
11452,22662,flagship,bronze,40345,2023-09-05
11453,22663,flagship,silver,47485,2021-03-18
11454,22663,online,silver,22755,2022-09-19
11455,22664,online,silver,31900,2020-01-17
11456,22665,online,silver,1043,2025-03-21
11457,22667,standard,gold,49040,2022-09-03
11458,22667,flagship,silver,10693,2019-08-26
11459,22668,flagship,gold,46421,2019-08-20
11460,22669,standard,gold,48044,2020-10-20
11461,22669,online,gold,39664,2021-01-22
11462,22670,standard,bronze,32611,2024-10-23
11463,22671,express,bronze,16515,2023-06-10
11464,22673,express,bronze,21426,2024-08-27
11465,22676,express,gold,20512,2023-08-29
11466,22678,flagship,gold,47746,2022-10-16
11467,22680,flagship,bronze,10016,2021-08-18
11468,22681,flagship,bronze,12259,2019-09-09
11469,22684,flagship,bronze,39485,2023-06-02
11470,22687,online,platinum,9526,2019-04-14
11471,22687,express,silver,11324,2023-12-21
11472,22689,express,bronze,4004,2019-05-24
11473,22689,online,bronze,25354,2020-01-29
11474,22692,express,bronze,7134,2026-03-12
11475,22694,flagship,gold,35173,2023-04-23
11476,22695,online,bronze,28733,2019-03-13
11477,22696,flagship,bronze,34610,2023-02-25
11478,22699,online,gold,11753,2025-03-11
11479,22700,express,gold,15425,2024-08-05
11480,22701,express,bronze,30229,2024-08-06
11481,22701,online,bronze,11512,2023-06-08
11482,22702,flagship,gold,9941,2023-01-30
11483,22703,flagship,bronze,22121,2023-06-13
11484,22705,flagship,bronze,5809,2023-02-28
11485,22708,standard,bronze,39356,2020-09-04
11486,22710,standard,bronze,48196,2024-08-04
11487,22713,online,silver,25440,2020-06-15
11488,22716,flagship,bronze,23392,2026-05-18
11489,22717,online,bronze,46762,2025-09-23
11490,22727,express,bronze,15226,2025-08-24
11491,22729,express,bronze,17117,2023-02-21
11492,22733,standard,bronze,2827,2019-08-20
11493,22734,flagship,bronze,42139,2023-06-21
11494,22738,online,gold,46108,2023-04-09
11495,22739,online,bronze,46223,2021-06-16
11496,22742,express,bronze,41408,2019-07-16
11497,22743,online,gold,22577,2020-09-30
11498,22747,online,bronze,31500,2023-03-02
11499,22747,express,silver,7452,2024-09-27
11500,22748,flagship,silver,3291,2022-07-31
11501,22752,flagship,platinum,10058,2022-05-28
11502,22754,flagship,bronze,31148,2022-07-27
11503,22758,online,silver,43976,2021-03-04
11504,22761,online,platinum,46539,2024-12-10
11505,22762,express,bronze,28118,2025-12-10
11506,22762,flagship,silver,10126,2022-10-24
11507,22764,flagship,platinum,34990,2019-03-08
11508,22766,flagship,bronze,37301,2019-08-12
11509,22767,standard,bronze,4252,2023-07-14
11510,22767,flagship,bronze,34843,2021-02-10
11511,22768,flagship,bronze,37728,2021-09-07
11512,22768,express,gold,18421,2025-01-10
11513,22771,online,bronze,2676,2023-08-31
11514,22774,express,bronze,20961,2020-10-28
11515,22776,online,gold,16534,2021-02-28
11516,22776,express,bronze,46128,2020-12-17
11517,22777,online,bronze,43625,2024-08-13
11518,22779,flagship,bronze,27005,2020-11-27
11519,22779,express,bronze,4240,2020-08-10
11520,22780,standard,silver,11807,2025-03-12
11521,22782,standard,silver,30763,2026-04-07
11522,22784,express,gold,23818,2021-12-08
11523,22786,flagship,silver,38308,2024-02-12
11524,22790,express,bronze,43020,2020-10-05
11525,22791,express,bronze,30417,2019-10-25
11526,22799,flagship,bronze,37004,2019-07-04
11527,22800,standard,bronze,26754,2025-02-13
11528,22801,online,bronze,36557,2019-03-28
11529,22803,standard,silver,13440,2023-05-07
11530,22807,express,silver,20888,2019-12-24
11531,22808,online,silver,710,2020-02-27
11532,22810,standard,silver,19922,2025-08-06
11533,22811,online,bronze,21774,2024-04-05
11534,22813,standard,silver,44094,2022-10-16
11535,22814,flagship,bronze,18858,2025-06-18
11536,22816,express,bronze,37334,2019-11-21
11537,22819,flagship,bronze,26545,2023-07-22
11538,22819,express,bronze,44591,2021-12-22
11539,22820,express,bronze,3354,2023-10-06
11540,22821,flagship,gold,15652,2020-01-24
11541,22821,standard,bronze,33727,2021-06-23
11542,22824,flagship,platinum,7523,2021-03-08
11543,22825,flagship,bronze,4567,2025-01-01
11544,22826,online,gold,28583,2019-03-12
11545,22826,express,bronze,22353,2022-07-08
11546,22827,online,bronze,47538,2021-11-13
11547,22828,standard,gold,23383,2020-07-27
11548,22830,standard,bronze,4629,2025-06-20
11549,22833,express,platinum,33434,2023-12-01
11550,22836,online,bronze,16277,2022-04-28
11551,22837,standard,silver,14602,2023-11-19
11552,22837,express,silver,17712,2019-07-13
11553,22839,flagship,bronze,9225,2024-02-19
11554,22842,flagship,bronze,41442,2022-05-08
11555,22845,standard,bronze,21459,2024-05-08
11556,22845,flagship,bronze,36548,2026-02-05
11557,22846,flagship,silver,5187,2025-02-21
11558,22847,flagship,silver,47473,2025-05-01
11559,22848,online,gold,8900,2021-05-17
11560,22849,express,bronze,10972,2025-11-09
11561,22852,flagship,bronze,16375,2024-10-27
11562,22855,express,silver,21810,2021-01-02
11563,22856,standard,bronze,41190,2020-11-06
11564,22860,standard,silver,14040,2019-10-26
11565,22861,flagship,bronze,20864,2019-11-22
11566,22865,flagship,bronze,22296,2022-10-27
11567,22866,express,bronze,37441,2022-08-23
11568,22868,standard,platinum,25628,2022-12-08
11569,22870,express,silver,34478,2019-10-23
11570,22876,standard,silver,9432,2020-04-04
11571,22881,flagship,silver,13091,2024-10-28
11572,22882,flagship,gold,4342,2022-03-31
11573,22883,standard,bronze,48501,2026-06-18
11574,22891,standard,platinum,38783,2019-05-03
11575,22894,flagship,bronze,25648,2025-07-11
11576,22895,flagship,bronze,28516,2021-08-07
11577,22895,standard,platinum,11208,2020-04-27
11578,22896,express,bronze,7401,2024-04-28
11579,22898,flagship,gold,9851,2024-09-01
11580,22898,express,bronze,14653,2021-08-31
11581,22900,express,gold,19632,2022-04-04
11582,22901,express,silver,4431,2025-06-29
11583,22912,standard,bronze,49073,2026-04-19
11584,22914,standard,bronze,48750,2022-01-03
11585,22916,flagship,bronze,41088,2026-06-10
11586,22916,standard,bronze,44417,2021-12-30
11587,22921,standard,silver,17643,2024-01-14
11588,22922,online,bronze,33829,2022-07-09
11589,22926,express,silver,19239,2024-11-15
11590,22930,express,bronze,48474,2023-06-17
11591,22933,standard,bronze,29741,2022-02-11
11592,22934,express,bronze,38538,2021-06-14
11593,22937,standard,silver,29422,2021-09-18
11594,22938,standard,bronze,27653,2023-05-09
11595,22942,standard,bronze,20732,2025-07-29
11596,22944,express,silver,46938,2024-12-27
11597,22944,online,silver,8151,2021-10-17
11598,22946,standard,bronze,38460,2024-11-29
11599,22947,flagship,bronze,18115,2024-01-21
11600,22950,flagship,bronze,34179,2022-05-16
11601,22951,standard,bronze,35068,2020-06-12
11602,22956,express,silver,31325,2023-03-03
11603,22957,express,silver,47797,2019-11-03
11604,22958,online,bronze,4053,2019-06-01
11605,22967,express,bronze,46230,2024-10-08
11606,22970,express,bronze,25977,2026-04-22
11607,22970,flagship,gold,3753,2022-07-02
11608,22978,flagship,bronze,8093,2020-11-13
11609,22980,standard,gold,18277,2022-07-27
11610,22981,express,bronze,10563,2026-06-16
11611,22991,express,bronze,44183,2021-06-04
11612,22993,online,bronze,22004,2021-02-25
11613,22999,standard,bronze,8353,2023-05-12
11614,23000,standard,silver,42642,2019-02-02
11615,23002,flagship,platinum,168,2026-06-26
11616,23003,flagship,bronze,29450,2026-05-03
11617,23004,express,bronze,19355,2023-09-24
11618,23005,standard,bronze,15653,2022-05-26
11619,23006,express,silver,44866,2019-11-03
11620,23006,online,bronze,31801,2023-05-09
11621,23007,flagship,gold,20341,2020-07-02
11622,23008,flagship,bronze,7449,2024-12-28
11623,23008,standard,silver,9021,2020-06-24
11624,23009,online,silver,22349,2020-07-01
11625,23010,standard,bronze,39302,2026-06-10
11626,23010,flagship,bronze,26438,2021-07-11
11627,23011,standard,bronze,29222,2021-03-15
11628,23018,online,silver,17361,2024-05-24
11629,23018,flagship,gold,22562,2020-09-03
11630,23019,flagship,bronze,4742,2026-03-12
11631,23019,online,silver,2697,2024-01-09
11632,23021,express,silver,12510,2020-10-28
11633,23026,flagship,gold,26614,2019-07-21
11634,23028,express,bronze,10001,2020-05-30
11635,23029,online,silver,19617,2020-10-05
11636,23031,flagship,silver,49064,2024-11-04
11637,23034,online,bronze,48335,2025-08-09
11638,23034,standard,silver,46859,2020-01-25
11639,23036,standard,silver,48470,2024-07-30
11640,23038,standard,bronze,14308,2021-05-22
11641,23038,express,bronze,7872,2025-12-23
11642,23041,standard,silver,47171,2020-12-31
11643,23042,online,bronze,11400,2023-04-30
11644,23042,standard,gold,17163,2024-02-11
11645,23044,express,silver,25671,2025-01-25
11646,23045,online,bronze,16490,2023-05-07
11647,23046,express,gold,43005,2019-10-17
11648,23049,online,bronze,30609,2020-04-02
11649,23052,standard,silver,35693,2024-07-02
11650,23054,flagship,bronze,30236,2020-02-04
11651,23059,online,bronze,43677,2022-09-11
11652,23059,flagship,bronze,23586,2020-01-02
11653,23060,online,silver,47583,2024-03-29
11654,23063,express,platinum,49878,2021-02-05
11655,23065,flagship,bronze,19284,2025-07-02
11656,23066,flagship,silver,36714,2024-12-28
11657,23070,express,bronze,46559,2021-05-21
11658,23071,flagship,bronze,26661,2025-11-23
11659,23074,standard,bronze,34339,2021-08-16
11660,23075,express,silver,14260,2022-10-10
11661,23077,online,gold,26098,2020-08-29
11662,23078,online,gold,36787,2024-04-18
11663,23078,standard,bronze,9611,2022-04-26
11664,23081,online,bronze,12375,2022-08-20
11665,23083,flagship,platinum,353,2019-06-11
11666,23084,flagship,bronze,41744,2021-05-13
11667,23085,online,gold,18110,2026-02-05
11668,23087,flagship,silver,15148,2023-04-21
11669,23091,online,silver,44075,2019-08-11
11670,23092,online,silver,36603,2020-10-30
11671,23094,flagship,silver,30305,2020-05-07
11672,23097,standard,silver,11791,2022-05-22
11673,23098,online,silver,15690,2019-09-06
11674,23102,standard,bronze,22878,2026-04-15
11675,23104,express,bronze,26765,2022-02-04
11676,23105,express,gold,40118,2021-02-11
11677,23109,flagship,bronze,27354,2019-03-06
11678,23111,flagship,bronze,24860,2021-11-08
11679,23111,express,bronze,45501,2025-02-19
11680,23112,flagship,silver,16056,2023-12-21
11681,23112,express,bronze,13700,2025-05-01
11682,23113,express,bronze,29949,2022-08-16
11683,23113,standard,bronze,47340,2020-08-25
11684,23114,online,bronze,2504,2021-10-19
11685,23120,standard,bronze,16945,2020-06-06
11686,23120,express,silver,7635,2025-07-24
11687,23125,flagship,silver,9509,2019-05-05
11688,23126,online,silver,649,2023-06-03
11689,23129,standard,silver,40022,2024-01-01
11690,23130,standard,silver,42956,2022-09-14
11691,23130,online,silver,8115,2024-01-09
11692,23134,online,bronze,10845,2025-02-04
11693,23137,online,silver,5055,2023-10-21
11694,23139,express,bronze,36727,2022-02-25
11695,23142,standard,gold,14004,2022-02-28
11696,23143,flagship,silver,10093,2020-09-25
11697,23143,express,platinum,36915,2020-01-17
11698,23145,flagship,bronze,37397,2021-11-07
11699,23146,flagship,bronze,33994,2024-03-24
11700,23147,flagship,silver,3328,2019-12-12
11701,23149,standard,silver,29084,2024-10-27
11702,23151,standard,silver,7806,2024-07-15
11703,23153,online,bronze,27551,2024-01-01
11704,23159,flagship,gold,43715,2024-01-12
11705,23162,standard,bronze,6954,2021-11-26
11706,23165,standard,bronze,48905,2019-02-26
11707,23168,express,silver,33958,2025-02-04
11708,23169,standard,bronze,44608,2023-12-04
11709,23174,express,bronze,30413,2025-03-01
11710,23174,standard,silver,21850,2025-04-25
11711,23175,online,bronze,5401,2026-01-04
11712,23176,online,bronze,25084,2020-12-20
11713,23178,online,gold,36907,2021-11-24
11714,23179,flagship,bronze,29026,2022-12-20
11715,23180,flagship,silver,44822,2023-02-08
11716,23184,online,silver,30325,2020-09-02
11717,23187,express,bronze,35405,2025-01-21
11718,23187,online,bronze,33697,2022-10-26
11719,23188,flagship,bronze,48389,2026-02-04
11720,23189,flagship,silver,19387,2022-07-31
11721,23190,flagship,bronze,8631,2023-09-17
11722,23192,standard,platinum,4702,2020-11-24
11723,23195,flagship,silver,45540,2020-10-16
11724,23196,standard,bronze,43555,2022-07-15
11725,23201,flagship,bronze,24167,2019-12-21
11726,23207,express,silver,4148,2021-01-15
11727,23208,online,bronze,40215,2023-01-28
11728,23210,flagship,bronze,31748,2023-02-08
11729,23212,standard,bronze,33286,2020-02-02
11730,23213,online,bronze,34900,2019-03-21
11731,23215,express,silver,42310,2019-09-17
11732,23216,standard,bronze,353,2021-02-05
11733,23217,express,gold,35124,2026-01-06
11734,23219,express,bronze,16543,2020-06-15
11735,23220,flagship,bronze,15281,2020-10-29
11736,23222,express,bronze,34468,2021-02-10
11737,23222,standard,gold,10279,2020-02-13
11738,23223,standard,bronze,19389,2026-06-16
11739,23224,online,bronze,828,2024-02-08
11740,23228,online,bronze,5545,2024-10-31
11741,23229,standard,bronze,31049,2023-11-21
11742,23230,flagship,bronze,808,2019-10-20
11743,23230,online,bronze,27669,2020-09-24
11744,23234,flagship,silver,17401,2020-04-19
11745,23234,standard,bronze,31564,2022-09-10
11746,23236,flagship,bronze,44370,2020-10-11
11747,23245,online,bronze,7158,2023-03-01
11748,23246,standard,silver,4999,2021-08-10
11749,23247,express,bronze,21890,2026-06-07
11750,23255,flagship,silver,41398,2024-02-19
11751,23256,flagship,silver,30859,2023-04-14
11752,23265,standard,bronze,23234,2020-11-25
11753,23271,express,bronze,39347,2019-10-25
11754,23273,express,bronze,43463,2022-01-20
11755,23275,standard,bronze,9788,2022-05-10
11756,23277,express,bronze,4347,2019-02-20
11757,23280,standard,silver,9989,2025-04-14
11758,23280,online,bronze,30817,2019-08-12
11759,23282,express,gold,5250,2026-04-12
11760,23284,flagship,bronze,8102,2025-03-13
11761,23287,flagship,bronze,33145,2022-11-12
11762,23288,flagship,gold,32248,2022-06-28
11763,23288,online,silver,22787,2019-05-03
11764,23289,flagship,bronze,26948,2020-08-29
11765,23290,online,bronze,15767,2022-09-19
11766,23295,online,silver,21581,2022-01-12
11767,23296,flagship,silver,19909,2019-11-23
11768,23297,flagship,bronze,39622,2019-04-07
11769,23298,flagship,silver,13105,2020-01-13
11770,23299,standard,silver,22121,2024-12-05
11771,23300,online,silver,16414,2024-02-13
11772,23303,flagship,bronze,48104,2019-02-23
11773,23304,express,platinum,20466,2023-01-20
11774,23310,online,bronze,11049,2019-04-07
11775,23313,standard,silver,40520,2024-09-24
11776,23314,flagship,gold,29145,2022-10-29
11777,23315,flagship,bronze,11296,2026-02-04
11778,23316,express,silver,49398,2022-02-12
11779,23317,express,silver,26477,2025-08-14
11780,23320,standard,silver,20624,2019-10-28
11781,23321,standard,silver,7393,2019-03-24
11782,23321,online,bronze,9043,2023-05-12
11783,23325,standard,bronze,46728,2021-10-17
11784,23327,standard,silver,8821,2023-08-07
11785,23328,express,bronze,20206,2023-02-15
11786,23328,flagship,silver,20763,2024-09-18
11787,23329,online,bronze,33004,2024-11-25
11788,23329,express,gold,30160,2020-02-21
11789,23332,standard,bronze,47578,2020-12-13
11790,23334,express,gold,34916,2021-11-03
11791,23336,flagship,silver,19502,2021-09-23
11792,23337,online,bronze,6587,2022-12-04
11793,23338,express,bronze,9583,2023-11-21
11794,23341,standard,silver,17863,2020-11-04
11795,23347,standard,bronze,37274,2020-10-08
11796,23348,online,bronze,13114,2025-03-13
11797,23350,express,bronze,11747,2025-10-10
11798,23351,express,gold,21539,2022-09-29
11799,23353,express,bronze,4105,2026-02-25
11800,23359,flagship,silver,31576,2020-05-09
11801,23359,express,bronze,9429,2024-03-29
11802,23360,standard,bronze,25027,2023-07-30
11803,23361,online,bronze,2640,2022-06-17
11804,23362,express,bronze,14516,2019-02-24
11805,23364,online,bronze,28547,2019-10-29
11806,23364,flagship,bronze,45970,2021-11-26
11807,23365,flagship,bronze,8382,2019-01-14
11808,23366,online,bronze,22627,2023-01-01
11809,23367,online,platinum,12331,2025-07-02
11810,23367,express,bronze,26431,2021-10-19
11811,23372,flagship,silver,42184,2022-01-15
11812,23375,flagship,bronze,46468,2022-12-03
11813,23378,flagship,silver,5115,2025-01-02
11814,23383,express,silver,18266,2021-10-07
11815,23384,online,silver,43184,2024-03-18
11816,23385,express,bronze,11296,2022-03-20
11817,23387,express,silver,34931,2026-01-06
11818,23389,standard,gold,8805,2026-02-26
11819,23389,express,bronze,16548,2024-06-14
11820,23390,online,silver,9264,2023-08-06
11821,23391,standard,bronze,36856,2020-04-17
11822,23393,express,bronze,24742,2023-11-12
11823,23395,online,bronze,6627,2019-06-14
11824,23396,standard,silver,36211,2021-04-29
11825,23399,express,silver,49188,2025-09-13
11826,23401,standard,silver,44396,2024-12-02
11827,23401,flagship,silver,3891,2023-03-15
11828,23404,express,bronze,41953,2019-01-21
11829,23408,online,bronze,36640,2023-11-25
11830,23410,online,bronze,42637,2021-07-21
11831,23411,express,bronze,34481,2024-01-31
11832,23417,standard,silver,39738,2023-10-30
11833,23417,online,bronze,33296,2022-07-19
11834,23418,express,platinum,6824,2022-08-11
11835,23419,online,silver,42130,2023-07-08
11836,23419,flagship,bronze,10163,2023-10-15
11837,23422,flagship,silver,4302,2026-05-13
11838,23424,online,silver,23724,2026-05-31
11839,23424,flagship,bronze,8818,2021-12-29
11840,23427,online,silver,41088,2023-09-10
11841,23427,standard,silver,42836,2022-02-12
11842,23428,standard,silver,22343,2025-10-26
11843,23429,standard,bronze,15170,2021-03-30
11844,23430,express,platinum,12268,2021-09-19
11845,23433,express,bronze,38957,2020-03-27
11846,23434,standard,silver,17035,2023-11-24
11847,23436,online,silver,26236,2025-04-04
11848,23437,standard,bronze,32560,2021-11-20
11849,23438,express,silver,47682,2026-02-03
11850,23441,standard,gold,21856,2020-05-16
11851,23442,express,platinum,13455,2024-10-19
11852,23445,standard,gold,17149,2023-09-17
11853,23447,standard,bronze,4703,2026-04-25
11854,23454,flagship,bronze,21878,2021-01-20
11855,23456,flagship,bronze,48787,2026-06-05
11856,23456,express,bronze,18697,2020-10-04
11857,23457,online,bronze,39349,2020-10-02
11858,23462,express,silver,38933,2019-02-04
11859,23463,flagship,bronze,26275,2025-07-25
11860,23465,online,bronze,48455,2021-11-08
11861,23466,express,bronze,35533,2025-05-21
11862,23467,standard,silver,13152,2022-03-14
11863,23469,standard,bronze,21178,2021-08-11
11864,23469,flagship,silver,29408,2024-03-15
11865,23470,flagship,bronze,45795,2024-04-28
11866,23472,online,bronze,34505,2019-03-12
11867,23474,standard,bronze,39180,2019-12-16
11868,23479,express,silver,40345,2020-04-15
11869,23480,standard,bronze,5117,2024-08-24
11870,23484,online,bronze,44121,2020-06-29
11871,23484,flagship,bronze,4324,2024-10-09
11872,23485,online,silver,20050,2025-04-27
11873,23485,express,bronze,28667,2020-04-17
11874,23486,flagship,bronze,4019,2021-11-22
11875,23491,standard,silver,1768,2023-08-20
11876,23491,online,bronze,7718,2025-10-19
11877,23493,express,bronze,47240,2019-09-28
11878,23495,express,platinum,6534,2023-12-11
11879,23497,express,bronze,29024,2025-05-08
11880,23498,standard,silver,15706,2020-08-18
11881,23500,flagship,silver,9974,2024-12-20
11882,23501,online,bronze,25530,2020-10-15
11883,23501,standard,silver,17344,2022-05-10
11884,23503,online,bronze,26390,2020-07-20
11885,23504,online,silver,10902,2022-03-23
11886,23504,standard,silver,4483,2025-03-03
11887,23505,express,gold,2710,2024-02-02
11888,23506,standard,silver,9338,2020-01-28
11889,23510,flagship,gold,12476,2019-11-23
11890,23511,standard,gold,24130,2022-03-10
11891,23514,standard,silver,39298,2024-12-05
11892,23515,standard,bronze,44334,2019-04-18
11893,23516,standard,bronze,44618,2026-01-14
11894,23517,standard,bronze,36433,2019-05-28
11895,23518,standard,gold,46017,2020-01-27
11896,23518,express,bronze,23059,2025-02-02
11897,23520,online,platinum,29172,2020-02-06
11898,23520,express,bronze,19270,2020-03-22
11899,23523,express,silver,45147,2023-11-06
11900,23523,standard,silver,27918,2019-07-09
11901,23524,standard,bronze,12233,2021-09-19
11902,23527,standard,bronze,11995,2025-12-24
11903,23527,express,silver,27593,2020-09-15
11904,23530,flagship,gold,26837,2019-07-29
11905,23532,express,bronze,6933,2024-02-23
11906,23536,online,bronze,23134,2025-01-15
11907,23537,express,gold,23985,2020-03-02
11908,23540,express,bronze,32607,2023-01-12
11909,23543,online,platinum,44498,2019-03-05
11910,23546,express,bronze,8942,2025-08-30
11911,23548,flagship,silver,13725,2020-12-08
11912,23549,standard,bronze,39315,2025-01-12
11913,23550,flagship,bronze,2477,2023-02-19
11914,23552,standard,silver,15845,2023-03-19
11915,23556,online,silver,10960,2019-01-19
11916,23560,flagship,bronze,33916,2023-10-08
11917,23560,standard,bronze,63,2026-05-16
11918,23561,online,bronze,20234,2025-04-06
11919,23562,standard,bronze,18789,2021-12-09
11920,23562,flagship,bronze,11975,2024-12-24
11921,23565,express,bronze,37501,2020-01-24
11922,23566,express,bronze,38326,2021-11-19
11923,23570,express,bronze,29435,2025-11-04
11924,23571,online,bronze,9599,2026-05-27
11925,23573,express,bronze,35358,2019-01-21
11926,23574,standard,silver,42424,2025-11-19
11927,23577,express,bronze,14883,2021-04-17
11928,23581,standard,bronze,48528,2021-10-09
11929,23582,online,bronze,8649,2024-08-09
11930,23583,express,bronze,45463,2022-04-01
11931,23584,standard,bronze,18538,2025-07-20
11932,23585,express,gold,46906,2022-02-05
11933,23585,online,silver,41738,2021-07-24
11934,23586,standard,bronze,36550,2022-09-12
11935,23587,flagship,silver,6212,2025-10-25
11936,23587,online,bronze,9852,2021-02-18
11937,23588,express,bronze,3831,2025-04-22
11938,23592,standard,bronze,6070,2021-08-03
11939,23594,online,silver,213,2021-11-18
11940,23595,flagship,bronze,1671,2020-03-14
11941,23596,flagship,bronze,23207,2023-08-28
11942,23596,online,gold,15601,2024-10-13
11943,23599,express,silver,18953,2022-02-27
11944,23601,standard,gold,45825,2025-03-02
11945,23602,flagship,gold,28403,2021-02-09
11946,23604,express,bronze,29793,2020-09-24
11947,23604,flagship,bronze,31158,2022-12-20
11948,23606,standard,bronze,22966,2025-06-23
11949,23608,express,bronze,31511,2024-03-14
11950,23609,flagship,silver,31937,2025-05-25
11951,23610,online,bronze,27250,2021-10-01
11952,23617,flagship,silver,48593,2019-09-28
11953,23618,express,silver,1210,2026-01-09
11954,23622,online,bronze,23649,2020-09-18
11955,23623,standard,gold,20898,2020-07-04
11956,23625,express,bronze,34849,2022-06-17
11957,23629,express,bronze,38644,2023-05-06
11958,23630,express,silver,49957,2024-09-02
11959,23634,online,gold,20375,2020-01-12
11960,23640,express,silver,44070,2025-10-12
11961,23645,express,bronze,36667,2020-08-04
11962,23650,flagship,bronze,23881,2025-05-28
11963,23651,flagship,bronze,7395,2021-01-20
11964,23652,express,bronze,36928,2024-11-08
11965,23654,flagship,silver,33877,2020-11-14
11966,23654,online,bronze,20621,2022-02-12
11967,23655,flagship,silver,45012,2026-04-30
11968,23655,online,silver,13943,2021-06-06
11969,23656,express,gold,16447,2026-05-17
11970,23657,online,silver,9407,2023-06-23
11971,23661,express,silver,1410,2025-04-13
11972,23663,standard,bronze,10712,2021-03-07
11973,23663,express,bronze,28353,2023-01-24
11974,23668,express,silver,39296,2019-04-25
11975,23670,online,silver,40939,2019-11-11
11976,23670,standard,silver,13744,2024-04-16
11977,23671,online,bronze,45130,2020-05-12
11978,23675,standard,platinum,2285,2021-10-28
11979,23678,standard,bronze,22984,2024-11-18
11980,23678,online,silver,42588,2023-11-05
11981,23680,flagship,bronze,23421,2020-04-15
11982,23681,flagship,bronze,14601,2023-04-27
11983,23684,express,silver,26155,2023-08-03
11984,23685,flagship,silver,9914,2025-11-18
11985,23686,online,bronze,13922,2022-02-10
11986,23687,online,bronze,49972,2020-07-10
11987,23690,online,silver,19995,2021-04-24
11988,23692,express,bronze,29053,2020-05-07
11989,23693,online,bronze,32140,2020-09-21
11990,23693,flagship,bronze,288,2020-09-30
11991,23694,standard,bronze,17886,2022-04-13
11992,23696,express,silver,43552,2021-10-20
11993,23698,flagship,bronze,9734,2026-05-15
11994,23698,online,bronze,9643,2024-01-03
11995,23701,express,bronze,30366,2022-03-26
11996,23704,flagship,silver,10827,2021-02-13
11997,23705,online,bronze,44637,2020-02-03
11998,23706,online,bronze,3532,2019-04-25
11999,23708,online,platinum,40924,2021-03-08
12000,23709,express,bronze,19522,2019-07-19
12001,23709,flagship,silver,9363,2020-10-21
12002,23712,standard,bronze,48778,2023-12-19
12003,23716,express,silver,18970,2022-02-28
12004,23719,flagship,bronze,10906,2019-03-14
12005,23719,online,bronze,28776,2023-08-10
12006,23720,flagship,bronze,9342,2025-08-01
12007,23720,online,silver,39053,2023-06-10
12008,23721,online,gold,1102,2025-02-06
12009,23722,standard,silver,35106,2021-09-03
12010,23726,express,bronze,5196,2023-11-20
12011,23726,flagship,bronze,11863,2022-05-25
12012,23729,flagship,gold,21315,2019-11-10
12013,23733,online,silver,9293,2020-01-24
12014,23734,express,bronze,49407,2025-09-15
12015,23739,online,silver,21828,2026-01-29
12016,23740,online,bronze,14006,2021-12-12
12017,23741,standard,platinum,43835,2019-06-12
12018,23741,flagship,gold,39666,2020-11-16
12019,23744,express,bronze,42067,2024-09-05
12020,23745,flagship,gold,4157,2020-04-24
12021,23747,standard,bronze,19508,2020-05-14
12022,23748,standard,bronze,46780,2022-09-24
12023,23750,express,bronze,22872,2020-02-11
12024,23751,online,gold,9350,2021-07-13
12025,23755,express,bronze,4934,2025-09-14
12026,23757,express,silver,37963,2026-06-28
12027,23757,online,silver,8131,2021-10-09
12028,23758,online,bronze,34600,2026-04-07
12029,23761,standard,gold,883,2025-06-13
12030,23763,flagship,silver,42098,2023-04-09
12031,23764,online,bronze,14033,2020-11-10
12032,23766,standard,silver,4929,2023-06-04
12033,23768,online,silver,15551,2025-02-17
12034,23770,standard,bronze,28868,2020-03-18
12035,23770,express,silver,35975,2019-05-05
12036,23775,online,gold,47591,2020-09-25
12037,23777,online,bronze,49883,2020-11-23
12038,23778,online,bronze,36290,2019-08-08
12039,23778,flagship,bronze,15052,2022-04-18
12040,23779,express,bronze,23657,2022-06-01
12041,23780,flagship,silver,3674,2019-02-13
12042,23781,standard,silver,7939,2020-11-19
12043,23782,standard,bronze,10217,2021-02-19
12044,23784,express,bronze,32978,2025-11-20
12045,23788,express,silver,17154,2021-04-27
12046,23789,flagship,bronze,46533,2023-09-07
12047,23790,standard,bronze,45072,2024-03-31
12048,23792,online,bronze,44755,2023-09-01
12049,23793,flagship,bronze,42487,2022-04-27
12050,23795,standard,bronze,7259,2019-07-15
12051,23796,express,silver,28290,2025-11-04
12052,23797,online,silver,12283,2023-02-22
12053,23799,express,bronze,24643,2026-04-10
12054,23802,standard,bronze,8283,2026-06-06
12055,23804,flagship,bronze,24414,2021-06-30
12056,23806,express,bronze,24128,2021-04-19
12057,23810,flagship,bronze,5649,2021-03-02
12058,23811,flagship,bronze,35987,2021-07-14
12059,23816,standard,gold,28907,2024-12-14
12060,23821,standard,bronze,30742,2024-04-05
12061,23822,flagship,gold,7153,2020-09-11
12062,23824,flagship,silver,7720,2024-03-09
12063,23825,online,platinum,13623,2020-10-05
12064,23826,online,bronze,48777,2024-11-21
12065,23829,flagship,silver,45519,2023-03-24
12066,23829,express,silver,4444,2023-04-19
12067,23831,online,gold,33108,2019-09-07
12068,23831,flagship,silver,35568,2023-04-24
12069,23832,online,bronze,29570,2020-04-13
12070,23832,express,bronze,21804,2025-02-19
12071,23833,express,silver,39277,2020-12-24
12072,23833,standard,bronze,47336,2019-08-05
12073,23834,express,gold,19397,2021-04-07
12074,23835,online,bronze,45548,2019-06-03
12075,23836,express,silver,34957,2023-04-28
12076,23836,online,silver,34315,2019-01-05
12077,23839,online,bronze,25750,2022-03-31
12078,23839,standard,bronze,42485,2019-09-12
12079,23843,flagship,bronze,42500,2021-07-01
12080,23845,online,silver,31440,2020-09-22
12081,23846,express,gold,41648,2024-01-31
12082,23847,standard,silver,49961,2022-04-02
12083,23848,standard,silver,36379,2023-10-01
12084,23849,express,bronze,35065,2023-08-24
12085,23849,standard,silver,35452,2022-11-10
12086,23850,online,bronze,48971,2025-11-25
12087,23851,express,bronze,2606,2021-05-11
12088,23851,flagship,silver,25273,2023-08-24
12089,23853,standard,silver,32223,2025-01-28
12090,23855,express,bronze,11973,2023-01-23
12091,23857,online,silver,47423,2022-04-01
12092,23860,standard,bronze,5769,2019-08-09
12093,23861,standard,silver,8942,2019-06-28
12094,23864,express,bronze,12831,2024-06-04
12095,23865,flagship,silver,23011,2026-04-17
12096,23867,flagship,gold,16825,2020-04-12
12097,23868,online,silver,21234,2023-11-13
12098,23870,standard,gold,5770,2023-12-26
12099,23871,standard,silver,38662,2024-04-29
12100,23872,express,bronze,37254,2023-09-02
12101,23873,flagship,gold,32498,2021-08-26
12102,23873,express,platinum,23624,2025-07-31
12103,23878,express,bronze,27757,2022-12-24
12104,23881,online,silver,28928,2025-06-23
12105,23882,standard,bronze,32086,2021-12-15
12106,23883,express,bronze,42342,2020-11-01
12107,23884,express,bronze,33420,2023-10-20
12108,23885,express,bronze,33171,2022-05-07
12109,23886,flagship,bronze,40430,2020-07-09
12110,23887,standard,silver,45619,2021-02-07
12111,23888,standard,bronze,37769,2024-12-25
12112,23891,standard,silver,20680,2025-03-22
12113,23894,standard,gold,40922,2020-03-24
12114,23895,flagship,gold,854,2019-07-18
12115,23897,express,bronze,16279,2019-04-13
12116,23902,flagship,silver,7381,2021-09-27
12117,23906,online,gold,27335,2021-05-26
12118,23908,express,bronze,37902,2021-08-10
12119,23910,standard,platinum,48499,2024-07-08
12120,23912,express,bronze,6462,2025-09-26
12121,23917,express,bronze,45981,2026-04-24
12122,23918,express,bronze,27877,2021-01-18
12123,23921,flagship,platinum,4551,2024-07-13
12124,23921,standard,bronze,42615,2024-03-01
12125,23922,online,silver,36711,2026-03-13
12126,23923,express,bronze,40327,2021-11-18
12127,23925,flagship,silver,35846,2023-07-30
12128,23926,standard,gold,1240,2023-11-14
12129,23927,online,bronze,19222,2024-08-04
12130,23928,online,silver,15897,2020-05-04
12131,23929,online,bronze,16262,2022-02-20
12132,23931,flagship,silver,42742,2019-09-06
12133,23932,express,bronze,41120,2025-06-27
12134,23933,express,bronze,17289,2023-08-13
12135,23939,standard,bronze,33505,2022-10-29
12136,23939,online,bronze,21750,2022-12-17
12137,23942,online,silver,38145,2019-10-12
12138,23943,flagship,bronze,25461,2019-01-06
12139,23944,online,silver,46134,2021-03-11
12140,23948,express,silver,24081,2021-01-05
12141,23950,flagship,bronze,17277,2024-11-05
12142,23953,standard,bronze,477,2026-01-12
12143,23953,online,bronze,30275,2023-03-07
12144,23954,express,bronze,24381,2026-06-24
12145,23956,standard,bronze,20863,2024-01-22
12146,23959,flagship,bronze,9606,2020-05-25
12147,23961,standard,platinum,6492,2026-03-01
12148,23962,standard,silver,28876,2021-01-24
12149,23962,express,bronze,5025,2024-09-08
12150,23964,express,silver,40302,2022-12-08
12151,23965,online,silver,17617,2021-07-16
12152,23975,flagship,bronze,30126,2020-09-29
12153,23986,standard,gold,16872,2025-08-28
12154,23989,online,bronze,11160,2024-10-27
12155,23991,standard,bronze,29520,2021-04-19
12156,23992,flagship,silver,46438,2024-08-07
12157,23993,online,bronze,47929,2022-01-28
12158,23998,standard,bronze,18266,2026-01-18
12159,24002,online,bronze,39326,2024-05-05
12160,24002,express,bronze,18983,2021-10-30
12161,24003,online,gold,48775,2022-06-22
12162,24005,online,bronze,44580,2021-10-05
12163,24006,online,silver,38641,2023-04-06
12164,24007,express,bronze,35237,2022-06-02
12165,24007,standard,bronze,40,2023-02-07
12166,24008,standard,bronze,27052,2023-09-14
12167,24009,express,silver,3048,2020-07-23
12168,24010,flagship,bronze,4587,2023-06-09
12169,24011,flagship,bronze,34923,2026-01-18
12170,24011,express,bronze,48332,2026-02-13
12171,24013,standard,silver,11525,2022-03-28
12172,24014,standard,gold,3177,2019-11-26
12173,24015,flagship,bronze,213,2023-04-14
12174,24018,online,bronze,40362,2019-06-06
12175,24020,standard,bronze,29978,2022-06-14
12176,24025,flagship,bronze,22194,2025-12-06
12177,24025,online,bronze,12137,2023-04-12
12178,24026,flagship,gold,13359,2025-03-19
12179,24026,express,gold,49852,2022-09-23
12180,24035,online,bronze,30833,2022-01-20
12181,24036,online,silver,12499,2024-04-09
12182,24037,online,bronze,48796,2025-02-19
12183,24041,online,bronze,39723,2024-02-11
12184,24046,express,platinum,30654,2020-09-27
12185,24047,express,gold,46560,2020-01-23
12186,24047,online,silver,524,2020-05-27
12187,24049,express,bronze,34026,2020-03-26
12188,24050,express,gold,34824,2026-06-18
12189,24053,express,silver,22534,2025-03-21
12190,24053,flagship,bronze,40351,2023-01-20
12191,24054,flagship,silver,41262,2025-12-21
12192,24055,flagship,bronze,22064,2025-08-29
12193,24057,standard,bronze,10559,2023-10-24
12194,24057,flagship,bronze,26546,2024-02-08
12195,24058,standard,gold,16695,2020-05-21
12196,24060,flagship,silver,37313,2022-08-04
12197,24062,online,gold,4881,2020-08-14
12198,24064,online,gold,5059,2021-11-25
12199,24065,standard,bronze,710,2026-01-14
12200,24066,standard,platinum,47681,2022-06-22
12201,24072,flagship,platinum,42955,2025-04-28
12202,24072,standard,bronze,13122,2022-05-16
12203,24074,express,silver,14798,2026-04-12
12204,24075,express,bronze,39776,2026-01-30
12205,24079,express,bronze,45196,2026-02-07
12206,24079,flagship,bronze,49818,2020-08-23
12207,24081,standard,platinum,24764,2025-08-03
12208,24081,flagship,gold,18026,2025-03-05
12209,24085,online,bronze,11416,2019-01-19
12210,24086,express,silver,37713,2021-10-22
12211,24087,flagship,bronze,42383,2019-05-05
12212,24088,standard,silver,19993,2019-08-31
12213,24089,flagship,bronze,1036,2023-08-02
12214,24090,standard,gold,46347,2025-02-06
12215,24091,online,silver,16190,2022-05-09
12216,24093,online,silver,29926,2022-08-08
12217,24099,express,bronze,31040,2023-01-29
12218,24101,express,bronze,27445,2019-04-03
12219,24102,online,bronze,13881,2023-04-10
12220,24104,express,platinum,28145,2020-08-26
12221,24104,flagship,bronze,9934,2023-11-02
12222,24106,flagship,silver,34866,2021-02-09
12223,24107,flagship,bronze,29091,2025-03-01
12224,24110,online,silver,13620,2022-10-30
12225,24111,online,gold,23749,2024-05-05
12226,24117,standard,silver,5831,2020-09-23
12227,24119,standard,silver,39227,2022-04-29
12228,24120,standard,bronze,20946,2026-01-20
12229,24123,online,silver,49556,2024-08-08
12230,24124,flagship,silver,39248,2022-11-29
12231,24128,standard,silver,7588,2019-10-10
12232,24133,online,bronze,6532,2024-10-23
12233,24138,express,silver,20002,2023-02-26
12234,24139,flagship,silver,45483,2020-11-25
12235,24141,online,bronze,38483,2021-12-15
12236,24142,flagship,bronze,31595,2021-04-02
12237,24143,standard,silver,21106,2024-03-22
12238,24143,express,bronze,35039,2025-04-18
12239,24148,flagship,bronze,49978,2019-12-28
12240,24151,standard,bronze,1370,2026-05-01
12241,24152,express,bronze,19804,2022-03-22
12242,24156,online,gold,43198,2023-06-12
12243,24158,flagship,bronze,24449,2019-12-30
12244,24159,online,silver,22876,2025-11-25
12245,24164,standard,silver,3184,2021-10-04
12246,24166,online,silver,40194,2019-06-02
12247,24167,standard,bronze,47630,2022-11-07
12248,24167,flagship,bronze,45431,2025-02-18
12249,24171,express,silver,33322,2025-06-20
12250,24172,standard,bronze,41607,2019-03-14
12251,24174,standard,silver,14001,2020-09-27
12252,24175,online,silver,41538,2022-10-03
12253,24177,online,bronze,15025,2026-04-19
12254,24183,flagship,bronze,37143,2024-02-21
12255,24183,online,silver,24780,2019-11-28
12256,24186,flagship,bronze,20535,2021-06-02
12257,24187,online,bronze,37951,2019-10-02
12258,24192,standard,bronze,15844,2024-09-29
12259,24194,online,gold,35313,2023-11-08
12260,24195,online,platinum,40205,2021-05-07
12261,24198,express,silver,39365,2021-06-06
12262,24199,standard,bronze,3367,2024-10-03
12263,24199,online,bronze,9154,2025-01-26
12264,24200,flagship,silver,35929,2024-06-01
12265,24202,express,silver,29123,2020-07-13
12266,24203,online,bronze,16988,2022-01-16
12267,24208,online,bronze,18704,2025-02-25
12268,24208,standard,silver,16840,2019-08-12
12269,24211,express,silver,37497,2022-05-25
12270,24214,express,bronze,36303,2021-10-26
12271,24216,flagship,gold,44840,2022-02-03
12272,24220,standard,gold,27599,2019-02-10
12273,24221,online,bronze,36217,2024-03-03
12274,24222,online,bronze,14552,2024-12-07
12275,24226,standard,bronze,46465,2020-09-25
12276,24227,express,silver,8858,2021-03-02
12277,24229,standard,silver,44304,2022-11-02
12278,24231,express,bronze,8026,2020-06-25
12279,24232,standard,bronze,1817,2025-10-01
12280,24238,flagship,bronze,1633,2019-08-26
12281,24242,express,bronze,18782,2019-01-05
12282,24243,express,bronze,3270,2021-12-12
12283,24246,online,platinum,49209,2022-10-23
12284,24252,online,bronze,2512,2024-08-29
12285,24253,express,bronze,38601,2023-09-25
12286,24255,standard,silver,33419,2026-03-29
12287,24260,online,gold,29313,2024-01-16
12288,24262,online,bronze,44678,2024-03-24
12289,24263,express,bronze,8030,2025-12-19
12290,24265,flagship,silver,8332,2023-12-16
12291,24265,standard,gold,16029,2024-02-07
12292,24266,express,bronze,19675,2020-07-03
12293,24267,express,gold,15121,2019-10-14
12294,24268,online,bronze,16786,2021-03-29
12295,24271,online,silver,30353,2026-03-11
12296,24273,standard,bronze,23547,2021-09-04
12297,24273,online,silver,30240,2020-08-01
12298,24276,online,silver,49752,2023-03-22
12299,24277,flagship,silver,45652,2020-11-02
12300,24279,flagship,silver,2376,2021-10-14
12301,24284,express,silver,5325,2019-07-16
12302,24285,standard,bronze,26780,2022-11-10
12303,24288,online,bronze,21854,2019-10-31
12304,24289,online,bronze,23760,2019-09-05
12305,24290,standard,silver,2889,2023-02-22
12306,24292,express,bronze,38420,2021-07-26
12307,24293,express,gold,19120,2025-01-18
12308,24296,express,bronze,10078,2022-10-25
12309,24296,standard,silver,10633,2021-02-14
12310,24300,standard,bronze,21998,2023-03-31
12311,24303,standard,bronze,4791,2022-04-13
12312,24305,express,platinum,9283,2024-02-24
12313,24309,standard,bronze,35854,2022-02-02
12314,24310,express,bronze,31254,2020-05-26
12315,24311,express,silver,41340,2020-01-19
12316,24313,standard,platinum,18657,2020-01-15
12317,24315,flagship,gold,7879,2022-11-15
12318,24318,online,bronze,17809,2021-12-26
12319,24318,flagship,silver,28943,2021-06-29
12320,24320,express,gold,45391,2025-03-16
12321,24321,standard,bronze,21758,2021-07-07
12322,24324,flagship,platinum,43438,2023-07-03
12323,24327,standard,bronze,29466,2025-03-08
12324,24328,express,bronze,11585,2023-11-19
12325,24332,online,silver,7536,2024-06-11
12326,24333,standard,silver,16001,2022-12-20
12327,24340,express,silver,519,2019-12-06
12328,24343,standard,silver,3977,2022-02-23
12329,24344,express,gold,28168,2022-10-21
12330,24345,flagship,bronze,41547,2019-01-19
12331,24349,online,bronze,45693,2025-06-13
12332,24350,standard,gold,2446,2022-09-29
12333,24351,express,bronze,21196,2020-11-28
12334,24352,online,bronze,42588,2020-01-29
12335,24352,express,bronze,922,2024-08-23
12336,24355,standard,bronze,16469,2026-06-27
12337,24380,online,silver,27687,2024-07-31
12338,24380,flagship,gold,15921,2024-03-07
12339,24381,online,silver,35297,2023-10-16
12340,24382,express,bronze,5689,2019-04-26
12341,24385,standard,gold,41861,2025-07-20
12342,24387,standard,bronze,13067,2025-08-13
12343,24394,flagship,gold,26780,2024-05-24
12344,24395,standard,bronze,36611,2025-06-11
12345,24398,flagship,bronze,47937,2021-07-24
12346,24402,express,silver,23516,2025-01-27
12347,24403,express,silver,45563,2026-03-22
12348,24403,standard,bronze,33889,2026-03-31
12349,24404,express,bronze,33109,2023-12-18
12350,24406,express,gold,40932,2019-12-23
12351,24407,standard,bronze,12988,2020-11-15
12352,24408,express,bronze,12897,2019-01-24
12353,24410,express,bronze,23437,2025-07-21
12354,24412,express,silver,48627,2025-11-27
12355,24413,online,gold,6398,2024-02-25
12356,24414,flagship,bronze,9766,2026-03-10
12357,24414,express,bronze,8916,2024-03-29
12358,24416,online,gold,47152,2025-10-09
12359,24418,flagship,bronze,15327,2023-04-10
12360,24419,express,bronze,6647,2020-12-10
12361,24420,standard,bronze,2036,2023-12-28
12362,24422,express,platinum,22279,2023-01-13
12363,24422,flagship,gold,29851,2024-07-03
12364,24423,express,silver,8325,2026-02-03
12365,24424,standard,bronze,35047,2020-05-07
12366,24425,online,bronze,22625,2025-07-10
12367,24425,flagship,bronze,26710,2024-10-31
12368,24426,online,bronze,4820,2026-01-04
12369,24427,flagship,bronze,30577,2021-06-24
12370,24429,standard,gold,39829,2019-10-12
12371,24430,standard,bronze,7860,2021-06-02
12372,24431,standard,bronze,5528,2019-07-16
12373,24436,express,bronze,27233,2026-05-21
12374,24437,online,bronze,6665,2022-08-11
12375,24440,express,bronze,49847,2025-07-21
12376,24447,express,bronze,27467,2022-02-08
12377,24460,flagship,bronze,34423,2024-06-22
12378,24461,flagship,bronze,17609,2020-07-16
12379,24462,express,bronze,21557,2021-08-23
12380,24464,standard,bronze,19779,2019-09-09
12381,24465,online,silver,49413,2021-07-13
12382,24469,flagship,silver,10444,2022-03-29
12383,24470,online,bronze,38655,2024-05-24
12384,24472,online,bronze,29429,2022-01-31
12385,24477,flagship,bronze,2507,2022-07-15
12386,24478,flagship,bronze,10296,2022-08-14
12387,24479,standard,bronze,46503,2021-07-13
12388,24481,standard,bronze,2786,2019-08-12
12389,24482,flagship,bronze,24398,2021-03-11
12390,24494,flagship,bronze,2924,2023-10-06
12391,24495,standard,silver,1812,2019-03-08
12392,24496,online,bronze,23851,2026-01-25
12393,24499,standard,bronze,14174,2019-03-29
12394,24500,flagship,bronze,37871,2020-05-09
12395,24501,flagship,bronze,44806,2022-05-18
12396,24501,express,bronze,29870,2023-07-08
12397,24504,standard,bronze,19796,2026-05-31
12398,24506,flagship,platinum,38513,2019-11-06
12399,24508,express,bronze,14895,2021-09-08
12400,24509,standard,silver,43849,2025-07-10
12401,24509,online,bronze,18805,2021-11-15
12402,24510,standard,silver,25442,2026-06-08
12403,24512,express,gold,34058,2025-05-19
12404,24512,online,bronze,48197,2019-04-09
12405,24514,online,bronze,7867,2021-04-15
12406,24517,flagship,bronze,40129,2022-04-25
12407,24518,standard,gold,42123,2019-06-22
12408,24523,express,bronze,21643,2024-07-02
12409,24524,express,bronze,12600,2024-10-10
12410,24528,online,bronze,6962,2019-01-13
12411,24529,standard,silver,33900,2023-12-08
12412,24530,flagship,gold,5557,2022-06-21
12413,24530,online,gold,20754,2021-08-31
12414,24531,flagship,bronze,18921,2026-05-01
12415,24535,online,gold,10459,2021-03-25
12416,24538,standard,silver,3487,2020-12-14
12417,24541,standard,gold,23533,2024-09-23
12418,24543,flagship,silver,21218,2021-04-03
12419,24544,flagship,gold,4025,2020-07-15
12420,24544,online,silver,42493,2022-10-24
12421,24545,standard,silver,10413,2020-06-03
12422,24546,online,bronze,48289,2023-12-06
12423,24546,express,silver,36045,2025-11-26
12424,24549,express,silver,42649,2021-10-19
12425,24550,standard,bronze,41446,2019-05-28
12426,24553,standard,bronze,41714,2019-06-05
12427,24554,online,bronze,45066,2021-04-08
12428,24556,online,bronze,136,2022-06-09
12429,24557,online,bronze,37226,2023-03-10
12430,24559,online,gold,45283,2025-12-15
12431,24560,flagship,gold,37784,2026-05-22
12432,24560,standard,bronze,39665,2025-02-23
12433,24562,standard,bronze,27293,2021-06-26
12434,24563,flagship,silver,45691,2026-03-28
12435,24566,online,gold,38337,2019-03-22
12436,24566,standard,bronze,10170,2023-02-09
12437,24568,express,bronze,43857,2025-03-01
12438,24572,online,silver,10983,2020-09-04
12439,24572,standard,silver,33122,2021-11-06
12440,24573,online,bronze,14227,2021-02-19
12441,24575,standard,bronze,9875,2021-06-17
12442,24576,flagship,bronze,29894,2019-01-24
12443,24578,express,bronze,4531,2019-05-08
12444,24580,flagship,silver,27162,2025-09-06
12445,24582,standard,bronze,7670,2021-05-24
12446,24583,flagship,bronze,40133,2022-03-23
12447,24583,online,bronze,32380,2020-11-03
12448,24584,flagship,silver,20094,2020-08-30
12449,24584,standard,gold,28361,2020-07-07
12450,24586,flagship,platinum,3271,2025-05-02
12451,24590,express,silver,7954,2020-02-14
12452,24595,express,bronze,23119,2022-09-22
12453,24597,standard,bronze,42616,2022-11-24
12454,24600,flagship,bronze,44630,2020-02-25
12455,24601,online,bronze,16895,2023-11-07
12456,24602,express,silver,10968,2022-12-19
12457,24604,online,bronze,40578,2020-06-11
12458,24605,express,silver,43230,2024-09-10
12459,24607,express,bronze,6807,2023-02-25
12460,24611,express,bronze,21349,2020-07-31
12461,24613,express,platinum,11718,2025-12-25
12462,24616,standard,silver,1605,2024-07-13
12463,24619,express,bronze,18585,2024-05-05
12464,24620,online,bronze,46881,2020-07-26
12465,24624,standard,platinum,17878,2025-07-21
12466,24626,standard,bronze,40137,2020-12-04
12467,24628,flagship,bronze,11336,2020-01-01
12468,24629,flagship,bronze,46907,2025-10-02
12469,24630,express,silver,1844,2024-01-09
12470,24631,online,bronze,20842,2023-04-13
12471,24631,flagship,bronze,3010,2024-04-13
12472,24632,online,bronze,477,2022-02-03
12473,24632,standard,bronze,26868,2024-10-16
12474,24635,standard,silver,32168,2019-06-15
12475,24639,online,bronze,13472,2024-06-07
12476,24640,express,bronze,49135,2024-06-01
12477,24644,online,bronze,12843,2019-01-01
12478,24645,express,gold,39354,2019-10-28
12479,24646,express,bronze,26861,2026-03-28
12480,24651,standard,gold,12689,2021-01-28
12481,24651,flagship,bronze,12927,2019-07-23
12482,24652,online,silver,40774,2025-01-23
12483,24653,online,gold,43307,2019-05-26
12484,24655,flagship,bronze,27188,2021-11-02
12485,24656,standard,gold,43234,2024-11-21
12486,24658,flagship,bronze,429,2025-12-30
12487,24660,online,bronze,21604,2026-04-21
12488,24662,express,silver,22386,2024-02-01
12489,24663,express,bronze,38409,2026-04-29
12490,24663,flagship,silver,48146,2021-10-29
12491,24664,online,silver,35880,2022-04-06
12492,24665,standard,bronze,19857,2024-04-16
12493,24668,express,bronze,25686,2022-06-23
12494,24669,online,gold,11635,2024-05-13
12495,24670,express,silver,4381,2025-04-19
12496,24672,express,gold,44439,2020-11-03
12497,24673,flagship,bronze,14641,2025-08-18
12498,24675,flagship,silver,27611,2021-02-22
12499,24679,express,bronze,20189,2019-09-22
12500,24681,online,bronze,37522,2022-01-27
12501,24681,express,bronze,23487,2022-11-26
12502,24682,flagship,gold,638,2022-07-22
12503,24684,express,bronze,7347,2020-12-26
12504,24687,express,bronze,44078,2019-04-23
12505,24688,express,silver,28340,2025-10-15
12506,24690,online,silver,32846,2019-07-27
12507,24690,express,bronze,9825,2019-04-23
12508,24695,online,bronze,25665,2024-11-16
12509,24697,online,silver,6857,2020-09-06
12510,24697,express,bronze,14797,2020-02-08
12511,24701,online,silver,36335,2021-11-09
12512,24702,standard,gold,26362,2025-12-01
12513,24704,online,platinum,46458,2023-03-11
12514,24709,standard,silver,19647,2022-08-08
12515,24711,express,gold,10860,2022-09-17
12516,24712,flagship,bronze,41213,2020-01-27
12517,24712,express,bronze,48800,2026-06-02
12518,24713,standard,bronze,11684,2022-11-25
12519,24713,flagship,silver,21211,2020-03-24
12520,24714,standard,silver,11943,2025-08-29
12521,24717,express,bronze,43593,2022-07-22
12522,24720,standard,bronze,23101,2024-05-27
12523,24726,online,bronze,11421,2021-01-22
12524,24728,express,bronze,20286,2025-05-05
12525,24730,online,silver,15232,2020-03-20
12526,24731,standard,bronze,7108,2026-04-26
12527,24732,express,bronze,27026,2024-06-28
12528,24733,online,bronze,46781,2019-05-19
12529,24734,flagship,silver,10425,2025-08-22
12530,24738,express,platinum,37449,2024-03-27
12531,24739,online,silver,41830,2023-09-14
12532,24741,express,bronze,26809,2025-02-15
12533,24744,express,bronze,6084,2023-05-07
12534,24745,standard,bronze,13843,2021-07-07
12535,24746,flagship,bronze,28673,2024-11-11
12536,24748,flagship,silver,19383,2024-07-20
12537,24751,standard,bronze,40940,2022-12-30
12538,24752,express,silver,23781,2024-02-16
12539,24756,express,bronze,2024,2022-04-23
12540,24758,express,silver,44482,2020-02-06
12541,24759,online,bronze,17042,2020-08-12
12542,24760,express,silver,20019,2021-03-02
12543,24761,flagship,bronze,24373,2024-11-06
12544,24762,standard,bronze,32844,2019-06-11
12545,24763,flagship,gold,9824,2019-04-15
12546,24766,online,gold,16386,2022-01-09
12547,24769,online,silver,32715,2019-02-09
12548,24775,online,gold,964,2021-01-05
12549,24778,online,bronze,42903,2025-03-17
12550,24780,standard,bronze,30375,2020-04-27
12551,24782,standard,bronze,8821,2025-12-08
12552,24783,online,bronze,37908,2021-06-13
12553,24785,express,gold,17365,2025-04-01
12554,24786,express,silver,43641,2025-07-15
12555,24787,express,gold,3701,2019-08-09
12556,24789,online,silver,7521,2020-11-06
12557,24790,flagship,bronze,1041,2024-10-18
12558,24791,online,silver,36057,2023-09-23
12559,24791,flagship,silver,31361,2022-07-06
12560,24794,online,bronze,9433,2026-06-24
12561,24794,flagship,silver,6797,2026-02-21
12562,24795,standard,bronze,44418,2021-04-27
12563,24798,online,bronze,23047,2020-06-20
12564,24799,flagship,bronze,16537,2021-08-17
12565,24800,express,silver,15687,2023-05-10
12566,24802,flagship,gold,1876,2026-05-15
12567,24806,standard,silver,12763,2024-05-11
12568,24810,standard,bronze,47975,2019-12-11
12569,24823,online,bronze,47474,2023-09-12
12570,24827,standard,bronze,36890,2022-03-05
12571,24827,online,bronze,37428,2025-06-23
12572,24829,express,bronze,32540,2021-02-12
12573,24831,flagship,bronze,46137,2023-05-02
12574,24834,standard,bronze,2776,2021-01-15
12575,24835,express,gold,40304,2023-12-19
12576,24836,express,bronze,7084,2022-10-17
12577,24842,flagship,bronze,19821,2025-10-01
12578,24843,flagship,bronze,45205,2021-11-23
12579,24844,standard,silver,2046,2020-06-17
12580,24845,online,bronze,22088,2022-04-30
12581,24849,flagship,bronze,30750,2019-03-01
12582,24850,online,silver,35827,2021-01-19
12583,24851,express,platinum,43165,2023-06-26
12584,24851,standard,bronze,1263,2022-08-24
12585,24854,express,bronze,18026,2019-10-19
12586,24856,express,silver,43045,2023-09-26
12587,24856,online,bronze,38918,2024-08-24
12588,24861,online,bronze,5839,2024-02-09
12589,24863,flagship,bronze,36660,2020-06-28
12590,24866,online,gold,31289,2024-09-10
12591,24867,online,gold,44245,2024-12-24
12592,24868,express,silver,40532,2020-06-11
12593,24870,express,bronze,32359,2023-05-13
12594,24873,flagship,platinum,40657,2023-09-01
12595,24874,express,silver,22313,2023-01-10
12596,24878,flagship,platinum,19571,2020-01-20
12597,24880,standard,silver,27088,2019-07-05
12598,24885,standard,bronze,43799,2020-04-03
12599,24889,flagship,bronze,44473,2022-07-30
12600,24890,online,bronze,45368,2023-10-25
12601,24890,flagship,bronze,28492,2025-11-07
12602,24892,online,bronze,37153,2025-10-09
12603,24895,flagship,bronze,4221,2019-09-04
12604,24896,online,bronze,14210,2022-05-24
12605,24902,flagship,silver,22325,2022-02-18
12606,24904,flagship,bronze,39705,2024-02-16
12607,24908,standard,bronze,27351,2025-01-11
12608,24912,flagship,silver,45585,2025-10-21
12609,24913,express,gold,19747,2025-03-21
12610,24915,online,platinum,25608,2023-08-04
12611,24917,express,silver,19230,2025-07-20
12612,24919,flagship,silver,37790,2020-08-20
12613,24920,flagship,bronze,17753,2025-03-05
12614,24920,standard,silver,43342,2023-05-02
12615,24921,standard,gold,37213,2026-05-03
12616,24923,flagship,bronze,41487,2022-09-02
12617,24923,online,bronze,38113,2019-01-28
12618,24928,express,silver,5334,2026-05-12
12619,24929,express,bronze,39724,2023-06-23
12620,24935,standard,bronze,22213,2020-05-04
12621,24936,express,bronze,5717,2024-07-04
12622,24939,online,bronze,11772,2025-09-28
12623,24941,standard,bronze,19375,2021-11-10
12624,24942,express,gold,18604,2022-06-04
12625,24944,standard,gold,43381,2025-03-23
12626,24945,online,gold,11633,2025-07-29
12627,24950,express,bronze,30843,2025-11-08
12628,24955,online,silver,27219,2020-07-17
12629,24964,standard,bronze,19415,2024-05-08
12630,24966,standard,bronze,26454,2023-06-30
12631,24966,online,bronze,33068,2022-05-30
12632,24969,online,bronze,49900,2020-05-08
12633,24970,flagship,bronze,7420,2020-02-26
12634,24971,flagship,bronze,2228,2025-07-02
12635,24974,express,silver,37232,2022-04-29
12636,24975,express,bronze,20226,2024-02-17
12637,24975,flagship,bronze,36894,2024-12-10
12638,24979,online,silver,38527,2022-01-26
12639,24983,online,silver,17699,2022-03-12
12640,24983,standard,bronze,38879,2024-11-07
12641,24990,standard,gold,29985,2021-11-16
12642,24990,online,silver,46036,2022-01-27
12643,24991,flagship,gold,27272,2024-11-01
12644,24993,flagship,bronze,35993,2022-12-29
12645,24995,express,platinum,31202,2020-03-05
12646,24996,flagship,bronze,47404,2019-11-16
12647,24996,standard,silver,40842,2021-09-12
12648,24998,express,gold,47864,2019-06-16
12649,24998,standard,gold,42061,2019-02-05
12650,25001,flagship,silver,30037,2023-06-12
12651,25005,online,silver,16041,2023-07-25
12652,25007,express,silver,9046,2024-02-20
12653,25010,express,bronze,21670,2025-12-26
12654,25011,flagship,bronze,24079,2020-04-19
12655,25013,standard,gold,26929,2021-12-04
12656,25016,express,silver,16496,2019-02-19
12657,25021,express,bronze,16750,2020-03-21
12658,25022,online,silver,6327,2023-01-19
12659,25023,standard,platinum,24805,2024-05-25
12660,25024,online,silver,24060,2025-02-08
12661,25026,express,bronze,40464,2022-07-02
12662,25029,standard,silver,49515,2023-12-30
12663,25031,flagship,bronze,34371,2023-03-18
12664,25035,standard,gold,11012,2019-11-14
12665,25038,flagship,bronze,23055,2020-06-16
12666,25043,online,silver,12030,2021-10-19
12667,25043,standard,bronze,44127,2024-05-17
12668,25048,flagship,bronze,14501,2026-06-11
12669,25050,standard,bronze,6258,2023-10-05
12670,25057,express,silver,23909,2022-03-03
12671,25058,online,bronze,29755,2022-12-17
12672,25063,online,silver,41986,2025-07-15
12673,25063,standard,bronze,31724,2022-11-25
12674,25064,online,silver,1910,2021-06-10
12675,25067,online,bronze,21773,2020-01-12
12676,25068,standard,platinum,38153,2024-12-31
12677,25071,online,bronze,36762,2019-07-11
12678,25072,online,silver,5685,2023-12-17
12679,25074,flagship,gold,28542,2020-07-15
12680,25076,online,silver,49862,2019-04-17
12681,25078,online,bronze,20923,2026-05-04
12682,25078,standard,bronze,30223,2020-12-05
12683,25085,online,silver,6858,2021-01-11
12684,25089,online,silver,22652,2026-05-03
12685,25090,online,bronze,20600,2023-01-25
12686,25091,online,bronze,40673,2020-02-08
12687,25093,online,silver,13804,2022-12-05
12688,25093,express,silver,32694,2024-04-12
12689,25094,standard,bronze,30956,2021-06-09
12690,25095,express,gold,34467,2023-12-10
12691,25096,flagship,silver,8015,2026-01-17
12692,25098,online,gold,24784,2025-05-16
12693,25099,express,bronze,38212,2023-01-25
12694,25099,standard,bronze,37079,2024-08-01
12695,25101,online,bronze,36392,2022-08-24
12696,25102,standard,bronze,48490,2019-03-22
12697,25102,express,bronze,2301,2021-05-22
12698,25103,flagship,bronze,8125,2026-01-09
12699,25104,standard,silver,10465,2019-01-23
12700,25104,online,bronze,48916,2023-09-15
12701,25105,express,bronze,43839,2025-05-30
12702,25105,standard,gold,7044,2022-03-25
12703,25109,standard,platinum,2358,2019-08-17
12704,25110,standard,silver,47345,2023-07-16
12705,25111,express,bronze,32677,2025-12-02
12706,25114,express,bronze,25511,2024-06-20
12707,25115,online,bronze,9679,2020-08-21
12708,25118,online,silver,15284,2021-06-19
12709,25120,express,silver,6896,2024-12-28
12710,25123,express,gold,41311,2026-05-24
12711,25124,express,bronze,37019,2022-11-06
12712,25124,standard,bronze,6188,2024-01-07
12713,25126,flagship,silver,19684,2021-10-04
12714,25130,express,bronze,26051,2022-02-26
12715,25131,standard,bronze,23261,2025-02-26
12716,25134,online,bronze,7118,2019-10-11
12717,25138,online,bronze,20853,2019-09-22
12718,25142,flagship,gold,95,2024-01-08
12719,25144,standard,bronze,32961,2020-08-30
12720,25150,express,bronze,196,2019-02-16
12721,25152,standard,silver,85,2023-01-28
12722,25153,online,bronze,17578,2025-06-27
12723,25154,flagship,silver,26026,2020-11-14
12724,25161,standard,silver,36493,2020-12-08
12725,25164,express,silver,19813,2022-03-17
12726,25165,flagship,silver,26753,2022-03-01
12727,25167,standard,silver,24745,2023-11-24
12728,25168,express,silver,41763,2025-07-08
12729,25168,flagship,bronze,19579,2022-03-21
12730,25169,standard,bronze,29642,2023-02-26
12731,25170,standard,silver,25573,2022-04-16
12732,25173,standard,bronze,33653,2026-01-07
12733,25175,online,bronze,12274,2019-07-23
12734,25176,express,gold,44308,2023-11-23
12735,25180,flagship,bronze,24635,2025-09-01
12736,25180,online,bronze,20022,2020-06-13
12737,25181,express,silver,28857,2022-06-09
12738,25189,express,silver,28127,2021-05-28
12739,25191,online,gold,10679,2020-11-16
12740,25195,express,bronze,48876,2021-10-28
12741,25196,standard,gold,49620,2026-01-12
12742,25199,express,gold,2155,2021-03-11
12743,25201,online,bronze,48356,2023-06-24
12744,25202,standard,bronze,8923,2019-11-16
12745,25209,express,silver,11625,2019-02-25
12746,25209,online,bronze,27341,2022-02-01
12747,25211,flagship,gold,32567,2020-11-13
12748,25212,express,gold,27527,2025-11-27
12749,25215,online,bronze,13082,2026-01-20
12750,25215,standard,bronze,23121,2021-04-06
12751,25216,flagship,silver,17561,2020-09-14
12752,25218,standard,bronze,5014,2023-02-16
12753,25220,standard,silver,1023,2019-08-25
12754,25223,online,gold,44874,2021-08-13
12755,25224,express,bronze,5075,2023-05-27
12756,25225,express,silver,20193,2022-08-21
12757,25226,flagship,silver,41406,2022-02-25
12758,25228,standard,silver,5856,2021-04-01
12759,25230,standard,bronze,33648,2019-11-21
12760,25232,flagship,bronze,6022,2021-08-04
12761,25232,standard,bronze,21753,2021-10-04
12762,25233,online,bronze,7746,2022-05-19
12763,25234,standard,bronze,14617,2026-02-20
12764,25237,online,platinum,16064,2020-03-26
12765,25238,flagship,silver,6346,2026-04-08
12766,25238,online,bronze,39438,2025-05-11
12767,25244,express,bronze,6874,2022-11-29
12768,25244,standard,bronze,17521,2025-07-29
12769,25256,flagship,silver,29420,2021-12-11
12770,25260,express,gold,44732,2021-04-17
12771,25260,flagship,bronze,20952,2025-12-07
12772,25263,standard,bronze,8214,2023-11-07
12773,25264,flagship,bronze,25860,2025-04-11
12774,25265,standard,bronze,39824,2025-06-27
12775,25268,express,bronze,47413,2024-06-08
12776,25269,standard,platinum,11408,2025-03-29
12777,25270,standard,bronze,14061,2023-02-27
12778,25272,express,bronze,12976,2024-12-01
12779,25273,online,silver,44649,2024-09-29
12780,25276,standard,bronze,37584,2023-04-10
12781,25278,standard,bronze,9002,2020-05-10
12782,25281,online,silver,48358,2026-05-06
12783,25287,express,platinum,24802,2022-01-26
12784,25287,standard,silver,43295,2019-03-19
12785,25288,online,silver,14610,2022-07-12
12786,25288,express,silver,12500,2020-07-15
12787,25292,flagship,gold,37668,2024-06-12
12788,25294,express,bronze,30195,2021-01-27
12789,25296,express,platinum,49935,2024-09-16
12790,25300,online,platinum,39823,2021-11-19
12791,25301,standard,silver,32774,2024-12-07
12792,25302,express,silver,17141,2022-06-09
12793,25303,standard,bronze,4932,2022-03-05
12794,25309,flagship,silver,37543,2022-07-02
12795,25311,standard,bronze,25069,2019-01-18
12796,25312,express,bronze,49816,2026-06-04
12797,25312,flagship,silver,2693,2024-03-03
12798,25313,standard,platinum,42351,2024-02-11
12799,25313,online,bronze,8233,2022-07-12
12800,25315,online,platinum,26603,2025-10-16
12801,25316,express,silver,33971,2021-12-20
12802,25316,flagship,bronze,24148,2024-11-24
12803,25318,flagship,bronze,13870,2023-10-21
12804,25320,express,silver,40912,2026-03-19
12805,25322,express,bronze,18482,2023-05-25
12806,25327,online,silver,7924,2023-01-02
12807,25329,standard,bronze,28666,2024-06-13
12808,25333,express,bronze,9396,2020-08-24
12809,25335,flagship,bronze,35680,2022-07-22
12810,25336,online,gold,27487,2022-09-13
12811,25343,standard,gold,16189,2021-10-28
12812,25348,standard,silver,6095,2020-10-23
12813,25350,express,silver,48152,2022-08-05
12814,25352,standard,silver,13566,2022-08-29
12815,25356,flagship,bronze,25745,2020-06-21
12816,25357,standard,bronze,31336,2019-02-20
12817,25358,online,platinum,6759,2019-04-10
12818,25359,standard,bronze,36006,2022-02-26
12819,25364,standard,silver,48970,2023-05-06
12820,25365,online,bronze,25283,2025-11-17
12821,25367,express,bronze,23216,2021-12-11
12822,25370,online,silver,47994,2024-11-16
12823,25372,flagship,bronze,46723,2023-03-13
12824,25373,standard,bronze,13304,2021-04-07
12825,25375,express,platinum,35626,2019-08-09
12826,25375,online,bronze,39100,2022-03-23
12827,25377,online,silver,44354,2022-09-15
12828,25379,express,bronze,25037,2024-02-06
12829,25379,flagship,bronze,37225,2022-01-02
12830,25383,standard,silver,38973,2019-05-25
12831,25384,online,bronze,22722,2019-10-04
12832,25384,flagship,bronze,35470,2020-07-13
12833,25385,online,silver,26055,2024-05-23
12834,25389,flagship,silver,13174,2019-07-07
12835,25390,online,silver,2385,2023-07-13
12836,25392,express,bronze,32988,2021-09-04
12837,25392,flagship,bronze,42280,2023-11-07
12838,25393,standard,silver,4908,2024-01-18
12839,25395,flagship,bronze,795,2023-04-24
12840,25396,flagship,bronze,19509,2024-06-10
12841,25399,flagship,silver,44233,2021-03-22
12842,25399,online,bronze,18966,2025-12-26
12843,25400,online,bronze,40549,2021-01-01
12844,25400,flagship,silver,13501,2022-06-10
12845,25403,online,bronze,31188,2021-05-18
12846,25404,flagship,bronze,43760,2019-02-18
12847,25407,flagship,bronze,24149,2020-06-04
12848,25408,standard,silver,41758,2022-12-09
12849,25409,standard,bronze,8111,2025-05-09
12850,25411,standard,bronze,46529,2024-11-18
12851,25412,express,bronze,43324,2023-05-18
12852,25413,express,bronze,39048,2019-09-21
12853,25423,online,bronze,40782,2023-10-13
12854,25423,standard,bronze,23175,2021-02-20
12855,25425,express,bronze,38752,2024-06-05
12856,25427,express,bronze,23916,2024-04-05
12857,25430,express,silver,27343,2024-05-15
12858,25433,online,bronze,47248,2022-06-19
12859,25435,online,silver,38648,2019-03-30
12860,25442,standard,gold,28168,2024-06-14
12861,25443,online,bronze,19064,2020-07-23
12862,25445,express,bronze,29569,2025-03-16
12863,25446,online,silver,36055,2023-09-08
12864,25447,online,platinum,2412,2024-06-11
12865,25448,standard,bronze,19098,2021-12-18
12866,25451,standard,bronze,12419,2024-03-25
12867,25454,online,silver,11427,2021-12-01
12868,25455,express,bronze,29111,2019-04-20
12869,25458,express,bronze,42754,2020-04-14
12870,25459,standard,silver,15243,2025-12-09
12871,25461,flagship,silver,3369,2024-12-12
12872,25463,flagship,gold,34155,2024-04-30
12873,25464,flagship,silver,14546,2023-06-30
12874,25464,express,silver,20276,2019-02-18
12875,25470,standard,silver,8362,2021-03-05
12876,25472,flagship,silver,4230,2024-03-26
12877,25472,express,gold,45193,2022-10-03
12878,25475,express,bronze,7705,2023-11-06
12879,25475,flagship,bronze,20439,2025-03-18
12880,25477,express,bronze,41943,2021-04-07
12881,25478,online,bronze,34737,2024-12-16
12882,25478,flagship,silver,27889,2023-05-10
12883,25479,flagship,bronze,18649,2025-10-18
12884,25481,express,bronze,25965,2021-05-03
12885,25482,express,silver,25625,2021-07-24
12886,25485,online,silver,24172,2024-01-26
12887,25492,express,bronze,17337,2026-04-23
12888,25499,express,bronze,20299,2023-12-22
12889,25500,online,bronze,9954,2025-01-03
12890,25505,standard,silver,34630,2019-12-12
12891,25506,express,bronze,35113,2023-09-14
12892,25507,standard,gold,11932,2026-04-18
12893,25508,flagship,silver,10420,2025-03-01
12894,25510,express,silver,4733,2020-12-08
12895,25512,express,bronze,36297,2023-01-07
12896,25514,express,bronze,39437,2026-02-05
12897,25516,online,bronze,23757,2024-10-15
12898,25516,express,bronze,11570,2019-10-07
12899,25520,express,bronze,22280,2020-02-01
12900,25521,online,bronze,18474,2025-02-07
12901,25522,online,silver,9597,2025-07-20
12902,25525,express,silver,19586,2024-05-23
12903,25526,standard,silver,22744,2026-03-05
12904,25529,online,bronze,8495,2021-02-17
12905,25530,online,silver,23593,2021-02-18
12906,25535,express,gold,6496,2022-08-19
12907,25537,express,gold,6919,2021-10-27
12908,25537,standard,bronze,29169,2026-06-29
12909,25538,online,silver,17164,2019-01-01
12910,25539,standard,bronze,46040,2024-12-12
12911,25540,flagship,bronze,5784,2020-10-15
12912,25541,online,silver,47154,2020-01-10
12913,25542,online,silver,32739,2022-03-13
12914,25544,online,platinum,22319,2024-05-20
12915,25545,flagship,bronze,4564,2025-05-13
12916,25547,flagship,silver,37258,2022-11-19
12917,25551,standard,bronze,15506,2021-01-13
12918,25553,online,silver,9225,2019-05-23
12919,25553,flagship,gold,7528,2026-01-02
12920,25558,express,bronze,30328,2020-04-06
12921,25564,online,bronze,10759,2025-11-18
12922,25568,standard,bronze,23124,2024-10-28
12923,25569,flagship,silver,38242,2019-11-07
12924,25570,standard,bronze,37309,2025-09-09
12925,25571,express,silver,34304,2023-06-25
12926,25573,standard,gold,11121,2020-07-17
12927,25580,standard,bronze,33939,2019-12-16
12928,25583,standard,bronze,22279,2025-06-21
12929,25587,standard,bronze,1985,2025-06-16
12930,25589,standard,bronze,2397,2021-03-04
12931,25591,online,bronze,46247,2025-10-08
12932,25593,standard,bronze,6375,2024-12-10
12933,25595,online,bronze,30593,2024-04-16
12934,25597,express,bronze,12366,2021-11-19
12935,25600,express,bronze,5303,2020-06-19
12936,25600,online,silver,46290,2021-06-14
12937,25602,express,bronze,28298,2019-07-09
12938,25603,express,bronze,29812,2019-08-21
12939,25603,flagship,gold,2881,2021-07-01
12940,25604,online,bronze,42358,2021-02-27
12941,25608,standard,bronze,5856,2023-10-07
12942,25608,express,gold,8499,2019-05-25
12943,25614,online,silver,31519,2021-01-25
12944,25614,express,silver,38238,2024-02-22
12945,25618,flagship,bronze,3299,2022-09-15
12946,25620,online,bronze,27020,2023-04-07
12947,25621,express,silver,17572,2023-01-27
12948,25623,standard,silver,8335,2024-06-21
12949,25623,express,bronze,39894,2026-04-23
12950,25628,flagship,bronze,3048,2022-07-13
12951,25629,online,bronze,4490,2019-09-19
12952,25630,standard,bronze,32718,2025-08-09
12953,25631,flagship,silver,17999,2025-08-01
12954,25631,online,bronze,4715,2023-08-01
12955,25633,online,bronze,33008,2022-01-27
12956,25635,online,bronze,38219,2022-02-15
12957,25639,flagship,bronze,9305,2026-03-28
12958,25640,online,silver,48610,2022-08-15
12959,25643,standard,bronze,38456,2023-09-28
12960,25647,flagship,bronze,46281,2020-07-03
12961,25652,online,silver,9550,2024-07-02
12962,25654,online,silver,6096,2021-02-14
12963,25654,flagship,gold,12970,2023-07-14
12964,25658,flagship,bronze,34617,2024-02-08
12965,25659,flagship,silver,29177,2020-12-25
12966,25660,online,bronze,16346,2026-04-03
12967,25662,standard,bronze,45978,2026-06-03
12968,25663,standard,silver,977,2025-11-12
12969,25668,express,bronze,31800,2019-05-24
12970,25672,online,bronze,43120,2025-08-06
12971,25672,flagship,bronze,19196,2019-05-06
12972,25673,online,silver,3103,2022-08-25
12973,25675,standard,silver,11875,2025-05-27
12974,25676,flagship,silver,9328,2025-11-23
12975,25676,express,silver,20441,2021-04-23
12976,25677,flagship,platinum,8227,2020-05-16
12977,25681,online,silver,33119,2025-07-09
12978,25686,express,bronze,18992,2024-11-03
12979,25687,flagship,bronze,22984,2026-01-27
12980,25688,flagship,silver,25798,2025-08-20
12981,25689,standard,bronze,15439,2019-05-08
12982,25694,flagship,platinum,29340,2025-04-23
12983,25696,express,bronze,47033,2026-06-18
12984,25697,flagship,bronze,23083,2021-06-03
12985,25704,flagship,bronze,18054,2023-06-22
12986,25705,online,bronze,13688,2023-08-27
12987,25706,standard,silver,42804,2023-02-24
12988,25707,flagship,gold,36026,2022-07-10
12989,25709,express,bronze,17283,2026-06-12
12990,25710,flagship,bronze,13864,2025-08-14
12991,25711,express,silver,31683,2025-04-09
12992,25711,flagship,bronze,43109,2022-11-03
12993,25719,flagship,bronze,36845,2023-11-28
12994,25720,flagship,bronze,20059,2025-01-17
12995,25721,standard,silver,18325,2021-06-23
12996,25723,standard,bronze,28626,2019-08-07
12997,25724,standard,bronze,43747,2024-02-24
12998,25725,flagship,silver,9302,2023-12-29
12999,25731,express,gold,2079,2020-01-22
13000,25732,flagship,silver,2271,2024-07-17
13001,25734,express,bronze,29123,2025-05-24
13002,25736,flagship,silver,46496,2021-09-30
13003,25738,express,platinum,41641,2022-10-03
13004,25740,online,platinum,34319,2021-04-09
13005,25743,express,platinum,42357,2025-07-21
13006,25749,flagship,bronze,48327,2025-07-09
13007,25749,online,silver,40704,2020-02-04
13008,25750,express,bronze,30634,2020-12-22
13009,25751,flagship,bronze,15426,2024-11-07
13010,25752,express,silver,23487,2019-08-18
13011,25754,online,silver,7107,2022-11-28
13012,25756,online,bronze,43285,2021-03-23
13013,25758,flagship,gold,26734,2021-08-26
13014,25759,standard,gold,12060,2021-03-26
13015,25767,express,silver,27306,2023-01-24
13016,25769,online,platinum,42049,2021-06-28
13017,25772,online,bronze,31905,2023-07-27
13018,25773,flagship,silver,21447,2020-04-28
13019,25776,standard,bronze,16350,2024-07-01
13020,25776,online,gold,20133,2023-08-31
13021,25777,express,bronze,35084,2020-05-24
13022,25778,online,silver,17235,2020-02-14
13023,25778,flagship,silver,12184,2019-03-27
13024,25781,online,bronze,48154,2022-01-28
13025,25783,online,bronze,6319,2024-08-08
13026,25786,express,silver,35984,2024-04-24
13027,25788,flagship,bronze,5108,2022-01-02
13028,25788,express,silver,25132,2019-12-28
13029,25789,standard,silver,14259,2021-06-18
13030,25794,standard,gold,34684,2025-11-08
13031,25795,online,silver,2257,2021-11-16
13032,25797,express,bronze,37632,2024-04-09
13033,25799,flagship,platinum,39944,2026-05-23
13034,25800,standard,bronze,15307,2023-09-30
13035,25800,express,gold,23698,2021-09-16
13036,25802,express,platinum,33056,2026-05-24
13037,25803,standard,platinum,45390,2021-05-20
13038,25804,standard,bronze,12630,2022-05-05
13039,25804,flagship,bronze,41615,2020-08-28
13040,25805,flagship,bronze,10789,2025-02-27
13041,25805,standard,bronze,20903,2023-10-14
13042,25808,standard,bronze,43638,2020-03-15
13043,25810,online,silver,44786,2020-01-06
13044,25812,online,bronze,27471,2024-07-03
13045,25818,flagship,bronze,12107,2023-12-10
13046,25825,online,bronze,23367,2023-02-25
13047,25830,express,bronze,3787,2026-01-06
13048,25830,flagship,bronze,12708,2026-05-22
13049,25831,online,bronze,5514,2020-10-29
13050,25833,express,bronze,38411,2019-08-30
13051,25836,online,bronze,18665,2025-07-29
13052,25837,standard,bronze,33955,2021-09-25
13053,25839,online,gold,23510,2021-09-25
13054,25841,standard,silver,5552,2026-02-15
13055,25841,express,silver,42316,2024-03-25
13056,25842,flagship,bronze,1466,2023-04-03
13057,25844,standard,bronze,7377,2019-03-10
13058,25850,online,bronze,19879,2020-10-20
13059,25851,online,silver,21349,2021-04-02
13060,25852,standard,bronze,4772,2021-09-14
13061,25853,flagship,silver,18522,2024-06-16
13062,25856,flagship,bronze,26007,2025-10-15
13063,25857,express,silver,35483,2020-12-11
13064,25860,flagship,bronze,42579,2023-06-07
13065,25861,flagship,bronze,37630,2021-12-18
13066,25862,express,bronze,39276,2022-04-08
13067,25863,express,bronze,1820,2022-06-05
13068,25864,express,bronze,26395,2023-04-16
13069,25870,express,silver,5152,2020-11-05
13070,25871,flagship,bronze,2295,2024-05-25
13071,25876,standard,bronze,9883,2025-12-16
13072,25877,express,bronze,31257,2019-12-09
13073,25879,express,silver,13781,2024-01-20
13074,25879,standard,silver,28067,2020-09-13
13075,25883,express,bronze,26795,2019-03-22
13076,25885,flagship,bronze,42530,2025-08-05
13077,25886,online,platinum,29555,2019-03-14
13078,25889,standard,bronze,27836,2023-07-22
13079,25890,online,gold,47949,2021-11-14
13080,25894,express,bronze,33977,2022-08-08
13081,25901,flagship,gold,30710,2023-01-30
13082,25904,online,gold,14472,2020-04-04
13083,25906,express,bronze,9963,2019-05-17
13084,25910,standard,bronze,27512,2022-06-06
13085,25913,express,bronze,34868,2020-11-29
13086,25914,standard,silver,12749,2024-04-19
13087,25918,online,bronze,10774,2023-07-05
13088,25923,flagship,gold,21609,2024-07-03
13089,25923,online,silver,29915,2025-10-19
13090,25925,flagship,silver,39077,2019-01-15
13091,25927,flagship,silver,36532,2024-05-31
13092,25932,flagship,bronze,12152,2019-10-11
13093,25934,flagship,bronze,20760,2024-07-28
13094,25935,express,bronze,28779,2024-06-27
13095,25936,standard,silver,28720,2024-12-22
13096,25937,flagship,bronze,44911,2025-04-25
13097,25938,express,silver,44085,2026-05-26
13098,25939,standard,bronze,18859,2019-05-25
13099,25940,standard,silver,18916,2021-06-27
13100,25942,standard,bronze,39539,2021-06-03
13101,25946,online,bronze,18983,2021-09-14
13102,25948,express,bronze,25327,2022-12-19
13103,25949,flagship,silver,5722,2024-08-07
13104,25954,online,bronze,5432,2021-12-19
13105,25956,express,silver,31909,2020-09-09
13106,25958,flagship,silver,3537,2025-12-02
13107,25960,flagship,bronze,43874,2025-07-20
13108,25962,online,gold,27049,2023-08-15
13109,25962,flagship,bronze,16977,2025-11-04
13110,25963,flagship,silver,19565,2026-03-22
13111,25967,online,silver,21084,2022-08-05
13112,25968,standard,bronze,22058,2022-05-28
13113,25971,flagship,silver,40651,2020-08-14
13114,25971,online,bronze,20510,2025-04-29
13115,25972,flagship,bronze,12644,2024-03-24
13116,25973,flagship,silver,31102,2024-11-01
13117,25978,flagship,bronze,35996,2024-01-16
13118,25981,online,bronze,8853,2022-02-14
13119,25985,flagship,bronze,28405,2026-04-06
13120,25986,online,bronze,28945,2026-05-14
13121,25987,express,silver,10725,2024-07-18
13122,25988,flagship,silver,31004,2020-06-23
13123,25995,online,silver,49910,2021-09-01
13124,25996,online,bronze,5941,2022-03-24
13125,25997,standard,silver,15569,2019-09-06
13126,25998,flagship,silver,27104,2024-04-05
13127,26000,flagship,silver,20791,2025-06-01
13128,26004,express,bronze,33952,2024-09-27
13129,26005,online,bronze,30476,2024-10-18
13130,26006,standard,bronze,39322,2019-08-24
13131,26013,standard,silver,33896,2020-06-15
13132,26016,online,silver,45315,2022-12-04
13133,26018,express,platinum,45057,2020-08-06
13134,26020,standard,bronze,1196,2025-10-27
13135,26021,express,bronze,13708,2025-02-13
13136,26022,express,silver,37813,2020-04-12
13137,26026,online,gold,9047,2025-10-11
13138,26027,standard,bronze,38324,2026-04-13
13139,26028,express,bronze,38987,2022-07-22
13140,26030,flagship,bronze,21558,2019-06-06
13141,26035,flagship,bronze,1196,2025-09-06
13142,26035,standard,silver,21660,2023-08-13
13143,26037,express,gold,8234,2021-02-26
13144,26043,flagship,bronze,20336,2023-04-15
13145,26045,online,silver,39573,2019-04-21
13146,26046,flagship,silver,19458,2020-04-04
13147,26046,standard,silver,11756,2025-01-26
13148,26047,online,bronze,47136,2024-11-20
13149,26048,flagship,platinum,22176,2022-12-29
13150,26048,standard,silver,32252,2023-08-15
13151,26051,online,silver,12038,2022-03-17
13152,26053,online,gold,32019,2020-08-09
13153,26055,online,bronze,9067,2019-06-02
13154,26055,flagship,gold,11364,2023-04-25
13155,26059,standard,bronze,22697,2023-12-15
13156,26059,online,bronze,8721,2022-10-10
13157,26060,flagship,platinum,44087,2024-09-23
13158,26062,online,silver,29939,2021-02-11
13159,26062,express,gold,15722,2020-03-25
13160,26063,online,bronze,37441,2023-08-13
13161,26065,standard,gold,1183,2026-04-14
13162,26067,flagship,bronze,11783,2023-05-11
13163,26071,standard,bronze,22873,2021-11-10
13164,26072,online,silver,22981,2025-06-17
13165,26073,standard,bronze,21811,2021-05-08
13166,26075,standard,platinum,23025,2020-06-04
13167,26085,flagship,bronze,36221,2020-10-06
13168,26086,flagship,bronze,18973,2024-04-20
13169,26087,express,bronze,24148,2021-01-27
13170,26091,express,silver,36261,2019-11-07
13171,26091,flagship,bronze,14311,2025-09-22
13172,26094,flagship,bronze,10124,2020-11-16
13173,26095,standard,silver,43758,2019-11-05
13174,26097,online,bronze,48997,2023-10-28
13175,26098,standard,bronze,8589,2021-11-09
13176,26099,express,silver,2980,2023-10-25
13177,26101,express,silver,4477,2021-12-10
13178,26103,express,bronze,47747,2022-11-14
13179,26105,express,silver,22136,2021-02-12
13180,26107,express,bronze,49360,2019-03-21
13181,26110,online,gold,29580,2023-11-08
13182,26110,express,bronze,18629,2021-05-19
13183,26113,online,bronze,12625,2021-06-22
13184,26114,online,bronze,31280,2019-02-19
13185,26114,standard,bronze,43556,2025-09-05
13186,26118,express,silver,349,2021-07-08
13187,26119,standard,bronze,43686,2019-09-24
13188,26120,express,bronze,16585,2022-10-09
13189,26123,express,gold,26342,2019-02-04
13190,26126,online,bronze,2436,2020-10-18
13191,26129,online,gold,19383,2026-04-21
13192,26135,standard,bronze,36970,2019-07-12
13193,26138,flagship,bronze,746,2024-04-20
13194,26140,standard,platinum,13545,2025-08-23
13195,26142,standard,silver,1379,2026-02-27
13196,26143,online,bronze,29699,2019-03-14
13197,26144,express,bronze,46816,2022-06-01
13198,26146,express,bronze,9744,2022-03-23
13199,26146,online,bronze,29129,2019-05-28
13200,26149,online,bronze,15144,2024-02-14
13201,26151,standard,bronze,26296,2019-12-28
13202,26152,online,silver,45148,2023-08-11
13203,26153,flagship,silver,27306,2021-08-14
13204,26154,flagship,silver,956,2024-12-27
13205,26157,online,silver,16193,2024-05-16
13206,26158,standard,platinum,8709,2024-01-07
13207,26160,express,silver,36014,2024-01-01
13208,26161,online,silver,39019,2024-09-01
13209,26162,standard,gold,19965,2020-06-14
13210,26168,online,silver,24120,2021-09-17
13211,26168,standard,bronze,24735,2024-12-19
13212,26171,flagship,bronze,16485,2021-11-17
13213,26173,online,silver,21825,2023-09-26
13214,26175,flagship,bronze,30557,2025-07-24
13215,26178,flagship,silver,35400,2020-04-10
13216,26179,flagship,silver,44343,2026-01-30
13217,26182,express,silver,27983,2025-02-08
13218,26185,flagship,gold,9946,2022-11-28
13219,26189,express,bronze,9777,2025-05-25
13220,26195,flagship,silver,17992,2022-06-18
13221,26197,express,gold,36591,2024-01-04
13222,26197,online,silver,17636,2022-08-07
13223,26198,express,silver,34562,2023-05-31
13224,26198,online,platinum,29070,2019-10-19
13225,26201,express,bronze,44024,2026-06-19
13226,26203,express,silver,781,2023-02-28
13227,26205,standard,bronze,22664,2023-05-01
13228,26206,standard,bronze,5999,2019-01-31
13229,26207,standard,gold,8980,2019-01-30
13230,26208,express,silver,16859,2022-12-17
13231,26210,express,gold,29196,2019-12-01
13232,26211,flagship,gold,9097,2024-04-22
13233,26213,flagship,bronze,23532,2022-05-05
13234,26216,online,silver,22002,2023-07-27
13235,26221,express,bronze,1105,2020-01-30
13236,26221,flagship,bronze,18502,2021-05-20
13237,26225,flagship,platinum,26612,2020-11-06
13238,26227,online,silver,2666,2019-09-03
13239,26228,standard,bronze,8,2024-10-26
13240,26229,online,bronze,48337,2024-08-30
13241,26231,express,bronze,10879,2026-03-27
13242,26234,online,silver,23211,2025-06-28
13243,26235,express,silver,22554,2025-03-06
13244,26235,online,silver,1333,2023-02-16
13245,26236,online,bronze,10534,2025-04-09
13246,26239,express,bronze,49665,2019-12-09
13247,26240,online,silver,36507,2023-04-14
13248,26240,flagship,bronze,47684,2019-09-08
13249,26242,flagship,silver,24901,2026-04-06
13250,26244,express,bronze,18579,2022-10-24
13251,26245,online,gold,39294,2025-01-21
13252,26250,online,silver,27941,2024-10-08
13253,26256,standard,bronze,3474,2020-05-31
13254,26257,online,gold,27264,2019-10-16
13255,26258,online,bronze,47090,2025-03-30
13256,26262,flagship,bronze,43995,2024-10-19
13257,26266,online,bronze,40466,2025-12-06
13258,26267,online,bronze,49049,2019-08-24
13259,26268,online,silver,19830,2026-03-12
13260,26273,standard,bronze,34851,2022-08-29
13261,26276,online,silver,32842,2025-11-01
13262,26279,flagship,bronze,37552,2022-05-09
13263,26279,express,silver,31103,2021-12-14
13264,26280,online,bronze,33447,2023-05-17
13265,26281,online,bronze,36725,2026-03-27
13266,26283,standard,bronze,14634,2024-05-29
13267,26286,online,bronze,9225,2025-03-30
13268,26287,flagship,bronze,25583,2021-04-21
13269,26288,online,platinum,17596,2025-08-21
13270,26289,express,silver,10986,2023-05-18
13271,26290,standard,bronze,44641,2024-12-23
13272,26291,express,bronze,6573,2022-07-03
13273,26292,standard,silver,48215,2019-09-03
13274,26293,flagship,silver,28722,2019-04-19
13275,26294,online,silver,14078,2020-03-16
13276,26296,online,gold,42195,2023-08-22
13277,26297,standard,bronze,7386,2023-06-02
13278,26299,online,bronze,21387,2023-04-14
13279,26301,standard,bronze,33003,2025-10-01
13280,26303,express,bronze,30018,2021-04-25
13281,26306,express,bronze,4314,2024-01-06
13282,26307,online,bronze,16524,2024-03-14
13283,26309,standard,bronze,14521,2024-11-19
13284,26310,express,bronze,986,2021-04-07
13285,26311,online,bronze,11685,2023-08-23
13286,26317,flagship,bronze,27396,2020-09-20
13287,26320,standard,bronze,41444,2022-09-08
13288,26320,online,silver,9306,2025-01-17
13289,26322,flagship,silver,7092,2020-02-13
13290,26323,standard,bronze,22874,2022-11-27
13291,26323,express,silver,26567,2023-08-22
13292,26324,express,bronze,31926,2023-05-28
13293,26326,standard,bronze,5966,2019-07-30
13294,26327,express,bronze,2921,2020-01-04
13295,26327,online,bronze,34311,2019-07-30
13296,26329,flagship,bronze,7088,2024-06-11
13297,26330,flagship,bronze,270,2024-12-07
13298,26332,flagship,bronze,30860,2020-03-24
13299,26333,express,bronze,22926,2022-12-10
13300,26337,online,silver,29019,2019-08-23
13301,26338,flagship,bronze,43512,2021-12-27
13302,26339,online,silver,13918,2022-09-29
13303,26340,express,bronze,45519,2021-11-02
13304,26343,express,silver,21532,2019-11-27
13305,26347,standard,silver,14695,2021-05-25
13306,26348,express,bronze,47176,2019-01-11
13307,26349,standard,bronze,42682,2020-06-06
13308,26350,flagship,bronze,3157,2022-01-22
13309,26351,online,silver,33335,2020-06-11
13310,26353,standard,bronze,35610,2019-09-08
13311,26353,express,silver,15163,2022-05-01
13312,26358,online,bronze,29350,2023-01-10
13313,26361,express,silver,16926,2022-11-20
13314,26364,online,silver,12625,2019-03-05
13315,26365,express,silver,38542,2025-08-21
13316,26365,flagship,bronze,36384,2021-04-18
13317,26367,express,bronze,22155,2024-01-10
13318,26371,flagship,gold,24271,2022-09-11
13319,26375,online,bronze,9555,2022-12-19
13320,26375,express,bronze,20447,2021-08-22
13321,26376,online,silver,32030,2025-04-27
13322,26378,express,silver,7077,2024-05-22
13323,26381,flagship,silver,32422,2026-02-02
13324,26383,online,bronze,11212,2019-05-12
13325,26386,standard,gold,37977,2020-09-16
13326,26387,express,silver,37563,2024-06-12
13327,26388,flagship,bronze,24105,2019-01-11
13328,26389,express,bronze,9140,2020-03-22
13329,26391,express,bronze,35465,2019-07-10
13330,26393,flagship,bronze,1202,2026-02-23
13331,26394,online,bronze,49606,2020-10-16
13332,26397,express,bronze,6811,2020-12-09
13333,26399,flagship,bronze,31382,2021-06-27
13334,26399,online,bronze,28887,2025-08-05
13335,26404,standard,gold,21496,2024-11-25
13336,26405,standard,bronze,8507,2020-01-26
13337,26405,express,gold,29292,2025-09-21
13338,26407,express,bronze,47519,2022-12-09
13339,26409,flagship,bronze,9470,2025-07-31
13340,26411,flagship,bronze,26697,2020-01-21
13341,26414,flagship,bronze,10921,2019-08-19
13342,26420,standard,silver,31031,2026-06-18
13343,26422,standard,bronze,14647,2025-09-04
13344,26423,flagship,gold,38858,2026-01-09
13345,26425,online,silver,2542,2019-06-01
13346,26427,online,platinum,19966,2022-04-21
13347,26427,standard,gold,21414,2020-12-03
13348,26428,online,bronze,18952,2025-10-14
13349,26428,standard,gold,18055,2019-04-25
13350,26429,standard,silver,16510,2021-08-29
13351,26431,standard,gold,47520,2023-09-06
13352,26434,standard,bronze,17952,2019-01-07
13353,26436,standard,bronze,16939,2023-02-12
13354,26440,online,silver,47739,2021-04-02
13355,26440,flagship,bronze,26229,2025-01-26
13356,26441,flagship,bronze,18057,2023-12-26
13357,26442,express,bronze,5133,2026-01-04
13358,26443,flagship,bronze,29123,2025-09-25
13359,26448,express,silver,26693,2026-03-18
13360,26450,online,silver,44969,2023-10-27
13361,26451,standard,silver,36654,2025-03-06
13362,26451,online,bronze,45630,2022-11-29
13363,26453,online,silver,34573,2019-09-14
13364,26455,express,bronze,22960,2022-10-24
13365,26462,express,silver,49231,2023-11-23
13366,26462,flagship,bronze,21672,2020-04-20
13367,26466,flagship,silver,6331,2023-12-04
13368,26470,standard,silver,23988,2026-06-18
13369,26476,express,silver,15807,2019-09-26
13370,26477,flagship,bronze,17676,2020-02-11
13371,26478,standard,bronze,43771,2024-10-18
13372,26479,flagship,bronze,3899,2021-12-26
13373,26481,online,bronze,36478,2021-01-23
13374,26482,express,silver,26714,2021-10-30
13375,26483,online,gold,17424,2020-02-11
13376,26484,online,bronze,40663,2025-01-30
13377,26485,online,platinum,14561,2019-03-21
13378,26485,standard,silver,14706,2020-11-13
13379,26487,flagship,gold,23163,2025-10-06
13380,26490,online,bronze,14984,2022-04-14
13381,26495,flagship,bronze,48729,2019-11-09
13382,26497,online,bronze,42420,2024-04-20
13383,26498,express,bronze,39663,2023-02-13
13384,26499,standard,bronze,33469,2023-06-29
13385,26499,online,bronze,33453,2021-12-16
13386,26500,online,silver,9526,2022-06-03
13387,26501,flagship,silver,31207,2021-07-03
13388,26502,flagship,gold,18820,2020-05-06
13389,26504,standard,bronze,19869,2023-01-03
13390,26506,express,bronze,5831,2025-12-16
13391,26507,express,bronze,19273,2019-05-28
13392,26509,express,bronze,24282,2022-05-30
13393,26516,express,silver,37511,2019-08-02
13394,26516,flagship,gold,31313,2024-02-25
13395,26517,flagship,platinum,37858,2026-06-18
13396,26517,express,silver,27467,2021-01-22
13397,26518,flagship,gold,28455,2025-05-22
13398,26522,standard,gold,38985,2025-04-24
13399,26523,express,gold,3084,2021-10-24
13400,26524,flagship,bronze,49405,2023-08-28
13401,26527,standard,bronze,21635,2024-06-24
13402,26528,standard,silver,43391,2025-09-03
13403,26529,express,silver,41191,2023-02-24
13404,26535,express,silver,41165,2023-04-26
13405,26537,standard,bronze,47560,2026-05-29
13406,26540,express,silver,11462,2021-06-02
13407,26544,express,platinum,41935,2022-08-28
13408,26544,online,silver,28459,2020-05-29
13409,26545,flagship,bronze,25631,2026-06-02
13410,26548,express,silver,31996,2019-07-19
13411,26549,online,bronze,20138,2023-04-27
13412,26550,standard,bronze,28313,2022-05-13
13413,26553,flagship,bronze,39032,2019-07-02
13414,26553,standard,gold,7269,2023-03-19
13415,26561,online,gold,35675,2022-12-31
13416,26561,express,bronze,12242,2024-06-02
13417,26562,express,silver,40701,2019-08-17
13418,26565,express,bronze,35850,2019-03-04
13419,26566,standard,bronze,33030,2019-05-18
13420,26567,standard,silver,7638,2021-01-25
13421,26569,express,bronze,12487,2019-02-25
13422,26575,express,silver,49361,2021-09-16
13423,26575,online,bronze,30125,2024-09-30
13424,26577,flagship,bronze,1496,2022-05-31
13425,26579,express,bronze,28145,2020-05-12
13426,26582,express,platinum,19862,2021-08-27
13427,26584,online,bronze,8757,2019-08-09
13428,26585,express,silver,18423,2024-10-18
13429,26589,express,gold,12674,2022-11-25
13430,26593,flagship,bronze,19552,2025-05-06
13431,26594,online,silver,9225,2026-01-31
13432,26595,online,bronze,41500,2025-10-30
13433,26598,flagship,silver,6940,2026-01-30
13434,26598,online,bronze,46292,2026-03-24
13435,26601,express,silver,44281,2025-02-24
13436,26602,standard,silver,43360,2025-03-28
13437,26603,express,bronze,3218,2021-07-14
13438,26603,standard,silver,9522,2026-05-28
13439,26604,standard,platinum,31435,2020-04-30
13440,26608,express,bronze,12201,2026-01-05
13441,26610,express,bronze,39872,2025-06-05
13442,26610,flagship,bronze,35002,2020-07-27
13443,26611,flagship,silver,37797,2022-08-08
13444,26618,standard,silver,39011,2023-05-02
13445,26619,express,bronze,49285,2023-10-03
13446,26622,online,bronze,39761,2021-04-18
13447,26625,flagship,bronze,19543,2023-06-29
13448,26626,flagship,gold,6257,2023-02-26
13449,26626,online,bronze,42817,2021-07-17
13450,26627,standard,bronze,20142,2020-08-12
13451,26629,standard,gold,17146,2019-05-16
13452,26629,online,platinum,7145,2024-04-25
13453,26631,online,bronze,16214,2022-10-01
13454,26633,express,silver,5247,2023-11-28
13455,26634,standard,gold,37445,2022-07-02
13456,26635,online,bronze,37182,2019-04-13
13457,26635,express,silver,19813,2025-08-20
13458,26637,flagship,silver,13539,2025-08-14
13459,26641,express,bronze,15226,2019-03-29
13460,26642,online,bronze,27318,2024-07-09
13461,26654,flagship,silver,22049,2022-12-02
13462,26655,standard,silver,23631,2020-10-06
13463,26657,flagship,silver,34747,2024-10-21
13464,26664,express,silver,9535,2023-11-04
13465,26665,flagship,bronze,21598,2022-06-30
13466,26665,express,gold,48101,2022-09-29
13467,26666,standard,gold,5010,2021-04-04
13468,26668,online,bronze,4490,2024-09-11
13469,26671,flagship,bronze,23069,2020-09-23
13470,26671,express,bronze,30333,2022-04-21
13471,26673,express,bronze,19470,2024-06-09
13472,26680,standard,bronze,4948,2023-11-29
13473,26686,online,bronze,22035,2022-06-07
13474,26687,express,bronze,12009,2022-03-13
13475,26690,flagship,silver,7334,2023-10-10
13476,26691,standard,bronze,41672,2021-11-20
13477,26692,flagship,bronze,27416,2026-02-01
13478,26692,online,gold,6615,2019-08-09
13479,26693,online,bronze,38902,2022-05-05
13480,26694,standard,bronze,9258,2025-10-05
13481,26702,online,gold,12774,2026-05-16
13482,26704,express,bronze,30606,2023-12-24
13483,26705,express,silver,38334,2022-04-18
13484,26706,flagship,bronze,42955,2025-03-20
13485,26706,online,bronze,12435,2025-03-16
13486,26708,standard,bronze,49314,2025-01-12
13487,26712,standard,silver,10135,2025-05-05
13488,26713,standard,bronze,7723,2023-02-26
13489,26714,flagship,bronze,17439,2024-10-16
13490,26717,flagship,silver,6768,2024-03-03
13491,26719,online,silver,19459,2019-04-09
13492,26721,standard,bronze,29558,2020-05-28
13493,26723,online,bronze,36171,2025-03-31
13494,26725,standard,bronze,24476,2020-07-01
13495,26726,online,bronze,44464,2022-09-19
13496,26727,express,gold,11768,2024-07-20
13497,26729,express,bronze,13734,2024-04-07
13498,26729,standard,bronze,15309,2024-12-19
13499,26731,express,silver,17564,2025-09-27
13500,26732,online,silver,17680,2023-08-21
13501,26732,standard,bronze,22774,2023-06-10
13502,26733,standard,bronze,9720,2021-04-18
13503,26738,flagship,silver,4317,2022-12-25
13504,26741,online,bronze,48140,2023-02-28
13505,26741,flagship,bronze,39382,2024-03-04
13506,26743,standard,bronze,30672,2026-06-05
13507,26743,online,bronze,41573,2021-03-06
13508,26744,flagship,silver,32087,2024-01-23
13509,26753,standard,silver,6190,2026-01-30
13510,26755,standard,bronze,45159,2024-07-02
13511,26758,online,bronze,9148,2026-06-05
13512,26760,online,bronze,19357,2025-03-22
13513,26761,standard,bronze,12131,2025-03-14
13514,26764,standard,bronze,6751,2024-09-11
13515,26765,express,silver,20918,2019-09-25
13516,26766,online,platinum,26506,2022-03-13
13517,26766,express,gold,4301,2019-04-13
13518,26770,standard,bronze,30959,2020-10-25
13519,26773,online,silver,37211,2022-02-09
13520,26774,standard,bronze,46209,2025-03-23
13521,26775,flagship,bronze,38063,2020-11-22
13522,26776,express,bronze,34331,2026-03-18
13523,26777,express,bronze,21661,2022-04-19
13524,26778,flagship,bronze,40537,2020-09-05
13525,26782,online,gold,44792,2026-03-17
13526,26783,online,bronze,26358,2025-08-01
13527,26787,express,gold,12930,2021-07-10
13528,26789,express,silver,18334,2025-04-29
13529,26789,flagship,platinum,32831,2021-09-07
13530,26798,flagship,silver,6636,2023-10-10
13531,26801,online,bronze,24110,2022-03-31
13532,26802,flagship,bronze,44070,2023-10-29
13533,26803,online,bronze,48453,2024-09-20
13534,26803,standard,bronze,33563,2021-03-09
13535,26805,standard,silver,35711,2022-08-31
13536,26806,flagship,bronze,36614,2025-07-29
13537,26807,express,bronze,38909,2023-10-07
13538,26807,standard,bronze,10881,2025-12-17
13539,26810,online,bronze,43250,2022-12-10
13540,26812,standard,platinum,11437,2022-04-06
13541,26816,express,silver,28590,2024-08-19
13542,26818,express,gold,36373,2024-01-16
13543,26819,standard,silver,11359,2020-01-01
13544,26822,online,bronze,36458,2020-04-12
13545,26823,flagship,silver,42908,2021-11-29
13546,26823,online,bronze,19791,2019-11-26
13547,26825,express,silver,4940,2021-01-10
13548,26828,express,gold,2485,2022-08-05
13549,26829,flagship,bronze,29793,2021-08-03
13550,26829,standard,bronze,5133,2021-05-24
13551,26830,standard,platinum,35811,2021-12-12
13552,26830,express,bronze,43331,2019-09-10
13553,26831,flagship,platinum,25885,2019-07-21
13554,26833,flagship,bronze,10446,2022-08-23
13555,26834,online,gold,26541,2023-02-08
13556,26836,express,silver,49765,2019-10-01
13557,26837,online,silver,26045,2019-03-23
13558,26838,standard,silver,13118,2022-04-20
13559,26846,online,bronze,42624,2026-02-09
13560,26850,express,bronze,5060,2021-03-30
13561,26851,online,bronze,34247,2022-03-16
13562,26856,standard,bronze,45794,2024-12-08
13563,26856,online,bronze,41020,2020-04-28
13564,26857,online,silver,6065,2019-07-01
13565,26857,standard,bronze,27102,2023-03-29
13566,26858,express,bronze,22000,2024-07-20
13567,26859,standard,gold,17999,2022-04-19
13568,26860,standard,bronze,4913,2019-09-03
13569,26862,standard,bronze,22264,2023-07-20
13570,26862,express,bronze,30910,2021-03-29
13571,26865,standard,gold,3545,2019-10-03
13572,26868,standard,bronze,37200,2020-04-23
13573,26868,online,bronze,30805,2021-10-26
13574,26877,flagship,bronze,11840,2025-07-15
13575,26880,online,silver,20939,2023-04-11
13576,26880,standard,silver,17053,2020-09-24
13577,26883,express,bronze,44651,2019-11-13
13578,26886,online,bronze,22197,2020-10-09
13579,26887,express,bronze,44448,2020-02-26
13580,26890,online,gold,17900,2020-09-05
13581,26895,express,silver,24089,2022-10-05
13582,26895,flagship,silver,21536,2020-10-25
13583,26896,standard,silver,19387,2020-12-26
13584,26897,flagship,bronze,45273,2019-09-07
13585,26897,express,silver,13986,2025-08-27
13586,26900,online,silver,23826,2019-08-08
13587,26901,express,gold,16202,2019-01-03
13588,26901,standard,bronze,33672,2022-07-24
13589,26903,express,bronze,36387,2024-12-18
13590,26903,flagship,bronze,22624,2019-05-30
13591,26905,flagship,gold,38839,2019-09-11
13592,26907,online,gold,969,2025-09-11
13593,26908,express,bronze,18072,2025-03-12
13594,26911,express,bronze,38624,2021-03-23
13595,26912,express,gold,19080,2020-09-05
13596,26913,flagship,silver,32167,2026-06-09
13597,26915,online,silver,15399,2022-12-18
13598,26915,flagship,bronze,32053,2025-11-08
13599,26918,standard,bronze,37580,2019-11-20
13600,26919,standard,bronze,33476,2025-08-05
13601,26921,express,bronze,556,2024-11-04
13602,26923,standard,platinum,20538,2026-04-08
13603,26923,flagship,bronze,108,2019-07-06
13604,26925,flagship,bronze,45167,2019-07-14
13605,26928,flagship,platinum,17143,2022-09-17
13606,26931,flagship,gold,16358,2023-09-22
13607,26931,standard,bronze,22471,2023-10-25
13608,26932,online,silver,20131,2024-06-04
13609,26937,standard,bronze,33045,2024-12-18
13610,26938,flagship,bronze,48763,2021-08-22
13611,26940,express,silver,17879,2021-08-29
13612,26942,online,bronze,5056,2021-08-30
13613,26945,standard,bronze,11830,2026-04-05
13614,26954,express,gold,20637,2020-03-20
13615,26962,flagship,silver,34998,2022-01-04
13616,26963,flagship,bronze,39216,2019-02-02
13617,26964,express,bronze,23612,2025-06-24
13618,26966,flagship,bronze,48648,2024-10-22
13619,26967,standard,gold,49288,2023-01-21
13620,26971,express,bronze,25659,2026-06-16
13621,26972,standard,bronze,19816,2019-09-21
13622,26975,standard,bronze,11719,2021-02-03
13623,26977,online,gold,21861,2023-04-03
13624,26978,standard,bronze,48742,2021-04-30
13625,26982,online,silver,2991,2025-12-10
13626,26985,standard,silver,22914,2022-12-03
13627,26990,online,silver,41771,2020-01-16
13628,26993,express,silver,31479,2020-10-20
13629,26994,online,platinum,15634,2023-06-16
13630,26999,standard,gold,44763,2021-12-26
13631,27001,express,bronze,26602,2022-09-06
13632,27003,flagship,bronze,34585,2024-03-11
13633,27003,express,bronze,14560,2022-10-24
13634,27008,flagship,silver,9923,2023-12-12
13635,27008,standard,gold,34508,2023-06-01
13636,27010,flagship,bronze,33289,2019-07-27
13637,27011,flagship,bronze,9508,2019-12-09
13638,27014,standard,bronze,27133,2022-07-13
13639,27015,standard,bronze,4226,2019-11-23
13640,27016,online,silver,10974,2022-11-19
13641,27017,online,bronze,42858,2021-07-05
13642,27018,standard,gold,6049,2024-11-22
13643,27019,express,silver,4798,2025-05-27
13644,27019,online,bronze,23219,2023-10-04
13645,27022,standard,bronze,6091,2020-02-19
13646,27025,online,silver,17104,2020-01-19
13647,27026,flagship,bronze,48643,2025-05-07
13648,27027,flagship,platinum,42143,2023-01-21
13649,27032,flagship,gold,20894,2026-02-28
13650,27034,standard,bronze,31725,2019-01-17
13651,27034,online,gold,41179,2024-06-23
13652,27035,flagship,silver,49005,2022-09-03
13653,27037,standard,silver,13827,2024-09-10
13654,27040,express,gold,31438,2023-08-21
13655,27042,online,bronze,36626,2019-04-30
13656,27045,flagship,silver,712,2021-11-02
13657,27046,standard,silver,45794,2023-10-28
13658,27049,online,bronze,24215,2022-11-15
13659,27049,express,silver,42084,2020-09-29
13660,27050,online,bronze,1060,2024-08-11
13661,27052,flagship,silver,998,2019-11-08
13662,27053,standard,silver,43735,2024-02-05
13663,27056,standard,silver,10019,2026-04-23
13664,27060,flagship,bronze,12717,2026-03-10
13665,27062,standard,gold,26999,2023-01-27
13666,27064,flagship,bronze,42193,2022-06-11
13667,27065,standard,gold,30963,2024-11-11
13668,27066,standard,bronze,28025,2019-07-23
13669,27066,express,silver,36743,2020-08-23
13670,27069,express,bronze,44541,2019-02-03
13671,27072,flagship,bronze,15631,2024-05-03
13672,27074,standard,bronze,15373,2020-08-16
13673,27078,express,silver,20602,2025-04-25
13674,27084,flagship,bronze,30085,2025-05-25
13675,27085,flagship,platinum,46144,2023-03-28
13676,27088,express,silver,48753,2020-02-03
13677,27088,flagship,gold,13608,2023-08-10
13678,27090,flagship,bronze,17257,2022-06-24
13679,27091,online,bronze,36606,2025-09-26
13680,27091,standard,silver,1036,2020-12-31
13681,27094,flagship,bronze,21647,2020-03-03
13682,27095,express,bronze,29256,2020-10-05
13683,27097,express,silver,28567,2020-08-25
13684,27097,online,bronze,22211,2020-09-13
13685,27098,express,gold,16873,2024-08-24
13686,27098,online,bronze,14684,2023-10-30
13687,27102,flagship,bronze,26814,2022-07-03
13688,27104,flagship,gold,33046,2021-09-24
13689,27105,standard,bronze,4883,2019-01-09
13690,27106,online,silver,6581,2026-03-29
13691,27106,flagship,gold,1222,2025-08-14
13692,27115,flagship,silver,48744,2026-04-13
13693,27116,flagship,bronze,43898,2021-08-07
13694,27117,online,silver,11583,2021-11-12
13695,27119,flagship,bronze,14415,2023-08-17
13696,27124,standard,silver,2794,2020-06-07
13697,27126,express,gold,22034,2021-09-09
13698,27127,online,silver,31886,2023-10-30
13699,27128,flagship,gold,5288,2024-09-28
13700,27129,standard,bronze,43259,2022-01-01
13701,27131,express,bronze,44931,2023-12-25
13702,27132,express,silver,32409,2024-01-21
13703,27133,express,silver,40434,2021-07-17
13704,27135,standard,silver,7725,2022-11-17
13705,27139,flagship,silver,36924,2023-06-26
13706,27139,express,bronze,33056,2025-03-22
13707,27140,express,bronze,40272,2022-02-10
13708,27143,online,bronze,2107,2025-09-13
13709,27144,online,silver,2434,2025-01-09
13710,27147,express,silver,9971,2021-12-19
13711,27147,standard,bronze,27147,2023-09-13
13712,27150,flagship,silver,23317,2024-05-10
13713,27152,online,silver,29067,2025-10-25
13714,27153,flagship,silver,28241,2024-09-01
13715,27154,online,silver,47468,2020-03-30
13716,27155,online,silver,5863,2019-10-01
13717,27155,express,gold,31751,2023-08-15
13718,27157,flagship,silver,44623,2019-05-07
13719,27158,flagship,bronze,24495,2019-06-16
13720,27159,online,gold,22172,2024-09-04
13721,27160,online,bronze,7316,2022-09-03
13722,27161,express,gold,22796,2022-03-14
13723,27162,express,silver,2430,2020-11-12
13724,27162,standard,bronze,4523,2022-08-26
13725,27164,express,gold,44570,2019-06-14
13726,27172,online,gold,35082,2020-04-04
13727,27173,express,bronze,9862,2022-03-13
13728,27174,standard,bronze,18635,2026-03-22
13729,27176,standard,silver,17776,2023-05-12
13730,27180,flagship,silver,49883,2020-07-23
13731,27181,online,gold,23933,2021-09-08
13732,27182,flagship,bronze,41174,2025-01-22
13733,27184,online,bronze,2837,2022-08-08
13734,27185,express,bronze,41449,2024-06-06
13735,27187,flagship,bronze,27465,2023-04-11
13736,27188,standard,bronze,33486,2023-06-20
13737,27190,flagship,bronze,4568,2022-06-18
13738,27194,standard,bronze,16223,2021-10-20
13739,27195,online,bronze,37257,2025-06-04
13740,27205,express,bronze,9342,2023-12-07
13741,27206,standard,bronze,27626,2024-01-20
13742,27207,express,bronze,20067,2024-04-02
13743,27209,online,silver,11203,2025-08-04
13744,27209,express,bronze,45909,2023-04-16
13745,27210,express,bronze,39157,2020-02-10
13746,27211,flagship,bronze,18640,2025-02-27
13747,27211,online,gold,46,2023-06-26
13748,27212,online,bronze,19570,2026-01-13
13749,27215,standard,bronze,28510,2025-12-05
13750,27216,flagship,silver,654,2021-10-19
13751,27220,flagship,bronze,670,2023-04-21
13752,27225,standard,silver,32306,2023-09-11
13753,27228,express,bronze,15909,2019-06-12
13754,27228,standard,bronze,45857,2025-12-05
13755,27230,express,bronze,6128,2022-01-26
13756,27231,standard,silver,20568,2021-11-16
13757,27234,flagship,bronze,1914,2023-12-11
13758,27236,flagship,bronze,23514,2022-11-05
13759,27237,standard,gold,12423,2023-09-11
13760,27240,online,bronze,1884,2021-08-21
13761,27244,flagship,silver,3519,2024-01-01
13762,27249,standard,bronze,21904,2020-10-16
13763,27250,online,bronze,4859,2021-11-29
13764,27254,flagship,bronze,36706,2020-11-24
13765,27255,express,silver,17930,2022-08-05
13766,27257,flagship,silver,43811,2024-02-26
13767,27258,online,bronze,48777,2022-03-18
13768,27262,online,bronze,9288,2024-09-16
13769,27263,online,bronze,11102,2026-02-27
13770,27265,flagship,bronze,7056,2020-06-26
13771,27267,flagship,silver,14738,2024-03-09
13772,27272,online,silver,7361,2026-04-06
13773,27273,flagship,bronze,28718,2020-03-05
13774,27274,express,silver,34569,2023-05-13
13775,27279,standard,silver,39236,2024-07-27
13776,27280,express,bronze,16754,2023-10-26
13777,27281,standard,gold,42704,2020-11-13
13778,27282,express,silver,6172,2020-08-05
13779,27284,express,bronze,2912,2020-11-13
13780,27286,flagship,gold,23900,2023-06-17
13781,27290,express,bronze,11580,2020-02-17
13782,27290,online,silver,35724,2019-12-23
13783,27291,express,silver,36349,2023-04-03
13784,27294,online,bronze,41298,2026-03-29
13785,27294,standard,silver,24628,2023-11-30
13786,27300,online,bronze,48854,2021-05-23
13787,27303,online,silver,26725,2020-07-08
13788,27307,express,silver,29630,2025-01-01
13789,27311,standard,bronze,26567,2023-03-20
13790,27314,online,bronze,40255,2025-10-23
13791,27315,flagship,bronze,19170,2020-09-15
13792,27317,express,platinum,3620,2023-07-16
13793,27322,flagship,gold,2244,2020-12-25
13794,27325,flagship,silver,49838,2022-12-07
13795,27326,express,silver,11028,2021-12-19
13796,27328,express,bronze,8914,2023-03-27
13797,27332,standard,bronze,13292,2026-03-27
13798,27336,express,bronze,42394,2021-06-04
13799,27338,flagship,bronze,32486,2026-06-18
13800,27338,express,bronze,13033,2023-07-03
13801,27340,online,silver,30737,2020-05-11
13802,27345,online,bronze,18841,2020-12-04
13803,27347,flagship,silver,13440,2021-06-11
13804,27348,online,bronze,20381,2024-06-09
13805,27349,express,bronze,35728,2026-05-12
13806,27351,express,bronze,15185,2020-12-29
13807,27352,standard,bronze,47693,2019-11-24
13808,27357,standard,bronze,40740,2025-02-17
13809,27357,flagship,bronze,8884,2022-06-02
13810,27359,express,bronze,41375,2026-04-16
13811,27362,standard,bronze,29396,2025-05-28
13812,27363,online,bronze,7120,2021-03-12
13813,27363,standard,bronze,44362,2021-03-22
13814,27364,online,bronze,19715,2023-11-05
13815,27367,flagship,silver,22763,2019-06-16
13816,27371,express,bronze,3520,2026-03-26
13817,27372,express,bronze,5726,2026-04-18
13818,27377,express,silver,5158,2020-09-11
13819,27380,online,bronze,6618,2026-04-17
13820,27381,standard,bronze,38745,2025-05-27
13821,27383,express,bronze,25576,2019-10-27
13822,27390,online,bronze,47644,2025-05-13
13823,27392,express,silver,23221,2025-07-18
13824,27393,express,gold,38244,2023-10-01
13825,27394,online,bronze,49568,2019-02-22
13826,27395,express,silver,11205,2024-12-07
13827,27396,online,silver,41783,2025-10-30
13828,27396,express,gold,4340,2025-04-28
13829,27398,online,gold,19689,2023-03-21
13830,27400,flagship,gold,19209,2023-02-06
13831,27400,online,silver,9560,2020-01-28
13832,27401,online,bronze,44548,2023-03-31
13833,27402,express,silver,3697,2021-01-07
13834,27404,online,bronze,26541,2024-03-25
13835,27406,flagship,bronze,4388,2022-08-06
13836,27411,flagship,bronze,16015,2022-06-22
13837,27415,online,silver,33221,2020-08-24
13838,27416,standard,bronze,17197,2026-06-09
13839,27419,online,silver,469,2026-01-24
13840,27424,flagship,bronze,32814,2020-07-05
13841,27427,flagship,bronze,36134,2019-09-03
13842,27428,express,bronze,47019,2022-10-08
13843,27430,express,gold,29886,2022-10-26
13844,27435,flagship,platinum,14012,2026-01-16
13845,27436,flagship,silver,7856,2022-03-28
13846,27436,express,bronze,36862,2019-08-14
13847,27442,flagship,bronze,7614,2022-08-15
13848,27444,flagship,bronze,25030,2023-12-25
13849,27444,express,silver,459,2023-06-02
13850,27445,express,bronze,35575,2023-11-03
13851,27449,express,gold,7154,2020-08-03
13852,27451,standard,bronze,1652,2024-08-02
13853,27455,standard,bronze,47162,2026-04-23
13854,27455,express,bronze,34696,2024-01-05
13855,27457,flagship,bronze,11647,2022-02-20
13856,27459,online,silver,13193,2019-08-16
13857,27461,standard,bronze,19036,2019-11-07
13858,27462,flagship,bronze,45385,2020-08-07
13859,27464,online,silver,481,2020-08-09
13860,27465,express,bronze,43775,2024-04-09
13861,27466,express,silver,16408,2020-07-10
13862,27469,standard,bronze,44758,2022-09-20
13863,27470,flagship,bronze,28354,2019-04-26
13864,27471,flagship,bronze,33829,2019-01-10
13865,27473,express,silver,7801,2024-12-07
13866,27477,flagship,bronze,6273,2024-08-09
13867,27482,flagship,bronze,34570,2021-03-04
13868,27484,flagship,silver,26425,2022-05-09
13869,27485,flagship,bronze,12589,2021-03-21
13870,27486,express,bronze,24440,2021-04-22
13871,27489,express,bronze,10257,2024-02-01
13872,27490,flagship,gold,21802,2019-10-14
13873,27492,standard,bronze,39907,2026-01-10
13874,27494,online,gold,39156,2026-05-07
13875,27497,flagship,platinum,44413,2023-03-11
13876,27500,flagship,bronze,24643,2021-05-13
13877,27501,express,silver,39967,2020-03-13
13878,27505,standard,platinum,24098,2021-02-15
13879,27506,express,bronze,21125,2020-01-11
13880,27507,online,silver,38543,2026-04-22
13881,27508,standard,gold,46964,2023-03-08
13882,27510,flagship,bronze,18958,2020-03-22
13883,27512,online,silver,46251,2025-02-28
13884,27513,flagship,bronze,13294,2022-06-01
13885,27519,flagship,silver,29896,2021-03-15
13886,27520,online,gold,8959,2025-05-19
13887,27522,standard,gold,13550,2025-10-30
13888,27522,online,bronze,6963,2024-10-05
13889,27523,express,bronze,9911,2025-04-30
13890,27523,flagship,platinum,32301,2021-05-27
13891,27525,standard,gold,40013,2019-03-31
13892,27525,online,gold,8468,2020-01-14
13893,27526,standard,gold,42344,2023-07-15
13894,27526,online,silver,2343,2026-02-12
13895,27529,online,platinum,21646,2023-04-30
13896,27529,flagship,bronze,20392,2025-03-18
13897,27532,standard,bronze,13696,2021-10-26
13898,27533,online,silver,34372,2021-10-07
13899,27535,express,bronze,24010,2023-01-29
13900,27536,standard,gold,2372,2025-10-15
13901,27538,express,gold,46127,2020-05-20
13902,27539,standard,bronze,24724,2019-03-08
13903,27541,express,bronze,40520,2026-06-22
13904,27546,express,bronze,8282,2019-02-24
13905,27550,online,bronze,23842,2023-08-06
13906,27551,online,bronze,35057,2026-03-05
13907,27552,standard,bronze,46617,2025-09-06
13908,27553,standard,bronze,16812,2022-02-23
13909,27553,flagship,bronze,37386,2020-06-19
13910,27556,online,bronze,45076,2024-07-24
13911,27557,express,bronze,28144,2019-09-19
13912,27558,standard,silver,43217,2026-01-11
13913,27559,flagship,bronze,8433,2019-05-14
13914,27562,flagship,bronze,11325,2023-09-02
13915,27564,standard,silver,1498,2022-11-19
13916,27566,online,bronze,28126,2019-02-21
13917,27571,express,silver,28879,2019-03-24
13918,27572,online,silver,47842,2020-07-31
13919,27574,online,bronze,38198,2023-05-26
13920,27574,flagship,bronze,15820,2025-05-23
13921,27579,express,bronze,33385,2021-03-17
13922,27581,express,bronze,26770,2019-02-02
13923,27582,standard,silver,16219,2022-08-19
13924,27585,standard,bronze,11974,2022-12-01
13925,27586,flagship,platinum,34241,2020-07-13
13926,27588,flagship,bronze,22615,2021-02-26
13927,27590,flagship,gold,25602,2026-05-17
13928,27591,online,bronze,3072,2023-05-01
13929,27594,flagship,silver,12660,2022-12-22
13930,27595,flagship,silver,20562,2021-04-26
13931,27597,express,platinum,11727,2025-11-24
13932,27598,online,silver,5797,2025-01-02
13933,27599,online,bronze,10319,2021-11-07
13934,27602,flagship,silver,42181,2025-09-16
13935,27603,express,bronze,20450,2022-04-02
13936,27605,standard,gold,47767,2023-02-11
13937,27607,flagship,silver,3924,2022-03-26
13938,27608,standard,bronze,41289,2020-07-11
13939,27608,online,silver,2205,2021-09-17
13940,27611,online,bronze,15370,2019-03-31
13941,27611,express,gold,22511,2019-05-27
13942,27615,express,silver,44967,2020-09-09
13943,27620,standard,bronze,6537,2021-12-01
13944,27621,express,bronze,10623,2023-05-23
13945,27623,online,bronze,1930,2023-06-09
13946,27624,flagship,bronze,17989,2021-09-07
13947,27626,standard,bronze,34558,2022-09-29
13948,27627,online,bronze,5580,2019-07-19
13949,27628,online,bronze,7793,2021-06-04
13950,27634,online,bronze,9512,2020-04-24
13951,27635,express,gold,25555,2021-10-27
13952,27638,online,gold,43681,2019-05-23
13953,27640,express,bronze,42592,2021-10-27
13954,27641,express,bronze,4109,2023-08-17
13955,27644,express,silver,30858,2022-01-27
13956,27645,online,silver,44623,2021-01-09
13957,27648,online,bronze,30436,2019-01-05
13958,27652,online,bronze,18208,2025-01-16
13959,27654,express,gold,11736,2025-05-25
13960,27655,online,bronze,26350,2024-11-15
13961,27660,flagship,gold,9416,2019-07-25
13962,27661,online,gold,41088,2023-06-24
13963,27663,express,gold,4511,2025-08-24
13964,27663,flagship,bronze,6305,2024-10-30
13965,27666,standard,bronze,16627,2023-12-16
13966,27669,express,silver,40567,2026-05-24
13967,27671,online,bronze,40685,2025-12-02
13968,27673,online,bronze,19896,2025-01-10
13969,27673,express,bronze,23500,2023-04-25
13970,27680,express,bronze,26963,2024-11-13
13971,27680,online,gold,25549,2025-04-23
13972,27683,express,silver,15411,2022-08-26
13973,27684,express,bronze,20322,2022-05-13
13974,27686,express,bronze,17331,2025-03-25
13975,27687,standard,bronze,37668,2020-07-07
13976,27688,flagship,bronze,32436,2026-01-23
13977,27689,online,gold,19629,2020-01-10
13978,27694,flagship,bronze,18715,2022-12-15
13979,27695,flagship,silver,28751,2021-10-27
13980,27695,express,bronze,1687,2021-03-03
13981,27697,standard,bronze,27393,2026-03-01
13982,27698,online,bronze,17277,2025-07-17
13983,27701,flagship,silver,28606,2021-01-05
13984,27703,flagship,bronze,31063,2022-08-09
13985,27704,flagship,silver,35134,2021-01-11
13986,27704,standard,silver,32456,2025-02-15
13987,27707,standard,bronze,21512,2021-06-12
13988,27708,express,gold,35636,2024-04-24
13989,27710,online,bronze,39611,2022-01-12
13990,27710,express,bronze,1832,2023-05-31
13991,27711,standard,bronze,404,2020-07-16
13992,27712,online,gold,34363,2022-07-30
13993,27713,express,gold,16584,2023-04-12
13994,27713,online,gold,17938,2022-06-04
13995,27719,flagship,silver,17434,2019-06-30
13996,27721,flagship,bronze,8500,2023-09-04
13997,27727,standard,bronze,25531,2019-02-13
13998,27728,standard,bronze,12064,2020-02-24
13999,27730,flagship,silver,47607,2020-04-26
14000,27733,flagship,gold,21725,2020-09-29
14001,27735,flagship,gold,20792,2024-05-28
14002,27736,online,bronze,11228,2022-11-16
14003,27738,flagship,gold,30214,2023-07-18
14004,27747,flagship,bronze,29126,2021-09-13
14005,27754,express,bronze,23245,2021-12-16
14006,27756,express,platinum,38066,2024-01-17
14007,27761,online,silver,49673,2024-08-26
14008,27763,online,bronze,27677,2019-12-07
14009,27764,online,bronze,13357,2023-06-14
14010,27764,express,silver,18506,2025-09-03
14011,27765,express,gold,36390,2022-01-13
14012,27767,flagship,bronze,41596,2026-02-13
14013,27769,online,silver,865,2021-09-20
14014,27773,flagship,bronze,3211,2023-12-08
14015,27774,standard,bronze,8002,2023-02-08
14016,27776,online,bronze,36936,2021-01-29
14017,27782,express,gold,7849,2025-11-17
14018,27783,online,bronze,3397,2025-12-09
14019,27784,express,bronze,31034,2020-01-09
14020,27787,online,bronze,27109,2024-01-26
14021,27788,standard,bronze,12535,2023-05-13
14022,27789,flagship,silver,2311,2020-03-21
14023,27790,flagship,bronze,34372,2023-05-07
14024,27794,flagship,silver,1666,2025-12-31
14025,27796,online,bronze,33013,2024-10-25
14026,27798,express,platinum,21780,2021-01-01
14027,27804,standard,bronze,7940,2020-07-06
14028,27805,flagship,bronze,21215,2021-10-23
14029,27807,express,gold,41032,2025-11-01
14030,27808,online,silver,22988,2021-11-16
14031,27809,flagship,bronze,1854,2019-06-11
14032,27812,standard,bronze,572,2024-12-19
14033,27814,flagship,bronze,15291,2023-02-21
14034,27814,online,silver,41024,2020-04-09
14035,27817,flagship,gold,41003,2020-09-04
14036,27818,flagship,gold,45842,2023-06-21
14037,27821,standard,silver,45563,2025-07-31
14038,27826,express,bronze,18864,2022-06-28
14039,27829,standard,gold,10734,2025-05-19
14040,27830,online,silver,44430,2022-10-01
14041,27831,standard,silver,16194,2022-05-12
14042,27833,standard,bronze,97,2025-05-23
14043,27834,online,bronze,15647,2022-10-10
14044,27834,standard,bronze,16512,2020-07-13
14045,27836,flagship,bronze,11346,2024-04-24
14046,27843,express,gold,36287,2022-06-12
14047,27845,express,bronze,28181,2021-10-30
14048,27846,flagship,silver,49895,2021-12-13
14049,27847,standard,silver,25464,2022-01-26
14050,27851,flagship,gold,10906,2021-08-16
14051,27853,flagship,silver,23329,2021-10-04
14052,27854,express,silver,35054,2025-01-18
14053,27855,flagship,bronze,15998,2021-11-16
14054,27856,flagship,silver,3272,2025-01-08
14055,27858,flagship,bronze,14774,2020-04-21
14056,27859,online,platinum,40736,2019-09-12
14057,27861,online,bronze,17677,2025-10-19
14058,27863,express,silver,33915,2026-04-16
14059,27864,flagship,silver,41623,2022-06-19
14060,27865,online,gold,21243,2025-03-25
14061,27866,online,bronze,28873,2020-10-31
14062,27866,standard,bronze,30326,2020-05-26
14063,27869,online,bronze,39024,2023-06-10
14064,27871,online,bronze,18262,2020-06-27
14065,27872,express,bronze,25597,2026-05-20
14066,27874,flagship,bronze,17131,2021-10-21
14067,27875,express,gold,19570,2020-01-13
14068,27875,standard,silver,8171,2023-06-08
14069,27879,standard,silver,36035,2020-07-17
14070,27886,online,silver,17650,2026-05-15
14071,27890,flagship,bronze,14309,2019-08-17
14072,27892,standard,bronze,29096,2020-12-13
14073,27894,standard,silver,49801,2021-10-13
14074,27895,standard,gold,18844,2019-10-20
14075,27897,online,gold,43742,2026-04-24
14076,27899,standard,platinum,10620,2021-12-25
14077,27900,flagship,silver,29277,2025-03-05
14078,27903,online,bronze,17623,2024-03-15
14079,27904,standard,bronze,8546,2026-05-26
14080,27907,express,gold,40054,2019-10-30
14081,27907,standard,silver,5342,2025-08-02
14082,27910,express,silver,40237,2022-11-26
14083,27913,online,bronze,48979,2024-05-11
14084,27915,express,bronze,6858,2022-05-03
14085,27916,express,bronze,647,2026-04-08
14086,27926,online,gold,32287,2024-02-12
14087,27929,express,silver,30915,2020-01-15
14088,27931,standard,gold,48471,2025-10-31
14089,27933,online,bronze,19583,2020-09-20
14090,27934,express,silver,3365,2022-10-04
14091,27936,standard,silver,45520,2019-01-28
14092,27940,standard,bronze,14050,2020-12-04
14093,27940,express,gold,1019,2025-03-07
14094,27941,online,bronze,34541,2021-07-31
14095,27942,online,silver,9400,2024-06-22
14096,27942,express,bronze,17717,2019-12-21
14097,27943,express,gold,17602,2021-04-27
14098,27943,flagship,bronze,44520,2020-08-15
14099,27945,flagship,bronze,38674,2026-03-08
14100,27946,express,silver,19611,2025-09-20
14101,27947,online,bronze,4849,2023-10-27
14102,27948,online,silver,19730,2024-11-27
14103,27950,flagship,bronze,46591,2023-06-29
14104,27953,standard,bronze,39940,2021-12-24
14105,27954,express,gold,28872,2025-05-24
14106,27954,flagship,bronze,4175,2021-04-27
14107,27956,flagship,bronze,18005,2019-06-12
14108,27957,online,bronze,33545,2019-01-16
14109,27959,express,silver,46533,2019-06-19
14110,27960,flagship,bronze,8701,2025-01-24
14111,27963,flagship,silver,10668,2023-08-12
14112,27964,flagship,bronze,11026,2019-03-11
14113,27966,online,bronze,25117,2020-05-25
14114,27967,express,bronze,22906,2026-02-03
14115,27968,express,silver,19840,2025-11-24
14116,27968,flagship,silver,6428,2022-05-07
14117,27969,standard,bronze,11174,2021-07-09
14118,27969,flagship,silver,40013,2021-02-19
14119,27971,express,silver,10673,2024-10-08
14120,27972,online,bronze,20833,2025-12-24
14121,27976,standard,bronze,21605,2019-10-03
14122,27976,flagship,silver,38677,2022-10-28
14123,27978,online,platinum,27130,2022-08-10
14124,27980,standard,bronze,26228,2025-09-17
14125,27982,online,bronze,21103,2024-08-24
14126,27984,express,bronze,35620,2021-03-27
14127,27984,flagship,bronze,193,2021-10-02
14128,27985,online,bronze,47007,2026-02-19
14129,27986,online,silver,44333,2021-01-09
14130,27986,standard,bronze,27505,2025-11-10
14131,27987,express,gold,10787,2022-03-27
14132,27987,online,bronze,42164,2021-07-28
14133,27988,online,bronze,10423,2019-01-22
14134,27991,standard,bronze,36821,2020-07-15
14135,27992,flagship,gold,40099,2025-10-07
14136,27994,flagship,bronze,45613,2020-03-29
14137,27994,online,silver,6923,2019-04-17
14138,27995,online,silver,27120,2020-01-30
14139,27997,express,gold,24008,2021-08-05
14140,28000,online,bronze,44209,2021-08-28
14141,28001,online,silver,47974,2022-10-29
14142,28006,online,bronze,8556,2020-01-01
14143,28007,flagship,bronze,22114,2026-06-21
14144,28007,standard,bronze,38280,2024-03-02
14145,28009,standard,bronze,7099,2024-08-23
14146,28010,flagship,bronze,44523,2022-07-17
14147,28011,express,bronze,470,2021-10-10
14148,28012,standard,bronze,2713,2020-12-31
14149,28018,online,silver,41128,2023-09-18
14150,28019,flagship,bronze,10757,2021-08-25
14151,28020,standard,bronze,400,2023-01-22
14152,28021,standard,gold,5784,2021-03-02
14153,28022,flagship,gold,19535,2024-07-24
14154,28023,express,bronze,29934,2022-03-15
14155,28024,standard,silver,38115,2025-12-05
14156,28025,online,silver,4691,2022-08-31
14157,28029,flagship,bronze,29234,2025-10-31
14158,28030,online,bronze,32042,2024-11-16
14159,28030,standard,gold,33693,2024-03-03
14160,28031,flagship,bronze,1184,2020-01-30
14161,28031,online,bronze,40076,2019-11-26
14162,28032,flagship,bronze,30487,2020-05-30
14163,28033,flagship,bronze,39483,2021-04-08
14164,28034,flagship,gold,22086,2022-03-02
14165,28037,express,bronze,30215,2022-09-03
14166,28038,standard,bronze,9080,2023-02-15
14167,28040,flagship,silver,42742,2026-04-28
14168,28042,online,bronze,12163,2023-03-13
14169,28043,standard,silver,37163,2023-12-31
14170,28047,flagship,bronze,18534,2021-09-28
14171,28048,standard,silver,37013,2020-02-01
14172,28050,flagship,bronze,20703,2024-04-01
14173,28056,express,bronze,44143,2022-10-26
14174,28058,flagship,bronze,48693,2021-07-03
14175,28062,standard,platinum,10513,2025-01-27
14176,28063,flagship,silver,43001,2024-04-16
14177,28063,online,silver,3263,2022-01-09
14178,28066,online,bronze,16560,2020-11-24
14179,28069,online,silver,35267,2019-11-08
14180,28071,online,platinum,6100,2023-09-04
14181,28072,standard,gold,30420,2024-09-22
14182,28073,standard,bronze,32080,2026-02-13
14183,28076,online,silver,19051,2024-11-10
14184,28077,flagship,bronze,46792,2025-08-04
14185,28077,express,silver,24392,2023-01-03
14186,28079,standard,silver,44566,2019-03-17
14187,28084,express,bronze,19479,2025-03-23
14188,28089,standard,bronze,41314,2024-06-05
14189,28090,online,bronze,28543,2023-04-11
14190,28093,standard,bronze,32150,2024-03-15
14191,28101,online,bronze,49649,2022-12-10
14192,28105,online,platinum,48742,2021-01-07
14193,28108,express,bronze,4767,2025-08-29
14194,28109,standard,silver,9580,2025-10-11
14195,28110,online,silver,2457,2022-06-05
14196,28110,flagship,bronze,36795,2024-11-19
14197,28111,flagship,silver,4419,2022-06-09
14198,28114,online,bronze,49618,2024-10-18
14199,28114,express,bronze,7492,2026-05-17
14200,28115,standard,gold,39286,2019-12-29
14201,28116,online,gold,1148,2022-09-12
14202,28120,flagship,gold,43294,2019-09-01
14203,28121,standard,bronze,38339,2025-09-27
14204,28123,online,bronze,39236,2021-11-23
14205,28123,flagship,bronze,40147,2025-12-30
14206,28124,standard,bronze,8740,2026-03-29
14207,28125,standard,bronze,22244,2021-03-31
14208,28128,online,bronze,34545,2023-04-14
14209,28129,standard,bronze,8628,2021-12-12
14210,28130,flagship,bronze,44040,2025-04-03
14211,28131,online,bronze,12195,2026-01-19
14212,28132,express,bronze,19030,2022-01-05
14213,28132,flagship,silver,43836,2022-02-09
14214,28133,express,bronze,2837,2022-11-17
14215,28135,express,bronze,42584,2024-03-30
14216,28138,express,bronze,11531,2025-02-20
14217,28141,online,bronze,45121,2020-12-14
14218,28141,express,bronze,41222,2025-03-08
14219,28142,express,silver,47453,2025-10-11
14220,28143,standard,silver,46166,2021-04-26
14221,28144,standard,platinum,21690,2020-12-27
14222,28145,express,bronze,36298,2023-05-21
14223,28146,online,gold,45909,2019-01-03
14224,28147,express,gold,39324,2022-01-10
14225,28152,flagship,bronze,7904,2025-04-07
14226,28154,online,silver,41449,2019-07-18
14227,28155,express,bronze,34266,2024-08-02
14228,28156,express,bronze,39604,2026-03-09
14229,28156,online,silver,33318,2025-03-02
14230,28157,online,bronze,42378,2021-05-11
14231,28157,flagship,bronze,20105,2024-10-07
14232,28159,online,bronze,32335,2024-05-03
14233,28161,online,gold,25282,2024-08-10
14234,28163,online,bronze,43518,2019-08-08
14235,28165,flagship,bronze,20506,2020-09-26
14236,28170,express,bronze,28080,2021-02-12
14237,28171,flagship,bronze,33747,2023-05-10
14238,28177,standard,gold,40336,2022-05-24
14239,28179,online,bronze,24284,2021-09-24
14240,28181,standard,bronze,42697,2020-08-23
14241,28182,express,bronze,27541,2021-05-02
14242,28182,standard,bronze,10515,2021-10-12
14243,28183,express,platinum,19125,2023-08-29
14244,28184,flagship,silver,44541,2025-04-28
14245,28188,online,silver,23272,2020-07-19
14246,28189,online,bronze,4336,2020-08-25
14247,28191,express,silver,17265,2019-10-21
14248,28193,flagship,bronze,46343,2020-10-19
14249,28195,online,bronze,24513,2020-03-20
14250,28197,express,gold,29994,2019-05-12
14251,28199,express,bronze,20311,2024-08-23
14252,28200,online,bronze,42007,2024-06-07
14253,28201,standard,bronze,47953,2025-08-11
14254,28207,online,bronze,8558,2021-02-09
14255,28208,standard,bronze,4814,2020-11-01
14256,28208,express,bronze,36211,2024-02-20
14257,28211,standard,gold,21746,2022-02-11
14258,28212,flagship,gold,34928,2021-04-18
14259,28213,standard,bronze,3848,2020-07-30
14260,28215,online,bronze,22196,2021-03-20
14261,28220,flagship,gold,45703,2026-04-18
14262,28220,standard,gold,6807,2024-10-28
14263,28221,express,bronze,27289,2022-08-08
14264,28225,standard,bronze,29690,2025-10-01
14265,28225,express,bronze,5239,2020-03-03
14266,28226,online,bronze,17145,2021-01-31
14267,28227,standard,silver,48359,2025-03-23
14268,28231,online,bronze,4880,2023-08-17
14269,28232,express,silver,12621,2021-08-03
14270,28234,express,bronze,32434,2021-02-01
14271,28236,standard,gold,31010,2023-04-23
14272,28236,flagship,platinum,18756,2022-08-16
14273,28237,standard,bronze,24481,2024-04-09
14274,28238,online,bronze,10154,2019-03-28
14275,28240,express,silver,5002,2020-09-01
14276,28241,standard,bronze,32364,2020-08-23
14277,28245,flagship,gold,30475,2021-04-20
14278,28246,flagship,silver,41002,2019-07-29
14279,28246,express,bronze,8248,2026-06-25
14280,28248,express,bronze,30896,2022-01-23
14281,28251,express,bronze,35085,2025-03-17
14282,28251,standard,silver,34120,2022-07-18
14283,28252,flagship,bronze,48644,2025-02-22
14284,28253,flagship,silver,35457,2024-02-12
14285,28254,standard,bronze,25889,2021-08-11
14286,28256,online,silver,11733,2025-09-25
14287,28258,standard,bronze,7634,2020-08-27
14288,28259,flagship,bronze,34742,2021-03-21
14289,28260,standard,bronze,28742,2023-01-27
14290,28261,express,bronze,16054,2019-03-09
14291,28263,flagship,bronze,27247,2022-05-11
14292,28269,standard,bronze,42488,2025-05-04
14293,28271,flagship,gold,7716,2021-04-13
14294,28272,express,bronze,12769,2023-09-13
14295,28272,standard,gold,26853,2024-12-05
14296,28273,express,bronze,47568,2026-05-13
14297,28275,express,silver,4530,2024-05-19
14298,28277,online,bronze,38854,2025-11-09
14299,28281,express,bronze,48073,2021-02-05
14300,28283,flagship,bronze,19934,2020-03-29
14301,28284,online,bronze,10965,2021-07-25
14302,28288,express,silver,700,2026-02-26
14303,28291,online,silver,14982,2023-05-07
14304,28292,express,bronze,46414,2024-03-21
14305,28292,flagship,bronze,43801,2025-05-09
14306,28293,online,bronze,21750,2024-11-23
14307,28294,flagship,bronze,33529,2022-03-16
14308,28294,express,bronze,40906,2023-07-06
14309,28296,express,platinum,3362,2022-11-26
14310,28296,standard,silver,18177,2019-03-20
14311,28297,online,silver,25088,2020-04-21
14312,28298,flagship,silver,22692,2023-10-31
14313,28308,standard,bronze,39950,2026-02-28
14314,28310,flagship,gold,25730,2020-05-04
14315,28312,standard,bronze,4113,2023-02-16
14316,28316,flagship,bronze,35729,2019-01-22
14317,28318,online,silver,6570,2021-05-20
14318,28328,express,silver,26354,2022-02-25
14319,28329,flagship,bronze,45314,2022-05-25
14320,28330,online,bronze,31353,2021-05-13
14321,28333,flagship,bronze,43524,2024-09-13
14322,28336,standard,gold,45505,2022-03-18
14323,28341,flagship,bronze,41527,2019-06-14
14324,28342,flagship,bronze,29830,2023-01-20
14325,28342,standard,bronze,49390,2019-12-15
14326,28347,online,bronze,2333,2021-05-28
14327,28348,express,silver,5599,2021-12-25
14328,28350,standard,bronze,42131,2026-02-20
14329,28351,standard,gold,25601,2023-08-26
14330,28352,online,bronze,36819,2022-01-02
14331,28354,standard,bronze,57,2019-08-31
14332,28354,online,bronze,43776,2020-08-02
14333,28355,standard,bronze,1525,2025-05-02
14334,28355,flagship,platinum,30705,2020-04-22
14335,28356,online,silver,13303,2019-11-20
14336,28358,online,bronze,1254,2021-03-26
14337,28358,express,bronze,15867,2021-09-20
14338,28359,flagship,silver,13923,2023-10-05
14339,28360,express,gold,38656,2020-12-03
14340,28364,express,bronze,31032,2022-09-24
14341,28364,online,gold,18680,2021-04-03
14342,28365,online,gold,46264,2019-04-19
14343,28366,standard,bronze,3291,2021-05-11
14344,28368,express,silver,30592,2019-08-10
14345,28370,online,bronze,16823,2025-11-23
14346,28371,flagship,gold,18993,2025-10-30
14347,28372,flagship,bronze,24892,2023-02-18
14348,28376,standard,bronze,37778,2021-07-28
14349,28377,online,silver,31406,2023-05-22
14350,28378,standard,gold,32793,2021-05-17
14351,28380,flagship,bronze,47572,2022-09-21
14352,28381,online,gold,39691,2022-05-30
14353,28382,flagship,bronze,24336,2021-03-16
14354,28383,online,bronze,45816,2024-03-11
14355,28383,flagship,bronze,40898,2020-08-04
14356,28385,express,silver,21683,2026-01-07
14357,28387,flagship,bronze,18592,2025-02-12
14358,28387,express,bronze,18644,2022-06-10
14359,28388,online,bronze,8966,2026-05-15
14360,28396,flagship,silver,28220,2026-04-20
14361,28397,online,gold,6562,2024-04-26
14362,28397,standard,bronze,35544,2023-07-22
14363,28398,online,bronze,20435,2024-06-18
14364,28403,express,gold,8168,2021-02-14
14365,28408,online,silver,15203,2026-04-28
14366,28411,online,platinum,30206,2026-06-22
14367,28415,online,silver,28563,2024-11-11
14368,28416,express,bronze,4820,2025-01-13
14369,28416,standard,bronze,12625,2025-07-22
14370,28417,flagship,silver,19165,2019-03-26
14371,28420,flagship,silver,18571,2024-05-11
14372,28421,standard,bronze,7875,2020-11-04
14373,28422,standard,bronze,8188,2022-11-22
14374,28426,flagship,silver,32902,2019-12-25
14375,28432,standard,bronze,15422,2023-07-29
14376,28435,express,silver,25918,2023-11-29
14377,28437,flagship,bronze,30164,2020-12-20
14378,28438,standard,bronze,21257,2025-05-18
14379,28440,online,silver,23857,2023-07-07
14380,28444,flagship,gold,17023,2025-12-12
14381,28452,online,silver,29151,2019-03-20
14382,28453,standard,platinum,16757,2020-02-08
14383,28454,express,bronze,38053,2023-03-28
14384,28455,express,silver,42286,2023-10-18
14385,28457,flagship,bronze,336,2025-02-06
14386,28460,express,bronze,25523,2021-04-24
14387,28462,express,silver,21731,2020-11-08
14388,28462,flagship,gold,46352,2020-12-31
14389,28465,standard,silver,49729,2023-01-28
14390,28467,express,bronze,36169,2024-02-01
14391,28473,online,silver,40377,2026-02-12
14392,28473,express,silver,23718,2026-05-14
14393,28475,flagship,gold,17009,2024-09-02
14394,28477,express,gold,41793,2019-03-11
14395,28478,express,bronze,40498,2023-11-08
14396,28478,flagship,bronze,42415,2022-09-01
14397,28479,flagship,bronze,49102,2019-12-12
14398,28486,flagship,bronze,33860,2019-08-03
14399,28487,express,bronze,46060,2022-07-22
14400,28490,express,bronze,33637,2021-09-11
14401,28496,online,gold,11676,2023-12-10
14402,28497,express,bronze,37240,2023-01-08
14403,28501,standard,silver,35138,2026-03-31
14404,28503,flagship,silver,21850,2024-12-08
14405,28503,standard,bronze,48515,2025-01-02
14406,28504,flagship,bronze,1556,2023-08-20
14407,28511,online,gold,37870,2025-05-05
14408,28513,express,bronze,9646,2022-09-30
14409,28513,standard,silver,3297,2024-09-09
14410,28514,flagship,bronze,42901,2020-02-02
14411,28516,online,bronze,11996,2022-04-16
14412,28522,flagship,bronze,33417,2023-01-10
14413,28523,express,gold,36225,2025-12-13
14414,28526,flagship,bronze,24490,2022-08-13
14415,28526,express,bronze,29438,2024-06-15
14416,28529,online,bronze,36496,2025-01-23
14417,28529,express,bronze,37702,2022-06-01
14418,28531,standard,bronze,40899,2022-02-06
14419,28533,flagship,bronze,29789,2023-09-11
14420,28536,online,silver,16144,2022-05-22
14421,28536,flagship,gold,24356,2021-02-14
14422,28537,standard,bronze,6220,2022-12-03
14423,28542,flagship,silver,36212,2019-03-19
14424,28545,online,silver,32328,2024-04-12
14425,28545,flagship,bronze,49845,2025-04-29
14426,28548,express,bronze,23282,2025-07-29
14427,28549,express,silver,39637,2019-11-21
14428,28552,flagship,silver,2511,2025-11-29
14429,28554,online,bronze,7803,2020-04-09
14430,28555,online,bronze,20675,2026-05-05
14431,28556,standard,bronze,6646,2022-10-14
14432,28557,flagship,bronze,4134,2023-03-26
14433,28560,express,gold,41325,2023-02-12
14434,28562,standard,bronze,5597,2023-02-28
14435,28562,flagship,silver,20920,2025-11-19
14436,28563,express,bronze,3868,2020-11-03
14437,28564,online,bronze,49570,2021-10-21
14438,28565,online,bronze,33670,2021-04-26
14439,28566,online,silver,30158,2020-04-13
14440,28567,express,bronze,21425,2019-03-27
14441,28567,flagship,gold,40067,2022-07-20
14442,28569,flagship,bronze,30560,2026-05-03
14443,28572,flagship,bronze,5174,2024-03-03
14444,28574,express,silver,13385,2025-06-26
14445,28574,standard,bronze,33418,2022-02-16
14446,28577,standard,bronze,5029,2025-02-14
14447,28578,online,gold,387,2026-05-09
14448,28579,standard,bronze,42364,2020-10-31
14449,28579,express,bronze,30450,2020-02-25
14450,28580,express,bronze,30410,2023-03-03
14451,28585,online,bronze,48766,2023-06-23
14452,28587,express,bronze,32349,2019-11-28
14453,28589,standard,gold,12737,2019-10-16
14454,28592,express,silver,33180,2022-08-31
14455,28592,online,bronze,35914,2022-07-15
14456,28595,online,platinum,34637,2024-12-10
14457,28595,express,platinum,39601,2020-09-17
14458,28596,express,bronze,33786,2021-12-19
14459,28597,flagship,silver,19993,2022-04-07
14460,28597,online,bronze,7640,2022-03-10
14461,28599,express,bronze,23007,2021-07-07
14462,28599,online,silver,45800,2025-05-13
14463,28601,standard,bronze,25509,2020-08-06
14464,28601,online,bronze,3092,2022-03-10
14465,28602,flagship,silver,48306,2025-06-09
14466,28604,flagship,bronze,29205,2019-05-05
14467,28607,standard,platinum,43014,2023-02-13
14468,28615,flagship,bronze,4472,2026-02-18
14469,28615,online,bronze,49260,2021-04-07
14470,28616,online,gold,48389,2019-02-16
14471,28617,online,bronze,20221,2019-03-08
14472,28618,standard,silver,28642,2020-06-14
14473,28619,standard,bronze,18854,2020-07-17
14474,28626,standard,silver,37550,2021-06-11
14475,28631,standard,bronze,44694,2026-06-20
14476,28632,express,bronze,49171,2022-05-06
14477,28633,express,silver,16182,2021-11-18
14478,28635,express,silver,42485,2023-06-05
14479,28636,flagship,bronze,28987,2021-12-09
14480,28639,express,bronze,48515,2025-05-28
14481,28640,flagship,bronze,41683,2022-01-11
14482,28640,express,bronze,28943,2020-03-21
14483,28641,express,silver,33265,2026-06-13
14484,28647,online,gold,48428,2026-03-01
14485,28649,standard,silver,43806,2022-11-29
14486,28650,express,bronze,17095,2024-02-18
14487,28657,flagship,bronze,17226,2025-07-21
14488,28658,express,bronze,42303,2019-11-14
14489,28660,standard,silver,34448,2020-05-06
14490,28661,express,silver,7245,2022-12-18
14491,28662,online,silver,15096,2019-02-10
14492,28663,flagship,bronze,26972,2023-01-22
14493,28664,standard,bronze,36446,2025-06-30
14494,28667,express,bronze,14061,2022-08-03
14495,28668,flagship,bronze,42489,2025-10-24
14496,28677,standard,bronze,19462,2021-01-24
14497,28678,express,bronze,28800,2019-05-17
14498,28681,standard,silver,1884,2021-11-01
14499,28682,flagship,bronze,30159,2025-06-15
14500,28683,online,bronze,1196,2021-04-07
14501,28687,express,bronze,35825,2021-11-07
14502,28696,standard,bronze,26144,2025-05-01
14503,28698,flagship,silver,31406,2026-06-26
14504,28700,flagship,bronze,40690,2024-02-07
14505,28703,online,gold,22909,2026-02-12
14506,28705,flagship,bronze,47442,2023-05-23
14507,28707,standard,silver,49942,2024-04-09
14508,28709,standard,bronze,7985,2025-08-03
14509,28710,online,bronze,19202,2026-03-06
14510,28711,online,bronze,11727,2020-04-18
14511,28713,flagship,bronze,42567,2021-03-20
14512,28713,standard,bronze,43183,2022-10-14
14513,28716,standard,bronze,34687,2020-02-09
14514,28717,standard,silver,23629,2025-04-02
14515,28722,flagship,bronze,48197,2023-01-05
14516,28722,express,silver,35651,2022-12-04
14517,28725,online,gold,17528,2019-10-02
14518,28728,express,bronze,37440,2023-09-16
14519,28730,standard,bronze,26000,2025-06-18
14520,28730,flagship,bronze,18595,2022-11-18
14521,28732,flagship,gold,32579,2020-05-25
14522,28737,standard,bronze,2798,2019-12-06
14523,28738,express,bronze,15358,2019-05-09
14524,28739,flagship,bronze,34087,2020-01-11
14525,28740,standard,bronze,2888,2023-08-15
14526,28742,flagship,bronze,27968,2024-06-05
14527,28744,flagship,bronze,17238,2026-04-27
14528,28750,standard,silver,49469,2021-07-25
14529,28751,express,bronze,32098,2023-06-29
14530,28753,flagship,platinum,24927,2025-04-19
14531,28754,flagship,bronze,41944,2022-01-03
14532,28756,flagship,bronze,21054,2022-01-24
14533,28758,flagship,gold,13446,2023-06-18
14534,28762,express,silver,34117,2025-10-29
14535,28765,online,bronze,12231,2020-04-30
14536,28767,express,bronze,31146,2022-03-28
14537,28767,standard,gold,14560,2020-01-23
14538,28770,flagship,bronze,17530,2023-09-19
14539,28772,flagship,bronze,34381,2019-03-31
14540,28774,flagship,gold,15529,2026-06-30
14541,28774,standard,bronze,35902,2022-11-06
14542,28775,standard,gold,19619,2019-06-27
14543,28776,express,gold,47695,2025-07-18
14544,28776,standard,bronze,41379,2021-06-19
14545,28779,standard,bronze,44755,2023-08-23
14546,28780,express,bronze,21522,2023-05-16
14547,28780,standard,bronze,4734,2024-09-07
14548,28781,flagship,silver,26933,2021-03-22
14549,28783,online,bronze,30581,2019-03-30
14550,28784,flagship,bronze,35946,2021-08-17
14551,28784,express,bronze,9733,2026-01-18
14552,28787,express,silver,33727,2023-01-20
14553,28793,flagship,bronze,10531,2021-12-18
14554,28794,standard,silver,34191,2021-02-14
14555,28795,online,bronze,14676,2019-01-02
14556,28798,flagship,bronze,45032,2019-11-05
14557,28803,online,bronze,28540,2019-02-21
14558,28805,flagship,silver,16496,2019-06-15
14559,28806,express,bronze,28333,2024-05-31
14560,28807,flagship,silver,14862,2023-03-14
14561,28809,flagship,silver,30912,2020-01-29
14562,28810,flagship,silver,21130,2019-04-11
14563,28811,express,silver,38287,2024-12-11
14564,28814,express,silver,29399,2019-04-14
14565,28817,flagship,silver,32968,2025-12-28
14566,28819,express,bronze,47384,2019-04-04
14567,28822,flagship,silver,22463,2024-10-23
14568,28823,online,silver,30134,2023-04-02
14569,28824,online,bronze,18777,2025-12-01
14570,28824,flagship,bronze,33934,2019-12-27
14571,28826,standard,bronze,20531,2026-01-25
14572,28827,online,silver,44656,2021-05-30
14573,28829,flagship,bronze,24950,2024-09-21
14574,28830,flagship,bronze,46393,2024-05-03
14575,28830,online,bronze,31735,2020-09-29
14576,28831,express,bronze,12666,2020-10-09
14577,28835,online,silver,23653,2025-11-22
14578,28835,flagship,silver,19896,2024-01-27
14579,28839,flagship,bronze,11917,2024-12-19
14580,28840,express,bronze,41423,2024-06-01
14581,28845,standard,bronze,10830,2023-10-02
14582,28846,online,bronze,18256,2024-05-15
14583,28848,online,silver,26139,2023-10-26
14584,28854,standard,bronze,49024,2025-08-28
14585,28854,online,gold,3655,2024-12-27
14586,28856,online,gold,46945,2020-10-15
14587,28857,flagship,platinum,20081,2020-09-08
14588,28858,flagship,silver,5270,2021-10-11
14589,28859,express,bronze,35738,2026-03-04
14590,28861,standard,gold,43259,2019-08-06
14591,28861,online,silver,3209,2025-04-25
14592,28865,express,bronze,42994,2021-01-02
14593,28867,standard,bronze,38430,2020-03-07
14594,28871,express,bronze,28414,2020-02-12
14595,28872,standard,silver,36654,2026-05-30
14596,28872,online,bronze,48237,2021-02-27
14597,28874,express,silver,30393,2025-03-30
14598,28875,flagship,silver,22428,2021-03-20
14599,28875,express,silver,23359,2023-10-18
14600,28881,express,bronze,22906,2024-10-28
14601,28881,online,bronze,46725,2020-02-29
14602,28883,standard,silver,41015,2026-01-27
14603,28884,flagship,gold,49686,2024-09-18
14604,28885,flagship,bronze,7376,2023-10-17
14605,28887,express,gold,18694,2024-04-15
14606,28889,online,platinum,13853,2019-10-19
14607,28894,online,silver,1469,2023-03-24
14608,28895,standard,silver,946,2023-01-25
14609,28900,flagship,bronze,22309,2026-05-03
14610,28901,standard,silver,41521,2023-05-30
14611,28902,express,bronze,9053,2022-03-09
14612,28904,online,gold,45043,2019-01-09
14613,28906,online,silver,11144,2023-04-25
14614,28907,standard,bronze,37174,2020-02-08
14615,28911,online,gold,4456,2019-04-07
14616,28913,online,bronze,21119,2020-03-17
14617,28913,standard,gold,27694,2022-04-04
14618,28914,online,gold,3041,2022-08-05
14619,28916,standard,silver,38039,2025-11-29
14620,28917,flagship,bronze,9098,2020-09-09
14621,28918,flagship,bronze,21519,2023-02-23
14622,28918,express,bronze,39559,2019-09-16
14623,28920,express,bronze,5382,2025-12-27
14624,28923,flagship,bronze,38472,2023-08-13
14625,28923,standard,bronze,33129,2024-11-08
14626,28927,express,bronze,14569,2026-01-12
14627,28927,standard,bronze,26414,2023-01-30
14628,28928,flagship,bronze,46518,2020-06-26
14629,28928,standard,bronze,49023,2026-05-26
14630,28929,online,bronze,19399,2025-10-23
14631,28930,standard,gold,30132,2021-11-25
14632,28935,express,silver,38896,2023-09-11
14633,28935,online,silver,47263,2021-01-17
14634,28936,online,bronze,9455,2019-01-18
14635,28937,express,platinum,45311,2019-07-24
14636,28939,express,platinum,729,2026-02-20
14637,28940,flagship,silver,6416,2025-03-17
14638,28941,flagship,bronze,24676,2024-03-20
14639,28942,flagship,bronze,2478,2020-12-18
14640,28944,flagship,platinum,2867,2024-08-29
14641,28944,express,bronze,21171,2021-01-12
14642,28945,express,silver,42322,2021-03-20
14643,28947,online,bronze,47635,2021-01-26
14644,28949,flagship,silver,36834,2020-02-21
14645,28952,online,gold,36407,2020-02-06
14646,28953,online,bronze,29874,2026-05-10
14647,28957,express,silver,13600,2025-08-01
14648,28957,online,silver,16929,2024-07-29
14649,28958,express,silver,9256,2023-11-27
14650,28959,flagship,platinum,16540,2024-03-12
14651,28962,flagship,bronze,33231,2024-10-20
14652,28963,flagship,bronze,24365,2019-09-09
14653,28966,online,silver,11468,2019-05-11
14654,28967,flagship,silver,34799,2022-10-12
14655,28970,flagship,silver,43048,2020-02-26
14656,28971,standard,silver,26161,2020-03-09
14657,28971,flagship,gold,49060,2020-04-30
14658,28972,express,bronze,47171,2022-10-28
14659,28972,standard,platinum,30819,2022-05-18
14660,28979,express,silver,24353,2021-06-06
14661,28981,flagship,bronze,10273,2023-12-12
14662,28983,express,bronze,20103,2022-07-21
14663,28983,online,bronze,32442,2019-05-12
14664,28990,online,silver,31513,2024-01-07
14665,28991,standard,silver,30870,2019-04-17
14666,28993,flagship,gold,29313,2026-01-28
14667,28995,express,bronze,21151,2020-02-18
14668,28996,flagship,platinum,6547,2025-10-11
14669,28997,express,gold,20134,2021-09-12
14670,29000,standard,bronze,38302,2020-08-04
14671,29001,flagship,bronze,31226,2024-01-09
14672,29001,standard,bronze,36832,2020-03-13
14673,29002,online,bronze,17266,2025-07-26
14674,29002,standard,silver,16182,2021-03-07
14675,29003,standard,bronze,19351,2020-10-22
14676,29004,express,bronze,1745,2020-09-11
14677,29004,flagship,platinum,7660,2025-02-10
14678,29007,online,bronze,39705,2023-01-20
14679,29010,flagship,gold,16937,2022-02-03
14680,29011,standard,bronze,3526,2022-08-07
14681,29011,flagship,bronze,48231,2021-10-26
14682,29012,standard,silver,49098,2021-04-05
14683,29028,standard,gold,20502,2022-06-15
14684,29031,express,bronze,26744,2026-02-20
14685,29036,flagship,gold,1237,2021-07-08
14686,29037,standard,silver,38141,2021-06-06
14687,29038,flagship,bronze,607,2023-10-27
14688,29040,online,bronze,48480,2024-04-18
14689,29043,flagship,bronze,38833,2020-08-07
14690,29049,flagship,bronze,17918,2023-05-30
14691,29051,online,silver,37553,2019-10-22
14692,29052,online,bronze,28897,2021-04-14
14693,29056,flagship,silver,11573,2024-01-01
14694,29058,standard,bronze,44479,2026-04-25
14695,29059,express,bronze,24644,2025-01-13
14696,29061,standard,silver,200,2022-06-01
14697,29065,standard,bronze,44786,2026-06-19
14698,29065,flagship,bronze,25558,2020-09-05
14699,29070,express,platinum,24977,2026-04-24
14700,29073,flagship,silver,23578,2024-10-03
14701,29078,express,gold,3189,2023-06-29
14702,29079,standard,bronze,41256,2022-12-24
14703,29081,standard,gold,39181,2026-02-03
14704,29081,flagship,bronze,17052,2023-02-21
14705,29085,express,platinum,28804,2024-07-05
14706,29086,online,bronze,48856,2024-03-19
14707,29087,standard,bronze,30246,2025-06-27
14708,29090,flagship,silver,49878,2019-07-27
14709,29091,standard,silver,8737,2022-05-31
14710,29092,standard,bronze,8237,2025-07-08
14711,29095,online,bronze,1596,2023-01-02
14712,29096,flagship,bronze,4585,2023-01-10
14713,29097,express,bronze,34301,2021-10-27
14714,29099,express,bronze,7251,2022-07-17
14715,29104,express,platinum,30026,2020-07-23
14716,29105,online,bronze,14081,2019-10-21
14717,29106,online,bronze,42746,2021-12-03
14718,29107,standard,gold,13045,2021-10-27
14719,29113,online,bronze,32650,2025-01-23
14720,29120,standard,gold,24311,2024-09-10
14721,29124,flagship,bronze,40171,2021-08-09
14722,29125,standard,silver,34538,2020-01-18
14723,29125,online,bronze,41069,2022-08-13
14724,29131,online,bronze,41827,2022-04-23
14725,29137,flagship,silver,18245,2025-07-13
14726,29139,standard,bronze,43486,2020-11-26
14727,29142,express,bronze,45414,2024-01-21
14728,29146,flagship,gold,34661,2022-12-26
14729,29151,standard,bronze,48629,2022-02-19
14730,29153,standard,silver,45799,2025-09-02
14731,29156,online,gold,33256,2022-06-20
14732,29157,standard,silver,44302,2021-09-08
14733,29158,standard,silver,34965,2025-12-21
14734,29158,online,bronze,12817,2023-12-12
14735,29160,standard,silver,14469,2025-07-15
14736,29161,online,silver,32752,2022-03-28
14737,29162,express,bronze,8653,2025-09-03
14738,29163,online,bronze,14218,2024-03-14
14739,29165,standard,silver,16145,2019-06-04
14740,29165,flagship,bronze,47783,2019-09-04
14741,29169,standard,silver,41619,2020-04-17
14742,29179,express,silver,31964,2022-07-03
14743,29179,online,silver,16475,2019-10-13
14744,29180,express,bronze,40956,2026-01-17
14745,29185,flagship,bronze,24222,2021-05-23
14746,29187,standard,gold,3294,2020-12-05
14747,29187,online,bronze,37281,2024-02-12
14748,29188,standard,bronze,11952,2020-06-18
14749,29190,standard,silver,19553,2023-10-08
14750,29191,online,bronze,22982,2020-09-14
14751,29192,express,platinum,20767,2019-01-27
14752,29193,standard,bronze,14675,2020-06-24
14753,29194,standard,silver,21504,2021-03-22
14754,29197,online,silver,16160,2024-05-20
14755,29201,express,bronze,15308,2025-02-25
14756,29203,standard,gold,8082,2025-11-21
14757,29204,online,gold,10394,2021-03-07
14758,29210,online,bronze,34791,2023-10-18
14759,29211,standard,silver,7458,2020-11-05
14760,29213,online,bronze,26952,2025-04-09
14761,29214,flagship,silver,31601,2022-12-17
14762,29215,flagship,platinum,30762,2022-06-13
14763,29215,standard,bronze,9584,2024-06-04
14764,29216,flagship,bronze,48120,2019-10-11
14765,29219,online,silver,24851,2021-12-25
14766,29220,express,silver,43819,2024-04-16
14767,29225,standard,bronze,18046,2020-09-28
14768,29232,express,bronze,12197,2022-05-26
14769,29236,online,bronze,26016,2020-02-19
14770,29240,standard,gold,40971,2026-03-24
14771,29242,online,bronze,614,2023-05-03
14772,29243,standard,bronze,6397,2022-04-28
14773,29244,online,bronze,23441,2022-03-23
14774,29245,flagship,bronze,19279,2020-06-29
14775,29249,express,silver,40863,2020-07-06
14776,29251,flagship,silver,23630,2019-12-10
14777,29254,express,bronze,5060,2023-04-30
14778,29256,online,bronze,15854,2025-08-13
14779,29257,flagship,gold,44539,2019-06-29
14780,29260,standard,bronze,15494,2020-09-06
14781,29262,flagship,bronze,49014,2024-08-11
14782,29262,online,silver,29409,2023-05-19
14783,29263,standard,bronze,14943,2019-12-04
14784,29264,standard,bronze,16336,2022-05-21
14785,29265,express,bronze,8399,2025-02-25
14786,29266,flagship,silver,35011,2022-04-18
14787,29270,online,silver,12687,2025-03-02
14788,29271,standard,platinum,15688,2020-03-30
14789,29274,online,bronze,48904,2019-05-07
14790,29277,express,silver,9354,2026-06-18
14791,29277,standard,bronze,35688,2021-06-27
14792,29281,express,platinum,31501,2020-07-24
14793,29282,online,silver,3537,2020-02-14
14794,29283,online,bronze,16452,2024-05-22
14795,29283,express,bronze,32187,2022-07-23
14796,29289,flagship,gold,11946,2021-10-13
14797,29291,standard,silver,18885,2025-09-13
14798,29295,flagship,bronze,13800,2019-11-13
14799,29297,express,bronze,1379,2020-07-12
14800,29299,flagship,gold,40191,2023-06-13
14801,29299,standard,bronze,43635,2023-01-15
14802,29302,flagship,gold,10616,2020-10-22
14803,29302,online,bronze,8349,2026-05-12
14804,29303,online,silver,20060,2021-04-30
14805,29306,flagship,bronze,15394,2025-04-26
14806,29307,standard,gold,37393,2025-11-25
14807,29308,standard,silver,11341,2024-07-18
14808,29314,flagship,bronze,22381,2023-02-13
14809,29318,flagship,gold,40522,2024-12-02
14810,29319,online,bronze,45381,2020-03-10
14811,29320,express,silver,14027,2025-01-05
14812,29321,online,bronze,22824,2020-02-22
14813,29323,standard,silver,44617,2022-01-27
14814,29323,online,bronze,27626,2023-03-15
14815,29327,online,silver,49946,2021-05-04
14816,29327,express,platinum,23391,2021-10-30
14817,29334,online,bronze,41937,2024-06-21
14818,29339,flagship,bronze,48318,2023-03-30
14819,29341,standard,bronze,24686,2025-10-15
14820,29341,flagship,silver,44046,2023-12-15
14821,29342,express,platinum,32743,2025-06-18
14822,29342,standard,bronze,8960,2020-10-14
14823,29346,online,silver,48126,2024-04-20
14824,29350,standard,bronze,27661,2023-08-17
14825,29351,express,silver,36142,2020-06-14
14826,29352,online,silver,49632,2020-07-17
14827,29352,flagship,bronze,19422,2020-12-12
14828,29353,express,bronze,25630,2023-10-09
14829,29355,flagship,silver,30679,2024-07-16
14830,29356,flagship,bronze,34515,2022-11-27
14831,29357,online,bronze,8037,2024-11-13
14832,29358,standard,silver,48553,2021-05-02
14833,29359,standard,bronze,3218,2021-02-21
14834,29360,standard,bronze,41270,2024-01-18
14835,29366,online,silver,16546,2020-07-06
14836,29367,express,bronze,11673,2023-07-18
14837,29370,standard,bronze,26914,2022-01-20
14838,29373,flagship,bronze,18800,2021-08-29
14839,29375,flagship,bronze,15889,2022-08-03
14840,29376,express,bronze,40032,2020-12-11
14841,29377,express,bronze,22375,2019-06-15
14842,29379,online,bronze,30651,2022-01-03
14843,29380,express,gold,9135,2022-02-23
14844,29380,flagship,bronze,1724,2020-08-16
14845,29382,flagship,silver,15717,2020-11-28
14846,29385,online,silver,18921,2023-05-07
14847,29386,online,bronze,14720,2023-01-07
14848,29386,express,silver,49302,2022-05-25
14849,29388,standard,silver,11289,2023-03-16
14850,29391,flagship,bronze,49265,2025-09-27
14851,29392,express,bronze,10939,2025-04-20
14852,29393,express,bronze,3044,2024-06-01
14853,29395,express,bronze,14830,2020-11-09
14854,29396,express,bronze,34306,2024-10-11
14855,29397,express,bronze,25852,2022-10-09
14856,29397,standard,silver,34533,2022-11-26
14857,29398,standard,bronze,28213,2020-02-16
14858,29401,express,bronze,20768,2019-02-03
14859,29401,online,silver,33515,2024-10-05
14860,29403,standard,bronze,5576,2019-01-25
14861,29404,standard,bronze,44098,2023-11-05
14862,29405,express,silver,30849,2020-08-31
14863,29406,express,bronze,42550,2019-07-19
14864,29411,express,platinum,11223,2023-05-01
14865,29412,flagship,bronze,276,2023-05-21
14866,29413,standard,bronze,49931,2020-09-13
14867,29414,standard,bronze,15894,2020-02-06
14868,29414,express,gold,39267,2022-06-05
14869,29416,online,platinum,13204,2025-01-01
14870,29416,standard,silver,17597,2026-03-31
14871,29424,flagship,silver,5516,2023-12-13
14872,29424,express,bronze,26457,2020-06-22
14873,29427,standard,bronze,11802,2019-01-17
14874,29429,express,bronze,14488,2024-03-09
14875,29429,standard,bronze,40510,2023-11-02
14876,29430,flagship,bronze,44669,2024-02-01
14877,29432,online,silver,33518,2021-06-26
14878,29434,express,bronze,11253,2026-04-19
14879,29435,express,gold,10433,2021-05-11
14880,29435,standard,silver,29882,2019-10-07
14881,29449,flagship,bronze,45647,2024-04-19
14882,29453,standard,bronze,38164,2019-04-14
14883,29454,express,bronze,5310,2019-04-13
14884,29455,standard,gold,18981,2021-04-02
14885,29456,standard,bronze,248,2020-03-20
14886,29462,express,bronze,35953,2020-05-04
14887,29470,online,bronze,2822,2022-04-16
14888,29472,express,bronze,116,2024-06-29
14889,29473,online,gold,43098,2022-01-09
14890,29479,online,gold,25663,2023-08-23
14891,29479,express,silver,24775,2020-11-24
14892,29483,express,silver,36787,2023-09-18
14893,29484,online,silver,1333,2019-12-11
14894,29486,flagship,gold,24236,2020-02-04
14895,29488,express,silver,39937,2021-11-11
14896,29489,online,silver,44281,2020-10-15
14897,29491,flagship,silver,41532,2023-08-18
14898,29492,standard,silver,36707,2023-03-31
14899,29493,express,bronze,55,2022-07-26
14900,29494,flagship,bronze,41283,2023-03-26
14901,29500,online,silver,26859,2023-02-11
14902,29507,express,bronze,45393,2021-07-10
14903,29509,flagship,bronze,26644,2021-04-03
14904,29513,online,silver,34459,2022-08-19
14905,29514,express,bronze,8938,2021-08-27
14906,29516,online,silver,21207,2019-06-22
14907,29518,flagship,bronze,29295,2022-10-19
14908,29518,standard,bronze,30228,2025-08-02
14909,29522,standard,bronze,11319,2024-04-17
14910,29524,online,bronze,8533,2026-06-04
14911,29525,online,silver,43266,2022-05-06
14912,29528,express,gold,42448,2022-12-18
14913,29529,standard,bronze,30756,2021-12-03
14914,29530,express,bronze,41975,2024-08-31
14915,29531,standard,silver,7967,2024-04-21
14916,29536,standard,silver,36072,2025-03-23
14917,29540,express,gold,49901,2023-06-03
14918,29541,flagship,bronze,17416,2026-06-14
14919,29542,express,bronze,15039,2020-09-14
14920,29547,flagship,silver,28454,2021-04-08
14921,29548,standard,gold,44671,2022-11-24
14922,29552,express,bronze,11485,2023-07-30
14923,29552,flagship,bronze,49005,2019-03-19
14924,29553,standard,bronze,43048,2020-05-16
14925,29554,online,bronze,41122,2019-07-13
14926,29555,standard,silver,4104,2026-05-30
14927,29556,online,silver,46224,2019-05-04
14928,29559,standard,silver,42371,2024-05-03
14929,29562,flagship,bronze,42202,2021-03-10
14930,29563,express,bronze,39335,2019-03-21
14931,29563,standard,gold,11374,2023-04-07
14932,29564,standard,gold,21049,2025-06-14
14933,29565,standard,silver,43659,2021-02-05
14934,29566,express,bronze,8458,2021-06-27
14935,29566,standard,bronze,48896,2024-08-04
14936,29570,flagship,silver,15383,2022-06-07
14937,29571,online,bronze,4780,2026-05-13
14938,29574,online,bronze,39127,2024-05-21
14939,29577,online,bronze,27043,2022-02-08
14940,29579,express,bronze,41202,2022-04-02
14941,29580,online,bronze,8518,2019-11-20
14942,29581,flagship,bronze,22825,2023-11-07
14943,29586,flagship,silver,31046,2021-11-27
14944,29587,standard,silver,41728,2023-09-04
14945,29589,flagship,gold,5234,2021-11-26
14946,29595,standard,bronze,13606,2020-08-12
14947,29599,standard,bronze,40271,2023-09-04
14948,29601,standard,bronze,6846,2024-03-09
14949,29602,online,gold,44406,2024-03-03
14950,29603,standard,bronze,25148,2019-08-04
14951,29603,flagship,bronze,43053,2022-05-11
14952,29608,standard,bronze,27816,2024-01-31
14953,29609,flagship,gold,9590,2024-06-06
14954,29611,flagship,bronze,31457,2019-12-15
14955,29613,flagship,silver,4117,2025-04-14
14956,29613,online,bronze,26970,2020-05-17
14957,29614,flagship,gold,104,2020-10-07
14958,29615,standard,bronze,29963,2022-04-19
14959,29616,express,silver,36168,2023-06-03
14960,29617,flagship,bronze,15084,2023-08-30
14961,29618,standard,bronze,3764,2020-03-10
14962,29620,flagship,silver,10704,2020-02-04
14963,29622,flagship,bronze,15002,2024-05-15
14964,29623,online,silver,10664,2022-10-31
14965,29624,online,silver,5747,2026-06-13
14966,29625,flagship,bronze,43571,2020-01-05
14967,29625,standard,bronze,27117,2020-10-30
14968,29626,standard,bronze,39998,2025-08-24
14969,29627,standard,silver,8156,2024-05-11
14970,29628,online,silver,22624,2020-11-25
14971,29632,flagship,gold,19176,2024-12-18
14972,29633,flagship,gold,3815,2021-08-23
14973,29635,online,bronze,35429,2023-11-11
14974,29638,flagship,silver,8994,2021-01-22
14975,29641,express,gold,8132,2020-06-24
14976,29642,express,bronze,4643,2025-03-21
14977,29643,online,bronze,21800,2019-08-27
14978,29643,flagship,bronze,6896,2025-11-04
14979,29644,standard,silver,5484,2023-11-15
14980,29649,flagship,silver,6803,2023-11-18
14981,29649,express,silver,15065,2023-08-30
14982,29650,standard,bronze,28540,2025-06-10
14983,29650,express,bronze,42548,2025-07-20
14984,29652,standard,silver,28216,2019-03-13
14985,29653,standard,bronze,3805,2025-01-06
14986,29653,online,bronze,18351,2020-08-15
14987,29657,online,bronze,12948,2024-07-30
14988,29657,express,platinum,40849,2025-08-25
14989,29660,standard,bronze,15544,2019-03-11
14990,29660,online,bronze,12734,2025-01-12
14991,29671,online,bronze,12770,2020-09-06
14992,29682,express,bronze,47255,2026-02-21
14993,29683,express,bronze,25712,2020-04-03
14994,29685,online,platinum,1462,2022-05-12
14995,29688,standard,bronze,6942,2022-05-13
14996,29693,standard,silver,19443,2019-10-15
14997,29694,express,silver,2419,2025-04-24
14998,29694,online,gold,7056,2022-02-22
14999,29697,online,silver,36072,2023-01-14
15000,29697,express,bronze,32241,2025-07-21
15001,29698,online,gold,48770,2024-11-08
15002,29700,standard,bronze,36884,2021-02-06
15003,29701,standard,silver,45912,2024-12-11
15004,29703,standard,silver,32703,2025-11-16
15005,29704,express,gold,13512,2019-11-13
15006,29708,express,bronze,23520,2024-01-04
15007,29714,flagship,platinum,32206,2020-12-22
15008,29715,express,bronze,23375,2024-03-26
15009,29719,express,silver,15097,2025-12-21
15010,29720,online,gold,48739,2019-04-25
15011,29721,standard,silver,39901,2019-12-31
15012,29723,flagship,bronze,11027,2020-04-25
15013,29727,express,bronze,14422,2023-09-07
15014,29728,express,bronze,38952,2024-01-17
15015,29730,online,gold,32922,2019-01-27
15016,29730,standard,bronze,34699,2021-04-20
15017,29731,flagship,bronze,23982,2021-11-20
15018,29731,standard,platinum,43711,2024-07-13
15019,29732,online,silver,30163,2023-05-21
15020,29733,flagship,gold,4748,2021-02-19
15021,29733,online,bronze,153,2021-04-11
15022,29734,online,bronze,29963,2022-05-10
15023,29737,express,gold,37113,2021-08-21
15024,29737,standard,bronze,17965,2020-12-15
15025,29738,express,silver,6488,2019-09-20
15026,29740,standard,silver,33973,2019-03-09
15027,29742,flagship,silver,8788,2019-12-06
15028,29745,online,gold,1321,2023-03-16
15029,29753,flagship,silver,37581,2019-08-20
15030,29756,express,bronze,21492,2026-05-28
15031,29759,flagship,bronze,24459,2021-01-08
15032,29762,standard,silver,43220,2022-09-10
15033,29763,online,silver,47936,2026-01-28
15034,29765,standard,silver,28715,2026-04-04
15035,29766,standard,silver,4687,2020-09-07
15036,29767,standard,bronze,43893,2026-05-29
15037,29772,express,silver,34666,2022-10-10
15038,29773,online,bronze,23002,2022-11-30
15039,29773,express,bronze,36599,2019-11-18
15040,29775,standard,silver,38363,2023-05-21
15041,29778,flagship,bronze,47084,2023-10-17
15042,29780,flagship,bronze,19921,2019-04-19
15043,29782,flagship,gold,10781,2025-10-10
15044,29783,online,bronze,44220,2025-05-03
15045,29785,online,silver,37824,2023-11-14
15046,29786,standard,bronze,35554,2025-09-22
15047,29788,flagship,silver,36329,2024-11-01
15048,29789,express,platinum,8167,2022-01-07
15049,29790,online,silver,7027,2025-04-12
15050,29793,standard,bronze,26148,2023-03-01
15051,29795,standard,silver,39300,2023-02-09
15052,29797,online,silver,44690,2024-05-11
15053,29798,standard,bronze,24617,2026-03-21
15054,29799,express,silver,45544,2022-08-05
15055,29800,flagship,gold,9812,2019-11-17
15056,29801,online,bronze,25846,2024-04-01
15057,29802,express,bronze,20031,2019-02-05
15058,29806,online,bronze,5417,2021-03-25
15059,29808,express,bronze,14623,2021-01-28
15060,29808,flagship,silver,47770,2025-07-05
15061,29809,online,bronze,30674,2024-10-14
15062,29810,flagship,silver,9003,2025-10-31
15063,29811,flagship,bronze,17113,2024-01-15
15064,29812,standard,bronze,252,2021-05-18
15065,29813,flagship,silver,4435,2019-03-13
15066,29813,express,silver,45447,2022-01-30
15067,29814,flagship,silver,7586,2025-07-06
15068,29818,flagship,bronze,21075,2022-04-29
15069,29819,flagship,platinum,1289,2020-08-16
15070,29820,online,bronze,28549,2020-06-23
15071,29821,express,silver,44311,2019-04-11
15072,29822,flagship,bronze,25512,2025-10-06
15073,29824,standard,bronze,16210,2020-03-07
15074,29825,express,bronze,6034,2021-12-08
15075,29825,standard,silver,33345,2025-01-02
15076,29826,standard,bronze,27944,2026-03-12
15077,29832,flagship,bronze,38700,2025-08-21
15078,29833,flagship,silver,29987,2020-06-27
15079,29835,express,bronze,3000,2019-02-07
15080,29837,express,gold,5018,2020-07-13
15081,29838,express,silver,31931,2020-02-26
15082,29839,online,silver,35168,2021-11-21
15083,29843,online,platinum,19575,2024-11-24
15084,29843,express,gold,45587,2021-06-19
15085,29844,express,bronze,8494,2019-08-10
15086,29845,standard,bronze,48607,2023-12-12
15087,29848,flagship,silver,21491,2023-01-10
15088,29852,standard,gold,15681,2023-10-09
15089,29853,express,silver,5294,2023-04-09
15090,29854,express,silver,4670,2019-05-28
15091,29855,flagship,silver,6985,2021-12-07
15092,29857,express,silver,15671,2021-10-24
15093,29857,standard,bronze,25316,2023-11-26
15094,29859,online,bronze,44661,2026-02-04
15095,29861,express,silver,36042,2022-08-27
15096,29862,flagship,silver,20154,2019-08-15
15097,29863,flagship,bronze,15896,2025-11-30
15098,29864,online,silver,20325,2022-09-01
15099,29864,express,bronze,27656,2021-12-29
15100,29865,flagship,bronze,49266,2021-08-08
15101,29866,online,gold,24256,2021-08-23
15102,29868,standard,bronze,39196,2024-06-15
15103,29870,standard,bronze,33663,2022-12-30
15104,29871,standard,silver,13501,2021-08-24
15105,29877,flagship,platinum,36507,2023-12-23
15106,29878,flagship,silver,6434,2020-07-06
15107,29879,flagship,silver,18651,2025-05-22
15108,29885,online,platinum,12505,2022-03-09
15109,29886,online,silver,17487,2021-07-26
15110,29889,flagship,silver,12698,2019-01-11
15111,29891,standard,bronze,35095,2020-06-08
15112,29891,online,bronze,42020,2021-12-19
15113,29892,online,bronze,49276,2023-07-22
15114,29895,flagship,bronze,4758,2019-06-21
15115,29898,standard,bronze,11022,2021-05-04
15116,29902,express,bronze,42188,2021-11-27
15117,29904,flagship,bronze,6094,2026-04-20
15118,29905,standard,silver,39400,2024-09-02
15119,29906,flagship,bronze,11770,2021-08-02
15120,29907,express,bronze,26602,2022-07-19
15121,29908,online,silver,30566,2020-10-26
15122,29911,flagship,bronze,28087,2025-05-09
15123,29913,express,bronze,5372,2025-07-19
15124,29915,flagship,bronze,26091,2019-04-16
15125,29917,express,bronze,47795,2025-10-09
15126,29921,express,silver,49808,2023-02-20
15127,29923,standard,silver,32892,2025-09-30
15128,29924,online,bronze,21184,2024-08-11
15129,29927,flagship,silver,49225,2019-05-26
15130,29927,standard,gold,17510,2024-10-07
15131,29928,standard,bronze,4404,2019-10-09
15132,29931,online,bronze,36662,2022-07-13
15133,29936,online,bronze,12981,2026-03-10
15134,29937,flagship,bronze,2231,2020-11-29
15135,29937,online,gold,19853,2024-12-08
15136,29939,flagship,bronze,17946,2023-12-07
15137,29940,express,bronze,3730,2026-01-20
15138,29941,online,bronze,23003,2025-05-10
15139,29943,standard,bronze,47000,2020-10-22
15140,29947,flagship,bronze,23455,2026-05-15
15141,29948,flagship,bronze,42269,2019-11-29
15142,29949,standard,bronze,46081,2021-10-22
15143,29954,flagship,bronze,36432,2020-01-03
15144,29955,flagship,bronze,35372,2023-01-03
15145,29957,express,silver,23775,2019-06-12
15146,29957,flagship,bronze,9849,2020-11-05
15147,29960,online,silver,9232,2019-12-04
15148,29963,online,bronze,41126,2020-02-19
15149,29965,express,bronze,27406,2020-09-10
15150,29967,express,bronze,34623,2022-05-05
15151,29967,standard,bronze,38540,2024-03-08
15152,29968,flagship,gold,47244,2021-12-04
15153,29968,express,bronze,45806,2024-05-07
15154,29969,express,bronze,29414,2022-09-21
15155,29971,flagship,bronze,13327,2019-01-05
15156,29971,express,bronze,27947,2020-08-18
15157,29972,flagship,silver,36411,2024-08-14
15158,29973,flagship,silver,7689,2023-02-20
15159,29974,online,bronze,20881,2019-02-18
15160,29975,standard,silver,31050,2026-04-25
15161,29976,express,silver,186,2024-08-28
15162,29977,standard,bronze,3521,2023-04-17
15163,29978,standard,silver,27558,2025-03-03
15164,29979,flagship,bronze,18243,2022-04-05
15165,29981,standard,gold,14411,2024-04-18
15166,29983,online,gold,19504,2022-05-23
15167,29984,express,silver,26107,2026-04-29
15168,29985,flagship,bronze,13172,2019-09-07
15169,29987,standard,bronze,49358,2020-08-21
15170,29988,flagship,bronze,32359,2023-06-19
15171,29991,online,gold,34089,2023-05-13
15172,29992,standard,silver,16228,2025-01-18
15173,29992,express,silver,34578,2020-05-11
15174,29993,online,bronze,12392,2023-01-23
15175,29996,standard,gold,32238,2021-04-16
15176,30003,standard,gold,22151,2022-08-28
15177,30003,online,bronze,24804,2023-02-13
15178,30004,standard,bronze,29078,2023-06-05
15179,30005,express,bronze,36817,2021-09-26
15180,30014,standard,bronze,31018,2025-08-15
15181,30016,standard,bronze,21315,2023-02-19
15182,30019,standard,bronze,17226,2023-02-14
15183,30020,standard,bronze,32496,2022-05-05
15184,30021,flagship,bronze,2992,2019-01-10
15185,30023,express,silver,38919,2021-07-12
15186,30023,standard,silver,26673,2025-08-08
15187,30024,express,gold,25333,2022-06-04
15188,30025,express,gold,35789,2022-01-21
15189,30029,online,bronze,39738,2021-04-07
15190,30032,flagship,bronze,18049,2024-03-10
15191,30033,flagship,bronze,11185,2025-10-06
15192,30037,flagship,platinum,25899,2020-01-03
15193,30039,flagship,bronze,42212,2024-09-24
15194,30046,flagship,silver,10429,2026-03-29
15195,30047,standard,bronze,9877,2022-12-26
15196,30053,flagship,bronze,38423,2020-04-07
15197,30055,express,bronze,32704,2023-07-18
15198,30056,express,gold,44388,2019-12-18
15199,30058,express,silver,30304,2022-12-22
15200,30061,online,bronze,9977,2024-12-24
15201,30062,online,platinum,46876,2022-12-29
15202,30063,online,bronze,28167,2025-12-18
15203,30063,flagship,silver,36015,2021-07-14
15204,30064,flagship,gold,35006,2021-06-26
15205,30065,online,bronze,9698,2022-04-12
15206,30067,express,silver,49680,2026-06-02
15207,30069,standard,silver,24367,2021-01-31
15208,30069,flagship,silver,1087,2022-05-31
15209,30071,online,bronze,18619,2023-01-06
15210,30072,online,bronze,47203,2025-09-15
15211,30074,standard,bronze,26096,2023-09-07
15212,30074,flagship,silver,46687,2024-06-19
15213,30076,flagship,silver,46519,2024-12-26
15214,30078,flagship,gold,23047,2024-09-10
15215,30082,standard,bronze,31845,2023-05-14
15216,30085,flagship,silver,25718,2020-12-27
15217,30085,online,bronze,6765,2021-12-25
15218,30086,online,bronze,33886,2019-03-26
15219,30087,flagship,gold,35034,2023-07-10
15220,30087,standard,silver,41935,2022-02-08
15221,30089,online,bronze,5318,2022-03-01
15222,30090,flagship,silver,18618,2024-08-05
15223,30091,express,silver,46110,2021-10-16
15224,30092,online,bronze,8248,2019-07-08
15225,30094,standard,bronze,45590,2025-11-29
15226,30094,express,bronze,46526,2020-02-05
15227,30095,standard,silver,7519,2025-03-26
15228,30098,express,bronze,19943,2023-10-14
15229,30106,express,silver,32597,2019-12-23
15230,30108,flagship,silver,4867,2020-05-16
15231,30109,online,gold,27771,2025-01-07
15232,30110,express,bronze,13669,2019-06-14
15233,30111,flagship,silver,6625,2024-04-19
15234,30112,express,gold,41639,2020-02-13
15235,30116,online,silver,48773,2019-08-22
15236,30116,express,gold,25659,2026-04-27
15237,30118,online,bronze,4163,2020-03-25
15238,30124,flagship,silver,45571,2026-06-22
15239,30125,express,bronze,44818,2022-07-15
15240,30126,standard,platinum,14700,2021-12-05
15241,30127,flagship,bronze,39458,2021-12-19
15242,30128,online,gold,23414,2020-10-11
15243,30129,standard,gold,29123,2020-07-24
15244,30130,flagship,bronze,41814,2025-03-10
15245,30139,express,gold,30078,2024-11-18
15246,30140,online,bronze,42080,2020-09-17
15247,30142,flagship,gold,39975,2025-01-06
15248,30144,express,gold,49113,2023-12-24
15249,30145,online,bronze,32140,2024-04-10
15250,30146,standard,bronze,34492,2024-01-13
15251,30147,flagship,bronze,46942,2023-09-11
15252,30147,online,bronze,23544,2026-01-26
15253,30148,online,bronze,22408,2025-08-29
15254,30150,flagship,bronze,30433,2019-05-01
15255,30154,flagship,silver,40969,2021-10-26
15256,30160,flagship,silver,24677,2023-07-19
15257,30161,online,gold,26302,2023-04-22
15258,30162,flagship,bronze,46508,2022-10-05
15259,30162,standard,gold,45549,2021-03-26
15260,30163,online,bronze,519,2019-07-18
15261,30168,online,gold,35230,2020-05-19
15262,30169,express,bronze,41617,2022-04-15
15263,30170,standard,platinum,19638,2019-12-31
15264,30172,standard,bronze,14156,2022-05-09
15265,30176,express,silver,40870,2022-07-24
15266,30178,flagship,bronze,19700,2024-08-23
15267,30179,standard,bronze,34075,2019-11-18
15268,30190,online,platinum,32044,2022-11-03
15269,30193,online,bronze,38264,2019-04-24
15270,30197,express,silver,35591,2025-03-03
15271,30198,express,silver,5058,2024-08-09
15272,30200,express,bronze,3916,2025-11-05
15273,30201,express,bronze,33642,2020-02-11
15274,30205,online,bronze,8833,2019-06-05
15275,30212,online,bronze,34518,2019-03-13
15276,30215,online,gold,7996,2025-01-31
15277,30215,standard,bronze,9085,2019-07-25
15278,30220,express,bronze,42557,2022-03-27
15279,30222,online,gold,25774,2024-02-25
15280,30224,standard,silver,4047,2019-02-12
15281,30228,online,bronze,45614,2019-07-19
15282,30228,express,bronze,31210,2025-04-21
15283,30229,online,bronze,15023,2026-02-22
15284,30231,express,silver,9114,2024-12-03
15285,30232,flagship,silver,35788,2019-07-21
15286,30232,express,silver,46865,2026-04-17
15287,30236,express,bronze,20008,2025-03-28
15288,30237,online,silver,37972,2026-04-25
15289,30239,express,silver,40416,2026-06-22
15290,30240,express,bronze,33636,2022-07-20
15291,30241,standard,bronze,18806,2022-10-01
15292,30241,online,bronze,24973,2020-05-16
15293,30244,flagship,bronze,21361,2020-08-28
15294,30245,online,silver,42946,2023-01-08
15295,30246,express,bronze,9653,2022-11-15
15296,30247,standard,silver,25533,2022-01-08
15297,30247,express,gold,11289,2019-01-28
15298,30248,express,bronze,21681,2022-10-20
15299,30251,flagship,bronze,27331,2025-03-03
15300,30255,flagship,bronze,48649,2025-02-05
15301,30257,standard,silver,40552,2019-11-16
15302,30259,online,bronze,28975,2023-06-29
15303,30259,flagship,bronze,23417,2022-01-26
15304,30260,flagship,bronze,12225,2021-07-16
15305,30262,standard,silver,40721,2019-09-20
15306,30263,flagship,silver,27500,2026-05-17
15307,30265,online,bronze,23503,2024-04-03
15308,30270,flagship,silver,14602,2020-06-29
15309,30271,standard,bronze,29191,2026-05-08
15310,30271,online,gold,16339,2019-07-11
15311,30272,flagship,silver,12989,2020-12-26
15312,30274,standard,bronze,32022,2025-09-27
15313,30277,online,bronze,20900,2019-01-10
15314,30279,online,gold,32626,2024-05-19
15315,30282,standard,bronze,654,2023-11-15
15316,30291,express,silver,42973,2025-09-01
15317,30293,express,bronze,8611,2022-09-10
15318,30296,standard,platinum,24919,2021-10-26
15319,30296,online,bronze,26990,2023-09-20
15320,30300,flagship,bronze,34345,2020-07-16
15321,30301,flagship,bronze,35736,2024-05-03
15322,30308,standard,bronze,36908,2026-04-21
15323,30311,express,bronze,45210,2023-11-23
15324,30315,flagship,silver,24907,2019-08-04
15325,30318,standard,bronze,45921,2019-11-19
15326,30324,online,bronze,34794,2024-03-01
15327,30324,express,bronze,18435,2022-11-18
15328,30325,express,silver,23505,2022-05-20
15329,30326,flagship,silver,29683,2021-06-06
15330,30327,online,bronze,11746,2021-04-16
15331,30329,flagship,silver,37127,2022-04-28
15332,30331,flagship,bronze,42894,2021-01-12
15333,30332,express,silver,29941,2024-01-09
15334,30338,online,bronze,18775,2020-10-22
15335,30343,online,silver,9011,2020-07-27
15336,30345,standard,bronze,41326,2022-03-17
15337,30347,flagship,bronze,18144,2019-01-18
15338,30348,online,bronze,25505,2021-09-16
15339,30348,standard,bronze,5321,2025-10-26
15340,30351,online,bronze,49004,2026-06-18
15341,30354,express,bronze,4015,2020-07-18
15342,30355,standard,bronze,15457,2023-06-14
15343,30356,online,silver,20187,2024-01-12
15344,30358,online,bronze,21563,2019-03-14
15345,30358,express,bronze,43289,2020-12-20
15346,30359,flagship,bronze,6906,2019-05-20
15347,30362,flagship,gold,20595,2025-05-31
15348,30363,flagship,silver,46587,2026-06-02
15349,30364,standard,bronze,42044,2024-07-11
15350,30366,express,gold,15449,2019-10-15
15351,30367,standard,silver,44647,2019-01-07
15352,30368,express,bronze,5638,2024-10-19
15353,30368,flagship,bronze,32965,2019-07-08
15354,30370,flagship,gold,43018,2024-01-22
15355,30374,flagship,bronze,7942,2025-02-01
15356,30375,standard,platinum,4296,2021-07-26
15357,30376,flagship,silver,17425,2020-05-18
15358,30378,flagship,gold,49062,2020-09-13
15359,30387,flagship,bronze,30416,2022-01-04
15360,30387,express,silver,2900,2022-06-21
15361,30390,flagship,silver,34601,2024-07-16
15362,30390,online,bronze,40447,2021-10-08
15363,30393,flagship,bronze,23163,2024-05-01
15364,30394,express,platinum,35946,2021-03-16
15365,30395,online,platinum,24341,2024-08-06
15366,30396,standard,bronze,43994,2023-07-20
15367,30397,express,silver,33867,2021-12-04
15368,30398,standard,bronze,47439,2019-04-04
15369,30399,express,bronze,24001,2025-06-16
15370,30400,online,bronze,13592,2026-06-02
15371,30402,online,bronze,45608,2025-03-15
15372,30403,online,bronze,13899,2025-11-30
15373,30403,express,silver,37148,2024-12-28
15374,30405,flagship,bronze,10408,2026-01-27
15375,30407,express,bronze,29071,2020-11-29
15376,30408,online,bronze,5032,2025-08-25
15377,30410,online,bronze,13398,2026-01-10
15378,30411,flagship,bronze,11638,2023-01-12
15379,30412,online,silver,6592,2019-12-16
15380,30422,online,silver,42358,2024-07-27
15381,30423,online,silver,25998,2021-09-24
15382,30425,online,bronze,30931,2026-01-17
15383,30428,flagship,bronze,1516,2021-04-05
15384,30430,online,bronze,22355,2020-01-10
15385,30431,standard,bronze,42793,2025-01-22
15386,30434,standard,bronze,38101,2021-03-08
15387,30435,online,bronze,14470,2021-06-03
15388,30436,express,gold,1885,2026-04-05
15389,30436,standard,platinum,26887,2020-08-10
15390,30437,express,bronze,7830,2022-10-17
15391,30439,express,bronze,3944,2021-02-04
15392,30441,flagship,silver,49533,2024-12-07
15393,30442,online,bronze,32540,2025-06-04
15394,30443,online,gold,17663,2025-10-20
15395,30445,online,gold,39967,2021-03-27
15396,30448,online,silver,10955,2019-07-11
15397,30449,standard,bronze,11515,2019-06-01
15398,30449,flagship,bronze,36858,2023-10-16
15399,30451,express,bronze,44239,2019-11-01
15400,30455,flagship,platinum,8451,2025-05-22
15401,30456,express,bronze,1098,2022-01-11
15402,30456,standard,silver,22895,2024-08-21
15403,30460,flagship,bronze,25714,2019-02-20
15404,30461,flagship,bronze,34282,2021-04-05
15405,30463,standard,silver,2672,2023-09-21
15406,30464,standard,silver,35878,2023-04-04
15407,30467,flagship,bronze,24959,2020-03-14
15408,30468,flagship,gold,4469,2024-10-10
15409,30469,express,silver,25120,2025-12-01
15410,30470,online,silver,8971,2020-07-22
15411,30479,express,bronze,28680,2023-06-06
15412,30480,online,silver,39282,2025-05-06
15413,30482,express,bronze,48373,2020-04-01
15414,30483,flagship,bronze,22255,2021-02-08
15415,30486,flagship,bronze,16821,2020-03-02
15416,30487,express,bronze,16703,2025-10-14
15417,30488,online,bronze,49598,2019-10-07
15418,30492,online,gold,8335,2023-03-16
15419,30498,flagship,bronze,39324,2024-07-18
15420,30501,online,silver,48125,2023-06-28
15421,30502,express,silver,7330,2021-10-25
15422,30503,standard,platinum,4054,2022-10-27
15423,30503,flagship,bronze,11495,2020-04-28
15424,30504,flagship,bronze,26771,2023-03-31
15425,30507,online,silver,24576,2025-08-10
15426,30508,standard,bronze,22444,2024-05-24
15427,30511,online,bronze,43827,2019-10-16
15428,30512,flagship,bronze,13790,2020-05-11
15429,30514,online,gold,37474,2026-04-18
15430,30515,express,bronze,23184,2024-04-28
15431,30516,express,silver,27026,2022-02-18
15432,30517,standard,gold,123,2022-05-09
15433,30525,standard,gold,29988,2022-01-08
15434,30526,standard,bronze,28928,2022-03-29
15435,30528,standard,gold,48598,2019-06-29
15436,30530,express,bronze,25179,2022-11-12
15437,30531,online,bronze,1946,2021-08-17
15438,30532,online,bronze,48590,2020-08-04
15439,30541,online,gold,46657,2020-06-21
15440,30541,standard,gold,25158,2022-02-05
15441,30542,express,bronze,14312,2026-01-26
15442,30545,express,bronze,7076,2020-08-02
15443,30547,standard,platinum,13059,2020-01-21
15444,30549,flagship,silver,18102,2020-07-02
15445,30549,express,bronze,48956,2026-05-13
15446,30552,flagship,bronze,42789,2021-11-11
15447,30552,express,silver,14884,2021-05-15
15448,30554,express,silver,12405,2025-12-14
15449,30556,online,bronze,33544,2022-12-24
15450,30559,express,gold,17313,2023-08-31
15451,30560,online,bronze,47934,2019-07-31
15452,30561,online,bronze,8661,2020-11-16
15453,30561,standard,bronze,34955,2023-01-17
15454,30562,standard,bronze,22144,2025-12-15
15455,30563,flagship,gold,31498,2023-07-09
15456,30564,flagship,bronze,650,2019-01-10
15457,30565,flagship,bronze,28058,2021-11-14
15458,30566,express,bronze,1238,2021-12-19
15459,30567,flagship,gold,44655,2023-03-19
15460,30567,standard,bronze,30431,2023-03-22
15461,30568,standard,silver,19231,2023-09-01
15462,30569,standard,bronze,36155,2023-09-02
15463,30572,express,bronze,32662,2022-01-18
15464,30572,standard,bronze,34101,2025-05-02
15465,30574,online,bronze,23729,2021-01-08
15466,30578,flagship,silver,17289,2022-07-23
15467,30579,flagship,bronze,31204,2024-04-06
15468,30582,online,bronze,3790,2022-10-17
15469,30583,express,silver,17281,2024-12-18
15470,30584,standard,gold,13699,2023-05-26
15471,30585,online,bronze,23934,2025-11-03
15472,30585,standard,bronze,48930,2019-08-23
15473,30588,standard,bronze,28371,2023-06-22
15474,30592,standard,gold,25965,2020-10-25
15475,30593,flagship,silver,3065,2025-12-10
15476,30594,online,bronze,19822,2021-11-19
15477,30594,standard,bronze,40724,2024-08-28
15478,30595,flagship,platinum,48606,2023-12-05
15479,30597,online,gold,18129,2024-04-29
15480,30598,flagship,silver,37058,2026-04-03
15481,30600,online,bronze,8790,2021-12-16
15482,30602,flagship,bronze,16279,2022-06-09
15483,30603,express,bronze,2714,2022-08-25
15484,30607,flagship,bronze,12393,2019-08-18
15485,30618,online,bronze,43325,2025-06-09
15486,30619,flagship,bronze,40768,2022-04-29
15487,30624,online,bronze,47233,2020-09-23
15488,30625,express,bronze,49955,2025-08-01
15489,30629,standard,bronze,6688,2019-10-06
15490,30630,express,silver,33664,2023-11-08
15491,30631,flagship,bronze,18660,2025-12-23
15492,30632,express,bronze,2047,2019-08-18
15493,30635,flagship,bronze,17310,2021-04-25
15494,30636,online,gold,6045,2022-09-01
15495,30637,flagship,gold,16923,2020-10-22
15496,30638,flagship,bronze,45683,2024-09-20
15497,30638,online,bronze,43376,2020-12-28
15498,30642,flagship,bronze,23813,2020-05-30
15499,30642,online,bronze,13333,2022-07-15
15500,30643,online,gold,13519,2022-01-04
15501,30643,standard,bronze,8856,2020-01-11
15502,30646,online,bronze,44093,2023-05-29
15503,30646,standard,bronze,49408,2019-09-07
15504,30649,express,gold,39702,2022-11-09
15505,30649,standard,gold,23696,2025-04-07
15506,30652,online,silver,38364,2021-07-29
15507,30654,online,silver,35885,2024-04-29
15508,30656,standard,bronze,27074,2025-01-22
15509,30659,flagship,bronze,2949,2023-09-06
15510,30661,express,bronze,33581,2021-04-12
15511,30661,flagship,bronze,9351,2019-04-06
15512,30664,express,bronze,10499,2024-12-10
15513,30667,flagship,gold,29735,2026-06-08
15514,30668,express,gold,39647,2021-10-28
15515,30668,standard,bronze,11969,2019-10-22
15516,30669,express,bronze,41993,2022-12-17
15517,30670,express,bronze,8295,2023-06-19
15518,30671,flagship,bronze,11725,2019-03-05
15519,30673,online,silver,8719,2026-05-12
15520,30676,online,gold,33186,2020-06-13
15521,30681,flagship,gold,43476,2022-03-18
15522,30681,online,silver,38204,2019-04-25
15523,30683,standard,silver,3213,2026-06-26
15524,30685,express,bronze,8106,2019-04-10
15525,30686,standard,bronze,9603,2025-03-17
15526,30687,flagship,bronze,40297,2022-07-20
15527,30688,flagship,bronze,17493,2026-02-12
15528,30690,flagship,bronze,12587,2021-06-20
15529,30691,flagship,bronze,49793,2021-04-08
15530,30691,online,silver,24812,2024-03-18
15531,30692,standard,bronze,27902,2021-03-21
15532,30694,express,gold,40202,2024-08-06
15533,30695,standard,bronze,36445,2022-01-30
15534,30696,online,silver,18805,2020-11-29
15535,30697,express,bronze,3071,2019-06-02
15536,30698,online,bronze,34010,2024-12-03
15537,30700,standard,bronze,27893,2020-01-29
15538,30700,flagship,bronze,9644,2020-04-30
15539,30707,standard,bronze,16029,2021-01-10
15540,30708,online,silver,16859,2024-05-08
15541,30709,express,bronze,23106,2020-02-16
15542,30711,online,bronze,39572,2024-05-05
15543,30712,online,silver,17763,2021-09-12
15544,30712,express,silver,27694,2024-11-20
15545,30713,flagship,bronze,41684,2022-04-06
15546,30714,standard,silver,45143,2022-07-25
15547,30715,standard,silver,47243,2022-01-28
15548,30716,online,bronze,43998,2019-12-01
15549,30720,express,platinum,8329,2023-12-22
15550,30720,online,bronze,33596,2021-12-06
15551,30726,flagship,gold,44180,2021-03-05
15552,30727,standard,gold,45634,2024-05-13
15553,30728,online,silver,4023,2022-10-30
15554,30730,online,bronze,25948,2025-02-18
15555,30737,flagship,gold,28953,2024-02-14
15556,30741,flagship,bronze,21421,2025-08-22
15557,30742,standard,bronze,2805,2022-05-29
15558,30744,online,bronze,8854,2019-03-07
15559,30745,standard,bronze,39891,2024-10-17
15560,30746,online,bronze,39287,2019-11-24
15561,30752,standard,bronze,15421,2026-01-24
15562,30753,standard,bronze,15674,2020-08-21
15563,30754,standard,silver,9180,2021-08-18
15564,30756,online,bronze,1769,2021-07-26
15565,30759,standard,bronze,49540,2021-03-02
15566,30759,express,silver,12309,2025-11-04
15567,30760,express,bronze,1689,2025-01-31
15568,30762,standard,silver,2215,2019-08-08
15569,30765,flagship,bronze,29348,2025-04-18
15570,30766,online,bronze,48852,2019-10-26
15571,30768,flagship,bronze,28542,2025-04-13
15572,30769,flagship,silver,31854,2019-06-07
15573,30770,express,silver,30857,2022-08-25
15574,30775,flagship,bronze,20803,2020-04-06
15575,30776,express,bronze,43734,2019-03-13
15576,30779,standard,bronze,13225,2026-04-21
15577,30779,flagship,bronze,36895,2019-07-22
15578,30781,online,bronze,22735,2026-05-25
15579,30782,online,bronze,33551,2021-03-16
15580,30786,online,bronze,7884,2021-10-13
15581,30788,online,bronze,11695,2021-06-14
15582,30791,express,bronze,7553,2019-04-14
15583,30791,online,bronze,10533,2022-08-25
15584,30792,online,gold,36937,2023-02-13
15585,30793,standard,silver,30462,2021-09-21
15586,30794,flagship,bronze,24722,2020-01-25
15587,30799,flagship,bronze,24661,2023-05-28
15588,30800,standard,platinum,34699,2026-01-15
15589,30803,express,silver,4599,2023-08-12
15590,30806,express,silver,31977,2024-10-23
15591,30808,standard,bronze,24709,2025-05-06
15592,30810,flagship,bronze,49056,2024-04-26
15593,30814,online,silver,16129,2025-05-05
15594,30815,flagship,bronze,31300,2025-11-17
15595,30815,online,gold,31835,2019-09-11
15596,30818,online,bronze,2461,2023-03-22
15597,30819,standard,silver,9397,2022-05-29
15598,30820,standard,silver,14426,2025-12-09
15599,30822,express,bronze,21045,2023-06-04
15600,30823,express,bronze,29071,2026-04-08
15601,30825,flagship,bronze,1805,2025-09-27
15602,30826,online,gold,7529,2025-10-22
15603,30834,flagship,bronze,29388,2020-09-27
15604,30835,online,silver,45549,2019-11-10
15605,30836,flagship,silver,49131,2023-01-30
15606,30841,online,bronze,38710,2020-11-10
15607,30842,online,silver,29159,2024-10-13
15608,30842,express,bronze,20023,2022-05-20
15609,30846,flagship,bronze,23195,2020-07-09
15610,30848,online,bronze,38907,2024-05-31
15611,30851,flagship,bronze,18323,2022-01-07
15612,30852,express,silver,25598,2021-10-26
15613,30853,standard,silver,35136,2024-08-15
15614,30854,standard,gold,21047,2020-09-20
15615,30856,express,bronze,2779,2020-04-07
15616,30860,express,bronze,6680,2019-04-16
15617,30862,flagship,bronze,4397,2022-03-06
15618,30862,standard,gold,7824,2026-06-24
15619,30864,online,bronze,38888,2021-08-06
15620,30865,express,bronze,769,2022-07-16
15621,30867,flagship,silver,19614,2020-11-24
15622,30867,standard,silver,20619,2021-02-03
15623,30870,express,bronze,35403,2025-04-21
15624,30870,standard,bronze,32563,2025-07-13
15625,30878,online,gold,48979,2023-11-21
15626,30881,express,bronze,9213,2019-10-20
15627,30882,online,bronze,8825,2025-07-23
15628,30883,standard,silver,16930,2019-09-14
15629,30891,online,bronze,19464,2022-01-24
15630,30892,flagship,silver,46857,2024-01-06
15631,30893,express,platinum,28307,2025-11-19
15632,30893,flagship,silver,28288,2024-04-05
15633,30895,standard,silver,17740,2020-12-26
15634,30895,flagship,gold,25640,2026-01-21
15635,30897,express,bronze,925,2024-01-23
15636,30901,standard,silver,12542,2021-04-29
15637,30904,online,bronze,25913,2020-05-24
15638,30905,standard,bronze,46725,2026-01-27
15639,30907,standard,bronze,33058,2026-04-17
15640,30910,express,bronze,17004,2021-11-11
15641,30911,online,silver,49755,2019-03-26
15642,30913,standard,platinum,18478,2023-11-25
15643,30916,standard,bronze,3674,2020-01-29
15644,30919,express,bronze,41948,2019-01-31
15645,30920,flagship,gold,13986,2024-08-25
15646,30921,flagship,bronze,30521,2025-01-12
15647,30922,online,bronze,28439,2021-11-21
15648,30923,online,bronze,31380,2023-08-07
15649,30927,express,gold,6466,2022-08-18
15650,30927,online,silver,36745,2022-02-15
15651,30929,online,silver,33306,2024-10-21
15652,30930,online,bronze,33251,2020-04-24
15653,30931,online,bronze,27601,2025-04-18
15654,30935,online,bronze,28960,2021-03-14
15655,30938,express,silver,47724,2021-03-07
15656,30942,express,silver,13375,2022-05-14
15657,30943,online,silver,44,2023-04-16
15658,30943,express,bronze,38388,2021-06-02
15659,30945,flagship,bronze,16150,2024-11-07
15660,30946,standard,bronze,34624,2020-03-14
15661,30947,online,silver,30489,2022-06-15
15662,30948,flagship,silver,49889,2021-09-09
15663,30952,express,silver,20188,2019-01-06
15664,30956,express,bronze,17990,2023-11-11
15665,30961,express,silver,647,2021-08-30
15666,30961,flagship,silver,12497,2021-08-22
15667,30964,express,gold,19618,2021-01-09
15668,30967,express,silver,18615,2024-02-28
15669,30969,express,bronze,36397,2022-07-04
15670,30970,online,bronze,48997,2021-08-18
15671,30971,standard,silver,2129,2020-08-26
15672,30978,flagship,silver,25702,2024-03-09
15673,30979,express,bronze,35291,2023-09-28
15674,30982,flagship,bronze,5665,2026-01-03
15675,30985,standard,bronze,10061,2025-12-13
15676,30986,online,gold,25243,2022-04-11
15677,30989,express,bronze,30719,2023-11-07
15678,30991,online,bronze,4928,2024-11-15
15679,30993,express,bronze,49298,2019-02-10
15680,30995,standard,silver,19570,2022-11-02
15681,30998,standard,bronze,47535,2022-04-05
15682,30998,online,silver,16225,2020-03-02
15683,31002,flagship,bronze,28024,2026-02-04
15684,31007,express,bronze,9032,2019-10-29
15685,31011,online,silver,33320,2020-07-10
15686,31016,flagship,gold,36669,2021-12-08
15687,31016,standard,bronze,2783,2019-09-12
15688,31017,online,silver,47341,2025-10-21
15689,31018,flagship,gold,2012,2025-11-30
15690,31021,flagship,gold,1619,2020-05-17
15691,31022,online,silver,18985,2023-03-03
15692,31026,express,gold,19795,2022-09-21
15693,31027,standard,silver,49014,2020-07-23
15694,31028,standard,bronze,45131,2023-07-15
15695,31028,express,bronze,328,2019-06-13
15696,31029,standard,silver,36367,2019-09-24
15697,31029,online,silver,37123,2022-05-24
15698,31031,standard,silver,19388,2023-07-04
15699,31031,online,bronze,19597,2022-03-30
15700,31034,express,bronze,30548,2020-02-28
15701,31039,online,gold,19497,2019-07-21
15702,31042,express,bronze,30247,2023-01-06
15703,31042,standard,gold,43361,2023-06-24
15704,31044,online,platinum,19059,2022-05-15
15705,31046,online,bronze,27784,2024-05-24
15706,31051,online,silver,5076,2022-06-08
15707,31052,express,bronze,3735,2020-06-13
15708,31053,online,bronze,18651,2021-02-14
15709,31055,express,silver,44412,2023-05-22
15710,31057,online,bronze,21546,2020-05-02
15711,31058,online,gold,13427,2025-09-18
15712,31062,flagship,gold,7019,2023-08-27
15713,31063,express,bronze,854,2020-04-05
15714,31066,flagship,silver,19396,2021-07-04
15715,31071,express,silver,4829,2024-01-30
15716,31076,express,bronze,3226,2019-08-23
15717,31079,online,silver,12781,2024-08-09
15718,31079,standard,bronze,34751,2023-03-11
15719,31080,online,silver,49854,2022-07-22
15720,31082,standard,gold,10615,2023-04-19
15721,31084,standard,gold,38661,2025-09-14
15722,31088,online,bronze,41934,2020-10-02
15723,31090,express,silver,46447,2021-01-17
15724,31091,online,silver,17831,2022-04-19
15725,31092,standard,silver,29526,2025-07-09
15726,31093,online,bronze,4568,2025-03-12
15727,31094,standard,silver,32501,2023-08-26
15728,31095,online,silver,23273,2021-07-17
15729,31096,express,bronze,48756,2022-12-19
15730,31100,online,bronze,35440,2026-01-06
15731,31101,express,bronze,47192,2022-07-25
15732,31103,flagship,bronze,31896,2026-03-22
15733,31105,flagship,bronze,40818,2025-12-23
15734,31106,online,bronze,19113,2019-07-28
15735,31106,flagship,bronze,43866,2022-03-11
15736,31107,standard,gold,48911,2023-06-17
15737,31107,online,bronze,34866,2022-05-17
15738,31110,flagship,silver,6517,2024-05-22
15739,31113,standard,bronze,21042,2025-08-06
15740,31114,flagship,bronze,10626,2025-01-25
15741,31117,flagship,platinum,22202,2024-11-19
15742,31119,standard,bronze,8480,2021-04-01
15743,31121,flagship,bronze,20063,2022-10-05
15744,31121,express,bronze,10523,2026-05-09
15745,31124,standard,bronze,26703,2019-06-10
15746,31125,online,bronze,14238,2020-06-11
15747,31126,online,bronze,9622,2020-12-13
15748,31128,online,bronze,31435,2021-03-20
15749,31128,express,silver,8374,2023-03-02
15750,31129,standard,bronze,38436,2024-05-03
15751,31131,online,bronze,29790,2019-07-26
15752,31133,flagship,silver,21883,2021-05-13
15753,31134,online,silver,28051,2025-05-21
15754,31135,online,gold,2880,2019-05-06
15755,31141,express,silver,38081,2024-09-08
15756,31142,flagship,silver,19257,2026-02-28
15757,31144,express,bronze,31462,2021-05-08
15758,31147,express,bronze,43048,2024-01-02
15759,31147,flagship,gold,6433,2025-08-28
15760,31150,flagship,bronze,19860,2026-01-05
15761,31151,online,bronze,12225,2021-12-25
15762,31152,online,bronze,13146,2024-04-13
15763,31156,online,silver,28770,2023-05-01
15764,31161,online,bronze,48829,2023-03-31
15765,31164,express,bronze,27806,2023-11-03
15766,31166,express,silver,1327,2026-03-25
15767,31167,flagship,gold,32981,2025-07-09
15768,31168,flagship,bronze,10655,2019-10-22
15769,31171,online,bronze,49744,2023-03-02
15770,31174,express,bronze,26778,2022-10-03
15771,31179,flagship,bronze,18062,2024-08-14
15772,31179,standard,bronze,34577,2025-10-11
15773,31182,express,gold,8096,2026-06-19
15774,31185,express,bronze,21512,2023-05-16
15775,31188,standard,silver,28792,2022-01-13
15776,31190,express,bronze,19420,2019-06-29
15777,31191,express,bronze,15963,2022-11-09
15778,31192,online,gold,47034,2020-01-23
15779,31193,standard,bronze,14230,2026-01-15
15780,31195,express,silver,46671,2025-07-10
15781,31196,online,bronze,29536,2022-06-19
15782,31201,standard,silver,39362,2021-09-12
15783,31204,flagship,bronze,2153,2021-04-11
15784,31209,flagship,gold,25935,2019-10-19
15785,31209,standard,bronze,11765,2025-05-06
15786,31214,flagship,silver,8904,2025-10-10
15787,31215,flagship,bronze,19804,2022-07-05
15788,31220,flagship,bronze,341,2020-04-22
15789,31223,flagship,bronze,38300,2022-08-03
15790,31227,express,bronze,21755,2021-07-30
15791,31228,flagship,bronze,49321,2020-05-03
15792,31235,express,bronze,22950,2021-10-30
15793,31240,flagship,silver,23458,2025-06-02
15794,31244,express,bronze,9367,2025-08-22
15795,31245,flagship,silver,17486,2024-07-16
15796,31247,standard,bronze,38274,2022-10-09
15797,31248,standard,gold,9691,2023-05-11
15798,31253,express,silver,28850,2020-07-10
15799,31253,standard,bronze,1505,2020-02-10
15800,31254,express,bronze,34262,2025-03-15
15801,31256,flagship,silver,3995,2024-02-27
15802,31256,express,bronze,48227,2024-08-30
15803,31257,online,silver,42612,2022-07-03
15804,31258,express,bronze,10537,2023-01-31
15805,31259,online,bronze,2845,2024-06-15
15806,31261,online,bronze,12341,2021-11-05
15807,31264,online,bronze,46858,2021-08-11
15808,31264,standard,silver,36510,2019-07-15
15809,31267,standard,bronze,32981,2025-12-16
15810,31267,flagship,bronze,11601,2020-03-27
15811,31268,flagship,platinum,25778,2022-09-13
15812,31269,online,bronze,42390,2026-01-19
15813,31272,express,silver,9044,2026-03-21
15814,31275,express,silver,38072,2020-05-10
15815,31278,flagship,bronze,11823,2019-01-14
15816,31283,express,platinum,7125,2025-01-24
15817,31284,standard,bronze,19492,2023-06-28
15818,31285,standard,bronze,37171,2019-07-08
15819,31288,flagship,gold,3839,2021-10-15
15820,31292,standard,silver,25742,2024-03-20
15821,31296,standard,silver,25459,2024-06-12
15822,31298,flagship,bronze,34378,2021-12-31
15823,31299,flagship,silver,20706,2026-06-26
15824,31299,express,silver,28889,2019-04-24
15825,31300,flagship,gold,43531,2024-02-28
15826,31304,flagship,bronze,4347,2024-04-22
15827,31304,standard,silver,476,2021-09-20
15828,31306,online,silver,40779,2021-03-13
15829,31307,standard,gold,31513,2025-05-13
15830,31308,express,bronze,5443,2024-09-09
15831,31309,online,platinum,21517,2025-12-30
15832,31311,online,gold,22160,2022-02-27
15833,31312,flagship,silver,40308,2022-03-30
15834,31313,express,bronze,45481,2022-05-13
15835,31313,flagship,bronze,18638,2025-03-21
15836,31317,online,bronze,44659,2019-10-01
15837,31318,express,bronze,36683,2022-10-07
15838,31321,express,silver,23632,2021-12-19
15839,31324,standard,bronze,23928,2020-08-28
15840,31326,express,bronze,34704,2022-08-08
15841,31331,express,silver,13966,2026-06-22
15842,31332,online,gold,39376,2024-03-04
15843,31333,flagship,silver,14132,2021-04-27
15844,31341,express,bronze,26037,2025-06-10
15845,31341,standard,platinum,34056,2019-12-27
15846,31342,flagship,silver,36277,2020-12-06
15847,31343,standard,silver,31729,2024-07-12
15848,31345,online,bronze,30609,2025-11-12
15849,31346,flagship,bronze,6194,2021-03-07
15850,31348,flagship,silver,32129,2024-08-11
15851,31349,express,silver,21901,2019-06-22
15852,31354,express,silver,24184,2025-12-16
15853,31355,flagship,bronze,19811,2020-12-11
15854,31357,express,silver,36061,2019-05-20
15855,31360,online,bronze,45017,2019-04-21
15856,31361,flagship,bronze,11654,2025-11-28
15857,31364,express,bronze,29029,2025-04-04
15858,31364,standard,bronze,48575,2024-05-02
15859,31368,flagship,silver,48233,2023-06-25
15860,31369,express,bronze,46811,2025-04-07
15861,31370,online,platinum,12759,2020-11-01
15862,31371,online,bronze,35325,2024-03-24
15863,31374,express,bronze,45838,2025-06-09
15864,31376,online,silver,49693,2023-08-26
15865,31383,express,bronze,32149,2020-06-06
15866,31383,online,bronze,24177,2024-03-08
15867,31384,flagship,platinum,20088,2023-07-23
15868,31387,standard,bronze,6103,2024-06-06
15869,31387,online,platinum,24027,2022-07-07
15870,31389,online,gold,22374,2019-09-30
15871,31391,standard,bronze,2026,2023-06-11
15872,31393,express,bronze,49290,2024-07-08
15873,31394,standard,silver,35259,2025-11-15
15874,31395,standard,bronze,38868,2026-01-10
15875,31396,express,silver,35241,2024-10-06
15876,31397,flagship,bronze,14950,2024-10-22
15877,31402,standard,silver,24734,2020-03-22
15878,31403,flagship,bronze,8819,2025-11-12
15879,31403,express,bronze,28673,2025-05-22
15880,31409,flagship,bronze,17209,2023-03-26
15881,31410,online,bronze,49865,2023-12-21
15882,31410,flagship,bronze,2388,2023-09-10
15883,31411,standard,silver,23273,2026-01-29
15884,31412,standard,gold,10728,2022-06-12
15885,31412,express,bronze,47279,2025-10-03
15886,31415,express,bronze,4313,2023-07-04
15887,31416,standard,bronze,40164,2026-01-21
15888,31417,flagship,gold,4378,2019-04-13
15889,31417,express,bronze,27618,2020-06-12
15890,31418,standard,bronze,14446,2021-12-28
15891,31419,express,silver,27660,2019-01-21
15892,31422,express,bronze,19928,2024-04-07
15893,31423,flagship,bronze,21558,2021-11-11
15894,31429,express,bronze,21867,2020-07-02
15895,31430,online,bronze,11861,2023-06-23
15896,31430,standard,bronze,15113,2019-06-10
15897,31433,online,gold,13257,2025-09-09
15898,31434,express,bronze,3163,2025-04-21
15899,31436,express,silver,16152,2022-10-06
15900,31443,standard,bronze,13283,2023-03-03
15901,31453,online,bronze,37345,2019-09-22
15902,31455,online,bronze,35214,2021-04-23
15903,31456,flagship,bronze,46047,2026-03-01
15904,31463,standard,silver,43447,2020-12-03
15905,31466,standard,bronze,4361,2019-07-05
15906,31470,online,silver,20238,2021-03-26
15907,31472,standard,gold,33175,2023-06-26
15908,31475,express,platinum,3258,2019-10-18
15909,31476,flagship,bronze,40761,2022-09-08
15910,31479,standard,bronze,21228,2019-03-15
15911,31481,express,gold,10531,2019-04-25
15912,31481,online,gold,15483,2023-06-06
15913,31482,flagship,bronze,42989,2021-02-17
15914,31486,express,bronze,8990,2020-10-30
15915,31490,flagship,gold,35355,2019-02-17
15916,31491,express,bronze,21950,2020-02-29
15917,31492,express,bronze,47916,2025-04-15
15918,31493,express,silver,16697,2022-05-18
15919,31495,express,platinum,43063,2026-02-06
15920,31495,flagship,bronze,16473,2024-11-22
15921,31496,flagship,silver,46452,2021-10-29
15922,31496,standard,bronze,19488,2023-01-07
15923,31497,flagship,bronze,17505,2026-06-13
15924,31501,standard,gold,15762,2021-09-04
15925,31502,express,bronze,27529,2024-04-02
15926,31504,online,bronze,45625,2020-11-24
15927,31507,express,bronze,45571,2026-06-09
15928,31507,online,bronze,28226,2025-09-07
15929,31509,standard,silver,49306,2022-08-12
15930,31509,flagship,bronze,47275,2024-08-02
15931,31510,standard,silver,47039,2023-01-15
15932,31512,online,bronze,21536,2022-03-05
15933,31513,flagship,gold,8967,2021-10-01
15934,31514,express,bronze,44908,2021-05-09
15935,31516,online,silver,44263,2022-09-16
15936,31516,standard,platinum,26184,2021-11-19
15937,31518,standard,bronze,4716,2022-05-26
15938,31520,standard,bronze,17396,2022-12-31
15939,31524,online,bronze,19497,2024-01-24
15940,31526,flagship,gold,26831,2025-06-16
15941,31528,online,bronze,7489,2020-03-20
15942,31529,online,bronze,5969,2023-03-15
15943,31531,online,gold,27593,2023-10-02
15944,31532,flagship,silver,41146,2024-01-26
15945,31533,standard,bronze,25740,2024-07-21
15946,31536,express,silver,33981,2020-11-23
15947,31537,flagship,bronze,25246,2021-05-22
15948,31540,online,silver,28022,2019-05-20
15949,31541,express,bronze,27631,2021-04-14
15950,31542,flagship,bronze,3609,2020-04-18
15951,31543,online,silver,44139,2023-07-22
15952,31545,standard,bronze,1638,2024-07-01
15953,31547,standard,bronze,33143,2019-07-26
15954,31554,standard,bronze,19123,2020-03-16
15955,31558,express,bronze,11008,2025-09-13
15956,31564,standard,bronze,4611,2021-12-09
15957,31566,standard,silver,13548,2021-10-28
15958,31568,online,silver,18091,2023-12-20
15959,31572,express,silver,12322,2024-12-18
15960,31573,express,bronze,40103,2022-01-31
15961,31574,express,silver,2799,2023-03-22
15962,31578,online,silver,31193,2022-03-31
15963,31579,flagship,bronze,24369,2023-12-22
15964,31580,flagship,bronze,11233,2021-11-14
15965,31581,express,silver,44710,2026-05-25
15966,31583,express,platinum,49167,2026-03-25
15967,31584,express,bronze,17916,2019-02-11
15968,31586,flagship,bronze,10512,2021-03-02
15969,31588,standard,bronze,40452,2020-11-11
15970,31588,online,bronze,13364,2025-12-22
15971,31592,express,bronze,30987,2020-11-21
15972,31592,online,silver,14969,2022-04-13
15973,31593,standard,bronze,2574,2026-05-17
15974,31595,flagship,silver,17205,2019-05-10
15975,31597,express,silver,42182,2021-05-09
15976,31599,flagship,bronze,35488,2020-11-26
15977,31601,express,silver,40230,2025-03-24
15978,31604,standard,bronze,23330,2023-07-30
15979,31604,online,bronze,46061,2019-05-08
15980,31608,online,bronze,36478,2022-11-09
15981,31609,standard,bronze,28425,2024-03-14
15982,31609,flagship,silver,27260,2021-09-12
15983,31610,express,gold,23340,2024-02-05
15984,31612,standard,gold,40748,2025-01-29
15985,31614,online,bronze,28267,2024-03-07
15986,31616,standard,gold,9309,2026-01-29
15987,31617,online,silver,47416,2024-06-03
15988,31617,flagship,bronze,14412,2019-05-24
15989,31622,standard,gold,37858,2021-01-16
15990,31624,online,gold,33514,2024-05-16
15991,31626,standard,bronze,21941,2020-08-29
15992,31627,standard,silver,31712,2021-09-23
15993,31629,standard,bronze,24954,2022-11-03
15994,31629,online,bronze,40566,2024-02-18
15995,31631,standard,platinum,6397,2020-10-21
15996,31631,express,bronze,3498,2021-01-26
15997,31632,express,bronze,45290,2019-02-12
15998,31635,express,bronze,21887,2021-10-02
15999,31638,flagship,silver,1327,2023-10-10
16000,31642,online,bronze,34534,2025-06-11
16001,31643,flagship,gold,43693,2020-03-17
16002,31646,standard,silver,45165,2025-08-30
16003,31649,express,bronze,10132,2020-06-21
16004,31650,express,bronze,44654,2019-01-19
16005,31653,online,silver,31919,2020-10-02
16006,31653,express,bronze,31257,2023-05-19
16007,31655,standard,gold,1663,2024-08-01
16008,31659,online,bronze,17452,2019-06-19
16009,31660,flagship,gold,20461,2019-11-19
16010,31662,express,silver,28165,2021-03-12
16011,31663,standard,silver,33570,2023-09-15
16012,31665,online,bronze,33461,2026-03-29
16013,31669,online,bronze,11470,2022-08-27
16014,31672,online,silver,42614,2020-07-07
16015,31673,express,gold,27908,2019-11-22
16016,31674,online,bronze,24879,2021-05-28
16017,31681,online,silver,15697,2024-03-09
16018,31681,express,platinum,27261,2023-09-03
16019,31686,online,gold,48089,2025-02-02
16020,31693,standard,silver,13764,2021-10-04
16021,31694,express,bronze,38069,2022-01-16
16022,31695,online,bronze,22053,2023-11-11
16023,31700,flagship,bronze,8373,2022-03-20
16024,31706,express,bronze,29075,2019-07-21
16025,31707,express,bronze,49508,2020-01-18
16026,31708,standard,bronze,29061,2019-09-02
16027,31709,express,silver,1924,2025-09-07
16028,31711,express,bronze,16167,2025-10-07
16029,31714,standard,bronze,36080,2024-07-21
16030,31718,online,silver,25900,2020-03-10
16031,31719,flagship,silver,35519,2022-04-13
16032,31727,express,gold,42941,2024-02-28
16033,31729,flagship,gold,38949,2022-03-20
16034,31730,flagship,gold,872,2019-09-14
16035,31731,standard,gold,38863,2023-04-02
16036,31738,standard,silver,9817,2025-05-21
16037,31741,standard,platinum,38614,2021-03-28
16038,31742,standard,bronze,48867,2023-05-09
16039,31745,express,bronze,4254,2025-04-08
16040,31746,standard,platinum,14540,2021-10-05
16041,31747,standard,gold,33539,2021-07-19
16042,31749,express,silver,9020,2020-07-08
16043,31752,express,silver,37722,2023-10-16
16044,31754,standard,bronze,10526,2020-02-22
16045,31757,online,bronze,41085,2021-07-02
16046,31759,flagship,bronze,48814,2025-02-07
16047,31760,flagship,bronze,23141,2020-08-05
16048,31763,online,bronze,47116,2025-02-06
16049,31764,standard,bronze,19073,2019-10-15
16050,31766,online,silver,33829,2022-04-17
16051,31767,flagship,gold,47844,2020-01-20
16052,31768,flagship,bronze,7775,2019-09-30
16053,31771,flagship,silver,40716,2021-11-16
16054,31773,online,bronze,16041,2025-11-17
16055,31776,standard,silver,12879,2025-03-29
16056,31777,flagship,bronze,10990,2021-12-30
16057,31778,online,gold,27015,2025-04-27
16058,31784,express,silver,8533,2020-12-14
16059,31785,flagship,bronze,16947,2020-10-21
16060,31785,express,gold,29998,2020-06-29
16061,31786,express,silver,23907,2025-02-07
16062,31788,online,silver,12880,2024-02-15
16063,31789,express,platinum,46900,2023-01-04
16064,31793,standard,bronze,41337,2023-12-29
16065,31796,online,silver,30486,2020-09-29
16066,31797,online,gold,49252,2025-07-13
16067,31797,express,bronze,18126,2025-06-18
16068,31798,online,bronze,9454,2024-12-23
16069,31799,flagship,bronze,5901,2022-08-29
16070,31805,online,silver,22606,2022-07-18
16071,31805,flagship,gold,33187,2020-01-25
16072,31806,express,bronze,15706,2025-04-04
16073,31806,standard,bronze,5171,2022-04-25
16074,31809,express,bronze,9424,2024-01-29
16075,31809,online,silver,41265,2021-12-22
16076,31815,flagship,gold,32423,2020-09-11
16077,31815,online,platinum,24513,2025-07-21
16078,31817,online,bronze,19681,2020-03-16
16079,31818,express,bronze,42280,2021-09-03
16080,31819,express,bronze,18499,2024-07-19
16081,31820,online,bronze,21877,2024-06-08
16082,31821,flagship,bronze,42959,2025-08-02
16083,31823,express,bronze,1430,2022-10-13
16084,31827,express,bronze,36611,2025-11-05
16085,31828,express,bronze,27217,2021-05-21
16086,31828,online,bronze,16812,2020-10-09
16087,31829,standard,bronze,1812,2020-10-25
16088,31831,online,bronze,46485,2026-02-26
16089,31832,online,bronze,17752,2019-12-08
16090,31837,online,bronze,25447,2022-06-30
16091,31839,express,silver,4473,2021-02-09
16092,31842,express,gold,34622,2026-04-28
16093,31843,express,gold,635,2020-12-19
16094,31844,flagship,bronze,20204,2023-07-19
16095,31845,flagship,silver,47506,2022-04-28
16096,31848,express,silver,46657,2024-10-07
16097,31849,standard,bronze,34096,2026-03-28
16098,31852,flagship,gold,20279,2026-06-03
16099,31853,flagship,bronze,28719,2019-04-09
16100,31854,flagship,bronze,32777,2021-01-16
16101,31860,online,bronze,18075,2022-06-08
16102,31861,express,bronze,33887,2021-06-06
16103,31861,online,silver,45821,2020-02-04
16104,31863,standard,bronze,34266,2021-04-10
16105,31863,express,bronze,36343,2024-05-10
16106,31864,flagship,bronze,24293,2020-05-08
16107,31865,flagship,silver,36768,2026-01-22
16108,31866,online,bronze,41497,2026-05-19
16109,31867,flagship,silver,14535,2022-09-26
16110,31869,online,silver,21904,2025-01-31
16111,31872,flagship,silver,9794,2021-08-05
16112,31876,express,bronze,30415,2022-01-30
16113,31883,standard,bronze,31,2024-08-22
16114,31884,standard,bronze,48371,2024-10-15
16115,31884,online,bronze,14374,2020-05-07
16116,31885,online,gold,4767,2026-04-20
16117,31887,online,bronze,38254,2019-08-14
16118,31889,express,silver,3168,2024-06-09
16119,31890,flagship,bronze,38803,2021-04-12
16120,31893,standard,bronze,24818,2019-06-05
16121,31896,standard,bronze,27200,2025-07-31
16122,31896,online,silver,31356,2025-01-14
16123,31897,standard,silver,21976,2025-07-25
16124,31899,express,bronze,27549,2019-01-07
16125,31905,express,platinum,9213,2022-08-11
16126,31909,online,bronze,12391,2026-05-19
16127,31910,flagship,bronze,5197,2026-04-29
16128,31911,standard,platinum,3396,2022-06-09
16129,31913,online,bronze,30952,2023-05-19
16130,31916,express,gold,29086,2024-02-03
16131,31917,express,bronze,47053,2019-01-10
16132,31918,express,bronze,5504,2020-05-07
16133,31919,standard,gold,45258,2023-03-01
16134,31919,online,gold,32752,2025-10-03
16135,31921,online,gold,29105,2024-02-24
16136,31922,express,silver,45035,2025-12-04
16137,31926,standard,bronze,22960,2019-08-30
16138,31926,flagship,bronze,15527,2020-05-02
16139,31927,flagship,bronze,6261,2020-01-10
16140,31932,flagship,bronze,29809,2026-05-08
16141,31938,online,gold,16683,2024-06-14
16142,31939,express,silver,21934,2026-05-07
16143,31941,online,bronze,20124,2024-05-15
16144,31942,online,bronze,37788,2022-04-21
16145,31943,flagship,bronze,4090,2023-09-29
16146,31948,online,bronze,25826,2019-05-02
16147,31948,express,platinum,46460,2025-09-16
16148,31951,flagship,bronze,31703,2025-03-13
16149,31951,online,gold,29585,2024-12-24
16150,31953,express,bronze,36559,2025-06-25
16151,31954,standard,silver,29995,2021-04-19
16152,31960,online,gold,38455,2020-10-04
16153,31963,standard,silver,2784,2022-11-01
16154,31965,flagship,bronze,24106,2019-09-01
16155,31966,flagship,bronze,6181,2021-02-26
16156,31967,flagship,bronze,39535,2021-11-21
16157,31969,online,bronze,23722,2025-09-15
16158,31969,express,silver,21685,2021-01-21
16159,31970,express,bronze,38074,2022-05-23
16160,31972,flagship,silver,32055,2022-10-07
16161,31973,standard,gold,1377,2023-10-28
16162,31977,flagship,silver,46003,2020-09-18
16163,31978,flagship,bronze,25298,2021-10-09
16164,31982,flagship,silver,22652,2025-08-29
16165,31989,express,silver,18534,2024-02-28
16166,31990,online,gold,8541,2020-10-26
16167,31990,express,silver,48452,2022-01-04
16168,31992,standard,silver,21758,2022-03-07
16169,31997,standard,silver,33546,2025-05-21
16170,31999,flagship,bronze,27195,2021-07-09
16171,32000,standard,bronze,35386,2023-01-22
16172,32000,express,gold,14376,2026-03-25
16173,32001,standard,platinum,1009,2021-02-05
16174,32007,online,bronze,28819,2022-09-25
16175,32010,express,bronze,47326,2021-09-13
16176,32013,express,silver,41397,2024-08-28
16177,32013,flagship,platinum,36787,2019-06-02
16178,32014,online,gold,41521,2025-10-24
16179,32014,express,bronze,49274,2025-10-04
16180,32019,standard,bronze,6646,2021-08-03
16181,32020,online,bronze,3714,2023-09-07
16182,32021,standard,gold,33957,2023-06-26
16183,32029,standard,gold,12670,2023-12-05
16184,32030,express,silver,5330,2025-01-22
16185,32030,standard,silver,36743,2019-09-08
16186,32032,online,bronze,28058,2021-10-30
16187,32032,standard,gold,39936,2021-12-27
16188,32035,standard,bronze,7854,2023-01-30
16189,32038,express,silver,29776,2020-08-11
16190,32039,express,gold,25862,2020-12-16
16191,32041,standard,bronze,33917,2021-11-11
16192,32045,flagship,bronze,48842,2023-02-20
16193,32047,express,silver,10654,2022-05-21
16194,32051,express,bronze,29692,2020-05-07
16195,32055,online,silver,39194,2019-09-24
16196,32058,online,silver,38178,2019-03-20
16197,32058,express,bronze,33716,2025-01-19
16198,32061,standard,silver,40572,2021-01-18
16199,32063,express,bronze,31377,2019-10-04
16200,32067,standard,bronze,35363,2025-11-08
16201,32068,flagship,bronze,21673,2019-08-10
16202,32069,flagship,bronze,30952,2019-03-11
16203,32070,online,gold,1337,2021-12-15
16204,32070,flagship,platinum,36402,2022-04-01
16205,32071,express,silver,32272,2019-08-04
16206,32071,online,silver,40396,2019-08-14
16207,32075,express,silver,12110,2021-08-13
16208,32077,flagship,gold,43995,2026-02-26
16209,32078,express,bronze,40545,2022-06-24
16210,32079,online,gold,22910,2022-12-26
16211,32080,online,silver,6735,2019-11-07
16212,32084,express,bronze,14486,2025-12-24
16213,32086,online,bronze,25915,2021-06-20
16214,32086,standard,bronze,14019,2025-08-26
16215,32087,online,bronze,41883,2019-12-26
16216,32091,standard,silver,28463,2021-04-22
16217,32091,flagship,bronze,26527,2025-03-07
16218,32092,standard,bronze,12102,2025-11-22
16219,32094,express,bronze,25609,2023-07-27
16220,32095,flagship,gold,47024,2024-10-10
16221,32095,express,gold,26928,2021-09-15
16222,32098,flagship,bronze,9089,2026-04-03
16223,32100,standard,bronze,7635,2019-08-02
16224,32100,flagship,gold,41976,2020-05-12
16225,32101,flagship,silver,17598,2026-05-13
16226,32106,online,bronze,44035,2026-04-20
16227,32106,express,bronze,14169,2023-08-07
16228,32108,standard,gold,44367,2021-10-03
16229,32110,online,bronze,17023,2023-03-19
16230,32111,flagship,silver,30973,2022-02-04
16231,32114,flagship,bronze,15888,2019-06-25
16232,32115,express,bronze,28669,2023-08-11
16233,32116,flagship,gold,13015,2022-08-28
16234,32117,flagship,silver,15862,2021-04-01
16235,32119,online,bronze,9250,2022-11-02
16236,32123,online,silver,17521,2020-02-01
16237,32123,standard,bronze,22561,2019-10-18
16238,32124,standard,bronze,32615,2019-09-28
16239,32125,online,bronze,25320,2024-03-14
16240,32127,standard,silver,2396,2020-10-16
16241,32129,flagship,silver,47660,2024-07-04
16242,32130,express,bronze,48263,2021-01-18
16243,32130,standard,bronze,41544,2023-03-22
16244,32131,online,platinum,11706,2019-03-28
16245,32134,online,bronze,42482,2021-09-15
16246,32135,flagship,silver,12650,2021-07-04
16247,32136,express,gold,18778,2026-06-26
16248,32137,online,gold,16793,2022-05-19
16249,32138,online,bronze,23514,2022-06-01
16250,32140,express,bronze,42153,2019-01-05
16251,32141,flagship,silver,39460,2022-04-25
16252,32142,flagship,silver,8926,2025-08-26
16253,32147,standard,bronze,44256,2025-11-03
16254,32151,flagship,bronze,14571,2023-12-19
16255,32152,express,bronze,37336,2023-09-19
16256,32152,online,bronze,43792,2024-03-18
16257,32153,express,gold,12577,2019-10-01
16258,32154,online,bronze,3135,2023-04-26
16259,32154,standard,silver,10657,2021-11-16
16260,32157,flagship,bronze,3438,2019-05-22
16261,32159,flagship,silver,19994,2024-03-01
16262,32160,express,silver,37572,2020-03-16
16263,32161,express,silver,3271,2024-08-05
16264,32166,online,gold,10670,2026-02-24
16265,32168,standard,bronze,15373,2026-01-04
16266,32170,express,bronze,12740,2026-03-27
16267,32171,online,platinum,22554,2023-01-11
16268,32173,online,bronze,3749,2024-01-29
16269,32174,flagship,gold,34071,2022-06-02
16270,32177,express,bronze,2299,2023-03-17
16271,32178,standard,silver,5460,2023-03-02
16272,32178,flagship,bronze,1153,2019-08-01
16273,32181,online,bronze,39938,2023-03-26
16274,32183,flagship,bronze,41952,2019-08-26
16275,32184,online,silver,24391,2021-06-10
16276,32188,flagship,silver,3030,2024-05-15
16277,32192,standard,bronze,14409,2019-10-04
16278,32194,standard,bronze,30080,2021-01-27
16279,32195,online,silver,28196,2024-06-02
16280,32195,flagship,gold,46390,2019-05-29
16281,32197,online,bronze,27599,2025-04-23
16282,32199,flagship,silver,4213,2020-06-16
16283,32201,express,platinum,11852,2019-10-06
16284,32204,express,silver,8650,2025-05-10
16285,32205,online,bronze,44,2022-07-22
16286,32205,express,silver,38913,2026-01-17
16287,32209,flagship,platinum,45196,2023-01-02
16288,32214,flagship,bronze,48026,2021-07-23
16289,32215,flagship,bronze,35986,2024-02-19
16290,32217,online,bronze,6608,2026-06-01
16291,32218,flagship,bronze,18399,2024-08-30
16292,32219,express,bronze,13646,2024-05-11
16293,32225,flagship,bronze,49782,2023-04-13
16294,32226,online,gold,1623,2025-02-19
16295,32227,express,bronze,1831,2021-04-19
16296,32229,flagship,platinum,20795,2022-12-25
16297,32230,flagship,silver,74,2023-05-27
16298,32234,express,bronze,24057,2023-08-06
16299,32235,online,gold,7031,2022-12-28
16300,32237,flagship,bronze,16344,2022-11-08
16301,32238,online,platinum,8678,2019-02-02
16302,32239,flagship,gold,47736,2023-12-17
16303,32240,express,silver,32787,2021-09-05
16304,32243,express,bronze,15684,2025-07-12
16305,32243,online,bronze,8144,2021-04-08
16306,32245,online,bronze,31712,2020-09-19
16307,32245,flagship,bronze,17428,2020-04-19
16308,32248,standard,bronze,5961,2024-12-03
16309,32250,flagship,silver,21475,2022-11-24
16310,32250,standard,gold,39490,2024-05-03
16311,32252,flagship,bronze,48947,2019-01-10
16312,32252,standard,gold,42750,2019-03-26
16313,32254,flagship,silver,29119,2020-01-09
16314,32257,express,bronze,14311,2024-06-06
16315,32259,online,silver,10933,2020-07-01
16316,32262,flagship,bronze,37267,2021-04-05
16317,32263,express,gold,2258,2023-01-28
16318,32272,flagship,bronze,13940,2019-09-12
16319,32273,flagship,silver,2183,2023-09-04
16320,32276,express,bronze,42334,2019-06-11
16321,32277,online,bronze,23695,2020-12-09
16322,32278,standard,bronze,16552,2019-11-13
16323,32283,online,platinum,33119,2022-10-04
16324,32285,standard,silver,26905,2026-05-15
16325,32287,online,silver,33276,2023-03-22
16326,32288,standard,silver,45729,2019-07-11
16327,32288,flagship,bronze,16055,2020-11-20
16328,32291,flagship,bronze,3385,2022-06-20
16329,32291,online,gold,34112,2022-03-27
16330,32292,express,bronze,24811,2024-04-21
16331,32295,online,bronze,11624,2026-06-22
16332,32296,flagship,gold,37724,2021-08-02
16333,32297,online,bronze,22392,2024-11-13
16334,32299,standard,bronze,21341,2023-07-22
16335,32300,standard,bronze,12197,2023-05-04
16336,32301,flagship,gold,8621,2023-10-12
16337,32301,express,gold,25185,2022-05-28
16338,32303,flagship,bronze,21740,2026-04-13
16339,32304,standard,bronze,9834,2019-06-28
16340,32306,express,gold,46809,2020-04-25
16341,32306,online,silver,10242,2023-12-06
16342,32311,flagship,gold,10662,2024-10-30
16343,32318,express,silver,23168,2024-08-02
16344,32320,online,silver,29598,2022-04-30
16345,32320,flagship,bronze,15919,2024-09-20
16346,32322,standard,bronze,23244,2021-11-23
16347,32323,standard,bronze,48970,2019-03-29
16348,32324,standard,bronze,15347,2020-03-05
16349,32324,flagship,bronze,10900,2021-09-10
16350,32330,standard,bronze,2389,2019-11-24
16351,32331,standard,bronze,44086,2021-09-25
16352,32340,flagship,bronze,4812,2025-04-22
16353,32340,online,silver,32746,2021-04-06
16354,32342,express,silver,34419,2021-04-20
16355,32344,flagship,bronze,16228,2023-05-27
16356,32348,express,bronze,31785,2020-08-21
16357,32356,online,bronze,6780,2024-11-18
16358,32360,express,gold,44405,2024-03-25
16359,32363,standard,silver,28394,2022-08-14
16360,32365,online,silver,33415,2024-07-24
16361,32366,express,bronze,32850,2019-04-10
16362,32371,online,gold,42023,2025-05-09
16363,32375,online,gold,49685,2019-10-23
16364,32376,standard,platinum,14385,2025-05-23
16365,32376,express,bronze,17382,2021-05-23
16366,32377,flagship,bronze,17994,2019-02-23
16367,32378,standard,bronze,15103,2024-02-09
16368,32379,flagship,silver,34070,2025-06-16
16369,32380,flagship,bronze,42577,2024-12-01
16370,32381,express,gold,47137,2026-03-27
16371,32382,flagship,bronze,29610,2024-03-30
16372,32382,express,platinum,13975,2023-02-14
16373,32384,online,bronze,234,2021-07-29
16374,32384,express,gold,14386,2022-10-01
16375,32387,flagship,bronze,31947,2021-03-04
16376,32388,online,silver,26182,2021-05-04
16377,32391,standard,gold,18733,2024-12-27
16378,32392,standard,bronze,7983,2022-08-08
16379,32393,online,bronze,29369,2024-12-04
16380,32397,flagship,silver,2443,2025-11-20
16381,32400,online,bronze,674,2020-09-08
16382,32406,standard,bronze,8994,2025-01-16
16383,32406,flagship,bronze,42763,2020-01-04
16384,32407,online,bronze,44315,2026-02-19
16385,32409,online,silver,21280,2024-11-23
16386,32412,standard,bronze,22998,2025-09-28
16387,32413,express,bronze,37429,2020-07-08
16388,32413,flagship,silver,47344,2026-03-15
16389,32414,flagship,bronze,35477,2020-08-31
16390,32415,online,silver,16809,2026-02-26
16391,32419,flagship,bronze,34291,2023-09-28
16392,32420,online,bronze,44543,2022-03-28
16393,32423,online,bronze,34505,2020-09-28
16394,32426,express,gold,39918,2021-09-28
16395,32426,online,silver,32439,2022-03-04
16396,32435,express,silver,39477,2023-08-05
16397,32437,flagship,bronze,14439,2021-07-17
16398,32438,express,bronze,38018,2025-08-25
16399,32438,standard,gold,31750,2021-01-20
16400,32442,standard,gold,21715,2021-08-06
16401,32443,standard,gold,3460,2024-09-03
16402,32444,flagship,platinum,34359,2021-04-29
16403,32447,express,bronze,29562,2021-02-12
16404,32448,express,gold,7504,2020-12-08
16405,32453,online,silver,37862,2026-06-25
16406,32456,flagship,bronze,23182,2021-07-28
16407,32457,online,bronze,7163,2022-04-03
16408,32465,online,silver,43953,2019-05-17
16409,32466,flagship,silver,42491,2024-05-07
16410,32470,online,bronze,17295,2025-06-30
16411,32472,flagship,silver,14673,2022-04-24
16412,32473,online,gold,47857,2020-10-04
16413,32474,standard,platinum,43864,2026-03-12
16414,32475,online,silver,44082,2026-05-09
16415,32480,flagship,silver,3801,2023-12-22
16416,32481,express,bronze,4384,2023-07-13
16417,32482,flagship,bronze,39612,2020-12-02
16418,32486,express,bronze,531,2020-07-23
16419,32489,standard,bronze,45138,2023-06-26
16420,32489,flagship,platinum,29611,2023-07-22
16421,32490,standard,bronze,39582,2021-11-25
16422,32493,online,bronze,48246,2023-03-22
16423,32496,express,bronze,21994,2020-08-05
16424,32498,flagship,bronze,7995,2024-09-01
16425,32499,standard,silver,18669,2026-01-21
16426,32501,express,gold,28069,2023-03-18
16427,32505,express,silver,984,2022-01-23
16428,32506,flagship,silver,20030,2023-03-23
16429,32511,express,silver,7564,2024-06-04
16430,32512,standard,bronze,42010,2025-07-25
16431,32514,online,gold,49790,2021-06-11
16432,32517,online,bronze,8108,2025-09-25
16433,32517,flagship,silver,21795,2023-03-14
16434,32518,online,bronze,23928,2025-03-12
16435,32519,express,gold,17715,2025-12-01
16436,32524,flagship,silver,17916,2023-11-30
16437,32527,online,silver,29748,2022-04-06
16438,32533,express,bronze,29737,2023-03-15
16439,32534,express,bronze,12829,2022-10-25
16440,32539,express,gold,25359,2024-09-12
16441,32542,online,silver,42151,2019-02-14
16442,32543,online,silver,38923,2020-11-11
16443,32543,flagship,silver,14081,2021-02-04
16444,32544,standard,bronze,37279,2022-09-07
16445,32544,express,bronze,43815,2025-08-28
16446,32549,flagship,bronze,6595,2026-05-15
16447,32549,online,bronze,44105,2021-12-23
16448,32550,express,bronze,8389,2026-03-29
16449,32552,standard,bronze,32200,2019-06-03
16450,32558,online,bronze,23847,2020-03-25
16451,32565,standard,bronze,1220,2024-07-11
16452,32567,express,bronze,5390,2024-05-09
16453,32570,standard,silver,40284,2023-03-21
16454,32570,express,bronze,3906,2021-07-29
16455,32572,flagship,silver,27576,2021-05-20
16456,32573,standard,bronze,5113,2020-06-30
16457,32574,standard,bronze,3229,2023-12-20
16458,32575,express,silver,887,2021-03-05
16459,32578,flagship,silver,24268,2021-10-06
16460,32579,flagship,bronze,36365,2024-07-04
16461,32581,flagship,silver,48138,2026-01-22
16462,32584,standard,bronze,933,2024-02-08
16463,32587,flagship,bronze,26608,2025-10-11
16464,32588,flagship,silver,31009,2026-02-18
16465,32590,online,silver,39885,2022-06-25
16466,32592,express,silver,6312,2022-12-10
16467,32596,online,bronze,21703,2019-11-09
16468,32596,flagship,silver,5520,2024-11-04
16469,32597,express,bronze,3245,2022-10-19
16470,32598,online,gold,38430,2022-10-24
16471,32601,express,gold,14730,2022-09-19
16472,32604,express,bronze,45396,2024-04-27
16473,32611,standard,silver,43796,2022-08-13
16474,32612,flagship,bronze,45446,2024-07-01
16475,32615,flagship,bronze,33252,2022-04-05
16476,32616,standard,silver,12504,2019-11-10
16477,32618,flagship,gold,7078,2022-08-17
16478,32620,express,bronze,23989,2023-06-30
16479,32621,flagship,bronze,38643,2025-12-05
16480,32623,express,bronze,29858,2022-11-19
16481,32626,online,bronze,11847,2019-01-25
16482,32626,standard,bronze,12218,2022-10-13
16483,32627,express,silver,14470,2021-11-07
16484,32627,standard,gold,16564,2020-04-09
16485,32634,online,bronze,34149,2019-11-25
16486,32637,flagship,gold,416,2019-03-13
16487,32639,online,silver,3504,2020-02-02
16488,32646,standard,bronze,2200,2021-02-03
16489,32648,standard,silver,17150,2021-08-22
16490,32649,standard,bronze,44518,2024-03-07
16491,32650,flagship,silver,10979,2026-05-22
16492,32654,online,bronze,30586,2021-01-02
16493,32654,express,silver,49584,2019-02-23
16494,32656,standard,silver,31499,2020-02-21
16495,32658,flagship,silver,23742,2021-07-05
16496,32661,flagship,gold,9042,2020-07-16
16497,32664,flagship,bronze,1918,2025-07-29
16498,32669,express,bronze,8092,2023-11-29
16499,32672,express,gold,13202,2025-11-21
16500,32673,online,gold,107,2022-10-21
16501,32673,express,bronze,18714,2023-07-16
16502,32675,standard,silver,28426,2024-05-15
16503,32675,online,bronze,31573,2025-01-08
16504,32676,express,bronze,16092,2023-03-17
16505,32677,standard,bronze,47495,2021-03-30
16506,32677,flagship,silver,37688,2024-08-29
16507,32679,express,silver,43732,2019-08-13
16508,32682,online,bronze,14244,2020-04-13
16509,32684,online,gold,48617,2023-05-17
16510,32687,flagship,gold,16391,2020-03-13
16511,32689,standard,gold,27797,2020-03-16
16512,32690,online,gold,41554,2019-06-24
16513,32690,flagship,bronze,20379,2021-02-05
16514,32692,online,silver,4107,2023-04-24
16515,32692,express,silver,28429,2022-06-21
16516,32693,standard,bronze,46449,2022-05-18
16517,32695,flagship,silver,13826,2021-08-16
16518,32699,standard,gold,16881,2024-05-30
16519,32708,standard,bronze,46739,2024-05-26
16520,32709,flagship,silver,25404,2019-10-29
16521,32710,express,gold,43791,2019-06-16
16522,32712,flagship,bronze,48589,2024-01-17
16523,32712,online,silver,23680,2022-12-09
16524,32713,standard,silver,493,2023-01-11
16525,32716,online,silver,37836,2022-02-06
16526,32717,online,platinum,35569,2023-01-31
16527,32719,standard,silver,15192,2020-05-02
16528,32720,flagship,gold,17476,2021-08-11
16529,32723,express,bronze,5810,2025-03-27
16530,32724,express,silver,27800,2019-06-02
16531,32726,express,bronze,25807,2026-01-09
16532,32726,flagship,bronze,23923,2022-09-13
16533,32731,online,platinum,20744,2025-07-29
16534,32739,express,silver,46272,2022-12-27
16535,32747,flagship,bronze,19609,2021-03-25
16536,32748,online,bronze,49081,2022-05-08
16537,32749,flagship,bronze,36678,2021-09-11
16538,32751,online,gold,34449,2024-06-17
16539,32757,online,silver,23929,2019-12-08
16540,32757,standard,silver,28792,2019-10-09
16541,32760,online,silver,10474,2025-06-08
16542,32761,express,silver,7577,2020-03-04
16543,32761,standard,bronze,44082,2020-11-03
16544,32764,standard,silver,40329,2021-02-12
16545,32766,online,bronze,22643,2020-12-01
16546,32771,express,bronze,47574,2022-04-07
16547,32774,express,bronze,12748,2019-10-10
16548,32779,flagship,bronze,41162,2022-04-28
16549,32781,online,silver,41236,2019-10-05
16550,32782,online,gold,7919,2022-09-13
16551,32785,standard,bronze,46659,2021-05-31
16552,32787,flagship,silver,41313,2022-05-24
16553,32788,flagship,bronze,18384,2021-02-11
16554,32789,flagship,platinum,13163,2026-01-04
16555,32789,standard,bronze,17933,2022-01-12
16556,32790,online,silver,27431,2019-12-26
16557,32791,flagship,silver,36138,2024-12-06
16558,32796,flagship,silver,37430,2020-12-19
16559,32799,online,silver,42879,2025-05-29
16560,32800,flagship,bronze,9285,2023-10-27
16561,32803,standard,bronze,2256,2025-05-27
16562,32804,standard,silver,40734,2026-03-13
16563,32805,flagship,bronze,25714,2025-10-13
16564,32806,online,platinum,37493,2020-02-23
16565,32806,express,bronze,23027,2019-04-26
16566,32809,online,bronze,45929,2023-01-06
16567,32811,flagship,bronze,22659,2019-04-26
16568,32813,standard,silver,46912,2020-05-24
16569,32814,standard,gold,29205,2021-04-26
16570,32815,flagship,silver,34979,2022-01-03
16571,32817,express,bronze,47202,2019-02-28
16572,32818,express,silver,9122,2019-11-08
16573,32819,online,bronze,14108,2025-10-12
16574,32823,express,gold,29257,2023-04-28
16575,32824,express,silver,4365,2023-05-26
16576,32830,express,silver,15996,2024-01-18
16577,32831,online,bronze,4205,2020-03-05
16578,32831,standard,bronze,21591,2024-02-29
16579,32832,standard,bronze,45657,2020-06-19
16580,32836,standard,bronze,41428,2020-12-25
16581,32836,online,bronze,32593,2023-01-06
16582,32840,online,bronze,29086,2025-02-16
16583,32841,online,bronze,8945,2023-08-04
16584,32842,express,bronze,11630,2023-09-02
16585,32843,online,gold,24968,2019-07-17
16586,32844,online,bronze,2405,2024-04-15
16587,32846,online,bronze,45933,2026-02-14
16588,32850,express,bronze,4300,2026-05-18
16589,32851,express,gold,22995,2024-10-11
16590,32852,standard,bronze,19185,2026-03-13
16591,32857,online,bronze,24400,2020-04-29
16592,32859,express,bronze,8705,2024-09-09
16593,32859,standard,bronze,40763,2019-07-26
16594,32860,standard,bronze,40341,2025-07-27
16595,32861,express,bronze,45021,2025-07-21
16596,32861,flagship,bronze,49257,2026-03-26
16597,32862,express,bronze,31141,2025-08-28
16598,32864,online,silver,910,2020-12-22
16599,32866,standard,bronze,42270,2024-06-24
16600,32868,express,platinum,36028,2019-11-13
16601,32871,express,gold,18307,2021-07-22
16602,32872,flagship,bronze,12110,2024-05-04
16603,32873,express,platinum,36128,2021-08-29
16604,32875,flagship,gold,27749,2023-08-25
16605,32877,flagship,bronze,30787,2021-07-26
16606,32878,flagship,bronze,38885,2023-02-22
16607,32879,express,bronze,583,2025-11-26
16608,32881,flagship,gold,9416,2024-07-13
16609,32883,express,silver,28364,2026-05-01
16610,32884,online,bronze,21342,2021-05-27
16611,32885,online,bronze,34729,2023-02-16
16612,32886,flagship,bronze,30788,2023-05-04
16613,32889,flagship,bronze,26210,2019-05-06
16614,32893,online,silver,34536,2026-04-09
16615,32893,express,bronze,3886,2023-05-10
16616,32895,express,silver,23770,2020-06-27
16617,32896,express,bronze,19913,2023-08-26
16618,32896,online,bronze,4655,2019-05-17
16619,32898,standard,bronze,27673,2020-04-19
16620,32899,standard,silver,22575,2021-07-06
16621,32900,express,bronze,47580,2024-12-24
16622,32900,online,bronze,13402,2022-03-21
16623,32901,flagship,platinum,8506,2025-10-28
16624,32902,express,silver,3809,2022-09-25
16625,32903,online,silver,31348,2026-06-21
16626,32912,express,bronze,13205,2020-07-30
16627,32917,standard,platinum,21638,2025-04-24
16628,32918,flagship,bronze,31327,2021-10-24
16629,32919,express,bronze,39911,2022-07-30
16630,32923,flagship,gold,37927,2025-04-03
16631,32926,online,platinum,7831,2022-12-27
16632,32931,express,silver,28456,2019-07-03
16633,32938,flagship,bronze,18263,2019-06-27
16634,32941,flagship,gold,7469,2024-04-24
16635,32944,express,gold,16317,2021-11-09
16636,32945,online,silver,43876,2024-09-07
16637,32946,online,bronze,31506,2026-01-17
16638,32949,standard,silver,42903,2021-05-18
16639,32952,online,silver,21481,2025-05-29
16640,32953,standard,bronze,8720,2022-05-12
16641,32953,online,bronze,15414,2026-06-12
16642,32962,flagship,silver,49148,2025-10-24
16643,32963,online,bronze,42980,2020-09-28
16644,32966,online,bronze,8328,2024-11-04
16645,32971,online,bronze,30470,2024-03-29
16646,32971,express,bronze,6913,2019-02-10
16647,32976,standard,bronze,42669,2020-04-23
16648,32979,online,bronze,39840,2020-07-23
16649,32980,flagship,bronze,1081,2024-05-03
16650,32983,standard,bronze,13755,2019-03-11
16651,32984,flagship,silver,28322,2026-04-10
16652,32985,online,bronze,1180,2019-05-16
16653,32986,online,bronze,37476,2021-05-08
16654,32990,express,bronze,40937,2021-08-28
16655,32993,flagship,bronze,43328,2022-06-02
16656,32993,express,gold,8901,2024-06-29
16657,32998,express,bronze,32481,2024-06-15
16658,33001,flagship,bronze,7843,2026-02-24
16659,33002,express,bronze,9853,2021-09-19
16660,33006,standard,bronze,22388,2023-02-08
16661,33007,express,bronze,41547,2021-06-25
16662,33008,online,bronze,17813,2020-03-05
16663,33009,express,silver,38316,2026-05-25
16664,33010,online,silver,47757,2024-12-01
16665,33011,standard,bronze,49286,2025-04-13
16666,33012,express,bronze,7297,2026-01-18
16667,33012,standard,gold,36263,2021-11-10
16668,33015,standard,bronze,45587,2019-12-24
16669,33018,express,silver,46137,2022-04-03
16670,33020,online,bronze,21225,2025-10-19
16671,33021,flagship,silver,45790,2019-03-18
16672,33023,standard,bronze,1328,2019-07-30
16673,33025,flagship,platinum,41713,2020-07-15
16674,33026,flagship,bronze,16166,2023-09-09
16675,33031,flagship,silver,3162,2025-07-12
16676,33032,express,silver,34784,2020-11-14
16677,33037,flagship,gold,13489,2024-08-01
16678,33039,express,silver,1014,2023-09-01
16679,33044,express,bronze,43562,2020-12-05
16680,33044,standard,bronze,7424,2020-01-31
16681,33050,flagship,bronze,44156,2025-07-08
16682,33053,express,bronze,18033,2025-10-05
16683,33057,standard,bronze,32254,2023-09-20
16684,33061,flagship,bronze,32849,2021-01-22
16685,33065,standard,bronze,32066,2022-09-30
16686,33068,express,silver,21407,2025-12-21
16687,33070,express,bronze,33339,2019-09-16
16688,33074,standard,silver,17915,2021-04-28
16689,33075,standard,silver,28343,2021-06-30
16690,33078,express,bronze,41602,2025-04-08
16691,33080,express,bronze,16010,2020-08-20
16692,33082,online,silver,23190,2019-02-05
16693,33083,flagship,silver,6995,2020-06-18
16694,33087,flagship,gold,48880,2024-07-31
16695,33090,express,bronze,5160,2025-02-27
16696,33091,flagship,bronze,43431,2022-09-12
16697,33092,standard,silver,30480,2022-04-26
16698,33094,flagship,bronze,22881,2024-04-28
16699,33095,flagship,bronze,36767,2020-01-15
16700,33096,standard,silver,38124,2019-11-21
16701,33096,flagship,bronze,34856,2022-07-06
16702,33099,express,silver,4351,2023-03-26
16703,33099,online,gold,22910,2022-06-30
16704,33100,flagship,bronze,44804,2022-11-24
16705,33102,standard,bronze,43810,2025-12-10
16706,33103,flagship,bronze,28588,2019-12-05
16707,33104,standard,bronze,48092,2022-06-27
16708,33106,flagship,bronze,46107,2019-05-16
16709,33110,express,bronze,39834,2025-02-10
16710,33118,online,bronze,45559,2023-10-04
16711,33119,standard,silver,26301,2022-05-03
16712,33121,flagship,silver,26824,2021-09-04
16713,33123,express,bronze,26239,2022-07-22
16714,33126,flagship,gold,17397,2025-01-08
16715,33129,standard,bronze,40347,2023-10-31
16716,33132,standard,bronze,48239,2019-04-21
16717,33133,online,silver,45319,2020-02-05
16718,33136,online,bronze,22878,2023-04-14
16719,33138,standard,bronze,22307,2025-03-03
16720,33139,flagship,gold,28834,2023-12-12
16721,33142,standard,bronze,11411,2026-03-28
16722,33143,express,bronze,37213,2020-08-09
16723,33144,flagship,silver,42424,2021-08-27
16724,33145,standard,bronze,23064,2024-12-14
16725,33147,online,platinum,30082,2019-06-19
16726,33148,express,bronze,15945,2023-12-23
16727,33149,flagship,bronze,512,2022-07-05
16728,33149,online,bronze,10243,2024-08-14
16729,33150,standard,gold,21430,2020-01-22
16730,33154,online,gold,11910,2019-08-02
16731,33155,flagship,platinum,32638,2021-08-25
16732,33156,flagship,silver,48927,2021-08-01
16733,33156,standard,bronze,34825,2024-06-05
16734,33159,online,silver,16568,2024-04-25
16735,33159,flagship,silver,41330,2021-05-31
16736,33162,express,silver,23101,2022-05-10
16737,33165,flagship,silver,49951,2019-02-19
16738,33166,standard,gold,4757,2024-11-09
16739,33167,flagship,bronze,12079,2019-09-03
16740,33170,online,bronze,23117,2022-10-31
16741,33173,flagship,gold,32558,2022-02-02
16742,33173,online,bronze,44372,2019-10-14
16743,33175,online,silver,26968,2023-12-16
16744,33176,online,bronze,39863,2019-02-26
16745,33178,standard,bronze,36985,2021-06-27
16746,33180,standard,silver,20095,2022-05-23
16747,33181,standard,silver,24690,2019-05-16
16748,33182,online,bronze,33843,2021-04-04
16749,33183,standard,silver,24710,2025-01-05
16750,33186,express,bronze,1421,2019-09-11
16751,33188,express,bronze,24127,2019-07-18
16752,33190,express,gold,5796,2025-05-28
16753,33192,flagship,platinum,10915,2022-10-30
16754,33193,standard,bronze,21443,2020-12-10
16755,33195,express,silver,14608,2024-04-24
16756,33196,express,platinum,29613,2019-02-15
16757,33198,flagship,silver,1230,2025-05-19
16758,33203,online,bronze,47280,2022-06-14
16759,33203,standard,silver,12566,2025-05-01
16760,33204,express,silver,24883,2019-07-30
16761,33204,online,bronze,30055,2020-05-21
16762,33207,standard,bronze,45155,2024-03-23
16763,33207,flagship,silver,45513,2019-07-26
16764,33209,express,platinum,48268,2021-10-26
16765,33210,standard,bronze,22802,2023-03-30
16766,33213,express,bronze,807,2019-07-16
16767,33215,online,silver,8338,2024-08-27
16768,33215,flagship,bronze,47734,2019-10-25
16769,33217,standard,gold,1889,2022-01-01
16770,33217,online,bronze,23976,2023-03-09
16771,33221,express,gold,14552,2024-01-25
16772,33223,online,bronze,44931,2021-05-09
16773,33225,standard,silver,7866,2023-04-11
16774,33229,online,bronze,19215,2023-09-02
16775,33229,flagship,bronze,3398,2019-01-31
16776,33230,standard,bronze,19982,2025-03-11
16777,33232,online,gold,29481,2023-03-13
16778,33236,flagship,bronze,24505,2023-03-06
16779,33237,express,gold,20170,2023-11-24
16780,33237,standard,gold,6480,2021-12-12
16781,33239,flagship,silver,5252,2019-06-28
16782,33247,flagship,silver,22831,2019-06-28
16783,33250,flagship,gold,48254,2019-07-15
16784,33255,standard,bronze,12674,2023-01-21
16785,33256,online,bronze,10205,2025-07-10
16786,33257,online,silver,39002,2023-02-02
16787,33258,standard,bronze,4154,2020-02-11
16788,33258,online,bronze,40967,2026-02-14
16789,33259,online,bronze,6923,2025-01-25
16790,33262,flagship,bronze,17897,2022-09-24
16791,33263,express,silver,38134,2025-05-22
16792,33266,standard,bronze,9050,2021-05-17
16793,33267,flagship,platinum,26023,2021-01-31
16794,33267,express,bronze,40756,2021-02-07
16795,33269,online,silver,49037,2022-09-04
16796,33272,flagship,bronze,11646,2020-07-11
16797,33275,online,bronze,33082,2020-09-23
16798,33282,express,bronze,48973,2020-06-29
16799,33282,online,bronze,30901,2023-06-09
16800,33283,express,bronze,34239,2021-07-31
16801,33285,express,silver,40479,2021-02-05
16802,33286,standard,silver,2125,2021-12-27
16803,33288,standard,silver,24329,2026-01-21
16804,33289,online,platinum,35247,2026-03-28
16805,33295,online,bronze,30315,2026-04-08
16806,33297,express,gold,49659,2023-09-03
16807,33299,express,bronze,4969,2022-03-23
16808,33307,online,gold,16123,2023-10-12
16809,33308,online,gold,49255,2022-01-09
16810,33309,online,gold,12901,2024-06-23
16811,33311,standard,bronze,10419,2024-11-19
16812,33311,online,bronze,24046,2023-02-12
16813,33312,express,bronze,40439,2025-12-25
16814,33312,standard,gold,8224,2021-05-11
16815,33313,online,bronze,48437,2023-01-21
16816,33314,online,bronze,35088,2024-06-16
16817,33315,online,bronze,18768,2023-05-07
16818,33316,online,platinum,35361,2020-07-03
16819,33319,standard,silver,15880,2019-07-10
16820,33321,flagship,bronze,7341,2024-02-14
16821,33323,express,silver,21531,2024-03-20
16822,33324,online,bronze,38457,2026-05-05
16823,33326,online,bronze,19853,2019-10-10
16824,33328,online,bronze,11756,2020-02-06
16825,33333,online,silver,13927,2025-06-13
16826,33336,standard,bronze,15936,2022-09-06
16827,33336,flagship,bronze,36065,2024-10-10
16828,33337,online,gold,6504,2024-07-10
16829,33340,flagship,bronze,39718,2021-06-02
16830,33342,express,bronze,12082,2025-05-28
16831,33342,flagship,gold,31460,2020-05-20
16832,33348,online,bronze,27567,2022-03-21
16833,33348,flagship,bronze,4517,2023-01-02
16834,33349,flagship,bronze,36774,2022-11-08
16835,33351,standard,silver,22910,2020-05-18
16836,33352,standard,bronze,41608,2023-04-11
16837,33354,online,platinum,38079,2026-01-28
16838,33354,flagship,gold,1453,2025-09-15
16839,33356,standard,silver,22680,2024-09-26
16840,33356,flagship,bronze,24288,2022-03-04
16841,33357,online,silver,31492,2025-05-21
16842,33360,flagship,bronze,32093,2023-10-26
16843,33363,online,bronze,39078,2025-05-02
16844,33364,flagship,bronze,32083,2023-03-05
16845,33365,express,silver,27297,2020-07-23
16846,33367,express,silver,26161,2024-12-25
16847,33368,express,bronze,48704,2025-05-15
16848,33371,standard,bronze,23765,2020-05-27
16849,33371,online,bronze,31631,2025-01-25
16850,33372,standard,silver,13954,2025-12-06
16851,33375,express,bronze,10844,2025-08-14
16852,33377,flagship,bronze,3658,2020-11-01
16853,33378,flagship,bronze,32568,2022-05-21
16854,33382,standard,gold,32064,2025-04-09
16855,33383,express,silver,21846,2023-04-29
16856,33384,flagship,silver,7875,2019-01-07
16857,33385,online,silver,47404,2024-10-06
16858,33387,standard,silver,22343,2022-02-06
16859,33390,express,bronze,147,2021-02-14
16860,33391,online,silver,17167,2024-02-24
16861,33393,express,silver,6494,2023-11-16
16862,33394,express,gold,48987,2024-10-23
16863,33395,online,bronze,23041,2023-10-22
16864,33395,express,silver,32304,2020-11-08
16865,33397,flagship,bronze,38592,2022-11-03
16866,33397,express,bronze,23053,2023-02-25
16867,33400,flagship,bronze,13076,2023-12-27
16868,33401,flagship,bronze,41310,2019-08-11
16869,33402,flagship,silver,2336,2021-09-04
16870,33403,standard,silver,5694,2025-03-11
16871,33403,online,silver,44266,2019-02-23
16872,33405,online,bronze,8580,2021-02-18
16873,33407,online,bronze,25632,2022-09-07
16874,33410,online,bronze,42197,2019-11-05
16875,33411,express,silver,47706,2020-11-27
16876,33411,standard,bronze,49383,2022-07-10
16877,33413,online,bronze,2121,2019-09-27
16878,33414,standard,silver,11088,2023-05-31
16879,33418,flagship,silver,7305,2022-07-18
16880,33420,online,bronze,43279,2023-06-24
16881,33421,standard,gold,15139,2019-11-15
16882,33430,flagship,silver,355,2024-08-23
16883,33432,standard,bronze,47959,2022-09-02
16884,33433,standard,silver,25142,2019-10-11
16885,33436,standard,silver,23138,2025-12-02
16886,33437,standard,bronze,22910,2022-02-26
16887,33438,online,silver,37535,2024-11-27
16888,33441,standard,bronze,14448,2024-09-05
16889,33445,online,bronze,48446,2026-04-05
16890,33450,online,gold,20313,2022-12-13
16891,33451,flagship,silver,12025,2020-08-18
16892,33451,standard,bronze,7135,2023-12-15
16893,33454,express,bronze,8099,2025-08-02
16894,33456,express,silver,6741,2022-07-06
16895,33458,flagship,silver,26984,2020-11-30
16896,33460,online,bronze,15188,2024-11-02
16897,33462,express,platinum,5392,2021-10-30
16898,33463,online,bronze,33641,2023-10-10
16899,33464,flagship,bronze,28495,2020-01-15
16900,33464,online,gold,8390,2025-03-05
16901,33465,express,silver,11065,2023-12-05
16902,33467,online,bronze,4258,2021-11-08
16903,33468,online,bronze,27891,2025-07-28
16904,33469,express,bronze,12217,2021-02-23
16905,33471,flagship,silver,28291,2021-03-08
16906,33478,online,bronze,19788,2025-11-29
16907,33479,standard,silver,24390,2019-02-27
16908,33482,express,bronze,24106,2022-02-11
16909,33483,online,silver,39252,2023-04-28
16910,33484,online,bronze,39490,2021-04-14
16911,33485,express,bronze,19852,2024-06-17
16912,33485,online,bronze,14751,2025-08-14
16913,33487,flagship,bronze,13784,2019-05-21
16914,33488,flagship,silver,2741,2019-10-03
16915,33490,express,silver,28710,2024-08-31
16916,33490,standard,bronze,22114,2024-01-28
16917,33493,standard,gold,41443,2023-04-27
16918,33494,standard,bronze,17860,2020-09-16
16919,33499,flagship,bronze,8910,2025-05-05
16920,33501,express,bronze,20494,2025-01-17
16921,33501,flagship,silver,17794,2019-07-19
16922,33502,online,bronze,36395,2020-10-20
16923,33505,express,bronze,18435,2023-08-26
16924,33508,express,bronze,39664,2022-05-02
16925,33509,flagship,bronze,13926,2022-05-30
16926,33511,standard,bronze,45878,2020-08-15
16927,33512,standard,bronze,44806,2023-08-13
16928,33513,online,bronze,27236,2020-08-28
16929,33516,standard,bronze,20,2021-10-02
16930,33516,flagship,bronze,45355,2021-07-12
16931,33518,online,bronze,37277,2022-07-10
16932,33519,standard,bronze,45678,2023-04-28
16933,33521,express,bronze,429,2022-07-03
16934,33522,flagship,bronze,14791,2020-03-09
16935,33525,standard,bronze,41823,2024-08-11
16936,33525,express,bronze,46496,2020-07-03
16937,33527,standard,bronze,48233,2022-07-24
16938,33528,standard,bronze,5025,2025-09-08
16939,33532,express,bronze,26135,2021-02-01
16940,33532,flagship,bronze,9391,2019-04-28
16941,33534,flagship,bronze,37183,2020-12-07
16942,33534,express,bronze,41877,2024-11-10
16943,33537,express,silver,3771,2020-05-04
16944,33540,online,bronze,31714,2020-02-08
16945,33546,flagship,bronze,22035,2020-08-10
16946,33550,flagship,silver,8198,2026-03-22
16947,33551,flagship,bronze,18201,2026-03-19
16948,33554,flagship,gold,44576,2024-08-11
16949,33557,standard,silver,16356,2025-02-27
16950,33559,express,bronze,37136,2021-06-18
16951,33560,online,bronze,20166,2020-08-08
16952,33561,flagship,bronze,10546,2025-03-01
16953,33563,flagship,silver,6789,2026-01-07
16954,33567,express,bronze,18061,2021-04-18
16955,33568,standard,bronze,18458,2023-05-07
16956,33569,flagship,bronze,35633,2023-12-22
16957,33570,online,silver,13296,2023-10-17
16958,33571,express,bronze,18720,2025-10-10
16959,33572,express,bronze,24653,2019-12-08
16960,33573,express,bronze,31483,2025-11-30
16961,33576,standard,gold,37150,2020-08-17
16962,33578,standard,bronze,6575,2024-12-06
16963,33581,online,silver,16573,2024-04-14
16964,33582,standard,bronze,11530,2025-08-27
16965,33583,express,bronze,9311,2023-01-02
16966,33583,standard,silver,29396,2023-09-05
16967,33587,express,bronze,33411,2024-10-02
16968,33588,online,bronze,36958,2022-09-06
16969,33591,standard,bronze,14056,2025-06-03
16970,33597,flagship,gold,23365,2026-06-07
16971,33601,express,silver,26130,2019-09-13
16972,33601,flagship,bronze,19560,2021-01-12
16973,33602,flagship,bronze,18918,2023-09-23
16974,33604,standard,bronze,10308,2023-12-07
16975,33606,flagship,gold,25260,2021-04-03
16976,33607,express,silver,24999,2025-04-08
16977,33611,express,bronze,9204,2022-06-03
16978,33611,online,bronze,27973,2022-07-01
16979,33613,online,silver,33257,2023-08-04
16980,33616,express,silver,2630,2024-09-11
16981,33625,express,bronze,20505,2023-07-03
16982,33627,standard,bronze,47143,2024-07-28
16983,33628,online,bronze,12991,2025-10-13
16984,33630,online,bronze,5951,2026-03-02
16985,33631,standard,bronze,9193,2024-05-16
16986,33631,express,bronze,47721,2025-12-28
16987,33632,flagship,silver,1870,2020-06-27
16988,33632,online,gold,19684,2022-06-22
16989,33637,online,silver,22748,2023-03-06
16990,33638,flagship,bronze,49417,2024-05-08
16991,33639,standard,gold,10220,2019-12-22
16992,33644,flagship,bronze,15377,2022-02-22
16993,33650,standard,gold,25025,2021-05-07
16994,33652,express,bronze,32379,2019-08-29
16995,33652,standard,bronze,12862,2026-04-27
16996,33655,standard,gold,23273,2024-09-23
16997,33656,express,bronze,40978,2020-08-17
16998,33658,standard,silver,4617,2019-01-18
16999,33659,express,silver,8989,2019-08-13
17000,33660,online,silver,38582,2024-09-18
17001,33660,express,silver,36750,2020-09-08
17002,33663,standard,silver,2084,2023-06-09
17003,33665,express,gold,20673,2020-08-26
17004,33667,flagship,silver,42824,2021-04-27
17005,33669,standard,silver,34454,2020-07-15
17006,33669,express,bronze,2846,2020-10-29
17007,33670,express,bronze,35325,2022-12-26
17008,33674,flagship,silver,37627,2019-07-20
17009,33674,standard,bronze,37698,2023-08-20
17010,33675,flagship,bronze,7937,2020-01-24
17011,33675,express,bronze,19178,2019-02-24
17012,33676,standard,bronze,45643,2020-06-23
17013,33685,online,silver,15018,2022-12-13
17014,33686,express,gold,5645,2022-05-01
17015,33689,standard,gold,35550,2026-01-04
17016,33696,flagship,gold,28866,2022-02-10
17017,33696,express,bronze,7072,2020-04-05
17018,33697,flagship,bronze,8986,2021-11-09
17019,33697,express,silver,34241,2024-10-11
17020,33700,flagship,gold,21209,2020-10-11
17021,33702,express,bronze,16523,2024-12-24
17022,33703,express,silver,22170,2019-01-29
17023,33705,flagship,silver,22361,2020-01-23
17024,33705,standard,gold,348,2024-07-16
17025,33706,online,bronze,27403,2021-11-20
17026,33707,online,silver,16257,2023-01-27
17027,33709,flagship,gold,42136,2025-03-04
17028,33711,express,gold,12039,2023-03-29
17029,33713,flagship,bronze,35725,2022-10-09
17030,33715,express,silver,21037,2020-03-23
17031,33716,online,bronze,30988,2024-03-07
17032,33719,online,silver,8596,2024-12-07
17033,33720,standard,bronze,13201,2019-03-25
17034,33721,express,bronze,43801,2024-11-10
17035,33721,flagship,bronze,21020,2020-12-04
17036,33724,express,bronze,2357,2023-10-24
17037,33724,standard,gold,18422,2025-07-20
17038,33725,express,bronze,19547,2023-01-12
17039,33725,flagship,bronze,12642,2023-04-27
17040,33727,flagship,bronze,41988,2024-08-25
17041,33728,express,bronze,15822,2021-08-05
17042,33728,flagship,bronze,30634,2021-08-16
17043,33729,standard,platinum,16721,2022-06-05
17044,33731,standard,bronze,16150,2023-01-31
17045,33739,online,silver,39567,2021-09-26
17046,33743,flagship,bronze,35634,2020-10-16
17047,33744,online,bronze,32902,2026-06-21
17048,33744,express,bronze,30655,2020-04-04
17049,33745,flagship,silver,47282,2022-11-25
17050,33749,online,silver,11717,2021-08-31
17051,33750,flagship,silver,27717,2021-09-26
17052,33753,express,bronze,41626,2021-04-27
17053,33753,flagship,bronze,25455,2022-06-29
17054,33754,standard,gold,24913,2023-10-08
17055,33756,express,silver,5812,2020-10-11
17056,33757,standard,silver,32557,2025-04-14
17057,33761,flagship,bronze,26267,2025-07-29
17058,33763,express,silver,7168,2019-07-26
17059,33768,standard,bronze,9767,2026-01-27
17060,33769,flagship,bronze,16046,2022-09-02
17061,33772,standard,silver,10547,2023-03-01
17062,33774,express,silver,49483,2023-03-29
17063,33776,flagship,bronze,49256,2025-07-15
17064,33777,standard,bronze,47965,2019-08-23
17065,33781,flagship,platinum,3133,2022-04-23
17066,33787,express,gold,17383,2019-07-26
17067,33789,online,gold,42927,2023-12-23
17068,33790,standard,bronze,49152,2025-04-29
17069,33790,flagship,bronze,1476,2024-04-18
17070,33791,standard,gold,36337,2022-01-14
17071,33791,flagship,bronze,26712,2022-11-29
17072,33793,express,bronze,2788,2020-03-06
17073,33796,standard,bronze,17575,2024-04-01
17074,33801,express,gold,30139,2019-06-11
17075,33801,online,platinum,41145,2025-06-03
17076,33804,standard,silver,1673,2021-05-04
17077,33807,flagship,silver,23600,2024-01-14
17078,33813,express,bronze,22498,2020-04-19
17079,33816,online,bronze,27145,2020-09-01
17080,33818,online,bronze,23538,2026-05-26
17081,33820,flagship,bronze,23114,2024-08-14
17082,33821,flagship,bronze,46174,2019-06-24
17083,33824,standard,silver,13243,2022-12-28
17084,33827,express,bronze,4398,2023-12-09
17085,33828,flagship,bronze,24369,2021-05-01
17086,33833,online,bronze,11000,2023-04-17
17087,33837,express,bronze,24424,2022-12-04
17088,33841,online,bronze,27683,2020-12-01
17089,33841,flagship,bronze,13132,2020-01-26
17090,33846,express,silver,23252,2024-06-16
17091,33857,flagship,bronze,15826,2020-07-05
17092,33857,online,bronze,31619,2025-09-14
17093,33858,flagship,gold,33311,2023-11-07
17094,33861,flagship,gold,48936,2021-02-23
17095,33862,standard,bronze,14111,2024-07-06
17096,33865,standard,silver,2725,2023-06-28
17097,33867,standard,bronze,23139,2025-07-02
17098,33867,online,bronze,22926,2022-04-12
17099,33869,online,gold,21803,2021-10-30
17100,33871,express,bronze,23535,2023-03-26
17101,33872,standard,silver,48885,2026-02-23
17102,33873,standard,bronze,2723,2023-03-23
17103,33876,express,silver,35198,2025-03-13
17104,33876,flagship,bronze,12371,2025-11-30
17105,33877,flagship,platinum,27800,2020-12-02
17106,33879,standard,bronze,35241,2024-08-16
17107,33880,standard,gold,29057,2020-07-18
17108,33884,express,silver,21911,2019-03-24
17109,33885,standard,platinum,44788,2024-06-09
17110,33886,express,bronze,1690,2025-05-06
17111,33890,flagship,bronze,1644,2023-10-02
17112,33892,online,silver,47928,2020-04-07
17113,33895,express,bronze,48111,2023-02-11
17114,33895,flagship,bronze,3233,2024-10-12
17115,33896,standard,silver,12301,2025-08-06
17116,33898,flagship,silver,33065,2026-01-13
17117,33905,standard,bronze,36695,2022-01-15
17118,33907,express,bronze,33262,2024-05-18
17119,33909,online,bronze,35004,2021-11-18
17120,33912,standard,bronze,46839,2020-04-12
17121,33913,express,silver,40832,2020-06-29
17122,33916,online,bronze,18369,2025-10-25
17123,33917,express,bronze,4982,2023-08-07
17124,33919,express,silver,27613,2022-03-03
17125,33922,express,gold,3302,2019-08-01
17126,33923,standard,bronze,39793,2021-02-24
17127,33924,standard,bronze,40965,2020-06-21
17128,33927,flagship,silver,33360,2025-05-30
17129,33929,flagship,gold,35351,2022-11-24
17130,33930,flagship,silver,10653,2019-01-24
17131,33931,online,bronze,3941,2022-08-14
17132,33934,flagship,silver,32978,2026-06-11
17133,33935,express,bronze,6231,2023-09-28
17134,33935,online,platinum,39388,2022-02-26
17135,33936,express,bronze,16743,2025-12-20
17136,33936,standard,bronze,46028,2020-06-13
17137,33937,standard,bronze,39745,2022-01-08
17138,33937,express,bronze,45324,2019-02-24
17139,33943,express,bronze,21383,2025-07-22
17140,33946,standard,silver,38511,2022-09-23
17141,33948,standard,silver,26654,2023-09-05
17142,33952,online,silver,32714,2024-07-21
17143,33953,express,bronze,46199,2023-02-06
17144,33955,express,silver,17847,2019-06-28
17145,33957,express,bronze,2218,2020-02-04
17146,33960,flagship,silver,8806,2025-05-05
17147,33960,standard,bronze,21107,2024-03-11
17148,33961,online,bronze,18540,2019-10-12
17149,33962,express,silver,5718,2020-11-16
17150,33962,standard,silver,19215,2019-12-07
17151,33965,flagship,bronze,6267,2026-03-02
17152,33966,flagship,bronze,29486,2026-03-03
17153,33967,express,bronze,36108,2025-05-30
17154,33967,standard,silver,9439,2023-07-18
17155,33968,online,bronze,34405,2020-05-26
17156,33969,online,gold,46081,2026-05-06
17157,33969,flagship,bronze,42178,2023-07-12
17158,33970,online,platinum,19027,2022-06-26
17159,33973,standard,bronze,27062,2025-07-19
17160,33975,express,silver,24297,2019-02-22
17161,33976,online,bronze,5868,2020-01-14
17162,33977,standard,bronze,26457,2022-07-23
17163,33979,standard,gold,17126,2022-09-06
17164,33984,flagship,bronze,7296,2021-03-15
17165,33985,online,bronze,22707,2023-02-14
17166,33988,express,bronze,9525,2026-02-20
17167,33989,flagship,silver,13982,2021-07-10
17168,33990,standard,gold,38850,2025-11-26
17169,33991,online,silver,28708,2020-06-16
17170,33992,online,gold,22422,2021-10-07
17171,34003,standard,gold,47777,2023-04-10
17172,34005,online,bronze,32481,2019-04-24
17173,34006,online,bronze,27816,2022-12-02
17174,34007,flagship,bronze,7441,2023-03-21
17175,34008,standard,gold,28375,2023-08-26
17176,34009,online,bronze,36654,2023-12-07
17177,34009,flagship,bronze,28514,2022-01-27
17178,34011,standard,silver,17925,2025-03-05
17179,34013,express,bronze,13222,2021-12-22
17180,34014,express,silver,41201,2024-06-10
17181,34015,express,bronze,9349,2026-02-14
17182,34016,standard,bronze,14751,2021-10-10
17183,34018,online,bronze,12925,2024-06-14
17184,34019,standard,gold,5082,2022-11-19
17185,34024,online,silver,46291,2023-07-23
17186,34026,flagship,gold,40519,2025-02-20
17187,34027,standard,silver,3173,2025-04-03
17188,34028,standard,bronze,19954,2022-01-15
17189,34028,flagship,bronze,4932,2026-03-30
17190,34031,express,silver,26551,2022-03-13
17191,34034,flagship,bronze,14530,2023-07-15
17192,34037,flagship,bronze,634,2021-06-18
17193,34038,online,bronze,47390,2022-12-10
17194,34040,express,silver,17322,2024-07-08
17195,34045,standard,bronze,45477,2020-03-25
17196,34047,express,bronze,39410,2023-08-02
17197,34048,express,bronze,14149,2019-01-22
17198,34049,standard,silver,27770,2021-02-16
17199,34049,flagship,bronze,22652,2022-05-19
17200,34050,express,silver,28082,2020-03-24
17201,34054,flagship,silver,22961,2021-03-22
17202,34055,express,platinum,20820,2022-12-06
17203,34056,online,bronze,6054,2022-05-26
17204,34057,standard,bronze,34416,2019-09-20
17205,34058,express,silver,47278,2022-03-01
17206,34060,standard,gold,20194,2024-04-15
17207,34061,standard,silver,29985,2021-05-30
17208,34063,express,gold,2271,2024-11-27
17209,34065,flagship,silver,40612,2025-04-08
17210,34065,online,gold,43688,2021-03-28
17211,34070,online,silver,16262,2024-04-12
17212,34071,standard,gold,23225,2021-05-14
17213,34072,standard,bronze,24918,2021-04-30
17214,34078,express,bronze,1274,2019-08-17
17215,34081,standard,bronze,36647,2026-01-01
17216,34081,express,silver,46725,2024-05-11
17217,34082,standard,bronze,34288,2020-07-25
17218,34083,standard,bronze,9279,2023-01-13
17219,34091,online,silver,14130,2019-05-27
17220,34096,flagship,silver,21829,2022-04-14
17221,34097,standard,silver,18688,2025-04-27
17222,34098,standard,bronze,29892,2025-09-01
17223,34098,express,silver,47819,2026-03-05
17224,34099,flagship,platinum,35223,2022-10-15
17225,34103,flagship,bronze,28275,2025-03-02
17226,34106,flagship,silver,24287,2022-05-12
17227,34106,online,bronze,24959,2020-01-25
17228,34111,flagship,bronze,14867,2020-08-14
17229,34112,online,silver,22412,2024-07-18
17230,34113,flagship,platinum,17012,2023-01-07
17231,34113,standard,silver,36011,2022-10-27
17232,34114,standard,bronze,3038,2023-10-12
17233,34115,flagship,bronze,21192,2019-10-10
17234,34116,standard,bronze,30208,2019-03-15
17235,34117,express,gold,27159,2024-09-10
17236,34117,online,bronze,29057,2025-12-31
17237,34120,online,silver,32955,2025-11-28
17238,34128,online,bronze,28464,2019-03-30
17239,34129,flagship,bronze,33154,2021-02-11
17240,34131,standard,gold,16941,2023-08-30
17241,34134,online,gold,2292,2023-05-13
17242,34137,flagship,silver,11975,2024-11-16
17243,34142,standard,silver,7151,2021-04-08
17244,34142,flagship,bronze,42979,2021-08-28
17245,34146,online,bronze,4400,2026-03-22
17246,34151,express,bronze,44658,2025-11-09
17247,34152,standard,silver,45519,2020-09-02
17248,34167,express,bronze,38684,2025-02-12
17249,34168,express,platinum,14331,2022-01-22
17250,34169,flagship,bronze,11191,2024-09-28
17251,34173,flagship,silver,1112,2023-12-09
17252,34176,flagship,bronze,18017,2023-11-29
17253,34178,online,silver,24893,2022-05-10
17254,34181,online,bronze,42605,2024-11-24
17255,34182,flagship,gold,21518,2022-08-06
17256,34183,flagship,silver,25637,2022-12-29
17257,34183,express,silver,26835,2019-12-06
17258,34185,express,bronze,39043,2022-02-04
17259,34186,flagship,bronze,17643,2019-11-26
17260,34189,flagship,gold,22922,2025-04-04
17261,34196,standard,bronze,5390,2022-05-07
17262,34204,online,bronze,12767,2023-01-15
17263,34206,standard,gold,13313,2022-03-02
17264,34208,flagship,bronze,36789,2023-06-19
17265,34209,express,bronze,48065,2024-09-23
17266,34210,online,bronze,30275,2022-12-19
17267,34211,standard,silver,356,2025-07-03
17268,34212,standard,bronze,2593,2020-03-04
17269,34214,online,bronze,37209,2026-05-28
17270,34215,express,bronze,47347,2019-03-29
17271,34216,standard,bronze,15030,2021-02-02
17272,34218,standard,bronze,27453,2019-07-12
17273,34219,standard,silver,25950,2023-04-04
17274,34220,flagship,platinum,34333,2020-09-14
17275,34221,flagship,silver,18418,2024-09-25
17276,34222,flagship,silver,36677,2026-03-03
17277,34224,online,bronze,8359,2020-10-31
17278,34225,standard,silver,48977,2020-04-13
17279,34226,express,bronze,49659,2020-08-06
17280,34227,express,silver,32346,2025-01-03
17281,34229,flagship,bronze,2119,2026-03-03
17282,34234,online,bronze,46456,2026-05-20
17283,34235,express,bronze,33433,2022-05-23
17284,34236,express,bronze,36634,2020-10-04
17285,34238,express,silver,35934,2025-01-23
17286,34239,online,bronze,4300,2019-08-20
17287,34241,standard,bronze,3123,2025-09-15
17288,34241,flagship,bronze,2806,2023-08-11
17289,34244,express,bronze,11434,2021-12-06
17290,34244,flagship,bronze,22028,2023-12-21
17291,34247,standard,silver,13027,2019-09-08
17292,34250,standard,bronze,31795,2025-07-19
17293,34252,standard,bronze,42830,2026-04-21
17294,34255,online,gold,14578,2026-04-08
17295,34255,standard,bronze,39982,2023-05-28
17296,34256,online,gold,48394,2026-02-03
17297,34256,standard,silver,26256,2020-08-25
17298,34259,express,silver,16190,2023-07-13
17299,34259,online,silver,24595,2022-08-26
17300,34261,standard,gold,36399,2021-09-12
17301,34264,online,bronze,5567,2021-11-20
17302,34266,flagship,silver,1107,2019-07-23
17303,34267,standard,gold,36163,2023-11-24
17304,34272,express,gold,39646,2019-09-02
17305,34272,online,silver,42001,2026-03-09
17306,34273,express,silver,9575,2026-01-27
17307,34274,flagship,bronze,26635,2024-09-22
17308,34274,online,bronze,45762,2023-07-25
17309,34278,flagship,bronze,49993,2019-06-06
17310,34279,standard,silver,17526,2019-05-15
17311,34281,standard,bronze,42151,2021-03-05
17312,34281,express,silver,38344,2022-02-06
17313,34282,flagship,bronze,38217,2020-08-01
17314,34285,online,bronze,22778,2021-04-08
17315,34288,online,bronze,12341,2025-12-19
17316,34290,express,silver,21860,2020-08-05
17317,34291,online,bronze,45987,2023-07-30
17318,34292,standard,bronze,13698,2019-07-14
17319,34303,online,bronze,33320,2019-03-19
17320,34304,flagship,bronze,7458,2019-04-27
17321,34305,express,bronze,36706,2023-11-07
17322,34306,flagship,bronze,18203,2025-11-23
17323,34306,online,silver,5484,2023-03-22
17324,34307,express,silver,38102,2020-09-15
17325,34308,flagship,bronze,46539,2020-07-03
17326,34311,express,bronze,32077,2025-09-02
17327,34311,flagship,gold,42157,2025-07-21
17328,34312,flagship,gold,40938,2026-06-18
17329,34313,online,bronze,40186,2026-02-18
17330,34316,online,silver,34066,2020-06-30
17331,34319,flagship,silver,23594,2025-01-16
17332,34320,online,platinum,23093,2021-09-30
17333,34324,online,silver,48678,2019-09-14
17334,34326,online,bronze,42016,2024-04-21
17335,34329,flagship,bronze,40276,2025-06-11
17336,34331,flagship,gold,49877,2023-12-28
17337,34334,express,silver,28191,2019-09-21
17338,34336,standard,bronze,18945,2019-02-14
17339,34337,express,gold,17897,2022-06-16
17340,34340,express,bronze,8831,2025-05-14
17341,34341,flagship,silver,38199,2022-08-28
17342,34343,flagship,silver,23223,2022-12-18
17343,34345,express,platinum,7479,2022-02-06
17344,34345,flagship,bronze,13925,2020-04-15
17345,34346,standard,silver,33361,2025-02-25
17346,34348,online,silver,33715,2020-11-15
17347,34348,flagship,silver,3633,2026-05-25
17348,34349,standard,bronze,19788,2019-09-24
17349,34359,standard,bronze,19669,2024-11-28
17350,34361,flagship,bronze,2773,2020-07-29
17351,34363,express,bronze,11224,2025-01-12
17352,34366,online,silver,20305,2023-11-17
17353,34367,flagship,bronze,8369,2024-07-15
17354,34369,express,silver,48169,2025-09-19
17355,34371,flagship,gold,49652,2026-04-29
17356,34371,standard,silver,27473,2021-08-22
17357,34375,standard,bronze,22670,2022-08-30
17358,34376,online,bronze,12447,2020-11-13
17359,34382,flagship,bronze,10805,2019-07-20
17360,34385,flagship,silver,34601,2026-01-13
17361,34390,standard,bronze,26479,2026-03-06
17362,34393,flagship,silver,36280,2019-08-13
17363,34396,express,bronze,41853,2019-08-07
17364,34396,flagship,gold,17108,2025-10-22
17365,34401,express,bronze,31914,2021-03-22
17366,34405,express,bronze,25985,2025-04-30
17367,34406,flagship,bronze,8824,2023-01-02
17368,34408,online,bronze,29467,2024-03-14
17369,34411,standard,bronze,25926,2024-04-12
17370,34412,flagship,bronze,1434,2020-12-06
17371,34415,express,bronze,8620,2024-11-09
17372,34417,express,silver,31253,2023-02-07
17373,34418,flagship,bronze,32029,2020-05-03
17374,34419,express,gold,19246,2024-05-07
17375,34420,online,bronze,19576,2023-06-10
17376,34422,online,bronze,46839,2021-04-02
17377,34423,flagship,silver,10493,2023-01-21
17378,34425,flagship,bronze,16061,2021-07-10
17379,34427,flagship,silver,7151,2022-05-13
17380,34428,flagship,bronze,8972,2023-12-29
17381,34429,express,silver,11568,2023-11-03
17382,34430,flagship,silver,37813,2023-10-18
17383,34431,online,silver,47865,2019-11-14
17384,34431,flagship,gold,35648,2021-04-19
17385,34432,online,silver,37562,2024-11-21
17386,34443,standard,platinum,27277,2026-01-04
17387,34449,flagship,bronze,9443,2025-12-01
17388,34452,online,bronze,18055,2021-07-28
17389,34454,flagship,bronze,46894,2025-06-12
17390,34461,standard,bronze,45216,2020-06-23
17391,34466,online,gold,31993,2025-07-25
17392,34468,express,bronze,22347,2019-05-16
17393,34470,express,bronze,37567,2024-05-28
17394,34474,standard,bronze,22827,2024-05-12
17395,34477,express,bronze,22461,2022-09-22
17396,34478,standard,platinum,14605,2024-10-18
17397,34479,flagship,bronze,44754,2020-12-26
17398,34482,express,gold,40974,2020-04-01
17399,34483,online,bronze,45552,2020-09-25
17400,34485,flagship,silver,35646,2023-07-17
17401,34486,flagship,platinum,9647,2021-03-22
17402,34496,express,gold,35685,2019-07-12
17403,34497,flagship,bronze,46847,2024-08-09
17404,34499,standard,silver,35553,2024-09-22
17405,34501,flagship,bronze,34259,2025-08-24
17406,34505,flagship,bronze,45122,2024-03-23
17407,34506,standard,silver,42746,2022-10-17
17408,34507,flagship,bronze,255,2019-02-20
17409,34509,standard,bronze,9756,2019-04-06
17410,34513,flagship,bronze,8687,2020-03-21
17411,34514,flagship,bronze,25331,2019-03-11
17412,34517,standard,bronze,5436,2019-06-02
17413,34518,express,bronze,19630,2020-07-01
17414,34518,standard,silver,32433,2025-02-11
17415,34521,flagship,gold,41050,2021-02-18
17416,34523,flagship,gold,20055,2022-07-01
17417,34525,online,bronze,28380,2021-12-11
17418,34528,flagship,bronze,35493,2021-03-25
17419,34530,flagship,bronze,17929,2023-01-02
17420,34532,flagship,bronze,1889,2022-06-02
17421,34534,flagship,silver,26077,2022-07-30
17422,34539,flagship,gold,42827,2025-11-26
17423,34542,online,gold,1052,2019-02-10
17424,34543,standard,bronze,8628,2023-07-10
17425,34545,flagship,bronze,27023,2025-02-01
17426,34546,flagship,bronze,27993,2023-02-10
17427,34549,online,bronze,47610,2025-03-13
17428,34552,express,bronze,32917,2023-03-05
17429,34554,flagship,gold,21951,2021-12-31
17430,34554,express,gold,45249,2021-02-04
17431,34555,flagship,bronze,16692,2020-07-04
17432,34558,online,silver,3761,2020-03-18
17433,34559,standard,bronze,12495,2025-11-24
17434,34561,express,bronze,44081,2021-10-15
17435,34565,flagship,silver,18619,2019-03-20
17436,34567,online,bronze,9441,2026-02-23
17437,34568,express,gold,42187,2022-09-05
17438,34573,online,bronze,12021,2019-03-03
17439,34580,standard,silver,46707,2023-02-23
17440,34580,online,silver,41226,2020-02-14
17441,34581,flagship,bronze,30295,2023-06-29
17442,34584,express,bronze,40922,2024-04-18
17443,34584,flagship,silver,39362,2022-03-10
17444,34586,online,silver,47448,2020-12-27
17445,34588,online,silver,33354,2024-07-12
17446,34592,flagship,gold,31138,2020-10-14
17447,34592,standard,silver,44311,2019-11-22
17448,34593,flagship,silver,15882,2019-07-24
17449,34593,standard,bronze,48470,2022-04-18
17450,34596,express,silver,32977,2021-01-12
17451,34596,online,bronze,38989,2025-12-07
17452,34597,express,bronze,18918,2019-06-09
17453,34597,online,gold,8324,2024-08-09
17454,34599,online,silver,5331,2025-02-19
17455,34603,standard,bronze,45761,2019-10-20
17456,34604,flagship,gold,9326,2021-08-26
17457,34604,standard,bronze,36756,2021-03-18
17458,34614,standard,silver,31213,2026-06-21
17459,34615,express,bronze,131,2020-04-13
17460,34619,standard,gold,37986,2023-01-06
17461,34620,standard,silver,21523,2023-09-07
17462,34622,standard,silver,5762,2024-04-04
17463,34624,express,silver,38040,2025-09-27
17464,34627,flagship,silver,21933,2022-07-03
17465,34628,express,bronze,13765,2023-11-14
17466,34631,online,bronze,16281,2021-03-29
17467,34634,express,bronze,42904,2020-02-04
17468,34635,standard,bronze,48385,2022-09-03
17469,34636,online,gold,8130,2021-10-06
17470,34638,flagship,bronze,15378,2024-11-29
17471,34640,standard,silver,693,2024-08-21
17472,34642,online,silver,34447,2020-03-13
17473,34646,flagship,silver,13230,2025-03-11
17474,34650,express,silver,30716,2025-04-17
17475,34651,standard,bronze,49475,2022-08-03
17476,34652,express,bronze,39029,2023-05-01
17477,34658,standard,bronze,49295,2023-03-20
17478,34659,express,silver,3832,2021-01-20
17479,34661,standard,bronze,9399,2025-09-27
17480,34662,flagship,gold,16386,2020-02-07
17481,34663,flagship,platinum,18071,2024-09-02
17482,34671,standard,bronze,15229,2020-08-01
17483,34673,standard,silver,6264,2021-02-23
17484,34674,standard,bronze,5448,2019-07-21
17485,34676,standard,bronze,13590,2026-01-23
17486,34679,standard,gold,12229,2019-10-10
17487,34681,flagship,silver,21594,2021-03-01
17488,34682,standard,bronze,3350,2019-06-08
17489,34687,express,silver,41571,2019-01-25
17490,34691,online,bronze,8316,2019-03-09
17491,34692,flagship,bronze,44535,2020-12-24
17492,34694,online,bronze,48276,2024-10-07
17493,34695,express,silver,13268,2021-08-06
17494,34696,flagship,silver,47273,2020-10-05
17495,34697,express,bronze,48490,2020-09-09
17496,34698,standard,silver,3317,2019-05-03
17497,34699,online,bronze,9405,2024-03-26
17498,34700,online,silver,36309,2019-04-03
17499,34701,standard,bronze,11951,2019-07-01
17500,34701,online,bronze,9266,2020-04-19
17501,34703,flagship,bronze,12979,2025-07-23
17502,34704,express,silver,12923,2022-10-04
17503,34707,flagship,bronze,3916,2021-10-17
17504,34709,express,bronze,41460,2023-08-15
17505,34709,online,bronze,20356,2024-08-01
17506,34712,standard,bronze,28788,2025-04-19
17507,34713,flagship,bronze,45938,2019-03-10
17508,34714,express,bronze,25732,2021-12-12
17509,34716,flagship,silver,40213,2024-09-18
17510,34717,flagship,bronze,19288,2022-01-10
17511,34718,standard,bronze,6163,2024-01-17
17512,34718,online,bronze,37305,2022-01-26
17513,34720,flagship,gold,27300,2021-01-11
17514,34722,flagship,gold,16246,2022-06-01
17515,34723,flagship,bronze,31525,2020-01-13
17516,34725,express,bronze,7019,2022-08-27
17517,34726,flagship,bronze,4360,2020-10-19
17518,34727,flagship,bronze,28793,2019-11-06
17519,34728,online,silver,35205,2021-02-22
17520,34728,standard,bronze,17995,2024-07-01
17521,34730,online,bronze,46792,2019-06-14
17522,34733,flagship,bronze,1260,2022-02-17
17523,34735,express,gold,32488,2020-09-13
17524,34735,flagship,silver,38710,2020-05-28
17525,34736,standard,silver,9835,2022-05-23
17526,34739,online,gold,2924,2024-03-20
17527,34743,express,silver,2787,2026-06-04
17528,34743,standard,bronze,30634,2022-02-25
17529,34745,express,bronze,33580,2025-01-29
17530,34752,online,gold,42841,2022-12-17
17531,34755,standard,platinum,14619,2025-08-03
17532,34756,express,silver,36160,2020-03-22
17533,34757,express,bronze,29035,2022-05-13
17534,34759,online,bronze,7510,2024-05-14
17535,34760,express,silver,42794,2025-10-19
17536,34764,express,silver,10251,2022-04-11
17537,34766,flagship,gold,46378,2021-06-27
17538,34767,online,gold,14951,2025-07-22
17539,34767,standard,bronze,9778,2022-08-10
17540,34771,standard,platinum,12194,2025-09-19
17541,34772,flagship,silver,22323,2021-08-11
17542,34772,online,gold,30391,2025-12-06
17543,34776,standard,gold,538,2022-08-24
17544,34778,express,silver,29970,2025-01-12
17545,34781,standard,silver,10523,2020-11-15
17546,34782,standard,bronze,14440,2021-06-27
17547,34783,standard,bronze,15128,2025-05-06
17548,34785,online,gold,49403,2024-06-09
17549,34786,online,gold,32396,2023-02-03
17550,34790,flagship,silver,41776,2023-05-25
17551,34790,standard,bronze,41455,2025-12-24
17552,34791,express,silver,16278,2019-11-01
17553,34792,flagship,gold,23900,2021-08-13
17554,34797,express,bronze,23705,2021-02-28
17555,34798,standard,silver,5143,2019-06-23
17556,34805,flagship,silver,28405,2020-04-10
17557,34805,standard,silver,11430,2024-06-09
17558,34807,online,silver,39864,2024-01-11
17559,34807,flagship,bronze,43555,2019-01-17
17560,34812,express,bronze,1286,2021-04-12
17561,34814,online,bronze,34629,2024-10-15
17562,34815,standard,silver,18044,2023-05-22
17563,34818,express,silver,45542,2019-12-03
17564,34819,standard,bronze,30728,2021-03-07
17565,34820,express,bronze,48886,2020-01-15
17566,34821,express,bronze,24246,2025-08-24
17567,34822,express,bronze,14466,2020-02-09
17568,34824,flagship,bronze,44200,2021-09-04
17569,34827,online,bronze,32584,2022-07-31
17570,34830,express,bronze,336,2026-06-17
17571,34832,online,bronze,34238,2021-12-03
17572,34833,online,bronze,42626,2019-03-01
17573,34842,online,silver,49392,2022-04-18
17574,34844,flagship,bronze,19243,2022-11-26
17575,34844,express,bronze,5665,2023-02-27
17576,34846,online,bronze,34800,2024-07-15
17577,34847,standard,silver,4009,2026-04-08
17578,34847,flagship,bronze,47803,2021-07-20
17579,34850,standard,silver,6616,2022-03-29
17580,34851,online,bronze,4722,2021-08-16
17581,34857,express,silver,15193,2021-04-13
17582,34857,standard,silver,27238,2025-09-03
17583,34859,express,bronze,19356,2020-03-09
17584,34860,standard,silver,6162,2026-02-03
17585,34865,online,gold,1114,2020-10-25
17586,34867,online,bronze,6232,2023-10-03
17587,34872,standard,gold,7660,2022-10-27
17588,34873,flagship,bronze,25262,2021-08-01
17589,34873,express,bronze,49312,2023-07-03
17590,34876,standard,bronze,39373,2022-02-04
17591,34877,standard,bronze,37376,2019-04-11
17592,34878,standard,silver,42566,2023-11-23
17593,34879,flagship,bronze,10075,2021-09-09
17594,34880,express,silver,2579,2022-08-15
17595,34882,online,bronze,35007,2022-07-04
17596,34883,online,bronze,9570,2025-05-03
17597,34884,standard,bronze,13140,2019-02-24
17598,34885,online,bronze,2985,2023-12-08
17599,34886,standard,bronze,16107,2020-11-24
17600,34887,express,bronze,5487,2023-01-29
17601,34889,online,silver,38794,2020-12-08
17602,34890,express,gold,7480,2026-01-01
17603,34891,online,bronze,34482,2020-11-29
17604,34892,flagship,bronze,28662,2019-08-21
17605,34893,express,silver,42570,2019-04-11
17606,34901,online,silver,6574,2020-06-10
17607,34903,online,gold,8613,2022-01-28
17608,34903,standard,bronze,25877,2022-05-18
17609,34907,express,platinum,46964,2024-10-29
17610,34908,standard,gold,22267,2021-05-14
17611,34909,flagship,bronze,22451,2025-06-01
17612,34910,online,gold,40075,2020-11-04
17613,34911,express,bronze,25289,2020-05-20
17614,34914,online,silver,36552,2021-12-09
17615,34915,flagship,bronze,17329,2020-01-28
17616,34916,standard,bronze,15124,2021-10-07
17617,34918,standard,bronze,34210,2021-07-31
17618,34921,standard,silver,37441,2020-12-30
17619,34923,express,silver,41723,2019-07-15
17620,34925,express,bronze,41943,2025-11-02
17621,34927,standard,bronze,31165,2023-11-29
17622,34927,online,silver,22392,2021-01-09
17623,34930,express,bronze,6313,2021-06-02
17624,34930,online,gold,27091,2023-09-16
17625,34934,flagship,silver,9219,2024-11-08
17626,34934,online,bronze,8229,2019-12-17
17627,34936,express,silver,34952,2023-12-26
17628,34936,flagship,bronze,23944,2022-04-01
17629,34939,express,bronze,13964,2022-11-30
17630,34940,express,bronze,41180,2022-07-01
17631,34943,online,bronze,29251,2022-03-28
17632,34944,express,bronze,48574,2025-06-12
17633,34946,flagship,bronze,22557,2022-05-12
17634,34950,flagship,silver,48101,2021-02-15
17635,34950,online,silver,25688,2019-12-14
17636,34953,flagship,bronze,9483,2023-12-16
17637,34955,online,bronze,47069,2020-03-08
17638,34957,online,bronze,45236,2023-11-12
17639,34958,standard,bronze,1587,2022-03-03
17640,34960,express,platinum,14187,2022-02-25
17641,34962,express,bronze,27957,2019-02-19
17642,34963,online,bronze,45166,2026-04-30
17643,34967,flagship,bronze,3066,2024-12-14
17644,34968,express,bronze,44011,2019-11-25
17645,34971,standard,gold,30093,2020-09-16
17646,34972,online,bronze,15942,2024-06-01
17647,34978,online,gold,28015,2025-02-25
17648,34983,online,bronze,39945,2019-10-12
17649,34988,online,gold,36598,2023-01-17
17650,34989,express,bronze,16814,2021-10-25
17651,34989,online,bronze,41534,2020-02-06
17652,34992,standard,silver,25038,2024-05-29
17653,34994,express,gold,15615,2024-08-13
17654,34994,online,bronze,15397,2023-09-08
17655,34995,standard,bronze,45261,2026-01-29
17656,34996,online,gold,15682,2020-03-17
17657,34999,standard,platinum,16553,2025-07-21
17658,35002,express,gold,16330,2021-04-10
17659,35009,standard,bronze,26728,2020-11-12
17660,35010,online,bronze,24057,2020-05-05
17661,35010,standard,bronze,21182,2021-11-03
17662,35015,express,gold,23988,2023-05-11
17663,35016,standard,gold,24720,2025-12-27
17664,35016,flagship,bronze,35779,2019-02-19
17665,35017,flagship,bronze,10713,2026-05-04
17666,35018,express,silver,46692,2019-01-14
17667,35018,flagship,bronze,36411,2023-07-15
17668,35022,express,bronze,22963,2024-06-13
17669,35026,express,bronze,10173,2019-04-03
17670,35028,express,bronze,5202,2020-06-23
17671,35029,standard,gold,21203,2024-10-22
17672,35033,express,bronze,39296,2020-01-21
17673,35036,express,bronze,33872,2026-01-19
17674,35038,flagship,bronze,33673,2021-06-26
17675,35040,standard,silver,10047,2026-03-16
17676,35041,flagship,bronze,8158,2022-11-11
17677,35041,online,bronze,45904,2024-08-02
17678,35042,standard,silver,33754,2024-11-19
17679,35050,express,bronze,20212,2022-03-14
17680,35052,standard,gold,25480,2023-10-17
17681,35052,flagship,silver,27945,2022-06-29
17682,35053,flagship,silver,37089,2019-07-12
17683,35056,express,bronze,7809,2021-03-31
17684,35057,online,bronze,14748,2020-01-21
17685,35060,flagship,bronze,13412,2023-06-19
17686,35061,online,silver,16481,2020-05-10
17687,35062,flagship,silver,12207,2023-05-25
17688,35063,flagship,bronze,1054,2022-05-21
17689,35063,standard,bronze,9485,2025-06-24
17690,35070,flagship,gold,14013,2020-10-28
17691,35070,express,silver,46468,2019-08-28
17692,35072,standard,bronze,27568,2021-11-29
17693,35073,express,bronze,9233,2019-08-30
17694,35077,online,silver,11077,2024-05-08
17695,35078,online,bronze,13502,2023-09-30
17696,35079,flagship,silver,21338,2021-06-24
17697,35083,online,silver,13207,2024-07-18
17698,35087,flagship,silver,44435,2021-01-10
17699,35089,online,silver,46617,2025-08-22
17700,35092,flagship,bronze,21869,2023-03-31
17701,35095,online,bronze,35554,2023-10-28
17702,35096,online,bronze,9344,2022-02-04
17703,35098,express,bronze,16607,2026-01-19
17704,35099,express,gold,5204,2021-07-14
17705,35101,flagship,silver,49850,2021-10-31
17706,35102,standard,silver,5386,2025-05-13
17707,35103,flagship,gold,4030,2026-06-02
17708,35103,online,silver,27597,2022-02-03
17709,35104,standard,silver,34769,2024-12-08
17710,35104,express,silver,3598,2024-12-27
17711,35105,express,bronze,18713,2019-01-05
17712,35109,express,platinum,8146,2025-06-28
17713,35111,flagship,silver,25921,2023-07-25
17714,35112,flagship,gold,45594,2026-05-27
17715,35116,flagship,bronze,9238,2022-02-10
17716,35117,standard,bronze,12577,2019-12-08
17717,35119,standard,bronze,24601,2022-06-08
17718,35120,flagship,gold,25517,2024-09-17
17719,35121,flagship,bronze,21763,2022-03-28
17720,35123,online,bronze,19985,2023-04-05
17721,35125,standard,silver,12935,2019-11-23
17722,35126,online,silver,2857,2022-06-30
17723,35126,express,bronze,29888,2024-11-03
17724,35130,standard,platinum,24632,2025-11-19
17725,35131,flagship,bronze,33494,2021-10-28
17726,35136,flagship,bronze,33471,2025-04-18
17727,35137,standard,gold,6567,2019-02-01
17728,35139,express,silver,47930,2021-09-28
17729,35142,standard,silver,46175,2021-02-14
17730,35144,express,gold,8605,2019-01-31
17731,35153,standard,silver,35110,2020-02-18
17732,35154,online,bronze,17178,2024-04-16
17733,35156,standard,bronze,43016,2024-07-29
17734,35160,express,platinum,14070,2024-12-26
17735,35162,online,bronze,44166,2023-10-15
17736,35165,online,bronze,20278,2019-01-06
17737,35166,standard,gold,11665,2024-08-21
17738,35166,express,silver,18938,2023-12-13
17739,35170,flagship,platinum,13829,2020-12-14
17740,35171,express,gold,21438,2025-02-23
17741,35172,standard,bronze,897,2022-01-16
17742,35172,express,bronze,31925,2020-09-14
17743,35178,flagship,bronze,43962,2025-11-30
17744,35179,flagship,silver,20321,2026-02-06
17745,35181,express,silver,44534,2021-03-21
17746,35183,flagship,bronze,44451,2021-08-14
17747,35183,standard,bronze,28715,2021-02-22
17748,35184,flagship,silver,14310,2023-06-11
17749,35193,flagship,gold,366,2026-06-17
17750,35195,express,silver,1857,2022-07-05
17751,35195,standard,bronze,34044,2026-03-22
17752,35197,standard,silver,16701,2022-04-06
17753,35198,standard,silver,18174,2025-03-16
17754,35199,online,bronze,14166,2021-04-29
17755,35200,online,bronze,36253,2023-11-13
17756,35202,flagship,bronze,29394,2019-02-11
17757,35204,online,bronze,19821,2019-02-14
17758,35205,standard,bronze,36802,2022-01-14
17759,35208,standard,bronze,27384,2020-09-19
17760,35209,flagship,bronze,21410,2024-12-17
17761,35210,flagship,gold,18350,2024-05-04
17762,35212,online,bronze,40257,2025-08-12
17763,35212,flagship,bronze,30731,2019-11-03
17764,35213,online,silver,16590,2024-07-15
17765,35215,express,bronze,34496,2021-03-08
17766,35218,standard,gold,28771,2019-06-01
17767,35222,flagship,silver,30160,2022-08-21
17768,35222,standard,bronze,42792,2023-12-02
17769,35224,express,bronze,18057,2022-11-11
17770,35230,standard,silver,26520,2024-05-25
17771,35234,standard,bronze,10657,2024-06-17
17772,35234,online,bronze,7365,2023-09-16
17773,35238,standard,gold,19963,2023-11-13
17774,35239,express,bronze,49259,2020-08-08
17775,35245,online,bronze,19328,2019-03-31
17776,35246,flagship,bronze,23252,2020-05-14
17777,35248,online,bronze,39767,2024-01-09
17778,35248,flagship,bronze,25693,2024-09-09
17779,35250,express,bronze,4134,2023-11-02
17780,35252,standard,bronze,49679,2021-09-19
17781,35253,flagship,bronze,976,2025-11-27
17782,35254,express,silver,35244,2021-02-08
17783,35257,standard,silver,14466,2022-09-09
17784,35258,online,bronze,38472,2023-07-15
17785,35259,online,bronze,43117,2023-10-22
17786,35261,express,silver,14370,2022-03-25
17787,35263,express,gold,26850,2020-01-05
17788,35265,flagship,bronze,38772,2021-12-08
17789,35267,standard,gold,30035,2023-03-15
17790,35271,online,bronze,13334,2026-03-29
17791,35272,online,bronze,23539,2025-02-04
17792,35274,flagship,bronze,17328,2019-10-01
17793,35274,standard,gold,4424,2021-01-13
17794,35276,express,bronze,4697,2024-02-23
17795,35278,express,bronze,24210,2023-05-29
17796,35280,express,bronze,42153,2021-03-27
17797,35282,express,bronze,15051,2021-06-09
17798,35284,express,silver,1870,2025-05-02
17799,35288,flagship,silver,8629,2024-08-03
17800,35290,standard,bronze,8297,2024-11-23
17801,35293,flagship,bronze,8916,2023-11-08
17802,35295,express,platinum,46375,2021-06-25
17803,35299,express,silver,20600,2020-11-27
17804,35301,express,bronze,48560,2025-02-15
17805,35302,online,silver,1526,2020-07-22
17806,35306,standard,bronze,42754,2019-11-23
17807,35309,flagship,bronze,21449,2023-09-07
17808,35318,express,gold,26854,2024-04-24
17809,35318,standard,bronze,45198,2024-11-04
17810,35320,express,silver,43874,2022-12-25
17811,35324,flagship,silver,13815,2023-07-31
17812,35325,online,bronze,16524,2022-12-12
17813,35326,express,bronze,33677,2020-10-24
17814,35327,flagship,gold,41523,2023-04-27
17815,35331,express,bronze,11942,2023-09-03
17816,35332,flagship,bronze,48101,2026-06-17
17817,35337,online,silver,22127,2021-05-26
17818,35338,flagship,bronze,724,2021-06-10
17819,35339,flagship,gold,45341,2023-09-23
17820,35340,online,bronze,21449,2019-10-19
17821,35343,express,silver,2957,2024-08-30
17822,35344,standard,gold,7050,2019-06-21
17823,35345,online,gold,9866,2024-01-11
17824,35345,standard,gold,11019,2021-06-14
17825,35347,flagship,bronze,33137,2022-07-10
17826,35348,online,bronze,44263,2021-03-23
17827,35350,flagship,bronze,33831,2026-03-20
17828,35351,flagship,bronze,33343,2024-12-22
17829,35354,online,bronze,16568,2022-04-02
17830,35355,express,bronze,1875,2021-05-13
17831,35356,express,bronze,34429,2022-03-28
17832,35358,flagship,bronze,35040,2026-01-21
17833,35358,online,silver,13315,2021-05-29
17834,35359,express,silver,3711,2025-08-09
17835,35361,express,bronze,16136,2022-05-18
17836,35365,express,silver,21441,2023-09-14
17837,35368,express,gold,44613,2024-02-03
17838,35369,flagship,bronze,1604,2024-08-21
17839,35370,express,gold,12452,2025-11-05
17840,35371,online,bronze,39716,2019-01-20
17841,35372,standard,silver,17238,2020-02-07
17842,35372,flagship,bronze,33616,2020-03-02
17843,35373,online,bronze,30677,2022-08-16
17844,35374,online,silver,16390,2025-01-22
17845,35375,flagship,bronze,42991,2019-05-13
17846,35382,flagship,bronze,41003,2025-03-24
17847,35382,express,silver,6234,2019-11-13
17848,35384,express,gold,19867,2019-12-22
17849,35389,standard,bronze,20816,2022-04-11
17850,35392,flagship,bronze,24665,2022-02-14
17851,35395,online,silver,46585,2020-11-02
17852,35395,express,bronze,15668,2019-08-03
17853,35397,express,bronze,38997,2020-08-27
17854,35398,online,bronze,2084,2020-10-09
17855,35401,online,silver,36600,2022-11-22
17856,35403,online,silver,38368,2019-03-09
17857,35405,standard,bronze,20163,2020-01-25
17858,35407,standard,bronze,3815,2023-12-20
17859,35407,express,bronze,43222,2022-02-20
17860,35408,online,silver,41293,2019-12-27
17861,35410,standard,silver,19961,2019-12-08
17862,35412,standard,gold,10473,2024-12-19
17863,35418,standard,silver,9960,2023-11-28
17864,35421,flagship,platinum,40203,2025-05-16
17865,35423,flagship,bronze,22988,2023-11-10
17866,35424,flagship,silver,30618,2019-12-13
17867,35424,online,gold,46806,2023-07-22
17868,35426,standard,silver,25623,2023-07-02
17869,35428,standard,gold,16117,2019-10-02
17870,35429,flagship,silver,34161,2019-08-17
17871,35430,express,bronze,32595,2025-02-16
17872,35431,online,silver,38620,2021-01-25
17873,35436,standard,bronze,31911,2025-10-27
17874,35442,online,bronze,36590,2024-04-25
17875,35443,flagship,bronze,47141,2019-03-06
17876,35444,standard,bronze,41481,2023-12-15
17877,35445,express,silver,4878,2022-07-21
17878,35447,online,bronze,44566,2019-07-29
17879,35451,flagship,gold,25370,2025-10-09
17880,35452,online,bronze,4633,2022-12-23
17881,35456,express,bronze,20142,2025-08-30
17882,35459,standard,bronze,36744,2026-03-08
17883,35463,express,bronze,23129,2020-10-20
17884,35465,flagship,bronze,18338,2024-11-09
17885,35465,standard,bronze,39062,2025-11-30
17886,35466,express,bronze,37135,2019-12-11
17887,35470,standard,bronze,23981,2023-01-12
17888,35474,flagship,bronze,7733,2022-12-30
17889,35475,online,silver,27688,2024-02-15
17890,35476,standard,bronze,33134,2023-06-30
17891,35476,flagship,silver,37689,2023-04-05
17892,35477,online,silver,27946,2020-07-01
17893,35479,flagship,bronze,34087,2026-05-23
17894,35481,flagship,gold,33537,2021-10-11
17895,35488,flagship,bronze,42459,2024-10-05
17896,35488,standard,bronze,35949,2022-11-30
17897,35490,flagship,bronze,20658,2024-08-03
17898,35499,online,gold,17070,2022-08-29
17899,35501,flagship,silver,30373,2021-11-24
17900,35501,standard,bronze,16281,2024-09-25
17901,35503,standard,gold,49165,2025-08-09
17902,35504,online,gold,10973,2022-04-26
17903,35505,online,silver,28203,2022-09-15
17904,35507,express,silver,16580,2022-12-12
17905,35508,flagship,silver,24340,2023-01-01
17906,35508,express,bronze,27485,2025-07-28
17907,35514,flagship,silver,3841,2026-03-26
17908,35515,online,gold,4927,2024-04-06
17909,35516,flagship,silver,29627,2021-06-07
17910,35517,express,bronze,34933,2019-01-27
17911,35518,online,silver,2003,2020-06-16
17912,35518,express,silver,33796,2019-11-14
17913,35525,express,bronze,32950,2025-04-08
17914,35525,flagship,gold,13155,2025-02-20
17915,35526,online,bronze,21571,2025-01-12
17916,35528,standard,bronze,38251,2023-02-11
17917,35529,flagship,silver,28237,2020-10-13
17918,35534,standard,silver,30861,2022-04-28
17919,35537,online,bronze,11333,2024-12-12
17920,35537,flagship,bronze,23280,2023-05-29
17921,35540,flagship,silver,7609,2025-05-22
17922,35541,express,bronze,22668,2020-08-18
17923,35541,flagship,silver,40893,2021-06-21
17924,35545,flagship,gold,45925,2025-01-03
17925,35545,standard,bronze,6020,2022-07-27
17926,35548,express,bronze,36266,2021-07-06
17927,35549,express,silver,11729,2021-07-28
17928,35550,online,bronze,37460,2021-09-04
17929,35552,online,silver,30055,2021-05-30
17930,35555,flagship,bronze,28357,2021-10-13
17931,35555,standard,bronze,7131,2022-01-30
17932,35557,flagship,bronze,35495,2019-09-25
17933,35561,express,bronze,26153,2021-06-28
17934,35561,standard,silver,31356,2022-07-19
17935,35562,online,gold,36634,2025-09-24
17936,35563,express,gold,19655,2025-12-24
17937,35566,standard,silver,34842,2025-10-29
17938,35568,express,platinum,21520,2022-11-10
17939,35568,online,bronze,15727,2026-06-18
17940,35570,express,silver,46858,2022-06-10
17941,35571,express,bronze,1046,2019-06-19
17942,35573,standard,bronze,10280,2023-05-14
17943,35574,online,silver,46464,2020-11-06
17944,35576,express,bronze,5352,2022-04-23
17945,35577,flagship,bronze,49061,2020-10-17
17946,35582,standard,bronze,15785,2020-10-04
17947,35585,online,gold,24138,2024-12-21
17948,35586,express,bronze,17185,2023-10-19
17949,35592,express,bronze,43687,2025-10-21
17950,35596,online,bronze,46884,2023-06-16
17951,35598,online,gold,19287,2023-08-21
17952,35600,online,bronze,41740,2024-02-21
17953,35601,standard,bronze,33842,2024-07-05
17954,35608,standard,bronze,2026,2022-11-03
17955,35609,express,bronze,29867,2022-11-01
17956,35612,flagship,gold,45694,2020-11-02
17957,35618,online,gold,13367,2021-02-18
17958,35619,standard,bronze,37262,2025-07-09
17959,35620,online,silver,43824,2023-02-18
17960,35621,standard,silver,28692,2023-05-15
17961,35622,standard,silver,17052,2024-11-06
17962,35623,express,bronze,19059,2025-02-17
17963,35624,flagship,silver,46575,2025-01-15
17964,35625,online,gold,1635,2025-04-14
17965,35630,flagship,silver,18244,2023-09-04
17966,35632,express,bronze,1889,2022-06-01
17967,35633,flagship,bronze,31993,2024-05-09
17968,35639,standard,bronze,13288,2024-10-11
17969,35642,online,silver,8647,2026-04-26
17970,35646,flagship,bronze,18569,2019-07-08
17971,35648,online,bronze,7782,2023-08-31
17972,35653,express,bronze,41532,2025-10-04
17973,35654,express,silver,11183,2025-08-27
17974,35655,standard,bronze,40282,2023-05-03
17975,35656,online,silver,36606,2020-12-11
17976,35659,flagship,bronze,2223,2026-01-31
17977,35661,online,bronze,24109,2022-02-06
17978,35662,express,silver,13413,2022-01-07
17979,35662,online,bronze,36958,2019-12-04
17980,35668,express,bronze,7379,2023-08-04
17981,35669,standard,silver,43331,2022-11-21
17982,35676,express,bronze,27195,2026-06-30
17983,35679,express,silver,47398,2026-05-20
17984,35680,express,gold,30507,2026-02-03
17985,35681,online,silver,38167,2024-02-13
17986,35682,flagship,bronze,22264,2024-07-28
17987,35685,express,silver,37571,2021-04-17
17988,35687,flagship,bronze,7324,2021-09-02
17989,35687,online,silver,40438,2025-05-05
17990,35688,flagship,silver,45032,2020-09-17
17991,35689,standard,platinum,38111,2021-03-28
17992,35689,online,bronze,23752,2024-09-30
17993,35693,express,bronze,43113,2019-08-06
17994,35698,express,silver,15577,2021-07-09
17995,35699,online,platinum,10521,2022-01-29
17996,35700,express,bronze,11769,2020-03-27
17997,35702,flagship,bronze,35351,2021-08-31
17998,35704,express,bronze,20484,2019-07-16
17999,35706,express,gold,43938,2022-08-27
18000,35708,standard,bronze,10332,2021-09-25
18001,35711,online,bronze,13217,2024-04-15
18002,35713,flagship,bronze,6674,2022-04-05
18003,35714,online,silver,39330,2019-05-15
18004,35714,flagship,gold,19764,2019-05-07
18005,35722,express,bronze,46826,2020-01-29
18006,35723,standard,bronze,2217,2019-12-16
18007,35724,express,silver,4849,2024-03-18
18008,35726,express,silver,1995,2023-02-13
18009,35727,express,silver,29955,2025-11-07
18010,35728,express,bronze,32878,2020-10-24
18011,35728,online,bronze,8851,2025-02-04
18012,35730,express,bronze,8515,2025-12-06
18013,35733,express,silver,42438,2022-11-11
18014,35735,online,bronze,7567,2021-02-09
18015,35735,express,bronze,35325,2022-06-06
18016,35736,online,gold,30487,2025-02-02
18017,35736,standard,bronze,20199,2019-08-29
18018,35741,online,bronze,7590,2019-11-28
18019,35741,express,bronze,41425,2024-05-25
18020,35742,standard,gold,4920,2023-07-22
18021,35743,flagship,bronze,38665,2022-09-06
18022,35745,flagship,bronze,41240,2023-06-02
18023,35745,standard,platinum,22941,2019-02-01
18024,35750,flagship,silver,15274,2022-05-26
18025,35751,standard,bronze,13647,2025-06-24
18026,35752,express,bronze,10404,2024-04-05
18027,35753,express,bronze,3067,2019-01-02
18028,35753,flagship,gold,13153,2023-07-25
18029,35754,flagship,silver,19774,2024-09-29
18030,35754,online,bronze,18368,2023-01-01
18031,35755,online,silver,1374,2025-09-10
18032,35756,standard,bronze,7187,2026-01-30
18033,35757,standard,bronze,11370,2024-09-18
18034,35758,flagship,silver,35380,2020-10-15
18035,35758,online,bronze,36749,2025-04-02
18036,35761,flagship,bronze,49065,2023-07-11
18037,35763,express,bronze,18396,2024-02-28
18038,35765,online,bronze,35724,2024-08-16
18039,35770,standard,bronze,25459,2021-05-14
18040,35772,standard,bronze,49061,2024-12-13
18041,35772,express,bronze,3711,2022-11-06
18042,35775,express,gold,41602,2021-06-22
18043,35777,standard,bronze,1544,2021-08-14
18044,35778,flagship,bronze,18242,2025-03-14
18045,35778,express,silver,29736,2020-08-30
18046,35780,flagship,bronze,46568,2023-02-06
18047,35787,express,bronze,9759,2020-07-18
18048,35789,express,bronze,25027,2024-03-21
18049,35790,standard,bronze,9317,2025-06-17
18050,35791,express,platinum,10198,2020-04-22
18051,35796,standard,silver,37602,2026-06-13
18052,35797,express,bronze,20281,2021-08-20
18053,35798,online,silver,15702,2026-02-11
18054,35800,flagship,bronze,47537,2022-10-05
18055,35802,flagship,bronze,36502,2023-05-08
18056,35805,standard,bronze,1631,2022-11-20
18057,35810,flagship,gold,44584,2021-12-24
18058,35815,standard,bronze,16827,2020-08-03
18059,35816,online,bronze,2875,2022-04-11
18060,35819,express,bronze,8683,2019-02-28
18061,35821,online,silver,18294,2021-10-15
18062,35822,standard,bronze,29785,2024-01-02
18063,35822,online,silver,45251,2024-06-04
18064,35824,flagship,silver,14782,2020-09-29
18065,35825,express,silver,28672,2021-08-06
18066,35825,standard,bronze,9067,2026-03-03
18067,35829,flagship,bronze,41711,2023-05-17
18068,35831,standard,bronze,1294,2026-03-13
18069,35833,online,bronze,22081,2022-03-12
18070,35835,standard,bronze,10413,2023-06-03
18071,35835,express,bronze,10384,2024-11-12
18072,35837,express,bronze,46123,2020-10-04
18073,35840,express,bronze,25043,2022-03-11
18074,35841,express,bronze,38597,2023-09-10
18075,35842,online,silver,36630,2026-04-06
18076,35845,standard,gold,4317,2019-02-23
18077,35846,express,silver,47484,2022-03-01
18078,35847,express,bronze,47271,2026-02-16
18079,35847,standard,silver,308,2025-08-15
18080,35848,standard,silver,547,2019-10-20
18081,35852,express,bronze,42770,2021-08-24
18082,35853,standard,bronze,17837,2019-06-20
18083,35854,express,bronze,41814,2021-10-25
18084,35855,standard,bronze,47360,2023-10-28
18085,35858,standard,silver,23363,2025-06-05
18086,35860,online,bronze,27906,2026-03-04
18087,35861,express,platinum,6952,2020-12-22
18088,35862,flagship,bronze,36675,2026-06-25
18089,35864,express,bronze,18468,2021-01-06
18090,35867,standard,platinum,34729,2022-02-04
18091,35868,flagship,bronze,32974,2023-09-13
18092,35869,flagship,silver,45648,2023-09-24
18093,35869,online,silver,41749,2020-03-22
18094,35870,online,silver,4307,2019-05-27
18095,35872,express,silver,23809,2022-08-04
18096,35879,flagship,gold,26869,2025-06-04
18097,35881,flagship,bronze,23990,2021-10-07
18098,35881,express,bronze,3117,2024-08-06
18099,35885,express,bronze,34009,2021-03-16
18100,35885,flagship,silver,5237,2026-01-04
18101,35886,flagship,bronze,5854,2020-06-11
18102,35888,express,platinum,17312,2020-01-15
18103,35889,flagship,silver,6652,2019-12-15
18104,35889,standard,silver,17373,2021-06-26
18105,35891,standard,bronze,28664,2021-09-05
18106,35893,express,platinum,6794,2024-03-15
18107,35895,standard,bronze,13698,2025-11-29
18108,35896,flagship,bronze,29970,2024-09-01
18109,35896,standard,bronze,15107,2021-12-06
18110,35897,express,silver,14576,2020-12-16
18111,35900,flagship,bronze,41031,2021-11-11
18112,35902,flagship,bronze,46245,2024-01-19
18113,35904,online,bronze,18867,2023-06-17
18114,35906,standard,bronze,25813,2019-12-05
18115,35907,standard,gold,14503,2023-12-02
18116,35908,online,bronze,32652,2023-04-05
18117,35910,flagship,bronze,47028,2024-11-17
18118,35918,online,bronze,30061,2022-11-22
18119,35919,online,bronze,48186,2024-06-05
18120,35920,online,gold,47335,2024-02-05
18121,35920,flagship,bronze,1370,2020-05-05
18122,35922,express,platinum,47857,2019-07-27
18123,35923,express,bronze,32336,2025-01-23
18124,35926,standard,bronze,21141,2021-07-13
18125,35927,online,silver,16792,2024-10-07
18126,35927,flagship,bronze,4941,2025-10-24
18127,35928,standard,silver,1300,2019-06-25
18128,35929,online,gold,44398,2023-09-10
18129,35931,standard,bronze,8816,2020-08-07
18130,35931,flagship,gold,15753,2021-05-19
18131,35932,standard,bronze,9756,2025-06-07
18132,35934,flagship,silver,18192,2019-09-14
18133,35935,express,bronze,13530,2020-04-20
18134,35935,online,silver,1987,2022-02-23
18135,35938,standard,bronze,25379,2020-11-03
18136,35940,express,bronze,20158,2023-07-18
18137,35941,flagship,gold,8802,2025-06-04
18138,35942,standard,bronze,47335,2022-09-21
18139,35945,online,silver,20210,2023-04-07
18140,35947,express,gold,544,2023-09-15
18141,35950,flagship,silver,24192,2021-06-21
18142,35952,express,bronze,27356,2022-06-18
18143,35953,online,silver,20290,2022-11-23
18144,35962,express,bronze,17293,2022-06-15
18145,35963,online,bronze,25067,2024-02-13
18146,35964,express,silver,9087,2023-06-05
18147,35967,express,silver,49485,2023-08-31
18148,35968,online,bronze,9936,2025-04-07
18149,35968,flagship,silver,33842,2020-10-02
18150,35969,express,bronze,14420,2026-05-19
18151,35969,online,silver,3466,2019-01-30
18152,35970,online,silver,27667,2022-05-06
18153,35971,express,gold,33573,2021-06-12
18154,35972,online,gold,14686,2019-03-06
18155,35972,express,bronze,27153,2024-09-20
18156,35981,flagship,bronze,11392,2022-01-27
18157,35982,flagship,silver,15223,2026-05-30
18158,35983,flagship,silver,11961,2019-01-21
18159,35985,online,bronze,9074,2024-09-28
18160,35988,online,bronze,26272,2019-07-19
18161,35992,express,gold,13144,2023-09-25
18162,35996,flagship,platinum,31730,2021-09-11
18163,35997,flagship,silver,24989,2023-12-16
18164,35998,standard,bronze,42529,2019-08-27
18165,36000,standard,bronze,26645,2020-03-14
18166,36001,express,silver,11603,2026-06-17
18167,36002,express,silver,42964,2023-11-17
18168,36003,online,bronze,44146,2024-04-28
18169,36004,flagship,bronze,46697,2021-12-23
18170,36005,standard,silver,47620,2025-08-02
18171,36008,flagship,silver,36681,2023-02-08
18172,36009,flagship,bronze,7786,2019-03-01
18173,36010,express,gold,6349,2019-12-22
18174,36012,express,gold,8594,2020-11-25
18175,36013,express,silver,43760,2021-08-19
18176,36017,flagship,bronze,6600,2021-09-01
18177,36021,express,bronze,46948,2023-03-19
18178,36022,online,gold,23340,2019-05-07
18179,36023,express,silver,7998,2024-05-14
18180,36024,express,bronze,2417,2025-02-18
18181,36025,standard,platinum,32636,2019-08-03
18182,36027,flagship,bronze,46456,2024-09-08
18183,36027,express,bronze,45121,2022-07-27
18184,36029,standard,bronze,34737,2021-04-30
18185,36032,flagship,silver,27218,2022-08-11
18186,36036,online,bronze,24178,2024-03-06
18187,36038,standard,silver,16202,2021-05-31
18188,36041,online,silver,19755,2023-02-06
18189,36043,online,bronze,16541,2020-07-07
18190,36047,standard,bronze,3173,2023-04-28
18191,36048,online,bronze,41445,2023-12-02
18192,36048,express,bronze,2275,2023-09-08
18193,36050,flagship,gold,32643,2024-11-07
18194,36052,express,bronze,22867,2020-12-04
18195,36053,online,bronze,16878,2023-02-20
18196,36054,online,bronze,47701,2020-08-31
18197,36055,express,bronze,128,2021-09-22
18198,36056,flagship,bronze,34910,2025-11-06
18199,36058,standard,silver,12108,2019-05-31
18200,36064,online,silver,20684,2020-01-27
18201,36067,flagship,bronze,46518,2024-10-09
18202,36068,online,bronze,7884,2026-05-02
18203,36069,express,bronze,41216,2025-02-14
18204,36075,flagship,gold,49174,2022-11-21
18205,36079,standard,silver,1427,2022-02-16
18206,36080,express,gold,42553,2021-06-26
18207,36081,express,bronze,34158,2021-06-14
18208,36081,standard,silver,537,2022-11-22
18209,36084,standard,bronze,32031,2019-05-22
18210,36084,express,silver,586,2025-11-02
18211,36086,standard,bronze,39343,2021-05-09
18212,36089,flagship,gold,23249,2019-11-24
18213,36091,express,bronze,16715,2023-08-17
18214,36092,online,bronze,48507,2022-10-22
18215,36096,flagship,bronze,14721,2025-08-18
18216,36101,standard,bronze,27781,2019-06-08
18217,36104,express,bronze,27541,2024-12-09
18218,36112,online,silver,40730,2023-11-20
18219,36113,standard,platinum,3381,2026-04-26
18220,36114,express,bronze,31567,2022-10-15
18221,36115,express,bronze,3280,2022-05-18
18222,36116,standard,silver,12774,2024-07-20
18223,36117,standard,bronze,721,2025-07-24
18224,36118,express,bronze,33059,2024-08-05
18225,36120,express,bronze,42933,2020-10-06
18226,36121,express,bronze,6663,2023-02-01
18227,36123,express,bronze,36260,2023-04-09
18228,36125,express,bronze,27468,2026-06-26
18229,36126,flagship,bronze,5540,2022-08-13
18230,36128,flagship,bronze,23788,2024-01-08
18231,36128,standard,bronze,44308,2022-08-14
18232,36129,flagship,bronze,6126,2019-11-22
18233,36131,flagship,bronze,49508,2021-10-05
18234,36133,standard,bronze,23075,2024-01-21
18235,36134,flagship,bronze,28159,2025-05-14
18236,36135,standard,platinum,47288,2020-09-14
18237,36136,standard,bronze,21245,2026-03-09
18238,36137,express,bronze,3147,2021-02-14
18239,36140,express,bronze,36636,2021-01-04
18240,36143,standard,bronze,30367,2024-03-04
18241,36144,online,bronze,3204,2024-11-14
18242,36147,express,silver,27385,2021-03-02
18243,36148,online,silver,38434,2020-08-03
18244,36152,online,bronze,18855,2022-10-04
18245,36153,online,silver,5043,2021-05-22
18246,36155,flagship,bronze,33934,2019-08-16
18247,36156,express,silver,30282,2021-01-27
18248,36162,flagship,bronze,35355,2023-05-29
18249,36162,online,silver,43126,2024-06-06
18250,36164,flagship,silver,33471,2019-11-24
18251,36165,standard,bronze,26276,2024-03-16
18252,36166,online,bronze,47599,2023-08-19
18253,36166,flagship,bronze,21872,2023-04-15
18254,36167,standard,bronze,4612,2019-09-16
18255,36168,flagship,silver,33913,2021-06-04
18256,36168,express,gold,5164,2024-07-10
18257,36169,flagship,bronze,29871,2025-07-18
18258,36170,standard,bronze,41299,2021-04-03
18259,36177,express,silver,18834,2024-03-01
18260,36178,flagship,bronze,47009,2021-05-03
18261,36179,standard,bronze,1753,2019-07-18
18262,36180,flagship,bronze,14247,2019-12-07
18263,36182,online,bronze,11144,2025-06-01
18264,36183,flagship,gold,30789,2023-06-28
18265,36185,standard,bronze,45265,2024-10-10
18266,36186,online,silver,45703,2022-06-09
18267,36187,express,silver,645,2021-03-27
18268,36187,online,gold,43947,2022-02-27
18269,36188,flagship,bronze,12558,2022-05-28
18270,36190,flagship,gold,23196,2023-02-26
18271,36191,express,platinum,49391,2023-08-15
18272,36191,standard,bronze,2258,2026-06-03
18273,36193,flagship,bronze,14209,2021-08-24
18274,36194,flagship,silver,19066,2022-04-27
18275,36197,standard,bronze,17481,2019-10-22
18276,36204,flagship,platinum,1813,2023-01-03
18277,36209,online,bronze,26458,2024-11-15
18278,36210,online,bronze,45014,2023-01-18
18279,36212,online,gold,21345,2025-03-24
18280,36213,online,bronze,22599,2021-08-12
18281,36218,online,bronze,24195,2021-10-05
18282,36218,standard,bronze,19456,2022-08-15
18283,36220,express,bronze,36032,2026-05-19
18284,36221,express,bronze,49166,2026-03-27
18285,36221,flagship,silver,10983,2020-01-21
18286,36226,flagship,bronze,15164,2019-12-26
18287,36227,online,silver,23407,2023-01-22
18288,36227,flagship,gold,1823,2023-07-24
18289,36229,online,platinum,29963,2026-04-06
18290,36230,flagship,bronze,44088,2026-05-18
18291,36232,flagship,silver,6700,2026-03-07
18292,36234,flagship,bronze,5944,2020-08-12
18293,36235,flagship,bronze,23205,2023-03-07
18294,36237,online,bronze,16449,2023-01-06
18295,36239,online,silver,43070,2024-06-18
18296,36239,flagship,silver,35027,2019-12-14
18297,36240,standard,bronze,13485,2023-08-17
18298,36242,online,bronze,42396,2022-12-29
18299,36242,express,gold,20312,2026-06-02
18300,36246,online,gold,5831,2025-10-07
18301,36250,express,bronze,28915,2019-09-23
18302,36256,online,bronze,4859,2022-07-08
18303,36259,online,bronze,26983,2021-10-23
18304,36260,standard,silver,40077,2024-01-11
18305,36264,standard,bronze,16211,2025-03-15
18306,36264,flagship,bronze,31207,2024-01-27
18307,36270,online,platinum,28609,2026-05-23
18308,36271,express,bronze,42461,2020-10-20
18309,36275,online,bronze,41505,2020-05-12
18310,36277,online,silver,22365,2025-02-06
18311,36277,flagship,bronze,34939,2023-01-16
18312,36278,online,bronze,41274,2023-01-26
18313,36280,express,gold,46963,2024-06-09
18314,36282,online,bronze,8438,2021-08-01
18315,36283,online,bronze,25706,2023-03-26
18316,36284,flagship,bronze,11283,2026-01-17
18317,36285,express,silver,5830,2025-06-07
18318,36286,flagship,silver,28677,2023-03-18
18319,36287,standard,bronze,33976,2022-01-12
18320,36288,online,bronze,5449,2020-01-11
18321,36289,standard,bronze,35355,2024-06-02
18322,36289,online,silver,45315,2020-11-29
18323,36291,flagship,gold,18658,2025-10-05
18324,36294,express,silver,42584,2025-12-08
18325,36295,online,bronze,37709,2020-05-17
18326,36296,online,silver,34099,2020-10-08
18327,36298,standard,bronze,22009,2024-07-11
18328,36298,flagship,bronze,46106,2023-04-24
18329,36300,standard,bronze,9281,2022-07-23
18330,36301,flagship,bronze,49724,2022-03-20
18331,36301,online,silver,47084,2020-09-15
18332,36304,flagship,bronze,34185,2020-10-06
18333,36305,flagship,bronze,35313,2021-08-29
18334,36306,flagship,silver,19345,2024-07-27
18335,36307,express,bronze,14180,2021-07-22
18336,36310,express,platinum,18801,2024-06-28
18337,36312,online,gold,18598,2023-10-28
18338,36313,express,bronze,29305,2021-06-04
18339,36314,standard,bronze,33033,2025-12-02
18340,36316,express,gold,49623,2021-08-12
18341,36316,online,silver,28854,2021-02-28
18342,36317,express,bronze,16628,2019-10-19
18343,36317,flagship,silver,19345,2020-11-20
18344,36321,online,silver,49849,2022-07-21
18345,36327,online,silver,19167,2024-09-24
18346,36328,standard,bronze,8430,2020-01-11
18347,36330,online,gold,21379,2021-03-31
18348,36331,online,bronze,43168,2025-03-16
18349,36339,express,bronze,10092,2025-07-29
18350,36343,express,bronze,20999,2020-07-03
18351,36345,flagship,bronze,11358,2024-11-28
18352,36347,flagship,gold,37863,2020-06-01
18353,36348,online,silver,11169,2022-07-16
18354,36349,online,gold,27628,2021-07-08
18355,36349,flagship,platinum,35385,2021-07-15
18356,36352,standard,bronze,23244,2021-09-13
18357,36353,online,gold,19716,2024-02-11
18358,36354,standard,bronze,49328,2025-01-23
18359,36354,online,bronze,39696,2023-04-28
18360,36359,online,bronze,34386,2020-08-24
18361,36360,flagship,bronze,34078,2023-08-13
18362,36361,standard,platinum,40016,2023-03-16
18363,36361,online,silver,31203,2021-12-31
18364,36363,standard,silver,1389,2022-09-06
18365,36364,online,gold,22681,2022-12-19
18366,36368,standard,silver,27982,2022-05-06
18367,36369,flagship,gold,20195,2021-02-12
18368,36370,online,bronze,20605,2024-12-14
18369,36373,standard,silver,3699,2021-01-18
18370,36374,online,bronze,38714,2021-10-05
18371,36376,standard,bronze,45953,2023-06-04
18372,36381,online,bronze,7851,2025-05-09
18373,36383,express,bronze,42621,2024-12-15
18374,36383,flagship,bronze,20165,2025-10-08
18375,36384,flagship,silver,6643,2022-05-11
18376,36384,online,bronze,28529,2021-11-09
18377,36385,online,gold,28294,2020-12-23
18378,36389,standard,bronze,8520,2023-10-11
18379,36390,flagship,bronze,4162,2020-07-31
18380,36393,standard,bronze,12100,2023-02-26
18381,36394,standard,bronze,18618,2019-12-16
18382,36398,express,gold,30173,2023-03-15
18383,36399,standard,silver,25120,2026-04-18
18384,36400,flagship,bronze,47968,2026-05-24
18385,36401,standard,bronze,31753,2026-05-19
18386,36401,express,bronze,29171,2021-05-17
18387,36402,standard,bronze,7219,2021-01-31
18388,36404,standard,silver,7222,2024-09-17
18389,36406,standard,bronze,42122,2022-09-30
18390,36406,online,gold,6022,2019-07-08
18391,36409,online,bronze,44383,2024-01-28
18392,36409,flagship,silver,14415,2026-06-10
18393,36410,standard,bronze,2228,2022-03-25
18394,36412,express,bronze,45969,2019-02-26
18395,36412,flagship,platinum,31062,2020-09-20
18396,36414,standard,bronze,9026,2022-11-09
18397,36415,online,bronze,19676,2026-04-13
18398,36418,flagship,bronze,26529,2025-10-22
18399,36418,express,bronze,15208,2021-04-21
18400,36419,standard,bronze,28762,2022-07-23
18401,36421,online,gold,19276,2023-02-10
18402,36422,express,silver,20591,2020-11-24
18403,36423,flagship,silver,44092,2020-01-24
18404,36424,online,bronze,23222,2023-08-29
18405,36425,online,silver,13088,2019-06-23
18406,36428,express,silver,22923,2020-01-26
18407,36429,standard,bronze,38795,2023-03-17
18408,36430,express,bronze,29950,2020-02-04
18409,36430,online,bronze,36114,2019-05-31
18410,36432,flagship,silver,27145,2024-10-19
18411,36435,online,silver,38914,2024-10-16
18412,36436,standard,bronze,27382,2024-06-28
18413,36438,standard,bronze,31280,2025-10-19
18414,36438,express,gold,20449,2026-01-25
18415,36440,express,bronze,9538,2024-04-23
18416,36441,online,silver,25022,2019-07-23
18417,36444,standard,bronze,35126,2020-11-01
18418,36445,flagship,bronze,40483,2025-01-23
18419,36447,online,platinum,7650,2024-09-14
18420,36448,flagship,bronze,37340,2024-10-27
18421,36450,flagship,silver,39100,2019-10-28
18422,36451,online,silver,39890,2021-07-11
18423,36455,express,gold,2861,2020-09-21
18424,36456,express,bronze,12063,2020-02-02
18425,36458,standard,bronze,7456,2020-02-02
18426,36458,flagship,gold,710,2020-08-08
18427,36459,express,bronze,29059,2026-05-29
18428,36461,flagship,bronze,19765,2024-07-24
18429,36462,express,gold,21473,2021-01-01
18430,36463,online,bronze,6834,2019-09-05
18431,36466,express,silver,28110,2023-03-24
18432,36467,online,silver,12572,2023-09-08
18433,36469,online,gold,39759,2023-05-31
18434,36469,express,bronze,114,2019-05-09
18435,36470,express,bronze,47638,2019-10-22
18436,36471,standard,silver,40579,2025-01-02
18437,36472,online,silver,6826,2019-09-27
18438,36473,standard,silver,21082,2021-06-22
18439,36475,standard,bronze,48032,2021-06-22
18440,36476,online,bronze,49859,2022-11-29
18441,36480,standard,bronze,27042,2020-02-21
18442,36482,flagship,silver,31741,2024-08-30
18443,36484,online,gold,30989,2019-08-08
18444,36486,online,silver,1880,2023-12-15
18445,36486,flagship,bronze,8834,2024-08-20
18446,36488,standard,gold,13717,2020-12-02
18447,36490,online,bronze,8722,2021-10-20
18448,36490,express,bronze,28168,2025-03-17
18449,36492,online,silver,5698,2019-12-12
18450,36495,online,gold,42501,2019-12-15
18451,36498,express,gold,40180,2023-08-18
18452,36500,flagship,bronze,45030,2021-12-17
18453,36500,express,silver,21953,2026-03-12
18454,36502,standard,gold,18824,2021-05-28
18455,36503,online,silver,49365,2019-11-06
18456,36504,flagship,silver,15705,2023-07-22
18457,36505,flagship,bronze,23610,2019-10-24
18458,36508,online,silver,20772,2025-02-25
18459,36510,standard,bronze,39333,2019-11-16
18460,36516,flagship,bronze,41596,2023-02-09
18461,36516,online,bronze,7248,2022-03-20
18462,36519,standard,bronze,16155,2019-03-31
18463,36521,online,bronze,6414,2020-12-25
18464,36522,express,bronze,17515,2019-06-11
18465,36525,online,bronze,19159,2025-03-24
18466,36527,online,silver,36941,2022-05-18
18467,36527,standard,bronze,25261,2020-01-25
18468,36530,online,bronze,39118,2022-01-24
18469,36531,standard,silver,17439,2019-04-05
18470,36534,flagship,gold,34364,2024-08-25
18471,36539,express,silver,26133,2024-04-24
18472,36539,online,silver,37215,2023-05-03
18473,36541,flagship,silver,20896,2023-09-27
18474,36542,standard,bronze,18195,2019-10-20
18475,36544,online,bronze,20909,2023-08-03
18476,36548,online,silver,2605,2025-09-03
18477,36549,flagship,gold,37502,2019-07-01
18478,36554,online,silver,42067,2020-05-13
18479,36557,flagship,silver,45995,2024-11-07
18480,36558,online,silver,334,2026-02-12
18481,36558,standard,silver,23825,2019-04-04
18482,36559,online,bronze,49248,2022-06-25
18483,36560,flagship,bronze,3721,2026-01-12
18484,36562,express,bronze,41776,2026-01-21
18485,36563,online,silver,1517,2021-07-23
18486,36564,flagship,gold,13922,2026-03-23
18487,36565,flagship,silver,24803,2021-04-15
18488,36566,online,silver,16675,2023-09-05
18489,36567,standard,bronze,13014,2021-03-22
18490,36569,express,bronze,24604,2021-03-29
18491,36571,online,bronze,22132,2022-03-08
18492,36575,standard,bronze,3177,2026-02-28
18493,36579,flagship,bronze,22048,2022-11-17
18494,36580,standard,silver,44587,2022-11-09
18495,36582,standard,bronze,15116,2025-04-26
18496,36584,online,silver,18425,2025-02-02
18497,36585,express,bronze,19921,2020-08-16
18498,36587,flagship,silver,33371,2020-03-17
18499,36587,express,silver,14996,2021-06-24
18500,36590,flagship,bronze,49405,2025-03-29
18501,36592,online,bronze,2005,2020-03-12
18502,36597,standard,silver,15745,2021-07-17
18503,36598,express,bronze,45737,2023-06-13
18504,36598,online,gold,32869,2023-09-10
18505,36603,online,bronze,2630,2020-12-30
18506,36604,standard,bronze,25099,2024-04-27
18507,36605,flagship,bronze,29100,2022-11-07
18508,36606,online,bronze,30305,2023-07-28
18509,36607,standard,silver,11343,2024-05-04
18510,36608,express,silver,42554,2023-02-05
18511,36610,express,bronze,10927,2024-12-30
18512,36610,standard,gold,21935,2024-04-19
18513,36611,online,bronze,27212,2025-07-24
18514,36613,flagship,gold,43072,2022-03-20
18515,36613,standard,silver,48778,2019-09-08
18516,36614,standard,bronze,12752,2025-02-09
18517,36615,flagship,silver,7662,2024-03-11
18518,36617,standard,bronze,5137,2022-12-17
18519,36618,flagship,bronze,25963,2020-09-09
18520,36619,flagship,bronze,21755,2024-05-01
18521,36621,online,silver,39876,2020-03-12
18522,36621,express,bronze,23935,2024-02-02
18523,36623,online,bronze,26317,2024-02-04
18524,36623,standard,gold,9161,2026-04-27
18525,36628,express,bronze,12790,2024-11-20
18526,36632,online,silver,32457,2026-03-15
18527,36639,online,silver,9130,2019-11-10
18528,36643,express,bronze,47940,2026-03-11
18529,36646,flagship,platinum,41544,2024-10-16
18530,36647,express,gold,9433,2021-12-10
18531,36653,standard,bronze,12499,2026-06-24
18532,36654,standard,bronze,40216,2026-02-05
18533,36655,online,silver,32005,2024-07-30
18534,36656,standard,bronze,48980,2023-12-20
18535,36658,flagship,gold,7618,2020-11-18
18536,36658,standard,bronze,15790,2023-01-31
18537,36667,online,bronze,12700,2026-02-13
18538,36673,standard,platinum,34802,2020-05-01
18539,36674,express,bronze,9335,2023-12-19
18540,36676,online,silver,45488,2024-08-23
18541,36677,flagship,bronze,43701,2022-06-01
18542,36678,standard,bronze,30246,2023-05-03
18543,36679,standard,platinum,1214,2021-06-30
18544,36680,standard,silver,45633,2021-07-14
18545,36680,online,silver,28114,2019-05-06
18546,36681,express,silver,26037,2024-08-19
18547,36682,standard,bronze,49288,2022-03-08
18548,36684,standard,silver,38673,2021-09-29
18549,36686,standard,bronze,47911,2022-04-03
18550,36686,express,silver,46709,2021-12-22
18551,36687,express,silver,42594,2025-05-22
18552,36689,standard,silver,26012,2021-06-23
18553,36690,online,silver,10280,2023-10-11
18554,36693,online,gold,15349,2025-10-26
18555,36694,flagship,platinum,1244,2023-09-07
18556,36695,flagship,silver,8214,2021-03-08
18557,36696,standard,bronze,15170,2020-10-25
18558,36698,flagship,silver,31396,2021-03-26
18559,36699,online,bronze,30397,2025-08-26
18560,36700,online,gold,35688,2020-01-13
18561,36701,standard,bronze,20892,2019-12-24
18562,36704,online,bronze,30862,2025-11-16
18563,36705,express,bronze,37549,2021-06-12
18564,36710,standard,bronze,30970,2021-05-20
18565,36712,express,bronze,48778,2023-08-27
18566,36716,standard,bronze,30744,2020-08-23
18567,36719,flagship,bronze,5081,2025-12-26
18568,36719,express,bronze,38657,2022-01-21
18569,36721,online,bronze,46050,2022-03-13
18570,36724,online,bronze,5168,2021-03-26
18571,36725,flagship,bronze,30866,2020-03-22
18572,36725,online,silver,32995,2020-02-26
18573,36726,standard,gold,14066,2019-02-12
18574,36727,online,silver,45981,2020-10-28
18575,36728,express,bronze,9074,2020-09-04
18576,36730,online,bronze,34662,2025-03-16
18577,36731,flagship,bronze,4673,2020-08-28
18578,36732,express,silver,2569,2024-04-08
18579,36733,standard,gold,32490,2022-04-26
18580,36737,standard,silver,2,2024-03-19
18581,36738,express,bronze,47722,2024-06-30
18582,36739,flagship,bronze,7554,2021-12-23
18583,36741,flagship,bronze,24535,2024-10-15
18584,36748,express,silver,35424,2020-10-20
18585,36749,express,platinum,21423,2023-08-09
18586,36751,express,bronze,37512,2022-09-09
18587,36752,flagship,bronze,24922,2025-09-25
18588,36753,express,gold,26058,2023-05-10
18589,36754,standard,silver,27970,2024-03-10
18590,36755,standard,bronze,28908,2026-02-14
18591,36755,online,gold,38900,2023-03-31
18592,36761,standard,gold,31370,2023-02-22
18593,36763,online,bronze,45689,2023-10-15
18594,36764,express,bronze,21106,2023-12-21
18595,36766,standard,bronze,44360,2020-05-30
18596,36773,online,bronze,5106,2025-05-04
18597,36777,online,gold,37376,2019-02-19
18598,36777,express,silver,46312,2025-11-25
18599,36784,flagship,bronze,44861,2025-01-11
18600,36784,standard,silver,12046,2022-03-16
18601,36791,flagship,silver,23553,2020-01-09
18602,36794,express,bronze,2698,2020-04-13
18603,36795,express,bronze,15634,2021-06-24
18604,36796,online,gold,36591,2022-03-23
18605,36800,express,bronze,37399,2019-04-22
18606,36801,online,gold,33878,2020-05-07
18607,36803,flagship,bronze,29209,2024-07-26
18608,36804,flagship,bronze,34183,2022-06-14
18609,36804,express,silver,49602,2020-11-25
18610,36805,standard,silver,37174,2023-12-21
18611,36807,flagship,bronze,23308,2020-08-04
18612,36809,flagship,silver,23888,2022-04-16
18613,36809,online,silver,6939,2020-01-30
18614,36814,flagship,silver,24265,2023-10-06
18615,36818,flagship,gold,36888,2025-03-22
18616,36818,express,bronze,40016,2020-06-26
18617,36821,standard,silver,3682,2026-04-11
18618,36824,express,bronze,34970,2026-06-21
18619,36826,express,bronze,6652,2022-04-08
18620,36828,flagship,silver,33777,2024-09-23
18621,36831,online,silver,13239,2021-12-05
18622,36831,standard,silver,24896,2019-04-12
18623,36832,flagship,bronze,35443,2019-07-24
18624,36835,online,gold,8402,2020-08-21
18625,36838,online,silver,38780,2020-04-16
18626,36839,express,bronze,48248,2021-02-19
18627,36840,express,silver,31731,2021-06-09
18628,36841,online,bronze,29544,2023-03-04
18629,36845,online,bronze,36979,2019-11-14
18630,36846,standard,silver,12735,2021-12-23
18631,36852,standard,bronze,20843,2022-12-01
18632,36852,flagship,bronze,24507,2020-07-11
18633,36853,online,bronze,45222,2025-03-08
18634,36854,express,silver,34861,2019-04-22
18635,36855,standard,bronze,22688,2023-11-28
18636,36857,express,silver,13564,2021-11-06
18637,36862,flagship,silver,37179,2024-12-06
18638,36865,flagship,silver,16299,2021-04-11
18639,36869,flagship,bronze,40800,2024-10-03
18640,36869,express,bronze,27454,2019-07-23
18641,36872,standard,bronze,39888,2019-10-06
18642,36875,express,bronze,15911,2024-04-17
18643,36876,express,bronze,25997,2025-04-06
18644,36877,express,silver,9913,2026-03-14
18645,36877,online,silver,48075,2019-01-03
18646,36882,express,bronze,36657,2022-06-06
18647,36883,standard,gold,31602,2025-08-15
18648,36885,standard,bronze,15848,2019-03-08
18649,36886,online,silver,46907,2021-04-23
18650,36887,flagship,bronze,48678,2020-05-01
18651,36890,flagship,bronze,36178,2021-01-19
18652,36890,standard,gold,8422,2019-08-02
18653,36893,express,silver,24002,2024-02-11
18654,36894,flagship,platinum,1876,2023-01-10
18655,36895,online,silver,16545,2025-05-05
18656,36899,express,gold,18366,2021-08-27
18657,36901,flagship,bronze,41615,2020-12-16
18658,36902,online,platinum,26239,2020-01-06
18659,36906,standard,bronze,30991,2021-08-31
18660,36914,flagship,bronze,30670,2022-04-03
18661,36920,express,bronze,25825,2022-02-15
18662,36921,standard,bronze,41154,2019-03-31
18663,36922,online,gold,4708,2023-03-11
18664,36923,express,silver,12529,2025-10-24
18665,36927,express,bronze,31748,2023-05-12
18666,36928,flagship,bronze,11007,2025-07-16
18667,36931,online,bronze,26684,2025-11-06
18668,36932,flagship,bronze,2405,2025-05-11
18669,36933,standard,gold,40150,2025-11-28
18670,36934,online,bronze,23283,2019-07-10
18671,36935,flagship,silver,29835,2020-10-27
18672,36938,standard,bronze,17347,2026-02-06
18673,36941,flagship,bronze,12028,2020-09-29
18674,36945,standard,silver,21516,2023-04-24
18675,36946,express,bronze,2776,2020-07-13
18676,36946,online,bronze,5855,2022-03-17
18677,36947,online,silver,25878,2020-09-11
18678,36949,express,bronze,24746,2022-06-05
18679,36950,standard,silver,3555,2025-04-20
18680,36951,flagship,bronze,13986,2021-04-17
18681,36952,flagship,bronze,49580,2021-01-03
18682,36953,online,bronze,11963,2026-02-06
18683,36959,standard,bronze,17206,2023-10-06
18684,36961,online,bronze,26587,2022-05-29
18685,36962,standard,silver,36664,2025-11-13
18686,36962,online,silver,6383,2024-07-03
18687,36963,standard,silver,5819,2019-02-02
18688,36968,flagship,bronze,16553,2022-11-13
18689,36969,online,bronze,46971,2020-02-23
18690,36969,express,gold,26974,2023-10-20
18691,36971,standard,silver,14457,2025-12-18
18692,36973,online,bronze,43120,2025-04-03
18693,36974,standard,silver,31393,2019-11-09
18694,36976,online,gold,3626,2024-02-03
18695,36977,express,silver,1863,2022-05-25
18696,36977,online,silver,33428,2024-09-20
18697,36978,flagship,bronze,47987,2019-08-24
18698,36979,express,silver,34615,2020-12-28
18699,36985,online,silver,49302,2019-04-29
18700,36991,flagship,bronze,37876,2021-10-13
18701,37000,flagship,gold,7097,2021-04-21
18702,37004,standard,bronze,43260,2023-03-18
18703,37008,standard,bronze,11411,2022-06-19
18704,37009,express,silver,29860,2019-04-25
18705,37011,flagship,bronze,37359,2022-12-27
18706,37012,express,silver,16792,2024-04-12
18707,37014,flagship,bronze,8264,2021-10-19
18708,37015,express,bronze,11864,2025-04-26
18709,37019,standard,bronze,33065,2023-09-15
18710,37023,flagship,silver,34431,2022-04-21
18711,37025,online,bronze,38355,2022-10-17
18712,37032,flagship,bronze,10933,2020-11-05
18713,37033,flagship,bronze,14287,2020-09-09
18714,37033,standard,bronze,2375,2020-08-08
18715,37037,standard,bronze,40034,2025-09-10
18716,37038,online,bronze,32585,2021-03-21
18717,37041,express,silver,41825,2022-07-09
18718,37041,flagship,bronze,26044,2025-04-09
18719,37042,express,gold,20907,2021-09-28
18720,37043,standard,platinum,361,2024-03-28
18721,37044,standard,bronze,27571,2025-04-29
18722,37044,online,silver,42985,2025-04-20
18723,37045,standard,bronze,31312,2022-03-26
18724,37047,standard,silver,43816,2026-04-23
18725,37048,standard,silver,42320,2025-08-31
18726,37048,online,bronze,22981,2022-03-23
18727,37051,standard,silver,36573,2020-08-10
18728,37055,flagship,gold,7733,2020-03-29
18729,37056,express,silver,5889,2020-07-29
18730,37057,express,gold,48666,2020-10-24
18731,37057,flagship,bronze,4546,2024-11-03
18732,37058,express,bronze,424,2022-01-25
18733,37059,standard,silver,3589,2019-12-21
18734,37059,express,bronze,42817,2019-03-28
18735,37062,flagship,bronze,521,2026-03-04
18736,37063,flagship,bronze,17990,2024-06-19
18737,37063,express,platinum,32794,2019-09-12
18738,37065,flagship,silver,1630,2019-10-09
18739,37066,flagship,bronze,3702,2019-05-03
18740,37068,express,silver,30390,2022-09-20
18741,37070,online,bronze,9832,2025-12-21
18742,37071,express,silver,3542,2023-06-08
18743,37072,standard,bronze,13439,2020-04-11
18744,37072,express,bronze,45948,2024-01-05
18745,37076,standard,bronze,9210,2023-12-26
18746,37077,flagship,bronze,30842,2019-07-05
18747,37079,express,bronze,8917,2023-05-19
18748,37080,standard,gold,13661,2020-08-06
18749,37088,flagship,platinum,32986,2023-04-26
18750,37090,flagship,silver,32232,2019-11-02
18751,37091,flagship,bronze,22530,2019-02-19
18752,37091,express,bronze,1785,2022-08-03
18753,37095,online,gold,37134,2021-12-29
18754,37096,express,bronze,3373,2023-08-05
18755,37097,standard,bronze,20482,2019-01-14
18756,37099,online,gold,4723,2022-05-14
18757,37100,flagship,bronze,28340,2021-07-09
18758,37100,standard,platinum,48895,2019-01-14
18759,37102,standard,silver,32842,2024-10-30
18760,37105,flagship,bronze,49515,2026-04-17
18761,37107,online,bronze,38296,2021-03-16
18762,37109,online,bronze,34221,2025-08-31
18763,37110,flagship,silver,41754,2022-09-24
18764,37115,express,bronze,36747,2026-01-04
18765,37116,flagship,bronze,47269,2021-03-30
18766,37117,flagship,bronze,17669,2025-10-05
18767,37120,flagship,gold,9973,2020-06-21
18768,37121,express,silver,25830,2019-01-21
18769,37123,flagship,bronze,26346,2025-10-12
18770,37126,standard,platinum,39462,2025-01-11
18771,37128,express,silver,23565,2022-01-07
18772,37128,standard,bronze,40668,2022-10-15
18773,37129,express,bronze,11910,2024-07-07
18774,37135,standard,silver,17434,2025-11-02
18775,37136,flagship,bronze,46467,2022-02-02
18776,37137,flagship,platinum,15713,2025-08-04
18777,37142,express,bronze,29462,2021-11-07
18778,37143,online,silver,12936,2026-05-23
18779,37143,flagship,bronze,39319,2025-10-12
18780,37148,flagship,silver,16070,2021-05-21
18781,37151,online,bronze,7173,2023-09-25
18782,37154,flagship,bronze,21425,2023-10-15
18783,37157,standard,bronze,41171,2025-03-24
18784,37160,flagship,silver,9531,2019-05-27
18785,37161,standard,bronze,43352,2023-05-16
18786,37161,flagship,silver,7028,2025-12-04
18787,37166,standard,bronze,10602,2020-07-13
18788,37167,flagship,bronze,37032,2025-05-15
18789,37169,flagship,bronze,7750,2020-11-07
18790,37170,online,bronze,17529,2025-05-27
18791,37175,online,bronze,6995,2023-12-25
18792,37176,online,bronze,44045,2022-10-02
18793,37177,express,bronze,20702,2021-09-30
18794,37177,online,platinum,33437,2019-07-11
18795,37179,express,bronze,40169,2023-12-07
18796,37179,flagship,gold,4756,2024-10-06
18797,37180,flagship,bronze,46466,2025-08-24
18798,37182,express,bronze,21428,2019-04-25
18799,37185,standard,bronze,36813,2023-03-10
18800,37187,flagship,silver,8997,2020-12-24
18801,37194,express,bronze,17821,2020-11-28
18802,37194,flagship,bronze,36938,2023-08-02
18803,37196,express,bronze,1562,2021-02-10
18804,37197,online,bronze,24742,2022-08-13
18805,37199,express,bronze,13697,2020-07-16
18806,37202,online,silver,13885,2021-12-18
18807,37207,online,bronze,44260,2020-08-08
18808,37209,express,bronze,44761,2025-09-17
18809,37210,online,bronze,33826,2022-04-13
18810,37213,flagship,bronze,28592,2019-02-26
18811,37219,flagship,bronze,23264,2020-03-05
18812,37221,flagship,bronze,24644,2024-03-22
18813,37221,online,bronze,10385,2019-12-02
18814,37222,standard,gold,29294,2024-04-13
18815,37225,online,silver,30209,2024-05-28
18816,37228,flagship,bronze,46579,2020-04-01
18817,37229,online,silver,41758,2023-06-23
18818,37233,express,gold,24282,2020-02-04
18819,37235,express,gold,43144,2021-02-25
18820,37236,standard,silver,30274,2022-02-20
18821,37238,flagship,silver,19654,2025-08-03
18822,37239,online,silver,47950,2025-05-15
18823,37242,flagship,bronze,47296,2021-10-04
18824,37242,online,bronze,35176,2024-10-13
18825,37243,flagship,silver,33227,2024-04-21
18826,37245,flagship,gold,21900,2024-11-12
18827,37247,standard,bronze,41383,2025-12-01
18828,37252,standard,bronze,2716,2024-01-02
18829,37252,express,silver,30911,2020-04-05
18830,37255,express,platinum,22829,2022-10-13
18831,37255,flagship,gold,28279,2022-10-21
18832,37257,express,bronze,30273,2022-04-26
18833,37259,express,bronze,28005,2025-09-26
18834,37260,standard,silver,38302,2023-08-31
18835,37263,standard,bronze,6541,2024-03-16
18836,37264,flagship,bronze,1498,2022-05-28
18837,37265,standard,bronze,39607,2023-10-20
18838,37266,express,silver,46296,2020-11-16
18839,37267,online,bronze,47920,2022-09-27
18840,37268,standard,bronze,6210,2024-07-20
18841,37268,flagship,bronze,29536,2022-07-20
18842,37270,standard,silver,42167,2022-06-04
18843,37271,express,gold,49948,2022-11-03
18844,37274,express,silver,29029,2020-02-27
18845,37275,express,bronze,48626,2023-10-07
18846,37276,online,bronze,42214,2022-04-14
18847,37277,standard,bronze,49846,2025-11-01
18848,37278,express,silver,30149,2021-03-29
18849,37280,standard,silver,31435,2023-02-20
18850,37282,online,bronze,1854,2025-01-14
18851,37283,express,bronze,9986,2020-09-29
18852,37285,standard,bronze,20652,2022-11-20
18853,37288,online,bronze,36414,2019-02-09
18854,37288,express,bronze,12860,2021-09-23
18855,37291,flagship,silver,592,2021-12-24
18856,37294,express,bronze,8232,2024-04-09
18857,37294,online,bronze,7450,2023-12-17
18858,37296,standard,bronze,32653,2019-06-07
18859,37298,standard,silver,17481,2026-04-05
18860,37299,online,bronze,14488,2021-02-06
18861,37299,standard,silver,47492,2021-01-05
18862,37301,flagship,silver,27058,2023-01-03
18863,37303,express,silver,27715,2022-02-15
18864,37305,flagship,platinum,26411,2025-10-07
18865,37306,express,silver,27837,2025-02-08
18866,37308,express,silver,35494,2023-11-25
18867,37308,flagship,bronze,37396,2020-09-06
18868,37313,online,silver,48122,2025-10-07
18869,37314,standard,gold,12105,2024-06-15
18870,37315,flagship,bronze,5727,2023-11-17
18871,37316,online,silver,47380,2021-03-13
18872,37321,express,bronze,4349,2024-06-07
18873,37322,standard,gold,41018,2019-07-31
18874,37323,express,gold,3827,2020-05-28
18875,37327,standard,silver,39189,2021-09-29
18876,37332,express,bronze,43133,2024-03-06
18877,37335,standard,gold,48710,2019-08-25
18878,37336,flagship,bronze,30552,2026-04-21
18879,37337,flagship,bronze,31085,2021-12-20
18880,37339,express,silver,4993,2019-08-26
18881,37341,express,bronze,23364,2025-03-28
18882,37342,flagship,silver,21324,2021-02-19
18883,37342,express,bronze,17764,2019-02-05
18884,37344,flagship,gold,17633,2026-05-15
18885,37346,online,bronze,45520,2020-05-11
18886,37348,standard,gold,943,2023-11-04
18887,37349,express,bronze,25962,2024-06-23
18888,37350,standard,bronze,28010,2019-10-16
18889,37351,standard,gold,3371,2026-05-06
18890,37352,standard,bronze,31187,2021-07-10
18891,37352,online,bronze,15085,2019-03-31
18892,37357,online,silver,31893,2024-08-04
18893,37360,online,bronze,28172,2024-11-06
18894,37362,standard,bronze,17792,2019-06-06
18895,37363,online,bronze,37861,2024-03-24
18896,37365,flagship,gold,6586,2020-07-12
18897,37368,online,bronze,13496,2024-09-06
18898,37371,online,bronze,15341,2023-05-25
18899,37373,flagship,platinum,21348,2022-02-07
18900,37375,express,silver,36619,2020-02-09
18901,37376,standard,gold,17199,2021-04-30
18902,37382,flagship,silver,14934,2023-10-18
18903,37383,online,bronze,26902,2023-02-04
18904,37384,online,silver,21294,2020-10-18
18905,37385,online,silver,19232,2022-09-02
18906,37386,express,bronze,33397,2021-01-05
18907,37389,flagship,platinum,8209,2025-08-27
18908,37390,express,bronze,27485,2023-11-07
18909,37391,online,bronze,45570,2026-05-16
18910,37395,express,silver,17297,2025-07-27
18911,37396,online,silver,24994,2020-10-13
18912,37399,express,silver,46885,2020-10-19
18913,37400,flagship,silver,49885,2022-07-27
18914,37402,online,bronze,11333,2024-05-08
18915,37409,express,bronze,24269,2023-09-10
18916,37411,express,silver,27466,2024-01-27
18917,37411,flagship,bronze,13621,2022-07-23
18918,37414,flagship,bronze,9972,2025-07-11
18919,37418,standard,bronze,31035,2019-10-23
18920,37420,online,bronze,32348,2020-11-01
18921,37421,express,bronze,40279,2020-08-18
18922,37422,online,silver,2539,2025-06-17
18923,37425,online,gold,44619,2020-09-19
18924,37426,express,platinum,25744,2026-03-05
18925,37428,online,bronze,30108,2020-01-05
18926,37430,flagship,bronze,40536,2021-12-15
18927,37432,standard,silver,32236,2020-11-05
18928,37436,standard,bronze,38123,2021-12-04
18929,37438,standard,bronze,22319,2025-04-19
18930,37439,flagship,silver,5775,2020-02-14
18931,37439,online,bronze,5208,2024-10-27
18932,37444,flagship,bronze,14888,2021-11-13
18933,37445,express,bronze,31744,2025-10-15
18934,37447,express,silver,42440,2020-06-25
18935,37447,flagship,silver,11797,2023-11-27
18936,37448,online,bronze,29012,2019-01-03
18937,37449,flagship,bronze,9633,2025-11-28
18938,37452,express,bronze,11730,2026-02-14
18939,37452,standard,gold,43239,2024-10-07
18940,37453,standard,bronze,26966,2021-01-17
18941,37456,online,bronze,10277,2025-01-01
18942,37457,flagship,gold,11891,2020-02-09
18943,37458,standard,silver,8388,2025-05-03
18944,37460,express,platinum,17189,2020-11-07
18945,37462,standard,bronze,39035,2024-05-30
18946,37463,standard,bronze,24086,2021-04-27
18947,37465,online,bronze,11841,2023-12-15
18948,37466,express,bronze,38436,2024-02-24
18949,37467,express,bronze,19084,2019-03-28
18950,37468,standard,platinum,1030,2022-04-13
18951,37469,standard,bronze,36136,2019-07-12
18952,37475,online,bronze,26121,2020-12-27
18953,37476,standard,bronze,26675,2020-01-03
18954,37476,express,bronze,11629,2024-05-22
18955,37477,standard,silver,19663,2022-08-14
18956,37481,standard,silver,12033,2023-04-06
18957,37483,online,bronze,36092,2024-06-03
18958,37485,flagship,bronze,22746,2024-06-11
18959,37489,express,silver,14677,2023-08-22
18960,37490,flagship,bronze,13407,2021-04-02
18961,37492,online,bronze,19794,2020-01-12
18962,37493,online,silver,20147,2020-12-06
18963,37494,standard,gold,29709,2023-09-30
18964,37494,online,bronze,29444,2022-11-18
18965,37496,flagship,bronze,46547,2019-12-17
18966,37499,online,bronze,41534,2024-05-18
18967,37500,flagship,silver,38360,2025-09-21
18968,37501,online,silver,24658,2021-10-21
18969,37503,standard,bronze,41928,2022-08-09
18970,37505,online,silver,1800,2024-09-16
18971,37510,express,bronze,840,2022-07-11
18972,37512,standard,bronze,2718,2025-07-01
18973,37512,flagship,bronze,30017,2022-11-09
18974,37516,standard,gold,1620,2021-07-02
18975,37517,flagship,gold,35616,2026-04-11
18976,37521,online,silver,17489,2021-09-28
18977,37524,express,bronze,16976,2025-07-16
18978,37526,flagship,gold,22356,2024-01-13
18979,37529,express,gold,23833,2020-02-22
18980,37529,online,gold,47105,2024-05-08
18981,37532,express,gold,46473,2026-03-14
18982,37532,standard,bronze,29874,2019-12-07
18983,37533,flagship,silver,37198,2023-08-17
18984,37533,standard,gold,29033,2022-02-11
18985,37534,flagship,bronze,24383,2020-04-21
18986,37535,standard,bronze,37756,2020-05-09
18987,37539,standard,bronze,39873,2019-07-18
18988,37540,flagship,bronze,1660,2022-03-01
18989,37541,online,silver,6964,2020-03-28
18990,37542,express,bronze,28890,2019-02-04
18991,37544,online,silver,3037,2024-09-30
18992,37545,online,silver,28747,2020-11-24
18993,37549,express,gold,47172,2023-12-17
18994,37551,standard,gold,132,2019-12-07
18995,37557,express,bronze,38848,2026-01-29
18996,37559,flagship,bronze,38081,2022-04-27
18997,37561,express,gold,22916,2020-04-13
18998,37563,online,bronze,998,2022-12-02
18999,37564,flagship,gold,41132,2024-09-09
19000,37566,online,bronze,20478,2022-01-18
19001,37569,express,silver,20792,2020-05-22
19002,37571,flagship,silver,15804,2022-01-25
19003,37572,express,bronze,41879,2024-08-01
19004,37574,express,bronze,40211,2021-05-14
19005,37575,standard,gold,28501,2021-06-26
19006,37578,online,bronze,23234,2021-05-19
19007,37580,flagship,bronze,47563,2024-03-03
19008,37582,express,bronze,45878,2020-07-11
19009,37583,flagship,bronze,37366,2022-12-01
19010,37587,flagship,silver,9695,2023-10-06
19011,37590,online,silver,14489,2023-05-28
19012,37594,standard,silver,37448,2020-03-21
19013,37595,online,bronze,27756,2025-09-12
19014,37598,standard,bronze,28446,2025-05-29
19015,37599,online,gold,4198,2022-10-02
19016,37599,standard,bronze,40412,2024-05-26
19017,37600,express,bronze,37127,2024-02-01
19018,37601,standard,silver,26356,2021-02-10
19019,37602,express,silver,42077,2024-03-07
19020,37611,online,bronze,35845,2024-04-30
19021,37613,standard,bronze,24419,2024-02-15
19022,37615,express,bronze,49786,2025-09-11
19023,37615,online,bronze,22426,2020-07-27
19024,37616,express,bronze,3997,2025-06-13
19025,37617,express,bronze,6422,2025-05-17
19026,37618,standard,bronze,14774,2025-09-07
19027,37619,express,bronze,35376,2022-08-20
19028,37619,flagship,silver,24921,2024-12-02
19029,37621,standard,gold,25386,2021-09-29
19030,37632,online,silver,2777,2020-02-10
19031,37632,express,bronze,39286,2023-10-31
19032,37633,flagship,bronze,16581,2021-01-01
19033,37634,online,bronze,29076,2021-08-31
19034,37634,standard,silver,21748,2021-03-02
19035,37635,express,silver,2473,2024-08-19
19036,37637,flagship,silver,23545,2024-02-09
19037,37638,flagship,silver,16346,2023-10-12
19038,37641,online,bronze,40913,2020-05-17
19039,37643,online,silver,33840,2020-12-29
19040,37645,express,silver,13135,2019-08-20
19041,37647,flagship,bronze,263,2025-08-29
19042,37648,standard,bronze,26993,2022-07-02
19043,37650,express,silver,47348,2023-11-28
19044,37651,online,gold,2239,2026-06-07
19045,37653,flagship,silver,19264,2026-05-21
19046,37657,flagship,bronze,9256,2023-11-04
19047,37658,flagship,platinum,17699,2024-10-06
19048,37658,standard,silver,17036,2021-01-07
19049,37659,express,silver,33627,2023-01-02
19050,37661,online,silver,11505,2023-10-24
19051,37662,flagship,silver,42495,2025-03-11
19052,37664,online,bronze,49911,2026-05-12
19053,37665,flagship,silver,49263,2023-09-02
19054,37669,express,gold,33929,2019-07-08
19055,37672,flagship,bronze,27254,2026-01-03
19056,37674,online,gold,15140,2023-05-12
19057,37677,flagship,silver,39426,2022-02-07
19058,37677,online,bronze,10557,2023-08-17
19059,37678,standard,silver,43,2025-12-31
19060,37681,online,bronze,46763,2024-06-26
19061,37686,flagship,platinum,18849,2019-01-29
19062,37686,standard,bronze,17096,2025-05-25
19063,37687,online,bronze,28411,2023-07-27
19064,37693,express,silver,9707,2024-06-21
19065,37695,online,silver,30451,2025-08-11
19066,37696,online,bronze,24726,2022-12-24
19067,37697,flagship,bronze,12334,2021-08-31
19068,37698,flagship,bronze,38010,2019-08-11
19069,37699,flagship,bronze,20925,2024-03-31
19070,37702,express,bronze,38128,2019-01-09
19071,37702,online,silver,22137,2022-05-10
19072,37703,standard,bronze,41989,2023-05-22
19073,37704,online,bronze,14670,2019-05-22
19074,37706,flagship,bronze,27835,2024-08-25
19075,37707,flagship,bronze,25814,2020-10-06
19076,37708,standard,bronze,33381,2020-01-12
19077,37709,online,silver,9650,2023-09-16
19078,37712,flagship,silver,4674,2022-06-20
19079,37713,flagship,bronze,30326,2025-03-13
19080,37715,online,platinum,44049,2023-12-16
19081,37716,standard,bronze,30888,2024-06-18
19082,37717,flagship,bronze,44273,2025-07-16
19083,37720,online,gold,41530,2025-11-14
19084,37724,flagship,bronze,3869,2020-04-15
19085,37725,standard,silver,26203,2022-07-09
19086,37727,express,bronze,14370,2023-01-01
19087,37730,online,bronze,23079,2022-04-08
19088,37736,standard,bronze,2034,2024-10-12
19089,37738,online,bronze,20639,2019-12-30
19090,37740,standard,silver,23077,2019-05-25
19091,37741,standard,bronze,32332,2019-11-27
19092,37743,flagship,silver,6159,2019-11-26
19093,37746,standard,bronze,8511,2024-12-22
19094,37747,express,bronze,15760,2025-02-14
19095,37753,express,gold,7005,2025-03-02
19096,37755,express,silver,46,2022-06-06
19097,37756,express,bronze,46987,2019-02-20
19098,37759,online,silver,15442,2023-10-03
19099,37761,express,silver,1590,2019-02-05
19100,37762,flagship,gold,2149,2025-02-18
19101,37763,express,platinum,42596,2019-01-11
19102,37763,standard,bronze,45523,2020-01-06
19103,37764,standard,silver,5336,2025-02-24
19104,37768,flagship,bronze,25081,2021-12-16
19105,37771,flagship,silver,34593,2025-04-11
19106,37772,flagship,gold,35213,2024-11-11
19107,37772,standard,silver,32961,2026-01-21
19108,37775,standard,gold,43261,2025-08-14
19109,37782,flagship,silver,39063,2025-06-30
19110,37784,flagship,bronze,26756,2022-06-27
19111,37784,online,silver,8085,2020-08-06
19112,37785,online,bronze,13576,2019-03-25
19113,37785,standard,silver,38766,2021-12-19
19114,37788,express,bronze,18119,2019-08-22
19115,37789,online,silver,17502,2021-09-08
19116,37789,express,platinum,26708,2023-09-27
19117,37790,online,silver,47140,2025-02-28
19118,37793,express,bronze,23522,2019-09-30
19119,37794,standard,gold,363,2023-04-08
19120,37794,online,gold,26563,2020-04-29
19121,37802,online,platinum,9936,2019-01-06
19122,37805,standard,silver,26429,2020-12-29
19123,37806,standard,bronze,7114,2024-01-01
19124,37807,flagship,bronze,32706,2020-10-05
19125,37809,standard,silver,28003,2023-05-23
19126,37810,express,silver,41398,2019-01-11
19127,37811,flagship,bronze,47106,2019-02-13
19128,37814,standard,silver,1371,2022-08-16
19129,37815,flagship,platinum,23333,2020-01-09
19130,37816,express,bronze,39246,2020-11-13
19131,37820,express,bronze,38133,2020-11-09
19132,37820,online,gold,22381,2020-03-03
19133,37826,standard,gold,4576,2019-02-27
19134,37828,standard,silver,22556,2020-12-22
19135,37829,online,silver,32198,2020-08-16
19136,37831,express,silver,16586,2019-11-30
19137,37831,flagship,bronze,39156,2023-01-21
19138,37834,flagship,bronze,8365,2019-01-01
19139,37835,express,bronze,31772,2019-02-04
19140,37838,flagship,bronze,11587,2024-11-15
19141,37843,online,silver,48028,2026-01-06
19142,37847,flagship,bronze,28832,2020-07-01
19143,37848,standard,gold,27256,2022-02-02
19144,37850,online,silver,19791,2024-10-18
19145,37852,standard,bronze,22099,2020-06-06
19146,37854,standard,silver,28881,2023-05-08
19147,37857,flagship,bronze,18923,2022-07-12
19148,37859,online,bronze,11490,2026-02-15
19149,37864,express,silver,37004,2023-12-20
19150,37866,online,bronze,37508,2021-12-09
19151,37866,express,silver,45654,2025-11-22
19152,37867,standard,bronze,34331,2021-02-11
19153,37868,flagship,bronze,23880,2021-11-18
19154,37873,standard,platinum,14051,2022-06-16
19155,37874,online,bronze,15165,2020-03-18
19156,37879,online,bronze,45723,2019-07-12
19157,37880,express,platinum,8312,2022-05-06
19158,37883,express,silver,9168,2019-04-26
19159,37892,flagship,bronze,1188,2025-09-26
19160,37893,online,silver,41902,2019-04-10
19161,37894,online,gold,33755,2023-05-02
19162,37895,online,bronze,37484,2019-03-13
19163,37896,online,bronze,39680,2024-02-19
19164,37897,standard,silver,12291,2025-06-25
19165,37898,express,platinum,23565,2023-03-29
19166,37905,express,bronze,46231,2021-02-09
19167,37910,online,bronze,18701,2024-07-21
19168,37911,online,silver,45354,2019-03-14
19169,37912,standard,bronze,18750,2019-01-11
19170,37919,express,bronze,45239,2021-09-30
19171,37919,flagship,bronze,34789,2025-04-28
19172,37920,flagship,silver,44225,2020-05-26
19173,37925,express,bronze,22484,2023-05-20
19174,37928,express,platinum,30939,2023-01-18
19175,37928,online,bronze,1707,2019-08-23
19176,37929,online,bronze,26812,2021-05-11
19177,37931,standard,silver,44180,2019-04-08
19178,37935,express,bronze,24874,2023-10-01
19179,37937,express,bronze,3659,2019-09-05
19180,37939,express,silver,4664,2020-02-05
19181,37941,flagship,silver,173,2019-02-26
19182,37944,standard,gold,47726,2025-04-18
19183,37945,flagship,silver,37686,2024-03-13
19184,37948,online,gold,16342,2026-01-01
19185,37952,flagship,silver,30651,2023-08-08
19186,37956,standard,platinum,29081,2019-09-17
19187,37957,online,bronze,13449,2026-03-21
19188,37961,flagship,bronze,23682,2022-04-09
19189,37962,flagship,bronze,29553,2019-01-03
19190,37963,standard,bronze,16016,2024-04-29
19191,37964,flagship,silver,5721,2020-08-11
19192,37967,flagship,silver,31221,2024-12-15
19193,37967,express,bronze,22412,2023-10-02
19194,37968,express,bronze,27113,2020-12-13
19195,37970,online,bronze,27986,2024-08-02
19196,37970,express,bronze,26313,2023-11-19
19197,37974,flagship,bronze,28389,2021-11-06
19198,37977,express,bronze,36270,2022-12-27
19199,37977,standard,bronze,17693,2022-03-04
19200,37978,express,bronze,36925,2020-12-28
19201,37981,express,bronze,25505,2021-03-24
19202,37986,online,bronze,24032,2020-02-02
19203,37987,online,bronze,19894,2020-08-28
19204,37987,express,bronze,17394,2021-06-19
19205,37988,standard,bronze,45585,2019-04-25
19206,37988,online,bronze,40712,2025-09-27
19207,37989,standard,bronze,30523,2024-06-12
19208,37992,standard,bronze,28852,2026-02-01
19209,37993,standard,silver,28560,2019-03-25
19210,37994,standard,gold,37030,2021-05-23
19211,37997,standard,gold,46199,2019-10-07
19212,37999,online,silver,14162,2024-11-12
19213,38000,express,silver,22819,2021-11-05
19214,38003,standard,silver,2659,2023-01-08
19215,38004,standard,bronze,49483,2025-05-27
19216,38005,flagship,silver,18732,2024-04-23
19217,38010,online,silver,4568,2022-06-21
19218,38012,online,bronze,19761,2025-06-06
19219,38013,express,bronze,2332,2025-04-27
19220,38014,online,bronze,42094,2019-08-01
19221,38015,standard,bronze,40311,2019-07-25
19222,38016,online,bronze,29100,2019-02-23
19223,38016,express,silver,20804,2024-08-04
19224,38021,flagship,bronze,33462,2020-04-16
19225,38023,standard,gold,27297,2025-09-18
19226,38024,online,silver,11016,2023-12-18
19227,38024,standard,bronze,9392,2025-06-25
19228,38027,online,silver,15568,2019-06-16
19229,38034,online,bronze,25014,2024-06-23
19230,38039,online,bronze,30732,2019-08-06
19231,38039,express,bronze,9564,2019-09-06
19232,38041,standard,bronze,41136,2019-07-04
19233,38041,online,silver,15187,2025-01-29
19234,38042,standard,silver,24385,2019-04-19
19235,38042,flagship,gold,1945,2020-08-26
19236,38050,online,platinum,18772,2021-03-16
19237,38051,online,silver,10809,2023-06-07
19238,38054,online,bronze,34156,2022-02-07
19239,38054,express,bronze,39182,2020-02-02
19240,38057,online,silver,40742,2021-03-28
19241,38057,express,silver,2278,2020-01-03
19242,38058,online,bronze,37076,2019-11-20
19243,38059,standard,bronze,9058,2021-02-17
19244,38059,flagship,bronze,35169,2022-03-14
19245,38064,express,bronze,15778,2021-04-29
19246,38064,standard,bronze,8137,2024-10-11
19247,38066,online,gold,17198,2026-04-04
19248,38070,standard,silver,27685,2021-02-24
19249,38071,express,bronze,48529,2024-04-01
19250,38074,online,bronze,16164,2023-08-02
19251,38077,online,bronze,30531,2023-11-09
19252,38078,online,gold,7251,2025-08-22
19253,38079,flagship,platinum,23996,2024-08-05
19254,38082,express,bronze,34447,2021-08-05
19255,38085,flagship,bronze,13020,2023-08-02
19256,38085,online,gold,28666,2021-04-07
19257,38086,standard,bronze,33509,2022-02-04
19258,38088,online,silver,43264,2024-04-01
19259,38090,express,bronze,23858,2026-06-01
19260,38091,express,silver,10714,2019-01-02
19261,38095,standard,gold,25867,2021-11-29
19262,38096,online,bronze,5741,2024-08-08
19263,38098,standard,bronze,15788,2023-02-17
19264,38101,standard,bronze,48863,2020-03-02
19265,38103,standard,gold,49468,2020-07-22
19266,38103,express,silver,10061,2025-04-11
19267,38106,standard,silver,29143,2020-11-25
19268,38110,express,bronze,24077,2024-04-17
19269,38111,express,bronze,26728,2021-03-24
19270,38114,express,gold,35719,2025-04-03
19271,38115,flagship,gold,37443,2025-05-13
19272,38116,standard,bronze,30477,2023-11-11
19273,38117,standard,bronze,30183,2024-08-28
19274,38120,flagship,bronze,14544,2023-10-08
19275,38125,express,bronze,29861,2024-03-10
19276,38129,standard,platinum,34450,2024-01-08
19277,38132,flagship,bronze,11903,2022-07-29
19278,38140,online,bronze,2816,2021-08-17
19279,38144,standard,silver,31074,2023-08-15
19280,38150,standard,platinum,47008,2022-03-10
19281,38150,flagship,gold,16632,2019-02-20
19282,38151,standard,silver,29446,2023-10-24
19283,38152,express,gold,5474,2025-01-03
19284,38153,flagship,silver,8606,2021-12-24
19285,38155,express,gold,48003,2020-06-09
19286,38158,online,silver,11290,2021-03-02
19287,38160,flagship,bronze,11703,2023-10-25
19288,38161,flagship,silver,13509,2022-09-29
19289,38164,flagship,silver,27379,2024-10-29
19290,38165,online,silver,47380,2019-03-08
19291,38167,express,bronze,31840,2022-12-02
19292,38168,online,platinum,31988,2024-02-10
19293,38169,online,platinum,9828,2025-10-21
19294,38170,standard,bronze,6311,2025-05-17
19295,38175,online,bronze,16398,2019-06-26
19296,38177,standard,bronze,47591,2023-12-27
19297,38180,standard,bronze,24171,2019-01-19
19298,38181,flagship,silver,4330,2019-03-13
19299,38182,online,platinum,41912,2023-12-24
19300,38185,flagship,bronze,9157,2021-12-07
19301,38186,express,bronze,32468,2026-03-21
19302,38186,online,bronze,23785,2020-03-10
19303,38190,flagship,gold,24803,2025-09-23
19304,38192,express,bronze,39175,2024-11-15
19305,38195,online,bronze,36545,2025-12-02
19306,38197,standard,bronze,1866,2023-10-18
19307,38197,online,bronze,4817,2025-10-17
19308,38198,online,bronze,14274,2020-09-10
19309,38204,express,platinum,31390,2024-03-16
19310,38205,express,gold,17595,2022-08-13
19311,38206,flagship,bronze,28852,2025-05-27
19312,38208,flagship,platinum,20209,2024-04-14
19313,38209,express,silver,14776,2020-04-02
19314,38212,flagship,bronze,9512,2019-01-23
19315,38213,standard,silver,34418,2021-04-21
19316,38217,online,bronze,18855,2021-05-31
19317,38224,standard,silver,35626,2023-12-28
19318,38224,express,bronze,3577,2025-12-16
19319,38225,standard,bronze,23340,2026-03-26
19320,38228,standard,bronze,8867,2022-05-30
19321,38228,express,bronze,35763,2024-11-29
19322,38229,online,bronze,17856,2024-06-19
19323,38230,standard,silver,12954,2024-09-09
19324,38234,online,bronze,48351,2021-05-17
19325,38235,online,bronze,7296,2023-04-23
19326,38236,standard,bronze,42939,2026-05-23
19327,38237,online,bronze,46149,2025-07-16
19328,38239,standard,bronze,32819,2019-03-28
19329,38240,standard,silver,41626,2022-05-01
19330,38242,flagship,bronze,48503,2022-01-10
19331,38243,flagship,gold,35074,2024-11-05
19332,38243,online,bronze,32096,2024-04-16
19333,38244,standard,bronze,4194,2021-04-05
19334,38246,flagship,bronze,37436,2021-04-14
19335,38247,express,silver,2276,2019-07-13
19336,38250,standard,silver,14287,2020-12-28
19337,38256,standard,bronze,17510,2021-01-03
19338,38258,online,gold,13288,2019-02-08
19339,38259,standard,bronze,43567,2021-07-24
19340,38262,express,bronze,44232,2025-10-17
19341,38263,online,silver,26495,2024-05-10
19342,38266,online,silver,47535,2019-08-26
19343,38267,flagship,bronze,35204,2023-11-06
19344,38269,online,bronze,13057,2026-03-21
19345,38273,online,silver,26488,2025-05-10
19346,38277,standard,silver,26673,2022-07-13
19347,38278,standard,bronze,44211,2019-08-10
19348,38279,express,silver,31057,2019-09-27
19349,38280,flagship,bronze,24899,2022-11-01
19350,38283,express,bronze,22661,2019-07-06
19351,38287,flagship,bronze,9860,2020-11-16
19352,38290,online,gold,39835,2023-03-15
19353,38291,flagship,silver,15451,2025-08-26
19354,38291,online,gold,8991,2024-06-02
19355,38294,standard,bronze,40346,2022-06-26
19356,38296,flagship,bronze,3954,2022-02-02
19357,38297,standard,bronze,23523,2020-09-04
19358,38298,flagship,gold,4807,2019-01-27
19359,38299,online,platinum,31888,2023-04-01
19360,38301,online,silver,37288,2025-07-24
19361,38304,express,silver,49427,2023-03-19
19362,38310,online,platinum,45294,2019-03-06
19363,38311,standard,bronze,32984,2020-09-06
19364,38312,flagship,gold,6391,2021-10-16
19365,38314,online,bronze,35937,2025-12-25
19366,38314,flagship,bronze,27889,2024-09-27
19367,38320,flagship,bronze,48378,2023-08-03
19368,38320,online,bronze,16530,2025-03-07
19369,38324,express,silver,6590,2022-02-14
19370,38325,express,bronze,8183,2026-04-08
19371,38326,flagship,bronze,45171,2021-07-04
19372,38327,online,bronze,26303,2022-04-21
19373,38328,standard,bronze,36663,2026-02-10
19374,38332,standard,gold,15023,2026-06-27
19375,38333,standard,bronze,8278,2020-08-26
19376,38335,standard,bronze,9566,2020-08-27
19377,38336,flagship,bronze,9735,2022-12-11
19378,38340,standard,silver,20017,2023-09-15
19379,38341,express,bronze,10266,2021-08-30
19380,38342,standard,bronze,48853,2020-01-14
19381,38346,online,bronze,4738,2023-03-23
19382,38346,standard,bronze,19763,2022-08-24
19383,38349,online,bronze,11781,2024-01-06
19384,38350,standard,bronze,22599,2024-11-15
19385,38351,express,silver,27693,2023-08-28
19386,38351,online,silver,46508,2024-12-22
19387,38352,flagship,bronze,7642,2024-01-24
19388,38355,express,platinum,12177,2021-11-14
19389,38356,online,silver,15641,2021-09-18
19390,38357,online,bronze,17373,2022-03-26
19391,38360,online,bronze,13881,2023-07-02
19392,38362,standard,bronze,19098,2021-01-07
19393,38364,express,bronze,45688,2022-12-20
19394,38367,standard,bronze,25406,2024-01-07
19395,38368,flagship,silver,39497,2025-01-13
19396,38370,flagship,bronze,5467,2025-02-25
19397,38371,express,silver,36954,2021-06-20
19398,38372,express,silver,9412,2020-07-29
19399,38374,express,platinum,29095,2025-10-13
19400,38379,express,bronze,29555,2022-12-20
19401,38380,online,bronze,46285,2021-07-09
19402,38385,flagship,bronze,36550,2019-04-07
19403,38388,online,bronze,36941,2022-04-25
19404,38389,flagship,silver,17245,2025-01-07
19405,38392,online,bronze,43042,2024-01-24
19406,38398,express,bronze,21171,2025-11-13
19407,38400,flagship,bronze,22262,2019-03-13
19408,38406,express,bronze,2638,2020-09-22
19409,38410,express,bronze,19926,2020-04-15
19410,38414,express,bronze,10430,2021-10-30
19411,38417,online,bronze,17662,2019-09-14
19412,38419,flagship,bronze,23653,2025-03-19
19413,38426,flagship,bronze,34988,2019-07-25
19414,38427,express,gold,13113,2024-08-25
19415,38429,online,gold,18254,2022-09-17
19416,38430,express,bronze,21376,2022-05-03
19417,38432,online,bronze,10266,2021-12-22
19418,38432,express,gold,19820,2020-11-13
19419,38435,online,bronze,5166,2025-06-29
19420,38438,express,gold,37997,2025-11-15
19421,38439,express,bronze,342,2024-11-25
19422,38443,standard,bronze,17464,2020-09-25
19423,38445,flagship,bronze,16623,2024-10-09
19424,38449,flagship,silver,19416,2026-04-19
19425,38450,express,bronze,23264,2023-12-26
19426,38451,standard,bronze,18816,2024-11-17
19427,38452,flagship,bronze,4889,2019-12-19
19428,38453,flagship,silver,37032,2022-09-29
19429,38454,standard,bronze,17284,2022-10-07
19430,38456,flagship,silver,22337,2023-04-28
19431,38456,online,silver,24492,2025-03-03
19432,38457,standard,bronze,17440,2020-04-23
19433,38458,express,gold,856,2019-12-11
19434,38464,express,bronze,37679,2026-03-29
19435,38467,express,gold,31312,2019-12-27
19436,38469,online,gold,11741,2020-04-04
19437,38469,express,bronze,3543,2019-10-31
19438,38470,express,bronze,30945,2025-05-20
19439,38471,flagship,silver,43561,2023-09-23
19440,38471,express,bronze,46078,2025-03-26
19441,38477,express,bronze,14546,2022-09-05
19442,38478,flagship,bronze,10939,2022-05-12
19443,38480,online,bronze,7495,2024-02-07
19444,38481,flagship,bronze,29884,2022-04-24
19445,38482,express,silver,19125,2026-05-03
19446,38484,standard,bronze,18381,2021-02-11
19447,38485,online,bronze,23392,2019-10-18
19448,38490,express,silver,10651,2025-11-20
19449,38493,online,bronze,46065,2019-03-18
19450,38497,express,bronze,46851,2022-06-03
19451,38497,flagship,bronze,7823,2020-07-16
19452,38500,flagship,bronze,17793,2024-02-19
19453,38502,standard,bronze,6971,2025-06-14
19454,38507,standard,silver,11494,2026-04-24
19455,38513,express,bronze,17349,2025-07-24
19456,38516,standard,gold,15656,2022-02-21
19457,38523,flagship,bronze,15761,2026-04-10
19458,38524,flagship,bronze,8390,2022-09-25
19459,38524,express,bronze,39578,2021-10-26
19460,38527,flagship,bronze,9624,2022-06-01
19461,38528,express,bronze,14542,2025-11-04
19462,38529,flagship,bronze,31464,2022-06-23
19463,38530,standard,bronze,49937,2025-04-30
19464,38533,standard,bronze,21510,2024-08-04
19465,38535,online,bronze,24216,2022-01-06
19466,38537,express,silver,48551,2023-10-13
19467,38538,flagship,bronze,49398,2020-05-26
19468,38538,standard,gold,33846,2025-01-04
19469,38540,standard,silver,9397,2023-07-01
19470,38541,online,silver,22952,2021-02-14
19471,38546,flagship,gold,38949,2022-04-25
19472,38547,flagship,gold,6050,2021-07-19
19473,38550,standard,bronze,31314,2023-12-18
19474,38552,standard,bronze,44397,2023-04-18
19475,38553,standard,bronze,2924,2026-04-14
19476,38557,standard,silver,2066,2026-06-09
19477,38559,express,bronze,21008,2024-07-01
19478,38561,express,bronze,30791,2019-03-14
19479,38562,standard,gold,20869,2022-05-23
19480,38565,express,bronze,55,2026-03-23
19481,38565,online,bronze,14854,2021-07-24
19482,38566,flagship,gold,9360,2023-02-10
19483,38566,express,bronze,26419,2020-04-29
19484,38572,express,bronze,17538,2019-01-17
19485,38573,flagship,bronze,17299,2019-04-13
19486,38574,express,bronze,21697,2019-10-16
19487,38574,flagship,silver,40797,2025-06-04
19488,38575,express,bronze,17153,2019-06-25
19489,38577,flagship,bronze,9408,2021-03-18
19490,38580,express,bronze,14060,2025-01-22
19491,38581,standard,bronze,24433,2023-09-13
19492,38582,standard,bronze,33279,2019-12-02
19493,38582,flagship,gold,38778,2021-12-12
19494,38584,online,bronze,45819,2024-02-29
19495,38585,standard,silver,4783,2022-10-14
19496,38585,express,bronze,36410,2020-02-25
19497,38589,express,bronze,17564,2025-05-27
19498,38591,express,silver,14648,2025-07-11
19499,38595,flagship,silver,31790,2019-07-17
19500,38596,online,silver,20358,2020-11-12
19501,38597,online,bronze,36676,2023-01-21
19502,38598,standard,bronze,34049,2025-05-22
19503,38600,flagship,silver,26556,2025-08-12
19504,38605,online,bronze,49434,2021-05-26
19505,38607,online,bronze,11898,2024-10-15
19506,38608,online,silver,46964,2025-07-03
19507,38608,express,bronze,1524,2023-12-05
19508,38609,online,bronze,16336,2023-09-12
19509,38609,standard,silver,27876,2020-07-13
19510,38612,express,silver,28155,2023-01-16
19511,38613,express,bronze,44399,2022-01-23
19512,38617,standard,bronze,38652,2022-08-30
19513,38618,standard,silver,42824,2025-12-29
19514,38618,flagship,silver,14295,2024-01-09
19515,38619,express,gold,34169,2020-12-22
19516,38622,online,silver,30465,2025-10-09
19517,38624,online,gold,17462,2025-03-22
19518,38626,flagship,bronze,29549,2019-03-29
19519,38626,express,bronze,37458,2021-09-11
19520,38627,online,bronze,44241,2025-04-11
19521,38629,flagship,bronze,48323,2025-05-18
19522,38630,standard,bronze,13701,2026-02-16
19523,38631,express,bronze,29656,2022-01-01
19524,38634,standard,bronze,33828,2019-07-19
19525,38637,express,silver,48930,2024-06-16
19526,38637,flagship,silver,44744,2025-03-28
19527,38640,standard,gold,1525,2022-05-05
19528,38642,flagship,bronze,7375,2023-05-22
19529,38644,flagship,bronze,36199,2021-02-14
19530,38648,online,silver,47915,2019-05-16
19531,38648,express,bronze,28804,2019-03-09
19532,38650,online,silver,789,2021-03-20
19533,38650,standard,bronze,886,2024-09-12
19534,38651,standard,gold,19080,2024-02-12
19535,38651,express,silver,125,2020-01-22
19536,38654,standard,silver,14363,2023-06-06
19537,38655,express,platinum,10038,2023-12-15
19538,38656,flagship,silver,33866,2025-04-14
19539,38657,standard,platinum,18921,2023-07-20
19540,38657,flagship,bronze,1945,2025-09-10
19541,38660,flagship,bronze,11524,2019-07-25
19542,38664,standard,silver,6328,2021-03-02
19543,38666,online,bronze,607,2020-07-27
19544,38667,flagship,bronze,18609,2024-08-24
19545,38668,online,gold,36664,2019-07-06
19546,38671,express,gold,1095,2023-07-24
19547,38673,express,bronze,46428,2020-03-22
19548,38678,online,bronze,48413,2020-11-22
19549,38679,express,gold,47488,2024-03-18
19550,38682,standard,silver,33780,2024-01-07
19551,38686,online,bronze,25295,2021-05-15
19552,38688,express,silver,30843,2025-04-20
19553,38691,standard,silver,34403,2026-01-29
19554,38693,express,bronze,24382,2023-03-20
19555,38697,standard,bronze,12288,2024-04-17
19556,38697,express,bronze,3033,2022-03-09
19557,38702,standard,silver,14573,2025-10-31
19558,38704,express,silver,23724,2023-03-15
19559,38705,online,gold,30396,2020-08-11
19560,38706,online,bronze,36904,2025-07-22
19561,38708,flagship,gold,2607,2019-07-31
19562,38713,standard,bronze,25650,2023-11-28
19563,38714,online,bronze,30208,2025-02-28
19564,38714,flagship,bronze,32048,2021-12-27
19565,38715,express,silver,7227,2025-12-12
19566,38716,express,bronze,8305,2022-08-14
19567,38718,flagship,silver,767,2020-04-29
19568,38718,online,bronze,6289,2020-07-01
19569,38719,online,platinum,6430,2024-02-17
19570,38723,flagship,bronze,4263,2026-03-11
19571,38724,express,bronze,19420,2023-07-13
19572,38725,online,gold,30886,2021-09-25
19573,38727,online,bronze,4243,2025-02-19
19574,38731,standard,bronze,21244,2022-11-09
19575,38736,online,gold,46962,2023-11-15
19576,38736,express,silver,42193,2022-02-04
19577,38745,standard,silver,25167,2023-11-09
19578,38746,express,bronze,14792,2024-09-17
19579,38749,flagship,silver,10705,2020-01-30
19580,38751,flagship,silver,38028,2020-07-01
19581,38754,express,bronze,22528,2021-12-07
19582,38763,express,bronze,9473,2026-04-25
19583,38764,flagship,silver,49459,2022-01-17
19584,38769,flagship,bronze,29859,2020-04-24
19585,38770,standard,bronze,47549,2019-06-28
19586,38773,online,bronze,11946,2023-03-25
19587,38776,online,bronze,18662,2024-02-08
19588,38779,express,platinum,33396,2024-07-27
19589,38782,flagship,platinum,7838,2024-10-06
19590,38782,online,bronze,27968,2019-08-16
19591,38786,standard,platinum,44115,2024-06-22
19592,38787,express,bronze,43369,2020-11-01
19593,38790,flagship,silver,45107,2023-01-12
19594,38803,express,bronze,39486,2025-03-24
19595,38810,express,silver,49648,2019-05-30
19596,38810,standard,silver,10571,2024-03-17
19597,38811,flagship,bronze,5347,2024-08-26
19598,38814,express,silver,11532,2020-03-03
19599,38818,online,bronze,15085,2021-09-03
19600,38820,online,bronze,18399,2020-06-26
19601,38821,standard,bronze,11221,2019-09-22
19602,38822,standard,silver,31477,2021-12-11
19603,38823,express,gold,14635,2024-08-09
19604,38824,standard,silver,29101,2022-06-12
19605,38825,flagship,bronze,28433,2022-02-11
19606,38825,online,bronze,102,2022-10-09
19607,38827,online,silver,32409,2019-07-16
19608,38829,express,silver,784,2020-11-26
19609,38831,flagship,gold,623,2024-11-06
19610,38833,standard,bronze,10931,2025-12-28
19611,38835,express,bronze,15530,2023-03-30
19612,38838,standard,silver,46503,2024-02-11
19613,38839,standard,gold,49133,2024-02-27
19614,38842,flagship,bronze,147,2020-08-31
19615,38843,online,gold,3256,2025-07-09
19616,38847,standard,silver,29240,2025-07-17
19617,38847,flagship,gold,30297,2021-09-06
19618,38849,flagship,silver,18526,2020-11-30
19619,38850,online,gold,42249,2026-06-24
19620,38853,express,bronze,12304,2020-01-15
19621,38854,express,bronze,28775,2020-05-17
19622,38855,flagship,bronze,36856,2023-08-08
19623,38861,online,silver,34909,2024-02-06
19624,38862,standard,gold,34386,2023-05-05
19625,38866,standard,silver,37711,2022-06-18
19626,38866,flagship,silver,15854,2026-04-11
19627,38869,flagship,silver,28554,2024-09-26
19628,38869,express,silver,48241,2026-06-16
19629,38870,standard,bronze,44085,2021-03-18
19630,38875,online,bronze,7751,2023-08-17
19631,38877,flagship,gold,41990,2026-03-19
19632,38881,online,bronze,23484,2019-01-25
19633,38882,express,bronze,45531,2020-09-05
19634,38884,flagship,bronze,36844,2024-05-14
19635,38885,online,silver,37878,2023-05-08
19636,38889,standard,bronze,18043,2024-01-09
19637,38890,flagship,gold,5346,2020-07-10
19638,38890,standard,bronze,26262,2024-02-03
19639,38892,express,silver,7716,2025-08-25
19640,38893,standard,silver,46146,2022-08-11
19641,38894,flagship,bronze,35599,2022-01-18
19642,38894,express,bronze,11446,2025-04-09
19643,38897,online,gold,19415,2022-05-21
19644,38901,standard,silver,45928,2020-05-10
19645,38905,flagship,gold,31373,2021-02-16
19646,38909,flagship,bronze,39697,2020-05-21
19647,38910,standard,platinum,26153,2019-06-07
19648,38914,online,bronze,45469,2025-03-24
19649,38915,flagship,gold,5635,2023-03-12
19650,38918,flagship,gold,25132,2019-05-02
19651,38921,standard,gold,44401,2023-04-29
19652,38922,flagship,silver,31332,2026-02-08
19653,38924,flagship,silver,31998,2021-01-29
19654,38926,online,bronze,26032,2024-10-24
19655,38928,express,bronze,1830,2022-11-01
19656,38929,express,bronze,43313,2022-11-04
19657,38929,online,gold,35319,2019-02-28
19658,38932,online,bronze,37501,2019-06-07
19659,38935,express,platinum,46610,2024-05-28
19660,38936,standard,bronze,49266,2020-09-29
19661,38938,standard,silver,24559,2024-07-02
19662,38939,express,bronze,18040,2025-05-12
19663,38941,standard,bronze,6312,2022-07-01
19664,38945,express,gold,48412,2023-11-08
19665,38946,online,silver,9384,2025-06-21
19666,38947,standard,bronze,3560,2024-06-14
19667,38949,flagship,bronze,15998,2023-05-07
19668,38950,express,silver,48548,2023-01-19
19669,38951,standard,silver,39270,2024-12-23
19670,38952,online,bronze,3853,2026-04-27
19671,38953,standard,silver,1825,2026-04-09
19672,38954,online,bronze,7393,2021-01-09
19673,38956,express,silver,16644,2019-02-11
19674,38957,standard,gold,49946,2020-03-29
19675,38959,standard,bronze,45650,2022-06-14
19676,38959,flagship,bronze,17913,2021-08-11
19677,38963,flagship,bronze,33506,2025-07-23
19678,38964,standard,platinum,44614,2026-04-11
19679,38968,online,bronze,39054,2022-04-21
19680,38969,flagship,gold,25461,2021-01-19
19681,38969,express,bronze,41785,2022-03-02
19682,38970,express,bronze,41634,2023-11-11
19683,38974,express,bronze,32428,2019-02-25
19684,38975,flagship,bronze,6816,2019-05-31
19685,38978,online,bronze,36601,2021-03-05
19686,38979,flagship,bronze,22012,2019-01-16
19687,38980,online,gold,28385,2019-07-22
19688,38981,online,gold,17965,2025-10-27
19689,38982,online,silver,40553,2019-10-18
19690,38983,standard,silver,3948,2024-05-13
19691,38983,express,bronze,17866,2019-07-01
19692,38985,standard,bronze,33049,2019-11-05
19693,38988,online,bronze,27320,2020-09-25
19694,38989,online,bronze,43125,2022-03-25
19695,38991,express,silver,6537,2019-08-15
19696,38991,standard,silver,43930,2023-06-17
19697,38992,flagship,bronze,8324,2023-05-30
19698,38995,online,gold,31039,2025-12-18
19699,38997,standard,bronze,42392,2024-06-30
19700,38997,express,bronze,33996,2026-04-24
19701,38998,express,bronze,46986,2024-12-15
19702,38999,standard,silver,45526,2022-01-30
19703,39000,flagship,silver,10333,2022-01-17
19704,39003,standard,gold,10325,2021-03-29
19705,39004,express,bronze,41011,2019-09-24
19706,39007,express,bronze,45828,2022-11-17
19707,39008,flagship,bronze,13846,2025-02-09
19708,39008,standard,silver,12464,2022-01-04
19709,39010,flagship,bronze,4256,2024-08-08
19710,39012,express,bronze,46893,2021-09-17
19711,39012,flagship,bronze,21447,2023-10-28
19712,39015,express,bronze,43370,2024-06-08
19713,39018,flagship,bronze,33234,2019-08-10
19714,39021,online,bronze,18609,2020-04-24
19715,39022,flagship,silver,3192,2021-02-20
19716,39023,standard,gold,33620,2022-05-17
19717,39025,flagship,bronze,14116,2023-07-22
19718,39027,standard,bronze,20631,2024-12-09
19719,39028,online,bronze,28691,2019-11-02
19720,39032,standard,bronze,29459,2022-12-23
19721,39032,flagship,bronze,30509,2023-08-20
19722,39034,express,bronze,27406,2024-03-08
19723,39038,online,bronze,47440,2025-04-08
19724,39039,standard,bronze,22988,2025-05-04
19725,39039,online,bronze,23601,2023-02-17
19726,39041,express,gold,21464,2019-06-26
19727,39043,online,bronze,7788,2019-12-08
19728,39044,express,silver,10334,2023-10-26
19729,39046,standard,bronze,46695,2025-12-26
19730,39048,standard,bronze,23044,2019-02-25
19731,39049,standard,gold,2030,2020-01-25
19732,39051,standard,bronze,21461,2026-02-05
19733,39053,express,platinum,19,2020-03-02
19734,39054,flagship,silver,36174,2022-07-28
19735,39054,express,bronze,5424,2026-03-21
19736,39057,express,silver,29438,2019-09-30
19737,39057,flagship,bronze,21721,2025-01-01
19738,39058,flagship,gold,42892,2021-10-26
19739,39059,online,silver,41116,2023-12-01
19740,39060,online,gold,34204,2019-12-14
19741,39061,standard,platinum,32452,2020-08-25
19742,39066,express,gold,14592,2025-08-05
19743,39068,flagship,bronze,41283,2025-12-14
19744,39069,standard,platinum,28273,2019-07-03
19745,39069,express,bronze,18269,2022-02-16
19746,39071,online,bronze,15485,2024-04-06
19747,39075,online,silver,17887,2024-07-12
19748,39076,flagship,bronze,35091,2024-07-16
19749,39078,flagship,silver,7078,2024-07-26
19750,39079,flagship,bronze,4451,2021-01-28
19751,39081,flagship,bronze,31050,2021-01-22
19752,39082,online,gold,5933,2022-11-09
19753,39086,flagship,bronze,45849,2024-02-24
19754,39087,express,silver,11510,2021-05-11
19755,39088,express,bronze,46138,2019-03-15
19756,39090,online,silver,34481,2023-07-10
19757,39091,flagship,bronze,47812,2026-05-09
19758,39092,standard,gold,676,2021-02-22
19759,39096,flagship,silver,31347,2024-12-06
19760,39099,flagship,silver,35774,2026-01-03
19761,39099,express,bronze,25154,2023-06-07
19762,39101,express,bronze,28308,2020-10-29
19763,39103,standard,bronze,5296,2021-03-23
19764,39106,flagship,bronze,26903,2019-08-20
19765,39108,express,bronze,26353,2025-06-27
19766,39109,online,bronze,43092,2026-03-24
19767,39119,express,platinum,17406,2019-02-09
19768,39123,standard,bronze,27170,2025-11-03
19769,39126,flagship,bronze,47553,2021-01-07
19770,39128,standard,bronze,14159,2024-08-16
19771,39129,online,silver,15649,2022-08-21
19772,39135,standard,silver,39651,2022-01-24
19773,39137,online,gold,30039,2023-08-30
19774,39138,online,silver,6691,2025-05-24
19775,39140,standard,gold,2846,2019-01-13
19776,39141,express,silver,16265,2020-08-20
19777,39141,standard,silver,26498,2019-12-14
19778,39145,online,bronze,27480,2022-05-09
19779,39146,flagship,silver,7080,2021-11-09
19780,39147,express,bronze,42261,2022-11-20
19781,39148,flagship,silver,36914,2024-10-23
19782,39152,online,bronze,38514,2025-08-16
19783,39152,express,bronze,26844,2025-08-17
19784,39153,standard,bronze,49961,2023-06-10
19785,39153,express,gold,7701,2020-07-25
19786,39156,online,bronze,280,2023-03-08
19787,39156,express,bronze,46530,2024-06-07
19788,39158,standard,gold,5423,2025-12-28
19789,39161,flagship,bronze,14636,2022-08-10
19790,39166,flagship,bronze,35987,2023-11-23
19791,39168,standard,bronze,41021,2021-02-24
19792,39169,express,bronze,22356,2021-06-16
19793,39170,standard,bronze,47604,2019-05-05
19794,39170,express,silver,47020,2022-02-19
19795,39171,online,bronze,5123,2019-08-05
19796,39172,express,platinum,12069,2024-05-17
19797,39172,online,silver,27777,2020-09-05
19798,39175,express,bronze,11203,2024-10-06
19799,39178,standard,bronze,37226,2020-08-09
19800,39182,express,bronze,13668,2022-02-13
19801,39184,flagship,gold,12349,2020-03-27
19802,39189,express,silver,32711,2025-10-14
19803,39192,flagship,bronze,24356,2022-02-17
19804,39193,express,silver,9786,2021-03-05
19805,39197,online,silver,10876,2019-06-16
19806,39199,express,silver,8899,2025-04-08
19807,39201,online,silver,29171,2021-03-22
19808,39204,online,bronze,5533,2019-05-15
19809,39206,express,bronze,27966,2025-05-15
19810,39209,express,silver,47117,2019-04-29
19811,39210,standard,silver,40828,2023-12-15
19812,39212,online,gold,38783,2023-05-03
19813,39214,online,bronze,49838,2024-12-12
19814,39218,standard,silver,5660,2022-08-20
19815,39222,online,bronze,6210,2022-02-14
19816,39223,online,bronze,43896,2026-04-27
19817,39224,flagship,bronze,30249,2021-08-06
19818,39226,express,gold,11857,2021-09-12
19819,39228,express,platinum,26051,2022-11-15
19820,39229,flagship,gold,38000,2021-09-27
19821,39231,express,silver,6875,2021-10-20
19822,39231,online,silver,44069,2020-04-13
19823,39232,standard,silver,14193,2019-11-19
19824,39233,flagship,silver,29702,2023-06-08
19825,39234,flagship,bronze,20335,2025-08-09
19826,39235,flagship,silver,47527,2025-08-28
19827,39235,online,silver,7610,2019-04-16
19828,39236,standard,silver,9002,2020-05-21
19829,39237,flagship,bronze,28987,2019-06-19
19830,39238,standard,silver,1404,2023-01-06
19831,39239,express,bronze,25352,2023-01-23
19832,39241,standard,gold,29025,2023-02-19
19833,39242,online,silver,23502,2019-01-28
19834,39249,standard,gold,9791,2024-07-19
19835,39249,express,gold,1460,2025-12-04
19836,39251,flagship,gold,41867,2025-06-30
19837,39252,express,gold,33480,2026-02-16
19838,39252,online,bronze,11600,2023-07-20
19839,39253,standard,silver,12614,2024-05-03
19840,39254,flagship,platinum,27956,2019-04-21
19841,39255,flagship,silver,23764,2021-04-07
19842,39255,online,bronze,11550,2025-07-29
19843,39260,flagship,bronze,6718,2021-06-27
19844,39261,express,bronze,28811,2024-04-03
19845,39265,flagship,bronze,14119,2020-09-03
19846,39266,online,bronze,35378,2022-02-12
19847,39268,express,silver,33833,2021-10-28
19848,39269,online,bronze,43631,2021-07-05
19849,39271,online,bronze,5508,2020-08-07
19850,39273,express,bronze,23696,2024-12-05
19851,39276,standard,bronze,38164,2020-05-27
19852,39280,flagship,gold,42726,2019-03-28
19853,39281,online,silver,298,2021-12-21
19854,39283,online,platinum,43696,2021-08-14
19855,39284,online,bronze,18257,2019-12-19
19856,39285,standard,bronze,36708,2021-03-19
19857,39285,online,gold,6626,2020-04-22
19858,39286,flagship,silver,17762,2019-05-17
19859,39287,online,gold,34036,2025-11-24
19860,39287,express,bronze,9850,2022-11-22
19861,39288,standard,bronze,32887,2019-04-29
19862,39289,express,bronze,29851,2019-07-05
19863,39290,flagship,silver,19136,2023-12-30
19864,39293,standard,bronze,41180,2025-03-16
19865,39299,express,gold,21394,2020-02-14
19866,39302,standard,silver,29815,2019-06-22
19867,39304,flagship,bronze,12031,2021-03-30
19868,39305,express,bronze,30324,2023-06-07
19869,39306,flagship,bronze,25233,2020-05-08
19870,39310,online,silver,35442,2019-08-04
19871,39312,express,silver,9461,2022-10-15
19872,39313,standard,bronze,3407,2020-01-30
19873,39317,standard,silver,5403,2023-10-10
19874,39322,flagship,bronze,1828,2022-03-01
19875,39322,online,bronze,10147,2023-10-28
19876,39323,standard,bronze,32338,2019-09-10
19877,39323,express,silver,49871,2020-09-21
19878,39324,express,bronze,34145,2026-01-22
19879,39325,standard,bronze,46731,2020-04-19
19880,39329,standard,silver,29284,2024-12-01
19881,39334,flagship,platinum,33580,2024-04-27
19882,39337,flagship,gold,15731,2026-05-03
19883,39338,online,silver,848,2026-03-28
19884,39339,online,bronze,656,2023-01-20
19885,39341,online,bronze,18337,2026-04-04
19886,39345,online,bronze,42872,2019-09-23
19887,39347,standard,platinum,35064,2020-09-26
19888,39350,standard,bronze,40250,2021-11-09
19889,39355,standard,bronze,22410,2022-04-14
19890,39355,express,bronze,40608,2021-09-15
19891,39356,express,platinum,29285,2021-07-21
19892,39361,flagship,gold,27818,2020-11-11
19893,39362,standard,bronze,25308,2021-02-19
19894,39365,flagship,platinum,33031,2024-10-16
19895,39365,standard,silver,16859,2024-01-10
19896,39366,flagship,silver,12527,2023-06-21
19897,39366,online,bronze,539,2024-01-05
19898,39367,online,silver,25833,2021-01-10
19899,39368,standard,gold,42931,2026-01-01
19900,39369,online,bronze,45706,2025-11-14
19901,39372,express,gold,18741,2022-11-04
19902,39373,standard,silver,16160,2025-04-16
19903,39373,online,platinum,39487,2023-09-06
19904,39375,flagship,bronze,18621,2022-11-28
19905,39376,online,bronze,43400,2022-11-30
19906,39379,flagship,gold,29371,2021-05-09
19907,39381,flagship,platinum,18102,2024-05-09
19908,39383,online,bronze,44694,2019-04-07
19909,39383,standard,bronze,1057,2021-08-01
19910,39384,flagship,gold,3758,2025-06-30
19911,39385,online,silver,7475,2025-11-24
19912,39387,flagship,gold,35241,2022-11-06
19913,39388,express,silver,27928,2019-01-29
19914,39389,online,gold,47461,2024-05-09
19915,39390,online,bronze,26971,2022-01-31
19916,39391,online,silver,13986,2019-07-19
19917,39396,standard,silver,25879,2019-10-22
19918,39398,online,bronze,23108,2019-09-02
19919,39398,standard,gold,17863,2020-03-26
19920,39400,express,silver,37681,2023-12-24
19921,39403,express,bronze,5791,2022-11-19
19922,39404,online,bronze,41881,2022-07-10
19923,39405,standard,bronze,27014,2020-08-02
19924,39405,online,bronze,3152,2021-03-17
19925,39406,flagship,bronze,45966,2021-08-07
19926,39407,standard,gold,10083,2025-03-09
19927,39411,standard,silver,2477,2023-01-20
19928,39413,online,bronze,18595,2019-11-13
19929,39414,flagship,silver,32179,2023-11-25
19930,39415,flagship,bronze,46917,2024-08-18
19931,39417,flagship,silver,35378,2023-07-30
19932,39418,standard,bronze,6233,2020-09-03
19933,39418,express,silver,31599,2025-11-02
19934,39420,flagship,platinum,5465,2023-07-12
19935,39422,flagship,silver,49949,2025-09-06
19936,39423,standard,silver,7254,2026-04-16
19937,39426,flagship,bronze,34280,2022-10-24
19938,39428,express,silver,30293,2023-06-13
19939,39431,flagship,gold,10175,2023-03-25
19940,39432,express,gold,37205,2022-10-26
19941,39433,flagship,silver,11334,2020-04-07
19942,39435,express,silver,9355,2023-11-30
19943,39437,online,silver,9914,2024-10-15
19944,39437,express,silver,14949,2021-01-22
19945,39438,online,silver,33445,2024-09-19
19946,39440,online,bronze,1992,2022-04-23
19947,39444,online,bronze,42930,2024-06-27
19948,39446,online,bronze,6705,2025-07-26
19949,39448,flagship,silver,19776,2020-08-01
19950,39449,online,silver,25268,2023-12-05
19951,39456,flagship,bronze,15063,2021-12-26
19952,39461,flagship,bronze,45477,2021-10-02
19953,39461,online,bronze,6065,2023-09-16
19954,39463,express,bronze,857,2019-10-21
19955,39463,flagship,silver,42788,2020-09-21
19956,39465,standard,bronze,12366,2021-03-26
19957,39465,online,silver,9635,2021-01-11
19958,39467,online,bronze,11415,2025-10-06
19959,39470,online,silver,44506,2021-04-08
19960,39471,express,silver,38722,2021-01-21
19961,39476,flagship,bronze,36600,2024-10-31
19962,39477,online,silver,47008,2025-06-01
19963,39477,flagship,bronze,35229,2021-05-30
19964,39479,standard,bronze,26723,2026-02-17
19965,39481,express,gold,33781,2021-09-25
19966,39482,flagship,silver,39947,2021-05-06
19967,39483,standard,bronze,32506,2023-05-19
19968,39483,flagship,silver,15561,2020-11-07
19969,39485,flagship,bronze,27089,2020-02-07
19970,39488,online,bronze,37194,2025-07-28
19971,39490,express,bronze,38107,2022-05-07
19972,39490,standard,silver,25534,2024-05-12
19973,39492,flagship,gold,13484,2025-12-31
19974,39494,flagship,bronze,9416,2021-02-18
19975,39498,standard,platinum,32820,2024-09-17
19976,39500,standard,bronze,26121,2022-06-04
19977,39501,flagship,silver,9340,2019-08-25
19978,39510,online,bronze,27817,2025-08-22
19979,39510,standard,bronze,42283,2022-01-30
19980,39512,standard,bronze,8903,2021-07-25
19981,39513,standard,bronze,36041,2024-04-04
19982,39513,flagship,bronze,6179,2019-08-01
19983,39514,flagship,gold,20173,2021-08-25
19984,39515,online,bronze,48320,2020-12-23
19985,39517,express,silver,44044,2021-08-19
19986,39517,standard,gold,18652,2024-04-03
19987,39518,express,silver,880,2020-03-25
19988,39519,express,silver,27314,2024-09-19
19989,39520,online,bronze,41075,2022-09-05
19990,39521,standard,bronze,20532,2024-01-20
19991,39523,online,bronze,27389,2023-04-19
19992,39523,express,gold,41478,2019-10-21
19993,39524,standard,bronze,17872,2024-08-05
19994,39527,express,silver,46817,2023-11-05
19995,39531,online,silver,18361,2021-02-07
19996,39534,flagship,gold,25297,2025-05-07
19997,39535,flagship,bronze,45555,2022-08-24
19998,39538,standard,bronze,9186,2025-09-01
19999,39539,flagship,bronze,10146,2022-03-27
20000,39541,express,bronze,22802,2026-01-19
20001,39543,express,bronze,41996,2021-10-01
20002,39544,online,bronze,44703,2024-11-24
20003,39547,express,silver,17796,2022-10-22
20004,39550,express,bronze,3370,2019-09-23
20005,39556,standard,bronze,36440,2019-12-07
20006,39558,flagship,silver,37573,2022-01-06
20007,39560,express,bronze,14054,2020-06-10
20008,39560,online,bronze,20448,2026-01-25
20009,39562,standard,bronze,12876,2022-12-14
20010,39567,standard,bronze,20284,2022-03-03
20011,39567,express,bronze,34571,2022-01-16
20012,39568,express,bronze,44861,2026-05-24
20013,39570,express,bronze,2894,2026-05-10
20014,39570,flagship,bronze,12065,2019-03-09
20015,39573,flagship,bronze,29830,2022-10-22
20016,39575,online,platinum,34792,2021-04-23
20017,39580,flagship,silver,24003,2021-11-22
20018,39581,standard,bronze,35753,2024-03-17
20019,39582,online,silver,23263,2023-07-19
20020,39587,online,bronze,44513,2023-12-06
20021,39590,express,bronze,18725,2024-03-18
20022,39591,flagship,silver,1132,2020-12-13
20023,39595,online,gold,8976,2022-05-15
20024,39596,standard,silver,43996,2021-04-27
20025,39598,flagship,bronze,12120,2025-08-16
20026,39599,express,bronze,27637,2026-02-08
20027,39600,express,bronze,724,2019-04-05
20028,39602,standard,gold,1399,2022-02-01
20029,39606,express,silver,18570,2022-12-10
20030,39606,flagship,gold,4384,2024-09-14
20031,39607,standard,silver,13289,2021-02-02
20032,39611,standard,bronze,7987,2025-09-21
20033,39612,flagship,bronze,6207,2022-11-06
20034,39615,express,silver,1968,2020-05-29
20035,39616,online,bronze,31788,2026-05-20
20036,39621,standard,bronze,9283,2023-10-08
20037,39623,standard,bronze,11854,2024-05-17
20038,39624,standard,gold,49724,2025-10-08
20039,39626,standard,silver,8049,2021-11-20
20040,39627,standard,bronze,36573,2019-05-21
20041,39628,online,silver,27799,2025-07-16
20042,39629,standard,bronze,38234,2024-01-14
20043,39630,online,bronze,19013,2021-04-20
20044,39632,online,silver,40594,2019-03-17
20045,39637,online,bronze,11993,2024-03-04
20046,39641,flagship,bronze,29870,2019-09-08
20047,39645,express,silver,40521,2019-09-11
20048,39645,flagship,silver,26604,2020-08-28
20049,39646,flagship,bronze,43660,2020-08-11
20050,39647,express,bronze,46976,2019-09-27
20051,39648,flagship,gold,14604,2022-10-06
20052,39650,online,bronze,3965,2024-04-02
20053,39656,online,bronze,6342,2024-11-21
20054,39658,online,bronze,7805,2024-04-06
20055,39666,standard,silver,28321,2019-08-10
20056,39667,standard,gold,40282,2026-05-31
20057,39673,standard,bronze,48243,2021-05-23
20058,39676,online,bronze,9350,2023-03-04
20059,39679,express,silver,20502,2019-11-01
20060,39679,online,silver,11078,2025-07-10
20061,39680,online,silver,5508,2026-05-25
20062,39681,flagship,bronze,2706,2020-11-24
20063,39682,flagship,platinum,29773,2025-12-28
20064,39682,express,silver,19583,2021-01-17
20065,39684,express,bronze,439,2023-06-18
20066,39686,standard,gold,3627,2025-01-14
20067,39686,express,bronze,47343,2020-02-12
20068,39687,express,bronze,46662,2020-01-27
20069,39689,flagship,silver,764,2022-10-23
20070,39690,standard,bronze,11866,2020-07-13
20071,39691,flagship,silver,9239,2025-06-29
20072,39694,standard,bronze,44643,2020-07-31
20073,39695,standard,gold,10620,2026-02-20
20074,39696,flagship,bronze,14634,2019-07-24
20075,39700,online,bronze,39637,2019-04-02
20076,39702,standard,bronze,6492,2023-06-24
20077,39703,flagship,bronze,4544,2019-06-01
20078,39704,flagship,bronze,9400,2022-05-03
20079,39705,standard,bronze,39987,2020-06-24
20080,39708,flagship,gold,30064,2021-12-16
20081,39711,online,bronze,34239,2024-07-05
20082,39713,standard,bronze,8277,2026-06-04
20083,39716,express,silver,45232,2024-05-28
20084,39720,standard,gold,34125,2020-08-17
20085,39722,flagship,silver,49083,2019-06-02
20086,39724,express,bronze,43785,2023-09-09
20087,39726,flagship,bronze,38981,2023-05-22
20088,39726,standard,silver,7497,2019-07-13
20089,39731,standard,silver,3496,2022-10-16
20090,39731,flagship,silver,28026,2021-02-08
20091,39733,flagship,gold,25377,2019-05-15
20092,39734,express,silver,37875,2026-04-23
20093,39735,express,silver,33568,2023-08-04
20094,39736,online,bronze,36467,2019-09-09
20095,39737,express,gold,23065,2026-05-06
20096,39742,express,platinum,28884,2025-04-13
20097,39742,flagship,silver,7844,2025-08-23
20098,39747,flagship,bronze,42890,2025-04-04
20099,39752,express,bronze,31270,2024-08-15
20100,39755,express,silver,19634,2019-03-14
20101,39756,standard,bronze,22660,2025-12-06
20102,39757,flagship,bronze,39121,2024-08-17
20103,39757,express,silver,22748,2021-07-26
20104,39758,standard,bronze,41921,2023-03-25
20105,39759,flagship,bronze,22344,2020-07-26
20106,39764,flagship,silver,25274,2022-10-08
20107,39766,flagship,bronze,17723,2019-11-13
20108,39767,standard,silver,10372,2021-01-15
20109,39767,online,platinum,34881,2023-04-25
20110,39769,online,bronze,42704,2019-12-26
20111,39772,online,bronze,3507,2021-02-05
20112,39773,standard,silver,48411,2022-02-23
20113,39773,flagship,bronze,4428,2022-07-15
20114,39774,express,bronze,5682,2025-12-13
20115,39775,standard,bronze,41606,2026-04-27
20116,39777,online,silver,49508,2019-05-17
20117,39778,online,bronze,25963,2024-10-19
20118,39779,standard,silver,36667,2020-02-15
20119,39784,online,silver,4709,2020-09-01
20120,39785,flagship,bronze,6108,2021-02-03
20121,39786,standard,gold,24451,2019-03-01
20122,39789,flagship,bronze,14946,2026-06-24
20123,39789,standard,bronze,28123,2021-06-01
20124,39792,express,silver,31395,2023-10-10
20125,39796,flagship,platinum,27516,2025-09-18
20126,39802,flagship,bronze,13325,2023-01-24
20127,39804,standard,gold,1793,2025-08-09
20128,39805,express,bronze,46352,2025-03-03
20129,39807,express,gold,39210,2026-01-28
20130,39808,express,bronze,40637,2022-09-17
20131,39810,online,platinum,16356,2021-12-02
20132,39811,express,silver,8360,2020-03-25
20133,39812,express,silver,48028,2024-03-18
20134,39812,standard,gold,31234,2025-07-02
20135,39816,flagship,silver,39395,2021-03-02
20136,39818,standard,platinum,0,2019-05-04
20137,39819,standard,bronze,20391,2020-02-02
20138,39823,online,silver,31416,2019-04-24
20139,39825,online,bronze,13945,2023-02-14
20140,39827,express,bronze,1469,2022-02-18
20141,39827,flagship,gold,8868,2019-11-29
20142,39830,online,gold,18661,2023-03-28
20143,39835,express,bronze,28043,2022-03-08
20144,39837,online,bronze,10221,2022-04-23
20145,39844,flagship,bronze,31585,2020-12-22
20146,39848,flagship,bronze,14856,2022-03-25
20147,39850,express,bronze,44289,2019-01-18
20148,39852,online,gold,31392,2022-06-14
20149,39854,standard,platinum,19440,2019-10-12
20150,39856,online,silver,20353,2023-03-20
20151,39861,express,bronze,31250,2023-08-04
20152,39862,express,silver,712,2021-09-14
20153,39863,standard,platinum,11979,2025-04-11
20154,39864,standard,bronze,2867,2024-11-18
20155,39865,standard,gold,36989,2022-05-14
20156,39866,express,gold,18803,2023-08-25
20157,39867,express,gold,29332,2025-02-17
20158,39869,online,silver,8424,2020-05-06
20159,39877,online,platinum,24740,2022-11-30
20160,39878,express,bronze,5013,2025-02-21
20161,39881,flagship,bronze,45800,2024-10-18
20162,39882,express,bronze,37669,2024-06-26
20163,39885,flagship,bronze,31423,2025-09-17
20164,39888,online,bronze,31156,2023-11-30
20165,39889,flagship,bronze,6770,2020-05-21
20166,39895,flagship,bronze,35596,2023-02-15
20167,39896,express,bronze,23595,2024-12-12
20168,39898,online,gold,15920,2020-07-11
20169,39900,standard,bronze,8545,2019-12-06
20170,39901,flagship,platinum,42372,2022-08-09
20171,39903,online,gold,23625,2023-05-15
20172,39903,flagship,bronze,32702,2021-12-29
20173,39907,flagship,bronze,45034,2024-12-17
20174,39909,standard,silver,36265,2023-03-13
20175,39914,standard,bronze,30307,2019-08-26
20176,39915,online,bronze,16533,2026-01-02
20177,39916,standard,silver,38617,2019-01-07
20178,39917,online,silver,8708,2026-01-11
20179,39918,online,bronze,49568,2023-07-01
20180,39919,standard,bronze,18014,2019-06-14
20181,39919,online,gold,49346,2022-05-28
20182,39921,express,gold,27787,2022-03-06
20183,39922,standard,bronze,29596,2026-01-24
20184,39924,standard,gold,3687,2021-11-22
20185,39925,online,bronze,36916,2019-02-07
20186,39927,standard,bronze,27344,2022-12-29
20187,39929,flagship,bronze,16655,2021-03-06
20188,39930,express,silver,33910,2019-04-05
20189,39933,online,gold,38854,2022-09-26
20190,39936,express,bronze,49435,2023-05-27
20191,39937,express,bronze,49394,2022-09-08
20192,39942,flagship,gold,19837,2022-08-18
20193,39943,flagship,bronze,40311,2025-12-11
20194,39945,flagship,platinum,7145,2023-07-13
20195,39947,flagship,silver,46759,2020-12-17
20196,39949,flagship,bronze,11755,2020-02-28
20197,39952,online,silver,49416,2024-06-29
20198,39952,standard,silver,48817,2021-07-08
20199,39953,flagship,bronze,11795,2019-01-09
20200,39955,express,silver,48237,2025-11-07
20201,39956,online,silver,14863,2025-09-26
20202,39957,flagship,bronze,31631,2019-05-02
20203,39959,flagship,gold,19521,2021-05-27
20204,39968,flagship,bronze,15992,2022-10-08
20205,39971,express,bronze,10875,2020-09-27
20206,39974,express,bronze,33002,2022-09-19
20207,39974,online,bronze,42312,2020-11-18
20208,39976,express,bronze,16145,2022-04-09
20209,39980,online,bronze,3383,2020-10-31
20210,39981,online,platinum,37545,2024-06-07
20211,39984,online,bronze,30728,2020-10-09
20212,39985,standard,bronze,22864,2021-08-23
20213,39987,flagship,bronze,49076,2026-03-11
20214,39988,standard,silver,35715,2020-10-20
20215,39989,standard,gold,9911,2021-04-27
20216,39990,online,bronze,42036,2022-01-07
20217,39994,standard,silver,32393,2025-02-04
20218,39995,online,silver,31067,2022-01-20
20219,39996,flagship,bronze,41519,2025-03-31
20220,40000,online,silver,3636,2019-07-24
