run_id,harvest_id,facility_location_id,run_date,output_volume_kg
1,2,7179,2026-03-08,5163.68
2,3,7178,2025-01-17,2431.21
3,4,7178,2025-03-21,6948.41
4,5,7177,2024-08-02,544.66
5,6,7178,2026-03-06,4886.85
6,7,7176,2025-06-17,4505.74
7,8,7179,2026-04-25,6854.05
8,9,7176,2024-03-30,374.94
9,9,7176,2025-08-23,832.1
10,10,7176,2025-07-20,830.67
11,10,7178,2024-05-07,1482.22
12,11,7176,2026-03-20,6473.4
13,12,7178,2024-08-19,1098.93
14,13,7176,2024-12-16,6384.98
15,14,7179,2025-01-23,2436.62
16,15,7177,2025-05-21,2951.31
17,15,7179,2024-03-21,5823.63
18,16,7176,2026-02-11,3510.71
19,17,7176,2024-01-24,2778.36
20,18,7177,2024-04-15,3319.12
21,19,7178,2026-03-15,7055.83
22,20,7176,2024-06-01,6216.04
23,21,7177,2025-03-28,2793.66
24,22,7176,2026-04-07,5060.0
25,22,7178,2024-06-20,2337.19
26,24,7176,2024-03-29,490.18
27,24,7179,2025-01-25,5025.8
28,26,7179,2024-12-29,6103.19
29,27,7176,2024-01-13,5291.5
30,28,7178,2024-12-23,5566.0
31,29,7176,2026-02-23,3976.4
32,30,7176,2025-03-18,1279.57
33,31,7179,2024-07-13,7210.4
34,32,7178,2024-03-10,2476.18
35,33,7176,2025-01-13,507.17
36,34,7177,2026-04-25,5521.52
37,35,7178,2025-09-17,2881.25
38,36,7177,2025-11-12,2004.13
39,37,7179,2024-06-13,3871.25
40,38,7176,2025-10-19,5667.97
41,39,7179,2026-06-16,5753.57
42,39,7177,2024-02-15,6097.24
43,40,7177,2024-05-14,1510.09
44,41,7176,2025-07-19,1435.75
45,41,7179,2024-12-10,5764.98
46,42,7176,2026-03-29,885.28
47,43,7178,2025-03-25,2318.61
48,44,7177,2026-02-13,6292.71
49,45,7179,2025-04-12,406.79
50,46,7178,2026-03-04,5598.93
51,47,7176,2024-07-22,2755.97
52,48,7177,2025-03-18,4264.91
53,49,7178,2025-07-04,7251.87
54,49,7176,2025-11-27,5541.76
55,50,7177,2025-09-13,5008.41
56,51,7178,2024-11-04,1502.31
57,52,7179,2026-01-24,4165.41
58,53,7176,2024-09-18,4176.75
59,54,7177,2026-06-06,2808.14
60,55,7179,2026-01-03,6965.81
61,55,7176,2024-08-22,4190.09
62,56,7177,2026-05-13,963.42
63,59,7178,2025-11-15,1188.45
64,60,7177,2024-11-13,1206.75
65,61,7179,2025-08-11,2395.38
66,61,7176,2026-06-30,3607.8
67,62,7176,2025-12-31,2185.33
68,63,7179,2025-11-13,3429.4
69,64,7177,2024-09-22,4187.11
70,65,7178,2024-01-23,427.21
71,65,7178,2026-03-10,6909.46
72,66,7179,2025-05-28,2439.46
73,67,7177,2025-07-17,284.91
74,68,7177,2026-01-22,6063.79
75,69,7179,2026-01-13,3723.22
76,69,7179,2025-11-15,3746.79
77,70,7178,2026-04-26,6447.93
78,71,7176,2025-11-19,6712.99
79,72,7177,2025-09-07,7268.78
80,73,7178,2025-08-09,2766.4
81,74,7178,2024-09-15,3047.19
82,76,7179,2026-06-29,5111.94
83,77,7177,2024-10-03,2670.22
84,78,7176,2025-01-07,5379.06
85,79,7176,2025-06-30,2949.58
86,80,7179,2024-03-01,5468.79
87,81,7179,2026-03-05,5139.05
88,81,7176,2026-06-16,2853.2
89,82,7179,2026-03-20,5598.28
90,83,7176,2025-02-21,5937.42
91,85,7178,2025-12-01,4901.26
92,86,7177,2024-10-31,7348.65
93,87,7176,2024-08-02,4336.38
94,88,7176,2024-08-30,7416.03
95,89,7176,2026-05-29,6051.63
96,90,7179,2024-08-09,7107.58
97,91,7178,2024-05-05,2299.84
98,92,7179,2026-05-16,1506.59
99,93,7177,2024-08-03,1336.56
100,94,7179,2025-06-03,3239.39
101,95,7179,2025-12-22,4715.51
102,96,7176,2024-12-08,2038.34
103,97,7178,2025-08-14,831.4
104,98,7176,2024-08-06,4170.48
105,99,7179,2025-03-07,2558.08
106,100,7178,2025-11-21,2797.68
107,100,7177,2024-03-09,1677.71
108,102,7176,2025-07-27,5775.67
109,102,7176,2024-04-02,6224.67
110,103,7178,2025-07-02,575.45
111,103,7178,2024-12-07,6854.43
112,104,7179,2024-09-21,1310.59
113,105,7178,2026-01-03,5352.48
114,106,7176,2024-01-01,2078.76
115,107,7176,2026-04-26,2024.38
116,108,7176,2025-05-23,6622.14
117,109,7179,2024-03-25,4847.19
118,110,7179,2026-01-25,6178.51
119,111,7178,2025-12-26,3746.24
120,112,7179,2026-05-06,5810.36
121,114,7178,2025-04-20,5068.55
122,115,7177,2024-04-15,4826.71
123,116,7178,2024-05-15,4210.67
124,117,7178,2024-01-10,5949.93
125,117,7177,2024-12-28,211.07
126,118,7179,2025-11-08,3775.89
127,118,7177,2024-04-16,734.57
128,119,7179,2024-12-01,6624.61
129,120,7179,2024-11-03,502.64
130,121,7176,2025-01-12,1238.58
131,122,7177,2024-12-24,1605.97
132,122,7176,2024-04-09,4137.02
133,123,7178,2025-03-26,6327.66
134,125,7176,2026-05-26,4918.04
135,126,7178,2025-01-20,2626.94
136,127,7177,2026-01-30,1212.2
137,129,7179,2024-08-19,5986.39
138,130,7179,2025-11-29,2512.39
139,131,7178,2025-01-04,1106.98
140,132,7176,2025-06-28,5683.47
141,132,7179,2024-01-19,3970.23
142,133,7177,2024-03-25,527.46
143,134,7177,2024-05-24,6079.16
144,135,7177,2024-08-27,3484.12
145,136,7178,2024-02-03,3055.11
146,137,7176,2024-03-03,765.82
147,138,7179,2024-01-14,4727.23
148,139,7176,2026-02-23,5781.72
149,140,7179,2024-05-29,4124.11
150,140,7177,2025-12-12,2297.38
151,141,7177,2024-12-12,2922.16
152,142,7178,2026-02-25,6965.26
153,142,7177,2024-10-23,7022.74
154,143,7177,2024-04-26,7195.95
155,144,7178,2024-06-24,5467.25
156,145,7176,2025-05-03,1164.28
157,146,7178,2024-11-28,6811.07
158,147,7178,2024-05-11,2835.34
159,148,7176,2024-08-03,3859.07
160,149,7178,2025-01-24,1590.96
161,149,7176,2026-03-28,6262.02
162,150,7178,2025-01-30,1354.66
163,151,7177,2025-11-06,6828.3
164,152,7179,2024-04-09,5850.45
165,152,7176,2024-01-08,1453.27
166,153,7179,2025-02-05,1809.73
167,154,7176,2024-08-08,2092.72
168,155,7176,2024-09-04,3265.61
169,156,7176,2025-02-22,6676.47
170,157,7178,2025-02-28,1326.98
171,158,7178,2026-03-12,6019.5
172,159,7177,2024-10-04,2331.02
173,160,7177,2025-03-14,6074.93
174,160,7179,2026-01-11,3476.94
175,161,7177,2024-05-06,158.57
176,162,7176,2024-05-03,1858.0
177,163,7179,2025-08-15,3841.37
178,164,7176,2024-06-27,2111.08
179,165,7177,2024-01-09,1652.62
180,166,7176,2024-02-13,3767.63
181,167,7176,2026-01-23,888.04
182,168,7177,2024-05-28,6360.67
183,169,7176,2025-10-20,4656.43
184,170,7176,2024-02-15,3905.48
185,171,7179,2026-04-12,5502.23
186,172,7179,2025-11-24,1216.61
187,173,7178,2025-08-09,5769.49
188,174,7177,2025-12-25,4382.74
189,175,7176,2026-05-02,5233.63
190,176,7178,2025-10-21,5606.18
191,177,7177,2025-02-22,1544.14
192,180,7176,2025-02-15,4622.22
193,181,7178,2024-02-21,3766.08
194,181,7179,2024-04-16,5884.62
195,182,7177,2024-07-22,7382.8
196,183,7176,2024-08-21,3309.95
197,184,7178,2025-07-08,6165.16
198,185,7179,2024-05-05,4303.47
199,186,7178,2024-07-01,1976.12
200,187,7176,2026-05-18,6463.54
201,188,7177,2024-08-22,6391.34
202,189,7176,2025-08-26,2133.53
203,189,7176,2024-01-03,1182.01
204,191,7179,2026-03-01,4415.01
205,192,7178,2024-07-06,5244.27
206,193,7176,2026-06-22,7204.21
207,194,7176,2025-10-24,255.0
208,196,7179,2026-06-08,2866.77
209,197,7176,2026-02-20,6294.16
210,198,7176,2025-12-06,6197.43
211,199,7177,2026-02-02,4916.33
212,201,7177,2025-02-01,2598.26
213,201,7177,2026-03-06,6284.9
214,202,7178,2025-08-05,847.85
215,202,7178,2025-01-27,1963.23
216,203,7179,2026-01-22,6074.99
217,204,7176,2025-07-24,557.64
218,205,7178,2024-04-04,1851.71
219,207,7177,2026-01-23,4784.15
220,208,7177,2026-05-18,4555.51
221,209,7176,2024-11-30,6095.19
222,210,7176,2024-05-05,2235.15
223,211,7177,2025-03-06,4543.98
224,211,7178,2024-11-05,2268.58
225,212,7178,2026-02-19,6509.36
226,213,7177,2026-02-11,1035.15
227,214,7178,2026-06-26,2098.32
228,215,7179,2025-10-14,4859.46
229,216,7178,2024-10-15,2756.17
230,217,7178,2025-07-07,6486.23
231,218,7176,2025-12-03,6249.2
232,219,7178,2025-05-20,5090.43
233,220,7178,2024-09-03,1524.15
234,221,7178,2025-10-24,5853.28
235,223,7176,2024-02-15,1329.41
236,223,7177,2025-05-07,7443.63
237,224,7177,2025-10-06,2958.67
238,226,7177,2025-08-08,985.19
239,227,7176,2026-01-24,6923.13
240,228,7179,2025-03-11,7396.52
241,229,7178,2024-03-14,6537.54
242,230,7177,2026-01-23,3725.01
243,231,7178,2024-10-07,6308.04
244,232,7177,2024-02-08,375.18
245,233,7177,2025-02-08,7361.45
246,234,7179,2024-01-01,7163.32
247,235,7177,2024-08-17,1538.35
248,236,7177,2025-05-31,2708.93
249,238,7178,2026-02-15,1320.39
250,239,7179,2024-04-04,932.31
251,240,7177,2026-02-06,4467.52
252,241,7176,2024-05-19,4661.12
253,242,7179,2024-10-17,972.11
254,243,7179,2025-10-28,835.96
255,244,7177,2026-01-02,1557.09
256,245,7176,2025-09-23,2415.86
257,246,7177,2025-03-04,7042.54
258,249,7177,2026-04-15,6961.47
259,250,7178,2024-03-01,5823.26
260,251,7178,2024-10-15,4736.3
261,252,7178,2025-07-23,1044.99
262,253,7178,2026-06-19,6656.28
263,253,7178,2025-12-31,4797.66
264,254,7176,2024-05-11,7215.02
265,255,7179,2024-07-23,3456.76
266,256,7177,2025-03-28,748.95
267,256,7178,2025-02-28,6309.62
268,258,7177,2026-01-10,1282.0
269,259,7179,2025-05-20,1228.62
270,260,7177,2025-06-16,846.46
271,260,7176,2024-11-09,2213.83
272,261,7176,2025-11-30,1514.01
273,262,7177,2026-02-28,417.71
274,264,7179,2025-03-23,3751.86
275,265,7177,2026-02-07,6952.06
276,266,7179,2025-07-02,3941.79
277,267,7177,2025-09-24,482.89
278,268,7178,2024-07-31,5311.88
279,268,7177,2025-05-27,1502.33
280,269,7178,2025-12-31,3933.79
281,270,7178,2024-03-27,3603.02
282,271,7177,2025-11-09,5296.24
283,272,7176,2025-09-22,1007.55
284,273,7178,2025-05-10,222.88
285,274,7179,2025-02-07,1246.78
286,274,7178,2025-10-16,1006.34
287,275,7178,2024-07-12,7074.93
288,276,7177,2025-05-19,3272.51
289,278,7179,2026-01-24,2630.02
290,279,7177,2024-04-17,3331.45
291,281,7179,2025-06-20,5400.5
292,281,7178,2025-08-29,2624.02
293,283,7176,2025-09-29,680.21
294,284,7176,2025-12-07,638.49
295,284,7179,2025-01-25,1753.31
296,285,7177,2026-02-25,3438.14
297,285,7179,2025-03-04,5467.14
298,286,7176,2024-09-03,7428.13
299,286,7178,2025-01-14,4495.11
300,287,7178,2026-02-26,6282.1
301,288,7179,2024-09-09,178.44
302,289,7178,2026-02-23,2692.02
303,290,7176,2025-08-15,6168.33
304,290,7178,2024-11-04,6543.5
305,291,7178,2025-05-09,1325.0
306,293,7177,2026-04-28,325.82
307,294,7179,2025-01-15,1177.28
308,295,7177,2026-06-14,3343.58
309,296,7178,2024-03-17,5933.96
310,296,7179,2025-02-20,4246.54
311,297,7177,2025-04-07,2431.77
312,298,7177,2025-03-31,5624.95
313,299,7178,2025-01-09,3703.28
314,300,7179,2025-06-12,584.51
315,301,7176,2024-12-07,7239.75
316,301,7179,2024-05-27,7182.97
317,302,7178,2025-01-14,3248.79
318,303,7178,2024-09-08,4120.07
319,303,7177,2024-11-11,5421.74
320,304,7179,2024-09-29,193.2
321,305,7179,2025-09-06,1158.3
322,306,7177,2025-07-09,836.09
323,307,7179,2025-04-17,2649.66
324,308,7178,2026-03-17,5655.16
325,309,7176,2024-08-19,3701.22
326,310,7178,2026-04-16,4315.81
327,310,7179,2025-12-26,1408.0
328,311,7179,2024-04-13,608.81
329,312,7176,2025-12-16,1687.4
330,315,7176,2024-08-25,2422.55
331,316,7179,2025-04-12,2435.93
332,317,7176,2024-04-22,2174.72
333,318,7177,2024-11-17,2632.89
334,319,7179,2026-06-23,5933.78
335,320,7179,2024-07-16,4048.1
336,321,7179,2024-08-27,6064.54
337,322,7179,2024-08-18,4843.29
338,323,7178,2025-10-18,4739.93
339,324,7177,2025-04-29,4839.79
340,325,7177,2025-04-11,3735.53
341,326,7179,2025-01-15,2686.51
342,327,7178,2024-08-31,3383.96
343,328,7178,2024-10-10,6523.85
344,329,7177,2026-06-16,6495.18
345,330,7179,2026-06-04,3128.92
346,330,7178,2026-05-01,1017.85
347,331,7176,2026-04-07,1950.29
348,331,7176,2024-06-17,3925.05
349,332,7178,2024-04-14,2053.07
350,333,7179,2024-01-09,4226.29
351,334,7178,2025-01-17,3085.07
352,335,7176,2025-04-15,1383.57
353,336,7178,2024-02-14,222.18
354,337,7178,2024-03-03,2970.69
355,338,7177,2024-02-11,2642.15
356,339,7179,2024-05-10,1932.05
357,339,7178,2025-09-16,428.82
358,341,7176,2024-12-18,1014.94
359,342,7178,2025-03-26,4164.49
360,343,7178,2024-12-12,2541.54
361,344,7179,2025-09-08,1713.74
362,345,7178,2025-10-01,3607.32
363,346,7178,2026-04-02,4398.29
364,346,7176,2025-03-16,5991.71
365,347,7179,2026-03-20,565.41
366,349,7177,2024-06-20,4664.42
367,350,7176,2025-09-27,2977.48
368,351,7179,2026-05-07,5631.44
369,351,7176,2025-02-14,5865.8
370,352,7177,2025-12-24,6712.84
371,353,7177,2025-02-19,2621.24
372,354,7177,2025-01-17,2090.56
373,355,7179,2024-08-10,4911.9
374,356,7178,2024-06-05,1517.63
375,357,7177,2025-03-23,3027.32
376,358,7179,2025-10-01,6070.52
377,358,7177,2026-06-18,989.63
378,359,7178,2025-01-05,6856.24
379,360,7176,2024-03-30,6348.89
380,360,7178,2026-06-02,2215.5
381,361,7176,2025-06-16,2580.69
382,362,7177,2024-05-14,5037.67
383,363,7179,2024-01-22,3310.33
384,364,7178,2025-02-06,6710.84
385,366,7176,2025-11-13,4631.39
386,367,7176,2024-02-27,1993.12
387,368,7177,2025-04-25,7233.16
388,369,7178,2026-02-12,6653.85
389,370,7177,2025-03-17,2012.67
390,371,7176,2026-01-31,1044.62
391,372,7177,2024-02-20,3753.74
392,372,7178,2025-07-29,3526.08
393,373,7179,2025-12-06,3188.82
394,374,7176,2026-06-15,4797.2
395,375,7177,2025-04-26,6819.42
396,376,7177,2025-09-06,1281.82
397,377,7176,2025-08-22,4112.66
398,378,7177,2025-01-01,4768.95
399,379,7179,2025-04-24,3985.64
400,380,7178,2024-06-22,6926.18
401,380,7179,2025-08-20,1053.94
402,381,7178,2024-09-01,1564.29
403,382,7177,2026-03-19,6437.7
404,383,7177,2025-11-30,274.69
405,383,7178,2025-05-06,7098.46
406,384,7179,2024-08-27,1221.13
407,385,7176,2024-08-04,4403.32
408,387,7177,2025-04-13,4342.85
409,388,7178,2025-10-26,5606.39
410,389,7178,2024-11-08,1509.62
411,389,7178,2026-04-21,2082.15
412,390,7178,2025-07-31,1964.87
413,391,7176,2026-02-26,4344.03
414,392,7176,2024-03-16,4900.89
415,393,7177,2026-04-20,192.07
416,396,7176,2024-02-13,6768.62
417,396,7176,2026-06-17,450.37
418,397,7179,2024-08-08,4474.47
419,398,7176,2024-08-10,1847.39
420,399,7176,2024-04-02,6913.48
421,400,7178,2024-08-14,5825.38
422,401,7179,2024-04-29,4160.32
423,402,7177,2024-09-24,1057.91
424,402,7177,2025-12-15,2531.82
425,403,7179,2025-06-27,5692.15
426,404,7176,2025-01-31,4789.02
427,405,7178,2026-05-29,5977.97
428,406,7179,2026-05-31,5813.0
429,407,7176,2026-03-13,6600.53
430,408,7176,2024-01-20,3428.2
431,409,7178,2026-01-09,5522.15
432,410,7179,2026-04-04,3011.25
433,411,7178,2025-07-02,2623.92
434,413,7176,2025-01-31,7035.03
435,414,7178,2026-03-14,1677.8
436,415,7178,2026-02-19,2924.21
437,416,7178,2024-07-11,7383.21
438,416,7176,2025-03-08,4740.7
439,417,7177,2024-06-12,2105.03
440,417,7178,2025-10-01,641.01
441,418,7177,2025-05-16,1573.08
442,418,7178,2025-09-24,6776.47
443,419,7176,2024-08-30,4734.21
444,420,7178,2024-10-19,5627.0
445,421,7179,2026-06-06,2298.77
446,422,7179,2026-03-23,3547.14
447,423,7176,2024-09-28,5457.19
448,424,7178,2025-12-14,3826.02
449,425,7179,2024-06-21,938.07
450,426,7178,2026-06-29,866.64
451,427,7178,2025-01-19,5871.79
452,428,7177,2025-02-24,1418.55
453,429,7176,2024-06-29,6593.87
454,430,7178,2025-10-04,4369.32
455,430,7179,2026-05-29,1931.96
456,431,7178,2026-02-14,3779.73
457,432,7176,2025-03-26,4117.79
458,433,7176,2026-01-22,587.87
459,434,7177,2025-10-13,601.45
460,435,7176,2025-02-07,5688.83
461,436,7176,2025-11-03,6385.0
462,437,7176,2024-10-19,3781.39
463,438,7179,2024-03-26,6940.28
464,439,7178,2025-12-27,5458.28
465,439,7177,2026-05-31,2084.71
466,440,7178,2026-02-15,1794.46
467,441,7177,2025-03-27,2205.64
468,442,7179,2025-06-11,2991.68
469,443,7178,2024-10-08,4439.85
470,444,7179,2024-04-30,6969.67
471,445,7177,2026-06-10,4294.16
472,446,7177,2024-05-16,7294.6
473,447,7179,2024-07-24,5951.61
474,447,7177,2024-01-18,6233.33
475,448,7176,2025-10-10,1850.58
476,449,7178,2024-02-22,3792.85
477,451,7179,2024-03-11,5747.31
478,451,7177,2026-04-29,6163.52
479,452,7178,2024-04-27,5725.95
480,453,7179,2024-10-20,4682.16
481,455,7177,2025-02-18,701.34
482,456,7176,2025-02-03,4464.12
483,457,7178,2026-04-29,2359.57
484,458,7177,2026-06-09,5807.83
485,459,7177,2024-10-07,3172.61
486,461,7177,2026-02-15,3114.25
487,462,7179,2025-03-01,7304.25
488,463,7179,2024-11-12,1625.09
489,464,7179,2025-12-14,2834.68
490,465,7176,2025-05-28,2215.08
491,467,7177,2024-05-13,1643.79
492,468,7176,2024-04-08,4546.19
493,469,7178,2024-10-29,1963.54
494,470,7178,2024-10-15,2196.55
495,471,7179,2024-04-25,3341.86
496,472,7178,2024-09-12,6359.54
497,473,7177,2026-05-11,3907.58
498,474,7178,2024-02-14,4816.15
499,475,7177,2024-07-27,2349.61
500,476,7176,2025-12-06,5846.16
501,477,7177,2025-10-07,3851.52
502,477,7179,2024-01-17,4252.35
503,478,7176,2025-07-13,1570.5
504,479,7176,2024-03-23,2878.7
505,480,7178,2025-05-02,2594.2
506,481,7176,2026-01-26,1458.38
507,482,7176,2024-05-15,1535.63
508,483,7179,2024-05-25,7399.88
509,484,7178,2024-06-26,5755.9
510,485,7177,2025-07-24,5841.37
511,485,7178,2025-12-11,1139.37
512,487,7179,2025-01-16,3941.63
513,488,7177,2025-06-18,4036.3
514,489,7177,2025-02-01,5493.82
515,490,7178,2024-04-10,5866.78
516,490,7176,2024-07-21,2462.01
517,491,7177,2025-02-12,2338.77
518,492,7179,2025-05-06,6838.94
519,493,7179,2024-04-12,560.32
520,494,7178,2024-07-26,2530.35
521,495,7176,2024-02-05,4113.07
522,496,7176,2026-04-07,6997.93
523,497,7177,2026-03-08,3521.74
524,498,7178,2024-03-03,5942.86
525,499,7176,2025-05-28,590.98
526,500,7176,2025-01-20,2268.76
527,501,7178,2025-03-17,3665.04
528,502,7178,2025-12-18,4862.8
529,502,7178,2025-02-15,2694.8
530,503,7177,2025-11-14,1773.32
531,504,7179,2025-03-07,2630.47
532,505,7177,2024-06-13,3515.71
533,506,7179,2024-01-06,5793.0
534,507,7176,2024-10-20,6557.9
535,508,7176,2024-09-23,6611.79
536,509,7179,2026-03-11,4760.16
537,510,7176,2025-02-13,675.05
538,511,7176,2024-01-20,4915.98
539,512,7176,2025-03-31,6064.93
540,513,7178,2025-07-05,3618.28
541,515,7178,2025-05-05,6650.74
542,516,7179,2025-03-22,7335.18
543,517,7176,2025-04-18,2829.75
544,517,7179,2025-08-16,3579.41
545,518,7177,2024-10-27,1269.42
546,519,7179,2024-12-29,3067.84
547,519,7176,2026-01-12,7314.23
548,520,7178,2024-03-04,1288.67
549,522,7178,2026-03-11,4774.3
550,523,7176,2025-04-16,7124.47
551,524,7176,2025-08-10,3111.09
552,525,7178,2024-06-13,875.01
553,525,7177,2025-09-12,6497.81
554,526,7179,2024-10-29,7494.14
555,527,7179,2026-06-26,3824.08
556,529,7179,2024-01-08,3518.27
557,531,7177,2024-02-27,2790.85
558,532,7177,2025-04-22,1967.15
559,533,7179,2025-05-06,6824.22
560,534,7176,2024-04-18,2931.16
561,535,7177,2025-04-20,2106.62
562,536,7179,2024-03-09,6542.64
563,537,7176,2024-10-07,7000.16
564,538,7178,2026-03-07,3107.67
565,539,7178,2026-06-02,1226.22
566,540,7179,2025-05-20,1176.49
567,541,7179,2025-09-30,5661.09
568,542,7176,2025-05-07,5396.67
569,543,7179,2025-11-07,5214.52
570,544,7177,2024-05-25,268.88
571,545,7179,2025-11-08,2127.32
572,546,7177,2024-03-10,3464.64
573,547,7176,2024-12-09,3470.0
574,548,7176,2025-05-28,4153.63
575,548,7178,2024-04-28,1259.94
576,549,7179,2025-07-21,1914.77
577,550,7176,2024-05-25,1938.35
578,551,7179,2024-10-26,6121.21
579,552,7179,2025-09-15,5579.81
580,553,7177,2025-09-11,5920.86
581,554,7179,2025-05-17,4601.49
582,555,7176,2024-06-01,1131.5
583,556,7177,2025-09-12,1735.52
584,557,7176,2026-04-09,5267.03
585,558,7176,2025-09-02,2404.58
586,559,7179,2024-11-23,2436.25
587,560,7177,2025-12-29,564.66
588,560,7177,2025-08-08,5486.78
589,561,7179,2025-10-20,7009.54
590,562,7178,2024-12-13,5615.83
591,563,7177,2024-01-17,6133.92
592,564,7177,2026-01-06,373.21
593,565,7179,2024-09-11,6408.03
594,566,7177,2025-01-19,5739.57
595,567,7177,2024-04-06,1668.42
596,567,7179,2026-03-03,3293.99
597,568,7177,2024-05-24,1623.26
598,569,7177,2025-08-09,516.62
599,570,7176,2024-06-12,839.73
600,571,7177,2024-02-06,4067.03
601,572,7178,2026-02-13,6405.11
602,573,7179,2025-06-20,493.39
603,575,7178,2025-12-02,2798.3
604,576,7179,2026-02-26,5325.74
605,577,7176,2025-11-22,3896.69
606,578,7177,2025-09-22,7163.5
607,580,7179,2025-05-11,3703.26
608,581,7177,2026-01-29,5875.86
609,582,7176,2025-01-07,2006.3
610,583,7177,2025-02-20,7399.62
611,584,7179,2025-01-05,1893.62
612,585,7178,2024-10-31,4898.3
613,586,7177,2025-07-30,6332.13
614,587,7179,2024-12-20,5379.67
615,587,7177,2025-01-15,5123.88
616,588,7177,2026-05-14,4444.84
617,589,7179,2025-07-17,518.79
618,590,7177,2024-05-02,4735.56
619,591,7178,2024-10-10,3262.09
620,592,7177,2024-05-29,4465.86
621,593,7179,2026-01-27,277.48
622,594,7177,2025-12-05,5242.34
623,595,7176,2026-01-10,6478.26
624,596,7179,2024-01-01,1846.86
625,597,7178,2024-10-05,2857.49
626,597,7176,2025-07-31,1709.46
627,598,7176,2026-04-03,6715.32
628,599,7177,2026-05-18,6215.31
629,599,7178,2025-05-10,5567.78
630,600,7176,2025-08-23,7069.19
631,601,7177,2026-05-08,7059.35
632,602,7178,2025-12-09,411.57
633,604,7179,2025-09-26,7068.78
634,604,7177,2024-11-01,6383.43
635,605,7178,2025-05-30,5911.46
636,606,7176,2025-02-09,763.54
637,607,7177,2025-01-16,3232.57
638,608,7178,2026-03-07,6922.93
639,608,7176,2024-03-27,3757.24
640,611,7178,2024-12-03,5864.97
641,611,7179,2025-10-06,214.67
642,612,7177,2025-04-02,6976.7
643,613,7179,2025-05-14,283.75
644,613,7176,2025-08-13,559.73
645,614,7176,2025-05-05,4622.61
646,615,7177,2024-10-04,3209.78
647,616,7178,2024-02-07,1126.45
648,617,7178,2026-03-27,7343.41
649,618,7176,2025-12-29,3163.67
650,619,7176,2025-07-11,6851.51
651,620,7179,2025-03-20,683.11
652,621,7179,2026-06-04,1609.0
653,622,7179,2026-05-22,1073.07
654,623,7177,2025-09-06,7056.11
655,624,7177,2025-07-24,3286.73
656,625,7177,2025-02-28,3680.87
657,626,7178,2025-10-12,2791.77
658,627,7179,2024-06-10,6472.45
659,628,7179,2025-08-06,5942.94
660,629,7178,2025-10-14,1605.15
661,630,7179,2025-12-09,5613.1
662,631,7178,2025-02-13,6231.06
663,632,7177,2025-11-16,192.26
664,632,7179,2025-09-28,5752.17
665,633,7179,2026-04-17,3791.58
666,634,7178,2026-06-01,474.02
667,635,7179,2025-02-09,1543.75
668,636,7178,2026-02-06,1150.81
669,636,7176,2025-10-10,6883.03
670,637,7179,2026-04-09,5598.82
671,639,7176,2026-04-28,643.4
672,640,7176,2024-12-05,6266.55
673,641,7177,2024-11-29,6069.89
674,642,7176,2025-02-07,4015.38
675,643,7178,2024-12-04,537.9
676,644,7177,2025-07-18,567.27
677,645,7176,2024-03-09,6441.14
678,646,7179,2024-01-03,3821.88
679,646,7179,2024-02-29,3244.18
680,648,7176,2026-01-07,5716.59
681,648,7178,2025-08-06,6963.56
682,649,7179,2025-11-07,1369.33
683,650,7176,2024-08-09,4271.85
684,650,7176,2024-09-27,1922.41
685,651,7177,2025-12-05,897.28
686,652,7178,2025-01-17,5040.99
687,653,7179,2025-09-07,382.24
688,654,7179,2025-07-16,2794.76
689,654,7179,2024-11-20,5981.72
690,655,7179,2025-07-14,3981.82
691,658,7176,2024-07-16,823.02
692,659,7178,2024-08-16,6068.78
693,659,7179,2025-11-06,3695.88
694,660,7176,2024-04-24,1198.29
695,661,7178,2025-06-15,6738.07
696,664,7176,2024-06-17,3229.51
697,665,7179,2026-01-24,1804.35
698,666,7179,2025-05-14,7022.01
699,667,7178,2024-10-02,5148.02
700,668,7176,2025-08-21,1337.47
701,669,7177,2026-05-13,5996.25
702,670,7178,2024-06-15,3454.0
703,671,7179,2024-09-04,259.48
704,672,7177,2024-01-23,7429.12
705,674,7179,2025-11-13,7201.08
706,675,7178,2026-01-14,2826.03
707,676,7176,2024-05-19,5422.43
708,676,7177,2024-10-18,839.8
709,677,7179,2024-08-02,1568.39
710,677,7176,2025-03-29,3497.73
711,678,7177,2025-11-08,1785.3
712,679,7179,2024-12-27,6360.95
713,680,7178,2024-03-01,2838.96
714,680,7179,2024-08-13,2669.75
715,681,7179,2024-07-17,4480.52
716,682,7177,2024-09-09,2677.14
717,683,7177,2024-05-21,4054.15
718,684,7176,2024-09-03,5636.89
719,685,7176,2024-12-17,6473.36
720,686,7179,2025-08-19,934.9
721,687,7176,2024-07-24,5341.76
722,689,7179,2025-10-12,6334.9
723,690,7177,2025-09-27,1759.39
724,691,7177,2025-10-25,4384.74
725,692,7176,2026-02-18,6023.4
726,694,7176,2026-01-05,4497.36
727,695,7179,2025-07-17,4159.47
728,696,7176,2024-02-12,1229.26
729,697,7177,2025-01-31,6628.01
730,698,7178,2024-03-15,4620.36
731,699,7176,2026-04-10,7136.17
732,700,7176,2026-06-23,2084.65
733,701,7177,2025-04-04,7498.93
734,702,7177,2025-02-08,2646.13
735,703,7178,2024-06-07,7440.46
736,704,7176,2026-04-26,7416.86
737,705,7176,2024-04-03,6966.3
738,706,7176,2024-01-17,1945.31
739,707,7177,2026-06-30,1247.89
740,708,7179,2025-09-25,502.42
741,709,7179,2024-08-01,4479.65
742,710,7178,2025-07-11,6457.04
743,711,7179,2026-06-24,1926.38
744,712,7179,2024-06-06,5646.17
745,713,7179,2026-05-22,1707.92
746,714,7176,2025-03-09,4669.52
747,715,7176,2025-04-23,3814.67
748,716,7178,2026-05-01,4184.5
749,718,7176,2026-01-20,4873.82
750,719,7177,2025-03-18,918.21
751,720,7177,2024-11-12,2602.86
752,721,7177,2025-07-27,909.3
753,722,7176,2025-11-20,6170.44
754,722,7177,2025-12-15,6569.15
755,723,7179,2025-09-07,2553.43
756,724,7177,2025-05-29,6855.11
757,725,7179,2025-04-08,2180.1
758,726,7176,2025-12-23,2364.95
759,727,7178,2024-05-22,7311.5
760,729,7179,2025-05-05,5416.03
761,730,7179,2024-07-05,4055.82
762,731,7179,2025-11-12,2244.03
763,732,7179,2025-06-02,2855.08
764,733,7179,2024-08-04,1663.97
765,735,7177,2024-09-25,523.31
766,735,7177,2026-04-23,2494.98
767,736,7178,2024-12-05,1289.72
768,737,7177,2024-09-11,3683.03
769,738,7179,2024-11-18,5806.44
770,739,7176,2025-01-02,618.6
771,740,7179,2024-02-21,4407.32
772,741,7176,2024-07-31,2574.51
773,742,7179,2025-01-28,5320.51
774,743,7177,2025-06-06,3426.08
775,744,7176,2024-12-10,6829.81
776,745,7178,2024-11-22,1287.88
777,746,7176,2024-03-12,6801.55
778,747,7178,2026-02-06,6633.88
779,748,7178,2024-04-16,5971.61
780,748,7179,2025-07-22,3079.98
781,749,7177,2024-12-24,6814.63
782,750,7178,2025-04-20,4872.59
783,752,7177,2024-05-07,1064.76
784,753,7178,2024-03-07,3364.96
785,754,7176,2025-04-17,3629.82
786,755,7177,2024-03-21,5932.63
787,755,7178,2024-12-27,2210.25
788,756,7177,2024-12-14,6135.34
789,757,7176,2024-07-10,214.52
790,758,7177,2025-07-12,4081.76
791,758,7179,2025-03-23,3772.78
792,759,7177,2025-02-08,1204.03
793,760,7179,2024-03-13,2320.25
794,760,7178,2024-08-24,2000.53
795,761,7176,2026-03-16,3931.78
796,762,7179,2025-10-03,7354.67
797,763,7176,2025-03-10,326.94
798,764,7179,2024-02-16,5796.68
799,765,7179,2025-08-16,5694.24
800,766,7177,2026-04-06,6314.28
801,766,7179,2025-08-24,3447.17
802,767,7179,2026-05-10,4471.67
803,768,7177,2026-06-27,5464.92
804,769,7176,2024-05-26,2380.36
805,770,7178,2024-03-27,5836.77
806,771,7178,2025-07-07,7100.4
807,772,7178,2025-11-25,3532.57
808,773,7179,2025-12-13,1878.51
809,774,7178,2025-04-14,850.95
810,774,7177,2024-08-22,5604.83
811,775,7176,2025-12-21,1188.07
812,776,7179,2025-10-13,818.8
813,777,7177,2024-08-29,1892.61
814,778,7179,2024-04-01,2630.29
815,779,7176,2025-12-20,7122.35
816,780,7178,2025-10-13,2560.26
817,780,7176,2025-02-09,1303.5
818,781,7177,2025-10-25,7327.98
819,782,7177,2026-06-14,4516.87
820,783,7177,2025-08-22,2023.95
821,784,7178,2026-02-26,1206.42
822,785,7177,2025-02-08,5233.05
823,786,7177,2025-10-16,370.78
824,787,7176,2026-03-29,1764.51
825,789,7176,2025-07-29,6267.08
826,789,7178,2024-04-28,6861.13
827,790,7176,2026-05-31,7001.11
828,791,7177,2025-07-06,3425.64
829,792,7176,2026-03-11,6210.8
830,793,7178,2025-02-03,5246.41
831,794,7176,2025-11-18,6827.58
832,795,7177,2024-02-02,5661.37
833,796,7178,2026-04-12,2880.62
834,797,7179,2025-12-19,2371.06
835,799,7177,2025-04-04,1871.82
836,799,7177,2025-02-01,1939.51
837,800,7178,2025-01-08,3025.38
838,801,7178,2025-07-16,456.43
839,802,7177,2025-05-20,3550.08
840,803,7177,2025-05-18,1879.66
841,804,7178,2024-04-27,3318.79
842,804,7177,2024-12-12,5105.37
843,805,7177,2025-04-17,1608.76
844,805,7179,2025-07-16,1787.33
845,806,7179,2026-02-23,307.49
846,807,7176,2025-02-17,5093.21
847,808,7177,2025-03-12,7264.05
848,808,7179,2025-03-21,1067.35
849,809,7179,2025-12-02,1989.81
850,810,7177,2026-02-06,2674.66
851,811,7176,2024-02-24,2815.06
852,812,7177,2025-05-08,3192.24
853,813,7177,2025-12-19,4804.7
854,814,7176,2024-05-15,4217.16
855,815,7177,2026-05-10,7485.47
856,816,7176,2025-01-10,288.83
857,818,7178,2025-11-14,5948.78
858,819,7177,2024-06-20,7056.94
859,820,7176,2025-01-10,5166.42
860,821,7179,2026-03-09,249.73
861,822,7176,2025-10-04,712.73
862,823,7177,2025-12-06,4962.05
863,825,7177,2024-08-19,4017.02
864,826,7179,2024-01-27,322.0
865,827,7178,2025-01-28,4893.62
866,829,7176,2025-09-07,5346.79
867,830,7178,2024-09-11,1619.07
868,831,7176,2025-03-08,3095.03
869,832,7177,2024-10-01,4575.93
870,832,7176,2024-06-12,6472.1
871,835,7177,2025-12-15,3789.6
872,836,7177,2024-01-07,5577.12
873,836,7177,2026-04-05,4490.39
874,837,7176,2025-06-06,6994.3
875,838,7179,2026-05-27,3836.42
876,839,7178,2025-05-18,3007.55
877,841,7177,2024-10-25,4774.51
878,842,7176,2025-05-23,565.92
879,843,7179,2024-09-04,1383.53
880,844,7179,2025-09-19,690.35
881,844,7178,2025-09-14,1347.62
882,845,7179,2025-05-30,1068.17
883,846,7179,2024-02-15,7244.32
884,847,7177,2024-10-23,764.78
885,848,7177,2025-11-08,4603.13
886,851,7177,2024-04-12,793.22
887,852,7178,2024-02-15,6132.83
888,853,7178,2024-07-18,3107.49
889,854,7179,2024-12-01,2189.6
890,855,7176,2026-02-04,6260.07
891,856,7179,2025-04-16,5718.57
892,857,7177,2024-09-27,512.35
893,857,7178,2024-01-05,1182.73
894,858,7178,2026-04-01,3377.99
895,859,7178,2024-06-23,5668.4
896,860,7179,2026-03-09,262.32
897,861,7178,2025-11-18,6719.21
898,861,7179,2025-06-23,4971.47
899,863,7177,2024-12-02,247.77
900,864,7179,2024-03-28,3422.62
901,865,7179,2026-03-15,2284.61
902,867,7179,2024-03-07,4579.86
903,868,7179,2026-01-19,506.8
904,869,7178,2024-04-12,5744.81
905,870,7177,2024-01-27,1385.1
906,870,7178,2025-05-04,3238.99
907,872,7176,2024-03-14,4913.88
908,873,7179,2026-03-21,7072.59
909,873,7179,2025-12-28,7054.83
910,874,7176,2024-06-30,6053.54
911,875,7176,2025-03-31,655.62
912,876,7176,2026-06-16,6079.91
913,877,7177,2025-07-07,6764.38
914,878,7177,2024-11-07,925.64
915,879,7177,2026-02-26,7329.31
916,879,7179,2024-01-20,1172.98
917,880,7179,2025-01-20,5262.85
918,881,7177,2025-09-13,234.03
919,882,7178,2025-04-19,2962.44
920,883,7176,2024-11-21,5671.38
921,884,7179,2024-08-19,2343.28
922,884,7176,2025-08-30,5390.29
923,885,7176,2024-02-09,1720.93
924,885,7179,2025-09-11,3825.54
925,886,7178,2024-01-25,6400.81
926,887,7177,2024-07-31,5866.25
927,888,7178,2026-06-28,5925.9
928,889,7176,2024-12-04,2628.2
929,891,7179,2024-09-05,1187.04
930,892,7177,2026-04-21,7059.47
931,893,7177,2024-03-30,4639.51
932,894,7177,2024-10-26,979.05
933,896,7177,2025-12-20,4221.78
934,897,7178,2024-11-26,6465.68
935,898,7176,2025-06-11,3752.16
936,899,7179,2025-05-23,1066.27
937,900,7176,2024-06-21,5031.87
938,901,7177,2025-11-19,7314.24
939,902,7177,2026-03-10,7157.2
940,903,7179,2026-04-13,1864.33
941,904,7178,2025-01-18,6347.36
942,905,7178,2024-01-13,5512.9
943,906,7178,2026-01-25,4592.06
944,908,7176,2025-06-23,6560.52
945,909,7176,2024-11-04,1189.76
946,911,7177,2025-06-01,6661.5
947,911,7179,2025-10-17,6677.56
948,915,7178,2025-06-08,4922.63
949,915,7176,2026-03-21,4631.33
950,916,7178,2024-01-10,759.61
951,917,7177,2025-10-30,3195.39
952,918,7178,2026-06-08,6785.48
953,919,7179,2025-03-20,1410.53
954,920,7178,2026-01-15,5763.4
955,921,7176,2025-12-04,6018.54
956,922,7176,2026-04-23,672.25
957,923,7178,2024-09-20,574.17
958,924,7176,2026-06-05,4142.66
959,924,7177,2025-11-30,1188.36
960,925,7177,2025-09-18,6537.91
961,926,7178,2024-03-27,6889.49
962,927,7179,2025-01-03,5508.0
963,928,7178,2025-03-31,5536.06
964,928,7176,2024-08-02,6862.93
965,929,7177,2024-12-05,3752.8
966,930,7177,2024-08-31,866.15
967,931,7179,2025-07-09,3232.86
968,932,7177,2024-09-25,2737.43
969,933,7176,2024-01-01,5282.06
970,934,7178,2024-01-11,355.87
971,935,7178,2024-01-21,3556.38
972,936,7179,2024-01-22,742.14
973,936,7179,2024-03-16,6453.79
974,938,7179,2025-09-11,605.98
975,939,7179,2024-12-10,4568.68
976,939,7177,2024-05-22,7122.98
977,940,7176,2025-09-20,5039.01
978,941,7177,2025-02-18,1830.89
979,942,7177,2026-03-11,7037.63
980,943,7178,2024-02-24,4448.18
981,944,7176,2024-11-05,2665.15
982,944,7177,2025-05-26,3059.65
983,947,7177,2026-06-16,6189.89
984,948,7176,2025-10-05,798.52
985,950,7176,2025-04-08,2058.4
986,951,7179,2026-02-17,4963.78
987,952,7177,2024-12-20,5828.81
988,953,7179,2025-11-23,5598.35
989,954,7178,2024-04-05,1580.58
990,955,7176,2025-06-10,2544.8
991,956,7178,2025-06-05,4039.67
992,957,7176,2025-01-18,2020.03
993,958,7176,2025-05-22,6681.38
994,959,7179,2024-10-22,4683.44
995,959,7177,2024-02-16,1003.66
996,960,7179,2025-04-08,7328.65
997,961,7179,2024-09-04,2401.61
998,962,7176,2026-01-31,3156.14
999,965,7176,2025-10-30,7378.16
1000,965,7177,2025-04-12,4129.94
1001,966,7178,2024-04-09,1160.98
1002,966,7177,2025-11-07,6103.62
1003,967,7176,2025-11-07,3422.13
1004,967,7178,2025-07-16,3681.37
1005,968,7178,2025-11-28,511.81
1006,968,7177,2026-04-10,5680.25
1007,969,7177,2024-01-31,4073.58
1008,970,7177,2024-04-22,5543.17
1009,971,7179,2025-11-17,3088.27
1010,972,7178,2025-08-18,5640.77
1011,973,7177,2024-10-08,1390.46
1012,973,7176,2024-06-07,5139.71
1013,974,7177,2025-08-06,6609.85
1014,976,7176,2024-05-01,349.45
1015,977,7179,2025-11-29,7126.94
1016,978,7179,2026-05-15,4284.33
1017,981,7177,2025-02-01,646.6
1018,981,7178,2025-08-25,4704.52
1019,982,7178,2026-01-30,1035.05
1020,983,7177,2025-06-21,2434.13
1021,984,7176,2024-04-15,3184.33
1022,985,7178,2026-06-19,2362.38
1023,986,7179,2025-09-13,1381.23
1024,987,7176,2024-08-16,3689.31
1025,988,7178,2025-11-18,1223.73
1026,989,7179,2025-09-17,3403.61
1027,990,7176,2024-05-03,6650.47
1028,991,7178,2024-04-01,1781.96
1029,992,7179,2025-01-03,5631.76
1030,994,7179,2024-05-01,6549.27
1031,996,7178,2025-04-03,2169.4
1032,997,7179,2025-08-25,4532.95
1033,998,7176,2025-06-08,1387.18
1034,999,7179,2025-08-16,2705.94
1035,1001,7177,2024-11-27,6210.98
1036,1003,7179,2026-04-02,3556.25
1037,1004,7178,2024-04-02,7451.14
1038,1004,7179,2026-06-17,1794.64
1039,1005,7177,2024-11-07,3705.73
1040,1006,7176,2025-01-03,7186.04
1041,1006,7177,2026-02-22,4968.82
1042,1007,7178,2024-08-08,2278.94
1043,1008,7179,2025-10-04,1028.95
1044,1009,7177,2024-09-02,3821.01
1045,1011,7179,2025-03-13,3157.72
1046,1012,7179,2024-11-02,2165.45
1047,1013,7178,2025-04-04,4203.68
1048,1014,7176,2024-06-04,2646.51
1049,1016,7178,2026-01-26,3265.55
1050,1018,7177,2025-08-10,2459.52
1051,1019,7179,2025-08-21,7175.83
1052,1020,7176,2024-07-19,1337.09
1053,1020,7177,2025-07-08,4345.18
1054,1021,7179,2025-02-05,7255.36
1055,1021,7179,2025-12-26,775.08
1056,1022,7177,2025-08-13,670.46
1057,1023,7178,2025-07-15,1326.93
1058,1024,7179,2026-04-14,4737.85
1059,1025,7177,2026-02-18,7430.58
1060,1026,7178,2026-05-23,2156.06
1061,1027,7179,2026-05-13,6327.79
1062,1028,7179,2026-03-16,3600.94
1063,1029,7176,2026-04-22,545.37
1064,1030,7176,2024-03-31,4102.24
1065,1031,7178,2024-01-25,2673.32
1066,1032,7177,2025-02-11,4307.31
1067,1033,7178,2025-04-18,4696.33
1068,1034,7177,2025-11-20,2226.39
1069,1035,7176,2024-07-17,2046.65
1070,1035,7176,2024-06-01,5794.95
1071,1036,7179,2024-06-13,6604.71
1072,1037,7176,2025-04-24,7214.43
1073,1038,7179,2025-11-05,1365.59
1074,1040,7177,2025-10-06,5480.21
1075,1041,7177,2026-05-11,6106.18
1076,1042,7178,2024-01-10,5646.25
1077,1042,7177,2025-12-10,6269.43
1078,1043,7176,2024-06-16,5112.43
1079,1044,7179,2025-07-29,6940.6
1080,1045,7178,2026-05-03,3593.65
1081,1046,7176,2025-09-15,5008.44
1082,1047,7179,2026-02-26,5973.67
1083,1048,7177,2024-04-14,1143.73
1084,1049,7179,2026-06-02,4338.82
1085,1050,7179,2025-06-16,5865.36
1086,1051,7176,2025-12-08,259.35
1087,1052,7178,2024-02-05,2806.22
1088,1053,7177,2024-01-18,3375.55
1089,1054,7176,2026-06-19,2000.36
1090,1055,7177,2024-07-27,3924.01
1091,1056,7178,2025-01-13,7113.85
1092,1056,7179,2024-12-17,5423.81
1093,1057,7179,2024-04-25,1646.24
1094,1059,7177,2026-06-15,6002.75
1095,1059,7179,2025-09-25,2824.53
1096,1061,7177,2025-10-18,3020.46
1097,1062,7179,2024-07-30,3368.13
1098,1063,7176,2024-05-08,3032.94
1099,1064,7178,2025-02-26,7013.64
1100,1064,7179,2024-10-27,843.13
1101,1065,7179,2024-01-14,5884.77
1102,1066,7176,2025-11-15,3607.14
1103,1066,7177,2026-06-04,4110.06
1104,1068,7176,2024-10-02,6854.39
1105,1069,7177,2026-04-30,4228.47
1106,1070,7176,2025-12-15,7034.17
1107,1071,7177,2025-03-22,6567.59
1108,1072,7176,2025-11-11,559.3
1109,1073,7177,2025-11-22,7317.51
1110,1074,7177,2024-09-03,3098.91
1111,1076,7179,2025-02-06,4829.74
1112,1077,7179,2025-12-28,4351.58
1113,1078,7178,2026-01-07,3993.34
1114,1080,7179,2025-12-02,5456.11
1115,1081,7179,2024-03-05,6016.12
1116,1082,7178,2024-09-18,5888.47
1117,1083,7178,2025-07-25,5012.52
1118,1084,7179,2025-05-14,6304.25
1119,1085,7179,2024-03-26,7244.38
1120,1086,7178,2025-11-22,5717.97
1121,1086,7178,2024-08-06,2075.4
1122,1087,7178,2025-05-03,3032.49
1123,1088,7179,2025-04-03,3528.77
1124,1089,7177,2024-11-30,4847.51
1125,1090,7177,2026-01-06,4113.77
1126,1091,7176,2024-03-06,7333.23
1127,1092,7178,2024-04-25,5324.34
1128,1093,7176,2025-06-22,1247.07
1129,1094,7179,2026-02-07,5895.56
1130,1094,7178,2025-06-01,5486.78
1131,1095,7179,2024-06-04,2060.32
1132,1096,7176,2026-02-09,5548.55
1133,1098,7178,2025-06-02,7373.78
1134,1099,7177,2025-06-20,3393.17
1135,1100,7178,2026-02-19,5664.31
1136,1101,7178,2025-03-23,1088.25
1137,1102,7177,2025-04-11,6662.88
1138,1103,7178,2026-04-16,5228.56
1139,1104,7178,2025-12-27,1858.75
1140,1105,7176,2026-04-09,7159.93
1141,1106,7176,2024-12-21,4475.37
1142,1107,7177,2024-10-27,7160.32
1143,1108,7179,2024-10-08,6084.07
1144,1109,7176,2025-05-10,274.56
1145,1110,7179,2024-01-11,2445.56
1146,1111,7178,2025-04-18,2570.12
1147,1112,7179,2024-07-24,1651.89
1148,1113,7177,2024-12-19,4450.22
1149,1114,7178,2025-05-14,2029.05
1150,1115,7177,2024-09-20,2578.28
1151,1116,7179,2024-09-14,2389.51
1152,1117,7177,2024-06-13,4911.96
1153,1118,7177,2025-11-25,754.62
1154,1119,7176,2024-12-27,6779.91
1155,1120,7178,2024-06-25,477.15
1156,1121,7177,2026-05-01,7125.42
1157,1122,7178,2024-05-15,3044.91
1158,1123,7176,2024-04-28,4660.51
1159,1123,7178,2024-10-30,7179.55
1160,1124,7179,2024-12-21,4717.47
1161,1124,7179,2025-10-09,2041.76
1162,1125,7178,2024-04-30,6718.95
1163,1125,7179,2024-07-10,5997.56
1164,1126,7179,2024-03-06,514.15
1165,1127,7178,2024-10-19,6068.71
1166,1128,7179,2024-09-19,546.4
1167,1129,7177,2024-12-27,1645.01
1168,1130,7179,2024-02-20,5687.47
1169,1130,7177,2025-07-03,4883.9
1170,1131,7179,2025-06-11,6245.23
1171,1132,7177,2024-12-26,4609.13
1172,1133,7179,2025-06-12,5434.71
1173,1133,7178,2025-06-01,7031.21
1174,1134,7179,2026-05-15,6312.65
1175,1135,7178,2024-08-17,5572.61
1176,1136,7179,2025-01-29,2584.78
1177,1137,7177,2024-01-30,578.16
1178,1138,7176,2025-04-23,5975.68
1179,1139,7177,2024-08-27,5150.75
1180,1140,7179,2025-04-01,2034.65
1181,1141,7178,2024-02-18,7123.97
1182,1141,7179,2025-07-18,3101.09
1183,1142,7177,2024-11-19,1313.95
1184,1143,7179,2024-10-02,5217.25
1185,1143,7179,2024-08-07,4722.98
1186,1144,7176,2024-06-09,5282.84
1187,1145,7176,2024-12-11,3730.38
1188,1146,7177,2025-02-15,6870.89
1189,1147,7178,2025-06-29,606.29
1190,1147,7179,2025-04-27,2394.54
1191,1149,7176,2025-06-02,1763.0
1192,1150,7179,2026-03-22,1426.27
1193,1151,7179,2025-12-11,2397.37
1194,1152,7179,2024-01-07,4871.62
1195,1153,7177,2024-09-08,2072.72
1196,1154,7177,2026-05-23,4885.88
1197,1155,7176,2025-08-14,3405.16
1198,1157,7179,2026-06-14,3398.02
1199,1158,7177,2025-02-10,6515.55
1200,1158,7178,2025-04-04,6346.48
1201,1159,7176,2025-10-12,4334.56
1202,1160,7179,2024-11-13,5472.14
1203,1161,7176,2025-12-13,724.78
1204,1163,7178,2026-01-06,1590.67
1205,1163,7178,2026-04-09,5509.86
1206,1164,7177,2024-12-10,2547.99
1207,1165,7176,2024-11-08,3142.63
1208,1166,7176,2026-05-25,1847.6
1209,1167,7179,2024-08-24,1099.24
1210,1168,7179,2026-04-27,1849.58
1211,1169,7179,2025-01-16,4063.83
1212,1170,7178,2025-08-17,5218.07
1213,1170,7178,2025-01-21,4452.29
1214,1171,7177,2024-12-26,4857.75
1215,1172,7178,2025-11-17,3361.5
1216,1172,7178,2026-01-13,2303.33
1217,1173,7176,2025-10-16,4803.67
1218,1174,7179,2025-12-27,3496.11
1219,1175,7179,2026-02-11,696.51
1220,1176,7179,2025-05-01,6176.89
1221,1177,7176,2025-07-09,2550.12
1222,1179,7178,2025-12-16,4008.03
1223,1180,7179,2025-05-27,677.57
1224,1181,7176,2024-12-17,2288.34
1225,1182,7177,2026-03-04,4418.69
1226,1183,7177,2024-11-18,5038.29
1227,1184,7178,2026-03-04,6056.57
1228,1185,7177,2026-02-28,4805.9
1229,1186,7177,2024-06-11,848.03
1230,1187,7179,2025-10-13,5854.65
1231,1188,7178,2024-03-13,2693.07
1232,1189,7176,2025-04-13,7002.15
1233,1190,7176,2025-01-13,881.84
1234,1191,7177,2025-04-11,7404.39
1235,1191,7179,2024-03-27,1711.32
1236,1193,7177,2026-06-10,906.51
1237,1195,7177,2025-10-20,5444.17
1238,1196,7177,2024-03-21,7127.61
1239,1196,7179,2025-12-19,1542.91
1240,1197,7178,2024-02-05,3860.1
1241,1198,7178,2025-10-02,3091.96
1242,1199,7178,2024-08-02,4117.43
1243,1199,7178,2025-07-04,1507.47
1244,1200,7177,2025-05-01,702.08
1245,1201,7176,2025-09-29,6821.23
1246,1202,7176,2024-04-30,7316.21
1247,1203,7177,2025-12-12,3561.07
1248,1204,7177,2024-04-08,5233.01
1249,1205,7179,2025-04-03,5979.85
1250,1206,7176,2024-09-23,3423.98
1251,1207,7176,2024-12-07,268.49
1252,1208,7176,2024-01-29,2739.83
1253,1209,7179,2024-12-07,2980.1
1254,1210,7176,2025-07-03,4227.48
1255,1211,7176,2024-08-19,6760.85
1256,1212,7177,2024-08-19,6439.32
1257,1213,7178,2025-09-06,6342.31
1258,1214,7178,2025-01-23,3029.46
1259,1215,7179,2025-10-10,4200.37
1260,1216,7177,2025-12-10,2741.33
1261,1217,7176,2025-10-24,7358.18
1262,1218,7179,2024-09-30,1188.13
1263,1219,7176,2025-01-16,5312.44
1264,1220,7179,2026-02-26,7004.23
1265,1222,7176,2024-03-05,7096.74
1266,1224,7177,2026-03-01,1295.77
1267,1224,7178,2025-04-09,513.89
1268,1226,7176,2024-01-06,2840.67
1269,1226,7178,2026-04-03,5239.6
1270,1227,7177,2024-04-21,1454.45
1271,1228,7176,2024-12-28,4987.89
1272,1229,7178,2024-10-02,5448.75
1273,1230,7177,2024-01-16,3940.35
1274,1231,7177,2025-10-14,7406.39
1275,1233,7178,2026-04-05,6506.2
1276,1234,7179,2024-12-17,3663.45
1277,1235,7178,2024-03-16,3887.94
1278,1236,7178,2024-10-01,5676.43
1279,1237,7179,2026-02-01,7078.97
1280,1237,7178,2025-04-29,5603.97
1281,1239,7176,2024-11-29,4620.39
1282,1240,7176,2025-08-14,7200.06
1283,1241,7179,2024-02-23,340.14
1284,1242,7178,2024-04-17,5186.94
1285,1243,7179,2025-04-11,3809.17
1286,1246,7179,2026-03-13,3537.78
1287,1247,7179,2025-11-15,7300.34
1288,1248,7179,2025-09-04,6901.82
1289,1248,7179,2025-05-05,6863.74
1290,1249,7176,2025-05-02,5936.4
1291,1250,7178,2026-03-15,3168.32
1292,1251,7178,2026-05-14,2217.03
1293,1252,7178,2025-02-04,612.88
1294,1253,7178,2025-12-07,2911.75
1295,1254,7178,2025-08-27,7401.85
1296,1255,7178,2024-04-06,6337.97
1297,1256,7178,2024-05-09,5071.98
1298,1257,7176,2024-06-18,4447.34
1299,1259,7177,2024-01-06,7248.6
1300,1260,7178,2026-02-28,7100.87
1301,1262,7176,2025-06-18,6349.38
1302,1263,7177,2026-04-27,6165.47
1303,1264,7179,2025-12-30,1718.51
1304,1265,7176,2025-09-07,6658.1
1305,1265,7179,2025-11-18,781.76
1306,1266,7178,2024-08-22,2557.95
1307,1266,7177,2026-06-30,2216.44
1308,1267,7177,2024-06-24,644.04
1309,1268,7179,2025-04-13,3365.97
1310,1271,7177,2024-06-06,1359.52
1311,1272,7176,2024-05-17,2742.91
1312,1273,7177,2024-05-21,194.48
1313,1274,7179,2026-04-29,1957.43
1314,1275,7178,2025-07-02,1449.95
1315,1277,7178,2025-04-18,3823.55
1316,1278,7177,2024-09-29,3254.08
1317,1279,7177,2024-04-14,3644.72
1318,1280,7176,2026-04-29,5878.73
1319,1281,7177,2024-03-03,6626.5
1320,1282,7179,2024-07-17,1990.73
1321,1283,7178,2026-06-15,4943.66
1322,1284,7176,2024-07-25,5404.48
1323,1284,7176,2025-04-14,5109.02
1324,1286,7177,2025-03-09,2548.41
1325,1286,7177,2024-12-14,2495.01
1326,1287,7179,2024-08-04,4619.73
1327,1288,7176,2026-06-16,4296.64
1328,1289,7178,2026-01-22,6470.07
1329,1290,7176,2025-04-09,566.56
1330,1291,7176,2024-09-27,4495.13
1331,1292,7179,2025-08-15,913.53
1332,1293,7179,2025-08-15,2792.79
1333,1294,7178,2026-03-16,4318.63
1334,1295,7176,2024-05-24,2048.9
1335,1296,7176,2024-12-24,6408.76
1336,1297,7179,2025-09-20,2166.84
1337,1298,7178,2025-12-30,6564.98
1338,1298,7176,2025-12-19,3828.61
1339,1299,7178,2024-05-26,4919.99
1340,1299,7177,2026-03-08,7284.19
1341,1300,7178,2025-08-08,7345.16
1342,1300,7178,2025-04-03,6950.84
1343,1301,7177,2025-02-22,4506.67
1344,1302,7178,2024-11-17,1070.82
1345,1303,7178,2024-07-17,4446.06
1346,1304,7176,2026-05-22,1105.91
1347,1305,7176,2026-02-03,5462.42
1348,1306,7177,2025-02-09,5129.78
1349,1307,7176,2026-01-11,5563.84
1350,1308,7176,2024-07-24,754.03
1351,1309,7178,2024-12-16,3578.92
1352,1310,7177,2025-08-05,1551.74
1353,1311,7176,2024-03-31,5717.53
1354,1312,7179,2024-06-21,1524.32
1355,1313,7178,2024-08-03,4112.08
1356,1314,7179,2024-01-03,7306.34
1357,1315,7178,2024-04-07,3630.24
1358,1316,7177,2025-10-01,3378.11
1359,1317,7176,2026-04-04,4775.48
1360,1318,7176,2024-02-21,250.62
1361,1320,7177,2025-08-22,4245.9
1362,1321,7178,2024-08-11,4375.79
1363,1322,7177,2026-01-10,2577.19
1364,1323,7179,2026-05-09,1603.09
1365,1324,7177,2025-08-28,6626.01
1366,1325,7176,2025-07-19,6968.6
1367,1326,7177,2024-08-03,6658.79
1368,1326,7179,2025-10-15,4426.75
1369,1327,7178,2024-05-11,4885.06
1370,1328,7179,2024-06-08,1945.85
1371,1329,7178,2024-11-25,2157.56
1372,1330,7179,2024-10-25,4585.48
1373,1332,7177,2024-11-30,373.89
1374,1332,7176,2025-12-11,4378.45
1375,1333,7178,2026-04-03,5383.33
1376,1334,7178,2024-05-09,6313.15
1377,1334,7176,2025-11-18,2266.2
1378,1335,7178,2024-02-05,6697.35
1379,1336,7179,2025-03-29,1386.04
1380,1337,7179,2025-08-06,5414.44
1381,1337,7179,2026-06-20,3331.93
1382,1338,7179,2025-01-09,4612.49
1383,1338,7179,2024-10-14,2572.15
1384,1339,7178,2024-04-05,7356.89
1385,1340,7179,2025-04-21,5861.74
1386,1341,7178,2024-08-31,4227.04
1387,1342,7176,2025-02-04,3665.24
1388,1343,7177,2025-06-09,1100.48
1389,1344,7177,2025-08-12,2603.87
1390,1345,7176,2024-12-07,409.1
1391,1346,7176,2026-06-29,3299.77
1392,1347,7176,2024-09-04,599.32
1393,1347,7176,2026-04-20,709.93
1394,1348,7177,2026-05-06,2565.12
1395,1349,7179,2026-01-31,4247.82
1396,1351,7176,2025-06-20,4633.93
1397,1352,7179,2025-08-31,3852.68
1398,1353,7177,2024-11-01,7318.89
1399,1353,7176,2024-02-05,6325.57
1400,1354,7176,2026-04-13,4801.53
1401,1355,7177,2026-02-25,597.03
1402,1355,7177,2026-04-19,5725.05
1403,1356,7178,2025-10-15,5749.27
1404,1357,7179,2024-10-23,6834.41
1405,1358,7177,2024-01-28,4767.98
1406,1359,7179,2024-06-05,4976.95
1407,1360,7177,2025-02-11,6343.8
1408,1360,7178,2024-10-16,5165.94
1409,1361,7178,2026-04-03,421.18
1410,1362,7177,2025-09-26,4833.43
1411,1363,7179,2025-01-04,5109.22
1412,1363,7176,2024-02-25,6268.57
1413,1365,7179,2024-09-05,157.16
1414,1366,7179,2025-06-06,4680.95
1415,1366,7178,2024-12-14,4914.32
1416,1368,7177,2025-05-29,6558.12
1417,1369,7177,2025-03-07,6587.9
1418,1371,7176,2025-08-03,1488.69
1419,1374,7178,2025-10-21,1739.11
1420,1375,7176,2026-04-22,317.42
1421,1376,7178,2025-09-15,6800.06
1422,1377,7176,2025-07-15,4189.91
1423,1378,7179,2025-03-26,3331.36
1424,1379,7177,2025-02-01,5491.47
1425,1381,7179,2025-07-06,3787.23
1426,1382,7177,2026-02-17,365.47
1427,1383,7176,2026-02-11,3464.62
1428,1384,7178,2025-03-31,852.7
1429,1385,7176,2024-09-30,1482.46
1430,1386,7177,2025-03-27,4848.62
1431,1386,7177,2024-08-25,261.63
1432,1387,7177,2024-11-14,5738.78
1433,1388,7177,2024-04-27,1253.86
1434,1389,7178,2025-02-28,2432.25
1435,1390,7176,2025-10-21,4610.55
1436,1391,7179,2024-12-22,205.46
1437,1392,7176,2024-01-27,6886.89
1438,1393,7176,2025-06-22,2182.78
1439,1394,7176,2024-06-03,6425.13
1440,1395,7177,2026-01-13,801.74
1441,1397,7177,2024-06-16,6748.13
1442,1398,7176,2025-08-30,3964.11
1443,1399,7176,2025-06-18,3264.71
1444,1400,7178,2026-05-13,2625.0
1445,1401,7178,2024-09-06,2858.43
1446,1402,7177,2025-09-24,5421.87
1447,1403,7177,2025-06-16,3849.89
1448,1405,7178,2024-11-29,4608.67
1449,1409,7179,2024-11-24,480.29
1450,1410,7177,2025-10-23,7086.39
1451,1411,7176,2024-03-10,536.37
1452,1412,7176,2025-12-07,2435.72
1453,1412,7179,2024-10-14,4928.31
1454,1413,7177,2025-08-27,3842.34
1455,1415,7178,2024-10-18,6528.12
1456,1416,7178,2025-03-04,1825.32
1457,1417,7178,2024-08-05,6743.2
1458,1420,7179,2025-09-17,1160.6
1459,1421,7177,2024-08-20,4640.03
1460,1422,7177,2025-02-24,3824.12
1461,1423,7179,2024-10-15,3371.09
1462,1424,7177,2026-03-16,4888.3
1463,1425,7178,2024-01-25,2666.0
1464,1426,7177,2025-09-19,4782.83
1465,1427,7176,2024-11-01,673.37
1466,1427,7178,2026-03-06,7147.79
1467,1428,7179,2025-09-10,5116.49
1468,1429,7178,2026-01-24,1181.35
1469,1430,7178,2025-08-21,2944.1
1470,1431,7179,2025-09-08,1552.36
1471,1432,7176,2025-11-21,6679.9
1472,1433,7177,2024-10-23,4866.74
1473,1434,7178,2025-12-27,4352.74
1474,1435,7176,2024-09-03,4516.16
1475,1436,7179,2025-04-13,2122.63
1476,1438,7178,2024-12-06,848.61
1477,1439,7179,2024-04-23,1720.28
1478,1440,7176,2025-08-13,2196.41
1479,1441,7177,2024-06-05,2788.69
1480,1443,7176,2024-01-24,6462.51
1481,1443,7179,2024-01-18,2157.73
1482,1444,7178,2025-03-16,6650.01
1483,1447,7177,2026-05-16,2672.03
1484,1449,7176,2025-07-18,3648.37
1485,1449,7177,2025-02-03,6552.07
1486,1450,7177,2024-12-23,846.77
1487,1451,7179,2026-02-17,579.42
1488,1452,7178,2026-01-02,1950.1
1489,1454,7178,2026-05-28,6651.1
1490,1455,7177,2025-09-14,3217.46
1491,1456,7179,2024-02-05,1334.44
1492,1456,7176,2025-05-25,4943.1
1493,1457,7176,2024-06-04,3189.04
1494,1458,7176,2024-02-14,223.86
1495,1459,7177,2025-12-19,1569.57
1496,1460,7177,2025-02-20,3048.61
1497,1461,7178,2024-05-23,6357.4
1498,1462,7178,2024-03-06,6444.36
1499,1463,7177,2025-07-10,6538.26
1500,1464,7178,2024-04-24,1890.3
1501,1465,7177,2026-04-07,4482.38
1502,1466,7176,2026-04-17,6528.84
1503,1467,7177,2024-08-22,6285.71
1504,1467,7177,2024-11-05,5600.67
1505,1469,7176,2025-09-17,2449.24
1506,1470,7177,2024-02-29,6207.94
1507,1471,7177,2026-03-09,5273.37
1508,1472,7176,2024-03-09,4265.85
1509,1473,7178,2024-10-29,6143.32
1510,1474,7178,2024-05-21,5040.61
1511,1475,7179,2024-09-27,5944.47
1512,1476,7179,2025-05-11,6898.93
1513,1477,7177,2024-05-04,4226.8
1514,1478,7178,2025-02-01,6946.68
1515,1479,7176,2024-01-30,7073.19
1516,1480,7178,2024-03-02,3508.46
1517,1481,7178,2025-10-13,3223.69
1518,1483,7176,2026-06-16,1708.73
1519,1485,7177,2026-06-30,1208.01
1520,1485,7179,2024-03-24,2089.38
1521,1486,7179,2025-03-26,845.54
1522,1487,7178,2024-06-15,1144.27
1523,1487,7177,2025-02-25,6930.7
1524,1488,7176,2025-05-07,4328.65
1525,1489,7176,2026-01-18,1652.3
1526,1491,7176,2025-01-05,1813.39
1527,1492,7176,2025-09-18,2076.62
1528,1493,7178,2024-10-15,3035.97
1529,1493,7176,2026-04-21,2017.16
1530,1494,7177,2024-04-10,6805.95
1531,1495,7176,2025-11-04,5626.53
1532,1496,7177,2024-02-02,6060.27
1533,1497,7176,2025-12-23,4747.22
1534,1498,7179,2025-03-01,3303.42
1535,1499,7179,2026-04-04,1933.37
1536,1499,7179,2024-10-22,6258.39
1537,1500,7176,2025-08-27,3890.37
1538,1501,7179,2026-06-26,1625.93
1539,1502,7178,2024-06-19,4742.03
1540,1502,7177,2026-03-23,3078.71
1541,1503,7178,2024-07-13,6899.21
1542,1504,7176,2025-06-21,5538.13
1543,1505,7176,2026-03-01,3566.48
1544,1506,7177,2025-11-12,2466.76
1545,1507,7179,2025-08-20,3489.7
1546,1508,7176,2024-05-18,3121.59
1547,1509,7179,2024-12-05,2777.55
1548,1510,7179,2026-05-10,4395.31
1549,1511,7176,2024-04-29,3534.33
1550,1512,7179,2025-08-05,290.9
1551,1512,7179,2024-11-14,1382.68
1552,1513,7178,2024-06-08,467.94
1553,1513,7177,2026-06-24,2696.48
1554,1514,7176,2025-12-27,4086.47
1555,1515,7179,2025-06-08,4908.78
1556,1516,7178,2024-08-25,5206.16
1557,1517,7178,2025-07-10,521.96
1558,1518,7179,2025-06-20,1112.82
1559,1519,7179,2024-12-24,890.87
1560,1519,7177,2024-04-08,6426.84
1561,1520,7177,2026-03-09,3738.57
1562,1521,7176,2025-04-29,6239.78
1563,1523,7179,2026-06-12,501.02
1564,1523,7177,2025-06-20,5348.93
1565,1524,7176,2025-01-15,2843.94
1566,1525,7178,2026-01-04,5964.38
1567,1526,7178,2024-09-03,7280.01
1568,1526,7178,2026-06-15,1378.5
1569,1527,7176,2025-02-08,5939.0
1570,1527,7179,2025-02-03,633.94
1571,1528,7176,2024-06-14,1422.38
1572,1529,7177,2025-09-28,5476.67
1573,1529,7178,2024-07-28,4390.23
1574,1530,7179,2024-07-15,5687.51
1575,1531,7177,2026-03-25,1566.69
1576,1532,7179,2024-12-06,2365.77
1577,1533,7177,2026-05-31,1282.35
1578,1534,7179,2026-04-27,3349.82
1579,1535,7179,2025-05-07,1999.46
1580,1536,7178,2025-07-29,2870.71
1581,1537,7179,2024-09-27,3164.57
1582,1537,7177,2026-01-22,3772.87
1583,1538,7177,2025-01-20,1231.14
1584,1539,7176,2026-06-06,847.16
1585,1541,7177,2024-09-14,2994.7
1586,1542,7178,2026-06-05,2856.79
1587,1544,7179,2024-08-25,4800.61
1588,1545,7179,2024-03-07,1189.53
1589,1546,7179,2025-10-22,5940.89
1590,1547,7178,2026-02-08,776.83
1591,1547,7179,2025-04-04,5697.34
1592,1548,7176,2024-04-18,1778.14
1593,1549,7177,2025-02-07,7165.95
1594,1550,7176,2026-02-17,4790.03
1595,1551,7179,2024-02-19,5266.99
1596,1552,7178,2024-11-02,4616.7
1597,1552,7177,2024-09-30,2205.03
1598,1553,7178,2025-04-10,1141.53
1599,1554,7177,2025-03-02,4850.98
1600,1555,7176,2024-07-18,4958.68
1601,1558,7179,2024-02-19,5820.56
1602,1559,7176,2025-05-23,4813.08
1603,1560,7178,2024-12-04,5337.3
1604,1561,7179,2026-03-03,2389.02
1605,1562,7178,2024-03-11,5122.22
1606,1563,7179,2024-11-17,2674.77
1607,1564,7176,2024-10-06,4010.95
1608,1565,7176,2025-07-09,6031.14
1609,1566,7178,2024-03-29,7026.95
1610,1567,7176,2026-01-25,6673.88
1611,1567,7178,2024-05-11,884.91
1612,1568,7178,2026-05-22,3292.65
1613,1569,7176,2024-01-02,6629.25
1614,1570,7177,2024-04-08,6439.43
1615,1571,7177,2026-02-19,3182.82
1616,1572,7179,2025-08-19,319.17
1617,1572,7179,2026-02-01,4637.68
1618,1573,7178,2026-05-21,6028.06
1619,1574,7178,2026-03-14,5165.13
1620,1575,7178,2026-06-28,5414.65
1621,1576,7176,2024-06-02,6715.01
1622,1577,7178,2024-09-07,5844.11
1623,1578,7179,2024-03-04,225.81
1624,1579,7178,2024-09-21,675.78
1625,1580,7178,2024-04-14,3635.53
1626,1581,7176,2024-08-09,5439.62
1627,1582,7176,2026-03-19,4520.96
1628,1583,7179,2024-03-29,3550.19
1629,1584,7176,2025-04-25,1589.14
1630,1585,7179,2025-09-07,3609.45
1631,1586,7176,2025-12-22,1873.68
1632,1586,7177,2026-01-10,6496.88
1633,1587,7176,2026-06-09,6428.52
1634,1588,7176,2025-09-16,6969.19
1635,1588,7177,2024-10-13,4044.43
1636,1589,7178,2024-12-08,991.21
1637,1590,7176,2024-02-29,3458.6
1638,1591,7176,2025-05-29,5934.6
1639,1591,7179,2025-05-01,1880.63
1640,1592,7178,2025-06-23,6164.54
1641,1593,7176,2024-07-25,2615.12
1642,1593,7178,2025-09-13,4475.09
1643,1594,7179,2024-10-05,4545.19
1644,1595,7176,2024-12-30,2573.87
1645,1596,7176,2025-03-07,930.07
1646,1597,7179,2025-11-15,5780.55
1647,1597,7176,2024-07-04,5933.65
1648,1598,7178,2025-12-12,1406.3
1649,1599,7178,2025-01-22,6705.86
1650,1600,7177,2024-02-11,5032.46
1651,1601,7179,2024-11-09,1057.29
1652,1601,7179,2024-05-05,6286.03
1653,1602,7177,2024-01-10,650.92
1654,1602,7176,2025-08-08,6694.06
1655,1603,7176,2026-03-11,5751.57
1656,1603,7178,2024-02-03,1655.61
1657,1605,7178,2024-08-08,7023.81
1658,1606,7178,2026-03-04,940.85
1659,1607,7179,2025-02-23,7068.9
1660,1608,7178,2024-11-27,2107.43
1661,1609,7178,2025-11-18,5664.32
1662,1610,7177,2024-04-10,2034.7
1663,1611,7178,2026-05-21,2686.01
1664,1612,7176,2025-11-18,7456.66
1665,1615,7179,2026-06-07,7280.69
1666,1616,7176,2024-09-23,5658.14
1667,1617,7179,2025-10-25,154.85
1668,1618,7179,2026-03-12,3334.02
1669,1620,7176,2025-03-03,5608.25
1670,1620,7178,2024-07-30,4368.08
1671,1621,7179,2024-05-16,2409.73
1672,1622,7179,2026-03-12,1786.68
1673,1623,7177,2024-07-10,935.67
1674,1627,7177,2024-05-11,1066.85
1675,1628,7176,2025-03-24,4024.84
1676,1629,7179,2025-04-17,4019.75
1677,1630,7177,2024-05-15,1074.77
1678,1631,7176,2024-04-25,1545.64
1679,1632,7176,2025-09-15,4338.11
1680,1634,7177,2026-04-04,2631.11
1681,1635,7176,2025-03-18,2229.49
1682,1636,7179,2024-09-13,1318.72
1683,1638,7176,2024-09-10,3046.56
1684,1639,7176,2025-09-07,813.5
1685,1640,7179,2025-08-03,4397.33
1686,1640,7179,2025-01-22,953.58
1687,1641,7178,2025-08-25,996.99
1688,1644,7176,2026-03-18,4189.71
1689,1645,7176,2025-05-01,3647.77
1690,1645,7178,2024-08-13,3511.52
1691,1646,7177,2025-06-26,1206.92
1692,1646,7178,2025-01-31,6591.6
1693,1647,7177,2025-06-30,3621.48
1694,1648,7178,2025-04-04,1820.2
1695,1649,7176,2026-03-15,6349.48
1696,1650,7179,2025-12-04,1789.46
1697,1651,7176,2025-01-16,1815.54
1698,1652,7179,2026-03-01,1814.35
1699,1652,7176,2024-09-01,5913.6
1700,1653,7176,2026-01-12,898.68
1701,1654,7176,2026-04-01,5909.11
1702,1655,7177,2026-05-01,3139.16
1703,1656,7177,2026-02-22,7015.56
1704,1656,7177,2025-07-12,6852.86
1705,1657,7176,2024-09-23,5600.78
1706,1657,7178,2025-04-10,5618.21
1707,1658,7177,2026-02-17,3308.89
1708,1659,7176,2025-05-26,5591.6
1709,1659,7177,2024-06-20,1223.2
1710,1660,7176,2025-12-07,3853.05
1711,1661,7177,2026-04-19,5529.65
1712,1662,7177,2024-07-19,5888.22
1713,1663,7176,2025-08-11,6928.33
1714,1664,7177,2025-02-11,5809.33
1715,1665,7177,2024-10-23,336.86
1716,1666,7176,2026-03-19,4287.21
1717,1667,7179,2025-07-27,1286.74
1718,1670,7176,2024-12-14,2715.42
1719,1670,7176,2024-12-31,5861.1
1720,1671,7178,2024-06-06,4834.88
1721,1672,7178,2024-04-26,3559.94
1722,1673,7177,2024-12-28,2736.62
1723,1674,7178,2025-01-21,802.51
1724,1675,7179,2024-06-20,6369.57
1725,1676,7176,2026-04-16,1509.26
1726,1677,7179,2025-02-08,904.0
1727,1678,7177,2025-04-21,4394.95
1728,1678,7178,2024-01-06,6752.96
1729,1679,7178,2024-03-01,7412.42
1730,1680,7178,2025-07-03,7255.33
1731,1681,7176,2026-01-02,4738.61
1732,1683,7178,2025-03-11,2126.35
1733,1686,7177,2025-12-08,1913.08
1734,1688,7177,2025-08-04,3109.79
1735,1689,7179,2025-08-18,2218.42
1736,1690,7178,2025-03-12,6206.03
1737,1691,7176,2024-05-20,922.86
1738,1691,7178,2025-12-23,731.23
1739,1693,7177,2025-07-29,1814.66
1740,1694,7178,2026-06-27,2318.25
1741,1695,7176,2026-03-05,460.07
1742,1696,7176,2025-05-09,2135.94
1743,1697,7178,2024-12-21,5114.49
1744,1697,7177,2024-12-01,3676.92
1745,1698,7178,2025-07-24,6788.09
1746,1699,7176,2024-11-17,5304.87
1747,1700,7176,2024-05-19,4669.46
1748,1701,7178,2026-03-15,2479.93
1749,1702,7178,2024-02-22,3881.75
1750,1703,7179,2024-01-31,6632.47
1751,1704,7179,2026-06-08,2379.02
1752,1705,7179,2025-01-06,5229.72
1753,1705,7179,2024-06-21,3943.17
1754,1706,7178,2026-06-09,1028.83
1755,1708,7177,2024-09-01,5001.7
1756,1709,7179,2025-02-02,740.01
1757,1710,7178,2024-12-05,2187.1
1758,1711,7176,2025-01-27,5488.51
1759,1712,7176,2025-10-10,6033.18
1760,1713,7177,2025-08-21,4579.5
1761,1713,7176,2024-10-25,2196.28
1762,1714,7176,2026-03-05,1889.47
1763,1715,7177,2025-06-09,1103.89
1764,1716,7177,2024-11-09,1511.21
1765,1717,7176,2024-01-18,4336.03
1766,1717,7179,2024-12-18,5603.45
1767,1718,7178,2024-01-28,6461.63
1768,1718,7178,2025-12-29,3099.69
1769,1719,7179,2025-06-23,4770.29
1770,1719,7176,2024-04-08,1968.99
1771,1720,7177,2025-04-12,3367.52
1772,1721,7176,2024-09-25,5777.7
1773,1722,7178,2025-02-08,7170.37
1774,1722,7176,2024-05-16,7295.01
1775,1723,7177,2024-06-27,276.09
1776,1724,7178,2026-04-28,1757.84
1777,1726,7176,2024-04-03,4643.81
1778,1727,7179,2025-03-08,4553.83
1779,1728,7179,2024-02-26,1966.83
1780,1729,7178,2024-02-06,6584.84
1781,1730,7177,2026-01-15,1505.1
1782,1731,7178,2024-01-29,4565.8
1783,1732,7178,2025-10-09,1902.41
1784,1734,7179,2025-08-02,603.95
1785,1735,7179,2025-11-21,7265.94
1786,1736,7179,2024-01-08,6344.83
1787,1736,7176,2026-02-02,6700.37
1788,1737,7179,2026-01-25,1195.02
1789,1737,7176,2025-08-17,1952.17
1790,1738,7179,2025-05-27,2306.87
1791,1738,7176,2025-11-26,6636.22
1792,1739,7179,2026-05-11,7376.85
1793,1740,7177,2025-07-18,2728.38
1794,1741,7176,2024-05-27,6287.29
1795,1742,7178,2025-10-31,7013.92
1796,1743,7177,2024-10-06,5409.54
1797,1744,7179,2024-06-28,2838.89
1798,1745,7178,2025-12-21,3954.46
1799,1746,7178,2025-08-20,6848.88
1800,1747,7178,2024-03-28,1665.71
1801,1748,7178,2024-10-24,7291.83
1802,1748,7176,2024-10-25,1851.0
1803,1749,7176,2024-05-22,4962.13
1804,1750,7178,2024-01-28,3063.98
1805,1751,7177,2025-06-02,4769.47
1806,1752,7178,2025-11-25,2358.46
1807,1752,7178,2024-10-04,4277.12
1808,1753,7176,2025-12-17,3003.95
1809,1754,7178,2024-10-21,2176.1
1810,1755,7176,2024-07-26,3219.02
1811,1757,7176,2024-02-18,1292.42
1812,1758,7176,2024-02-08,5274.85
1813,1759,7179,2025-02-02,3216.8
1814,1760,7176,2024-04-27,4551.69
1815,1761,7179,2024-01-04,384.51
1816,1762,7177,2024-11-29,5070.89
1817,1762,7178,2026-02-21,1124.96
1818,1763,7179,2026-06-13,6960.87
1819,1764,7177,2024-12-09,5581.81
1820,1765,7176,2024-10-09,2853.68
1821,1766,7179,2024-07-22,5757.48
1822,1766,7179,2024-05-11,3448.66
1823,1768,7176,2025-08-23,1196.41
1824,1770,7176,2025-10-06,3643.29
1825,1770,7179,2024-12-07,6070.62
1826,1771,7177,2026-04-13,7090.63
1827,1771,7179,2024-02-14,6020.7
1828,1772,7178,2025-11-05,4884.78
1829,1773,7177,2024-10-19,3303.47
1830,1774,7178,2024-02-21,4918.06
1831,1775,7176,2024-10-08,2327.49
1832,1776,7176,2024-08-14,7396.48
1833,1778,7179,2026-06-18,1466.4
1834,1779,7179,2025-02-20,1109.61
1835,1780,7178,2026-04-07,2290.5
1836,1781,7176,2024-12-06,1256.24
1837,1782,7178,2025-11-18,3525.04
1838,1783,7177,2024-09-04,5829.75
1839,1784,7176,2026-05-04,3992.4
1840,1785,7176,2024-05-25,3508.47
1841,1786,7177,2024-11-27,5184.09
1842,1787,7177,2024-07-22,3403.65
1843,1788,7176,2025-01-08,3098.07
1844,1790,7179,2025-03-26,879.96
1845,1791,7179,2026-04-19,1937.81
1846,1792,7178,2024-01-21,2285.84
1847,1793,7179,2024-06-27,6266.02
1848,1793,7177,2025-12-03,6691.89
1849,1794,7177,2025-08-08,5896.4
1850,1795,7176,2025-10-20,4711.23
1851,1796,7178,2024-08-30,3851.4
1852,1797,7176,2025-12-06,5302.67
1853,1799,7178,2025-07-08,3186.49
1854,1800,7178,2026-03-26,6502.64
1855,1800,7179,2025-03-02,5453.03
1856,1801,7178,2024-05-07,5589.74
1857,1802,7179,2026-01-28,6775.07
1858,1803,7178,2026-03-18,4766.69
1859,1804,7178,2024-03-13,2785.69
1860,1805,7179,2024-05-23,4153.82
1861,1805,7179,2025-11-13,6338.64
1862,1806,7179,2025-04-03,4103.99
1863,1807,7179,2025-10-19,1439.91
1864,1808,7179,2024-02-13,2490.85
1865,1808,7177,2024-03-25,2444.7
1866,1809,7177,2025-01-13,6085.17
1867,1810,7177,2024-12-14,1407.74
1868,1811,7176,2026-06-30,5999.51
1869,1812,7176,2024-08-28,5800.57
1870,1813,7178,2024-05-15,6530.2
1871,1815,7178,2025-09-23,5912.66
1872,1816,7177,2024-02-29,6295.17
1873,1816,7179,2024-11-28,418.55
1874,1817,7177,2025-05-12,6210.57
1875,1818,7177,2025-05-01,1098.01
1876,1819,7178,2025-07-09,3828.09
1877,1819,7176,2025-12-20,5117.55
1878,1820,7179,2024-01-22,1406.45
1879,1820,7177,2025-12-19,3929.76
1880,1821,7177,2024-09-16,3706.29
1881,1822,7179,2025-12-22,4280.79
1882,1823,7177,2024-01-13,4386.54
1883,1823,7176,2025-08-25,3273.89
1884,1826,7178,2025-06-10,5758.8
1885,1827,7177,2025-04-17,6927.63
1886,1828,7178,2024-05-11,6530.3
1887,1829,7176,2024-09-03,7140.59
1888,1829,7179,2024-07-25,5354.91
1889,1830,7178,2024-11-04,2993.19
1890,1831,7177,2025-07-04,3231.01
1891,1832,7178,2024-10-18,6394.31
1892,1833,7178,2026-03-16,7230.91
1893,1834,7177,2025-01-07,1560.05
1894,1834,7179,2025-10-30,2554.31
1895,1835,7179,2024-04-14,7401.48
1896,1837,7176,2025-11-09,295.34
1897,1838,7179,2024-06-12,6428.05
1898,1839,7177,2026-03-29,1354.3
1899,1840,7178,2025-02-22,1783.07
1900,1841,7176,2025-02-16,2094.95
1901,1842,7177,2024-05-08,1167.25
1902,1843,7178,2025-06-23,1639.18
1903,1844,7176,2025-01-16,3573.55
1904,1845,7178,2026-05-22,1560.06
1905,1846,7178,2024-06-10,4866.97
1906,1847,7178,2025-12-29,6277.59
1907,1848,7176,2026-03-28,2677.17
1908,1849,7176,2025-07-17,5164.95
1909,1851,7177,2025-11-20,5880.84
1910,1853,7179,2026-02-15,3369.86
1911,1854,7177,2024-08-29,742.42
1912,1854,7178,2024-04-10,5393.17
1913,1855,7176,2025-04-15,3853.47
1914,1856,7176,2026-05-22,3903.57
1915,1857,7179,2025-11-04,7182.71
1916,1858,7179,2026-05-28,3254.39
1917,1859,7178,2025-12-14,7044.27
1918,1860,7177,2024-10-05,3223.46
1919,1861,7179,2024-06-13,1372.67
1920,1862,7179,2024-09-11,593.08
1921,1862,7178,2026-02-24,5552.97
1922,1863,7178,2025-09-13,2572.03
1923,1864,7177,2024-08-31,936.49
1924,1864,7176,2024-04-17,5845.49
1925,1865,7177,2025-06-12,3465.58
1926,1867,7177,2026-03-06,4825.17
1927,1868,7176,2024-12-04,282.08
1928,1869,7177,2024-08-08,594.6
1929,1869,7178,2025-08-13,3635.63
1930,1870,7176,2025-05-01,3422.52
1931,1871,7179,2026-05-19,2117.83
1932,1871,7176,2025-02-08,3495.9
1933,1872,7179,2025-12-04,4696.29
1934,1873,7178,2025-11-18,5969.84
1935,1873,7179,2025-06-11,4048.47
1936,1875,7177,2024-08-06,861.81
1937,1877,7178,2026-06-10,3539.6
1938,1878,7179,2025-09-25,2078.08
1939,1879,7177,2024-12-17,7075.01
1940,1880,7176,2025-03-21,5486.99
1941,1881,7178,2026-05-14,4720.27
1942,1882,7178,2026-02-16,5167.86
1943,1883,7179,2026-05-11,3899.5
1944,1884,7179,2025-07-03,7046.56
1945,1885,7179,2025-07-28,2380.39
1946,1886,7176,2024-05-14,7386.76
1947,1887,7178,2024-11-11,2848.11
1948,1890,7177,2026-03-19,2667.76
1949,1891,7176,2025-01-13,1494.3
1950,1892,7179,2024-07-15,3086.92
1951,1893,7176,2025-10-31,5150.46
1952,1894,7176,2025-07-15,5229.13
1953,1895,7179,2025-12-30,6081.96
1954,1896,7176,2026-03-18,2053.41
1955,1897,7176,2024-04-09,7183.49
1956,1897,7176,2026-05-05,4141.13
1957,1898,7179,2024-07-26,6785.78
1958,1899,7176,2024-08-15,2575.19
1959,1900,7176,2024-06-01,6854.07
1960,1901,7176,2025-10-07,6879.8
1961,1902,7177,2024-11-09,2281.44
1962,1902,7179,2025-10-10,6133.77
1963,1903,7177,2024-09-01,985.92
1964,1904,7179,2024-04-22,4581.95
1965,1905,7176,2026-04-22,4500.82
1966,1905,7179,2026-01-27,3326.84
1967,1906,7178,2025-10-30,497.86
1968,1908,7176,2024-04-28,6752.53
1969,1909,7178,2025-12-25,5969.9
1970,1910,7177,2025-11-17,5904.95
1971,1911,7176,2025-06-25,5583.44
1972,1912,7178,2024-07-11,1906.96
1973,1913,7176,2026-06-21,914.39
1974,1914,7179,2024-06-07,2749.17
1975,1915,7176,2024-11-19,4864.1
1976,1916,7177,2025-03-16,1519.56
1977,1917,7178,2026-03-17,3573.47
1978,1918,7179,2026-02-17,2590.68
1979,1919,7177,2025-07-19,1934.76
1980,1920,7176,2026-03-26,2310.27
1981,1921,7178,2024-11-01,1402.93
1982,1923,7177,2025-07-27,641.61
1983,1924,7177,2024-09-30,1095.51
1984,1925,7176,2025-01-07,3902.27
1985,1926,7176,2024-09-18,2206.41
1986,1927,7176,2024-07-16,4601.96
1987,1928,7176,2026-03-23,6362.29
1988,1929,7178,2024-11-15,961.32
1989,1930,7178,2025-12-23,560.54
1990,1931,7176,2026-01-26,5019.87
1991,1932,7177,2026-02-03,4019.03
1992,1932,7179,2024-11-30,387.63
1993,1933,7177,2024-06-10,3508.52
1994,1934,7176,2024-09-23,5896.84
1995,1934,7178,2024-06-05,2723.38
1996,1935,7179,2025-06-05,1096.39
1997,1936,7179,2024-07-30,2286.23
1998,1936,7176,2026-04-15,4378.14
1999,1937,7177,2026-06-13,5975.76
2000,1938,7177,2025-07-24,1891.58
2001,1939,7177,2026-05-04,7017.86
2002,1939,7179,2025-05-12,3037.69
2003,1940,7176,2024-05-16,972.96
2004,1941,7177,2024-01-28,2532.87
2005,1944,7176,2025-09-17,4745.87
2006,1945,7179,2025-09-25,3517.26
2007,1946,7178,2024-09-20,5711.14
2008,1947,7177,2024-12-27,3830.03
2009,1947,7179,2025-05-10,4575.42
2010,1948,7179,2025-01-26,2917.19
2011,1949,7177,2026-02-10,7305.09
2012,1950,7179,2024-08-27,4325.88
2013,1951,7176,2025-07-09,5030.66
2014,1952,7176,2025-01-01,3416.54
2015,1954,7177,2024-03-12,3031.31
2016,1955,7178,2025-09-24,1501.97
2017,1956,7178,2024-02-05,2467.26
2018,1957,7179,2026-03-03,6061.66
2019,1957,7179,2024-11-02,4801.45
2020,1958,7177,2025-04-30,1883.03
2021,1959,7176,2024-12-12,4494.09
2022,1960,7177,2024-11-02,3761.31
2023,1961,7178,2024-02-27,6443.06
2024,1962,7178,2024-04-09,4966.24
2025,1963,7178,2024-07-26,4764.58
2026,1964,7177,2026-03-27,7013.31
2027,1965,7176,2025-05-16,4303.66
2028,1966,7176,2024-03-20,3986.22
2029,1967,7179,2026-03-26,5831.45
2030,1967,7179,2025-01-27,5096.75
2031,1968,7179,2025-06-02,4395.0
2032,1970,7179,2026-01-16,2661.17
2033,1971,7178,2024-03-21,7024.41
2034,1974,7179,2025-06-30,3109.82
2035,1975,7178,2026-06-14,3630.18
2036,1975,7177,2024-10-19,1167.24
2037,1976,7178,2025-06-08,6878.24
2038,1976,7179,2025-01-07,2880.69
2039,1977,7179,2024-12-22,1970.73
2040,1978,7177,2024-09-05,362.6
2041,1978,7178,2025-12-31,2938.44
2042,1979,7179,2025-02-28,3977.64
2043,1979,7178,2024-01-30,6104.65
2044,1980,7179,2024-09-13,2846.01
2045,1981,7178,2024-01-30,3034.05
2046,1982,7177,2026-03-07,2053.35
2047,1983,7177,2024-05-06,7440.04
2048,1984,7177,2025-02-01,3081.46
2049,1984,7176,2024-06-07,6808.03
2050,1985,7179,2024-05-19,1472.34
2051,1985,7177,2024-01-13,4225.99
2052,1986,7178,2024-05-14,1780.43
2053,1987,7179,2025-11-14,3931.39
2054,1987,7179,2024-02-20,2551.9
2055,1988,7176,2025-07-06,5332.93
2056,1989,7178,2024-08-14,6452.28
2057,1992,7177,2025-10-16,1504.81
2058,1993,7176,2026-03-08,7138.11
2059,1993,7179,2025-05-11,5723.36
2060,1994,7179,2025-06-13,6948.0
2061,1995,7177,2024-07-02,1748.86
2062,1996,7177,2024-10-23,6809.61
2063,1996,7178,2024-09-19,1406.43
2064,1997,7179,2024-01-15,806.68
2065,1997,7178,2025-11-08,5763.46
2066,1998,7179,2025-03-08,7223.85
2067,1999,7178,2024-10-03,4679.88
2068,2000,7179,2024-07-21,2594.0
2069,2001,7178,2025-04-30,1946.67
2070,2002,7177,2026-06-21,1567.49
2071,2003,7177,2025-10-21,1347.68
2072,2005,7178,2025-11-18,6738.42
2073,2006,7178,2026-06-05,1708.22
2074,2006,7179,2024-01-25,5183.55
2075,2007,7176,2024-09-10,1486.64
2076,2007,7176,2024-12-25,1572.11
2077,2009,7179,2024-02-23,1113.65
2078,2010,7176,2024-10-22,1379.04
2079,2011,7179,2024-12-13,5313.04
2080,2011,7176,2025-10-23,4386.47
2081,2012,7176,2024-09-20,4931.62
2082,2014,7177,2025-12-09,4772.35
2083,2015,7179,2026-01-30,6307.09
2084,2016,7177,2024-06-30,641.66
2085,2017,7178,2024-06-01,1837.9
2086,2017,7178,2024-01-29,3160.48
2087,2018,7177,2025-04-12,2855.25
2088,2018,7178,2026-06-17,1025.02
2089,2019,7178,2025-07-03,2820.73
2090,2020,7179,2024-12-15,2900.29
2091,2021,7178,2025-04-02,1416.99
2092,2022,7178,2024-08-20,2034.16
2093,2023,7178,2025-03-10,4805.73
2094,2024,7176,2025-08-23,3402.21
2095,2025,7177,2025-05-27,2381.35
2096,2026,7178,2024-10-18,3043.37
2097,2027,7179,2024-12-12,7359.61
2098,2028,7177,2025-03-02,3478.35
2099,2028,7179,2025-09-17,2697.68
2100,2029,7178,2025-05-18,3460.49
2101,2030,7176,2024-06-19,4451.4
2102,2031,7176,2026-03-08,3666.5
2103,2032,7179,2025-12-16,6510.78
2104,2033,7178,2026-06-27,3014.41
2105,2034,7176,2025-07-20,638.63
2106,2034,7176,2025-01-01,1805.39
2107,2035,7178,2026-01-31,2272.8
2108,2036,7179,2026-06-26,5502.73
2109,2036,7176,2024-09-15,6403.34
2110,2037,7179,2024-02-17,5455.73
2111,2038,7177,2024-02-28,3542.65
2112,2039,7176,2024-02-04,2290.86
2113,2040,7178,2024-12-19,4935.77
2114,2041,7179,2024-02-27,3039.33
2115,2042,7176,2025-08-09,2674.46
2116,2043,7177,2025-10-30,1994.69
2117,2044,7177,2025-02-18,5290.91
2118,2045,7179,2025-02-27,184.75
2119,2046,7177,2024-08-05,6950.44
2120,2047,7178,2025-03-20,638.84
2121,2048,7179,2025-03-19,3364.93
2122,2049,7179,2025-12-08,6144.07
2123,2050,7176,2025-08-09,1974.82
2124,2050,7179,2026-02-09,1194.49
2125,2051,7176,2024-10-25,252.76
2126,2052,7177,2026-05-21,1949.6
2127,2053,7178,2024-11-20,1436.95
2128,2054,7177,2024-08-19,4236.66
2129,2055,7179,2025-11-09,3156.43
2130,2056,7177,2025-08-22,4182.78
2131,2057,7176,2024-04-16,1015.19
2132,2058,7178,2025-01-23,6928.49
2133,2058,7176,2026-05-21,3617.24
2134,2060,7179,2024-04-26,723.93
2135,2060,7176,2026-06-21,4368.3
2136,2063,7177,2025-02-07,3670.75
2137,2064,7178,2024-02-12,4867.33
2138,2065,7178,2024-11-26,1418.27
2139,2066,7176,2025-09-25,5517.69
2140,2067,7179,2024-03-29,1678.81
2141,2068,7178,2025-09-12,3787.66
2142,2069,7179,2024-08-19,1137.48
2143,2071,7176,2026-03-29,5373.16
2144,2072,7177,2025-06-22,1375.31
2145,2073,7176,2024-01-08,260.56
2146,2074,7177,2024-12-17,2063.27
2147,2076,7177,2026-01-20,6224.14
2148,2077,7176,2024-01-13,701.22
2149,2077,7177,2024-12-13,795.11
2150,2079,7179,2024-12-14,6114.84
2151,2080,7179,2024-01-26,1272.27
2152,2081,7178,2024-04-12,6501.04
2153,2082,7177,2024-10-04,5796.37
2154,2082,7178,2024-02-15,788.78
2155,2083,7177,2025-07-29,870.67
2156,2084,7179,2024-12-13,704.17
2157,2085,7178,2025-07-06,3941.43
2158,2086,7178,2024-03-16,455.87
2159,2087,7179,2025-03-09,5288.54
2160,2088,7176,2025-07-19,979.07
2161,2089,7176,2025-06-18,1760.52
2162,2090,7176,2024-06-03,1509.47
2163,2091,7179,2024-10-06,6638.13
2164,2092,7177,2024-06-13,4739.85
2165,2093,7176,2024-10-04,5989.65
2166,2094,7176,2025-06-14,6876.95
2167,2095,7178,2025-08-12,7110.22
2168,2095,7179,2025-07-07,3849.74
2169,2096,7176,2025-06-10,5133.88
2170,2097,7179,2025-01-02,676.38
2171,2098,7178,2024-07-27,4735.33
2172,2099,7179,2025-10-14,7356.43
2173,2100,7179,2025-05-13,7028.49
2174,2101,7176,2026-01-13,527.4
2175,2102,7176,2024-06-01,7242.98
2176,2103,7176,2025-01-21,4264.76
2177,2103,7179,2024-12-10,3844.12
2178,2104,7177,2024-04-06,7010.04
2179,2106,7176,2026-06-10,7043.39
2180,2109,7176,2026-01-16,3994.87
2181,2110,7179,2026-02-11,3687.45
2182,2110,7178,2025-02-09,264.81
2183,2112,7178,2025-03-01,6600.15
2184,2113,7179,2025-05-10,3631.04
2185,2114,7178,2025-08-16,1774.76
2186,2116,7177,2024-05-13,2899.84
2187,2117,7178,2025-07-02,692.17
2188,2118,7178,2024-12-29,3056.37
2189,2119,7177,2026-03-09,3374.39
2190,2120,7177,2025-06-01,7492.83
2191,2121,7179,2025-06-30,4582.17
2192,2122,7177,2024-01-05,4475.03
2193,2123,7178,2026-03-18,5961.42
2194,2125,7177,2025-10-01,4372.44
2195,2126,7177,2024-12-23,5296.6
2196,2127,7179,2025-08-18,3030.04
2197,2127,7176,2025-11-11,3871.96
2198,2128,7177,2024-03-13,2695.57
2199,2129,7177,2024-01-09,5284.35
2200,2129,7179,2024-07-23,5733.73
2201,2131,7177,2024-01-19,2291.17
2202,2132,7177,2026-04-23,4981.23
2203,2133,7179,2024-10-02,5244.96
2204,2134,7176,2025-09-23,2366.54
2205,2135,7176,2024-09-14,7024.94
2206,2137,7178,2024-07-14,6746.2
2207,2137,7177,2024-07-22,2016.09
2208,2139,7179,2024-09-06,464.04
2209,2140,7179,2025-03-19,6875.32
2210,2141,7178,2024-01-21,617.98
2211,2142,7176,2026-03-31,6787.14
2212,2143,7179,2024-11-18,4239.53
2213,2144,7177,2025-11-30,995.95
2214,2144,7179,2025-06-13,1787.47
2215,2145,7176,2025-09-22,6666.01
2216,2146,7178,2025-12-26,4698.44
2217,2147,7179,2024-04-24,6025.96
2218,2148,7178,2026-05-26,1524.66
2219,2149,7176,2024-03-31,231.04
2220,2149,7179,2025-12-02,6688.96
2221,2150,7178,2024-08-30,2829.82
2222,2150,7177,2024-01-31,5786.91
2223,2151,7179,2024-08-08,5903.64
2224,2152,7176,2024-05-29,2575.92
2225,2153,7176,2026-02-27,1904.97
2226,2154,7176,2026-05-23,1191.43
2227,2155,7176,2026-03-29,3264.58
2228,2157,7176,2025-10-21,1414.51
2229,2157,7176,2024-02-11,5343.42
2230,2158,7176,2026-02-18,5449.74
2231,2159,7177,2024-07-07,2616.15
2232,2160,7176,2026-04-07,2396.19
2233,2161,7176,2026-02-26,3277.54
2234,2162,7179,2024-04-15,4760.79
2235,2162,7177,2025-09-25,5408.66
2236,2163,7176,2026-04-03,2860.51
2237,2164,7178,2025-02-27,3933.21
2238,2165,7176,2024-12-10,2440.01
2239,2166,7179,2025-12-20,5754.67
2240,2166,7178,2026-03-01,1151.46
2241,2167,7177,2026-01-23,7321.44
2242,2168,7177,2024-11-14,3819.83
2243,2169,7179,2026-03-30,3117.77
2244,2170,7176,2024-07-11,201.61
2245,2171,7177,2024-07-03,2687.86
2246,2172,7177,2024-05-29,3572.13
2247,2173,7177,2025-08-08,5825.73
2248,2174,7176,2024-11-01,2746.07
2249,2175,7179,2026-02-14,162.7
2250,2176,7179,2025-04-04,270.39
2251,2178,7179,2025-10-02,3670.46
2252,2179,7179,2025-03-21,7220.96
2253,2179,7178,2025-06-17,2932.42
2254,2180,7179,2025-11-05,3805.68
2255,2181,7179,2024-11-02,7234.39
2256,2184,7179,2026-03-23,172.26
2257,2185,7179,2024-05-28,6538.78
2258,2186,7179,2025-08-13,2556.07
2259,2187,7178,2024-07-08,1895.97
2260,2188,7176,2026-04-14,6766.47
2261,2188,7177,2024-11-07,5215.16
2262,2189,7179,2025-05-24,7093.68
2263,2189,7178,2026-06-05,4606.21
2264,2190,7179,2025-09-29,6830.93
2265,2191,7178,2025-06-15,4861.98
2266,2192,7178,2025-01-27,496.5
2267,2193,7178,2024-12-02,6378.18
2268,2195,7179,2025-10-20,1184.47
2269,2196,7179,2025-09-02,3483.26
2270,2197,7178,2024-06-24,2268.15
2271,2197,7178,2025-08-22,5259.73
2272,2199,7179,2026-04-24,2836.21
2273,2201,7179,2025-11-20,4484.46
2274,2202,7177,2026-05-19,2224.26
2275,2203,7178,2024-09-16,5735.4
2276,2204,7179,2025-10-08,2879.16
2277,2205,7179,2025-07-15,3290.77
2278,2206,7178,2025-11-15,754.96
2279,2207,7179,2024-05-14,4241.55
2280,2208,7179,2025-03-02,2644.25
2281,2209,7176,2026-03-05,2632.44
2282,2212,7176,2024-05-22,3200.49
2283,2214,7177,2025-08-06,1574.98
2284,2216,7177,2024-07-17,5370.1
2285,2216,7178,2025-10-25,5938.89
2286,2217,7177,2025-03-27,3876.93
2287,2218,7179,2024-11-20,4650.6
2288,2218,7176,2026-05-30,4233.07
2289,2219,7179,2024-09-08,4290.59
2290,2220,7177,2026-03-17,7037.69
2291,2221,7177,2025-05-05,2556.5
2292,2224,7176,2025-06-23,3319.74
2293,2225,7177,2025-07-11,316.16
2294,2226,7177,2025-03-21,5839.76
2295,2227,7179,2025-11-04,4714.65
2296,2228,7178,2025-11-17,7065.37
2297,2229,7179,2026-05-06,3534.86
2298,2230,7178,2024-06-09,6275.88
2299,2231,7179,2024-09-07,3207.39
2300,2232,7179,2025-03-08,4923.19
2301,2232,7177,2026-04-06,3574.66
2302,2233,7177,2026-05-30,3725.8
2303,2234,7177,2024-05-05,2572.26
2304,2236,7179,2024-11-16,381.06
2305,2237,7176,2025-03-14,2786.51
2306,2238,7176,2025-04-25,3456.8
2307,2239,7178,2024-07-14,3553.27
2308,2240,7176,2025-04-02,6616.74
2309,2241,7178,2024-05-12,3495.3
2310,2242,7176,2026-02-14,7314.69
2311,2243,7179,2026-03-19,1072.17
2312,2243,7176,2024-02-18,1858.52
2313,2244,7178,2025-03-06,4861.34
2314,2244,7178,2025-05-03,3101.65
2315,2245,7179,2025-09-18,6738.95
2316,2246,7179,2025-12-06,1864.51
2317,2248,7177,2026-02-27,5223.63
2318,2249,7179,2025-01-13,3249.06
2319,2250,7179,2024-08-21,2762.89
2320,2251,7178,2025-01-15,4184.81
2321,2251,7179,2024-10-20,6342.71
2322,2252,7178,2026-02-22,4656.41
2323,2253,7176,2024-02-24,6958.83
2324,2253,7178,2024-04-19,4118.68
2325,2254,7177,2026-01-01,5244.16
2326,2255,7178,2025-01-08,3466.77
2327,2256,7176,2024-01-06,6915.97
2328,2257,7176,2025-04-17,6348.39
2329,2258,7179,2025-04-20,3331.28
2330,2259,7176,2024-11-17,3690.25
2331,2260,7179,2024-07-28,4887.83
2332,2261,7178,2025-03-30,5780.11
2333,2262,7177,2025-02-16,2149.73
2334,2263,7176,2024-10-04,4541.4
2335,2265,7177,2024-02-16,2752.05
2336,2266,7179,2025-05-22,5574.99
2337,2266,7179,2024-10-10,2570.03
2338,2267,7178,2024-01-26,2164.47
2339,2268,7179,2026-06-13,2173.25
2340,2269,7177,2026-01-27,2643.22
2341,2270,7177,2024-03-20,1839.2
2342,2271,7177,2024-05-12,4241.84
2343,2272,7177,2024-07-14,2691.43
2344,2273,7179,2024-05-23,6828.25
2345,2274,7177,2025-01-27,3533.64
2346,2275,7179,2025-04-29,521.28
2347,2276,7178,2025-07-18,5634.71
2348,2277,7179,2026-05-30,3898.9
2349,2278,7179,2025-09-19,6477.57
2350,2279,7179,2025-05-04,3199.46
2351,2280,7176,2024-04-08,2423.59
2352,2281,7179,2024-09-13,3537.24
2353,2282,7177,2024-11-13,3197.62
2354,2283,7177,2024-07-24,6282.38
2355,2284,7176,2024-01-03,6138.32
2356,2285,7177,2025-10-14,3053.36
2357,2286,7177,2024-02-01,7135.02
2358,2287,7179,2025-08-24,3159.81
2359,2287,7178,2025-09-06,306.29
2360,2288,7177,2024-08-25,2013.51
2361,2288,7177,2024-05-05,6615.74
2362,2289,7178,2024-08-13,1663.23
2363,2290,7177,2024-02-02,6005.25
2364,2290,7177,2025-08-10,697.25
2365,2291,7176,2025-03-29,2669.01
2366,2293,7176,2026-01-26,2499.94
2367,2295,7177,2024-08-02,3210.82
2368,2296,7179,2026-06-04,5874.21
2369,2297,7176,2026-03-16,283.47
2370,2299,7177,2024-10-21,2352.2
2371,2300,7177,2025-05-16,5440.28
2372,2301,7178,2024-06-06,441.53
2373,2302,7179,2024-11-26,5761.54
2374,2303,7179,2025-12-13,3438.45
2375,2304,7176,2024-09-11,5000.83
2376,2305,7179,2025-01-01,6657.5
2377,2306,7177,2024-02-16,2830.6
2378,2307,7176,2025-04-15,5782.84
2379,2308,7179,2026-03-11,4992.79
2380,2308,7178,2026-05-09,5940.27
2381,2309,7176,2025-03-06,441.0
2382,2309,7176,2024-01-19,3570.66
2383,2310,7176,2024-08-07,1223.96
2384,2311,7176,2024-10-01,3307.46
2385,2312,7176,2024-06-26,2398.18
2386,2313,7178,2026-06-29,3115.17
2387,2314,7179,2025-11-29,5950.85
2388,2315,7178,2025-10-23,508.28
2389,2316,7176,2026-04-08,7151.12
2390,2317,7176,2026-06-29,174.97
2391,2317,7176,2024-12-07,1424.89
2392,2318,7176,2025-11-08,6474.6
2393,2319,7176,2026-04-29,5774.97
2394,2320,7179,2026-03-06,7119.31
2395,2321,7178,2024-02-18,3506.04
2396,2322,7176,2026-02-24,3134.9
2397,2323,7176,2024-02-28,3860.57
2398,2323,7176,2026-04-21,1776.05
2399,2326,7177,2024-05-04,4095.75
2400,2327,7179,2024-02-01,2619.91
2401,2328,7177,2025-05-03,786.15
2402,2329,7179,2024-06-13,5866.72
2403,2330,7176,2024-06-27,6469.36
2404,2331,7179,2024-12-03,6379.49
2405,2332,7179,2025-08-27,3292.34
2406,2334,7177,2024-07-15,6429.43
2407,2335,7179,2024-04-23,4984.01
2408,2336,7179,2024-08-02,3876.22
2409,2337,7178,2024-03-04,1178.15
2410,2337,7176,2025-06-15,1186.03
2411,2338,7177,2025-12-14,5829.35
2412,2338,7178,2024-07-06,3744.67
2413,2339,7177,2024-03-14,3159.25
2414,2340,7177,2025-08-10,3592.81
2415,2341,7177,2026-04-12,6050.63
2416,2342,7177,2026-06-29,7472.1
2417,2342,7176,2025-03-25,1529.05
2418,2343,7179,2024-02-25,5083.46
2419,2343,7176,2026-05-17,7178.24
2420,2344,7179,2026-02-20,4550.88
2421,2345,7179,2025-07-24,1469.3
2422,2346,7176,2026-03-26,7020.18
2423,2347,7179,2025-07-07,4257.18
2424,2348,7178,2025-01-27,2889.94
2425,2349,7179,2025-08-08,556.75
2426,2350,7179,2025-02-16,3289.8
2427,2351,7176,2024-03-22,1114.81
2428,2352,7178,2025-08-20,251.54
2429,2353,7177,2025-04-06,611.02
2430,2354,7178,2025-03-02,5866.93
2431,2355,7177,2025-10-27,244.37
2432,2355,7177,2024-03-11,5096.91
2433,2356,7178,2025-11-07,1512.15
2434,2358,7179,2024-03-11,837.52
2435,2359,7178,2024-05-14,2033.1
2436,2359,7177,2026-03-28,3204.53
2437,2361,7178,2025-12-27,4156.39
2438,2362,7178,2026-06-21,5262.24
2439,2362,7177,2025-08-02,4516.83
2440,2363,7177,2025-05-14,1590.11
2441,2364,7178,2024-06-15,2965.0
2442,2365,7179,2025-05-31,2712.57
2443,2366,7177,2024-05-20,5784.92
2444,2369,7176,2024-06-25,6743.14
2445,2370,7178,2025-06-14,6538.42
2446,2371,7177,2024-12-06,965.46
2447,2372,7176,2026-06-13,6907.41
2448,2373,7179,2025-07-11,3977.35
2449,2374,7178,2025-09-28,803.3
2450,2375,7176,2024-05-17,7065.59
2451,2376,7176,2026-01-09,1113.59
2452,2377,7176,2026-06-27,4969.38
2453,2378,7176,2025-11-02,267.6
2454,2379,7177,2025-11-10,6745.97
2455,2380,7177,2026-04-08,4259.42
2456,2381,7178,2025-01-04,3753.08
2457,2382,7176,2025-05-26,2469.22
2458,2383,7178,2024-01-15,4121.83
2459,2384,7179,2024-10-20,5577.37
2460,2385,7177,2025-11-26,4924.71
2461,2386,7178,2025-11-14,3689.52
2462,2387,7177,2024-09-20,2210.35
2463,2389,7176,2025-04-20,5005.04
2464,2390,7176,2024-06-28,4814.71
2465,2391,7178,2025-01-19,5097.28
2466,2392,7179,2025-07-09,5619.0
2467,2393,7177,2025-07-03,7232.35
2468,2394,7179,2024-07-03,4324.86
2469,2395,7179,2024-01-29,3879.73
2470,2396,7176,2024-07-26,4501.67
2471,2397,7176,2025-10-12,1093.94
2472,2398,7176,2024-12-16,1886.36
2473,2399,7179,2024-04-22,5500.34
2474,2400,7178,2024-10-25,2676.13
2475,2401,7177,2025-11-12,4515.03
2476,2401,7179,2024-09-07,2821.76
2477,2402,7176,2026-04-09,5109.83
2478,2403,7176,2024-04-22,7160.86
2479,2403,7177,2024-09-11,2336.33
2480,2404,7177,2024-05-25,3047.13
2481,2404,7178,2025-10-14,1816.84
2482,2405,7179,2024-02-21,5656.82
2483,2406,7177,2024-05-01,1165.88
2484,2407,7177,2025-12-31,3430.56
2485,2407,7176,2025-06-10,1842.43
2486,2408,7176,2024-04-27,3464.2
2487,2409,7176,2026-02-02,3874.1
2488,2409,7176,2024-08-16,6668.04
2489,2410,7177,2025-08-16,380.33
2490,2410,7179,2025-07-07,524.24
2491,2411,7177,2024-05-29,7302.83
2492,2412,7178,2026-04-01,4705.72
2493,2413,7177,2024-08-16,2394.66
2494,2414,7178,2024-08-30,4251.38
2495,2416,7179,2024-08-22,3416.76
2496,2417,7179,2024-06-30,5950.45
2497,2418,7179,2025-09-09,4662.22
2498,2418,7178,2024-02-26,4003.73
2499,2419,7178,2024-11-22,4529.31
2500,2420,7178,2024-01-05,5488.92
2501,2421,7179,2025-05-03,450.86
2502,2422,7179,2025-05-25,2044.02
2503,2423,7177,2024-06-08,823.25
2504,2424,7178,2024-11-24,3607.85
2505,2426,7179,2024-01-06,7355.33
2506,2427,7178,2024-09-10,201.75
2507,2428,7176,2025-03-28,3616.9
2508,2429,7179,2025-03-29,7009.72
2509,2430,7176,2025-05-30,2064.76
2510,2431,7177,2025-10-31,3909.58
2511,2431,7177,2025-12-07,4900.62
2512,2432,7176,2024-02-16,6682.74
2513,2432,7177,2024-12-17,4719.83
2514,2433,7177,2024-05-05,4001.4
2515,2434,7177,2025-07-04,3547.06
2516,2435,7176,2025-07-25,1103.02
2517,2436,7178,2024-03-06,3277.7
2518,2437,7178,2025-07-05,2785.02
2519,2438,7176,2025-08-12,1186.44
2520,2439,7179,2025-08-06,5673.13
2521,2439,7176,2024-09-10,7149.95
2522,2440,7176,2024-07-12,2379.97
2523,2441,7179,2024-12-25,6461.29
2524,2442,7176,2024-06-05,2145.54
2525,2443,7176,2025-06-10,7216.92
2526,2443,7177,2026-06-25,2195.95
2527,2444,7176,2025-07-12,4637.11
2528,2444,7177,2026-05-08,7360.84
2529,2446,7176,2026-06-13,6808.21
2530,2447,7176,2024-07-07,6028.22
2531,2447,7179,2024-08-18,2875.32
2532,2449,7177,2026-03-27,6641.62
2533,2449,7176,2024-10-19,1985.59
2534,2453,7179,2025-02-09,7197.63
2535,2454,7178,2025-05-14,1043.38
2536,2456,7178,2025-08-02,7150.78
2537,2457,7178,2024-08-30,4152.83
2538,2458,7179,2024-05-07,3351.16
2539,2459,7177,2024-05-22,2029.73
2540,2459,7177,2026-01-03,5069.4
2541,2460,7179,2025-02-20,1670.57
2542,2461,7176,2025-11-18,3216.04
2543,2462,7179,2024-06-03,7393.5
2544,2463,7179,2026-03-29,2433.81
2545,2463,7177,2026-05-17,6052.93
2546,2464,7178,2025-06-28,742.19
2547,2465,7178,2025-07-24,2265.82
2548,2466,7179,2024-01-15,4713.26
2549,2467,7178,2025-09-28,947.99
2550,2467,7178,2024-12-17,1349.39
2551,2468,7177,2026-06-14,4882.35
2552,2468,7179,2024-04-02,5120.52
2553,2469,7176,2026-02-27,538.73
2554,2470,7177,2026-02-27,5207.88
2555,2471,7178,2025-04-19,4193.63
2556,2472,7178,2024-01-27,281.23
2557,2472,7177,2025-07-01,5905.36
2558,2473,7177,2025-05-15,5197.38
2559,2473,7178,2024-12-28,1709.99
2560,2474,7177,2024-04-04,5512.17
2561,2475,7178,2025-09-08,3541.02
2562,2476,7178,2026-05-17,2447.91
2563,2477,7179,2024-02-18,5712.23
2564,2478,7177,2025-08-12,3654.18
2565,2479,7177,2025-12-17,7203.25
2566,2480,7177,2024-09-06,5046.46
2567,2480,7176,2024-12-07,2655.2
2568,2482,7179,2024-09-09,4727.79
2569,2483,7179,2026-01-04,6080.21
2570,2484,7177,2025-08-10,5253.66
2571,2486,7176,2025-03-10,5108.51
2572,2487,7178,2024-04-09,2078.72
2573,2488,7176,2025-12-27,2530.77
2574,2489,7177,2024-07-07,2561.73
2575,2489,7178,2024-11-25,1452.63
2576,2490,7178,2025-11-17,6736.05
2577,2491,7176,2026-03-05,5201.86
2578,2492,7177,2024-06-10,5238.35
2579,2493,7176,2025-05-09,4643.44
2580,2494,7178,2025-08-30,5081.1
2581,2495,7179,2026-01-24,3685.61
2582,2496,7177,2024-07-30,7159.65
2583,2497,7179,2025-09-06,7405.61
2584,2498,7178,2024-10-12,2754.47
2585,2499,7177,2024-04-08,2444.79
2586,2500,7177,2026-03-23,2872.74
2587,2501,7177,2026-03-15,1978.22
2588,2501,7177,2026-03-12,4917.27
2589,2502,7177,2024-06-05,7282.96
2590,2503,7179,2025-10-14,5811.9
2591,2503,7177,2024-10-17,7286.95
2592,2504,7179,2024-02-23,1174.78
2593,2505,7179,2025-02-01,1953.14
2594,2506,7178,2024-03-13,4785.61
2595,2507,7176,2024-11-30,4555.61
2596,2508,7179,2025-02-19,3312.73
2597,2509,7177,2025-07-11,7470.59
2598,2510,7176,2025-07-24,2362.19
2599,2511,7177,2024-06-11,4037.31
2600,2511,7178,2026-05-11,5594.29
2601,2512,7176,2025-06-25,626.12
2602,2513,7178,2025-03-12,6029.42
2603,2513,7176,2025-09-01,1536.26
2604,2514,7179,2025-08-20,2537.7
2605,2516,7178,2026-05-15,1616.68
2606,2516,7176,2025-01-20,5112.44
2607,2517,7176,2026-02-18,1150.05
2608,2518,7179,2025-06-26,6953.41
2609,2519,7176,2025-02-14,7356.39
2610,2520,7176,2026-03-07,3992.03
2611,2522,7178,2024-08-10,5174.07
2612,2523,7178,2026-06-22,5138.89
2613,2524,7178,2026-04-19,3085.42
2614,2524,7179,2026-03-31,3643.75
2615,2525,7179,2025-11-09,3612.0
2616,2526,7179,2026-02-25,6196.08
2617,2527,7176,2026-04-10,4014.47
2618,2528,7179,2025-05-12,5091.95
2619,2529,7176,2026-05-06,3941.58
2620,2530,7178,2026-05-11,6035.79
2621,2530,7176,2025-02-25,4336.42
2622,2531,7179,2024-10-27,402.15
2623,2532,7176,2024-07-11,1848.68
2624,2533,7179,2025-02-02,352.78
2625,2534,7179,2024-06-09,2179.29
2626,2535,7179,2025-01-29,3361.08
2627,2536,7178,2024-08-01,2367.74
2628,2536,7176,2024-01-12,7001.54
2629,2537,7178,2024-07-19,4210.67
2630,2539,7177,2025-11-27,2102.28
2631,2539,7179,2024-03-19,5149.89
2632,2540,7178,2026-04-13,7170.59
2633,2541,7178,2024-03-28,866.15
2634,2541,7177,2026-01-04,6026.25
2635,2542,7177,2026-02-24,2467.12
2636,2543,7176,2026-01-30,2277.09
2637,2544,7179,2024-01-17,3060.69
2638,2545,7178,2026-04-27,6075.62
2639,2546,7176,2025-10-11,4039.25
2640,2547,7178,2024-02-24,4214.41
2641,2548,7177,2026-05-14,2614.36
2642,2548,7176,2024-11-28,5402.94
2643,2549,7178,2025-11-28,4651.84
2644,2549,7177,2025-09-13,4021.51
2645,2550,7177,2026-02-19,6154.86
2646,2551,7178,2026-06-15,5537.8
2647,2553,7176,2026-06-16,2680.37
2648,2553,7179,2024-07-19,2767.07
2649,2554,7177,2025-05-09,405.21
2650,2555,7179,2026-01-07,6138.04
2651,2556,7176,2024-05-14,6033.91
2652,2557,7177,2025-04-09,1861.5
2653,2558,7176,2025-06-29,6464.71
2654,2558,7178,2024-10-25,247.09
2655,2559,7178,2025-08-25,3841.48
2656,2560,7178,2025-07-24,2213.89
2657,2561,7176,2026-01-08,5137.05
2658,2562,7178,2025-06-22,451.92
2659,2563,7176,2024-06-30,2579.48
2660,2564,7177,2025-11-04,3981.61
2661,2564,7178,2026-06-15,5383.06
2662,2565,7179,2025-02-04,4418.35
2663,2567,7178,2025-09-09,1681.78
2664,2568,7177,2026-04-09,4336.25
2665,2571,7177,2026-02-13,4797.6
2666,2571,7176,2025-06-22,3621.62
2667,2572,7179,2026-01-16,868.22
2668,2573,7179,2024-04-05,4860.97
2669,2574,7177,2025-12-18,1189.01
2670,2575,7178,2024-07-16,5444.78
2671,2576,7177,2025-08-15,3023.19
2672,2577,7177,2025-02-24,6384.81
2673,2578,7179,2024-09-10,2817.5
2674,2579,7177,2024-04-28,4086.86
2675,2580,7177,2024-11-12,1137.58
2676,2581,7176,2024-04-17,2529.02
2677,2583,7177,2025-02-25,163.13
2678,2583,7179,2024-04-20,4855.73
2679,2585,7176,2025-03-01,703.81
2680,2586,7176,2024-05-18,5580.2
2681,2587,7177,2024-01-31,3762.51
2682,2588,7177,2024-03-21,5297.0
2683,2589,7178,2025-02-09,5870.46
2684,2590,7177,2025-10-17,3953.88
2685,2591,7179,2025-08-17,6989.72
2686,2592,7176,2026-03-26,3678.38
2687,2593,7179,2025-01-08,821.09
2688,2594,7176,2026-05-27,6393.21
2689,2595,7179,2024-08-07,3677.47
2690,2596,7177,2024-01-20,5525.93
2691,2597,7179,2026-06-18,4082.16
2692,2598,7178,2024-03-23,2594.68
2693,2599,7176,2024-05-17,2828.73
2694,2600,7178,2024-11-02,4944.23
2695,2601,7178,2025-07-23,6494.46
2696,2602,7179,2025-04-26,2646.07
2697,2604,7178,2025-10-20,767.72
2698,2605,7177,2026-06-28,1727.0
2699,2605,7178,2024-10-31,881.71
2700,2606,7177,2024-02-19,411.18
2701,2607,7178,2024-05-09,3338.72
2702,2608,7177,2024-11-24,2098.74
2703,2609,7176,2025-04-23,3684.36
2704,2610,7177,2026-04-19,3361.61
2705,2611,7179,2026-02-13,2757.96
2706,2612,7179,2025-11-27,5529.89
2707,2613,7176,2025-06-15,1049.2
2708,2614,7179,2024-08-14,4980.62
2709,2615,7179,2025-01-22,2744.36
2710,2615,7178,2025-04-07,5699.77
2711,2616,7178,2024-09-27,7279.25
2712,2617,7178,2025-02-07,1524.9
2713,2618,7176,2024-04-12,1887.91
2714,2619,7178,2025-02-11,5000.06
2715,2620,7177,2024-08-11,5726.89
2716,2621,7176,2024-07-07,5325.69
2717,2622,7176,2025-08-12,1619.13
2718,2623,7179,2024-05-02,3054.09
2719,2624,7177,2025-03-08,252.16
2720,2625,7179,2024-06-16,4733.34
2721,2625,7178,2026-06-28,2599.75
2722,2626,7178,2026-01-20,6930.01
2723,2627,7177,2024-11-26,3032.97
2724,2627,7177,2025-06-14,1859.94
2725,2628,7176,2025-04-06,2664.14
2726,2629,7179,2026-01-30,512.28
2727,2630,7177,2025-09-17,7011.42
2728,2631,7176,2026-03-29,2275.72
2729,2632,7176,2026-06-05,3170.43
2730,2633,7179,2024-05-21,7461.84
2731,2634,7176,2024-04-10,4731.78
2732,2635,7178,2024-11-21,4893.87
2733,2635,7178,2026-02-13,4270.45
2734,2636,7176,2025-02-04,1310.43
2735,2637,7176,2025-04-04,6498.77
2736,2637,7179,2024-01-27,599.43
2737,2638,7176,2024-11-27,337.56
2738,2639,7179,2024-12-27,6433.9
2739,2640,7176,2024-08-23,5106.36
2740,2640,7177,2026-01-05,6295.27
2741,2641,7176,2025-01-14,988.6
2742,2642,7179,2025-03-18,1847.91
2743,2643,7176,2025-09-14,4615.79
2744,2644,7179,2024-07-26,2182.12
2745,2645,7178,2026-05-02,216.96
2746,2647,7177,2024-05-11,6649.86
2747,2648,7176,2024-04-17,6114.78
2748,2649,7178,2024-08-05,5887.25
2749,2651,7179,2024-01-06,3205.43
2750,2651,7176,2024-07-08,1194.23
2751,2653,7176,2024-12-27,1798.95
2752,2654,7176,2026-03-08,3058.18
2753,2655,7176,2024-08-19,811.66
2754,2656,7177,2026-04-08,1849.17
2755,2656,7176,2026-06-06,6042.84
2756,2657,7178,2025-09-17,5258.76
2757,2657,7177,2025-03-02,1644.29
2758,2658,7178,2025-02-01,1632.01
2759,2659,7177,2026-03-04,1595.43
2760,2660,7177,2025-02-02,3755.12
2761,2661,7176,2026-03-14,2971.26
2762,2662,7178,2024-02-18,1035.76
2763,2663,7177,2026-04-20,6004.31
2764,2665,7176,2024-06-01,5847.26
2765,2666,7178,2025-11-01,4749.98
2766,2667,7179,2024-01-17,4284.16
2767,2668,7179,2026-04-20,1952.31
2768,2669,7177,2024-01-28,637.35
2769,2670,7179,2025-04-06,6873.02
2770,2670,7179,2024-09-28,2006.78
2771,2671,7177,2025-05-17,3359.29
2772,2674,7179,2025-09-24,6313.07
2773,2674,7179,2024-03-12,7100.8
2774,2675,7179,2026-01-13,2732.69
2775,2676,7178,2024-09-05,5997.54
2776,2677,7177,2025-12-16,7245.19
2777,2678,7177,2026-01-19,7069.61
2778,2679,7176,2026-06-11,5454.23
2779,2680,7178,2024-11-01,1059.62
2780,2681,7178,2024-10-24,2434.93
2781,2682,7178,2026-05-06,4736.74
2782,2683,7176,2026-01-03,3658.39
2783,2684,7177,2025-10-25,2722.72
2784,2685,7178,2025-09-24,3045.71
2785,2686,7177,2024-10-30,2194.3
2786,2686,7179,2025-10-16,589.27
2787,2687,7177,2024-11-15,1779.81
2788,2688,7179,2025-08-05,6425.18
2789,2689,7178,2025-09-09,2988.39
2790,2690,7178,2025-01-08,2010.08
2791,2691,7179,2025-12-11,4851.2
2792,2692,7178,2025-09-12,1603.33
2793,2693,7176,2025-07-06,6037.84
2794,2694,7179,2024-05-28,3497.75
2795,2695,7176,2026-04-16,2944.48
2796,2696,7179,2024-08-04,4803.89
2797,2697,7177,2025-08-26,4169.76
2798,2698,7179,2025-06-07,4138.41
2799,2699,7179,2025-11-16,6230.37
2800,2700,7178,2025-06-04,7200.25
2801,2702,7177,2024-03-20,4478.13
2802,2703,7176,2024-06-30,6984.82
2803,2704,7177,2025-09-17,7215.65
2804,2707,7178,2024-03-16,5607.72
2805,2708,7177,2024-07-05,5649.03
2806,2710,7176,2024-03-28,6615.11
2807,2711,7178,2024-04-28,7044.5
2808,2711,7179,2024-03-11,4127.02
2809,2712,7179,2024-12-01,7206.07
2810,2713,7179,2024-11-08,4538.78
2811,2714,7176,2024-05-23,7225.13
2812,2714,7178,2026-01-10,5837.04
2813,2715,7177,2024-08-08,736.32
2814,2716,7176,2026-04-13,6230.52
2815,2717,7177,2024-12-12,4149.63
2816,2718,7178,2024-09-11,6778.94
2817,2719,7176,2025-03-21,5643.15
2818,2720,7178,2025-12-08,5420.42
2819,2721,7178,2026-05-23,7168.87
2820,2722,7176,2026-02-20,3936.42
2821,2723,7176,2024-01-22,7355.99
2822,2723,7179,2024-10-13,5080.1
2823,2724,7178,2024-09-01,799.36
2824,2725,7176,2025-12-29,1723.88
2825,2726,7179,2026-02-16,5885.3
2826,2726,7176,2024-05-07,5433.99
2827,2727,7177,2024-07-11,1508.16
2828,2728,7176,2026-01-31,350.65
2829,2729,7177,2026-04-20,5207.0
2830,2730,7177,2026-04-26,4202.64
2831,2731,7176,2024-04-04,7169.68
2832,2732,7176,2026-04-27,3229.91
2833,2733,7179,2024-12-30,3752.14
2834,2734,7176,2024-06-02,1656.84
2835,2735,7176,2024-01-07,859.81
2836,2735,7178,2025-04-17,883.91
2837,2736,7177,2024-12-29,6223.52
2838,2737,7177,2025-05-14,4294.39
2839,2738,7178,2025-07-16,2308.69
2840,2739,7176,2025-10-03,1011.21
2841,2740,7176,2024-06-18,2091.91
2842,2741,7176,2024-12-01,1710.11
2843,2741,7178,2025-03-11,3429.58
2844,2742,7179,2024-10-06,1042.2
2845,2743,7179,2025-05-22,1011.16
2846,2744,7179,2025-04-07,2627.49
2847,2745,7178,2024-05-06,3091.5
2848,2747,7176,2025-08-01,5831.19
2849,2748,7178,2024-11-08,6649.43
2850,2749,7178,2026-04-25,2366.69
2851,2750,7179,2024-12-05,5593.61
2852,2751,7178,2025-04-27,3041.98
2853,2752,7177,2025-07-16,7327.41
2854,2753,7179,2025-03-30,3065.2
2855,2753,7177,2026-04-10,6321.24
2856,2754,7176,2024-07-22,6638.16
2857,2755,7178,2025-11-02,6829.52
2858,2756,7177,2024-06-08,355.43
2859,2757,7177,2026-03-27,6627.58
2860,2758,7177,2026-04-08,2405.55
2861,2760,7176,2025-01-18,1963.64
2862,2760,7179,2025-04-02,6021.23
2863,2761,7179,2024-09-28,210.67
2864,2762,7179,2024-04-26,4784.35
2865,2763,7179,2025-08-20,7443.24
2866,2764,7176,2026-05-11,6597.87
2867,2765,7176,2024-02-25,7427.38
2868,2766,7179,2024-01-09,6823.83
2869,2766,7177,2025-12-19,2396.03
2870,2767,7179,2026-02-14,4334.75
2871,2768,7177,2026-01-19,3352.62
2872,2769,7178,2025-12-18,4768.78
2873,2769,7177,2024-10-01,3958.93
2874,2770,7178,2024-06-14,2735.13
2875,2771,7176,2025-10-29,1831.99
2876,2772,7179,2024-04-26,3590.22
2877,2773,7176,2025-09-27,1151.87
2878,2774,7176,2024-06-22,7250.8
2879,2775,7178,2025-05-22,6878.51
2880,2776,7178,2024-04-16,3794.99
2881,2777,7176,2026-03-19,2855.46
2882,2778,7177,2025-02-19,2621.1
2883,2779,7177,2025-08-02,6636.65
2884,2780,7178,2026-04-25,4284.95
2885,2781,7177,2024-01-25,6639.62
2886,2782,7179,2025-07-05,5288.72
2887,2784,7177,2025-03-02,7465.18
2888,2785,7176,2025-10-19,6568.47
2889,2786,7177,2026-03-08,1978.12
2890,2787,7176,2025-07-01,2965.65
2891,2788,7177,2025-01-19,552.61
2892,2789,7179,2025-05-25,3992.68
2893,2790,7176,2024-05-13,5044.49
2894,2791,7177,2025-12-13,5438.59
2895,2792,7177,2025-04-05,607.72
2896,2793,7176,2025-01-31,4230.99
2897,2794,7176,2024-05-15,4401.97
2898,2795,7176,2025-06-16,7412.49
2899,2796,7177,2025-02-23,5394.74
2900,2798,7178,2024-03-31,6310.34
2901,2798,7176,2024-12-16,7132.41
2902,2799,7178,2025-05-12,4417.3
2903,2800,7177,2026-04-26,2850.42
2904,2801,7176,2024-07-18,1013.67
2905,2802,7177,2025-10-18,6999.47
2906,2803,7179,2026-01-24,5378.87
2907,2804,7178,2025-12-21,6162.63
2908,2805,7179,2024-11-09,1605.09
2909,2805,7176,2025-02-13,5330.09
2910,2806,7177,2026-03-06,3449.49
2911,2806,7179,2025-02-17,1709.96
2912,2807,7177,2024-09-16,6102.57
2913,2807,7178,2024-12-29,5382.98
2914,2808,7176,2024-11-30,5661.06
2915,2809,7177,2025-06-01,1979.4
2916,2810,7176,2026-05-02,1856.89
2917,2811,7177,2024-09-24,5274.09
2918,2812,7177,2024-12-17,7338.95
2919,2815,7177,2026-04-06,5221.3
2920,2817,7179,2024-01-19,5091.12
2921,2818,7179,2026-03-21,7147.49
2922,2819,7176,2025-10-13,6420.61
2923,2820,7178,2024-09-25,7061.05
2924,2822,7176,2024-03-13,2737.91
2925,2823,7178,2025-06-24,4076.63
2926,2824,7176,2026-01-19,540.92
2927,2825,7176,2025-07-17,6798.22
2928,2826,7177,2026-06-18,3512.18
2929,2827,7176,2024-09-08,1670.67
2930,2827,7177,2026-06-27,1406.74
2931,2828,7176,2024-03-20,3675.57
2932,2829,7176,2024-07-05,2907.32
2933,2830,7176,2024-08-09,593.23
2934,2830,7178,2026-04-05,1495.68
2935,2832,7177,2024-01-12,1222.65
2936,2833,7176,2026-03-21,4428.82
2937,2834,7177,2026-02-11,5121.96
2938,2835,7177,2025-09-19,4769.68
2939,2835,7178,2025-12-10,2164.03
2940,2836,7176,2026-01-08,2717.57
2941,2837,7176,2025-05-19,2269.78
2942,2837,7176,2025-07-30,2394.35
2943,2838,7178,2026-04-22,2016.8
2944,2838,7176,2025-01-28,1226.65
2945,2839,7178,2025-09-13,4516.61
2946,2840,7176,2026-02-02,4843.52
2947,2841,7179,2024-03-24,2710.82
2948,2842,7177,2024-09-19,4453.73
2949,2843,7179,2026-02-04,6781.68
2950,2844,7179,2024-04-04,4829.07
2951,2845,7176,2024-08-24,729.78
2952,2846,7177,2025-10-26,7417.2
2953,2846,7178,2024-04-24,7181.36
2954,2847,7177,2024-04-17,572.0
2955,2848,7177,2024-11-26,3029.41
2956,2849,7178,2026-01-30,6618.56
2957,2850,7177,2024-10-14,1957.06
2958,2852,7176,2025-11-25,4786.09
2959,2853,7177,2024-05-03,4224.01
2960,2855,7178,2026-03-19,6058.44
2961,2856,7178,2025-01-16,6278.78
2962,2856,7178,2024-07-23,3736.24
2963,2858,7178,2026-05-10,6191.99
2964,2859,7179,2024-08-16,261.82
2965,2860,7178,2024-12-03,329.52
2966,2861,7179,2026-03-27,3409.96
2967,2862,7177,2024-08-03,3309.09
2968,2863,7178,2025-08-12,1229.08
2969,2864,7178,2025-05-07,2132.19
2970,2864,7179,2024-09-26,441.66
2971,2866,7176,2025-10-09,2481.41
2972,2867,7179,2025-04-16,5862.93
2973,2867,7176,2025-09-17,4667.92
2974,2868,7179,2026-01-01,4138.47
2975,2869,7178,2025-09-12,3592.93
2976,2869,7179,2024-04-18,6055.14
2977,2870,7176,2025-06-07,5766.2
2978,2870,7179,2025-12-04,6189.78
2979,2872,7176,2025-12-13,502.44
2980,2873,7178,2026-01-25,6977.08
2981,2875,7176,2026-01-11,4563.06
2982,2876,7179,2024-12-05,3193.2
2983,2876,7179,2025-03-25,2501.09
2984,2877,7179,2024-01-09,5289.08
2985,2877,7177,2026-03-16,487.69
2986,2878,7177,2026-02-28,3300.05
2987,2878,7176,2025-06-23,4932.81
2988,2879,7177,2025-12-16,2442.75
2989,2880,7179,2025-08-08,3899.33
2990,2881,7178,2024-05-30,5042.55
2991,2881,7177,2026-02-07,3987.73
2992,2882,7179,2025-05-30,6491.53
2993,2883,7177,2024-07-17,1981.98
2994,2884,7179,2025-12-09,3577.61
2995,2885,7179,2024-09-28,5632.41
2996,2886,7177,2024-09-01,3609.4
2997,2886,7179,2025-08-30,1763.58
2998,2888,7177,2024-04-04,7026.93
2999,2888,7179,2024-05-04,1430.3
3000,2889,7178,2025-05-01,652.19
3001,2890,7179,2025-08-04,1370.36
3002,2890,7178,2024-07-28,4513.7
3003,2891,7179,2026-01-25,3387.69
3004,2892,7179,2025-07-30,2766.55
3005,2893,7176,2024-11-17,1377.05
3006,2894,7178,2024-06-07,4297.53
3007,2894,7179,2025-09-19,2834.82
3008,2895,7177,2026-01-27,1046.5
3009,2897,7177,2025-01-10,3632.33
3010,2898,7177,2024-05-19,6898.01
3011,2899,7178,2025-09-29,3122.5
3012,2900,7177,2025-03-06,1413.83
3013,2900,7177,2025-09-05,2584.32
3014,2901,7179,2025-08-03,6566.26
3015,2902,7178,2024-03-21,5605.0
3016,2903,7178,2024-10-13,5032.31
3017,2904,7178,2025-11-13,5482.9
3018,2905,7178,2025-05-18,7230.83
3019,2906,7176,2025-10-21,4073.7
3020,2907,7176,2025-12-05,2631.36
3021,2907,7177,2024-10-24,4128.22
3022,2908,7179,2024-08-31,2066.89
3023,2909,7179,2024-12-09,4062.84
3024,2910,7177,2024-05-10,6731.78
3025,2911,7177,2026-05-28,6929.29
3026,2913,7178,2024-04-17,1730.35
3027,2914,7177,2026-04-14,4858.91
3028,2915,7176,2024-03-17,2406.45
3029,2917,7179,2024-01-09,7026.75
3030,2918,7176,2025-01-07,6999.77
3031,2919,7178,2025-05-24,4734.69
3032,2920,7179,2025-03-17,462.5
3033,2921,7179,2026-06-22,1468.86
3034,2922,7177,2025-07-24,7162.13
3035,2924,7179,2025-12-14,6058.73
3036,2925,7176,2026-04-04,371.58
3037,2926,7176,2024-07-17,7358.29
3038,2927,7178,2026-03-11,1355.4
3039,2928,7179,2024-02-01,6572.34
3040,2929,7177,2024-12-01,5671.41
3041,2930,7179,2024-02-01,2508.0
3042,2931,7178,2026-01-02,5422.4
3043,2932,7178,2026-02-17,5242.06
3044,2933,7178,2024-10-27,7325.35
3045,2933,7176,2025-06-03,4095.39
3046,2934,7176,2025-08-03,7048.47
3047,2935,7179,2026-03-23,5286.75
3048,2936,7178,2025-08-23,1197.97
3049,2937,7178,2025-11-04,4526.84
3050,2938,7179,2025-07-04,197.94
3051,2939,7176,2025-01-28,5809.79
3052,2940,7176,2025-11-28,1199.11
3053,2940,7177,2024-10-17,1168.51
3054,2941,7179,2024-10-29,1520.17
3055,2942,7177,2025-02-05,7025.2
3056,2943,7178,2024-10-16,2327.76
3057,2944,7177,2025-03-28,2670.42
3058,2946,7176,2024-02-23,7048.28
3059,2947,7176,2026-03-07,989.59
3060,2948,7176,2025-12-16,2005.67
3061,2949,7178,2024-06-25,4646.95
3062,2950,7179,2024-11-20,1378.37
3063,2951,7178,2026-06-13,3590.82
3064,2952,7177,2024-02-05,4560.49
3065,2953,7178,2024-11-27,1917.81
3066,2954,7178,2026-05-11,3413.42
3067,2955,7176,2026-03-31,5253.1
3068,2956,7176,2026-02-13,6720.13
3069,2957,7179,2025-10-27,3714.61
3070,2958,7179,2026-03-18,3460.85
3071,2959,7176,2025-10-22,4222.0
3072,2962,7179,2025-10-18,1144.32
3073,2963,7179,2024-04-15,3952.15
3074,2964,7176,2026-02-10,2319.03
3075,2965,7179,2026-02-02,5379.88
3076,2967,7178,2024-08-14,2275.07
3077,2969,7177,2024-10-12,2820.22
3078,2970,7176,2025-12-22,182.28
3079,2970,7178,2024-10-20,3136.68
3080,2971,7177,2024-06-30,4402.09
3081,2972,7177,2024-01-14,2393.85
3082,2973,7179,2024-05-10,3958.74
3083,2974,7177,2024-12-15,5994.01
3084,2975,7176,2025-11-22,860.7
3085,2976,7176,2024-12-28,5960.91
3086,2977,7178,2024-01-23,644.45
3087,2979,7176,2025-09-23,2882.97
3088,2980,7178,2024-12-11,347.9
3089,2981,7177,2025-09-29,5797.62
3090,2983,7177,2024-09-01,2933.2
3091,2984,7178,2025-12-08,7334.1
3092,2985,7178,2026-02-15,5074.33
3093,2986,7178,2025-10-03,7036.01
3094,2987,7178,2025-10-11,5881.89
3095,2988,7176,2025-07-03,3949.79
3096,2989,7179,2026-05-11,1501.31
3097,2990,7179,2024-08-05,4059.36
3098,2991,7178,2025-10-28,852.22
3099,2993,7178,2024-07-19,5912.02
3100,2994,7176,2024-03-14,2368.33
3101,2995,7178,2024-12-11,5919.73
3102,2996,7177,2026-06-02,1938.39
3103,2996,7177,2024-11-16,1714.42
3104,2997,7176,2024-07-30,548.77
3105,2997,7176,2025-03-24,1756.18
3106,2999,7178,2025-05-14,7178.64
3107,3000,7179,2025-07-25,2396.6
3108,3000,7179,2024-11-12,1965.92
3109,3001,7178,2025-01-21,5044.64
3110,3002,7177,2025-11-22,2171.61
3111,3003,7178,2026-05-28,1337.85
3112,3004,7178,2025-11-25,3348.47
3113,3004,7178,2026-01-02,2326.55
3114,3006,7179,2025-09-28,2770.34
3115,3008,7178,2026-04-23,7486.21
3116,3010,7176,2026-02-22,4919.22
3117,3012,7179,2024-02-06,1153.74
3118,3013,7178,2025-05-24,5258.33
3119,3014,7178,2025-10-18,1778.07
3120,3014,7176,2025-06-25,5251.29
3121,3015,7178,2024-08-15,6735.65
3122,3016,7176,2024-06-27,4512.72
3123,3016,7179,2024-09-09,1389.01
3124,3017,7178,2025-10-14,2854.84
3125,3018,7176,2024-01-20,5789.39
3126,3019,7177,2024-11-26,7006.28
3127,3020,7179,2026-06-01,2864.83
3128,3021,7178,2025-02-24,2506.51
3129,3023,7178,2024-11-01,7364.83
3130,3024,7179,2024-12-02,6370.38
3131,3025,7177,2026-06-21,3502.15
3132,3026,7178,2024-03-06,1394.09
3133,3027,7178,2026-05-08,5306.7
3134,3028,7177,2026-02-11,5928.09
3135,3029,7177,2025-10-19,361.21
3136,3030,7178,2025-02-06,5859.56
3137,3031,7178,2025-02-04,2222.49
3138,3032,7177,2024-05-06,6190.47
3139,3033,7176,2024-07-31,2866.74
3140,3034,7176,2025-11-30,3426.41
3141,3035,7177,2026-04-01,6624.43
3142,3036,7177,2025-11-27,740.04
3143,3037,7177,2024-12-28,2401.88
3144,3039,7176,2024-12-02,5247.69
3145,3040,7176,2024-01-11,333.4
3146,3041,7176,2024-08-21,2546.54
3147,3042,7178,2025-12-04,1117.3
3148,3043,7177,2024-12-27,3332.51
3149,3044,7177,2025-05-20,1184.7
3150,3045,7178,2025-04-13,3008.54
3151,3046,7179,2024-08-11,5375.87
3152,3047,7177,2025-06-20,679.4
3153,3048,7179,2024-05-25,3097.74
3154,3049,7179,2024-02-18,5382.79
3155,3051,7178,2024-03-05,4167.7
3156,3051,7176,2024-10-19,5212.79
3157,3052,7178,2024-09-25,5562.78
3158,3054,7177,2024-02-04,4662.16
3159,3055,7178,2025-02-15,988.31
3160,3056,7176,2024-06-14,3493.67
3161,3056,7178,2024-02-07,4908.19
3162,3057,7177,2026-04-09,5457.32
3163,3058,7178,2024-09-24,1533.88
3164,3059,7178,2025-02-07,7483.67
3165,3060,7177,2026-01-14,6160.33
3166,3061,7178,2026-05-20,863.83
3167,3062,7179,2025-08-22,6090.2
3168,3063,7179,2026-06-07,6876.66
3169,3064,7179,2024-04-05,5404.85
3170,3065,7178,2024-02-29,4180.38
3171,3066,7177,2025-06-06,247.72
3172,3066,7177,2024-06-05,4483.48
3173,3067,7179,2024-06-05,3508.37
3174,3067,7179,2024-10-24,473.51
3175,3068,7177,2024-05-04,4025.73
3176,3070,7179,2024-04-19,6429.53
3177,3071,7178,2024-10-28,2678.01
3178,3073,7179,2024-12-31,3955.84
3179,3073,7179,2026-03-02,1914.09
3180,3074,7179,2024-04-10,410.21
3181,3074,7178,2025-08-03,4476.54
3182,3075,7178,2026-04-03,2643.19
3183,3076,7176,2024-06-04,4530.39
3184,3076,7179,2026-05-31,2235.69
3185,3077,7179,2024-01-25,928.99
3186,3078,7177,2025-11-24,5387.2
3187,3079,7178,2025-02-01,4275.19
3188,3081,7177,2025-04-26,863.36
3189,3082,7179,2025-03-23,6133.57
3190,3084,7178,2024-07-21,2372.95
3191,3085,7178,2024-09-07,3487.63
3192,3086,7177,2024-02-17,4282.59
3193,3087,7177,2026-01-10,6623.14
3194,3089,7176,2024-05-17,1089.91
3195,3090,7179,2024-05-07,1022.01
3196,3091,7179,2024-02-18,159.47
3197,3092,7179,2024-10-15,5471.03
3198,3093,7176,2025-02-18,447.01
3199,3093,7176,2026-06-21,6919.85
3200,3094,7176,2025-11-15,1492.58
3201,3094,7178,2024-02-05,6968.83
3202,3095,7177,2026-01-15,7496.14
3203,3096,7176,2024-12-13,171.71
3204,3098,7179,2025-07-19,565.72
3205,3099,7179,2024-06-19,694.1
3206,3100,7179,2024-01-13,3531.48
3207,3101,7176,2025-08-23,4721.67
3208,3102,7179,2025-06-02,3395.34
3209,3102,7176,2024-04-11,3488.51
3210,3103,7179,2024-04-02,2748.45
3211,3105,7179,2024-06-28,6392.82
3212,3106,7178,2024-01-24,2783.84
3213,3107,7179,2024-10-01,4086.97
3214,3108,7178,2026-01-28,2664.83
3215,3109,7176,2025-06-28,289.57
3216,3110,7178,2024-03-20,4037.65
3217,3111,7179,2024-03-10,2706.17
3218,3111,7176,2025-04-23,3773.87
3219,3112,7176,2026-01-03,202.1
3220,3113,7176,2024-11-21,3308.97
3221,3114,7176,2025-09-20,5287.11
3222,3115,7177,2025-06-12,5149.47
3223,3116,7178,2024-05-09,3734.11
3224,3117,7179,2026-05-13,6744.85
3225,3118,7179,2025-06-28,2504.5
3226,3119,7176,2024-08-08,6537.97
3227,3122,7179,2024-01-20,6686.37
3228,3123,7178,2024-03-27,552.84
3229,3124,7178,2024-03-16,3964.13
3230,3125,7177,2024-06-06,2399.69
3231,3126,7176,2024-04-04,3172.18
3232,3127,7179,2024-04-18,2951.32
3233,3128,7176,2024-07-12,5999.02
3234,3129,7179,2024-12-07,4628.3
3235,3130,7178,2025-02-09,195.69
3236,3131,7177,2025-11-12,5789.66
3237,3133,7176,2026-04-21,2198.81
3238,3134,7177,2024-04-18,6548.54
3239,3134,7179,2024-07-04,4008.77
3240,3135,7179,2026-04-26,2420.71
3241,3136,7178,2024-04-07,2143.97
3242,3137,7176,2025-06-10,4874.34
3243,3138,7178,2025-09-11,4730.11
3244,3139,7177,2024-02-06,6705.51
3245,3140,7177,2025-10-04,414.29
3246,3140,7176,2024-12-22,2699.88
3247,3141,7179,2024-09-29,6309.42
3248,3142,7179,2025-08-14,2768.06
3249,3143,7176,2025-08-17,1162.06
3250,3145,7179,2026-01-29,6601.96
3251,3148,7177,2025-09-10,4823.93
3252,3149,7179,2025-03-12,7410.73
3253,3150,7179,2024-01-27,7109.08
3254,3151,7179,2024-06-18,281.7
3255,3152,7177,2026-02-05,5777.07
3256,3153,7176,2024-11-02,5900.64
3257,3154,7178,2024-10-19,7187.22
3258,3155,7179,2024-01-03,1475.47
3259,3156,7178,2026-06-15,4145.34
3260,3157,7178,2026-03-13,200.32
3261,3158,7178,2025-02-08,2682.57
3262,3161,7179,2025-06-24,2537.05
3263,3162,7179,2024-02-25,3991.95
3264,3163,7176,2024-04-09,2821.76
3265,3164,7177,2026-02-03,5878.63
3266,3164,7176,2025-08-18,1676.29
3267,3165,7176,2025-12-12,4626.07
3268,3166,7176,2024-03-18,3959.36
3269,3167,7178,2024-02-26,7162.84
3270,3168,7178,2024-11-10,3989.03
3271,3168,7179,2025-04-13,5226.81
3272,3169,7178,2025-10-18,2282.06
3273,3170,7177,2024-06-08,2528.28
3274,3170,7179,2025-07-29,1210.08
3275,3171,7177,2025-12-21,3546.61
3276,3171,7178,2025-03-23,7398.54
3277,3172,7177,2024-10-07,5291.05
3278,3173,7178,2025-04-01,4588.63
3279,3174,7177,2026-05-14,5956.58
3280,3175,7178,2025-03-20,3755.57
3281,3176,7177,2026-02-05,7190.44
3282,3177,7178,2024-06-28,1839.1
3283,3178,7176,2024-01-24,3117.41
3284,3179,7179,2024-03-13,3676.0
3285,3180,7177,2024-07-23,2900.72
3286,3181,7177,2026-05-25,4119.62
3287,3182,7176,2025-01-16,6522.43
3288,3182,7179,2024-03-29,4663.93
3289,3183,7179,2026-03-08,4417.2
3290,3184,7178,2025-07-13,2647.05
3291,3185,7177,2024-01-25,2078.74
3292,3186,7176,2026-03-27,3726.75
3293,3187,7177,2024-12-31,2458.25
3294,3188,7176,2025-07-09,2058.6
3295,3189,7176,2024-06-16,2852.82
3296,3190,7177,2025-11-22,5867.85
3297,3191,7179,2024-07-22,6617.86
3298,3192,7179,2024-08-22,2632.08
3299,3193,7176,2024-12-20,1695.06
3300,3194,7176,2024-11-29,949.65
3301,3195,7176,2025-05-27,7111.56
3302,3197,7179,2024-10-10,5920.9
3303,3198,7177,2024-01-16,1804.71
3304,3198,7178,2025-05-02,3511.08
3305,3199,7178,2025-04-25,6949.55
3306,3200,7179,2026-03-23,2819.12
3307,3201,7179,2024-05-28,2039.23
3308,3201,7176,2024-01-18,4009.49
3309,3202,7177,2024-09-04,6038.84
3310,3203,7179,2025-05-14,575.49
3311,3204,7177,2024-07-13,5973.38
3312,3205,7178,2024-06-16,5588.63
3313,3206,7178,2024-05-05,161.63
3314,3207,7178,2025-06-27,6771.43
3315,3208,7176,2024-10-06,4144.05
3316,3208,7179,2025-01-03,423.45
3317,3209,7179,2024-02-12,3134.6
3318,3210,7178,2024-05-10,5223.42
3319,3211,7179,2024-07-21,2332.81
3320,3212,7177,2025-07-02,2474.41
3321,3213,7177,2024-01-27,3972.58
3322,3214,7178,2025-11-07,1898.64
3323,3215,7179,2024-05-31,923.38
3324,3215,7179,2025-09-07,2701.08
3325,3216,7179,2026-05-29,170.13
3326,3217,7177,2025-03-31,6501.41
3327,3218,7176,2025-09-01,6495.25
3328,3219,7177,2025-08-15,3877.8
3329,3220,7179,2025-09-13,1206.35
3330,3221,7178,2025-01-10,5694.5
3331,3222,7178,2024-04-07,566.68
3332,3222,7178,2024-09-05,5752.33
3333,3223,7177,2025-03-03,2597.44
3334,3224,7179,2024-06-09,6680.6
3335,3224,7176,2024-10-17,855.12
3336,3225,7179,2024-01-12,2371.73
3337,3225,7177,2024-01-31,774.65
3338,3226,7179,2024-09-07,3661.84
3339,3227,7177,2024-08-04,3202.05
3340,3228,7176,2026-01-20,2283.18
3341,3229,7179,2024-09-27,2904.77
3342,3230,7179,2025-01-27,3070.24
3343,3231,7179,2024-12-26,5412.82
3344,3233,7179,2024-12-20,3151.47
3345,3233,7179,2025-11-05,2125.71
3346,3235,7177,2026-01-08,3390.97
3347,3236,7177,2024-10-20,6772.04
3348,3237,7179,2024-09-18,4350.22
3349,3237,7178,2025-02-10,1067.15
3350,3238,7176,2025-06-15,2619.47
3351,3239,7176,2025-08-12,1333.19
3352,3239,7179,2024-04-07,2782.63
3353,3240,7176,2025-12-14,1180.85
3354,3241,7176,2025-04-21,3028.14
3355,3241,7176,2026-01-26,670.59
3356,3242,7177,2026-05-22,633.12
3357,3244,7176,2024-06-17,6452.3
3358,3244,7178,2024-09-30,2518.65
3359,3246,7179,2026-06-16,3984.7
3360,3247,7178,2024-12-01,4290.07
3361,3248,7178,2024-12-22,6585.61
3362,3249,7178,2025-11-06,6875.17
3363,3249,7179,2024-10-13,3581.64
3364,3250,7178,2025-04-21,7228.7
3365,3251,7177,2026-04-12,5554.33
3366,3252,7176,2025-03-25,4510.31
3367,3253,7179,2025-02-04,5429.69
3368,3254,7178,2024-06-05,5803.57
3369,3254,7176,2024-02-21,6124.67
3370,3255,7179,2024-11-02,3724.86
3371,3256,7177,2024-08-29,5417.63
3372,3257,7178,2025-12-21,5624.49
3373,3258,7177,2025-09-28,1482.44
3374,3259,7177,2024-04-25,5043.29
3375,3260,7178,2026-02-02,5070.87
3376,3261,7176,2024-06-09,840.87
3377,3262,7177,2024-02-17,519.76
3378,3263,7179,2024-02-16,4841.3
3379,3263,7179,2025-08-10,7470.57
3380,3264,7177,2025-11-04,421.98
3381,3265,7178,2025-05-06,5309.25
3382,3267,7177,2024-10-15,1038.25
3383,3267,7178,2026-05-07,4372.38
3384,3268,7178,2025-01-13,588.84
3385,3268,7177,2024-06-24,6960.72
3386,3269,7179,2024-09-28,2599.45
3387,3270,7177,2024-07-02,2220.6
3388,3271,7177,2024-08-25,1516.77
3389,3271,7179,2024-03-12,4970.09
3390,3273,7179,2026-03-06,7443.12
3391,3273,7176,2024-07-07,2571.49
3392,3274,7179,2026-06-11,6605.93
3393,3275,7179,2025-08-20,2740.33
3394,3276,7178,2026-06-06,2450.12
3395,3277,7177,2024-05-02,250.09
3396,3278,7178,2025-01-15,4442.44
3397,3279,7179,2025-02-16,6920.09
3398,3280,7178,2026-04-04,4876.85
3399,3281,7176,2025-01-28,4816.35
3400,3281,7177,2025-01-20,1484.92
3401,3282,7178,2024-12-30,349.83
3402,3283,7177,2025-04-06,7469.85
3403,3284,7176,2025-10-30,6869.14
3404,3285,7178,2024-08-14,2952.47
3405,3285,7177,2026-04-13,6847.06
3406,3286,7179,2026-06-24,221.59
3407,3287,7177,2024-11-11,3688.68
3408,3288,7176,2024-09-24,5369.12
3409,3289,7179,2024-03-21,5673.77
3410,3290,7178,2025-08-13,6393.45
3411,3291,7179,2025-07-16,5368.52
3412,3292,7176,2025-12-09,4098.42
3413,3294,7178,2025-11-20,6349.46
3414,3295,7178,2025-04-17,2118.65
3415,3296,7178,2025-09-01,6700.55
3416,3297,7176,2024-03-20,935.44
3417,3298,7176,2026-03-18,4199.79
3418,3299,7179,2025-01-04,598.4
3419,3300,7177,2025-12-15,3688.92
3420,3301,7179,2025-07-04,585.37
3421,3301,7178,2025-10-31,4184.74
3422,3302,7177,2025-10-09,2341.43
3423,3303,7179,2025-06-29,1421.75
3424,3304,7178,2024-12-21,7062.23
3425,3305,7179,2026-01-13,6376.97
3426,3306,7178,2025-07-23,2007.2
3427,3307,7176,2024-03-20,4731.59
3428,3307,7177,2024-10-28,1892.08
3429,3308,7178,2024-07-10,835.57
3430,3309,7178,2024-12-07,2968.26
3431,3309,7178,2025-07-15,3774.18
3432,3310,7179,2025-05-11,3666.84
3433,3311,7179,2026-03-16,1409.55
3434,3314,7178,2026-05-25,4302.58
3435,3316,7177,2025-08-16,6388.69
3436,3317,7176,2024-08-15,5413.07
3437,3318,7178,2025-11-05,7228.7
3438,3318,7176,2024-03-09,1235.08
3439,3319,7176,2025-03-18,4442.16
3440,3320,7177,2025-06-26,2919.87
3441,3320,7177,2026-04-26,5948.01
3442,3321,7177,2025-05-09,6601.46
3443,3321,7176,2024-01-18,5789.29
3444,3322,7179,2025-08-03,1197.22
3445,3322,7177,2024-09-13,2491.74
3446,3323,7179,2026-06-16,2856.49
3447,3324,7177,2025-06-22,481.08
3448,3325,7178,2025-12-20,7211.62
3449,3326,7179,2026-01-09,3746.04
3450,3327,7177,2025-07-28,3559.52
3451,3328,7178,2024-05-02,3108.57
3452,3330,7179,2024-07-28,1001.23
3453,3331,7179,2024-10-14,2733.75
3454,3332,7178,2025-06-21,3278.36
3455,3333,7178,2025-07-03,7391.24
3456,3334,7176,2024-01-16,1695.96
3457,3335,7176,2025-05-24,4649.02
3458,3336,7177,2024-03-21,3376.97
3459,3337,7176,2025-01-30,2610.54
3460,3338,7178,2026-02-22,1303.09
3461,3338,7176,2024-10-19,1512.85
3462,3340,7176,2025-07-22,1414.89
3463,3341,7178,2024-02-23,7047.4
3464,3342,7176,2024-11-24,3828.74
3465,3343,7177,2025-12-12,2697.61
3466,3344,7178,2025-05-02,5698.06
3467,3345,7176,2024-05-25,5124.39
3468,3346,7177,2025-08-20,1455.97
3469,3346,7177,2026-01-21,7121.72
3470,3347,7178,2024-11-07,6329.89
3471,3347,7176,2026-03-23,6899.8
3472,3348,7176,2024-10-26,1188.16
3473,3348,7179,2025-05-09,1465.44
3474,3349,7176,2026-02-20,3885.36
3475,3350,7179,2024-01-14,1373.96
3476,3351,7179,2025-05-06,1422.49
3477,3352,7176,2026-03-24,2027.05
3478,3353,7177,2025-01-02,3293.6
3479,3354,7177,2024-10-05,4839.34
3480,3356,7177,2025-05-20,4746.96
3481,3357,7176,2026-06-01,5972.61
3482,3358,7177,2024-02-16,6040.65
3483,3359,7176,2024-05-30,2620.83
3484,3359,7178,2024-07-01,270.36
3485,3360,7178,2025-10-04,6720.27
3486,3361,7178,2026-06-23,4969.5
3487,3362,7179,2025-05-13,3857.5
3488,3363,7179,2026-04-16,1241.41
3489,3363,7177,2024-06-14,7193.8
3490,3364,7176,2025-02-15,981.64
3491,3365,7177,2024-08-02,3894.38
3492,3366,7179,2025-12-04,1770.64
3493,3367,7178,2024-11-06,5384.26
3494,3368,7179,2024-07-08,5351.4
3495,3369,7179,2026-03-18,2364.97
3496,3370,7176,2024-11-01,4633.39
3497,3371,7177,2025-01-14,1774.44
3498,3372,7177,2025-12-29,5799.42
3499,3373,7179,2025-02-07,6447.53
3500,3375,7177,2025-04-14,4054.34
3501,3376,7176,2024-05-30,4486.35
3502,3376,7178,2024-09-29,342.31
3503,3377,7176,2026-06-10,4702.68
3504,3378,7176,2025-07-13,6738.74
3505,3379,7177,2025-06-16,5953.09
3506,3380,7179,2025-10-13,5924.63
3507,3382,7177,2025-06-13,6190.68
3508,3383,7176,2026-01-27,2185.99
3509,3383,7176,2026-02-23,4764.66
3510,3384,7177,2025-12-03,5625.66
3511,3385,7179,2025-03-05,3512.02
3512,3386,7179,2025-11-28,260.28
3513,3387,7179,2026-03-23,5775.3
3514,3388,7176,2024-04-18,864.82
3515,3389,7177,2025-10-29,961.06
3516,3391,7177,2025-05-18,2353.17
3517,3392,7178,2025-06-08,2357.76
3518,3392,7177,2026-05-03,2614.24
3519,3393,7177,2026-04-29,254.97
3520,3394,7177,2024-10-16,4120.77
3521,3394,7179,2024-11-08,4035.57
3522,3395,7178,2026-02-14,4921.79
3523,3396,7179,2024-07-06,3018.94
3524,3397,7176,2026-01-08,6596.54
3525,3398,7179,2025-05-02,6893.68
3526,3399,7177,2025-03-30,5391.31
3527,3399,7178,2026-01-15,833.19
3528,3400,7177,2024-01-06,2307.92
3529,3401,7179,2025-07-11,7203.64
3530,3402,7176,2024-03-19,1465.11
3531,3402,7179,2024-10-12,3167.1
3532,3403,7178,2024-11-27,2154.25
3533,3405,7177,2024-10-29,236.15
3534,3406,7179,2025-09-12,5476.73
3535,3406,7176,2024-12-14,1535.32
3536,3407,7179,2026-03-06,3290.66
3537,3408,7177,2024-04-05,6516.82
3538,3409,7177,2025-02-04,550.1
3539,3410,7176,2026-01-09,1060.4
3540,3411,7179,2026-04-10,4439.13
3541,3412,7177,2025-07-08,4904.38
3542,3412,7176,2024-10-26,1723.86
3543,3413,7178,2025-12-07,2231.61
3544,3414,7178,2026-06-24,2269.4
3545,3416,7177,2024-03-15,5760.39
3546,3418,7178,2024-05-30,2541.09
3547,3418,7179,2025-04-02,2202.4
3548,3419,7179,2025-05-23,5372.0
3549,3420,7178,2024-06-25,1067.63
3550,3420,7177,2025-02-08,5248.35
3551,3421,7176,2025-01-19,1915.88
3552,3422,7176,2025-10-28,2017.02
3553,3423,7176,2026-05-28,3036.05
3554,3424,7177,2024-05-11,1467.12
3555,3425,7179,2025-01-22,4887.79
3556,3425,7176,2025-11-18,4411.15
3557,3426,7179,2025-12-02,7155.11
3558,3426,7178,2025-11-09,1539.82
3559,3427,7176,2024-03-29,545.69
3560,3428,7179,2025-11-10,5353.78
3561,3429,7179,2025-04-26,4933.95
3562,3430,7178,2024-03-28,5496.32
3563,3430,7177,2024-12-17,5984.84
3564,3431,7178,2025-05-11,3740.84
3565,3431,7178,2024-01-27,6501.55
3566,3432,7177,2025-07-29,5999.67
3567,3433,7177,2025-09-17,4018.7
3568,3434,7178,2025-12-16,5395.32
3569,3435,7178,2026-06-24,6790.75
3570,3436,7176,2024-01-02,2503.39
3571,3437,7176,2024-11-22,5287.1
3572,3438,7178,2025-01-26,6126.87
3573,3439,7179,2025-03-14,6005.35
3574,3440,7179,2026-04-03,2767.6
3575,3441,7179,2024-02-19,1385.24
3576,3442,7176,2025-12-19,7113.61
3577,3444,7178,2025-12-03,6749.96
3578,3445,7178,2025-05-04,7143.42
3579,3446,7179,2025-11-25,2889.59
3580,3447,7176,2024-01-29,4365.79
3581,3448,7177,2025-03-24,3871.33
3582,3449,7176,2025-02-23,5844.78
3583,3450,7179,2025-02-12,2389.11
3584,3451,7179,2025-08-21,5402.51
3585,3452,7177,2025-04-05,4158.61
3586,3453,7179,2025-05-16,1691.05
3587,3454,7176,2024-05-03,4127.71
3588,3455,7179,2025-04-06,3978.39
3589,3455,7177,2024-03-20,3215.13
3590,3456,7176,2025-06-14,3490.72
3591,3457,7178,2024-07-03,223.25
3592,3458,7177,2025-04-12,4459.84
3593,3459,7177,2024-09-24,327.67
3594,3460,7179,2024-11-06,358.48
3595,3461,7178,2024-12-12,891.62
3596,3462,7176,2024-08-13,5317.96
3597,3463,7179,2024-08-12,3189.41
3598,3464,7179,2025-08-27,548.73
3599,3465,7177,2024-03-18,4546.36
3600,3466,7177,2025-10-30,2925.85
3601,3466,7177,2024-06-02,6930.56
3602,3467,7177,2025-06-26,7332.25
3603,3468,7177,2025-12-31,4102.4
3604,3470,7178,2024-02-18,2296.1
3605,3471,7176,2024-02-09,7126.29
3606,3472,7178,2024-04-27,6516.79
3607,3472,7178,2024-08-05,818.77
3608,3473,7179,2026-04-14,3030.96
3609,3474,7177,2024-10-22,6256.4
3610,3475,7178,2025-09-19,3022.2
3611,3476,7176,2024-12-27,6622.69
3612,3478,7177,2026-06-13,1199.91
3613,3478,7176,2024-05-08,642.89
3614,3479,7177,2025-02-07,5942.53
3615,3479,7177,2025-11-28,2786.73
3616,3480,7179,2025-09-23,6652.29
3617,3480,7178,2025-10-30,6517.95
3618,3481,7177,2024-07-27,6895.21
3619,3482,7177,2024-12-04,3693.57
3620,3484,7177,2025-09-16,846.0
3621,3485,7177,2024-06-17,5212.49
3622,3486,7179,2025-04-21,3116.16
3623,3487,7177,2025-04-01,399.77
3624,3488,7177,2026-04-08,7228.9
3625,3489,7176,2024-06-20,1371.9
3626,3490,7177,2025-01-22,4453.59
3627,3491,7179,2025-05-13,6053.38
3628,3491,7176,2025-09-28,5184.55
3629,3492,7176,2024-08-04,5376.89
3630,3493,7179,2025-11-08,4003.69
3631,3494,7179,2024-09-21,729.39
3632,3495,7176,2025-09-27,3288.7
3633,3497,7176,2024-12-18,1309.48
3634,3498,7178,2025-12-16,507.19
3635,3499,7179,2026-06-27,1236.05
3636,3499,7178,2024-09-22,7470.23
3637,3500,7179,2026-03-14,860.68
3638,3501,7179,2024-04-30,2955.04
3639,3502,7176,2024-11-30,3469.01
3640,3503,7179,2025-12-23,2060.88
3641,3503,7177,2025-05-26,1219.49
3642,3504,7177,2024-10-17,3558.85
3643,3504,7179,2024-01-21,7230.35
3644,3505,7177,2024-10-21,3491.91
3645,3506,7178,2024-06-20,4715.49
3646,3507,7178,2024-06-27,5655.58
3647,3507,7177,2024-09-06,3548.1
3648,3508,7179,2024-11-21,3499.0
3649,3509,7179,2025-03-07,2580.74
3650,3510,7176,2024-12-03,786.7
3651,3511,7177,2025-07-19,5128.59
3652,3511,7179,2025-11-10,1199.82
3653,3512,7176,2024-07-11,7424.2
3654,3512,7179,2025-03-27,5113.6
3655,3513,7176,2025-01-08,4528.73
3656,3514,7176,2025-07-15,4841.95
3657,3515,7179,2025-03-17,4692.31
3658,3516,7178,2026-05-11,3538.48
3659,3517,7177,2025-08-26,6388.29
3660,3518,7178,2026-06-10,6049.04
3661,3519,7177,2026-03-10,6186.75
3662,3519,7179,2024-09-15,4855.87
3663,3520,7176,2025-12-15,4155.78
3664,3521,7176,2025-04-18,1316.65
3665,3522,7179,2025-06-14,5470.9
3666,3523,7179,2024-07-21,6135.16
3667,3524,7178,2026-06-24,4401.12
3668,3525,7176,2025-07-12,839.31
3669,3526,7176,2024-03-24,5657.67
3670,3527,7177,2026-06-08,701.58
3671,3528,7176,2024-11-26,5343.19
3672,3529,7176,2026-06-06,6608.71
3673,3529,7178,2025-05-18,7481.08
3674,3530,7177,2025-10-30,7143.04
3675,3531,7177,2024-09-07,4487.69
3676,3532,7177,2024-06-01,7416.84
3677,3532,7176,2024-05-06,1871.59
3678,3533,7177,2026-02-19,7269.92
3679,3534,7176,2025-10-10,5387.89
3680,3536,7177,2024-07-12,5414.39
3681,3537,7179,2024-11-11,1576.39
3682,3538,7176,2025-04-06,2635.82
3683,3539,7178,2025-02-19,3963.87
3684,3540,7177,2026-06-08,7113.26
3685,3541,7178,2024-07-22,4238.49
3686,3543,7178,2025-02-11,3757.72
3687,3544,7176,2024-11-03,360.39
3688,3545,7177,2024-10-25,1878.89
3689,3546,7177,2026-02-10,6964.45
3690,3547,7178,2025-03-14,7212.66
3691,3548,7177,2024-04-20,3583.18
3692,3549,7179,2024-12-14,1368.2
3693,3550,7178,2025-02-13,808.91
3694,3551,7177,2025-08-15,1125.71
3695,3553,7177,2024-07-26,6652.26
3696,3555,7178,2024-08-19,6072.28
3697,3556,7179,2024-02-05,1587.6
3698,3556,7177,2024-12-19,1345.76
3699,3557,7176,2025-06-15,549.09
3700,3558,7178,2026-01-05,4549.07
3701,3559,7179,2024-05-23,2049.12
3702,3560,7176,2026-05-31,4638.07
3703,3561,7178,2026-02-18,4946.66
3704,3562,7177,2026-05-15,5113.54
3705,3563,7176,2025-04-24,707.24
3706,3564,7177,2025-07-08,7093.86
3707,3565,7178,2025-12-22,6714.67
3708,3566,7179,2026-03-28,6371.73
3709,3567,7177,2025-07-15,5676.71
3710,3568,7176,2024-01-07,1930.9
3711,3569,7176,2025-01-15,5283.35
3712,3570,7178,2024-10-24,5713.34
3713,3571,7176,2024-05-02,4335.85
3714,3572,7177,2025-07-03,6612.54
3715,3573,7178,2025-01-01,2479.82
3716,3574,7178,2024-08-26,5539.17
3717,3575,7177,2024-09-13,2749.09
3718,3575,7177,2024-07-08,3347.46
3719,3576,7178,2024-11-20,3252.89
3720,3577,7177,2024-07-22,319.96
3721,3578,7176,2026-02-11,1820.59
3722,3579,7177,2025-03-10,1226.0
3723,3580,7179,2025-06-30,3290.26
3724,3581,7176,2025-08-10,4216.99
3725,3582,7179,2025-11-11,2408.41
3726,3583,7176,2026-04-14,3409.73
3727,3587,7176,2026-02-08,2146.48
3728,3588,7178,2024-08-06,532.65
3729,3589,7179,2025-02-12,4004.92
3730,3590,7177,2025-02-22,1572.4
3731,3591,7178,2026-06-14,6600.51
3732,3591,7178,2025-06-28,4777.08
3733,3593,7178,2026-04-17,1439.38
3734,3594,7179,2026-05-03,232.1
3735,3595,7176,2025-02-21,203.28
3736,3595,7176,2025-07-27,7417.06
3737,3596,7178,2026-05-01,880.13
3738,3597,7179,2024-03-18,2161.22
3739,3598,7178,2024-05-28,1832.7
3740,3598,7178,2024-02-14,6362.38
3741,3599,7178,2024-03-02,3564.09
3742,3599,7179,2025-05-14,1854.32
3743,3600,7179,2024-10-03,4084.61
3744,3601,7178,2025-04-21,4583.22
3745,3602,7179,2025-05-19,6582.43
3746,3603,7176,2026-03-19,6789.4
3747,3604,7176,2024-08-09,230.84
3748,3605,7177,2025-11-21,3403.99
3749,3606,7178,2026-01-03,3679.45
3750,3607,7176,2025-07-18,1493.05
3751,3608,7177,2025-07-09,4215.86
3752,3608,7179,2025-11-22,5621.18
3753,3609,7176,2026-03-17,7162.06
3754,3609,7177,2025-03-21,4255.79
3755,3610,7178,2026-04-26,1442.84
3756,3611,7176,2025-07-17,434.3
3757,3612,7177,2026-02-23,6090.03
3758,3612,7178,2025-02-12,7288.16
3759,3613,7179,2024-12-05,246.54
3760,3615,7177,2025-01-31,1544.7
3761,3616,7178,2024-07-05,6891.56
3762,3616,7178,2025-06-07,1587.43
3763,3617,7179,2025-12-09,1221.2
3764,3618,7177,2025-08-11,4359.51
3765,3619,7176,2024-09-27,2800.12
3766,3620,7178,2024-04-04,4963.42
3767,3621,7177,2025-06-06,7308.81
3768,3622,7179,2024-08-16,5872.27
3769,3624,7179,2024-04-03,4099.8
3770,3624,7176,2025-04-03,2688.13
3771,3625,7178,2025-01-12,4425.54
3772,3626,7176,2024-11-23,6149.23
3773,3627,7178,2025-12-28,4147.14
3774,3628,7176,2024-12-26,2877.68
3775,3629,7176,2024-09-30,3868.69
3776,3629,7179,2024-03-27,2249.75
3777,3630,7178,2025-10-14,2432.04
3778,3631,7178,2024-01-19,2425.58
3779,3632,7178,2024-10-09,6156.85
3780,3633,7176,2024-03-08,494.61
3781,3633,7177,2024-01-04,4539.24
3782,3634,7176,2025-07-21,4966.4
3783,3634,7176,2024-10-02,4212.09
3784,3635,7178,2024-07-15,1704.21
3785,3636,7178,2026-01-31,3729.23
3786,3636,7179,2024-05-28,3444.15
3787,3637,7176,2024-12-03,2675.21
3788,3638,7176,2025-09-03,4772.85
3789,3639,7179,2026-03-23,1356.14
3790,3640,7176,2026-06-11,4530.55
3791,3641,7178,2026-05-01,7107.31
3792,3642,7179,2025-10-13,1773.61
3793,3643,7177,2025-07-28,4017.08
3794,3644,7177,2025-03-04,2492.91
3795,3645,7178,2025-03-14,3495.54
3796,3646,7177,2026-03-10,2174.91
3797,3647,7176,2025-12-12,4217.92
3798,3650,7178,2025-06-08,4479.68
3799,3651,7177,2025-11-08,5903.41
3800,3651,7177,2024-10-20,266.05
3801,3652,7176,2024-04-20,3983.23
3802,3653,7177,2024-07-13,4075.78
3803,3654,7176,2025-04-07,3203.95
3804,3655,7178,2025-07-29,242.3
3805,3656,7178,2024-02-26,4274.14
3806,3657,7176,2024-08-17,6055.84
3807,3658,7179,2024-11-07,651.78
3808,3659,7177,2025-05-01,2397.43
3809,3660,7179,2025-05-06,629.43
3810,3661,7177,2025-01-27,1872.93
3811,3663,7176,2025-03-24,6802.23
3812,3663,7176,2025-05-24,869.46
3813,3664,7178,2025-03-06,5801.87
3814,3664,7176,2025-04-18,2675.41
3815,3665,7177,2025-01-04,1217.85
3816,3666,7178,2025-12-18,3294.24
3817,3667,7179,2025-04-10,542.01
3818,3668,7177,2025-10-07,4552.17
3819,3669,7176,2024-07-28,4735.53
3820,3670,7178,2024-06-16,287.17
3821,3674,7176,2024-09-11,1895.3
3822,3675,7178,2025-03-14,2607.62
3823,3676,7178,2024-12-17,6946.77
3824,3676,7178,2026-04-05,6488.98
3825,3677,7178,2024-03-12,7410.04
3826,3679,7177,2024-07-24,1992.31
3827,3679,7177,2024-07-12,5636.75
3828,3680,7176,2026-06-29,3124.92
3829,3680,7179,2024-01-19,1774.58
3830,3681,7176,2024-07-16,4918.69
3831,3682,7179,2025-01-14,5607.89
3832,3683,7176,2026-01-26,6969.57
3833,3684,7178,2024-11-13,5144.75
3834,3685,7176,2026-05-23,7044.75
3835,3686,7177,2025-10-04,5875.61
3836,3687,7179,2025-05-21,1465.96
3837,3688,7177,2026-02-11,164.58
3838,3689,7177,2026-06-12,4044.02
3839,3692,7179,2025-07-11,6473.36
3840,3693,7176,2024-10-07,4790.69
3841,3693,7176,2025-06-15,5400.76
3842,3694,7179,2026-01-29,3659.41
3843,3696,7179,2025-07-31,1544.92
3844,3697,7176,2025-09-20,1485.04
3845,3698,7177,2024-04-20,6809.0
3846,3699,7179,2024-11-20,406.56
3847,3700,7176,2025-02-18,3829.78
3848,3701,7179,2025-05-12,4949.46
3849,3701,7177,2025-04-10,2840.58
3850,3702,7176,2025-03-09,2104.25
3851,3703,7177,2025-02-03,5752.14
3852,3705,7179,2024-09-19,1420.43
3853,3706,7176,2025-10-10,5293.39
3854,3707,7178,2025-07-25,5950.84
3855,3708,7178,2024-04-01,4376.09
3856,3709,7179,2025-11-14,6069.67
3857,3711,7179,2024-11-11,1783.77
3858,3711,7179,2026-02-12,4425.14
3859,3713,7179,2025-02-09,3790.18
3860,3716,7178,2026-02-13,5348.23
3861,3717,7179,2024-04-11,3831.6
3862,3718,7177,2024-05-31,6930.61
3863,3719,7176,2026-06-19,1804.87
3864,3720,7178,2025-05-02,5311.89
3865,3722,7179,2025-07-11,1795.53
3866,3722,7176,2024-09-01,4012.69
3867,3723,7178,2026-04-09,5912.85
3868,3724,7179,2024-10-01,6585.78
3869,3725,7177,2025-02-05,5086.95
3870,3726,7176,2025-11-08,2443.38
3871,3726,7178,2024-11-28,3269.39
3872,3727,7176,2026-03-20,2798.25
3873,3728,7176,2026-05-22,2051.04
3874,3729,7179,2026-06-15,3289.27
3875,3730,7177,2024-11-06,4547.46
3876,3731,7178,2025-07-31,2631.53
3877,3731,7177,2024-10-01,4446.0
3878,3732,7176,2025-12-04,3241.06
3879,3733,7176,2025-10-22,5038.86
3880,3734,7177,2024-04-07,6754.33
3881,3734,7177,2024-02-17,3311.07
3882,3735,7179,2026-04-28,4100.32
3883,3736,7178,2024-06-07,1279.79
3884,3737,7176,2025-01-15,563.9
3885,3737,7176,2025-05-28,1064.57
3886,3739,7178,2024-01-14,3799.42
3887,3740,7178,2024-06-25,1499.68
3888,3741,7177,2025-10-15,7119.53
3889,3742,7176,2024-04-07,280.75
3890,3743,7177,2025-06-12,5136.54
3891,3744,7178,2025-04-12,3121.88
3892,3744,7176,2025-07-20,3247.16
3893,3745,7176,2026-01-21,6519.47
3894,3747,7179,2025-09-10,4601.61
3895,3748,7177,2024-08-24,6044.36
3896,3749,7179,2025-04-22,6931.81
3897,3750,7179,2025-04-16,6497.68
3898,3751,7176,2025-12-16,1749.11
3899,3752,7178,2024-06-13,2648.33
3900,3753,7179,2024-10-21,4131.13
3901,3754,7179,2026-05-11,5934.4
3902,3755,7179,2025-03-04,7244.9
3903,3756,7176,2024-09-12,487.97
3904,3757,7179,2025-11-05,7158.46
3905,3757,7179,2024-01-27,1494.38
3906,3758,7179,2025-08-21,6478.46
3907,3758,7176,2026-03-01,6731.97
3908,3759,7176,2024-06-25,2857.81
3909,3760,7176,2024-01-29,7448.45
3910,3761,7176,2026-03-31,2493.33
3911,3762,7179,2024-06-30,3774.46
3912,3763,7176,2024-12-19,6290.98
3913,3764,7177,2025-04-24,5148.73
3914,3765,7177,2024-12-21,4474.55
3915,3765,7177,2024-02-28,2817.9
3916,3766,7177,2025-05-19,4724.34
3917,3767,7177,2026-03-27,3775.05
3918,3767,7178,2024-08-06,3386.12
3919,3768,7179,2026-06-11,3866.69
3920,3769,7178,2026-03-03,4459.4
3921,3769,7179,2024-03-29,7495.89
3922,3770,7177,2024-06-14,4888.37
3923,3771,7176,2025-04-04,4031.58
3924,3772,7176,2024-12-18,3995.37
3925,3773,7178,2024-07-22,750.23
3926,3774,7176,2025-01-18,6070.77
3927,3775,7177,2025-04-02,1407.22
3928,3775,7179,2025-12-23,5146.42
3929,3776,7176,2025-08-30,3178.8
3930,3776,7178,2025-12-13,6824.47
3931,3777,7177,2026-03-24,6467.69
3932,3778,7179,2024-08-28,1578.56
3933,3779,7179,2024-01-17,1873.07
3934,3780,7177,2024-08-13,6815.43
3935,3781,7178,2024-05-09,4639.35
3936,3782,7178,2025-12-29,2305.5
3937,3783,7177,2024-12-20,2084.39
3938,3785,7176,2024-07-15,5800.88
3939,3786,7177,2025-09-18,6290.32
3940,3787,7177,2024-03-27,4964.38
3941,3787,7178,2024-11-07,7149.32
3942,3788,7178,2025-06-09,187.27
3943,3789,7176,2025-08-20,4581.33
3944,3791,7176,2026-04-07,426.9
3945,3792,7176,2025-11-17,7430.98
3946,3793,7179,2025-11-03,441.59
3947,3794,7176,2025-05-16,7020.63
3948,3795,7176,2026-06-13,310.66
3949,3795,7177,2025-03-25,4441.4
3950,3797,7178,2026-02-27,4320.07
3951,3798,7179,2024-04-01,2244.94
3952,3798,7177,2025-05-19,1370.9
3953,3799,7177,2024-08-24,6680.63
3954,3800,7179,2026-02-07,6164.3
3955,3801,7179,2026-02-17,5967.38
3956,3802,7178,2024-06-10,6634.74
3957,3803,7178,2024-07-16,3595.07
3958,3804,7176,2025-02-01,2883.84
3959,3805,7177,2024-08-04,4313.24
3960,3806,7179,2025-02-11,6644.37
3961,3807,7179,2025-06-05,7186.07
3962,3807,7176,2024-03-09,2199.83
3963,3808,7177,2025-02-19,2387.45
3964,3809,7178,2024-06-08,5692.87
3965,3810,7178,2026-01-31,3726.06
3966,3810,7178,2025-05-15,4232.5
3967,3811,7178,2025-02-17,6657.93
3968,3812,7178,2024-04-16,4571.51
3969,3813,7177,2026-01-16,516.27
3970,3814,7177,2024-10-09,5775.25
3971,3814,7177,2025-06-23,3594.78
3972,3815,7176,2025-03-18,2425.16
3973,3816,7176,2024-04-11,1287.23
3974,3817,7179,2026-01-09,5244.5
3975,3818,7178,2025-08-17,5350.72
3976,3820,7176,2024-05-10,4716.33
3977,3821,7179,2025-03-05,405.91
3978,3822,7176,2025-03-04,4363.59
3979,3823,7179,2025-03-22,5704.59
3980,3824,7177,2024-06-16,4924.65
3981,3825,7177,2025-08-05,6802.09
3982,3826,7176,2025-05-31,314.1
3983,3827,7179,2024-03-09,2737.64
3984,3828,7177,2025-07-09,750.5
3985,3829,7177,2026-06-18,2590.15
3986,3830,7177,2026-04-30,5261.32
3987,3831,7177,2026-03-05,4905.07
3988,3832,7177,2024-03-10,1374.63
3989,3833,7177,2024-09-14,4709.45
3990,3834,7178,2025-02-08,2555.92
3991,3835,7177,2024-03-26,473.19
3992,3836,7179,2025-01-10,7291.65
3993,3837,7178,2024-12-17,5851.56
3994,3838,7178,2026-02-22,6516.21
3995,3839,7178,2026-04-23,6545.14
3996,3840,7176,2024-07-04,1948.65
3997,3841,7176,2024-09-13,5439.83
3998,3842,7178,2025-07-30,1193.44
3999,3843,7177,2025-06-19,5328.18
4000,3843,7177,2025-04-25,4783.29
4001,3844,7179,2024-04-10,7482.83
4002,3846,7178,2025-12-26,6677.54
4003,3847,7177,2025-06-03,5221.78
4004,3848,7177,2026-02-20,3663.13
4005,3849,7179,2026-06-03,5512.92
4006,3850,7179,2025-10-16,3960.62
4007,3851,7179,2026-03-22,5233.81
4008,3852,7179,2026-01-07,2803.69
4009,3853,7178,2025-09-03,5820.14
4010,3854,7177,2025-03-08,3340.05
4011,3855,7177,2025-06-13,6806.99
4012,3855,7176,2025-07-30,747.63
4013,3856,7176,2024-07-23,6928.27
4014,3857,7177,2024-12-02,6872.46
4015,3859,7177,2025-02-04,3698.81
4016,3860,7179,2024-08-28,5917.13
4017,3861,7177,2024-08-08,1267.21
4018,3863,7176,2025-05-29,775.35
4019,3864,7177,2024-04-21,4616.03
4020,3865,7179,2026-03-26,6247.62
4021,3865,7176,2025-05-16,2407.02
4022,3866,7178,2024-06-18,4721.51
4023,3867,7179,2024-02-19,645.5
4024,3868,7177,2025-07-24,4808.89
4025,3868,7178,2025-04-27,7236.06
4026,3869,7178,2024-05-10,1220.86
4027,3870,7176,2025-04-08,7453.67
4028,3870,7177,2024-01-27,5560.06
4029,3871,7177,2026-06-12,6075.19
4030,3872,7177,2024-03-23,4607.63
4031,3873,7178,2024-07-16,4372.17
4032,3874,7179,2024-09-18,2751.12
4033,3875,7176,2025-09-01,3345.47
4034,3875,7178,2025-09-08,3789.71
4035,3876,7176,2026-06-26,3246.59
4036,3877,7177,2024-08-11,2270.05
4037,3879,7179,2024-06-25,2330.0
4038,3880,7176,2025-03-22,2703.12
4039,3881,7177,2025-05-23,5499.88
4040,3882,7176,2025-05-07,5437.04
4041,3884,7177,2024-04-12,937.32
4042,3885,7177,2026-01-22,842.99
4043,3886,7179,2024-03-25,1435.72
4044,3887,7176,2025-04-15,5683.18
4045,3888,7178,2025-08-12,4432.16
4046,3889,7177,2025-09-09,6710.22
4047,3889,7178,2024-10-07,549.23
4048,3890,7176,2025-01-12,7141.55
4049,3891,7179,2025-11-01,271.15
4050,3891,7179,2026-02-19,1318.98
4051,3892,7179,2024-11-07,4506.45
4052,3893,7177,2025-03-12,7042.72
4053,3893,7177,2025-10-06,592.21
4054,3894,7176,2025-03-09,2075.76
4055,3895,7178,2025-02-11,7492.17
4056,3897,7178,2025-05-15,6289.88
4057,3898,7177,2024-08-25,6395.81
4058,3900,7179,2026-01-03,5427.72
4059,3901,7176,2026-04-05,4270.05
4060,3902,7179,2025-03-03,878.32
4061,3902,7179,2025-09-14,3166.26
4062,3903,7176,2024-08-07,5491.61
4063,3904,7179,2024-06-05,5219.78
4064,3905,7177,2025-09-11,7341.51
4065,3907,7179,2025-12-17,6303.98
4066,3907,7179,2025-05-14,1962.06
4067,3908,7176,2024-08-08,554.98
4068,3909,7179,2024-09-12,2074.01
4069,3910,7179,2026-03-27,6333.52
4070,3911,7178,2026-03-10,3179.42
4071,3913,7179,2024-01-23,5647.02
4072,3914,7177,2025-09-05,2973.74
4073,3915,7177,2024-11-12,6743.04
4074,3916,7177,2026-02-16,4606.99
4075,3917,7177,2025-05-19,810.5
4076,3918,7178,2025-05-26,1995.04
4077,3919,7176,2025-05-29,3601.1
4078,3921,7177,2024-12-16,5394.23
4079,3922,7177,2025-07-24,3709.16
4080,3923,7176,2025-12-22,4707.85
4081,3924,7179,2024-05-10,849.76
4082,3926,7178,2024-05-21,5145.79
4083,3928,7178,2025-08-07,2351.14
4084,3929,7176,2024-05-15,4802.46
4085,3931,7178,2025-10-24,6221.38
4086,3931,7177,2024-09-07,4188.48
4087,3932,7177,2025-11-15,5629.31
4088,3933,7177,2024-08-07,7048.52
4089,3934,7176,2025-08-23,1134.98
4090,3935,7176,2024-04-19,884.78
4091,3936,7179,2026-02-25,316.26
4092,3936,7178,2024-02-09,3033.09
4093,3937,7177,2024-11-26,6842.64
4094,3938,7178,2024-07-25,6045.79
4095,3939,7176,2024-08-09,1392.73
4096,3940,7176,2025-08-28,4144.56
4097,3941,7178,2025-03-08,7131.83
4098,3943,7179,2025-06-08,6656.48
4099,3943,7176,2025-12-24,3928.32
4100,3944,7177,2025-11-01,7119.19
4101,3944,7176,2025-12-31,7483.55
4102,3945,7177,2025-08-03,1390.08
4103,3946,7177,2026-03-20,1371.41
4104,3947,7179,2026-06-25,3113.46
4105,3948,7179,2025-09-22,4049.51
4106,3949,7178,2025-02-28,2175.03
4107,3950,7178,2024-04-23,2820.07
4108,3950,7179,2025-10-05,6178.95
4109,3952,7177,2025-01-14,885.61
4110,3953,7177,2025-07-04,7440.58
4111,3954,7178,2024-05-07,7475.04
4112,3955,7177,2025-08-19,1647.43
4113,3955,7178,2026-01-15,6872.51
4114,3956,7179,2025-11-26,227.36
4115,3956,7178,2024-02-04,967.23
4116,3957,7178,2026-03-23,3680.52
4117,3957,7179,2025-09-26,3756.65
4118,3958,7177,2024-01-09,6916.44
4119,3959,7178,2024-07-10,1839.7
4120,3960,7177,2024-12-19,1484.39
4121,3961,7179,2025-01-31,1229.23
4122,3962,7178,2024-11-11,3175.7
4123,3964,7178,2024-11-14,5326.96
4124,3965,7179,2026-05-11,6360.76
4125,3966,7176,2024-08-31,308.45
4126,3967,7179,2026-02-28,7125.05
4127,3969,7176,2025-03-18,4047.74
4128,3970,7179,2024-07-30,2274.59
4129,3971,7176,2026-02-13,5290.58
4130,3972,7179,2025-10-04,2054.72
4131,3973,7176,2024-02-16,7397.35
4132,3973,7179,2025-02-04,2955.4
4133,3974,7179,2024-09-30,3569.78
4134,3974,7179,2025-09-26,2338.2
4135,3975,7176,2026-06-22,2233.46
4136,3976,7176,2026-03-15,3795.57
4137,3978,7179,2024-05-21,2781.96
4138,3979,7177,2025-04-21,6035.14
4139,3980,7176,2024-08-27,2783.86
4140,3980,7176,2025-04-19,956.2
4141,3981,7179,2025-05-13,809.0
4142,3982,7176,2024-09-24,1075.45
4143,3983,7177,2026-04-12,6972.39
4144,3983,7179,2024-05-09,6554.58
4145,3984,7178,2025-04-20,1520.04
4146,3984,7178,2025-02-17,5094.07
4147,3985,7178,2024-09-29,4258.52
4148,3986,7177,2024-06-12,2919.34
4149,3987,7177,2025-02-11,4376.31
4150,3988,7178,2024-02-18,7157.89
4151,3989,7176,2025-01-21,6406.62
4152,3990,7177,2025-06-14,5737.49
4153,3991,7178,2024-09-01,4449.51
4154,3993,7178,2026-02-06,2387.12
4155,3995,7179,2025-05-06,5866.7
4156,3996,7177,2024-12-16,425.55
4157,3997,7179,2024-06-02,6148.52
4158,3997,7177,2025-08-04,686.28
4159,3998,7178,2026-01-19,4610.19
4160,3999,7176,2025-02-06,5053.25
4161,4000,7178,2026-03-27,4780.47
4162,4001,7177,2024-12-12,2568.72
4163,4002,7179,2024-09-18,5765.68
4164,4004,7178,2025-09-29,551.88
4165,4005,7176,2025-08-22,1234.84
4166,4006,7178,2024-05-11,2144.17
4167,4007,7177,2026-02-19,6566.56
4168,4008,7178,2025-04-11,2238.9
4169,4009,7179,2026-02-12,3904.97
4170,4010,7179,2026-06-04,4087.89
4171,4012,7179,2025-10-19,5722.19
4172,4013,7177,2025-08-23,2351.5
4173,4014,7176,2025-06-07,4972.17
4174,4015,7176,2024-07-19,150.98
4175,4015,7178,2026-04-08,6029.92
4176,4016,7179,2026-01-03,4210.45
4177,4018,7177,2025-10-19,5172.06
4178,4019,7178,2025-07-18,4194.77
4179,4020,7177,2025-01-21,5034.52
4180,4021,7176,2026-01-08,5941.8
4181,4022,7177,2025-09-03,2603.97
4182,4023,7178,2025-08-19,684.89
4183,4024,7179,2024-03-06,1462.81
4184,4025,7176,2026-03-08,2100.3
4185,4026,7176,2025-01-14,3986.47
4186,4027,7177,2024-02-14,3218.22
4187,4028,7178,2024-12-20,6822.06
4188,4029,7178,2024-12-02,5406.78
4189,4030,7177,2025-11-03,158.62
4190,4030,7176,2025-10-25,210.27
4191,4031,7177,2024-10-20,3616.09
4192,4031,7177,2026-01-14,639.61
4193,4032,7177,2024-05-06,3012.05
4194,4033,7177,2025-01-27,3084.11
4195,4034,7177,2026-02-08,7343.98
4196,4035,7176,2024-02-07,578.12
4197,4037,7176,2024-03-08,297.23
4198,4038,7178,2025-12-11,3368.28
4199,4039,7176,2025-10-16,7288.8
4200,4040,7177,2024-12-07,3753.91
4201,4041,7178,2024-03-24,4928.45
4202,4042,7179,2024-02-16,743.56
4203,4042,7176,2025-09-03,5911.28
4204,4043,7178,2024-02-12,6974.0
4205,4044,7176,2025-09-15,6325.28
4206,4045,7177,2026-02-25,199.44
4207,4046,7176,2024-04-19,1788.31
4208,4047,7178,2025-03-17,420.88
4209,4048,7179,2025-06-25,5154.82
4210,4049,7176,2025-01-03,2831.54
4211,4051,7179,2025-12-07,2964.86
4212,4052,7177,2024-09-16,2829.05
4213,4053,7177,2025-09-14,5867.4
4214,4054,7177,2024-07-17,1158.6
4215,4055,7179,2024-08-29,2436.47
4216,4056,7176,2024-01-04,3416.29
4217,4056,7176,2025-02-13,4012.25
4218,4057,7178,2026-03-16,5530.15
4219,4059,7179,2025-05-15,1965.64
4220,4060,7178,2024-01-22,5778.78
4221,4061,7176,2025-06-27,5610.57
4222,4062,7177,2025-11-22,1813.46
4223,4063,7177,2025-06-30,6574.97
4224,4064,7177,2025-12-08,4768.07
4225,4064,7177,2025-01-25,3820.63
4226,4065,7176,2025-01-31,986.35
4227,4066,7177,2025-12-18,2019.75
4228,4067,7176,2025-08-03,1224.31
4229,4067,7179,2026-03-10,6913.32
4230,4068,7176,2025-06-11,1422.64
4231,4069,7177,2024-11-27,2913.76
4232,4070,7177,2024-10-16,7228.94
4233,4071,7179,2025-10-29,2127.47
4234,4072,7176,2026-04-10,6534.32
4235,4073,7179,2026-05-24,5910.95
4236,4074,7178,2025-10-03,1319.25
4237,4075,7178,2025-06-28,5848.29
4238,4075,7176,2026-01-03,1563.28
4239,4076,7177,2024-02-11,4907.84
4240,4077,7177,2025-03-20,5782.45
4241,4078,7178,2024-02-11,6072.73
4242,4079,7177,2024-05-02,5828.81
4243,4080,7176,2026-03-24,3506.15
4244,4081,7178,2025-09-10,1854.85
4245,4081,7177,2024-12-23,7489.34
4246,4082,7179,2025-04-26,5328.57
4247,4083,7177,2026-05-06,5417.83
4248,4084,7179,2025-06-05,5542.07
4249,4085,7179,2024-11-23,4985.79
4250,4086,7179,2025-09-01,6650.57
4251,4087,7179,2024-11-24,4997.24
4252,4088,7178,2024-07-09,5451.37
4253,4089,7179,2024-11-08,1696.66
4254,4090,7177,2025-01-02,6592.2
4255,4091,7177,2026-03-10,1190.42
4256,4092,7179,2024-05-22,2473.03
4257,4093,7177,2025-04-24,1589.96
4258,4094,7177,2025-11-03,4274.98
4259,4095,7177,2026-03-02,4004.4
4260,4096,7177,2025-09-06,6684.25
4261,4097,7176,2025-05-18,1898.21
4262,4098,7177,2024-04-20,1918.16
4263,4099,7178,2025-10-06,1146.76
4264,4102,7177,2024-11-18,323.43
4265,4102,7177,2024-10-09,3362.52
4266,4104,7176,2025-08-29,3643.32
4267,4104,7177,2025-03-15,4150.78
4268,4105,7178,2024-07-05,3397.91
4269,4106,7179,2026-06-06,5471.75
4270,4107,7177,2024-12-18,3235.2
4271,4107,7176,2024-03-26,1950.2
4272,4108,7178,2024-09-04,385.07
4273,4109,7179,2025-06-21,6338.7
4274,4110,7176,2024-10-31,7066.1
4275,4111,7179,2024-09-10,4298.54
4276,4112,7176,2024-09-07,4022.31
4277,4113,7178,2024-02-29,197.38
4278,4115,7178,2025-04-23,3580.91
4279,4116,7179,2025-07-06,3815.2
4280,4117,7177,2025-10-08,3565.99
4281,4117,7178,2025-10-07,5241.77
4282,4118,7178,2024-06-01,4718.0
4283,4118,7178,2026-06-12,2786.37
4284,4119,7178,2025-07-24,6029.04
4285,4120,7177,2024-10-23,732.2
4286,4120,7177,2024-10-10,4516.4
4287,4121,7178,2026-03-29,5414.2
4288,4122,7177,2025-12-28,7407.01
4289,4123,7178,2025-12-06,4282.86
4290,4123,7177,2024-07-31,6986.08
4291,4124,7176,2024-03-07,1487.18
4292,4126,7178,2024-01-11,6043.24
4293,4127,7177,2024-08-30,5595.83
4294,4128,7176,2026-04-14,6753.26
4295,4129,7176,2025-07-07,3447.82
4296,4129,7179,2024-09-23,5502.98
4297,4130,7178,2025-10-24,6402.82
4298,4131,7179,2025-10-25,5390.42
4299,4133,7179,2025-05-29,3960.54
4300,4135,7176,2026-01-12,4973.84
4301,4136,7179,2025-07-22,2894.44
4302,4137,7179,2025-05-14,1192.2
4303,4138,7177,2025-04-03,1303.29
4304,4138,7178,2025-10-13,5589.37
4305,4139,7176,2024-09-24,4824.09
4306,4140,7177,2024-08-03,4987.08
4307,4141,7176,2026-04-09,4689.27
4308,4142,7176,2025-09-15,7116.31
4309,4144,7179,2024-08-13,5456.0
4310,4145,7177,2024-04-23,2601.46
4311,4145,7177,2026-02-25,7120.08
4312,4146,7179,2026-04-22,3482.06
4313,4147,7178,2024-01-18,741.73
4314,4148,7177,2026-03-23,5208.13
4315,4149,7178,2025-01-20,2528.9
4316,4150,7178,2024-09-06,939.73
4317,4151,7178,2026-01-04,5978.78
4318,4152,7178,2025-06-13,1559.44
4319,4153,7176,2025-07-09,5277.55
4320,4154,7177,2025-02-19,6133.66
4321,4155,7176,2026-06-28,3176.38
4322,4156,7177,2024-08-18,7401.97
4323,4157,7176,2026-05-29,352.83
4324,4157,7177,2024-07-05,6635.17
4325,4158,7179,2026-03-21,3039.91
4326,4159,7176,2025-11-29,1466.87
4327,4160,7179,2024-02-01,2624.9
4328,4161,7176,2026-05-16,1884.85
4329,4162,7178,2025-05-21,498.81
4330,4163,7179,2024-06-29,6134.58
4331,4164,7178,2025-01-05,6976.18
4332,4165,7176,2024-09-26,1699.83
4333,4166,7176,2026-04-30,2171.9
4334,4167,7176,2025-11-11,655.17
4335,4168,7177,2025-06-05,1107.32
4336,4168,7176,2025-03-19,4286.33
4337,4169,7179,2024-05-07,4948.99
4338,4170,7177,2024-02-20,4594.44
4339,4171,7178,2025-02-20,6126.82
4340,4172,7176,2024-11-18,2026.01
4341,4173,7178,2025-01-23,3996.41
4342,4174,7179,2026-01-29,3200.11
4343,4175,7179,2025-04-13,7119.05
4344,4175,7177,2025-10-19,242.44
4345,4176,7177,2026-02-04,1258.8
4346,4177,7179,2025-10-25,1331.57
4347,4178,7178,2025-11-15,3116.53
4348,4179,7179,2025-03-25,4551.56
4349,4180,7178,2026-02-02,312.88
4350,4180,7176,2026-03-22,2912.38
4351,4181,7178,2026-01-05,7063.25
4352,4182,7178,2024-01-24,6771.64
4353,4183,7178,2024-07-03,7120.33
4354,4184,7176,2025-11-20,707.48
4355,4185,7177,2025-11-12,513.82
4356,4186,7179,2025-09-08,3439.2
4357,4187,7177,2024-05-30,7335.9
4358,4188,7177,2025-04-20,694.46
4359,4189,7178,2026-03-15,5354.61
4360,4190,7178,2024-08-30,5554.47
4361,4191,7177,2025-02-15,1744.39
4362,4191,7179,2025-02-11,5299.33
4363,4192,7179,2025-01-10,7072.88
4364,4193,7178,2025-11-02,1622.73
4365,4194,7178,2026-03-21,609.41
4366,4196,7179,2024-01-20,2943.04
4367,4197,7179,2026-05-23,3629.92
4368,4198,7178,2025-10-28,5169.22
4369,4198,7176,2025-01-26,5393.31
4370,4199,7178,2025-07-16,3879.21
4371,4201,7177,2025-08-09,5099.81
4372,4201,7178,2025-10-30,7494.76
4373,4202,7178,2026-04-10,1597.01
4374,4203,7177,2025-07-21,6182.92
4375,4203,7179,2024-06-14,383.32
4376,4204,7176,2026-04-02,664.04
4377,4205,7176,2026-06-22,743.89
4378,4206,7176,2026-05-11,3952.97
4379,4207,7179,2025-01-09,2537.41
4380,4208,7177,2024-07-02,6183.54
4381,4209,7176,2026-06-27,879.62
4382,4210,7176,2025-03-12,485.18
4383,4211,7178,2025-05-04,3603.47
4384,4212,7176,2025-11-03,1994.45
4385,4212,7176,2026-02-04,6627.28
4386,4213,7179,2024-12-22,2016.93
4387,4214,7179,2025-11-08,2170.12
4388,4214,7176,2026-03-05,3628.19
4389,4216,7179,2025-07-23,190.25
4390,4217,7176,2025-05-28,6791.54
4391,4218,7177,2024-12-06,7408.55
4392,4218,7177,2026-05-22,3301.3
4393,4219,7179,2025-07-11,283.44
4394,4221,7177,2025-05-24,4647.44
4395,4223,7176,2024-11-22,6676.38
4396,4224,7178,2025-11-07,3929.94
4397,4225,7177,2025-06-06,475.49
4398,4226,7177,2026-04-10,4923.17
4399,4227,7177,2024-01-24,2867.12
4400,4228,7177,2025-02-08,349.13
4401,4229,7176,2024-03-31,1685.82
4402,4229,7179,2024-03-10,5549.42
4403,4230,7179,2024-06-01,723.86
4404,4231,7179,2024-04-19,5320.25
4405,4232,7178,2024-01-15,3653.64
4406,4233,7177,2026-05-06,5296.39
4407,4234,7177,2025-09-29,3827.46
4408,4235,7178,2025-01-19,4579.55
4409,4236,7176,2026-04-16,7178.7
4410,4237,7177,2024-03-28,1414.52
4411,4238,7178,2025-06-29,5189.3
4412,4238,7179,2025-05-26,1992.19
4413,4239,7177,2025-03-14,4117.72
4414,4239,7177,2024-06-23,5772.21
4415,4240,7177,2025-07-19,4037.18
4416,4241,7179,2025-12-06,2629.02
4417,4241,7179,2025-08-06,3181.31
4418,4242,7179,2024-08-06,3374.35
4419,4242,7176,2024-04-06,3968.8
4420,4243,7177,2024-11-04,6504.04
4421,4244,7179,2024-07-26,7156.52
4422,4245,7178,2024-08-27,4400.85
4423,4246,7178,2025-10-13,6610.59
4424,4247,7179,2026-03-30,188.47
4425,4248,7179,2025-12-05,3903.84
4426,4249,7179,2024-02-29,3391.71
4427,4250,7178,2026-04-22,5208.05
4428,4251,7176,2025-08-26,4254.69
4429,4252,7179,2025-07-30,1482.19
4430,4253,7176,2026-05-24,2803.63
4431,4254,7178,2025-01-01,2765.07
4432,4255,7178,2025-08-30,813.17
4433,4256,7179,2025-09-16,7121.87
4434,4257,7178,2025-09-15,1595.11
4435,4258,7177,2025-10-14,1493.43
4436,4258,7177,2025-05-19,2697.91
4437,4259,7178,2026-03-02,3294.12
4438,4260,7177,2026-04-06,5942.82
4439,4261,7177,2026-05-18,4859.09
4440,4262,7178,2025-09-14,5529.25
4441,4263,7178,2025-08-12,6554.85
4442,4264,7179,2026-03-09,4326.43
4443,4265,7178,2025-08-25,7343.12
4444,4266,7176,2026-04-13,6448.64
4445,4267,7177,2024-01-17,3900.1
4446,4268,7178,2025-06-24,4840.31
4447,4268,7179,2024-11-16,6580.96
4448,4269,7176,2025-04-15,1713.53
4449,4270,7177,2026-05-25,3440.53
4450,4271,7178,2024-04-03,712.59
4451,4272,7178,2025-09-14,4393.73
4452,4273,7179,2024-12-27,6276.28
4453,4274,7178,2025-12-02,6346.46
4454,4275,7178,2024-03-07,4829.94
4455,4276,7178,2024-02-14,7123.37
4456,4277,7176,2024-03-26,1355.06
4457,4278,7176,2024-04-15,3216.25
4458,4279,7177,2026-02-11,6303.96
4459,4280,7178,2025-03-08,7087.52
4460,4281,7178,2025-02-04,998.77
4461,4282,7178,2026-06-11,1217.42
4462,4283,7176,2026-04-01,4101.91
4463,4284,7179,2026-05-23,6326.74
4464,4284,7177,2026-05-14,6913.06
4465,4285,7176,2025-09-17,3547.17
4466,4288,7179,2025-03-01,1481.06
4467,4289,7177,2024-10-25,1679.79
4468,4289,7179,2026-03-18,2568.34
4469,4290,7177,2025-09-05,3062.8
4470,4291,7179,2026-01-02,4278.3
4471,4292,7178,2025-02-28,5088.78
4472,4292,7178,2024-10-12,2713.12
4473,4293,7178,2024-05-07,3922.81
4474,4294,7176,2025-11-05,6015.52
4475,4295,7176,2025-04-16,1024.52
4476,4295,7178,2025-03-14,2220.38
4477,4296,7177,2024-02-05,1153.42
4478,4297,7178,2025-08-24,4530.78
4479,4298,7177,2024-07-03,3668.22
4480,4299,7176,2026-01-31,3913.59
4481,4300,7178,2024-06-02,1871.49
4482,4301,7178,2025-06-10,1544.44
4483,4302,7177,2026-03-23,2139.73
4484,4303,7177,2024-05-05,424.27
4485,4304,7179,2025-05-09,2932.39
4486,4305,7178,2025-06-04,6924.73
4487,4305,7178,2026-04-13,3455.53
4488,4306,7177,2025-06-16,4666.35
4489,4306,7176,2025-04-03,4741.04
4490,4307,7178,2024-07-25,4520.7
4491,4308,7179,2025-10-12,5577.22
4492,4309,7179,2025-09-21,3989.22
4493,4309,7179,2024-10-30,6811.04
4494,4310,7177,2024-09-15,1503.99
4495,4311,7178,2025-05-16,5247.26
4496,4312,7177,2025-05-24,698.57
4497,4313,7178,2026-04-30,4836.77
4498,4314,7177,2025-09-15,6375.54
4499,4316,7178,2024-06-14,5055.87
4500,4317,7178,2025-04-08,6298.34
4501,4318,7178,2024-08-07,5256.36
4502,4319,7178,2024-11-28,3012.4
4503,4319,7176,2024-05-31,6984.07
4504,4320,7176,2025-03-02,4594.44
4505,4321,7177,2025-04-26,6626.82
4506,4323,7179,2024-11-09,6273.78
4507,4324,7179,2024-12-15,4076.25
4508,4324,7178,2026-06-21,1527.92
4509,4327,7176,2026-05-06,5269.43
4510,4328,7178,2026-05-14,2467.57
4511,4329,7179,2024-09-26,1033.48
4512,4330,7176,2026-03-19,5061.24
4513,4330,7177,2025-05-31,1658.19
4514,4331,7177,2025-06-15,5103.07
4515,4332,7179,2024-03-09,2574.44
4516,4332,7179,2024-07-11,4060.0
4517,4333,7179,2025-12-14,2187.79
4518,4334,7177,2025-09-26,4523.33
4519,4334,7179,2026-01-11,3440.81
4520,4335,7178,2025-09-28,430.21
4521,4336,7177,2024-11-24,5321.92
4522,4336,7176,2025-07-09,3546.16
4523,4337,7178,2024-02-28,1758.08
4524,4338,7177,2024-06-19,6956.33
4525,4339,7177,2025-07-08,3419.46
4526,4340,7177,2024-09-27,240.39
4527,4341,7179,2024-12-30,7177.01
4528,4342,7179,2025-03-01,3306.41
4529,4342,7179,2026-03-20,6986.67
4530,4343,7176,2024-10-04,7452.92
4531,4344,7177,2025-12-12,5354.46
4532,4345,7177,2025-11-01,2445.79
4533,4346,7177,2026-05-11,3436.47
4534,4346,7179,2025-06-07,6887.53
4535,4347,7178,2024-05-06,3465.66
4536,4349,7176,2025-05-01,3506.57
4537,4350,7177,2024-06-13,452.71
4538,4350,7179,2025-06-13,3862.93
4539,4351,7176,2025-09-11,2572.88
4540,4352,7178,2024-03-02,2567.46
4541,4354,7179,2024-11-13,707.68
4542,4355,7176,2024-08-28,3389.45
4543,4358,7179,2024-02-26,278.56
4544,4359,7178,2025-12-03,1670.34
4545,4360,7179,2024-08-07,5047.02
4546,4361,7178,2025-06-30,6540.62
4547,4362,7177,2025-07-17,7022.35
4548,4363,7177,2024-07-07,6736.02
4549,4364,7179,2025-11-26,5272.98
4550,4366,7179,2025-08-14,2031.17
4551,4367,7178,2024-07-26,3081.58
4552,4367,7176,2026-04-29,5625.83
4553,4368,7178,2025-09-07,540.51
4554,4369,7179,2024-04-13,2087.95
4555,4370,7179,2024-01-27,2244.21
4556,4371,7178,2025-08-25,4659.2
4557,4372,7177,2024-03-06,5786.16
4558,4373,7179,2026-05-03,6188.21
4559,4374,7179,2025-10-29,2043.03
4560,4376,7178,2024-06-01,2562.56
4561,4377,7177,2024-06-28,6265.05
4562,4377,7178,2024-11-23,886.66
4563,4378,7176,2024-02-25,2443.32
4564,4378,7176,2026-05-19,3270.67
4565,4380,7179,2025-04-19,2754.38
4566,4381,7176,2024-09-14,2119.47
4567,4381,7176,2024-02-16,5033.12
4568,4382,7179,2025-11-19,3602.26
4569,4383,7176,2024-03-19,2141.56
4570,4384,7178,2025-04-05,6608.43
4571,4385,7179,2024-08-16,2158.21
4572,4386,7177,2026-01-02,7337.43
4573,4387,7176,2025-06-15,2632.99
4574,4388,7177,2025-09-05,4193.49
4575,4389,7179,2024-04-18,6144.52
4576,4390,7178,2025-07-05,5077.64
4577,4391,7177,2024-01-22,4876.17
4578,4392,7177,2026-05-21,6409.16
4579,4392,7179,2026-03-21,905.6
4580,4393,7176,2024-09-28,7006.78
4581,4394,7176,2025-07-26,2499.92
4582,4395,7177,2024-09-10,798.53
4583,4396,7178,2026-02-11,6792.38
4584,4397,7179,2026-01-24,2795.09
4585,4398,7179,2026-03-03,2253.33
4586,4398,7178,2025-04-20,4969.98
4587,4399,7179,2024-09-05,4203.22
4588,4399,7179,2025-02-06,4256.97
4589,4400,7179,2024-06-12,4743.5
4590,4401,7176,2026-06-04,3002.82
4591,4402,7179,2024-08-23,3504.09
4592,4403,7179,2024-04-11,6948.35
4593,4403,7176,2025-11-25,1966.58
4594,4404,7178,2024-08-23,5255.79
4595,4405,7177,2026-04-21,7426.23
4596,4406,7176,2025-08-11,831.14
4597,4407,7176,2025-10-31,2277.08
4598,4408,7177,2025-05-31,1519.15
4599,4408,7178,2024-05-25,781.47
4600,4409,7177,2026-01-08,1199.87
4601,4410,7179,2025-02-27,593.1
4602,4411,7178,2024-09-22,2178.85
4603,4411,7176,2024-08-07,4537.43
4604,4412,7177,2024-10-03,5864.44
4605,4413,7176,2024-12-12,6227.42
4606,4414,7178,2025-05-13,3206.35
4607,4416,7178,2025-09-27,7437.72
4608,4417,7177,2024-02-11,664.72
4609,4418,7177,2024-08-12,2950.42
4610,4418,7177,2024-11-11,3123.29
4611,4419,7179,2025-12-02,1893.3
4612,4420,7178,2025-03-02,4900.34
4613,4421,7178,2024-10-04,5354.41
4614,4422,7177,2026-01-08,4463.66
4615,4423,7176,2024-03-31,6662.94
4616,4424,7178,2025-12-26,4849.5
4617,4424,7177,2024-12-30,7130.86
4618,4425,7179,2025-07-30,5805.9
4619,4425,7178,2026-01-03,4196.72
4620,4426,7178,2024-12-06,3192.91
4621,4426,7178,2024-01-18,3934.79
4622,4428,7176,2025-03-08,5044.17
4623,4429,7176,2024-08-27,3897.72
4624,4430,7179,2024-03-30,819.4
4625,4431,7178,2025-01-20,5672.08
4626,4431,7178,2024-03-19,6946.72
4627,4432,7177,2025-07-05,407.37
4628,4433,7178,2025-10-15,1453.51
4629,4434,7179,2024-11-22,3680.8
4630,4434,7179,2025-09-21,524.72
4631,4435,7178,2024-07-29,6102.66
4632,4436,7176,2025-07-19,3903.73
4633,4437,7176,2025-10-13,4377.96
4634,4437,7176,2025-04-09,5888.37
4635,4438,7177,2024-08-21,2425.65
4636,4439,7179,2026-01-12,2871.39
4637,4440,7178,2024-06-07,757.74
4638,4442,7176,2025-02-04,1431.3
4639,4443,7176,2026-06-16,6487.67
4640,4444,7179,2025-01-03,4098.97
4641,4445,7178,2024-10-14,1740.97
4642,4446,7177,2025-01-14,7174.37
4643,4447,7178,2024-08-04,5275.8
4644,4447,7176,2025-09-30,5232.9
4645,4448,7179,2026-02-06,2202.44
4646,4449,7178,2024-03-19,4025.83
4647,4450,7178,2025-05-05,6254.44
4648,4451,7176,2024-04-01,1003.89
4649,4452,7176,2026-05-29,969.68
4650,4454,7179,2025-03-06,1599.03
4651,4455,7177,2024-12-14,6384.51
4652,4456,7176,2024-06-13,4443.9
4653,4458,7176,2025-03-21,2959.24
4654,4459,7176,2025-02-28,5922.84
4655,4460,7179,2024-02-20,7183.73
4656,4461,7176,2024-12-03,1707.89
4657,4464,7176,2024-07-21,4314.29
4658,4465,7177,2024-02-16,3289.35
4659,4466,7177,2026-05-24,2621.3
4660,4467,7179,2025-07-27,4355.63
4661,4468,7179,2026-05-29,4625.68
4662,4469,7177,2024-01-12,409.9
4663,4469,7178,2024-10-23,2244.32
4664,4470,7176,2026-02-19,1565.0
4665,4471,7178,2024-01-19,3423.69
4666,4472,7177,2025-10-14,5952.91
4667,4473,7179,2024-12-29,1641.61
4668,4473,7178,2025-09-15,5605.78
4669,4474,7176,2026-05-19,438.49
4670,4475,7178,2024-05-03,5457.38
4671,4477,7177,2025-09-09,6866.93
4672,4477,7176,2025-07-28,5989.77
4673,4478,7176,2026-05-12,614.86
4674,4480,7177,2024-08-30,6173.17
4675,4481,7179,2025-04-14,1420.97
4676,4482,7179,2026-04-22,6111.54
4677,4483,7178,2025-12-06,4885.34
4678,4484,7176,2025-02-27,5219.02
4679,4485,7176,2026-02-26,1441.32
4680,4486,7176,2026-05-05,448.96
4681,4487,7178,2025-08-01,4355.74
4682,4489,7176,2024-12-07,1183.64
4683,4490,7176,2026-05-11,2768.93
4684,4492,7177,2024-10-13,2794.55
4685,4492,7177,2026-05-10,3608.89
4686,4493,7179,2025-08-05,7375.57
4687,4495,7178,2025-04-14,7460.01
4688,4496,7177,2025-05-16,6217.8
4689,4496,7178,2025-10-13,1700.27
4690,4497,7179,2024-03-08,585.07
4691,4499,7179,2025-10-06,1812.03
4692,4500,7176,2024-02-19,4960.41
4693,4501,7176,2025-02-10,558.39
4694,4502,7176,2025-04-07,3133.22
4695,4503,7178,2026-04-24,1642.59
4696,4504,7179,2024-10-30,7295.89
4697,4505,7179,2026-03-08,5508.03
4698,4505,7178,2024-10-26,1582.4
4699,4506,7179,2026-05-12,5424.13
4700,4507,7177,2025-08-25,7176.02
4701,4508,7177,2026-06-07,1657.84
4702,4509,7178,2026-01-23,5439.65
4703,4510,7177,2024-01-01,4932.12
4704,4511,7178,2026-03-25,6527.69
4705,4512,7177,2025-12-06,5342.69
4706,4512,7179,2025-04-12,4404.41
4707,4513,7179,2025-02-25,5970.97
4708,4514,7179,2024-03-31,7025.8
4709,4514,7177,2026-03-21,6321.97
4710,4516,7177,2024-02-02,6820.38
4711,4516,7177,2024-12-20,4155.94
4712,4517,7178,2024-07-24,3218.75
4713,4518,7176,2026-06-04,4021.5
4714,4519,7177,2025-03-30,1906.36
4715,4521,7176,2025-11-16,5811.47
4716,4521,7178,2024-07-13,4925.54
4717,4522,7176,2024-10-20,1047.17
4718,4523,7179,2024-03-05,2104.25
4719,4524,7177,2025-12-15,3876.52
4720,4525,7179,2024-05-12,1034.72
4721,4526,7176,2025-08-15,4630.88
4722,4527,7176,2026-03-27,2686.38
4723,4528,7176,2024-09-21,2744.39
4724,4529,7176,2025-01-18,2477.4
4725,4529,7178,2025-08-25,5877.81
4726,4530,7179,2026-04-25,3381.75
4727,4531,7178,2024-02-22,5850.0
4728,4532,7179,2025-11-18,6945.05
4729,4532,7178,2024-07-31,1073.97
4730,4533,7179,2026-01-17,2673.0
4731,4535,7179,2025-10-05,2499.76
4732,4536,7179,2025-07-07,5079.25
4733,4537,7179,2025-03-06,7352.78
4734,4538,7178,2025-05-04,1509.53
4735,4539,7178,2025-06-06,2214.7
4736,4541,7177,2025-11-14,2928.51
4737,4542,7178,2025-09-15,3919.19
4738,4544,7176,2024-08-17,4039.29
4739,4544,7178,2025-02-27,2976.8
4740,4545,7178,2025-03-27,3177.69
4741,4546,7179,2026-03-05,3856.45
4742,4547,7179,2024-11-26,2562.86
4743,4548,7179,2025-06-25,6285.97
4744,4549,7176,2025-10-28,1195.83
4745,4550,7177,2026-06-25,7190.96
4746,4551,7178,2025-10-12,6769.76
4747,4552,7177,2025-07-29,504.77
4748,4552,7178,2026-05-18,2815.47
4749,4553,7178,2024-01-14,4755.02
4750,4554,7178,2025-08-17,2659.88
4751,4555,7176,2025-06-09,1633.89
4752,4556,7179,2024-08-25,5284.37
4753,4557,7178,2024-12-15,4208.77
4754,4558,7176,2025-06-22,2493.17
4755,4558,7177,2025-11-16,6315.78
4756,4559,7178,2024-07-31,3897.44
4757,4559,7178,2026-05-31,1110.24
4758,4560,7177,2024-03-26,5016.37
4759,4561,7176,2025-11-30,6209.42
4760,4562,7178,2024-11-01,2248.56
4761,4563,7178,2024-07-07,3859.71
4762,4564,7176,2025-09-10,2382.09
4763,4565,7179,2024-12-06,4670.52
4764,4566,7176,2024-05-30,1483.12
4765,4567,7176,2025-08-17,676.34
4766,4568,7179,2024-05-19,4276.78
4767,4568,7178,2025-08-10,5997.37
4768,4569,7177,2025-02-09,7246.64
4769,4570,7176,2025-11-26,4561.13
4770,4571,7176,2024-10-08,5639.48
4771,4572,7177,2026-02-02,854.63
4772,4573,7178,2024-05-04,1610.14
4773,4574,7176,2024-04-26,4965.14
4774,4575,7177,2026-05-18,7091.48
4775,4576,7178,2025-03-25,5900.87
4776,4577,7177,2024-08-21,6205.77
4777,4578,7179,2024-06-13,5091.53
4778,4579,7177,2024-08-09,5766.99
4779,4579,7178,2025-07-16,6432.81
4780,4580,7177,2026-05-05,7038.28
4781,4580,7178,2025-08-20,3994.39
4782,4581,7177,2024-06-21,2766.51
4783,4582,7177,2024-05-14,5037.73
4784,4583,7179,2025-05-27,1658.57
4785,4584,7177,2024-05-30,508.04
4786,4585,7179,2024-02-11,6652.61
4787,4586,7178,2024-03-03,5819.46
4788,4587,7177,2024-11-23,5909.75
4789,4588,7178,2024-06-07,3118.33
4790,4589,7176,2025-11-16,6743.16
4791,4591,7177,2024-07-29,4958.54
4792,4592,7176,2025-10-17,5057.57
4793,4593,7177,2025-05-15,6409.26
4794,4593,7176,2024-06-18,571.53
4795,4594,7179,2026-04-01,7436.67
4796,4595,7179,2025-09-18,6129.47
4797,4596,7179,2025-01-15,4463.81
4798,4596,7178,2026-03-13,6927.23
4799,4597,7176,2025-12-25,2088.04
4800,4598,7179,2025-01-01,1160.27
4801,4598,7178,2025-06-04,6820.09
4802,4599,7177,2025-06-20,2540.58
4803,4600,7176,2024-11-02,3556.17
4804,4601,7177,2024-12-18,3749.2
4805,4602,7179,2024-07-09,6319.86
4806,4602,7176,2025-07-11,6853.56
4807,4603,7178,2025-02-08,3800.23
4808,4604,7178,2024-06-15,6253.97
4809,4604,7178,2026-04-21,6753.19
4810,4605,7179,2026-05-16,2601.51
4811,4605,7177,2024-08-15,6765.27
4812,4606,7176,2024-04-13,1915.21
4813,4607,7176,2024-12-23,2523.89
4814,4608,7176,2026-04-11,4081.64
4815,4609,7179,2024-12-01,6609.82
4816,4610,7177,2024-12-27,3743.12
4817,4612,7179,2025-04-09,4148.96
4818,4613,7178,2026-01-15,4317.17
4819,4614,7178,2024-11-29,2352.51
4820,4615,7177,2026-06-23,5990.03
4821,4616,7179,2025-08-10,4116.12
4822,4617,7177,2024-01-14,3909.96
4823,4618,7176,2025-05-29,6694.5
4824,4619,7177,2024-05-25,7249.7
4825,4620,7177,2024-08-30,7357.33
4826,4621,7177,2024-12-24,4015.38
4827,4622,7178,2024-10-05,320.08
4828,4622,7179,2025-07-25,702.79
4829,4623,7179,2025-11-04,5743.77
4830,4623,7177,2025-05-02,6347.49
4831,4624,7176,2026-05-29,2882.26
4832,4625,7177,2025-09-03,3323.8
4833,4626,7179,2025-03-05,4590.9
4834,4629,7177,2024-11-20,2910.22
4835,4629,7178,2025-11-25,7007.11
4836,4630,7176,2024-06-12,4896.64
4837,4630,7176,2026-02-14,5068.46
4838,4631,7176,2025-05-23,6097.03
4839,4632,7177,2025-01-26,3968.17
4840,4633,7178,2024-02-12,7223.91
4841,4634,7179,2026-04-04,5885.71
4842,4635,7177,2024-05-21,661.25
4843,4636,7178,2024-05-22,1455.02
4844,4636,7177,2024-05-26,3468.93
4845,4637,7179,2024-03-30,3213.01
4846,4638,7177,2025-02-21,2854.92
4847,4638,7176,2025-09-13,5100.84
4848,4639,7176,2025-04-11,4786.12
4849,4640,7176,2024-02-11,3892.77
4850,4641,7177,2025-02-02,7290.93
4851,4641,7177,2026-03-01,1822.62
4852,4643,7178,2026-01-14,6062.0
4853,4644,7179,2024-02-19,4398.21
4854,4645,7176,2025-06-24,7325.35
4855,4646,7176,2024-01-22,7343.91
4856,4647,7177,2026-05-18,4830.2
4857,4647,7179,2024-12-27,404.85
4858,4648,7176,2024-10-26,4566.59
4859,4649,7176,2024-06-30,2168.2
4860,4650,7179,2024-06-05,6166.02
4861,4651,7179,2026-03-21,1447.41
4862,4651,7176,2025-08-06,4884.32
4863,4652,7179,2025-01-03,1946.2
4864,4652,7177,2025-04-17,3195.14
4865,4653,7179,2025-01-31,6540.67
4866,4654,7179,2024-07-28,2090.17
4867,4654,7176,2025-07-01,2818.51
4868,4655,7178,2025-01-02,6259.31
4869,4656,7177,2025-11-22,4887.08
4870,4657,7179,2024-08-03,3394.47
4871,4657,7176,2024-02-05,839.0
4872,4658,7178,2024-02-03,5417.25
4873,4658,7178,2024-03-10,3149.71
4874,4659,7179,2026-03-23,1251.2
4875,4660,7179,2025-08-31,3099.72
4876,4661,7177,2025-01-08,1939.67
4877,4662,7178,2024-03-15,2428.64
4878,4664,7179,2025-09-22,6460.03
4879,4665,7177,2024-03-05,1950.43
4880,4666,7179,2024-08-05,6980.4
4881,4666,7179,2025-09-06,6841.17
4882,4667,7178,2025-05-17,2181.86
4883,4668,7177,2024-04-03,4456.2
4884,4669,7177,2026-06-23,3560.21
4885,4669,7176,2025-10-06,1352.69
4886,4670,7177,2024-04-06,1734.74
4887,4671,7177,2026-05-19,7265.48
4888,4672,7177,2025-10-24,1739.03
4889,4672,7179,2025-04-09,6471.7
4890,4673,7177,2024-02-11,4708.94
4891,4673,7178,2024-01-17,6588.66
4892,4674,7179,2026-01-13,6563.61
4893,4675,7176,2024-02-16,3121.43
4894,4676,7179,2024-11-18,1137.79
4895,4677,7179,2025-10-22,4816.03
4896,4678,7178,2025-07-11,5717.59
4897,4678,7176,2025-07-27,4378.23
4898,4679,7178,2025-09-10,4438.01
4899,4680,7177,2024-04-25,3612.42
4900,4682,7176,2025-01-20,2962.29
4901,4683,7176,2026-05-17,1292.28
4902,4684,7178,2024-10-14,4646.64
4903,4685,7176,2024-11-17,7290.12
4904,4685,7176,2025-10-07,5656.51
4905,4686,7176,2025-06-18,6775.89
4906,4687,7176,2025-11-17,443.68
4907,4688,7177,2024-11-10,7436.33
4908,4689,7176,2025-07-09,6818.95
4909,4689,7176,2025-07-20,5096.14
4910,4690,7176,2026-05-01,2802.02
4911,4691,7176,2025-02-01,6254.16
4912,4692,7177,2025-09-03,5022.35
4913,4693,7177,2026-01-22,5205.5
4914,4694,7178,2026-01-08,5209.51
4915,4695,7177,2025-12-07,6795.34
4916,4696,7177,2024-04-07,2807.79
4917,4698,7177,2025-12-18,5455.74
4918,4699,7177,2025-06-18,4509.87
4919,4700,7179,2025-03-18,6527.89
4920,4701,7179,2025-04-11,1026.34
4921,4702,7179,2024-04-05,3396.49
4922,4703,7176,2025-07-09,5891.94
4923,4704,7178,2025-12-24,4967.26
4924,4705,7177,2025-05-07,4907.23
4925,4705,7178,2024-07-20,1195.91
4926,4706,7178,2025-05-19,1738.88
4927,4707,7177,2024-07-10,3437.44
4928,4708,7177,2024-04-04,4557.89
4929,4709,7178,2025-05-14,386.42
4930,4710,7179,2024-02-25,3566.28
4931,4711,7177,2025-10-04,6206.87
4932,4712,7177,2025-09-01,2792.4
4933,4713,7176,2025-10-10,5577.64
4934,4714,7177,2025-06-22,5666.72
4935,4715,7178,2024-02-15,1863.16
4936,4715,7176,2024-04-07,299.68
4937,4716,7177,2025-10-04,1962.03
4938,4717,7177,2025-03-16,6125.48
4939,4717,7176,2024-01-17,1391.13
4940,4718,7179,2025-05-10,5893.65
4941,4718,7178,2025-12-18,6948.67
4942,4719,7178,2025-12-13,1691.27
4943,4720,7177,2025-09-25,5461.25
4944,4722,7178,2025-08-28,352.88
4945,4723,7177,2025-11-27,5451.71
4946,4724,7177,2024-02-17,1860.51
4947,4725,7179,2026-02-16,5558.44
4948,4726,7176,2026-04-04,6489.95
4949,4727,7178,2025-08-24,1205.11
4950,4728,7177,2024-07-03,4995.07
4951,4729,7176,2026-01-31,807.31
4952,4729,7179,2025-10-26,1335.92
4953,4730,7176,2024-11-13,5856.0
4954,4731,7177,2024-12-22,3868.39
4955,4732,7177,2024-03-21,7418.32
4956,4732,7178,2024-08-23,5466.09
4957,4733,7179,2024-01-21,3185.83
4958,4733,7176,2026-03-04,430.63
4959,4734,7178,2026-06-04,5601.8
4960,4735,7177,2026-01-17,3586.23
4961,4736,7177,2025-09-12,737.99
4962,4737,7179,2024-06-02,1890.54
4963,4740,7176,2025-08-14,4575.05
4964,4740,7176,2024-06-09,2898.74
4965,4741,7178,2024-04-29,1703.24
4966,4742,7177,2026-01-28,6659.3
4967,4742,7176,2024-12-02,3837.39
4968,4743,7179,2024-04-03,6789.65
4969,4744,7177,2026-02-22,6379.67
4970,4746,7179,2024-08-02,4861.38
4971,4747,7177,2024-04-06,5633.14
4972,4749,7179,2025-04-21,715.43
4973,4750,7179,2024-08-25,5031.65
4974,4751,7178,2024-04-18,3769.95
4975,4752,7178,2026-01-22,5809.8
4976,4753,7178,2025-10-08,5295.74
4977,4754,7178,2025-06-01,5315.32
4978,4754,7176,2026-03-11,6483.68
4979,4755,7179,2025-08-06,2137.64
4980,4755,7179,2025-09-03,3816.87
4981,4756,7179,2025-09-28,2779.44
4982,4757,7177,2025-12-25,2392.12
4983,4758,7177,2026-06-23,1283.17
4984,4759,7179,2024-11-08,187.87
4985,4760,7178,2024-07-11,5830.16
4986,4762,7176,2026-03-13,2308.39
4987,4764,7179,2024-03-26,5357.13
4988,4766,7177,2025-04-04,2204.65
4989,4767,7177,2024-10-26,1772.68
4990,4768,7179,2025-06-20,5023.35
4991,4769,7176,2024-10-31,6265.44
4992,4770,7177,2024-05-09,2803.75
4993,4771,7178,2025-07-30,4620.94
4994,4772,7179,2025-12-30,984.22
4995,4773,7176,2025-01-18,2594.22
4996,4773,7179,2024-03-20,708.57
4997,4774,7177,2025-09-25,3265.5
4998,4774,7178,2025-01-02,7228.73
4999,4775,7176,2025-02-12,1585.39
5000,4776,7176,2026-03-21,1689.55
5001,4777,7176,2025-01-14,805.3
5002,4777,7179,2024-06-13,2852.83
5003,4778,7177,2025-08-28,2705.83
5004,4778,7178,2026-06-11,6902.39
5005,4779,7179,2024-08-06,1546.66
5006,4780,7178,2025-10-04,1933.1
5007,4781,7179,2024-01-30,4852.25
5008,4781,7178,2024-07-08,7146.15
5009,4782,7179,2025-04-25,221.16
5010,4783,7179,2025-12-30,6091.54
5011,4785,7179,2024-01-06,3177.68
5012,4786,7178,2024-11-11,5788.59
5013,4787,7178,2025-06-06,3658.05
5014,4789,7178,2024-12-23,1388.65
5015,4790,7176,2026-05-23,5030.97
5016,4791,7176,2026-03-21,2703.74
5017,4791,7177,2025-07-17,1731.92
5018,4792,7178,2026-06-11,7498.3
5019,4793,7179,2024-11-04,5844.35
5020,4794,7178,2024-10-07,3106.32
5021,4795,7178,2025-10-30,7170.87
5022,4796,7178,2024-11-26,2065.09
5023,4797,7177,2024-10-24,679.28
5024,4797,7179,2025-11-06,1312.83
5025,4798,7176,2025-04-21,2352.51
5026,4798,7179,2026-02-17,4394.12
5027,4799,7176,2024-08-29,1239.52
5028,4800,7178,2024-01-06,3563.23
5029,4801,7178,2025-01-13,7032.98
5030,4802,7178,2026-04-28,353.81
5031,4803,7179,2024-03-09,1133.41
5032,4803,7179,2024-01-20,2500.82
5033,4804,7179,2024-03-13,6848.27
5034,4804,7177,2025-02-18,1247.21
5035,4805,7177,2026-01-24,6083.61
5036,4806,7178,2024-11-03,6471.94
5037,4806,7176,2024-09-09,5326.35
5038,4807,7176,2026-03-21,1590.41
5039,4808,7176,2026-03-22,1971.39
5040,4810,7177,2025-06-12,7492.5
5041,4811,7178,2025-07-22,540.67
5042,4811,7178,2025-08-27,2102.41
5043,4812,7178,2026-04-26,6145.65
5044,4813,7176,2025-02-07,6803.16
5045,4813,7179,2025-02-18,3795.7
5046,4814,7176,2025-11-14,4894.91
5047,4815,7178,2025-08-08,3538.62
5048,4816,7179,2024-06-17,2448.12
5049,4817,7177,2024-11-10,6154.33
5050,4818,7177,2025-03-09,2355.51
5051,4819,7179,2024-12-20,1743.54
5052,4820,7179,2026-05-09,2653.12
5053,4821,7179,2024-08-18,3032.26
5054,4822,7176,2025-10-18,2097.88
5055,4822,7177,2024-03-14,2194.77
5056,4823,7176,2026-02-07,212.72
5057,4824,7177,2024-02-18,390.25
5058,4825,7178,2025-10-16,1050.67
5059,4826,7176,2025-03-29,1092.98
5060,4827,7179,2024-07-17,2677.67
5061,4827,7177,2026-04-08,3925.33
5062,4828,7178,2026-01-27,4552.39
5063,4829,7179,2024-12-25,7333.73
5064,4830,7176,2024-05-23,2062.12
5065,4831,7177,2024-09-12,6651.98
5066,4832,7178,2024-11-02,1719.65
5067,4833,7176,2024-03-04,5010.99
5068,4834,7178,2026-02-23,486.71
5069,4834,7177,2026-03-02,949.59
5070,4835,7176,2024-05-28,5152.78
5071,4835,7176,2026-06-12,4953.99
5072,4836,7177,2024-07-20,5396.65
5073,4837,7177,2024-07-13,2171.83
5074,4838,7176,2025-02-07,5764.65
5075,4839,7179,2025-05-06,766.77
5076,4840,7178,2026-01-28,4243.32
5077,4840,7178,2025-07-12,682.51
5078,4841,7176,2024-03-23,1683.12
5079,4842,7178,2025-01-19,4275.22
5080,4843,7177,2025-01-10,2929.83
5081,4844,7176,2024-09-06,6045.89
5082,4845,7176,2025-04-26,7478.89
5083,4845,7178,2025-08-28,4597.93
5084,4847,7177,2025-06-26,3029.41
5085,4848,7179,2025-05-16,727.23
5086,4849,7179,2025-06-15,1319.34
5087,4850,7178,2026-03-28,7241.03
5088,4851,7177,2025-10-29,2574.39
5089,4852,7176,2024-03-17,2195.54
5090,4853,7176,2026-02-13,1550.95
5091,4854,7177,2024-08-23,1223.91
5092,4855,7176,2025-01-06,1615.11
5093,4856,7177,2024-12-13,7159.06
5094,4857,7176,2026-06-24,3089.06
5095,4858,7177,2025-02-10,863.04
5096,4859,7176,2025-06-30,4615.88
5097,4860,7179,2025-12-05,3338.74
5098,4861,7178,2024-07-22,4244.72
5099,4862,7178,2024-06-12,1078.38
5100,4863,7177,2024-01-04,6779.96
5101,4864,7178,2025-12-04,7499.09
5102,4865,7176,2024-10-22,6591.11
5103,4866,7179,2024-05-22,1250.07
5104,4867,7177,2025-08-21,258.5
5105,4868,7177,2024-01-31,1399.39
5106,4869,7178,2024-01-21,1911.95
5107,4870,7179,2025-09-30,3928.29
5108,4871,7179,2025-01-13,5471.77
5109,4872,7179,2026-01-01,3846.74
5110,4873,7178,2026-03-26,1477.52
5111,4875,7179,2025-02-03,4225.17
5112,4876,7176,2024-05-21,1434.75
5113,4877,7176,2026-02-10,7307.77
5114,4878,7179,2024-06-11,5866.23
5115,4879,7178,2025-07-19,4377.99
5116,4882,7176,2026-03-14,1936.39
5117,4883,7177,2025-09-01,5051.25
5118,4885,7177,2024-07-23,2770.54
5119,4885,7178,2026-06-13,3237.73
5120,4886,7179,2024-10-07,4143.97
5121,4887,7176,2025-11-11,6862.86
5122,4888,7178,2026-05-16,2643.94
5123,4889,7179,2024-12-11,5302.21
5124,4890,7176,2025-02-09,2365.86
5125,4891,7177,2025-12-07,755.54
5126,4892,7179,2026-03-31,6887.32
5127,4893,7179,2025-10-10,3416.25
5128,4894,7179,2024-07-15,2769.47
5129,4895,7179,2026-05-25,1667.24
5130,4895,7179,2024-12-24,1633.28
5131,4896,7179,2025-03-16,2588.32
5132,4897,7176,2024-09-15,1557.89
5133,4897,7176,2024-01-06,1347.18
5134,4898,7177,2025-08-08,4968.81
5135,4899,7179,2025-07-21,1843.18
5136,4899,7176,2025-10-23,4130.66
5137,4900,7177,2026-03-04,2021.39
5138,4901,7177,2024-07-06,5038.14
5139,4902,7176,2024-07-14,4825.56
5140,4903,7176,2024-08-10,5273.21
5141,4904,7178,2025-05-30,2896.41
5142,4906,7177,2024-04-28,2082.82
5143,4907,7179,2024-03-06,6373.8
5144,4908,7176,2025-02-05,6091.57
5145,4909,7178,2025-04-08,7270.17
5146,4910,7179,2024-12-18,315.14
5147,4911,7176,2024-07-24,3123.05
5148,4912,7176,2025-06-25,6249.02
5149,4912,7176,2025-12-20,266.57
5150,4913,7179,2026-04-15,1806.82
5151,4914,7179,2024-05-18,865.4
5152,4915,7179,2025-09-12,570.6
5153,4916,7176,2024-07-23,2134.56
5154,4917,7177,2026-05-24,5423.05
5155,4918,7176,2024-11-21,6932.31
5156,4919,7179,2024-04-10,6696.87
5157,4919,7178,2026-01-10,7077.94
5158,4920,7176,2024-04-23,860.67
5159,4921,7177,2025-02-23,3825.54
5160,4922,7179,2025-01-20,475.59
5161,4923,7177,2026-02-25,1169.14
5162,4924,7176,2025-03-10,7010.0
5163,4925,7176,2026-02-22,6684.58
5164,4926,7177,2026-06-13,2313.64
5165,4927,7179,2026-04-22,6068.98
5166,4928,7179,2024-04-26,2207.96
5167,4929,7177,2025-03-03,1418.36
5168,4930,7177,2025-06-05,4663.83
5169,4931,7178,2025-03-13,748.3
5170,4932,7176,2026-02-15,4536.75
5171,4932,7179,2025-04-28,380.85
5172,4933,7179,2024-07-05,4858.66
5173,4934,7177,2024-03-30,3950.45
5174,4936,7176,2025-07-06,1554.53
5175,4937,7177,2024-05-01,2153.09
5176,4939,7177,2024-03-06,5083.54
5177,4940,7177,2024-07-03,1641.54
5178,4941,7176,2024-02-03,318.62
5179,4942,7179,2025-05-29,2427.28
5180,4944,7178,2026-02-28,1267.55
5181,4944,7179,2026-05-05,1178.43
5182,4946,7178,2025-02-05,3856.92
5183,4946,7178,2024-10-21,4598.66
5184,4947,7177,2024-09-17,1485.17
5185,4947,7176,2025-01-27,1657.25
5186,4949,7178,2025-12-09,5348.47
5187,4950,7178,2024-09-26,4970.0
5188,4950,7177,2025-01-16,497.45
5189,4951,7177,2024-03-02,4225.49
5190,4953,7179,2026-03-15,6263.74
5191,4954,7176,2026-06-29,2836.35
5192,4955,7177,2025-02-12,4401.45
5193,4956,7178,2026-01-30,6833.33
5194,4956,7177,2025-02-22,5407.66
5195,4957,7179,2025-03-14,2024.47
5196,4958,7176,2026-03-12,5869.07
5197,4959,7177,2025-12-12,1656.22
5198,4960,7178,2024-03-21,1535.06
5199,4960,7176,2025-10-07,5738.93
5200,4961,7178,2025-08-15,6604.15
5201,4961,7179,2024-06-06,6371.69
5202,4962,7176,2024-06-04,5416.33
5203,4962,7177,2026-06-10,5129.86
5204,4963,7177,2025-09-11,4337.89
5205,4963,7176,2026-01-29,7369.15
5206,4964,7177,2024-03-14,1374.07
5207,4964,7179,2025-07-15,2678.05
5208,4965,7178,2025-10-01,1082.04
5209,4966,7176,2024-06-30,5595.39
5210,4967,7177,2024-04-07,7378.35
5211,4968,7179,2025-10-01,2954.55
5212,4969,7179,2025-05-27,2131.03
5213,4970,7177,2026-06-09,2595.42
5214,4971,7179,2024-07-12,2942.98
5215,4972,7179,2024-09-13,2485.99
5216,4973,7179,2026-02-19,2519.8
5217,4974,7179,2026-03-31,2458.7
5218,4975,7176,2024-11-29,5303.45
5219,4976,7176,2025-08-30,6224.71
5220,4977,7178,2024-08-23,2198.49
5221,4978,7177,2024-11-16,6066.49
5222,4979,7176,2025-01-12,622.61
5223,4980,7176,2024-06-11,1388.68
5224,4981,7177,2025-03-30,6290.31
5225,4981,7176,2026-01-22,4611.12
5226,4982,7177,2025-04-04,3726.55
5227,4983,7179,2024-01-05,1724.55
5228,4984,7179,2024-12-23,4633.26
5229,4985,7176,2024-04-19,6789.64
5230,4985,7179,2025-06-06,3257.46
5231,4986,7179,2024-10-30,1329.94
5232,4987,7176,2024-01-21,595.98
5233,4988,7178,2024-12-13,5697.61
5234,4989,7176,2026-01-18,3214.23
5235,4990,7176,2025-09-14,6302.37
5236,4991,7179,2024-08-20,1990.31
5237,4993,7178,2025-02-06,2032.53
5238,4994,7176,2025-09-29,961.18
5239,4995,7177,2026-03-05,1897.22
5240,4996,7177,2024-07-07,2879.59
5241,4996,7179,2024-01-31,4041.59
5242,4997,7179,2026-04-02,6359.98
5243,4998,7176,2025-10-04,4511.35
5244,4999,7177,2024-01-25,4655.91
5245,5000,7177,2024-09-16,569.81
5246,5000,7178,2024-07-29,6116.36
