grade_id,run_id,grade_level,moisture_content,inspector_employee_id
1,1,A,11.6,1122
2,2,A,17.48,1158
3,3,A,16.94,1072
4,4,C,10.74,1044
5,5,B,9.45,1197
6,6,B,11.35,1099
7,7,C,11.89,1110
8,8,A,10.78,1057
9,9,B,16.53,1132
10,10,A,15.54,971
11,11,C,13.87,1108
12,12,B,11.75,995
13,13,C,15.64,1142
14,14,A,14.85,1036
15,15,A,13.04,1177
16,16,B,9.53,1026
17,17,C,8.8,903
18,18,B,15.2,1142
19,19,B,17.24,989
20,20,A,10.28,970
21,21,B,14.83,1004
22,22,C,11.24,1120
23,23,B,12.13,1135
24,24,C,16.61,913
25,25,A,11.57,1185
26,26,A,15.79,984
27,27,C,10.6,902
28,28,B,8.33,1025
29,29,B,17.52,1097
30,30,A,15.72,1149
31,31,B,13.4,1031
32,32,A,10.07,905
33,33,reject,14.09,1059
34,34,A,17.05,1068
35,35,B,14.96,1181
36,36,A,10.76,904
37,37,C,15.93,908
38,38,A,11.76,1003
39,39,B,14.89,1050
40,40,A,17.78,1024
41,41,reject,17.52,925
42,42,A,13.92,1028
43,43,B,12.25,1057
44,44,A,13.84,1199
45,45,A,15.31,946
46,46,A,17.12,1095
47,47,B,11.8,1007
48,48,B,15.61,1169
49,49,B,8.57,1119
50,50,A,16.57,1177
51,51,B,9.16,1179
52,52,C,14.08,1121
53,53,A,13.25,944
54,54,B,13.06,1152
55,55,A,16.67,1121
56,56,A,13.64,1174
57,57,A,11.56,1174
58,58,C,17.43,974
59,59,B,13.94,1064
60,60,B,10.71,1069
61,61,B,11.94,1176
62,62,C,9.97,1191
63,63,A,12.78,1024
64,64,C,11.4,1166
65,65,C,9.54,1066
66,66,B,16.0,1188
67,67,A,12.21,1089
68,68,B,16.73,1075
69,69,A,10.32,1137
70,70,C,16.77,1051
71,71,A,16.09,1110
72,72,A,15.94,1037
73,73,A,10.48,988
74,74,A,15.36,1060
75,75,A,10.77,1070
76,76,A,8.02,1010
77,77,A,17.77,965
78,78,A,10.38,1153
79,79,B,12.36,1182
80,80,B,13.2,947
81,81,A,16.52,990
82,82,C,10.66,1107
83,83,B,9.88,1125
84,84,A,15.09,932
85,85,A,9.21,1022
86,86,C,9.64,1020
87,87,B,17.79,947
88,88,B,15.67,1005
89,89,B,16.14,907
90,90,A,8.57,1083
91,91,C,15.1,1125
92,92,B,15.18,1128
93,93,B,8.43,1186
94,94,A,9.15,1021
95,95,B,13.17,1198
96,96,A,9.14,1077
97,97,A,11.96,1043
98,98,reject,13.29,1044
99,99,A,13.69,1136
100,100,C,16.8,1129
101,101,A,17.77,975
102,102,B,10.73,1035
103,103,A,15.82,910
104,104,A,15.18,1115
105,105,B,15.65,1127
106,106,B,13.86,1135
107,107,A,14.07,1149
108,108,B,13.41,1067
109,109,A,11.54,1133
110,110,C,10.91,1015
111,111,A,9.72,1130
112,112,C,14.01,982
113,113,B,10.56,969
114,114,A,9.09,1125
115,115,C,9.23,1138
116,116,C,17.31,921
117,117,B,15.43,958
118,118,A,17.28,1178
119,119,C,16.87,972
120,120,B,8.17,1060
121,121,A,8.8,1066
122,122,B,12.67,1108
123,123,A,14.71,945
124,124,C,12.84,1082
125,125,B,13.81,929
126,126,B,9.78,958
127,127,A,10.11,1115
128,128,C,8.82,1041
129,129,reject,12.43,1012
130,130,B,13.6,914
131,131,B,8.37,920
132,132,B,17.63,1179
133,133,C,15.15,1025
134,134,C,16.56,939
135,135,B,12.96,956
136,136,B,16.49,1028
137,137,A,15.75,991
138,138,reject,17.14,1014
139,139,B,12.51,1046
140,140,B,9.73,1115
141,141,A,10.67,907
142,142,B,16.82,903
143,143,A,11.61,1017
144,144,C,13.38,1165
145,145,A,8.28,1064
146,146,A,10.8,1001
147,147,B,8.77,1168
148,148,reject,10.51,1100
149,149,A,9.65,1180
150,150,A,16.08,917
151,151,A,8.98,989
152,152,A,12.91,1093
153,153,A,13.19,1011
154,154,A,10.38,1035
155,155,A,16.67,986
156,156,B,15.98,1053
157,157,reject,16.36,1163
158,158,A,8.05,1027
159,159,B,10.14,1199
160,160,C,16.28,988
161,161,A,14.56,1111
162,162,C,11.87,1064
163,163,A,17.32,1088
164,164,B,16.94,1031
165,165,B,15.2,1163
166,166,C,12.14,1149
167,167,reject,14.79,1087
168,168,C,12.49,931
169,169,C,16.33,1175
170,170,C,17.96,1101
171,171,B,11.36,1178
172,172,B,15.56,1196
173,173,B,15.25,1047
174,174,B,14.36,1084
175,175,B,9.14,1070
176,176,A,11.8,1026
177,177,C,16.9,1105
178,178,B,14.49,1164
179,179,B,17.87,989
180,180,C,11.85,1109
181,181,B,17.73,1092
182,182,B,16.1,990
183,183,A,16.51,985
184,184,C,9.27,1151
185,185,C,16.8,979
186,186,C,16.96,1186
187,187,B,12.49,967
188,188,A,12.7,1103
189,189,C,16.05,960
190,190,reject,11.9,1156
191,191,A,14.61,1006
192,192,reject,10.76,1164
193,193,B,11.36,953
194,194,C,11.41,1021
195,195,C,15.54,951
196,196,B,17.1,1065
197,197,A,17.8,975
198,198,A,11.09,1087
199,199,A,9.58,1091
200,200,B,12.61,937
201,201,C,11.2,1031
202,202,B,16.46,1026
203,203,B,9.71,1187
204,204,B,16.83,1118
205,205,B,12.8,1034
206,206,reject,12.0,1081
207,207,C,16.54,1132
208,208,reject,8.12,1023
209,209,B,15.07,1043
210,210,B,9.13,1141
211,211,A,13.0,919
212,212,A,17.57,1118
213,213,B,12.98,979
214,214,B,17.85,938
215,215,B,11.15,1055
216,216,A,13.42,1063
217,217,A,17.23,1013
218,218,reject,13.79,1094
219,219,C,12.75,916
220,220,A,14.92,917
221,221,A,12.05,1176
222,222,B,8.18,1101
223,223,A,12.04,1145
224,224,C,11.53,965
225,225,B,10.82,1021
226,226,C,16.26,1059
227,227,A,10.87,1074
228,228,A,15.77,963
229,229,B,8.58,1091
230,230,A,17.54,963
231,231,C,11.97,1117
232,232,B,16.39,962
233,233,A,8.96,1173
234,234,reject,15.66,941
235,235,reject,11.62,949
236,236,C,16.27,1149
237,237,C,9.18,1057
238,238,A,15.38,939
239,239,A,16.5,1045
240,240,C,17.19,989
241,241,A,10.05,1190
242,242,A,17.17,939
243,243,B,15.64,1109
244,244,C,15.85,984
245,245,A,12.98,1175
246,246,A,10.61,1111
247,247,C,14.5,1020
248,248,B,10.75,1146
249,249,A,9.31,963
250,250,A,8.26,1073
251,251,C,11.46,942
252,252,A,8.61,1156
253,253,C,11.13,1010
254,254,C,12.35,961
255,255,A,12.02,965
256,256,A,9.08,1021
257,257,A,11.78,1186
258,258,B,13.22,950
259,259,B,14.01,1064
260,260,B,9.82,1180
261,261,B,14.03,1039
262,262,B,8.45,964
263,263,A,16.32,1049
264,264,C,10.08,1160
265,265,A,12.13,901
266,266,B,11.52,1151
267,267,A,12.05,1051
268,268,A,9.15,954
269,269,C,13.06,1008
270,270,B,14.44,1048
271,271,B,12.98,1160
272,272,reject,11.6,1013
273,273,B,9.52,1029
274,274,B,10.86,1072
275,275,C,15.58,914
276,276,A,15.1,1151
277,277,reject,11.89,1179
278,278,A,15.78,943
279,279,A,12.04,963
280,280,B,17.13,917
281,281,A,16.98,1125
282,282,A,8.59,938
283,283,reject,14.71,1030
284,284,A,13.32,960
285,285,A,11.48,1132
286,286,B,10.12,1090
287,287,B,17.4,955
288,288,A,17.55,1066
289,289,A,11.98,1024
290,290,B,10.46,1033
291,291,C,16.14,941
292,292,A,9.86,1118
293,293,C,15.98,1175
294,294,B,15.11,1170
295,295,A,14.58,1165
296,296,B,8.67,945
297,297,C,10.83,940
298,298,C,15.52,1160
299,299,A,17.15,965
300,300,A,11.02,1112
301,301,A,13.08,1147
302,302,A,13.74,1061
303,303,B,13.18,922
304,304,A,10.83,1172
305,305,A,11.53,1079
306,306,A,17.65,1003
307,307,B,8.59,1177
308,308,A,10.32,950
309,309,B,14.37,1033
310,310,C,10.25,1034
311,311,A,12.95,1032
312,312,B,13.28,1041
313,313,B,8.56,1162
314,314,A,16.27,1012
315,315,B,11.11,1110
316,316,A,15.64,957
317,317,A,15.64,959
318,318,reject,15.74,1130
319,319,A,13.12,962
320,320,B,11.43,1036
321,321,B,8.05,1150
322,322,B,8.58,1189
323,323,A,15.52,912
324,324,A,16.91,1180
325,325,A,12.53,1121
326,326,C,16.95,1163
327,327,A,15.91,1121
328,328,B,12.26,1146
329,329,A,11.8,1127
330,330,A,11.2,1009
331,331,B,11.41,902
332,332,B,15.21,1004
333,333,A,11.51,918
334,334,C,16.18,1164
335,335,B,9.36,1194
336,336,A,15.2,1125
337,337,A,12.69,1090
338,338,B,13.92,935
339,339,C,12.87,1155
340,340,B,15.06,1074
341,341,B,12.23,1170
342,342,reject,10.9,1076
343,343,reject,9.24,1132
344,344,B,8.11,1190
345,345,B,10.69,1029
346,346,C,14.78,1114
347,347,C,11.51,1117
348,348,A,11.52,1045
349,349,B,10.72,1141
350,350,C,16.61,1070
351,351,C,11.3,940
352,352,C,10.03,1142
353,353,C,15.07,1048
354,354,B,11.37,984
355,355,C,15.65,998
356,356,B,8.49,1180
357,357,A,13.97,957
358,358,B,8.22,1041
359,359,B,9.44,1142
360,360,A,11.84,1113
361,361,B,9.72,1162
362,362,B,16.17,971
363,363,C,8.06,911
364,364,B,10.51,916
365,365,B,14.79,1049
366,366,A,14.85,1131
367,367,B,14.06,945
368,368,A,12.51,1017
369,369,B,14.32,940
370,370,B,10.27,1057
371,371,B,10.54,953
372,372,C,13.39,1093
373,373,B,12.42,1131
374,374,A,10.26,1123
375,375,A,15.05,1111
376,376,A,12.02,1030
377,377,B,10.33,993
378,378,A,11.26,1074
379,379,B,10.17,1179
380,380,A,11.1,913
381,381,B,12.69,997
382,382,B,15.18,1174
383,383,A,10.95,1100
384,384,A,10.17,975
385,385,B,11.11,1032
386,386,A,11.76,1107
387,387,B,17.87,965
388,388,B,15.17,1197
389,389,B,15.73,1023
390,390,A,11.35,910
391,391,B,8.21,986
392,392,reject,13.43,1073
393,393,A,12.28,1180
394,394,B,11.23,1079
395,395,B,10.79,1120
396,396,A,14.06,1035
397,397,B,17.36,1060
398,398,A,17.3,1151
399,399,A,16.64,1057
400,400,A,10.89,990
401,401,A,13.09,1016
402,402,A,11.36,1099
403,403,B,17.29,1127
404,404,A,16.78,1188
405,405,A,17.95,1097
406,406,A,11.1,1057
407,407,B,10.4,1162
408,408,C,9.4,975
409,409,A,12.3,1178
410,410,A,16.7,1050
411,411,C,11.25,1195
412,412,A,8.62,1012
413,413,A,9.45,1105
414,414,A,11.38,1150
415,415,B,9.26,966
416,416,C,11.96,1012
417,417,B,17.12,1118
418,418,C,14.87,977
419,419,A,12.64,1195
420,420,B,13.71,1098
421,421,A,8.28,971
422,422,B,12.71,1036
423,423,A,16.86,1163
424,424,C,13.6,961
425,425,A,8.24,977
426,426,B,11.8,1121
427,427,B,9.51,1000
428,428,A,9.2,1127
429,429,B,14.54,1098
430,430,B,9.76,1149
431,431,reject,17.67,932
432,432,B,8.34,1139
433,433,C,13.21,1008
434,434,C,16.62,1083
435,435,C,10.52,1011
436,436,B,17.45,965
437,437,C,15.79,1199
438,438,A,9.69,929
439,439,A,9.92,971
440,440,B,8.13,1188
441,441,A,12.85,915
442,442,B,13.95,1175
443,443,C,14.25,1174
444,444,B,11.95,1108
445,445,A,9.88,1072
446,446,B,12.43,1191
447,447,A,11.74,1152
448,448,B,9.67,1193
449,449,B,10.87,1048
450,450,A,17.48,953
451,451,A,15.09,1197
452,452,A,11.07,1177
453,453,B,14.14,1049
454,454,C,14.95,1160
455,455,B,17.68,1200
456,456,A,14.27,1050
457,457,C,14.38,1099
458,458,C,11.09,999
459,459,A,15.4,926
460,460,A,12.04,950
461,461,B,16.89,1173
462,462,B,14.01,940
463,463,reject,12.02,1184
464,464,C,10.19,936
465,465,A,8.31,942
466,466,A,11.33,1182
467,467,B,15.47,1138
468,468,A,13.44,1181
469,469,C,17.15,913
470,470,B,9.65,1110
471,471,B,16.5,1169
472,472,C,8.68,1001
473,473,A,14.5,1112
474,474,A,11.86,926
475,475,B,13.1,1077
476,476,B,13.16,1165
477,477,reject,15.44,1118
478,478,B,13.64,980
479,479,B,8.04,1073
480,480,B,11.84,1002
481,481,A,8.84,1047
482,482,A,8.58,1054
483,483,A,11.46,994
484,484,B,17.22,1114
485,485,A,9.14,987
486,486,A,17.49,1021
487,487,A,12.14,1047
488,488,C,12.15,945
489,489,A,12.74,1031
490,490,A,10.47,1008
491,491,C,10.34,1110
492,492,B,12.74,1155
493,493,B,13.75,1007
494,494,B,15.19,1106
495,495,C,8.79,941
496,496,B,8.32,1173
497,497,A,11.53,1050
498,498,A,11.6,1044
499,499,A,11.8,1115
500,500,B,15.87,1037
501,501,B,11.36,936
502,502,B,9.87,1161
503,503,A,12.02,1098
504,504,A,16.51,1139
505,505,A,9.65,1187
506,506,A,15.5,949
507,507,A,11.91,1047
508,508,A,8.67,976
509,509,A,15.03,1145
510,510,B,11.53,946
511,511,B,14.44,1049
512,512,A,10.62,962
513,513,B,17.71,1183
514,514,reject,15.06,1016
515,515,A,8.35,1163
516,516,A,14.24,980
517,517,A,11.48,1053
518,518,A,13.07,1078
519,519,B,11.19,1193
520,520,A,11.66,1175
521,521,A,13.85,1044
522,522,C,12.43,1065
523,523,A,9.93,1075
524,524,A,17.29,1182
525,525,C,10.26,1098
526,526,B,17.38,1153
527,527,B,8.75,1091
528,528,B,17.31,1199
529,529,A,14.51,976
530,530,A,9.16,1177
531,531,B,12.69,1032
532,532,A,13.53,1096
533,533,reject,12.98,1104
534,534,B,11.8,1129
535,535,B,9.66,925
536,536,C,13.69,943
537,537,C,11.94,1030
538,538,A,13.85,1181
539,539,reject,12.84,1188
540,540,B,17.84,980
541,541,A,10.65,1005
542,542,B,15.21,1028
543,543,C,14.75,1144
544,544,A,12.04,1153
545,545,B,13.01,1114
546,546,C,14.44,1094
547,547,A,12.41,1149
548,548,B,13.93,935
549,549,A,15.45,1040
550,550,B,10.28,971
551,551,B,11.88,931
552,552,A,13.9,1125
553,553,B,14.82,917
554,554,B,10.73,1089
555,555,B,12.96,946
556,556,B,14.6,1167
557,557,A,8.89,925
558,558,B,11.39,920
559,559,B,11.56,984
560,560,C,17.87,965
561,561,A,8.2,1021
562,562,A,17.15,1028
563,563,B,10.77,1124
564,564,B,17.42,1113
565,565,B,8.78,1076
566,566,A,9.54,1038
567,567,C,15.68,990
568,568,A,10.68,1098
569,569,reject,8.34,1089
570,570,B,11.43,1005
571,571,A,17.42,956
572,572,A,11.02,1056
573,573,A,15.5,989
574,574,A,11.87,958
575,575,B,10.53,1181
576,576,B,10.62,1186
577,577,A,17.98,938
578,578,B,13.01,1039
579,579,B,16.03,1179
580,580,B,11.24,945
581,581,B,11.23,1105
582,582,A,15.4,1087
583,583,A,15.67,963
584,584,A,11.26,998
585,585,A,15.54,1004
586,586,A,12.49,991
587,587,C,8.05,1028
588,588,B,10.44,957
589,589,C,10.58,1163
590,590,B,14.37,1178
591,591,A,9.48,1051
592,592,B,13.31,1161
593,593,A,12.69,1020
594,594,C,13.81,1178
595,595,C,15.39,994
596,596,A,8.72,1110
597,597,B,10.13,1138
598,598,B,17.29,1071
599,599,C,8.26,998
600,600,B,11.13,1096
601,601,A,13.63,946
602,602,A,15.84,1190
603,603,A,17.23,1142
604,604,A,16.72,1074
605,605,B,16.16,1039
606,606,B,12.63,960
607,607,B,9.61,1018
608,608,reject,14.18,1104
609,609,B,16.91,1128
610,610,B,17.35,1155
611,611,B,9.61,1148
612,612,reject,16.6,996
613,613,A,9.94,1186
614,614,A,15.07,988
615,615,B,11.68,1006
616,616,A,13.53,1037
617,617,A,16.96,972
618,618,B,11.52,1029
619,619,C,12.67,1169
620,620,C,16.16,941
621,621,B,17.65,1155
622,622,A,12.68,991
623,623,C,10.11,1149
624,624,B,16.48,1018
625,625,A,17.53,1042
626,626,B,16.93,1108
627,627,A,16.74,1131
628,628,A,16.16,965
629,629,C,13.44,967
630,630,B,12.23,1126
631,631,A,10.48,1153
632,632,C,11.61,1044
633,633,A,9.3,1000
634,634,B,17.75,1141
635,635,B,8.76,901
636,636,B,10.61,1051
637,637,A,14.46,931
638,638,B,14.26,1121
639,639,B,17.88,978
640,640,A,8.19,1175
641,641,B,17.39,1125
642,642,B,12.49,1100
643,643,A,9.23,958
644,644,A,12.66,938
645,645,C,12.46,922
646,646,A,15.82,1088
647,647,A,11.13,1021
648,648,A,8.49,1155
649,649,A,14.27,937
650,650,reject,15.17,1067
651,651,A,11.43,1182
652,652,A,9.03,1096
653,653,C,17.52,1132
654,654,B,15.54,1197
655,655,B,12.6,918
656,656,A,10.25,1163
657,657,C,10.06,912
658,658,C,15.58,1074
659,659,A,10.92,933
660,660,C,13.98,1075
661,661,B,11.46,1036
662,662,B,15.57,1115
663,663,C,13.8,1141
664,664,A,9.07,1194
665,665,B,12.29,926
666,666,B,14.48,1157
667,667,B,14.32,1154
668,668,A,10.08,1163
669,669,C,9.47,1084
670,670,B,13.89,1048
671,671,A,8.5,1051
672,672,A,13.53,1145
673,673,A,8.41,1095
674,674,B,9.77,1136
675,675,A,8.14,1005
676,676,B,14.17,1190
677,677,B,9.23,1090
678,678,A,15.29,1139
679,679,A,17.79,1044
680,680,A,17.51,1190
681,681,A,15.77,1134
682,682,B,10.71,1031
683,683,B,13.52,1006
684,684,B,15.44,1163
685,685,B,8.02,907
686,686,A,11.27,909
687,687,B,16.55,1130
688,688,A,16.94,1161
689,689,A,14.94,967
690,690,A,16.89,1096
691,691,A,12.2,903
692,692,reject,15.82,1136
693,693,C,8.45,1068
694,694,C,15.15,1022
695,695,C,15.18,973
696,696,A,9.8,1012
697,697,A,11.83,915
698,698,A,16.09,944
699,699,B,11.0,918
700,700,C,14.71,967
701,701,C,12.24,909
702,702,B,17.54,1040
703,703,B,9.61,1101
704,704,B,9.34,1063
705,705,C,11.64,1024
706,706,C,8.4,956
707,707,A,16.06,1021
708,708,B,11.75,932
709,709,B,16.71,957
710,710,B,10.3,1098
711,711,B,16.05,933
712,712,A,10.38,1165
713,713,A,17.74,904
714,714,A,15.73,904
715,715,A,12.5,942
716,716,A,12.97,974
717,717,B,11.33,1097
718,718,A,17.86,1099
719,719,A,12.22,1142
720,720,A,13.59,1117
721,721,B,9.42,1161
722,722,A,10.54,944
723,723,C,10.57,953
724,724,B,17.6,968
725,725,C,13.54,1153
726,726,C,11.91,1170
727,727,C,8.83,1148
728,728,reject,16.66,928
729,729,A,10.09,1184
730,730,B,13.01,906
731,731,A,13.03,921
732,732,C,13.11,1056
733,733,A,10.85,1165
734,734,B,15.55,1199
735,735,A,8.22,915
736,736,A,8.05,911
737,737,B,9.81,1113
738,738,B,17.27,1005
739,739,A,8.9,961
740,740,B,11.59,1101
741,741,A,9.23,984
742,742,B,14.56,1094
743,743,C,9.33,988
744,744,A,12.58,1157
745,745,C,15.63,954
746,746,A,16.04,961
747,747,A,8.91,910
748,748,B,13.05,1047
749,749,C,17.7,1156
750,750,A,15.66,1000
751,751,C,17.97,1082
752,752,B,9.0,1015
753,753,A,16.5,1136
754,754,C,10.67,1110
755,755,B,12.13,1013
756,756,A,17.9,912
757,757,B,8.88,1196
758,758,B,9.74,1145
759,759,reject,10.93,1078
760,760,A,16.92,1004
761,761,A,9.4,905
762,762,B,12.83,1170
763,763,A,10.83,1055
764,764,B,10.7,981
765,765,A,17.63,1161
766,766,B,9.56,1173
767,767,C,12.23,1103
768,768,A,15.11,1029
769,769,A,15.53,956
770,770,A,9.88,1119
771,771,B,11.66,955
772,772,C,8.32,907
773,773,C,14.34,1144
774,774,C,16.24,1172
775,775,A,17.29,978
776,776,A,14.36,1036
777,777,B,15.71,1198
778,778,B,10.38,1026
779,779,B,12.74,913
780,780,A,15.96,1098
781,781,A,17.17,1088
782,782,B,16.21,1016
783,783,B,9.22,1152
784,784,A,10.55,1025
785,785,B,17.9,1172
786,786,B,13.8,994
787,787,A,12.85,1163
788,788,A,10.45,1131
789,789,B,9.0,972
790,790,A,10.62,1162
791,791,A,10.42,978
792,792,B,17.57,1070
793,793,C,16.95,1036
794,794,A,14.88,1055
795,795,B,9.24,1167
796,796,B,16.39,1106
797,797,reject,15.29,1200
798,798,B,10.6,940
799,799,reject,17.37,1077
800,800,C,12.12,950
801,801,B,17.78,1022
802,802,B,12.09,902
803,803,C,11.65,1103
804,804,C,14.02,1121
805,805,A,13.98,1160
806,806,B,10.43,1043
807,807,A,8.69,1062
808,808,C,10.25,907
809,809,B,15.7,1016
810,810,A,11.47,1044
811,811,B,17.03,1099
812,812,A,11.12,992
813,813,C,14.93,901
814,814,B,12.02,1119
815,815,A,15.95,1185
816,816,C,11.57,1014
817,817,A,11.54,969
818,818,B,14.96,1020
819,819,A,16.91,1153
820,820,reject,11.03,1016
821,821,B,17.05,1100
822,822,A,13.76,1183
823,823,A,17.72,949
824,824,B,15.26,1109
825,825,C,17.13,1054
826,826,C,8.08,984
827,827,C,12.49,1045
828,828,B,12.86,945
829,829,A,16.48,1174
830,830,A,14.03,1166
831,831,B,12.37,1052
832,832,B,14.84,1110
833,833,A,14.78,942
834,834,B,10.81,1033
835,835,B,10.49,1143
836,836,A,15.81,1042
837,837,A,16.77,1011
838,838,C,16.75,1082
839,839,B,10.21,1143
840,840,reject,16.85,1016
841,841,C,13.49,1104
842,842,A,9.09,1181
843,843,A,10.01,1162
844,844,B,15.35,993
845,845,B,12.53,1074
846,846,C,10.41,911
847,847,A,17.68,1133
848,848,C,15.18,1193
849,849,A,16.7,984
850,850,B,12.15,1069
851,851,B,16.06,1072
852,852,A,12.06,947
853,853,C,8.74,1117
854,854,A,11.75,1059
855,855,A,17.82,1052
856,856,A,8.81,1041
857,857,C,17.05,981
858,858,A,15.98,1015
859,859,B,12.06,905
860,860,C,14.24,1164
861,861,B,16.47,1177
862,862,C,10.32,1052
863,863,B,14.72,970
864,864,C,17.15,1006
865,865,C,14.48,1044
866,866,C,14.34,977
867,867,A,16.31,1100
868,868,reject,9.85,911
869,869,B,13.7,969
870,870,C,17.77,1174
871,871,A,17.15,914
872,872,B,17.33,1039
873,873,C,9.31,927
874,874,B,16.29,1079
875,875,A,11.93,1062
876,876,reject,13.07,1010
877,877,B,15.33,1200
878,878,reject,13.92,977
879,879,A,9.26,1199
880,880,B,10.75,933
881,881,B,11.85,931
882,882,A,11.58,960
883,883,A,8.82,1184
884,884,A,10.63,1080
885,885,A,16.19,1139
886,886,A,9.54,1153
887,887,A,16.93,908
888,888,B,11.63,1148
889,889,A,15.63,1172
890,890,C,12.6,1101
891,891,B,13.54,904
892,892,reject,10.77,1180
893,893,B,9.17,939
894,894,C,9.93,935
895,895,B,12.15,1177
896,896,A,13.48,987
897,897,B,13.45,903
898,898,B,12.59,1121
899,899,B,15.49,1132
900,900,B,11.78,941
901,901,B,17.34,991
902,902,B,15.99,1049
903,903,B,15.58,1140
904,904,B,8.93,907
905,905,A,10.79,1090
906,906,B,10.59,1118
907,907,A,17.81,1069
908,908,A,10.68,967
909,909,A,8.53,1046
910,910,B,12.82,994
911,911,A,14.55,1086
912,912,A,10.01,922
913,913,B,15.84,915
914,914,reject,9.36,999
915,915,A,12.64,1160
916,916,C,16.43,1043
917,917,A,9.86,1130
918,918,A,14.67,911
919,919,A,9.69,1029
920,920,C,10.03,1013
921,921,A,12.02,902
922,922,C,13.48,1162
923,923,C,12.94,1089
924,924,A,14.69,1081
925,925,B,16.58,1178
926,926,C,13.46,1082
927,927,A,11.48,1120
928,928,C,12.11,1038
929,929,B,14.4,1071
930,930,B,12.1,977
931,931,A,8.47,1095
932,932,reject,8.28,1132
933,933,A,14.72,920
934,934,B,16.97,1153
935,935,B,15.62,1162
936,936,C,9.57,1058
937,937,A,17.8,1064
938,938,reject,10.28,1190
939,939,B,14.89,940
940,940,B,11.94,1107
941,941,A,10.52,1191
942,942,C,13.54,1028
943,943,C,15.94,1101
944,944,C,8.07,1137
945,945,A,10.45,1076
946,946,B,16.52,1058
947,947,A,17.76,1016
948,948,A,14.08,1096
949,949,A,9.6,986
950,950,B,16.08,1067
951,951,B,15.37,973
952,952,C,10.22,945
953,953,B,17.71,1160
954,954,A,10.73,980
955,955,A,14.59,933
956,956,C,10.03,1097
957,957,A,17.93,1169
958,958,B,10.73,927
959,959,A,10.52,1006
960,960,B,10.93,999
961,961,B,13.19,960
962,962,C,9.35,1001
963,963,A,11.49,904
964,964,A,14.45,1106
965,965,B,17.12,1117
966,966,A,12.08,1163
967,967,C,12.83,1076
968,968,C,16.59,1196
969,969,A,12.11,977
970,970,A,17.95,1147
971,971,A,9.14,1166
972,972,B,17.07,1063
973,973,A,9.68,1192
974,974,B,9.47,981
975,975,reject,8.61,998
976,976,B,16.3,1047
977,977,C,13.65,1005
978,978,A,9.82,908
979,979,B,13.91,994
980,980,B,13.75,1083
981,981,B,8.35,1095
982,982,A,15.95,1051
983,983,A,10.15,999
984,984,C,11.3,1157
985,985,B,8.03,1089
986,986,reject,15.74,1099
987,987,B,11.94,1166
988,988,B,17.37,1133
989,989,B,17.08,965
990,990,B,9.34,963
991,991,A,12.19,1068
992,992,A,14.05,1171
993,993,A,8.04,937
994,994,B,9.32,959
995,995,C,9.64,986
996,996,A,10.82,979
997,997,A,14.92,960
998,998,B,9.7,1189
999,999,C,9.14,961
1000,1000,A,15.6,924
1001,1001,B,16.78,947
1002,1002,B,17.18,935
1003,1003,C,9.33,935
1004,1004,B,9.87,1102
1005,1005,A,15.79,1198
1006,1006,B,11.45,1045
1007,1007,B,11.05,1144
1008,1008,C,16.51,1144
1009,1009,A,14.17,922
1010,1010,B,13.54,1181
1011,1011,C,16.17,1055
1012,1012,A,13.08,1060
1013,1013,A,13.47,1085
1014,1014,C,11.3,985
1015,1015,A,12.35,1026
1016,1016,A,14.43,995
1017,1017,A,16.96,1190
1018,1018,C,11.37,1054
1019,1019,A,17.34,1090
1020,1020,C,14.26,1031
1021,1021,C,10.32,1035
1022,1022,A,13.2,1056
1023,1023,C,14.58,1099
1024,1024,B,11.99,1042
1025,1025,C,12.67,953
1026,1026,A,11.74,1073
1027,1027,A,13.83,1055
1028,1028,C,9.45,948
1029,1029,B,16.58,1144
1030,1030,A,12.76,1095
1031,1031,A,9.41,1005
1032,1032,B,16.78,941
1033,1033,C,9.65,1055
1034,1034,B,8.05,1097
1035,1035,A,14.2,953
1036,1036,B,10.04,1185
1037,1037,B,12.28,1112
1038,1038,B,15.71,927
1039,1039,reject,14.43,971
1040,1040,C,14.17,1061
1041,1041,A,12.55,1174
1042,1042,A,11.13,1100
1043,1043,B,17.82,990
1044,1044,A,12.43,1132
1045,1045,C,13.92,930
1046,1046,C,16.24,928
1047,1047,A,8.86,1120
1048,1048,A,10.85,1051
1049,1049,B,11.45,968
1050,1050,reject,8.43,1080
1051,1051,C,16.01,965
1052,1052,A,10.8,930
1053,1053,A,15.33,1074
1054,1054,C,12.72,905
1055,1055,A,11.93,1012
1056,1056,B,9.17,903
1057,1057,C,15.62,969
1058,1058,C,15.25,1008
1059,1059,C,13.1,991
1060,1060,A,16.37,905
1061,1061,B,12.12,947
1062,1062,A,8.82,1077
1063,1063,B,15.2,1162
1064,1064,A,15.92,932
1065,1065,C,17.51,1056
1066,1066,A,9.4,966
1067,1067,A,10.86,1168
1068,1068,A,8.84,1143
1069,1069,C,12.12,960
1070,1070,C,9.3,1007
1071,1071,C,8.58,1035
1072,1072,B,9.71,1084
1073,1073,B,12.93,1012
1074,1074,B,11.35,952
1075,1075,A,15.09,943
1076,1076,C,13.66,1074
1077,1077,A,9.4,1044
1078,1078,A,17.5,911
1079,1079,A,13.73,1036
1080,1080,A,9.55,1026
1081,1081,B,12.84,1090
1082,1082,C,11.37,1161
1083,1083,A,8.95,1041
1084,1084,B,14.74,1181
1085,1085,A,15.83,925
1086,1086,C,12.0,1111
1087,1087,A,16.82,968
1088,1088,A,9.27,948
1089,1089,B,12.05,1061
1090,1090,A,16.08,1179
1091,1091,A,10.55,989
1092,1092,B,17.71,935
1093,1093,C,13.4,934
1094,1094,A,17.09,1131
1095,1095,B,11.96,1001
1096,1096,B,14.12,960
1097,1097,B,12.47,1074
1098,1098,A,13.55,1102
1099,1099,A,8.52,1007
1100,1100,B,10.18,984
1101,1101,A,9.89,1125
1102,1102,B,14.04,1075
1103,1103,B,14.87,948
1104,1104,A,9.66,911
1105,1105,B,10.67,1141
1106,1106,A,11.6,917
1107,1107,B,8.47,1091
1108,1108,B,15.47,1005
1109,1109,B,17.43,1023
1110,1110,A,11.06,1004
1111,1111,B,11.39,1191
1112,1112,C,12.42,902
1113,1113,C,11.78,1003
1114,1114,A,8.14,916
1115,1115,A,16.25,984
1116,1116,A,9.72,1177
1117,1117,reject,16.4,909
1118,1118,B,8.2,981
1119,1119,A,17.5,1191
1120,1120,B,13.52,1037
1121,1121,B,9.94,1079
1122,1122,C,16.28,952
1123,1123,B,9.42,958
1124,1124,A,11.15,1118
1125,1125,A,9.19,1182
1126,1126,B,9.73,1185
1127,1127,B,16.41,983
1128,1128,A,14.72,1021
1129,1129,A,15.23,1157
1130,1130,B,16.2,1112
1131,1131,B,10.17,1021
1132,1132,A,16.52,951
1133,1133,B,11.4,968
1134,1134,C,8.83,1150
1135,1135,C,9.18,1017
1136,1136,B,15.76,1127
1137,1137,C,16.38,1028
1138,1138,B,11.36,1197
1139,1139,B,16.59,1023
1140,1140,B,14.67,971
1141,1141,B,14.8,997
1142,1142,C,10.7,1190
1143,1143,B,11.11,1035
1144,1144,reject,14.79,1018
1145,1145,reject,15.28,986
1146,1146,A,13.94,1031
1147,1147,A,12.25,909
1148,1148,B,16.01,928
1149,1149,B,15.39,944
1150,1150,C,10.48,1090
1151,1151,C,8.57,912
1152,1152,A,11.17,1045
1153,1153,A,9.85,925
1154,1154,B,10.65,1124
1155,1155,A,17.63,1000
1156,1156,B,17.28,1098
1157,1157,A,15.5,1108
1158,1158,A,13.0,996
1159,1159,A,8.58,1167
1160,1160,A,14.26,1061
1161,1161,A,10.02,1026
1162,1162,A,8.04,906
1163,1163,A,9.4,985
1164,1164,A,17.54,977
1165,1165,A,13.15,1197
1166,1166,B,14.02,1087
1167,1167,B,12.79,1068
1168,1168,B,16.28,1076
1169,1169,reject,16.17,1134
1170,1170,A,11.92,1170
1171,1171,C,8.32,935
1172,1172,B,12.81,915
1173,1173,B,8.83,1072
1174,1174,reject,14.03,1110
1175,1175,B,11.24,1136
1176,1176,A,9.46,1034
1177,1177,A,14.42,912
1178,1178,B,8.04,1198
1179,1179,A,9.92,1189
1180,1180,B,17.24,958
1181,1181,B,8.23,1099
1182,1182,A,17.65,1073
1183,1183,A,13.19,923
1184,1184,B,8.11,1054
1185,1185,A,15.78,939
1186,1186,A,16.91,1193
1187,1187,A,9.9,924
1188,1188,B,13.47,1055
1189,1189,A,9.34,1066
1190,1190,C,17.49,1050
1191,1191,B,15.89,1174
1192,1192,B,12.71,1121
1193,1193,B,14.85,1068
1194,1194,C,9.8,1103
1195,1195,B,8.93,1003
1196,1196,B,10.61,1152
1197,1197,C,16.87,904
1198,1198,B,13.94,955
1199,1199,B,8.15,940
1200,1200,B,13.33,1010
1201,1201,C,16.59,906
1202,1202,B,11.34,1029
1203,1203,C,9.52,1142
1204,1204,C,14.9,1044
1205,1205,A,9.12,950
1206,1206,B,16.72,1143
1207,1207,C,8.26,1145
1208,1208,A,15.16,1090
1209,1209,A,13.36,930
1210,1210,B,15.47,935
1211,1211,A,14.09,1052
1212,1212,A,14.02,902
1213,1213,A,13.85,990
1214,1214,A,8.92,1004
1215,1215,A,13.78,964
1216,1216,reject,15.04,1138
1217,1217,B,15.46,1141
1218,1218,A,8.49,921
1219,1219,B,12.3,1076
1220,1220,B,16.6,1049
1221,1221,reject,8.74,1059
1222,1222,B,10.76,974
1223,1223,A,9.33,1004
1224,1224,B,14.17,1178
1225,1225,B,10.19,1022
1226,1226,B,9.85,1127
1227,1227,B,8.71,1140
1228,1228,A,14.39,1032
1229,1229,A,10.42,1165
1230,1230,B,10.06,1013
1231,1231,reject,17.09,1021
1232,1232,C,17.98,1038
1233,1233,B,9.49,958
1234,1234,C,14.15,1121
1235,1235,reject,16.37,957
1236,1236,A,10.67,1199
1237,1237,A,8.43,945
1238,1238,B,14.52,1148
1239,1239,A,13.51,1129
1240,1240,C,12.48,1169
1241,1241,reject,10.5,921
1242,1242,A,10.27,1178
1243,1243,A,13.27,929
1244,1244,B,10.59,908
1245,1245,A,15.83,1031
1246,1246,A,8.73,918
1247,1247,A,8.4,1174
1248,1248,B,8.65,962
1249,1249,A,16.39,1132
1250,1250,A,15.68,1132
1251,1251,A,10.77,1068
1252,1252,C,11.57,1093
1253,1253,C,13.41,1169
1254,1254,B,16.02,1061
1255,1255,A,15.39,1098
1256,1256,C,13.04,989
1257,1257,B,13.49,949
1258,1258,A,10.26,1133
1259,1259,A,15.2,1125
1260,1260,C,17.03,998
1261,1261,B,8.31,992
1262,1262,A,12.56,956
1263,1263,A,9.79,1067
1264,1264,C,17.0,1149
1265,1265,B,10.61,1065
1266,1266,B,17.83,1127
1267,1267,A,15.48,1041
1268,1268,C,13.57,1180
1269,1269,B,12.27,1117
1270,1270,A,16.07,1155
1271,1271,A,17.56,1011
1272,1272,B,10.56,1135
1273,1273,B,13.75,1122
1274,1274,B,16.07,1189
1275,1275,B,8.42,1139
1276,1276,B,16.55,1020
1277,1277,A,15.06,951
1278,1278,A,13.26,1095
1279,1279,B,9.56,1171
1280,1280,C,9.1,1019
1281,1281,B,8.18,1034
1282,1282,A,11.64,970
1283,1283,B,16.44,996
1284,1284,B,16.38,979
1285,1285,B,16.02,1040
1286,1286,C,16.24,998
1287,1287,B,8.44,941
1288,1288,A,15.02,916
1289,1289,B,16.97,1155
1290,1290,C,12.54,1052
1291,1291,A,8.3,961
1292,1292,A,14.36,1024
1293,1293,B,16.28,1011
1294,1294,C,13.58,1022
1295,1295,B,14.81,1056
1296,1296,B,13.34,1117
1297,1297,A,12.31,916
1298,1298,C,10.51,1156
1299,1299,A,16.72,1064
1300,1300,C,8.47,914
1301,1301,B,10.02,1073
1302,1302,C,9.4,1172
1303,1303,C,12.0,906
1304,1304,B,8.37,1174
1305,1305,A,8.83,969
1306,1306,A,10.52,934
1307,1307,B,10.68,1068
1308,1308,A,16.6,1059
1309,1309,A,15.02,1046
1310,1310,B,12.14,1188
1311,1311,B,11.38,1200
1312,1312,B,17.96,1173
1313,1313,reject,16.41,977
1314,1314,B,14.92,1189
1315,1315,C,12.64,1002
1316,1316,B,15.55,1196
1317,1317,B,11.48,1186
1318,1318,C,17.13,1050
1319,1319,A,12.24,922
1320,1320,B,10.34,1018
1321,1321,A,15.19,1073
1322,1322,reject,10.81,1178
1323,1323,A,14.89,1087
1324,1324,B,10.52,1077
1325,1325,C,8.14,1128
1326,1326,A,14.7,978
1327,1327,A,17.46,1138
1328,1328,B,13.73,1092
1329,1329,B,13.92,909
1330,1330,B,14.64,920
1331,1331,B,13.93,961
1332,1332,B,8.12,1112
1333,1333,A,13.22,928
1334,1334,A,13.2,1134
1335,1335,reject,15.2,1196
1336,1336,reject,16.94,918
1337,1337,A,16.22,1165
1338,1338,A,14.97,1188
1339,1339,C,14.78,1119
1340,1340,A,8.6,1062
1341,1341,B,16.34,984
1342,1342,B,10.14,1114
1343,1343,C,14.87,913
1344,1344,C,14.07,1090
1345,1345,A,8.62,1016
1346,1346,A,9.94,998
1347,1347,A,17.81,966
1348,1348,B,11.8,1177
1349,1349,reject,13.6,1102
1350,1350,B,16.94,1103
1351,1351,B,11.1,1071
1352,1352,A,17.27,1036
1353,1353,A,14.47,946
1354,1354,A,8.33,1111
1355,1355,A,12.61,977
1356,1356,B,16.56,1115
1357,1357,C,13.71,1129
1358,1358,C,12.19,1089
1359,1359,reject,14.53,914
1360,1360,B,12.67,915
1361,1361,B,12.87,1008
1362,1362,reject,17.61,913
1363,1363,A,17.9,1197
1364,1364,reject,17.5,1050
1365,1365,A,14.29,947
1366,1366,reject,12.88,1111
1367,1367,B,16.36,1128
1368,1368,A,9.87,1193
1369,1369,C,14.41,946
1370,1370,reject,17.87,908
1371,1371,C,10.86,953
1372,1372,C,12.44,1167
1373,1373,A,17.44,970
1374,1374,B,8.13,966
1375,1375,B,9.48,1195
1376,1376,C,12.03,1037
1377,1377,A,14.78,1112
1378,1378,C,13.9,1033
1379,1379,A,17.12,1029
1380,1380,A,15.26,1174
1381,1381,B,13.21,1143
1382,1382,B,8.77,1111
1383,1383,B,9.82,984
1384,1384,A,12.18,1129
1385,1385,A,10.6,957
1386,1386,C,8.85,1090
1387,1387,C,13.1,1084
1388,1388,B,15.4,904
1389,1389,A,12.91,1078
1390,1390,A,10.52,910
1391,1391,C,8.65,909
1392,1392,reject,8.0,1180
1393,1393,reject,8.55,945
1394,1394,A,8.38,919
1395,1395,A,15.84,1192
1396,1396,B,16.61,982
1397,1397,A,15.73,1060
1398,1398,B,17.46,942
1399,1399,A,15.93,960
1400,1400,A,16.31,1180
1401,1401,A,12.27,1139
1402,1402,A,16.5,1098
1403,1403,C,16.46,943
1404,1404,A,11.61,1124
1405,1405,B,14.19,1200
1406,1406,A,15.65,912
1407,1407,C,13.63,927
1408,1408,A,14.58,1134
1409,1409,A,9.72,1074
1410,1410,C,15.19,1030
1411,1411,C,12.4,948
1412,1412,C,14.36,1005
1413,1413,C,14.19,1126
1414,1414,C,14.55,971
1415,1415,A,11.2,1192
1416,1416,A,15.52,1127
1417,1417,B,16.09,1071
1418,1418,A,16.22,1063
1419,1419,A,12.44,1105
1420,1420,B,16.23,1117
1421,1421,B,12.69,1097
1422,1422,B,9.4,909
1423,1423,A,17.41,1161
1424,1424,C,11.77,977
1425,1425,C,8.76,1031
1426,1426,C,8.71,981
1427,1427,B,16.73,1099
1428,1428,A,10.7,1156
1429,1429,C,15.32,1095
1430,1430,A,9.71,1019
1431,1431,C,10.61,1133
1432,1432,B,10.58,1181
1433,1433,A,8.65,1182
1434,1434,C,14.6,906
1435,1435,A,9.48,1015
1436,1436,A,11.08,984
1437,1437,B,14.61,1008
1438,1438,C,16.54,1085
1439,1439,A,13.4,1124
1440,1440,A,17.92,1176
1441,1441,reject,16.87,1087
1442,1442,B,16.22,1001
1443,1443,B,9.65,983
1444,1444,B,17.14,1188
1445,1445,B,17.34,927
1446,1446,reject,11.6,1169
1447,1447,B,15.85,931
1448,1448,C,9.38,1076
1449,1449,C,8.99,1114
1450,1450,A,10.68,939
1451,1451,B,12.51,1152
1452,1452,B,12.17,1060
1453,1453,C,10.68,1179
1454,1454,C,9.63,1118
1455,1455,A,13.15,1015
1456,1456,A,14.14,1003
1457,1457,A,10.72,1057
1458,1458,C,10.82,967
1459,1459,B,14.99,949
1460,1460,A,13.55,925
1461,1461,B,15.41,1075
1462,1462,A,9.55,1042
1463,1463,B,16.18,1130
1464,1464,B,17.13,1008
1465,1465,A,12.47,922
1466,1466,B,16.44,1071
1467,1467,B,9.76,1073
1468,1468,B,12.11,986
1469,1469,reject,9.15,1045
1470,1470,A,9.33,911
1471,1471,C,10.14,1162
1472,1472,B,9.61,1024
1473,1473,B,15.14,993
1474,1474,C,14.42,1112
1475,1475,C,11.52,1200
1476,1476,B,17.02,1070
1477,1477,A,16.12,1089
1478,1478,C,9.66,1039
1479,1479,C,10.97,1026
1480,1480,A,16.07,1149
1481,1481,reject,14.12,1012
1482,1482,C,10.65,926
1483,1483,C,10.15,1037
1484,1484,C,9.63,954
1485,1485,C,12.19,1052
1486,1486,C,13.81,1003
1487,1487,reject,12.33,921
1488,1488,C,9.71,986
1489,1489,A,8.91,1083
1490,1490,A,17.26,1198
1491,1491,B,13.58,1123
1492,1492,B,13.3,1187
1493,1493,C,14.69,949
1494,1494,C,15.79,923
1495,1495,A,15.24,1056
1496,1496,B,14.86,1076
1497,1497,A,8.7,946
1498,1498,A,10.41,1188
1499,1499,B,17.79,1178
1500,1500,B,14.63,1080
1501,1501,B,9.31,994
1502,1502,B,17.41,1127
1503,1503,B,10.59,948
1504,1504,A,17.56,984
1505,1505,A,9.32,1174
1506,1506,B,15.96,1130
1507,1507,A,10.59,1054
1508,1508,B,17.55,1024
1509,1509,A,11.19,1159
1510,1510,C,17.67,1192
1511,1511,C,9.28,1097
1512,1512,A,13.39,1181
1513,1513,B,17.27,1093
1514,1514,C,9.46,906
1515,1515,C,11.52,1119
1516,1516,A,11.48,989
1517,1517,A,17.94,1195
1518,1518,C,11.56,1169
1519,1519,B,8.33,1055
1520,1520,C,14.99,1198
1521,1521,A,13.58,1040
1522,1522,C,12.18,1024
1523,1523,A,17.44,1075
1524,1524,reject,17.21,997
1525,1525,A,15.7,950
1526,1526,B,10.39,1108
1527,1527,A,9.61,1127
1528,1528,A,17.82,961
1529,1529,C,8.43,1144
1530,1530,A,13.03,1150
1531,1531,B,15.91,1194
1532,1532,A,13.58,1114
1533,1533,B,13.05,907
1534,1534,B,13.96,1064
1535,1535,B,8.88,924
1536,1536,C,9.63,1163
1537,1537,A,15.22,1113
1538,1538,A,12.41,967
1539,1539,B,17.78,1019
1540,1540,C,14.75,1014
1541,1541,B,9.56,1076
1542,1542,A,14.56,1074
1543,1543,C,17.43,1153
1544,1544,A,10.5,986
1545,1545,A,13.31,1036
1546,1546,B,13.94,918
1547,1547,C,12.17,1055
1548,1548,B,10.2,1051
1549,1549,C,8.54,1162
1550,1550,reject,12.06,944
1551,1551,A,11.69,1198
1552,1552,C,15.54,903
1553,1553,C,10.34,991
1554,1554,C,17.72,945
1555,1555,A,17.95,950
1556,1556,B,13.46,952
1557,1557,A,12.55,972
1558,1558,A,12.51,1189
1559,1559,A,15.45,1011
1560,1560,B,15.76,980
1561,1561,C,13.12,929
1562,1562,A,10.28,1027
1563,1563,C,9.66,1155
1564,1564,A,17.82,1017
1565,1565,A,9.63,973
1566,1566,C,10.04,1017
1567,1567,A,15.26,1088
1568,1568,B,9.31,1011
1569,1569,A,15.64,1055
1570,1570,B,8.56,969
1571,1571,A,14.26,1006
1572,1572,B,11.9,1174
1573,1573,A,8.72,978
1574,1574,reject,14.34,1194
1575,1575,B,16.24,958
1576,1576,C,12.63,1113
1577,1577,A,16.34,989
1578,1578,B,13.17,1148
1579,1579,A,8.75,1184
1580,1580,B,11.48,1200
1581,1581,A,11.8,968
1582,1582,B,14.9,938
1583,1583,A,8.1,1091
1584,1584,reject,10.22,1145
1585,1585,A,9.67,921
1586,1586,A,9.56,1041
1587,1587,A,14.56,945
1588,1588,A,12.92,903
1589,1589,B,17.57,1042
1590,1590,reject,8.8,1095
1591,1591,reject,15.56,1067
1592,1592,C,13.02,1183
1593,1593,A,16.25,1066
1594,1594,A,16.91,954
1595,1595,A,13.03,1057
1596,1596,B,8.08,1146
1597,1597,A,14.79,1058
1598,1598,A,8.22,970
1599,1599,A,11.51,1059
1600,1600,A,12.25,1096
1601,1601,reject,15.63,1096
1602,1602,A,17.08,1175
1603,1603,A,9.15,1022
1604,1604,reject,10.27,947
1605,1605,A,14.75,1086
1606,1606,A,8.83,1014
1607,1607,A,10.6,1014
1608,1608,B,13.21,1130
1609,1609,B,15.54,1110
1610,1610,C,9.7,1181
1611,1611,A,16.2,946
1612,1612,A,14.08,991
1613,1613,A,8.69,998
1614,1614,A,9.68,917
1615,1615,A,15.74,1157
1616,1616,A,15.41,1048
1617,1617,B,14.39,939
1618,1618,C,16.17,964
1619,1619,A,16.32,1088
1620,1620,B,14.54,1105
1621,1621,B,13.69,1106
1622,1622,A,12.86,1133
1623,1623,reject,17.46,915
1624,1624,B,12.77,946
1625,1625,A,17.54,1123
1626,1626,B,17.79,1022
1627,1627,B,11.47,1042
1628,1628,C,8.91,1090
1629,1629,A,11.0,907
1630,1630,A,12.38,1066
1631,1631,B,12.61,1130
1632,1632,B,12.76,992
1633,1633,A,16.48,1104
1634,1634,B,12.2,977
1635,1635,A,17.37,1200
1636,1636,reject,16.95,1020
1637,1637,B,8.05,1155
1638,1638,C,16.46,1042
1639,1639,C,16.44,1081
1640,1640,C,15.12,1008
1641,1641,B,15.53,904
1642,1642,B,12.17,1061
1643,1643,B,17.62,1132
1644,1644,A,12.97,1180
1645,1645,A,14.17,1199
1646,1646,C,10.46,935
1647,1647,B,10.08,996
1648,1648,B,11.69,1066
1649,1649,A,9.04,949
1650,1650,A,15.93,1112
1651,1651,B,14.16,1151
1652,1652,B,16.57,1120
1653,1653,A,14.25,960
1654,1654,C,16.7,1062
1655,1655,B,15.68,1098
1656,1656,C,11.25,967
1657,1657,C,15.7,1083
1658,1658,A,9.8,1189
1659,1659,A,13.86,1116
1660,1660,B,13.8,1045
1661,1661,A,15.78,1002
1662,1662,B,13.19,906
1663,1663,B,11.38,1113
1664,1664,B,12.77,961
1665,1665,B,16.24,1014
1666,1666,A,17.99,1163
1667,1667,B,9.92,1061
1668,1668,A,11.74,953
1669,1669,C,15.24,1180
1670,1670,A,13.8,1146
1671,1671,C,16.46,938
1672,1672,A,16.1,996
1673,1673,A,17.04,1094
1674,1674,B,10.43,1040
1675,1675,A,17.71,959
1676,1676,B,12.62,1023
1677,1677,A,9.9,1107
1678,1678,B,10.91,1169
1679,1679,B,17.64,1133
1680,1680,A,14.18,974
1681,1681,A,8.75,971
1682,1682,A,12.31,947
1683,1683,A,11.13,1004
1684,1684,B,11.11,1060
1685,1685,A,17.78,982
1686,1686,C,13.29,998
1687,1687,B,12.03,1075
1688,1688,A,9.59,978
1689,1689,B,8.74,1150
1690,1690,A,9.58,942
1691,1691,B,14.19,1022
1692,1692,A,10.17,1182
1693,1693,C,17.53,1194
1694,1694,B,15.34,1085
1695,1695,A,13.42,1022
1696,1696,A,13.81,944
1697,1697,A,15.08,1032
1698,1698,C,17.73,1198
1699,1699,B,12.42,1164
1700,1700,A,8.32,1095
1701,1701,C,9.15,940
1702,1702,C,13.6,983
1703,1703,A,10.72,1096
1704,1704,B,9.87,979
1705,1705,C,9.27,1084
1706,1706,B,10.46,1045
1707,1707,A,15.14,989
1708,1708,A,14.23,1065
1709,1709,C,13.41,1158
1710,1710,B,16.44,911
1711,1711,A,16.47,1029
1712,1712,C,11.45,993
1713,1713,B,10.02,915
1714,1714,A,10.78,1168
1715,1715,A,14.16,1070
1716,1716,C,14.59,1147
1717,1717,C,15.57,968
1718,1718,C,11.55,1000
1719,1719,A,10.76,993
1720,1720,A,11.2,906
1721,1721,A,12.21,1072
1722,1722,B,9.81,1008
1723,1723,A,13.63,992
1724,1724,A,17.02,1010
1725,1725,B,8.62,1179
1726,1726,A,17.43,968
1727,1727,A,14.2,1055
1728,1728,B,11.19,972
1729,1729,A,8.14,1121
1730,1730,B,9.98,1190
1731,1731,B,11.53,955
1732,1732,B,10.6,1045
1733,1733,A,11.96,944
1734,1734,A,13.09,940
1735,1735,A,15.33,938
1736,1736,B,16.52,984
1737,1737,B,15.27,1030
1738,1738,B,9.94,1161
1739,1739,B,11.34,1105
1740,1740,A,14.39,1108
1741,1741,C,11.34,1043
1742,1742,B,9.04,972
1743,1743,B,17.16,913
1744,1744,A,13.92,1128
1745,1745,B,16.0,1026
1746,1746,A,8.88,1093
1747,1747,reject,14.52,1115
1748,1748,C,14.71,1166
1749,1749,C,15.48,1170
1750,1750,B,14.35,1149
1751,1751,reject,16.85,1086
1752,1752,A,10.9,1193
1753,1753,A,15.32,1101
1754,1754,A,9.77,978
1755,1755,B,8.62,1042
1756,1756,B,12.27,996
1757,1757,A,13.4,1089
1758,1758,C,11.62,905
1759,1759,B,10.1,1164
1760,1760,B,11.06,1009
1761,1761,A,8.36,1016
1762,1762,C,14.05,1083
1763,1763,B,14.4,936
1764,1764,B,14.57,922
1765,1765,A,15.92,1174
1766,1766,A,17.94,1160
1767,1767,B,12.25,932
1768,1768,B,8.91,1101
1769,1769,B,8.01,1051
1770,1770,B,16.55,1121
1771,1771,B,8.04,946
1772,1772,A,15.77,1158
1773,1773,B,10.45,1147
1774,1774,A,9.72,992
1775,1775,C,16.95,996
1776,1776,C,12.09,1119
1777,1777,A,17.13,1193
1778,1778,reject,11.33,1135
1779,1779,A,14.43,1186
1780,1780,B,13.63,1043
1781,1781,B,11.75,1110
1782,1782,A,16.19,982
1783,1783,C,17.43,1127
1784,1784,B,12.89,905
1785,1785,B,17.16,951
1786,1786,B,12.13,1110
1787,1787,A,13.04,1179
1788,1788,A,14.85,1126
1789,1789,A,15.39,1110
1790,1790,C,17.24,1071
1791,1791,A,12.53,1025
1792,1792,C,15.4,1026
1793,1793,A,11.11,969
1794,1794,B,14.24,1108
1795,1795,A,17.93,962
1796,1796,B,15.49,906
1797,1797,A,17.24,936
1798,1798,C,16.51,1157
1799,1799,A,14.47,1140
1800,1800,C,11.24,1031
1801,1801,reject,15.59,1172
1802,1802,A,15.27,989
1803,1803,C,16.45,1183
1804,1804,reject,14.92,906
1805,1805,A,14.52,943
1806,1806,B,13.09,987
1807,1807,A,17.45,1109
1808,1808,B,11.82,1130
1809,1809,A,14.44,1055
1810,1810,A,16.49,1009
1811,1811,A,13.81,972
1812,1812,A,17.34,1165
1813,1813,A,8.28,912
1814,1814,C,17.47,1120
1815,1815,B,9.77,966
1816,1816,C,15.7,1109
1817,1817,A,11.21,954
1818,1818,A,12.88,1132
1819,1819,A,13.19,947
1820,1820,A,10.37,1085
1821,1821,C,13.92,1099
1822,1822,A,11.53,979
1823,1823,A,10.95,1116
1824,1824,C,10.89,1101
1825,1825,B,10.71,1030
1826,1826,B,11.04,990
1827,1827,C,10.94,926
1828,1828,B,9.91,1063
1829,1829,B,14.64,1112
1830,1830,A,8.31,1135
1831,1831,A,9.64,1123
1832,1832,A,15.73,1034
1833,1833,B,15.47,1004
1834,1834,B,17.64,1026
1835,1835,B,16.29,1112
1836,1836,A,15.88,1040
1837,1837,B,8.77,1022
1838,1838,A,14.59,1145
1839,1839,C,14.66,929
1840,1840,C,12.55,971
1841,1841,A,12.11,920
1842,1842,B,15.22,1034
1843,1843,B,15.64,1166
1844,1844,B,15.08,1087
1845,1845,C,16.83,1009
1846,1846,A,17.49,1095
1847,1847,B,14.93,975
1848,1848,A,14.84,926
1849,1849,A,15.59,980
1850,1850,A,15.27,981
1851,1851,C,16.86,1073
1852,1852,A,9.17,979
1853,1853,B,11.81,978
1854,1854,B,16.08,932
1855,1855,C,11.72,1194
1856,1856,B,8.85,910
1857,1857,B,15.47,959
1858,1858,A,14.65,962
1859,1859,B,14.6,1035
1860,1860,A,12.17,1013
1861,1861,C,10.08,926
1862,1862,A,9.44,1016
1863,1863,B,17.31,1097
1864,1864,A,13.91,918
1865,1865,B,17.08,1043
1866,1866,C,17.6,913
1867,1867,B,12.89,973
1868,1868,B,15.41,937
1869,1869,A,17.47,930
1870,1870,A,9.59,1123
1871,1871,A,12.03,1025
1872,1872,A,14.13,921
1873,1873,A,16.07,939
1874,1874,A,10.5,1186
1875,1875,B,10.1,1192
1876,1876,B,9.3,1026
1877,1877,B,15.81,1069
1878,1878,A,11.14,1115
1879,1879,B,9.08,1101
1880,1880,A,17.29,1048
1881,1881,C,17.17,1162
1882,1882,C,10.06,1169
1883,1883,B,16.47,1093
1884,1884,A,11.11,985
1885,1885,reject,16.43,965
1886,1886,B,8.58,1025
1887,1887,B,17.23,1152
1888,1888,A,8.36,987
1889,1889,A,11.51,1160
1890,1890,B,13.58,1064
1891,1891,B,8.69,1169
1892,1892,C,14.46,973
1893,1893,B,15.05,1076
1894,1894,A,9.58,931
1895,1895,C,10.58,925
1896,1896,B,16.25,1180
1897,1897,C,16.01,958
1898,1898,B,10.46,1119
1899,1899,A,12.19,925
1900,1900,B,10.49,1040
1901,1901,C,15.88,970
1902,1902,A,8.47,1077
1903,1903,B,10.9,1019
1904,1904,A,15.04,1035
1905,1905,B,9.03,1029
1906,1906,A,17.28,1177
1907,1907,reject,15.16,999
1908,1908,B,14.08,997
1909,1909,B,13.01,973
1910,1910,B,11.12,1111
1911,1911,B,14.05,1101
1912,1912,C,10.47,1098
1913,1913,A,10.79,952
1914,1914,C,11.2,1112
1915,1915,A,13.77,937
1916,1916,A,11.64,1010
1917,1917,B,13.95,932
1918,1918,C,12.51,1051
1919,1919,C,8.28,1106
1920,1920,C,15.62,993
1921,1921,B,13.5,1038
1922,1922,A,15.77,1001
1923,1923,A,13.38,1135
1924,1924,A,15.38,903
1925,1925,B,14.33,1101
1926,1926,A,10.09,992
1927,1927,A,10.83,964
1928,1928,C,10.5,949
1929,1929,reject,13.24,1118
1930,1930,A,17.46,1023
1931,1931,B,17.12,1099
1932,1932,B,15.3,946
1933,1933,A,13.0,1186
1934,1934,A,9.56,1032
1935,1935,C,15.94,1135
1936,1936,B,13.28,1161
1937,1937,C,15.04,1102
1938,1938,C,16.64,1190
1939,1939,A,13.76,969
1940,1940,B,17.89,1097
1941,1941,B,8.03,919
1942,1942,A,12.37,946
1943,1943,B,13.03,987
1944,1944,B,15.81,989
1945,1945,C,11.7,1014
1946,1946,A,8.57,1079
1947,1947,B,13.17,1060
1948,1948,A,14.1,935
1949,1949,A,10.16,1052
1950,1950,A,15.76,1193
1951,1951,A,8.65,954
1952,1952,A,16.17,1134
1953,1953,A,12.63,1036
1954,1954,A,8.15,1013
1955,1955,C,13.93,953
1956,1956,B,11.96,1049
1957,1957,A,15.43,960
1958,1958,B,14.67,1141
1959,1959,A,12.23,1195
1960,1960,A,9.71,1093
1961,1961,C,12.47,987
1962,1962,C,11.76,1099
1963,1963,A,8.75,1185
1964,1964,B,12.92,1028
1965,1965,A,17.45,1001
1966,1966,C,16.55,1159
1967,1967,A,17.23,1121
1968,1968,A,14.84,971
1969,1969,A,17.81,966
1970,1970,reject,11.16,967
1971,1971,B,15.7,937
1972,1972,A,10.18,1008
1973,1973,C,8.63,1004
1974,1974,C,9.55,901
1975,1975,A,10.4,1034
1976,1976,B,11.53,1099
1977,1977,C,10.44,1105
1978,1978,A,13.5,1131
1979,1979,A,16.32,1093
1980,1980,B,9.33,1024
1981,1981,C,11.12,1111
1982,1982,A,15.89,1013
1983,1983,C,14.52,1006
1984,1984,B,16.49,979
1985,1985,A,17.91,1120
1986,1986,A,9.91,1187
1987,1987,A,14.04,1049
1988,1988,B,9.25,980
1989,1989,C,12.48,998
1990,1990,C,15.63,1033
1991,1991,C,16.88,1130
1992,1992,B,17.62,1119
1993,1993,A,9.65,980
1994,1994,A,13.49,1004
1995,1995,C,10.43,1063
1996,1996,A,15.54,984
1997,1997,B,9.23,905
1998,1998,reject,11.21,1083
1999,1999,B,8.27,1123
2000,2000,B,9.34,1193
2001,2001,reject,9.47,1120
2002,2002,A,9.68,1092
2003,2003,B,11.65,1061
2004,2004,reject,9.26,946
2005,2005,A,10.6,926
2006,2006,reject,8.81,1188
2007,2007,reject,8.71,1070
2008,2008,B,17.31,969
2009,2009,B,17.33,1052
2010,2010,B,16.75,1038
2011,2011,reject,14.37,1114
2012,2012,C,10.71,964
2013,2013,A,15.42,1189
2014,2014,B,10.43,918
2015,2015,A,11.49,1080
2016,2016,B,11.82,952
2017,2017,A,16.89,1014
2018,2018,C,13.34,1048
2019,2019,B,17.76,918
2020,2020,C,16.72,1140
2021,2021,A,15.04,934
2022,2022,A,13.45,1161
2023,2023,B,13.82,1136
2024,2024,A,11.12,1076
2025,2025,A,16.09,1054
2026,2026,A,16.5,915
2027,2027,C,14.93,1134
2028,2028,A,11.3,1093
2029,2029,B,9.37,1154
2030,2030,A,12.65,995
2031,2031,reject,16.0,1109
2032,2032,A,11.61,944
2033,2033,C,8.45,1084
2034,2034,A,14.73,1138
2035,2035,C,13.15,985
2036,2036,A,10.81,901
2037,2037,C,17.15,1024
2038,2038,B,10.88,1078
2039,2039,B,8.81,939
2040,2040,A,8.96,1178
2041,2041,B,16.37,1034
2042,2042,B,11.59,999
2043,2043,A,13.35,1133
2044,2044,B,14.45,1031
2045,2045,A,12.25,1062
2046,2046,C,11.31,1058
2047,2047,C,12.87,1088
2048,2048,C,9.41,918
2049,2049,reject,16.27,1046
2050,2050,C,9.46,1181
2051,2051,B,12.14,907
2052,2052,A,17.6,1184
2053,2053,A,13.65,1168
2054,2054,A,8.01,922
2055,2055,A,11.32,1184
2056,2056,B,13.0,1175
2057,2057,B,9.62,913
2058,2058,B,16.49,1025
2059,2059,B,11.87,1109
2060,2060,A,15.17,931
2061,2061,B,13.73,1057
2062,2062,C,15.43,973
2063,2063,C,16.87,1192
2064,2064,A,17.43,1080
2065,2065,A,10.77,1141
2066,2066,A,11.27,984
2067,2067,B,8.42,1093
2068,2068,C,13.82,1070
2069,2069,B,15.32,1084
2070,2070,reject,13.15,1156
2071,2071,A,11.0,1061
2072,2072,B,11.17,1013
2073,2073,B,10.62,1145
2074,2074,C,16.33,1148
2075,2075,B,15.1,922
2076,2076,A,10.97,1048
2077,2077,B,8.67,1059
2078,2078,A,13.25,951
2079,2079,A,9.11,1164
2080,2080,C,8.49,927
2081,2081,A,14.33,976
2082,2082,A,12.6,941
2083,2083,B,16.37,1185
2084,2084,A,17.52,1109
2085,2085,B,9.93,1197
2086,2086,B,9.86,1086
2087,2087,A,15.17,961
2088,2088,B,9.23,1083
2089,2089,A,8.49,1044
2090,2090,C,15.52,912
2091,2091,C,11.36,1143
2092,2092,B,17.89,1114
2093,2093,A,14.08,1049
2094,2094,A,17.78,1044
2095,2095,C,15.46,1135
2096,2096,A,13.23,1009
2097,2097,A,14.81,1170
2098,2098,B,13.49,1016
2099,2099,A,16.92,1069
2100,2100,B,8.0,1084
2101,2101,A,15.18,918
2102,2102,B,16.23,1156
2103,2103,C,17.52,1011
2104,2104,A,14.09,1138
2105,2105,B,14.31,1157
2106,2106,A,8.19,1036
2107,2107,A,17.77,1043
2108,2108,B,11.27,920
2109,2109,B,8.88,1000
2110,2110,reject,14.23,1173
2111,2111,C,14.34,1043
2112,2112,reject,14.27,959
2113,2113,B,9.2,1148
2114,2114,C,17.84,1094
2115,2115,A,10.55,1037
2116,2116,B,11.88,1047
2117,2117,C,16.73,1121
2118,2118,C,11.11,1024
2119,2119,B,10.14,955
2120,2120,A,8.96,1187
2121,2121,A,12.48,988
2122,2122,C,10.45,1046
2123,2123,A,17.07,1040
2124,2124,B,11.3,1048
2125,2125,A,9.25,965
2126,2126,A,8.82,1147
2127,2127,C,11.85,955
2128,2128,B,17.53,990
2129,2129,A,8.73,988
2130,2130,A,9.36,923
2131,2131,C,10.81,941
2132,2132,C,13.65,1119
2133,2133,A,11.02,1033
2134,2134,C,13.58,1107
2135,2135,B,15.57,1137
2136,2136,A,9.83,907
2137,2137,B,12.54,1026
2138,2138,B,9.84,1036
2139,2139,reject,8.49,1099
2140,2140,A,10.12,1198
2141,2141,C,8.82,1087
2142,2142,B,13.45,1025
2143,2143,B,15.99,1067
2144,2144,B,14.89,1134
2145,2145,reject,9.7,1088
2146,2146,A,12.87,985
2147,2147,C,12.44,989
2148,2148,A,10.15,1077
2149,2149,A,13.05,1115
2150,2150,B,11.65,934
2151,2151,B,11.18,1025
2152,2152,B,12.67,973
2153,2153,C,11.04,968
2154,2154,A,8.12,1094
2155,2155,B,16.45,1058
2156,2156,B,10.78,1163
2157,2157,A,15.89,990
2158,2158,C,9.63,1055
2159,2159,C,17.31,1012
2160,2160,A,15.87,1087
2161,2161,B,8.67,1118
2162,2162,C,8.85,907
2163,2163,A,12.27,901
2164,2164,reject,17.3,1170
2165,2165,A,8.36,1039
2166,2166,A,15.04,1052
2167,2167,B,16.4,1122
2168,2168,B,10.29,1189
2169,2169,A,10.1,1146
2170,2170,A,14.42,1088
2171,2171,A,9.74,1121
2172,2172,B,17.79,1017
2173,2173,B,11.53,1077
2174,2174,A,17.93,1184
2175,2175,A,12.47,1141
2176,2176,A,9.05,949
2177,2177,A,10.25,920
2178,2178,reject,11.66,1200
2179,2179,B,14.71,919
2180,2180,C,11.9,943
2181,2181,B,9.22,1192
2182,2182,C,8.62,1003
2183,2183,A,12.21,1165
2184,2184,reject,9.34,947
2185,2185,A,8.05,1078
2186,2186,C,9.7,1005
2187,2187,C,10.11,906
2188,2188,B,15.45,1024
2189,2189,A,17.95,921
2190,2190,reject,14.0,1042
2191,2191,B,8.94,1099
2192,2192,reject,14.56,1040
2193,2193,A,16.23,1077
2194,2194,A,15.95,1027
2195,2195,A,10.49,1024
2196,2196,A,9.71,1085
2197,2197,B,14.3,1087
2198,2198,C,15.63,955
2199,2199,A,8.93,1116
2200,2200,B,9.82,1148
2201,2201,B,12.03,1126
2202,2202,A,9.2,964
2203,2203,A,8.65,990
2204,2204,C,14.4,1193
2205,2205,A,17.83,988
2206,2206,A,13.33,936
2207,2207,reject,17.98,958
2208,2208,A,9.73,987
2209,2209,A,8.28,1005
2210,2210,A,11.91,1125
2211,2211,B,15.38,1010
2212,2212,B,8.64,1144
2213,2213,C,17.44,966
2214,2214,B,15.12,991
2215,2215,A,9.45,1138
2216,2216,A,10.25,994
2217,2217,B,14.53,943
2218,2218,C,13.81,1065
2219,2219,C,8.58,1046
2220,2220,B,9.03,1041
2221,2221,A,17.92,1001
2222,2222,C,11.91,1165
2223,2223,A,17.77,959
2224,2224,C,9.45,1100
2225,2225,A,10.7,1058
2226,2226,A,9.87,1106
2227,2227,reject,14.79,977
2228,2228,A,11.17,903
2229,2229,C,13.25,950
2230,2230,A,15.56,919
2231,2231,C,16.63,1104
2232,2232,B,10.39,1010
2233,2233,B,13.68,1129
2234,2234,B,9.29,940
2235,2235,A,14.38,967
2236,2236,A,17.06,1033
2237,2237,A,12.59,1197
2238,2238,A,17.86,930
2239,2239,A,17.93,997
2240,2240,B,9.97,1061
2241,2241,A,10.55,1086
2242,2242,A,13.58,932
2243,2243,A,10.82,1064
2244,2244,B,13.53,1137
2245,2245,A,9.51,949
2246,2246,A,15.83,1141
2247,2247,A,14.13,1120
2248,2248,A,9.89,1001
2249,2249,C,12.9,1103
2250,2250,B,13.5,1033
2251,2251,A,10.44,1002
2252,2252,B,8.01,1177
2253,2253,C,15.81,1154
2254,2254,A,16.94,1093
2255,2255,reject,10.73,932
2256,2256,B,16.87,1127
2257,2257,B,17.73,950
2258,2258,A,17.0,1138
2259,2259,C,10.37,1070
2260,2260,A,14.75,994
2261,2261,A,12.47,1042
2262,2262,B,14.25,1142
2263,2263,A,14.66,1100
2264,2264,B,11.58,1182
2265,2265,B,15.25,1093
2266,2266,B,15.16,1187
2267,2267,C,13.91,1103
2268,2268,A,10.63,1110
2269,2269,A,12.33,1107
2270,2270,reject,15.15,926
2271,2271,A,8.45,937
2272,2272,B,17.74,1114
2273,2273,A,12.01,1033
2274,2274,A,15.04,971
2275,2275,C,13.65,970
2276,2276,B,13.51,939
2277,2277,B,14.32,1029
2278,2278,C,15.29,1004
2279,2279,A,16.85,1159
2280,2280,A,10.68,1001
2281,2281,C,13.58,1071
2282,2282,A,8.85,968
2283,2283,B,8.31,1144
2284,2284,B,14.9,1183
2285,2285,C,11.73,1044
2286,2286,C,17.1,1068
2287,2287,A,16.84,1039
2288,2288,B,13.58,939
2289,2289,reject,13.19,1116
2290,2290,A,16.78,930
2291,2291,A,10.86,937
2292,2292,A,11.06,930
2293,2293,B,16.59,1131
2294,2294,B,9.13,1120
2295,2295,B,12.57,1078
2296,2296,A,16.68,1192
2297,2297,B,13.01,1004
2298,2298,B,9.53,913
2299,2299,A,13.67,1127
2300,2300,B,13.75,1004
2301,2301,A,9.72,1144
2302,2302,C,12.69,944
2303,2303,A,16.29,1157
2304,2304,A,17.55,1105
2305,2305,C,11.36,1059
2306,2306,B,17.06,1160
2307,2307,B,13.58,962
2308,2308,A,9.87,916
2309,2309,B,15.31,1126
2310,2310,A,9.6,961
2311,2311,A,17.87,907
2312,2312,B,10.73,1117
2313,2313,C,14.68,1081
2314,2314,B,16.87,1155
2315,2315,A,16.18,1071
2316,2316,B,14.7,1164
2317,2317,B,16.34,959
2318,2318,A,14.18,1138
2319,2319,C,17.65,1016
2320,2320,reject,12.46,1031
2321,2321,A,12.63,996
2322,2322,A,10.13,974
2323,2323,C,12.43,1050
2324,2324,A,16.81,931
2325,2325,A,8.72,1052
2326,2326,C,10.63,1132
2327,2327,B,8.78,955
2328,2328,A,14.94,1169
2329,2329,C,8.8,1199
2330,2330,C,13.13,1067
2331,2331,A,10.2,1169
2332,2332,C,9.64,1101
2333,2333,A,13.31,1175
2334,2334,A,14.58,1048
2335,2335,A,16.55,961
2336,2336,reject,14.46,1021
2337,2337,B,8.76,1124
2338,2338,B,13.82,966
2339,2339,A,14.68,1158
2340,2340,A,11.48,1143
2341,2341,A,14.38,1090
2342,2342,C,14.78,1148
2343,2343,A,10.26,1010
2344,2344,C,9.77,1062
2345,2345,A,14.7,1038
2346,2346,A,11.62,932
2347,2347,B,10.34,1184
2348,2348,A,12.87,1181
2349,2349,A,16.49,1074
2350,2350,B,13.89,964
2351,2351,B,11.08,1184
2352,2352,C,13.01,1200
2353,2353,B,9.8,1030
2354,2354,B,11.77,1025
2355,2355,reject,16.47,944
2356,2356,A,14.33,1096
2357,2357,C,10.11,1096
2358,2358,B,8.58,991
2359,2359,A,8.46,968
2360,2360,B,9.91,1059
2361,2361,B,11.69,1025
2362,2362,A,9.03,1153
2363,2363,B,16.47,968
2364,2364,B,10.08,1053
2365,2365,A,14.28,1073
2366,2366,B,11.48,1178
2367,2367,B,17.37,1128
2368,2368,C,9.94,1157
2369,2369,A,15.45,937
2370,2370,A,16.05,940
2371,2371,B,10.55,953
2372,2372,A,8.53,1060
2373,2373,B,9.54,936
2374,2374,A,10.92,1092
2375,2375,C,11.5,1041
2376,2376,B,14.6,940
2377,2377,B,8.59,1145
2378,2378,A,14.33,1086
2379,2379,reject,14.26,1062
2380,2380,B,13.86,1137
2381,2381,B,13.78,1197
2382,2382,B,9.56,1000
2383,2383,B,15.13,1088
2384,2384,C,9.28,1136
2385,2385,B,17.11,1192
2386,2386,A,12.28,1119
2387,2387,C,17.74,912
2388,2388,reject,11.7,1088
2389,2389,A,14.58,1042
2390,2390,B,9.37,1077
2391,2391,B,14.76,1090
2392,2392,B,14.1,1021
2393,2393,A,15.56,996
2394,2394,C,8.48,951
2395,2395,B,8.73,922
2396,2396,B,11.63,1181
2397,2397,A,17.23,934
2398,2398,B,11.68,1129
2399,2399,A,10.31,984
2400,2400,B,11.49,993
2401,2401,C,10.45,1036
2402,2402,C,9.97,1113
2403,2403,A,13.94,1173
2404,2404,B,16.64,1038
2405,2405,B,14.36,968
2406,2406,A,17.62,1029
2407,2407,C,9.01,1153
2408,2408,A,14.01,969
2409,2409,B,15.06,1163
2410,2410,B,8.82,1120
2411,2411,A,15.77,1105
2412,2412,C,14.1,1199
2413,2413,B,8.66,1016
2414,2414,B,10.62,1011
2415,2415,B,15.71,1009
2416,2416,A,12.42,1073
2417,2417,A,12.9,1110
2418,2418,A,9.01,1189
2419,2419,A,17.37,1046
2420,2420,A,8.04,1012
2421,2421,A,17.44,989
2422,2422,reject,14.09,927
2423,2423,B,12.21,974
2424,2424,B,10.74,949
2425,2425,A,15.91,936
2426,2426,A,11.05,922
2427,2427,C,10.26,1123
2428,2428,A,11.78,1182
2429,2429,B,16.62,1179
2430,2430,B,15.48,1080
2431,2431,C,12.09,1068
2432,2432,B,11.23,919
2433,2433,A,14.62,1097
2434,2434,B,10.82,1138
2435,2435,B,16.67,969
2436,2436,A,17.73,918
2437,2437,reject,10.98,1077
2438,2438,C,8.72,1005
2439,2439,B,10.83,1003
2440,2440,A,17.22,927
2441,2441,reject,15.53,986
2442,2442,B,15.24,916
2443,2443,A,16.24,1085
2444,2444,B,10.34,918
2445,2445,A,14.59,1154
2446,2446,B,14.25,1101
2447,2447,C,8.41,1133
2448,2448,B,16.44,1101
2449,2449,A,14.9,1161
2450,2450,C,15.58,1007
2451,2451,B,15.4,920
2452,2452,A,15.55,1160
2453,2453,A,16.88,1176
2454,2454,A,9.73,1005
2455,2455,reject,11.78,1073
2456,2456,A,9.86,1088
2457,2457,reject,8.89,991
2458,2458,A,9.46,1196
2459,2459,C,9.48,1053
2460,2460,B,10.0,1075
2461,2461,B,17.26,1143
2462,2462,B,11.77,948
2463,2463,B,15.15,1039
2464,2464,B,12.59,1098
2465,2465,B,8.6,959
2466,2466,C,16.06,1159
2467,2467,C,16.43,1189
2468,2468,B,15.17,1028
2469,2469,A,14.73,1056
2470,2470,B,12.49,1028
2471,2471,reject,11.54,1187
2472,2472,A,13.76,1057
2473,2473,A,10.79,966
2474,2474,A,10.92,1052
2475,2475,A,10.76,972
2476,2476,A,13.28,1194
2477,2477,B,12.53,967
2478,2478,A,9.73,1111
2479,2479,B,9.96,1183
2480,2480,A,13.15,1060
2481,2481,B,9.95,1085
2482,2482,B,16.09,996
2483,2483,B,13.28,932
2484,2484,C,15.84,1084
2485,2485,B,12.02,1136
2486,2486,A,17.64,1093
2487,2487,C,8.81,1043
2488,2488,B,16.11,1195
2489,2489,A,14.48,965
2490,2490,B,12.36,1196
2491,2491,C,8.73,999
2492,2492,C,11.89,1200
2493,2493,C,8.42,1027
2494,2494,B,15.41,909
2495,2495,reject,16.95,1132
2496,2496,B,8.33,1094
2497,2497,B,16.69,1086
2498,2498,A,8.17,1003
2499,2499,C,9.18,1078
2500,2500,reject,15.08,945
2501,2501,C,10.9,956
2502,2502,B,9.23,918
2503,2503,C,8.46,948
2504,2504,B,8.57,936
2505,2505,B,12.22,1155
2506,2506,A,15.88,942
2507,2507,A,16.94,1147
2508,2508,A,14.76,1142
2509,2509,B,10.81,993
2510,2510,A,15.25,972
2511,2511,B,16.9,1119
2512,2512,B,13.37,1089
2513,2513,A,16.2,1048
2514,2514,C,9.99,1023
2515,2515,A,16.62,1142
2516,2516,A,10.32,1053
2517,2517,A,17.64,936
2518,2518,A,9.01,1157
2519,2519,B,12.01,922
2520,2520,B,8.56,1162
2521,2521,A,10.69,1124
2522,2522,A,16.12,958
2523,2523,C,13.75,963
2524,2524,A,13.18,1176
2525,2525,A,12.05,1185
2526,2526,A,17.93,992
2527,2527,A,8.06,955
2528,2528,B,15.31,956
2529,2529,B,9.1,1011
2530,2530,B,11.64,1081
2531,2531,C,13.29,996
2532,2532,A,9.92,1125
2533,2533,A,13.8,1164
2534,2534,A,12.44,1102
2535,2535,B,12.08,1011
2536,2536,B,13.78,1087
2537,2537,A,13.89,1138
2538,2538,A,11.75,1153
2539,2539,reject,14.28,1055
2540,2540,B,15.35,1086
2541,2541,A,17.9,1197
2542,2542,B,13.94,973
2543,2543,A,8.23,1144
2544,2544,B,8.72,1083
2545,2545,A,16.69,949
2546,2546,A,17.0,976
2547,2547,C,16.99,1093
2548,2548,A,11.2,1073
2549,2549,A,8.83,920
2550,2550,reject,17.37,949
2551,2551,B,9.84,1023
2552,2552,B,9.82,1180
2553,2553,B,14.31,1101
2554,2554,A,14.99,1182
2555,2555,B,9.16,1170
2556,2556,A,8.81,994
2557,2557,A,16.37,1029
2558,2558,C,11.0,1068
2559,2559,A,8.27,1134
2560,2560,C,10.88,1123
2561,2561,B,14.54,940
2562,2562,B,9.54,905
2563,2563,B,8.81,1111
2564,2564,reject,9.13,1098
2565,2565,reject,11.56,1070
2566,2566,A,12.61,920
2567,2567,B,16.64,1045
2568,2568,B,12.67,1162
2569,2569,A,17.35,1103
2570,2570,A,13.13,1177
2571,2571,C,8.8,1065
2572,2572,C,11.06,1057
2573,2573,reject,13.16,1118
2574,2574,A,15.11,1059
2575,2575,reject,8.25,1014
2576,2576,A,16.67,1003
2577,2577,B,13.08,1109
2578,2578,B,9.44,1115
2579,2579,A,8.92,1002
2580,2580,B,17.66,947
2581,2581,reject,13.46,1200
2582,2582,B,10.96,923
2583,2583,reject,15.6,996
2584,2584,B,17.31,1077
2585,2585,A,10.68,1069
2586,2586,B,11.69,1057
2587,2587,A,17.85,919
2588,2588,B,15.68,1155
2589,2589,C,15.92,1158
2590,2590,B,8.82,970
2591,2591,C,10.02,1195
2592,2592,A,10.03,990
2593,2593,A,12.28,1104
2594,2594,C,10.74,956
2595,2595,B,10.82,1067
2596,2596,C,13.3,1193
2597,2597,A,15.67,1188
2598,2598,C,14.86,961
2599,2599,reject,12.9,1018
2600,2600,B,16.52,995
2601,2601,B,9.01,901
2602,2602,A,10.73,1116
2603,2603,B,16.57,1151
2604,2604,B,16.15,1136
2605,2605,A,17.32,1150
2606,2606,C,8.76,1123
2607,2607,B,13.57,1031
2608,2608,B,9.07,1002
2609,2609,A,17.59,968
2610,2610,A,12.06,1016
2611,2611,B,12.34,1021
2612,2612,B,17.79,1009
2613,2613,C,16.34,905
2614,2614,A,9.94,1186
2615,2615,A,9.45,1059
2616,2616,A,11.29,1048
2617,2617,C,8.61,1026
2618,2618,A,9.08,916
2619,2619,A,10.24,936
2620,2620,B,13.21,981
2621,2621,A,8.74,934
2622,2622,A,15.36,1162
2623,2623,A,15.64,1100
2624,2624,reject,17.42,1130
2625,2625,A,11.27,1138
2626,2626,C,13.86,928
2627,2627,A,10.88,909
2628,2628,B,15.22,1180
2629,2629,C,9.78,1044
2630,2630,B,14.88,1127
2631,2631,B,10.86,982
2632,2632,B,11.92,942
2633,2633,A,10.4,1195
2634,2634,C,14.61,1186
2635,2635,B,12.98,1048
2636,2636,B,16.83,1007
2637,2637,B,14.05,1114
2638,2638,B,8.41,1033
2639,2639,A,17.11,1184
2640,2640,B,14.42,908
2641,2641,C,14.03,1021
2642,2642,A,15.53,911
2643,2643,C,16.57,926
2644,2644,A,10.8,1191
2645,2645,B,15.5,1023
2646,2646,A,12.24,1172
2647,2647,B,16.21,1156
2648,2648,A,12.71,1143
2649,2649,A,8.83,1023
2650,2650,B,9.87,1188
2651,2651,B,12.88,1161
2652,2652,A,15.18,943
2653,2653,B,14.25,1079
2654,2654,C,13.36,1062
2655,2655,A,13.0,1094
2656,2656,B,15.21,1173
2657,2657,C,9.54,1081
2658,2658,C,8.76,941
2659,2659,B,8.75,963
2660,2660,A,12.1,1039
2661,2661,B,8.71,1115
2662,2662,A,17.62,1177
2663,2663,A,8.02,1055
2664,2664,B,17.79,963
2665,2665,reject,16.08,1075
2666,2666,A,13.2,1180
2667,2667,A,15.42,1034
2668,2668,A,15.37,1149
2669,2669,A,10.53,1019
2670,2670,C,12.92,912
2671,2671,A,14.75,1192
2672,2672,A,12.82,1130
2673,2673,B,17.16,933
2674,2674,C,16.22,1124
2675,2675,A,15.69,1192
2676,2676,B,18.0,1033
2677,2677,A,15.87,953
2678,2678,A,11.06,1025
2679,2679,A,14.84,1015
2680,2680,C,17.07,1081
2681,2681,B,8.43,1195
2682,2682,C,11.55,996
2683,2683,A,14.6,968
2684,2684,A,9.48,1036
2685,2685,A,8.85,1114
2686,2686,A,8.76,1181
2687,2687,B,12.25,909
2688,2688,B,14.9,948
2689,2689,B,13.59,1090
2690,2690,B,12.05,1065
2691,2691,C,11.42,903
2692,2692,C,14.85,1076
2693,2693,B,14.35,959
2694,2694,C,10.82,914
2695,2695,reject,12.26,1050
2696,2696,B,16.32,1067
2697,2697,C,12.33,919
2698,2698,A,17.51,1133
2699,2699,A,12.31,1002
2700,2700,B,15.84,958
2701,2701,C,13.93,919
2702,2702,A,14.37,1020
2703,2703,A,12.54,995
2704,2704,B,12.1,1173
2705,2705,C,13.6,962
2706,2706,A,16.67,963
2707,2707,B,9.65,995
2708,2708,B,10.48,1051
2709,2709,B,15.88,994
2710,2710,A,13.4,993
2711,2711,B,15.94,1131
2712,2712,reject,13.02,1046
2713,2713,A,12.02,967
2714,2714,A,12.84,929
2715,2715,B,12.59,1113
2716,2716,A,14.93,1093
2717,2717,B,11.98,1078
2718,2718,B,10.25,961
2719,2719,A,9.49,916
2720,2720,C,10.41,1100
2721,2721,A,11.05,1108
2722,2722,A,11.17,1078
2723,2723,A,9.58,944
2724,2724,A,9.51,998
2725,2725,B,8.58,1194
2726,2726,C,15.74,1096
2727,2727,C,14.17,1186
2728,2728,B,10.72,917
2729,2729,A,13.29,1182
2730,2730,A,15.58,1109
2731,2731,C,15.32,970
2732,2732,B,17.03,920
2733,2733,reject,9.54,968
2734,2734,A,17.51,981
2735,2735,B,16.36,1102
2736,2736,B,11.1,1148
2737,2737,B,16.09,1080
2738,2738,B,9.89,1006
2739,2739,B,12.9,1134
2740,2740,reject,15.39,984
2741,2741,A,15.97,984
2742,2742,A,11.82,1127
2743,2743,A,12.18,1039
2744,2744,B,13.86,1143
2745,2745,A,17.6,1189
2746,2746,A,13.33,936
2747,2747,C,15.4,1012
2748,2748,A,16.04,982
2749,2749,B,16.24,1153
2750,2750,B,13.49,935
2751,2751,B,16.65,907
2752,2752,C,14.0,1016
2753,2753,C,16.1,1078
2754,2754,B,15.49,954
2755,2755,C,17.35,1034
2756,2756,B,17.51,1191
2757,2757,B,12.32,1103
2758,2758,B,8.57,1174
2759,2759,C,14.65,972
2760,2760,B,13.63,1056
2761,2761,C,12.92,1004
2762,2762,B,15.04,1113
2763,2763,A,14.28,1106
2764,2764,B,14.76,1136
2765,2765,A,12.13,952
2766,2766,B,15.69,1072
2767,2767,A,8.77,1128
2768,2768,A,9.78,1056
2769,2769,reject,10.85,909
2770,2770,A,13.73,1038
2771,2771,B,15.85,1165
2772,2772,A,13.66,978
2773,2773,A,16.38,1167
2774,2774,B,12.68,1102
2775,2775,B,11.71,920
2776,2776,A,9.07,1138
2777,2777,A,15.53,1192
2778,2778,A,13.09,1037
2779,2779,A,8.47,1056
2780,2780,B,9.54,1188
2781,2781,B,13.23,1037
2782,2782,B,16.41,1106
2783,2783,A,11.0,1053
2784,2784,B,15.78,962
2785,2785,B,17.18,1166
2786,2786,reject,9.59,1161
2787,2787,A,8.12,934
2788,2788,A,16.48,1189
2789,2789,A,10.41,1116
2790,2790,B,12.03,919
2791,2791,reject,16.15,988
2792,2792,B,14.96,966
2793,2793,C,9.65,967
2794,2794,B,16.78,1024
2795,2795,A,11.44,1100
2796,2796,B,10.95,944
2797,2797,B,12.97,990
2798,2798,B,12.06,1131
2799,2799,B,11.24,1147
2800,2800,C,12.86,998
2801,2801,reject,8.56,1011
2802,2802,B,11.18,1145
2803,2803,C,17.14,981
2804,2804,A,15.2,1171
2805,2805,C,16.15,1024
2806,2806,B,14.97,1130
2807,2807,A,15.02,1107
2808,2808,A,14.59,911
2809,2809,C,16.04,936
2810,2810,A,12.5,1174
2811,2811,reject,9.62,1018
2812,2812,C,8.03,931
2813,2813,B,15.79,1107
2814,2814,A,17.87,1012
2815,2815,A,17.16,1140
2816,2816,B,13.09,956
2817,2817,A,10.71,1053
2818,2818,B,15.73,1167
2819,2819,C,14.98,1156
2820,2820,C,13.05,1191
2821,2821,C,16.16,1170
2822,2822,C,9.99,947
2823,2823,A,13.4,1172
2824,2824,B,17.4,969
2825,2825,B,14.7,1100
2826,2826,A,13.25,1063
2827,2827,A,14.07,951
2828,2828,C,17.93,1171
2829,2829,A,9.02,980
2830,2830,B,9.3,996
2831,2831,B,14.94,1189
2832,2832,B,14.4,1028
2833,2833,A,10.99,1147
2834,2834,A,9.39,1159
2835,2835,B,9.6,925
2836,2836,B,13.35,1091
2837,2837,A,10.69,1018
2838,2838,B,13.75,1149
2839,2839,A,11.61,920
2840,2840,A,16.53,1054
2841,2841,B,11.33,1189
2842,2842,C,14.9,1089
2843,2843,A,11.79,1147
2844,2844,A,14.54,938
2845,2845,B,13.12,1089
2846,2846,A,14.04,1120
2847,2847,B,17.74,969
2848,2848,A,17.75,1046
2849,2849,B,14.2,1075
2850,2850,B,8.55,996
2851,2851,C,10.33,941
2852,2852,B,8.56,1013
2853,2853,B,13.41,1038
2854,2854,reject,9.03,1124
2855,2855,B,9.2,1157
2856,2856,B,15.56,1191
2857,2857,A,15.06,1177
2858,2858,A,12.64,944
2859,2859,A,8.67,902
2860,2860,A,11.75,1147
2861,2861,B,14.46,1190
2862,2862,A,9.56,1019
2863,2863,A,12.94,1028
2864,2864,C,8.1,991
2865,2865,A,8.41,1191
2866,2866,A,14.49,1195
2867,2867,B,12.75,1119
2868,2868,C,16.91,1164
2869,2869,B,16.1,1036
2870,2870,B,14.77,985
2871,2871,A,17.74,1147
2872,2872,B,16.75,1075
2873,2873,C,10.88,1034
2874,2874,reject,16.59,1100
2875,2875,A,17.67,1032
2876,2876,B,12.25,1119
2877,2877,B,14.73,920
2878,2878,C,17.55,986
2879,2879,B,10.05,903
2880,2880,B,9.29,983
2881,2881,B,8.87,1089
2882,2882,A,10.7,1096
2883,2883,C,8.1,1075
2884,2884,C,13.68,926
2885,2885,B,14.18,979
2886,2886,reject,11.43,1156
2887,2887,C,11.49,935
2888,2888,A,8.76,1190
2889,2889,B,11.74,1162
2890,2890,A,12.9,933
2891,2891,A,12.52,1037
2892,2892,A,15.53,1184
2893,2893,B,15.65,1116
2894,2894,C,13.05,985
2895,2895,reject,9.86,1005
2896,2896,A,15.25,1082
2897,2897,A,14.56,989
2898,2898,C,16.95,1183
2899,2899,B,15.11,1071
2900,2900,A,8.95,1077
2901,2901,A,16.3,1152
2902,2902,B,10.66,1165
2903,2903,C,14.72,1004
2904,2904,A,12.51,1132
2905,2905,A,16.57,1093
2906,2906,B,10.49,1112
2907,2907,B,8.05,1096
2908,2908,B,16.25,1165
2909,2909,B,15.14,953
2910,2910,A,12.57,1047
2911,2911,A,13.75,1154
2912,2912,B,15.76,1167
2913,2913,B,10.24,1064
2914,2914,A,16.38,1043
2915,2915,C,14.55,1139
2916,2916,A,10.65,1147
2917,2917,B,13.69,1009
2918,2918,A,8.28,1168
2919,2919,B,13.35,1023
2920,2920,B,8.37,1157
2921,2921,A,12.42,1197
2922,2922,A,15.82,1039
2923,2923,C,17.73,1197
2924,2924,A,13.32,1181
2925,2925,B,9.01,927
2926,2926,B,14.88,1050
2927,2927,A,14.47,1020
2928,2928,B,10.58,1095
2929,2929,B,16.79,1107
2930,2930,reject,11.35,1126
2931,2931,A,11.47,1115
2932,2932,B,17.46,1031
2933,2933,C,13.88,972
2934,2934,C,8.34,1017
2935,2935,B,13.17,989
2936,2936,C,13.13,1116
2937,2937,C,16.4,1024
2938,2938,B,10.83,1173
2939,2939,reject,10.94,1163
2940,2940,A,13.32,1107
2941,2941,B,15.47,942
2942,2942,B,9.25,995
2943,2943,B,11.57,918
2944,2944,A,14.78,982
2945,2945,A,15.81,934
2946,2946,B,12.16,979
2947,2947,B,9.98,901
2948,2948,A,11.87,1163
2949,2949,A,11.37,959
2950,2950,A,12.1,1070
2951,2951,A,10.23,1084
2952,2952,B,17.34,1085
2953,2953,B,11.19,1034
2954,2954,B,10.76,1021
2955,2955,C,14.42,980
2956,2956,C,11.14,908
2957,2957,A,12.57,901
2958,2958,A,14.48,1090
2959,2959,reject,11.02,1030
2960,2960,C,9.53,917
2961,2961,A,11.66,942
2962,2962,C,12.34,1086
2963,2963,A,9.73,1074
2964,2964,C,15.66,1200
2965,2965,A,8.22,1097
2966,2966,C,14.84,1080
2967,2967,reject,9.29,1182
2968,2968,A,8.04,1195
2969,2969,C,16.85,1177
2970,2970,B,16.6,1040
2971,2971,reject,17.19,1110
2972,2972,B,11.32,1037
2973,2973,B,9.4,1150
2974,2974,A,17.75,1189
2975,2975,B,11.24,1021
2976,2976,A,8.72,1109
2977,2977,B,17.18,971
2978,2978,B,16.47,1051
2979,2979,B,17.29,1140
2980,2980,B,11.48,1000
2981,2981,A,15.43,1092
2982,2982,B,9.34,1040
2983,2983,B,10.6,1165
2984,2984,A,11.23,1087
2985,2985,reject,14.89,1167
2986,2986,B,17.14,929
2987,2987,C,11.12,975
2988,2988,C,14.4,1088
2989,2989,A,11.39,948
2990,2990,B,14.75,948
2991,2991,C,15.64,1133
2992,2992,A,13.96,1054
2993,2993,B,9.47,1148
2994,2994,A,15.64,1102
2995,2995,B,17.31,933
2996,2996,B,11.38,1045
2997,2997,B,8.07,976
2998,2998,B,11.77,1195
2999,2999,C,16.23,1085
3000,3000,B,13.87,1040
3001,3001,B,10.9,1143
3002,3002,C,10.89,1193
3003,3003,C,11.74,954
3004,3004,B,11.66,1182
3005,3005,B,15.84,1148
3006,3006,B,13.32,1009
3007,3007,A,10.75,1056
3008,3008,B,16.51,1123
3009,3009,C,10.5,911
3010,3010,reject,9.93,1026
3011,3011,A,15.2,903
3012,3012,B,8.32,1101
3013,3013,A,12.05,967
3014,3014,C,13.92,908
3015,3015,A,13.53,1029
3016,3016,B,16.15,1057
3017,3017,A,13.72,977
3018,3018,C,10.89,1021
3019,3019,B,13.89,952
3020,3020,C,14.14,1023
3021,3021,B,16.92,981
3022,3022,reject,8.58,909
3023,3023,B,15.51,1153
3024,3024,A,13.97,1147
3025,3025,C,8.85,958
3026,3026,A,12.41,917
3027,3027,C,11.11,1116
3028,3028,C,12.42,925
3029,3029,A,8.4,1186
3030,3030,A,15.41,968
3031,3031,A,14.16,1058
3032,3032,B,11.37,1032
3033,3033,B,17.94,903
3034,3034,reject,13.2,924
3035,3035,B,13.27,941
3036,3036,B,11.94,1011
3037,3037,C,10.0,1092
3038,3038,B,10.81,1074
3039,3039,B,13.42,925
3040,3040,B,11.48,949
3041,3041,B,13.47,1182
3042,3042,B,17.59,924
3043,3043,A,10.54,1200
3044,3044,B,14.73,1170
3045,3045,A,11.11,1083
3046,3046,C,8.95,1176
3047,3047,B,8.97,1167
3048,3048,B,12.18,954
3049,3049,B,10.87,970
3050,3050,C,11.9,928
3051,3051,A,9.66,1059
3052,3052,B,15.12,1146
3053,3053,B,15.48,1065
3054,3054,C,13.6,1083
3055,3055,A,12.34,1180
3056,3056,B,8.36,956
3057,3057,reject,16.06,913
3058,3058,A,17.31,1198
3059,3059,B,9.2,1143
3060,3060,C,15.67,1115
3061,3061,B,8.51,1062
3062,3062,B,15.14,1080
3063,3063,reject,16.02,1071
3064,3064,A,14.11,1050
3065,3065,A,15.45,911
3066,3066,B,11.12,946
3067,3067,C,16.46,1107
3068,3068,A,15.27,1144
3069,3069,A,14.23,1066
3070,3070,C,12.83,928
3071,3071,B,9.74,1155
3072,3072,A,10.83,909
3073,3073,A,12.53,1120
3074,3074,A,8.78,1065
3075,3075,A,10.15,969
3076,3076,B,9.14,1016
3077,3077,A,11.17,1178
3078,3078,B,10.8,1021
3079,3079,B,13.02,1037
3080,3080,C,13.34,1139
3081,3081,B,10.2,1163
3082,3082,B,14.52,1039
3083,3083,B,11.59,1191
3084,3084,C,13.07,1053
3085,3085,A,11.13,1100
3086,3086,A,13.72,1087
3087,3087,A,11.57,1109
3088,3088,B,8.34,1081
3089,3089,B,12.25,961
3090,3090,A,12.78,957
3091,3091,reject,11.96,1011
3092,3092,C,12.8,914
3093,3093,B,16.71,1174
3094,3094,reject,12.55,925
3095,3095,A,17.2,988
3096,3096,A,11.59,954
3097,3097,A,17.41,1197
3098,3098,B,15.54,1197
3099,3099,A,13.14,927
3100,3100,reject,12.69,915
3101,3101,B,17.44,961
3102,3102,A,12.29,1071
3103,3103,A,9.32,1092
3104,3104,B,9.44,985
3105,3105,C,17.92,967
3106,3106,B,12.44,1027
3107,3107,C,8.62,1198
3108,3108,C,15.2,978
3109,3109,B,16.36,1031
3110,3110,C,11.38,969
3111,3111,B,12.9,973
3112,3112,C,9.44,1114
3113,3113,A,16.94,1065
3114,3114,A,14.32,1075
3115,3115,B,12.77,992
3116,3116,C,13.56,946
3117,3117,C,8.54,1017
3118,3118,A,11.07,1129
3119,3119,B,14.97,1017
3120,3120,A,8.81,1152
3121,3121,A,9.25,1143
3122,3122,C,10.15,1040
3123,3123,A,9.4,1064
3124,3124,B,11.02,1108
3125,3125,C,13.51,983
3126,3126,B,17.29,1052
3127,3127,B,14.46,1137
3128,3128,B,16.47,955
3129,3129,C,10.82,1014
3130,3130,A,11.59,1042
3131,3131,C,8.35,1043
3132,3132,reject,10.75,1172
3133,3133,reject,17.61,1167
3134,3134,A,14.74,906
3135,3135,reject,11.65,938
3136,3136,B,10.44,1164
3137,3137,C,8.47,939
3138,3138,A,10.47,963
3139,3139,B,17.94,1173
3140,3140,A,17.27,1179
3141,3141,B,13.53,1141
3142,3142,C,9.28,962
3143,3143,C,10.46,949
3144,3144,B,14.15,1156
3145,3145,A,10.95,906
3146,3146,A,17.24,1094
3147,3147,A,14.56,1185
3148,3148,B,12.44,947
3149,3149,B,16.14,990
3150,3150,B,11.22,984
3151,3151,B,11.92,1028
3152,3152,B,8.52,1039
3153,3153,A,16.07,981
3154,3154,A,14.67,1188
3155,3155,A,9.8,1000
3156,3156,B,12.63,1145
3157,3157,A,16.6,1041
3158,3158,A,14.23,1175
3159,3159,C,9.63,983
3160,3160,A,13.28,906
3161,3161,A,8.72,1191
3162,3162,B,17.48,906
3163,3163,C,10.72,1011
3164,3164,A,8.64,1020
3165,3165,C,13.99,1128
3166,3166,B,9.56,1067
3167,3167,C,15.8,1055
3168,3168,B,16.82,920
3169,3169,B,14.12,1178
3170,3170,A,10.02,1005
3171,3171,A,15.74,1141
3172,3172,B,16.98,977
3173,3173,reject,15.13,1078
3174,3174,A,9.59,1122
3175,3175,A,11.08,1122
3176,3176,C,15.16,1183
3177,3177,B,13.21,1069
3178,3178,A,10.5,923
3179,3179,reject,17.89,1030
3180,3180,A,12.88,1123
3181,3181,B,11.7,1004
3182,3182,B,9.49,1043
3183,3183,B,8.62,919
3184,3184,A,17.84,1170
3185,3185,B,17.61,1064
3186,3186,A,17.24,973
3187,3187,A,17.39,1074
3188,3188,A,8.64,1200
3189,3189,A,9.78,1003
3190,3190,C,8.28,967
3191,3191,B,14.2,970
3192,3192,B,8.87,908
3193,3193,A,14.93,906
3194,3194,A,9.57,1168
3195,3195,B,8.18,1114
3196,3196,C,14.68,976
3197,3197,A,9.24,942
3198,3198,B,12.27,1083
3199,3199,C,13.72,931
3200,3200,C,13.65,1029
3201,3201,A,14.99,1127
3202,3202,B,12.43,983
3203,3203,A,11.42,983
3204,3204,A,16.09,999
3205,3205,C,16.9,1043
3206,3206,A,10.12,1044
3207,3207,B,8.99,914
3208,3208,A,12.1,964
3209,3209,B,8.81,1036
3210,3210,B,11.22,997
3211,3211,B,8.03,1160
3212,3212,C,12.05,946
3213,3213,B,9.76,1059
3214,3214,C,10.65,1028
3215,3215,B,12.29,1058
3216,3216,C,11.85,1085
3217,3217,B,15.9,905
3218,3218,B,8.5,1018
3219,3219,B,8.92,1047
3220,3220,C,16.34,1070
3221,3221,A,11.87,1007
3222,3222,A,17.81,1194
3223,3223,B,16.84,1147
3224,3224,A,15.78,1094
3225,3225,A,12.2,1003
3226,3226,reject,14.63,958
3227,3227,B,13.79,975
3228,3228,C,16.19,1018
3229,3229,A,16.54,975
3230,3230,A,15.38,974
3231,3231,B,13.45,963
3232,3232,A,17.21,906
3233,3233,A,11.52,1197
3234,3234,A,17.66,987
3235,3235,A,17.92,1051
3236,3236,C,16.39,972
3237,3237,A,14.01,908
3238,3238,B,17.81,1076
3239,3239,A,11.84,1140
3240,3240,A,15.31,1161
3241,3241,A,13.58,1012
3242,3242,reject,8.02,1184
3243,3243,A,10.8,1179
3244,3244,A,17.59,1119
3245,3245,A,14.43,928
3246,3246,B,14.42,1053
3247,3247,C,10.46,964
3248,3248,B,10.99,1033
3249,3249,A,11.95,1164
3250,3250,A,11.73,1065
3251,3251,B,15.01,974
3252,3252,C,12.07,987
3253,3253,B,13.95,1006
3254,3254,A,16.82,1097
3255,3255,C,8.38,1154
3256,3256,A,10.02,976
3257,3257,A,12.34,1091
3258,3258,reject,17.59,1183
3259,3259,A,15.92,1039
3260,3260,B,15.5,1104
3261,3261,B,9.58,934
3262,3262,C,9.85,1094
3263,3263,A,16.16,1156
3264,3264,C,13.97,910
3265,3265,B,16.94,1179
3266,3266,A,16.5,1156
3267,3267,C,10.75,1071
3268,3268,A,12.81,1068
3269,3269,A,13.68,1081
3270,3270,B,11.04,983
3271,3271,B,11.27,984
3272,3272,A,10.2,1010
3273,3273,B,14.12,923
3274,3274,A,16.31,909
3275,3275,B,9.95,994
3276,3276,B,12.75,995
3277,3277,C,8.45,1063
3278,3278,B,17.58,1092
3279,3279,A,8.19,1170
3280,3280,C,10.52,1165
3281,3281,A,10.28,929
3282,3282,B,14.67,1077
3283,3283,C,8.94,1195
3284,3284,reject,13.28,965
3285,3285,B,8.79,1064
3286,3286,B,10.2,1163
3287,3287,reject,14.42,1056
3288,3288,A,10.45,1129
3289,3289,C,11.97,972
3290,3290,B,14.54,1194
3291,3291,B,13.34,1065
3292,3292,A,8.59,1084
3293,3293,C,16.77,1126
3294,3294,B,15.1,1019
3295,3295,A,16.13,1029
3296,3296,A,10.48,951
3297,3297,B,13.19,1189
3298,3298,A,8.21,1176
3299,3299,A,10.33,1086
3300,3300,B,14.84,916
3301,3301,A,14.21,1008
3302,3302,A,13.06,1178
3303,3303,C,10.79,915
3304,3304,C,17.36,1100
3305,3305,C,8.27,1138
3306,3306,C,13.11,960
3307,3307,B,13.9,1138
3308,3308,A,11.47,1046
3309,3309,reject,15.65,951
3310,3310,B,15.54,1199
3311,3311,A,11.58,1144
3312,3312,B,9.21,992
3313,3313,A,15.21,1145
3314,3314,B,13.35,957
3315,3315,B,10.88,993
3316,3316,B,12.44,1100
3317,3317,C,9.27,1064
3318,3318,B,8.4,1041
3319,3319,A,16.91,1176
3320,3320,reject,8.1,1012
3321,3321,A,13.77,925
3322,3322,A,8.65,1093
3323,3323,A,15.45,916
3324,3324,reject,10.0,1003
3325,3325,A,13.42,1023
3326,3326,B,14.19,952
3327,3327,A,10.99,959
3328,3328,C,8.65,1153
3329,3329,A,15.57,1158
3330,3330,B,16.71,1032
3331,3331,A,15.45,924
3332,3332,B,16.0,1085
3333,3333,A,15.12,935
3334,3334,A,8.95,1180
3335,3335,B,17.37,1022
3336,3336,B,16.98,1105
3337,3337,B,17.76,1169
3338,3338,C,17.47,1034
3339,3339,C,8.94,999
3340,3340,A,13.05,1040
3341,3341,B,14.99,987
3342,3342,A,9.66,1155
3343,3343,A,12.79,976
3344,3344,A,14.77,1149
3345,3345,reject,14.08,908
3346,3346,B,10.08,1171
3347,3347,B,17.9,935
3348,3348,B,12.69,1020
3349,3349,C,13.08,1039
3350,3350,B,15.88,1146
3351,3351,B,13.44,927
3352,3352,B,8.32,1175
3353,3353,A,11.0,1058
3354,3354,B,12.57,1048
3355,3355,A,11.86,1173
3356,3356,C,13.75,947
3357,3357,C,17.98,901
3358,3358,A,9.03,1063
3359,3359,C,11.44,990
3360,3360,A,16.98,1133
3361,3361,A,15.03,998
3362,3362,B,11.27,1054
3363,3363,B,16.89,918
3364,3364,B,8.83,1123
3365,3365,C,14.0,938
3366,3366,B,11.34,1173
3367,3367,C,8.88,1065
3368,3368,C,14.17,1052
3369,3369,B,13.07,960
3370,3370,B,10.43,1016
3371,3371,B,17.84,1144
3372,3372,A,14.98,997
3373,3373,B,9.45,1001
3374,3374,B,16.78,1043
3375,3375,A,15.89,909
3376,3376,A,16.8,1095
3377,3377,A,14.61,941
3378,3378,B,13.52,990
3379,3379,A,14.01,1111
3380,3380,A,12.99,1032
3381,3381,A,10.5,914
3382,3382,B,11.16,1040
3383,3383,A,15.91,1180
3384,3384,C,10.03,915
3385,3385,A,15.15,982
3386,3386,A,9.74,1089
3387,3387,C,15.11,1130
3388,3388,C,15.14,1159
3389,3389,A,16.35,1058
3390,3390,C,13.92,1143
3391,3391,B,8.48,983
3392,3392,B,11.86,1158
3393,3393,C,11.81,974
3394,3394,B,8.56,965
3395,3395,C,12.39,1056
3396,3396,B,8.38,1162
3397,3397,C,17.23,1006
3398,3398,B,15.48,957
3399,3399,reject,11.74,906
3400,3400,C,15.92,1101
3401,3401,B,8.97,985
3402,3402,A,11.37,989
3403,3403,B,17.87,945
3404,3404,B,11.94,1061
3405,3405,B,14.36,1099
3406,3406,reject,13.14,1080
3407,3407,A,9.5,1131
3408,3408,C,8.98,993
3409,3409,A,17.03,1018
3410,3410,A,16.55,1121
3411,3411,B,15.95,916
3412,3412,A,16.87,1189
3413,3413,A,15.58,978
3414,3414,B,8.38,901
3415,3415,A,12.53,1169
3416,3416,A,8.45,1035
3417,3417,C,12.5,1055
3418,3418,B,16.61,1086
3419,3419,B,17.05,971
3420,3420,reject,15.19,997
3421,3421,A,10.25,1045
3422,3422,A,8.74,923
3423,3423,A,17.9,1168
3424,3424,C,17.66,993
3425,3425,A,12.82,1049
3426,3426,A,14.85,912
3427,3427,B,14.58,955
3428,3428,B,8.5,943
3429,3429,C,13.75,956
3430,3430,A,9.86,1151
3431,3431,B,16.44,1022
3432,3432,C,14.77,1041
3433,3433,B,10.06,942
3434,3434,A,12.81,1012
3435,3435,B,13.96,1035
3436,3436,A,15.38,918
3437,3437,C,9.78,1145
3438,3438,A,15.99,1097
3439,3439,A,16.12,1199
3440,3440,B,12.08,984
3441,3441,B,14.22,1112
3442,3442,A,12.66,915
3443,3443,A,15.0,1179
3444,3444,A,15.79,1015
3445,3445,B,9.29,901
3446,3446,C,9.75,1018
3447,3447,B,15.16,1092
3448,3448,B,11.44,951
3449,3449,A,14.7,1117
3450,3450,B,17.63,969
3451,3451,A,11.54,1166
3452,3452,B,8.96,1162
3453,3453,A,10.41,962
3454,3454,B,8.19,1017
3455,3455,reject,16.6,1046
3456,3456,A,15.05,1140
3457,3457,A,8.6,944
3458,3458,B,9.91,934
3459,3459,A,11.28,1021
3460,3460,A,10.9,918
3461,3461,C,12.34,1170
3462,3462,A,15.99,1039
3463,3463,C,12.59,917
3464,3464,A,15.12,1199
3465,3465,B,8.11,1169
3466,3466,A,10.77,1079
3467,3467,A,10.65,1169
3468,3468,A,14.5,1005
3469,3469,B,12.76,1163
3470,3470,A,16.01,1031
3471,3471,B,12.23,1199
3472,3472,A,9.18,1196
3473,3473,B,9.04,906
3474,3474,C,9.57,919
3475,3475,C,8.59,1177
3476,3476,A,14.28,906
3477,3477,A,16.51,1096
3478,3478,A,8.15,1091
3479,3479,A,13.96,1097
3480,3480,C,17.69,1121
3481,3481,A,11.89,1023
3482,3482,C,13.85,916
3483,3483,B,8.51,1182
3484,3484,B,12.76,1090
3485,3485,B,8.39,1099
3486,3486,A,14.16,1021
3487,3487,B,8.87,1000
3488,3488,A,8.63,907
3489,3489,A,8.71,1053
3490,3490,C,9.81,1178
3491,3491,A,13.42,1033
3492,3492,A,8.53,1131
3493,3493,A,9.27,1036
3494,3494,B,12.27,1165
3495,3495,C,16.83,1045
3496,3496,A,15.43,932
3497,3497,B,17.53,1059
3498,3498,A,8.74,1147
3499,3499,C,14.34,1171
3500,3500,A,9.03,1076
3501,3501,A,10.3,1105
3502,3502,A,9.11,1102
3503,3503,C,12.26,946
3504,3504,B,12.25,1020
3505,3505,A,14.71,1057
3506,3506,C,9.2,1065
3507,3507,A,8.36,1136
3508,3508,B,8.81,1121
3509,3509,B,13.14,1003
3510,3510,C,8.67,966
3511,3511,C,10.04,1068
3512,3512,B,13.41,1076
3513,3513,A,12.33,962
3514,3514,B,9.81,1036
3515,3515,A,8.09,1025
3516,3516,B,10.83,1023
3517,3517,B,9.94,908
3518,3518,A,15.67,1186
3519,3519,A,17.71,1103
3520,3520,B,13.55,1100
3521,3521,B,14.69,992
3522,3522,B,11.64,1000
3523,3523,A,11.43,1179
3524,3524,C,10.93,1069
3525,3525,C,17.06,998
3526,3526,B,13.85,1039
3527,3527,B,11.07,918
3528,3528,A,8.55,1115
3529,3529,A,9.95,1032
3530,3530,B,12.53,1052
3531,3531,reject,13.78,1064
3532,3532,A,14.46,1017
3533,3533,A,11.7,1035
3534,3534,C,8.96,1187
3535,3535,C,17.11,975
3536,3536,B,14.12,902
3537,3537,reject,12.29,1047
3538,3538,A,8.22,1157
3539,3539,A,13.77,1144
3540,3540,B,17.42,1007
3541,3541,A,14.03,1163
3542,3542,B,9.99,1151
3543,3543,A,12.61,1065
3544,3544,B,8.78,1107
3545,3545,C,13.82,1178
3546,3546,A,10.62,981
3547,3547,B,13.41,997
3548,3548,A,11.24,988
3549,3549,C,9.94,911
3550,3550,A,8.59,1055
3551,3551,A,17.44,1071
3552,3552,C,10.84,1120
3553,3553,B,10.74,966
3554,3554,C,9.17,1057
3555,3555,A,13.02,1055
3556,3556,reject,16.02,1132
3557,3557,B,14.71,909
3558,3558,A,12.89,1094
3559,3559,A,13.26,1022
3560,3560,A,8.97,1112
3561,3561,A,17.55,1071
3562,3562,A,15.86,990
3563,3563,B,8.53,1093
3564,3564,C,10.63,1178
3565,3565,A,10.09,1065
3566,3566,B,12.9,1113
3567,3567,A,13.55,1000
3568,3568,A,9.35,1107
3569,3569,C,11.78,968
3570,3570,B,9.61,976
3571,3571,A,17.42,1021
3572,3572,B,9.95,959
3573,3573,C,15.25,913
3574,3574,A,17.08,1022
3575,3575,C,17.65,1088
3576,3576,B,14.01,1126
3577,3577,B,16.5,1016
3578,3578,B,15.68,935
3579,3579,A,16.68,1130
3580,3580,A,9.59,1115
3581,3581,A,8.68,1042
3582,3582,C,17.85,925
3583,3583,A,8.8,967
3584,3584,C,8.76,1094
3585,3585,A,8.98,983
3586,3586,B,11.4,961
3587,3587,C,14.0,1118
3588,3588,A,13.02,1047
3589,3589,B,15.17,1012
3590,3590,A,10.78,1069
3591,3591,reject,17.48,1188
3592,3592,B,14.0,1124
3593,3593,A,15.47,1199
3594,3594,B,15.44,1159
3595,3595,A,17.32,973
3596,3596,C,14.26,924
3597,3597,B,17.91,1172
3598,3598,C,15.15,1070
3599,3599,C,9.59,1191
3600,3600,A,12.46,1083
3601,3601,A,16.73,1175
3602,3602,B,17.68,995
3603,3603,C,15.02,927
3604,3604,A,14.87,1046
3605,3605,C,15.33,912
3606,3606,B,10.53,1094
3607,3607,C,13.31,1191
3608,3608,B,9.72,1030
3609,3609,C,15.71,955
3610,3610,A,10.24,968
3611,3611,A,15.94,1063
3612,3612,C,16.8,1035
3613,3613,B,11.31,988
3614,3614,A,11.99,1163
3615,3615,B,10.97,1160
3616,3616,B,11.35,944
3617,3617,A,13.77,1197
3618,3618,reject,9.27,1034
3619,3619,A,9.53,1061
3620,3620,C,15.85,1123
3621,3621,A,11.17,1078
3622,3622,B,10.73,969
3623,3623,C,13.58,1100
3624,3624,C,15.07,933
3625,3625,B,9.8,1090
3626,3626,reject,13.77,925
3627,3627,C,9.63,1130
3628,3628,A,11.23,1154
3629,3629,A,12.72,992
3630,3630,C,13.08,1075
3631,3631,B,12.38,1001
3632,3632,C,17.07,1056
3633,3633,A,8.89,993
3634,3634,B,12.08,912
3635,3635,B,11.72,972
3636,3636,A,8.72,985
3637,3637,C,11.02,949
3638,3638,B,9.8,1094
3639,3639,C,16.27,1026
3640,3640,A,8.7,1159
3641,3641,B,10.19,1011
3642,3642,A,15.83,975
3643,3643,A,16.41,1062
3644,3644,B,14.89,991
3645,3645,A,14.86,1136
3646,3646,C,16.96,1059
3647,3647,C,11.21,979
3648,3648,A,12.44,1140
3649,3649,B,8.18,1082
3650,3650,A,16.11,993
3651,3651,B,9.65,1110
3652,3652,reject,16.07,904
3653,3653,A,8.15,1083
3654,3654,C,17.23,1184
3655,3655,B,11.38,1110
3656,3656,A,14.97,1086
3657,3657,C,16.81,1109
3658,3658,A,17.94,1198
3659,3659,B,16.08,925
3660,3660,A,13.81,1131
3661,3661,C,15.58,999
3662,3662,A,13.67,1074
3663,3663,C,13.83,1169
3664,3664,A,11.01,998
3665,3665,B,13.79,939
3666,3666,A,12.61,972
3667,3667,C,13.97,1015
3668,3668,C,15.68,931
3669,3669,A,10.88,1033
3670,3670,B,8.32,1100
3671,3671,B,8.77,1069
3672,3672,A,15.34,988
3673,3673,A,9.39,930
3674,3674,B,8.69,947
3675,3675,B,14.08,1058
3676,3676,A,13.34,1100
3677,3677,B,15.93,1074
3678,3678,reject,11.67,1046
3679,3679,A,11.37,1122
3680,3680,B,12.41,1152
3681,3681,B,14.23,937
3682,3682,B,9.74,963
3683,3683,A,16.05,1157
3684,3684,C,17.47,1057
3685,3685,A,12.59,981
3686,3686,A,10.35,1158
3687,3687,A,15.4,1147
3688,3688,A,14.39,1149
3689,3689,A,9.28,960
3690,3690,B,15.49,1013
3691,3691,A,15.11,1175
3692,3692,B,14.36,1025
3693,3693,C,14.99,1078
3694,3694,A,8.58,941
3695,3695,B,12.55,1022
3696,3696,reject,10.22,970
3697,3697,B,14.56,1145
3698,3698,B,12.65,1138
3699,3699,A,9.58,901
3700,3700,B,9.1,971
3701,3701,A,10.58,1193
3702,3702,B,8.96,903
3703,3703,A,15.07,936
3704,3704,B,8.74,994
3705,3705,A,16.81,1125
3706,3706,A,13.47,1134
3707,3707,B,11.09,1057
3708,3708,C,17.78,1096
3709,3709,reject,10.61,959
3710,3710,A,10.59,1180
3711,3711,C,14.95,1188
3712,3712,B,17.73,980
3713,3713,B,11.41,1026
3714,3714,reject,11.62,1030
3715,3715,C,16.66,1014
3716,3716,C,12.16,1079
3717,3717,B,15.51,1149
3718,3718,A,13.49,902
3719,3719,B,9.6,907
3720,3720,B,13.45,1170
3721,3721,C,13.97,1072
3722,3722,A,12.21,1017
3723,3723,A,8.17,1177
3724,3724,B,15.13,1175
3725,3725,A,12.73,1091
3726,3726,B,15.36,1197
3727,3727,C,17.57,987
3728,3728,A,17.04,1159
3729,3729,A,13.46,1090
3730,3730,A,17.72,1068
3731,3731,B,12.61,909
3732,3732,A,15.53,989
3733,3733,B,15.86,1114
3734,3734,B,12.37,1105
3735,3735,B,10.61,966
3736,3736,reject,16.39,959
3737,3737,B,10.48,1061
3738,3738,B,17.4,1111
3739,3739,A,14.97,950
3740,3740,A,12.65,1093
3741,3741,B,9.29,1147
3742,3742,A,15.07,1104
3743,3743,A,13.65,1014
3744,3744,A,11.69,959
3745,3745,C,8.85,969
3746,3746,B,14.97,1186
3747,3747,A,13.55,1092
3748,3748,B,15.2,946
3749,3749,C,10.15,1014
3750,3750,A,13.0,1022
3751,3751,A,16.91,1112
3752,3752,C,12.43,1118
3753,3753,B,14.67,1100
3754,3754,A,12.17,924
3755,3755,B,10.8,938
3756,3756,A,9.16,1096
3757,3757,A,15.85,995
3758,3758,B,9.54,970
3759,3759,B,11.76,1021
3760,3760,B,13.22,978
3761,3761,A,16.03,1114
3762,3762,A,10.55,939
3763,3763,B,10.64,1012
3764,3764,B,17.2,1122
3765,3765,B,11.74,1200
3766,3766,A,9.16,946
3767,3767,A,14.07,1052
3768,3768,C,8.12,1185
3769,3769,A,11.51,939
3770,3770,C,8.36,987
3771,3771,B,10.36,914
3772,3772,C,10.01,1030
3773,3773,B,16.66,1069
3774,3774,B,16.07,1106
3775,3775,B,12.55,1000
3776,3776,C,9.78,1026
3777,3777,B,16.03,1189
3778,3778,B,11.07,1173
3779,3779,A,14.12,1124
3780,3780,B,14.41,933
3781,3781,A,13.21,1111
3782,3782,reject,17.25,1118
3783,3783,A,13.56,1133
3784,3784,A,16.27,1117
3785,3785,B,13.85,1171
3786,3786,A,8.92,1165
3787,3787,A,10.96,1078
3788,3788,B,14.75,1096
3789,3789,B,17.9,1116
3790,3790,B,11.66,980
3791,3791,C,10.77,1044
3792,3792,A,12.06,1024
3793,3793,B,10.25,997
3794,3794,B,15.99,1189
3795,3795,B,17.06,1156
3796,3796,reject,8.08,1123
3797,3797,B,10.66,1130
3798,3798,C,12.94,1067
3799,3799,B,15.97,1030
3800,3800,C,14.96,1024
3801,3801,A,9.97,902
3802,3802,C,10.97,1004
3803,3803,A,13.37,919
3804,3804,C,9.22,979
3805,3805,A,14.32,1170
3806,3806,A,16.15,1009
3807,3807,B,9.73,1090
3808,3808,reject,11.05,993
3809,3809,A,8.67,1046
3810,3810,B,17.11,1110
3811,3811,B,8.23,1189
3812,3812,reject,11.11,1164
3813,3813,B,11.63,1066
3814,3814,A,14.16,1195
3815,3815,B,10.94,1028
3816,3816,B,17.1,999
3817,3817,B,14.7,1200
3818,3818,C,9.64,948
3819,3819,B,9.19,962
3820,3820,C,17.74,1058
3821,3821,A,17.06,924
3822,3822,C,11.62,950
3823,3823,B,9.76,1144
3824,3824,A,10.12,908
3825,3825,A,8.43,971
3826,3826,A,8.24,1153
3827,3827,A,14.1,976
3828,3828,A,15.75,1077
3829,3829,B,14.28,1197
3830,3830,B,9.67,1111
3831,3831,A,9.58,939
3832,3832,B,11.07,1049
3833,3833,reject,14.01,946
3834,3834,B,14.92,960
3835,3835,A,14.55,910
3836,3836,B,9.98,1170
3837,3837,C,15.14,1063
3838,3838,B,12.07,952
3839,3839,C,14.08,1026
3840,3840,reject,10.89,1078
3841,3841,B,9.97,942
3842,3842,A,8.64,1007
3843,3843,A,12.63,1166
3844,3844,A,10.07,992
3845,3845,A,10.77,1081
3846,3846,B,14.44,1178
3847,3847,A,13.08,1151
3848,3848,A,17.36,917
3849,3849,B,15.72,906
3850,3850,B,17.11,1005
3851,3851,A,13.09,977
3852,3852,C,11.9,1106
3853,3853,C,11.63,1103
3854,3854,B,8.3,941
3855,3855,reject,14.3,1193
3856,3856,C,12.44,973
3857,3857,A,9.38,946
3858,3858,A,9.52,945
3859,3859,A,16.47,999
3860,3860,A,15.52,1183
3861,3861,B,11.87,1049
3862,3862,A,17.12,931
3863,3863,B,13.17,1037
3864,3864,reject,14.84,921
3865,3865,C,16.65,1024
3866,3866,B,10.97,1001
3867,3867,B,9.03,1109
3868,3868,C,16.53,985
3869,3869,B,9.33,997
3870,3870,A,15.23,945
3871,3871,reject,13.32,1079
3872,3872,A,8.17,1183
3873,3873,A,11.2,970
3874,3874,B,16.38,1130
3875,3875,reject,9.41,1135
3876,3876,A,11.47,1106
3877,3877,B,12.18,966
3878,3878,B,17.84,1078
3879,3879,B,15.84,980
3880,3880,C,14.58,985
3881,3881,B,14.7,1141
3882,3882,B,8.78,1155
3883,3883,C,16.88,944
3884,3884,C,13.16,1037
3885,3885,B,16.04,1092
3886,3886,reject,17.47,1027
3887,3887,B,9.96,1016
3888,3888,A,9.06,984
3889,3889,B,12.72,959
3890,3890,A,10.14,1098
3891,3891,A,13.08,991
3892,3892,A,16.74,958
3893,3893,B,12.6,1122
3894,3894,B,16.45,1198
3895,3895,A,12.65,956
3896,3896,A,9.34,1186
3897,3897,B,17.95,1002
3898,3898,B,10.71,913
3899,3899,B,10.6,1124
3900,3900,B,13.47,927
3901,3901,reject,9.35,1122
3902,3902,reject,13.82,1103
3903,3903,B,12.7,988
3904,3904,B,8.13,903
3905,3905,B,13.84,973
3906,3906,C,14.24,1089
3907,3907,A,16.37,1074
3908,3908,B,14.48,1171
3909,3909,C,10.14,1083
3910,3910,C,12.48,980
3911,3911,B,13.47,1189
3912,3912,B,12.97,975
3913,3913,A,13.48,925
3914,3914,A,14.76,1139
3915,3915,B,12.89,1177
3916,3916,A,16.82,1139
3917,3917,C,13.56,1191
3918,3918,C,13.1,1011
3919,3919,reject,13.44,912
3920,3920,C,11.08,979
3921,3921,B,15.24,1077
3922,3922,A,17.27,1058
3923,3923,B,8.34,909
3924,3924,C,17.24,917
3925,3925,C,9.23,1054
3926,3926,A,10.79,1106
3927,3927,A,9.38,1035
3928,3928,A,11.03,906
3929,3929,B,16.63,1064
3930,3930,A,8.96,1084
3931,3931,A,12.38,1158
3932,3932,B,13.47,1108
3933,3933,B,10.23,914
3934,3934,B,15.86,982
3935,3935,A,9.07,1018
3936,3936,B,11.5,985
3937,3937,A,10.13,996
3938,3938,B,14.7,1116
3939,3939,reject,9.72,1033
3940,3940,A,17.22,957
3941,3941,B,11.07,1128
3942,3942,B,15.9,975
3943,3943,C,8.74,1085
3944,3944,B,10.8,1158
3945,3945,A,9.05,1001
3946,3946,C,14.21,1091
3947,3947,B,13.43,1147
3948,3948,A,16.5,1166
3949,3949,C,9.14,1122
3950,3950,B,11.34,1121
3951,3951,C,14.74,929
3952,3952,reject,8.85,956
3953,3953,B,16.71,1006
3954,3954,C,9.59,1006
3955,3955,B,12.32,1102
3956,3956,A,11.06,1086
3957,3957,A,9.82,955
3958,3958,reject,11.59,1005
3959,3959,C,14.07,904
3960,3960,C,16.98,1098
3961,3961,C,13.72,1097
3962,3962,B,8.43,908
3963,3963,A,8.91,920
3964,3964,C,12.8,1000
3965,3965,B,15.88,1016
3966,3966,A,11.32,904
3967,3967,C,15.01,962
3968,3968,B,12.89,1193
3969,3969,A,16.29,1066
3970,3970,B,16.59,912
3971,3971,C,14.86,991
3972,3972,A,16.02,1023
3973,3973,B,12.61,995
3974,3974,B,15.94,924
3975,3975,A,13.1,1165
3976,3976,A,11.45,911
3977,3977,B,17.57,1041
3978,3978,B,11.24,974
3979,3979,C,14.85,1117
3980,3980,B,15.53,1200
3981,3981,A,8.02,1032
3982,3982,B,11.84,1117
3983,3983,A,9.39,913
3984,3984,A,16.32,1165
3985,3985,B,12.73,1121
3986,3986,C,8.97,1192
3987,3987,reject,17.52,1079
3988,3988,A,16.03,948
3989,3989,A,16.98,1152
3990,3990,reject,9.79,953
3991,3991,B,16.03,1092
3992,3992,B,15.64,1134
3993,3993,C,16.74,904
3994,3994,C,12.07,1194
3995,3995,C,13.34,918
3996,3996,A,8.65,1171
3997,3997,B,11.34,1189
3998,3998,B,8.42,1124
3999,3999,B,13.7,1062
4000,4000,B,12.65,1038
4001,4001,A,13.32,970
4002,4002,C,8.16,913
4003,4003,B,8.19,1052
4004,4004,B,9.33,952
4005,4005,A,10.76,1154
4006,4006,B,9.7,1149
4007,4007,A,8.84,1024
4008,4008,A,13.83,1175
4009,4009,A,13.43,1199
4010,4010,C,17.2,1186
4011,4011,B,16.22,950
4012,4012,C,14.73,1081
4013,4013,C,13.0,1011
4014,4014,A,14.17,917
4015,4015,C,16.72,1156
4016,4016,B,9.88,909
4017,4017,A,17.34,1165
4018,4018,A,8.74,1181
4019,4019,B,9.76,1033
4020,4020,A,9.77,966
4021,4021,C,14.22,984
4022,4022,C,13.54,929
4023,4023,C,14.85,1116
4024,4024,B,13.95,961
4025,4025,A,8.27,1144
4026,4026,B,11.88,961
4027,4027,A,12.92,915
4028,4028,B,11.81,1085
4029,4029,B,14.93,1108
4030,4030,B,14.83,977
4031,4031,A,13.03,954
4032,4032,A,14.3,1097
4033,4033,B,14.27,978
4034,4034,A,10.04,929
4035,4035,B,12.01,971
4036,4036,C,9.12,933
4037,4037,B,14.03,909
4038,4038,B,13.17,929
4039,4039,B,17.51,1155
4040,4040,B,14.55,1122
4041,4041,A,12.67,948
4042,4042,C,14.58,1083
4043,4043,A,13.55,971
4044,4044,A,9.19,969
4045,4045,B,15.3,951
4046,4046,B,17.84,909
4047,4047,A,10.31,1096
4048,4048,B,12.02,1095
4049,4049,C,11.4,1143
4050,4050,A,12.08,955
4051,4051,B,12.49,1196
4052,4052,B,17.93,1186
4053,4053,A,15.56,1038
4054,4054,B,16.87,1182
4055,4055,B,10.04,1131
4056,4056,A,8.23,1070
4057,4057,reject,8.2,1040
4058,4058,A,10.52,937
4059,4059,A,17.35,937
4060,4060,A,13.85,1125
4061,4061,C,15.56,984
4062,4062,A,13.55,1071
4063,4063,A,12.69,1123
4064,4064,C,16.21,1171
4065,4065,B,17.47,912
4066,4066,A,14.12,1133
4067,4067,B,11.14,943
4068,4068,B,16.28,977
4069,4069,A,9.17,1044
4070,4070,C,14.57,931
4071,4071,B,11.67,1057
4072,4072,A,13.34,936
4073,4073,B,8.24,1066
4074,4074,A,17.02,929
4075,4075,A,11.64,1097
4076,4076,A,14.64,1033
4077,4077,C,11.02,1148
4078,4078,B,11.69,1191
4079,4079,B,11.11,1133
4080,4080,A,14.43,1040
4081,4081,A,9.32,1092
4082,4082,A,14.99,1108
4083,4083,C,13.31,938
4084,4084,B,14.57,1129
4085,4085,C,17.34,980
4086,4086,C,9.03,1173
4087,4087,B,10.86,1031
4088,4088,reject,14.38,1107
4089,4089,A,8.2,1179
4090,4090,B,15.63,1120
4091,4091,A,8.1,970
4092,4092,C,11.25,1119
4093,4093,A,12.49,999
4094,4094,B,14.41,1004
4095,4095,A,9.51,912
4096,4096,reject,16.32,1043
4097,4097,C,9.12,907
4098,4098,reject,15.05,995
4099,4099,B,9.11,1140
4100,4100,B,14.9,1066
4101,4101,B,15.12,1082
4102,4102,A,13.58,984
4103,4103,C,11.32,994
4104,4104,C,11.64,1172
4105,4105,A,14.22,932
4106,4106,A,15.41,1054
4107,4107,B,10.69,1076
4108,4108,B,14.7,1010
4109,4109,B,14.51,1196
4110,4110,A,11.1,999
4111,4111,C,10.97,1191
4112,4112,A,10.75,1077
4113,4113,B,14.88,991
4114,4114,A,10.37,931
4115,4115,B,11.14,940
4116,4116,A,8.31,931
4117,4117,B,15.53,1090
4118,4118,A,13.09,1027
4119,4119,B,9.1,987
4120,4120,reject,11.03,1187
4121,4121,C,9.17,907
4122,4122,B,10.08,1189
4123,4123,C,14.83,1037
4124,4124,C,10.66,903
4125,4125,B,14.35,926
4126,4126,C,10.9,1083
4127,4127,B,8.23,956
4128,4128,B,12.55,1158
4129,4129,A,16.81,908
4130,4130,A,15.6,1177
4131,4131,C,8.75,914
4132,4132,B,11.7,983
4133,4133,A,13.14,1119
4134,4134,B,15.37,1092
4135,4135,A,13.26,1097
4136,4136,C,16.19,1017
4137,4137,C,13.2,991
4138,4138,B,14.52,928
4139,4139,A,9.74,1121
4140,4140,B,15.11,1154
4141,4141,A,14.6,1045
4142,4142,A,16.97,1200
4143,4143,B,9.56,965
4144,4144,B,17.45,975
4145,4145,A,17.52,1184
4146,4146,A,13.21,1153
4147,4147,B,16.76,1078
4148,4148,A,10.98,1036
4149,4149,B,9.47,1089
4150,4150,B,15.81,1108
4151,4151,B,13.47,942
4152,4152,A,15.74,1111
4153,4153,A,12.88,960
4154,4154,A,17.45,1019
4155,4155,A,12.04,1035
4156,4156,A,17.47,978
4157,4157,C,11.31,1070
4158,4158,B,14.64,1159
4159,4159,A,14.74,1195
4160,4160,A,14.9,1200
4161,4161,B,10.45,1002
4162,4162,C,17.62,1016
4163,4163,B,15.4,1036
4164,4164,A,11.29,1016
4165,4165,B,10.54,1096
4166,4166,A,10.79,942
4167,4167,A,10.5,1172
4168,4168,A,16.45,957
4169,4169,B,13.2,1082
4170,4170,A,11.74,1129
4171,4171,B,17.17,961
4172,4172,A,11.06,989
4173,4173,A,15.94,985
4174,4174,C,17.91,941
4175,4175,A,8.3,1026
4176,4176,B,16.81,974
4177,4177,A,9.12,1180
4178,4178,B,13.88,926
4179,4179,A,15.39,1093
4180,4180,A,14.91,1101
4181,4181,A,9.52,1113
4182,4182,A,16.7,953
4183,4183,B,15.41,1001
4184,4184,A,16.9,1037
4185,4185,A,16.32,1033
4186,4186,B,12.63,999
4187,4187,B,16.54,941
4188,4188,A,9.85,1167
4189,4189,A,17.25,1197
4190,4190,A,16.23,1012
4191,4191,A,16.29,980
4192,4192,C,17.67,1069
4193,4193,A,17.94,981
4194,4194,B,10.58,1112
4195,4195,A,15.5,1142
4196,4196,A,17.91,1150
4197,4197,A,10.02,1020
4198,4198,B,11.62,1078
4199,4199,B,10.08,1037
4200,4200,B,10.53,1169
4201,4201,C,13.47,922
4202,4202,B,9.87,986
4203,4203,B,8.38,1069
4204,4204,A,16.52,1007
4205,4205,A,15.71,904
4206,4206,B,15.73,1086
4207,4207,A,14.51,935
4208,4208,B,8.18,1195
4209,4209,B,8.64,1068
4210,4210,B,14.35,1101
4211,4211,C,12.86,1009
4212,4212,A,13.44,1123
4213,4213,B,14.25,1119
4214,4214,A,16.52,908
4215,4215,C,12.08,1107
4216,4216,C,9.39,1172
4217,4217,B,8.88,1017
4218,4218,C,10.57,1133
4219,4219,A,13.28,1182
4220,4220,C,12.75,1076
4221,4221,B,16.08,1179
4222,4222,A,13.56,1097
4223,4223,A,10.36,934
4224,4224,A,11.17,1114
4225,4225,C,13.92,1045
4226,4226,C,16.76,1000
4227,4227,C,15.01,1027
4228,4228,C,14.39,1123
4229,4229,B,15.03,965
4230,4230,A,16.81,1170
4231,4231,A,11.49,1055
4232,4232,A,13.13,1085
4233,4233,B,13.02,963
4234,4234,A,13.48,921
4235,4235,A,11.68,1114
4236,4236,B,10.06,955
4237,4237,C,8.85,1139
4238,4238,A,17.25,933
4239,4239,A,12.33,1182
4240,4240,B,17.53,994
4241,4241,A,8.65,1041
4242,4242,C,12.65,1151
4243,4243,A,12.85,1193
4244,4244,C,14.91,1171
4245,4245,C,16.26,1040
4246,4246,A,8.62,1047
4247,4247,B,10.32,1143
4248,4248,B,10.65,955
4249,4249,B,11.74,1103
4250,4250,A,14.91,1097
4251,4251,B,16.25,1176
4252,4252,B,17.76,1103
4253,4253,B,9.9,1056
4254,4254,A,10.37,1144
4255,4255,C,9.54,925
4256,4256,B,16.04,1185
4257,4257,C,17.95,1179
4258,4258,B,8.2,1106
4259,4259,A,12.3,995
4260,4260,A,17.51,1023
4261,4261,reject,13.08,962
4262,4262,A,13.04,991
4263,4263,B,14.91,1140
4264,4264,A,9.91,942
4265,4265,reject,16.21,1112
4266,4266,C,17.51,940
4267,4267,A,11.88,919
4268,4268,B,12.14,1069
4269,4269,B,10.95,989
4270,4270,A,12.55,1013
4271,4271,A,14.05,1119
4272,4272,B,16.05,1035
4273,4273,A,15.53,1177
4274,4274,B,14.46,1131
4275,4275,A,15.19,1188
4276,4276,A,11.96,917
4277,4277,B,12.53,1131
4278,4278,C,8.56,926
4279,4279,reject,14.6,1005
4280,4280,A,10.45,1060
4281,4281,B,17.5,1164
4282,4282,A,15.16,1169
4283,4283,C,12.99,1184
4284,4284,C,14.82,1014
4285,4285,B,17.0,1061
4286,4286,B,13.14,928
4287,4287,B,14.47,1043
4288,4288,A,8.56,1169
4289,4289,B,10.21,1055
4290,4290,B,17.96,1077
4291,4291,B,15.99,1054
4292,4292,A,15.97,1098
4293,4293,B,8.07,1131
4294,4294,A,14.45,1173
4295,4295,C,12.09,976
4296,4296,B,12.18,1198
4297,4297,C,11.59,961
4298,4298,C,14.0,968
4299,4299,B,14.56,1067
4300,4300,A,14.0,1116
4301,4301,B,11.43,1091
4302,4302,C,12.46,1135
4303,4303,A,9.59,1042
4304,4304,reject,15.54,1127
4305,4305,B,13.7,1134
4306,4306,B,14.8,1172
4307,4307,C,11.67,901
4308,4308,B,11.9,1174
4309,4309,B,8.04,1140
4310,4310,B,11.74,1008
4311,4311,B,10.71,1164
4312,4312,A,14.95,999
4313,4313,A,12.44,1037
4314,4314,C,15.83,920
4315,4315,B,9.18,962
4316,4316,B,9.52,1172
4317,4317,A,17.78,957
4318,4318,A,12.8,1065
4319,4319,C,13.52,909
4320,4320,C,13.09,1072
4321,4321,reject,11.6,1066
4322,4322,A,8.2,1154
4323,4323,B,10.64,1089
4324,4324,A,17.13,1197
4325,4325,A,16.95,1002
4326,4326,A,15.78,902
4327,4327,B,12.71,1023
4328,4328,A,9.8,1178
4329,4329,A,14.3,923
4330,4330,A,14.89,1115
4331,4331,C,13.83,972
4332,4332,C,9.78,1163
4333,4333,A,14.74,1136
4334,4334,C,15.9,1133
4335,4335,B,11.24,975
4336,4336,B,17.34,988
4337,4337,A,12.1,1117
4338,4338,A,16.75,951
4339,4339,C,9.39,1141
4340,4340,A,9.97,1120
4341,4341,B,13.99,1097
4342,4342,A,14.18,928
4343,4343,C,8.12,1118
4344,4344,C,11.51,997
4345,4345,C,16.19,1101
4346,4346,B,12.36,1085
4347,4347,C,16.34,1128
4348,4348,C,10.93,918
4349,4349,C,8.21,946
4350,4350,A,14.73,1138
4351,4351,C,9.06,1178
4352,4352,A,9.9,1110
4353,4353,A,11.61,1109
4354,4354,B,9.9,990
4355,4355,C,8.85,922
4356,4356,A,17.07,930
4357,4357,B,17.84,1170
4358,4358,C,13.99,1178
4359,4359,A,14.82,937
4360,4360,A,17.91,958
4361,4361,A,17.41,1096
4362,4362,B,13.81,955
4363,4363,C,14.31,1073
4364,4364,reject,10.98,1134
4365,4365,B,13.91,1181
4366,4366,B,8.37,1014
4367,4367,C,14.44,941
4368,4368,B,15.84,1049
4369,4369,C,14.38,1068
4370,4370,C,16.32,1068
4371,4371,B,9.9,1146
4372,4372,A,11.0,1072
4373,4373,C,12.08,1105
4374,4374,reject,15.18,1084
4375,4375,B,17.92,1171
4376,4376,A,16.32,940
4377,4377,B,15.37,1194
4378,4378,A,14.01,1004
4379,4379,A,8.34,1021
4380,4380,A,16.87,938
4381,4381,B,16.23,1071
4382,4382,A,14.99,947
4383,4383,A,15.53,1063
4384,4384,B,15.49,954
4385,4385,B,17.34,985
4386,4386,A,8.1,1025
4387,4387,A,13.16,1017
4388,4388,A,14.53,924
4389,4389,A,13.48,1031
4390,4390,C,13.34,923
4391,4391,B,15.64,945
4392,4392,B,17.36,1157
4393,4393,C,15.23,1024
4394,4394,C,14.82,1005
4395,4395,C,13.73,1191
4396,4396,A,12.95,1104
4397,4397,A,8.95,977
4398,4398,A,17.5,1007
4399,4399,A,12.88,1170
4400,4400,B,8.95,996
4401,4401,B,8.51,1098
4402,4402,B,15.25,1098
4403,4403,A,14.07,1192
4404,4404,C,15.42,1049
4405,4405,A,9.35,1107
4406,4406,B,16.98,1047
4407,4407,A,13.53,1125
4408,4408,A,17.48,1081
4409,4409,C,11.98,1188
4410,4410,B,8.22,912
4411,4411,C,10.12,1090
4412,4412,A,14.56,1132
4413,4413,C,9.27,1019
4414,4414,A,12.03,1005
4415,4415,B,16.09,1180
4416,4416,A,13.42,1144
4417,4417,C,11.82,1084
4418,4418,A,14.86,1046
4419,4419,B,15.08,1153
4420,4420,B,16.71,1175
4421,4421,B,14.16,923
4422,4422,A,12.61,913
4423,4423,reject,15.52,1161
4424,4424,C,9.46,1061
4425,4425,A,11.5,1122
4426,4426,A,14.54,1118
4427,4427,A,17.34,987
4428,4428,A,9.11,1132
4429,4429,B,8.51,1075
4430,4430,A,16.62,1175
4431,4431,B,8.88,1070
4432,4432,A,15.59,908
4433,4433,A,9.11,921
4434,4434,A,8.6,1054
4435,4435,B,15.28,903
4436,4436,C,14.64,1009
4437,4437,A,17.15,1118
4438,4438,A,11.19,1167
4439,4439,C,11.49,1166
4440,4440,B,9.77,995
4441,4441,A,12.03,983
4442,4442,reject,15.17,1164
4443,4443,B,12.8,1000
4444,4444,B,9.57,949
4445,4445,A,10.44,957
4446,4446,B,11.75,985
4447,4447,A,10.68,1174
4448,4448,reject,14.66,1011
4449,4449,A,12.91,949
4450,4450,C,8.38,996
4451,4451,A,11.49,908
4452,4452,A,9.54,1158
4453,4453,B,13.24,1151
4454,4454,A,12.9,967
4455,4455,B,14.51,1087
4456,4456,C,8.14,1125
4457,4457,C,14.38,908
4458,4458,C,16.29,1144
4459,4459,A,8.5,1005
4460,4460,A,17.63,1027
4461,4461,A,11.44,979
4462,4462,A,12.68,927
4463,4463,B,13.22,1064
4464,4464,C,13.68,1099
4465,4465,A,9.76,1185
4466,4466,A,14.84,1051
4467,4467,A,16.08,1090
4468,4468,B,14.69,1181
4469,4469,A,13.48,934
4470,4470,B,12.11,1098
4471,4471,A,13.74,926
4472,4472,C,17.63,1083
4473,4473,A,14.08,1170
4474,4474,A,14.9,1195
4475,4475,B,8.63,1060
4476,4476,reject,17.31,971
4477,4477,B,8.55,905
4478,4478,B,14.82,1180
4479,4479,A,11.87,1049
4480,4480,A,14.51,920
4481,4481,C,17.16,938
4482,4482,B,13.32,1108
4483,4483,C,12.02,1167
4484,4484,A,11.89,937
4485,4485,A,12.26,1030
4486,4486,C,16.96,983
4487,4487,reject,11.27,1031
4488,4488,reject,12.81,1117
4489,4489,C,9.23,1023
4490,4490,B,14.43,1169
4491,4491,B,14.71,1061
4492,4492,A,9.92,955
4493,4493,A,13.75,974
4494,4494,A,16.76,1026
4495,4495,A,10.26,1062
4496,4496,B,8.09,1080
4497,4497,A,13.7,1130
4498,4498,A,9.17,1011
4499,4499,B,11.14,1030
4500,4500,A,8.3,1071
4501,4501,B,15.23,1115
4502,4502,reject,12.33,1090
4503,4503,C,14.59,1131
4504,4504,B,9.96,1017
4505,4505,A,15.91,968
4506,4506,A,9.61,1165
4507,4507,A,10.95,1092
4508,4508,A,9.55,1142
4509,4509,A,12.78,1161
4510,4510,C,16.95,1131
4511,4511,C,14.85,936
4512,4512,A,15.54,1172
4513,4513,B,9.95,1040
4514,4514,A,10.99,902
4515,4515,A,11.76,909
4516,4516,reject,17.5,956
4517,4517,A,11.32,1075
4518,4518,B,16.57,1002
4519,4519,A,14.0,1073
4520,4520,C,10.16,1173
4521,4521,A,12.48,903
4522,4522,A,11.61,1107
4523,4523,B,11.58,989
4524,4524,A,14.67,975
4525,4525,A,8.77,1062
4526,4526,B,16.88,1065
4527,4527,B,14.83,1147
4528,4528,A,8.6,1074
4529,4529,C,15.12,1136
4530,4530,B,16.06,1031
4531,4531,A,13.93,902
4532,4532,A,13.72,1009
4533,4533,A,12.25,1198
4534,4534,A,11.49,1076
4535,4535,A,14.01,936
4536,4536,C,17.86,1195
4537,4537,B,16.76,951
4538,4538,B,11.6,1135
4539,4539,B,17.45,1048
4540,4540,A,9.67,1193
4541,4541,B,13.12,1074
4542,4542,B,10.41,1036
4543,4543,C,14.66,1092
4544,4544,A,17.17,1023
4545,4545,B,10.78,936
4546,4546,C,14.76,961
4547,4547,C,12.18,1197
4548,4548,A,10.19,1008
4549,4549,B,15.29,981
4550,4550,B,14.37,1017
4551,4551,B,16.84,1182
4552,4552,B,8.63,1070
4553,4553,B,8.6,1073
4554,4554,A,10.35,1137
4555,4555,B,10.95,1034
4556,4556,B,12.44,1053
4557,4557,B,8.54,1100
4558,4558,A,16.53,915
4559,4559,B,16.95,1004
4560,4560,B,13.23,1181
4561,4561,C,9.98,931
4562,4562,A,17.93,999
4563,4563,A,14.36,1194
4564,4564,A,16.32,1081
4565,4565,reject,10.2,1014
4566,4566,A,9.36,909
4567,4567,C,11.1,1063
4568,4568,A,14.3,987
4569,4569,B,12.4,985
4570,4570,A,10.98,986
4571,4571,C,17.63,908
4572,4572,A,17.98,1041
4573,4573,C,10.12,1027
4574,4574,B,16.32,1135
4575,4575,B,12.46,1064
4576,4576,A,12.18,1131
4577,4577,B,16.55,1158
4578,4578,C,17.0,1039
4579,4579,A,10.52,1123
4580,4580,A,10.78,994
4581,4581,B,15.4,1197
4582,4582,B,15.73,910
4583,4583,A,17.37,1114
4584,4584,A,10.57,988
4585,4585,A,14.49,1114
4586,4586,A,9.15,1123
4587,4587,reject,9.56,954
4588,4588,C,17.98,1045
4589,4589,A,9.0,1035
4590,4590,C,10.89,903
4591,4591,C,17.04,1065
4592,4592,A,16.31,1163
4593,4593,A,11.69,950
4594,4594,A,13.94,1181
4595,4595,A,10.98,949
4596,4596,C,13.7,1087
4597,4597,B,13.81,1064
4598,4598,B,13.01,1052
4599,4599,C,17.13,1011
4600,4600,A,13.56,983
4601,4601,C,12.97,1092
4602,4602,C,10.26,916
4603,4603,A,12.2,990
4604,4604,A,8.23,952
4605,4605,B,8.55,946
4606,4606,B,17.01,910
4607,4607,B,10.74,1166
4608,4608,B,9.35,1007
4609,4609,C,12.71,1027
4610,4610,A,15.94,994
4611,4611,C,14.89,1185
4612,4612,A,12.99,1012
4613,4613,reject,15.11,992
4614,4614,A,14.59,1102
4615,4615,A,11.62,1128
4616,4616,reject,11.65,1152
4617,4617,B,15.53,1001
4618,4618,C,16.16,1049
4619,4619,A,8.13,957
4620,4620,B,14.43,910
4621,4621,reject,14.74,1037
4622,4622,C,17.31,901
4623,4623,A,9.39,971
4624,4624,A,8.75,915
4625,4625,A,10.6,1046
4626,4626,A,13.72,1098
4627,4627,B,16.59,969
4628,4628,A,8.06,1045
4629,4629,C,9.12,980
4630,4630,C,14.73,920
4631,4631,C,8.69,1006
4632,4632,B,8.68,1055
4633,4633,A,8.98,1167
4634,4634,C,17.87,956
4635,4635,A,14.42,1059
4636,4636,C,9.37,920
4637,4637,reject,11.38,920
4638,4638,C,17.08,1199
4639,4639,A,14.54,1010
4640,4640,A,11.76,1177
4641,4641,A,11.31,1011
4642,4642,A,15.07,932
4643,4643,A,14.74,1189
4644,4644,reject,16.72,1063
4645,4645,A,11.33,1177
4646,4646,A,12.63,1107
4647,4647,B,12.36,1115
4648,4648,reject,12.14,993
4649,4649,C,12.6,1098
4650,4650,A,8.15,1183
4651,4651,B,8.78,1130
4652,4652,A,10.04,1188
4653,4653,A,15.54,905
4654,4654,A,14.43,1015
4655,4655,B,14.36,1002
4656,4656,B,16.24,1127
4657,4657,A,14.26,1150
4658,4658,C,17.95,1135
4659,4659,A,12.06,913
4660,4660,A,12.52,1167
4661,4661,C,15.6,1042
4662,4662,B,15.34,991
4663,4663,B,16.71,1021
4664,4664,B,14.84,1019
4665,4665,C,14.26,1020
4666,4666,B,16.31,1079
4667,4667,reject,13.78,1119
4668,4668,B,8.22,1170
4669,4669,C,9.83,957
4670,4670,B,10.75,1192
4671,4671,B,10.23,1015
4672,4672,B,8.43,1169
4673,4673,B,9.23,980
4674,4674,A,17.88,1017
4675,4675,A,16.37,1028
4676,4676,reject,11.79,1070
4677,4677,B,12.98,1107
4678,4678,A,8.84,1048
4679,4679,B,17.71,911
4680,4680,A,13.46,1017
4681,4681,C,14.33,1114
4682,4682,A,16.36,1093
4683,4683,A,15.87,1076
4684,4684,B,8.34,1101
4685,4685,A,14.26,963
4686,4686,A,17.74,1064
4687,4687,A,17.68,954
4688,4688,A,11.39,1005
4689,4689,C,9.7,1137
4690,4690,B,17.74,1001
4691,4691,B,15.22,1155
4692,4692,A,10.18,1152
4693,4693,A,10.75,1198
4694,4694,B,16.41,1042
4695,4695,A,10.32,924
4696,4696,C,12.89,927
4697,4697,A,15.01,1117
4698,4698,A,9.79,925
4699,4699,B,17.59,1094
4700,4700,C,9.94,1009
4701,4701,B,17.06,1111
4702,4702,A,15.37,955
4703,4703,B,10.08,1094
4704,4704,A,8.34,1029
4705,4705,C,14.18,1181
4706,4706,reject,14.85,950
4707,4707,B,13.98,1177
4708,4708,C,12.68,1163
4709,4709,A,9.55,1023
4710,4710,B,15.68,971
4711,4711,A,14.64,1103
4712,4712,B,8.33,935
4713,4713,C,16.08,1097
4714,4714,A,14.1,1119
4715,4715,C,11.77,955
4716,4716,B,11.13,1136
4717,4717,C,16.1,965
4718,4718,B,10.0,932
4719,4719,A,17.64,1006
4720,4720,reject,14.6,911
4721,4721,reject,13.31,1163
4722,4722,A,8.8,1016
4723,4723,A,14.11,1072
4724,4724,A,11.48,1169
4725,4725,B,8.72,1109
4726,4726,B,14.06,1087
4727,4727,C,13.55,1146
4728,4728,A,12.39,1111
4729,4729,B,14.93,997
4730,4730,A,8.21,976
4731,4731,A,8.99,1011
4732,4732,reject,15.28,972
4733,4733,B,11.96,1057
4734,4734,A,9.63,949
4735,4735,B,13.22,964
4736,4736,A,15.7,1066
4737,4737,A,13.03,1099
4738,4738,B,15.81,1081
4739,4739,B,10.16,1153
4740,4740,B,16.17,1194
4741,4741,A,10.66,1046
4742,4742,A,11.68,1001
4743,4743,A,16.71,935
4744,4744,A,11.08,1042
4745,4745,A,17.72,1175
4746,4746,A,8.64,1039
4747,4747,B,11.11,939
4748,4748,B,9.61,1139
4749,4749,A,16.63,1043
4750,4750,C,9.11,1170
4751,4751,B,17.26,906
4752,4752,C,17.92,1090
4753,4753,B,13.41,1104
4754,4754,C,9.75,1190
4755,4755,B,9.93,947
4756,4756,B,13.95,1095
4757,4757,B,12.16,927
4758,4758,B,13.42,949
4759,4759,B,12.62,973
4760,4760,A,14.14,1119
4761,4761,B,14.37,943
4762,4762,A,8.71,1095
4763,4763,A,10.45,993
4764,4764,A,10.59,992
4765,4765,C,12.22,1031
4766,4766,B,16.48,1079
4767,4767,C,12.81,923
4768,4768,B,15.24,1076
4769,4769,B,14.9,1134
4770,4770,B,8.9,1038
4771,4771,A,15.84,945
4772,4772,B,17.01,1062
4773,4773,C,13.92,1120
4774,4774,A,10.66,1103
4775,4775,C,8.95,1066
4776,4776,C,16.88,955
4777,4777,A,15.66,945
4778,4778,B,9.26,1184
4779,4779,A,15.38,944
4780,4780,A,17.27,1109
4781,4781,B,10.04,1081
4782,4782,B,12.25,1010
4783,4783,A,12.96,1187
4784,4784,A,17.48,1086
4785,4785,A,10.59,1047
4786,4786,B,10.07,947
4787,4787,B,15.23,978
4788,4788,A,9.5,1157
4789,4789,A,8.11,1054
4790,4790,B,8.03,1167
4791,4791,A,13.22,1124
4792,4792,C,9.18,978
4793,4793,reject,9.67,1148
4794,4794,B,10.3,1185
4795,4795,A,13.09,1146
4796,4796,A,17.71,1186
4797,4797,B,16.03,1179
4798,4798,B,16.89,1033
4799,4799,A,11.81,1083
4800,4800,B,16.95,1040
4801,4801,C,11.2,918
4802,4802,A,13.68,904
4803,4803,A,14.84,927
4804,4804,B,9.15,1008
4805,4805,reject,9.76,1189
4806,4806,B,10.07,1186
4807,4807,A,15.08,969
4808,4808,B,9.03,1090
4809,4809,B,13.72,1094
4810,4810,B,14.96,1045
4811,4811,B,15.92,1141
4812,4812,C,15.71,1044
4813,4813,A,9.91,928
4814,4814,B,15.91,972
4815,4815,C,12.17,1090
4816,4816,B,15.58,1032
4817,4817,C,12.63,909
4818,4818,A,17.83,1151
4819,4819,A,13.22,1191
4820,4820,A,16.31,962
4821,4821,A,17.54,1046
4822,4822,A,11.45,1048
4823,4823,B,11.66,1010
4824,4824,B,15.87,1061
4825,4825,B,11.67,1023
4826,4826,A,12.15,1082
4827,4827,C,13.81,1144
4828,4828,A,8.57,1104
4829,4829,A,9.6,1142
4830,4830,B,13.54,996
4831,4831,C,16.55,1001
4832,4832,reject,15.64,1020
4833,4833,B,8.45,1173
4834,4834,B,8.09,1076
4835,4835,C,10.76,1067
4836,4836,B,12.82,1161
4837,4837,C,13.71,1180
4838,4838,A,13.74,1073
4839,4839,A,13.83,1071
4840,4840,C,9.97,987
4841,4841,A,17.14,1037
4842,4842,C,9.19,992
4843,4843,B,12.63,979
4844,4844,A,11.54,1067
4845,4845,B,8.28,1169
4846,4846,B,12.19,931
4847,4847,A,17.22,958
4848,4848,A,8.37,1063
4849,4849,A,10.61,1038
4850,4850,B,16.45,1177
4851,4851,A,11.06,1128
4852,4852,A,8.04,1118
4853,4853,reject,10.74,1143
4854,4854,A,15.95,1008
4855,4855,C,14.44,1000
4856,4856,B,16.8,1187
4857,4857,A,9.58,914
4858,4858,reject,17.94,1051
4859,4859,A,12.29,1142
4860,4860,A,14.85,1046
4861,4861,B,17.64,985
4862,4862,B,13.13,926
4863,4863,C,11.1,931
4864,4864,B,17.59,961
4865,4865,B,10.17,1155
4866,4866,A,16.12,903
4867,4867,C,16.99,1159
4868,4868,B,17.1,1081
4869,4869,A,16.57,907
4870,4870,A,9.87,1143
4871,4871,A,15.26,1116
4872,4872,B,17.86,1003
4873,4873,C,8.33,1139
4874,4874,B,12.54,998
4875,4875,B,9.53,919
4876,4876,B,12.28,925
4877,4877,B,11.08,902
4878,4878,C,16.73,1055
4879,4879,C,12.45,1013
4880,4880,B,8.38,1129
4881,4881,A,8.01,962
4882,4882,B,10.44,963
4883,4883,A,17.26,1163
4884,4884,A,8.33,1093
4885,4885,B,13.14,989
4886,4886,B,15.62,1101
4887,4887,B,14.37,1115
4888,4888,B,14.14,1165
4889,4889,A,11.01,1165
4890,4890,B,15.4,1068
4891,4891,C,14.06,1000
4892,4892,reject,10.92,1081
4893,4893,B,9.58,942
4894,4894,B,16.7,1187
4895,4895,B,11.56,1183
4896,4896,reject,17.23,1156
4897,4897,B,14.22,1072
4898,4898,reject,8.47,1127
4899,4899,A,11.5,1033
4900,4900,reject,17.05,1194
4901,4901,B,8.56,1114
4902,4902,B,10.52,1112
4903,4903,A,15.39,1184
4904,4904,reject,12.22,999
4905,4905,C,13.72,975
4906,4906,A,13.53,993
4907,4907,A,15.24,1147
4908,4908,B,14.75,1090
4909,4909,C,16.85,1122
4910,4910,A,11.49,969
4911,4911,A,8.83,919
4912,4912,B,13.66,1026
4913,4913,C,9.46,1061
4914,4914,A,10.36,1004
4915,4915,B,13.18,1133
4916,4916,C,17.78,907
4917,4917,A,16.0,1018
4918,4918,A,11.21,934
4919,4919,B,8.93,960
4920,4920,A,13.31,918
4921,4921,B,14.71,1055
4922,4922,A,13.49,999
4923,4923,C,9.38,1038
4924,4924,A,16.49,1178
4925,4925,A,10.63,951
4926,4926,C,8.1,949
4927,4927,C,9.82,1196
4928,4928,A,12.79,1052
4929,4929,A,13.93,1144
4930,4930,C,11.63,947
4931,4931,B,12.81,1141
4932,4932,B,12.26,1047
4933,4933,A,15.24,1030
4934,4934,A,12.18,965
4935,4935,B,16.95,949
4936,4936,A,17.54,1136
4937,4937,B,9.77,1102
4938,4938,A,17.91,1143
4939,4939,A,9.87,1134
4940,4940,reject,14.89,1181
4941,4941,A,8.33,1080
4942,4942,A,8.48,1135
4943,4943,C,8.53,988
4944,4944,A,9.48,1134
4945,4945,B,13.96,1091
4946,4946,B,14.49,1057
4947,4947,C,17.38,901
4948,4948,C,9.71,917
4949,4949,B,9.45,1083
4950,4950,A,14.59,919
4951,4951,B,10.73,903
4952,4952,C,16.82,915
4953,4953,B,8.94,1186
4954,4954,A,15.29,1089
4955,4955,B,9.7,1169
4956,4956,C,12.45,1003
4957,4957,A,13.94,1156
4958,4958,A,11.23,1169
4959,4959,A,9.21,1049
4960,4960,A,8.44,1096
4961,4961,A,14.61,1127
4962,4962,A,8.89,993
4963,4963,A,13.47,1109
4964,4964,A,9.93,906
4965,4965,B,13.9,955
4966,4966,C,9.83,980
4967,4967,A,17.41,1010
4968,4968,C,13.03,1089
4969,4969,B,8.77,1042
4970,4970,B,11.36,1191
4971,4971,A,15.03,1189
4972,4972,B,10.76,1094
4973,4973,A,12.78,1144
4974,4974,A,15.8,1000
4975,4975,B,17.64,1018
4976,4976,B,16.32,1179
4977,4977,C,8.05,1121
4978,4978,C,8.36,981
4979,4979,C,14.16,912
4980,4980,A,17.5,1125
4981,4981,C,11.53,1005
4982,4982,C,10.69,962
4983,4983,B,12.94,1169
4984,4984,B,10.08,1196
4985,4985,A,12.87,1079
4986,4986,A,13.19,1187
4987,4987,A,9.74,1137
4988,4988,A,10.42,975
4989,4989,B,13.8,1015
4990,4990,A,17.17,911
4991,4991,A,13.16,1005
4992,4992,A,11.96,1013
4993,4993,reject,17.98,1079
4994,4994,A,16.49,1118
4995,4995,C,12.4,1184
4996,4996,C,8.96,1198
4997,4997,A,13.13,965
4998,4998,B,10.01,970
4999,4999,C,17.96,933
5000,5000,A,10.15,950
5001,5001,B,9.43,1054
5002,5002,B,10.01,925
5003,5003,B,17.73,1063
5004,5004,B,12.16,936
5005,5005,A,17.08,1177
5006,5006,C,10.71,906
5007,5007,C,17.48,1053
5008,5008,B,11.06,1070
5009,5009,A,17.86,1182
5010,5010,B,14.63,1007
5011,5011,A,8.07,1157
5012,5012,C,13.05,1199
5013,5013,B,17.15,1080
5014,5014,A,17.65,1036
5015,5015,B,11.03,1079
5016,5016,B,15.51,927
5017,5017,A,9.7,981
5018,5018,C,10.89,945
5019,5019,B,15.46,905
5020,5020,A,16.23,1138
5021,5021,B,15.19,1118
5022,5022,A,17.18,1176
5023,5023,reject,13.96,1088
5024,5024,A,14.73,1061
5025,5025,A,12.09,954
5026,5026,A,13.33,1064
5027,5027,B,10.53,1065
5028,5028,A,9.76,1091
5029,5029,A,13.12,1077
5030,5030,C,11.42,1176
5031,5031,C,16.15,1170
5032,5032,B,17.65,1062
5033,5033,A,12.41,994
5034,5034,A,13.29,1077
5035,5035,B,12.08,1122
5036,5036,A,12.48,1192
5037,5037,A,13.9,1014
5038,5038,C,15.57,1056
5039,5039,B,16.55,1107
5040,5040,A,13.64,1109
5041,5041,B,8.24,1146
5042,5042,B,15.95,1134
5043,5043,C,14.27,927
5044,5044,B,17.25,1128
5045,5045,B,13.34,1105
5046,5046,B,14.48,1010
5047,5047,C,9.67,1192
5048,5048,A,10.85,1033
5049,5049,A,15.81,957
5050,5050,A,8.99,903
5051,5051,A,11.95,1113
5052,5052,A,9.56,969
5053,5053,A,14.63,907
5054,5054,B,8.47,1159
5055,5055,A,13.41,962
5056,5056,A,17.62,904
5057,5057,A,15.61,1080
5058,5058,B,10.33,1089
5059,5059,A,17.81,1001
5060,5060,B,12.88,1061
5061,5061,A,10.57,996
5062,5062,A,13.21,953
5063,5063,B,17.37,1160
5064,5064,B,10.01,997
5065,5065,B,11.27,927
5066,5066,B,12.48,1145
5067,5067,A,13.36,1052
5068,5068,C,9.99,1012
5069,5069,B,10.41,1010
5070,5070,A,11.71,1100
5071,5071,B,13.08,1111
5072,5072,A,8.34,1002
5073,5073,B,8.52,1079
5074,5074,A,17.21,1140
5075,5075,B,13.38,903
5076,5076,C,14.55,970
5077,5077,A,16.17,1184
5078,5078,reject,16.69,1053
5079,5079,A,14.83,1129
5080,5080,B,16.4,1136
5081,5081,A,12.7,1025
5082,5082,C,13.64,1143
5083,5083,A,10.97,1139
5084,5084,A,12.38,1168
5085,5085,reject,8.87,1042
5086,5086,A,9.72,1143
5087,5087,C,15.26,982
5088,5088,reject,10.18,1179
5089,5089,reject,17.92,1056
5090,5090,A,13.2,1156
5091,5091,A,11.47,1041
5092,5092,B,12.08,1032
5093,5093,A,16.12,957
5094,5094,A,12.53,974
5095,5095,C,11.53,904
5096,5096,B,17.38,1066
5097,5097,C,8.44,1097
5098,5098,B,9.08,1001
5099,5099,A,16.83,1031
5100,5100,B,17.31,1072
5101,5101,B,9.39,1127
5102,5102,B,9.63,1006
5103,5103,B,10.87,1040
5104,5104,A,14.31,1097
5105,5105,A,13.05,955
5106,5106,A,14.25,1112
5107,5107,reject,17.84,1096
5108,5108,A,14.55,963
5109,5109,A,16.16,1117
5110,5110,A,12.95,1141
5111,5111,B,14.67,1034
5112,5112,C,12.33,1004
5113,5113,C,15.89,1018
5114,5114,A,17.6,956
5115,5115,C,17.39,949
5116,5116,B,15.3,1133
5117,5117,A,13.23,1164
5118,5118,A,14.06,914
5119,5119,A,14.51,1088
5120,5120,B,8.06,1140
5121,5121,A,11.97,1148
5122,5122,B,17.27,1188
5123,5123,A,12.58,988
5124,5124,B,13.14,935
5125,5125,reject,8.21,1152
5126,5126,A,11.71,1175
5127,5127,A,14.64,903
5128,5128,B,17.49,1043
5129,5129,C,12.67,936
5130,5130,B,14.23,1127
5131,5131,A,16.23,935
5132,5132,A,17.61,1019
5133,5133,B,16.88,953
5134,5134,A,9.24,1191
5135,5135,A,12.32,938
5136,5136,C,8.97,1138
5137,5137,A,17.88,1000
5138,5138,B,10.17,993
5139,5139,C,13.53,1151
5140,5140,A,12.25,1129
5141,5141,C,12.64,915
5142,5142,B,9.6,947
5143,5143,A,14.91,983
5144,5144,A,11.53,945
5145,5145,B,14.66,956
5146,5146,B,8.39,1149
5147,5147,C,15.93,1084
5148,5148,A,16.78,1105
5149,5149,C,10.81,1070
5150,5150,A,17.98,1111
5151,5151,C,15.16,992
5152,5152,A,13.98,1153
5153,5153,A,13.49,1130
5154,5154,A,15.28,938
5155,5155,B,8.05,1010
5156,5156,A,11.86,1037
5157,5157,A,17.16,916
5158,5158,B,17.87,901
5159,5159,B,16.45,911
5160,5160,A,9.67,1166
5161,5161,B,12.57,1105
5162,5162,B,9.14,1036
5163,5163,B,16.7,907
5164,5164,A,14.17,951
5165,5165,A,14.31,1097
5166,5166,B,17.53,1025
5167,5167,C,10.44,1042
5168,5168,B,8.55,1132
5169,5169,B,15.99,905
5170,5170,A,9.89,970
5171,5171,A,14.04,1109
5172,5172,C,17.96,1140
5173,5173,B,14.46,966
5174,5174,A,16.77,1067
5175,5175,B,9.64,1158
5176,5176,A,10.45,937
5177,5177,C,11.75,962
5178,5178,A,12.59,1170
5179,5179,A,11.18,1062
5180,5180,A,17.44,972
5181,5181,A,14.46,1027
5182,5182,B,15.6,1102
5183,5183,C,10.09,910
5184,5184,A,17.87,1051
5185,5185,C,10.26,918
5186,5186,B,12.22,1167
5187,5187,A,17.74,936
5188,5188,C,16.07,1019
5189,5189,B,8.8,982
5190,5190,B,15.12,1096
5191,5191,B,12.99,1075
5192,5192,C,12.35,1192
5193,5193,B,14.26,1151
5194,5194,A,10.52,996
5195,5195,A,17.85,969
5196,5196,A,15.99,1183
5197,5197,A,12.22,1016
5198,5198,C,17.31,1123
5199,5199,A,12.62,947
5200,5200,B,17.56,998
5201,5201,A,13.96,1081
5202,5202,B,13.79,968
5203,5203,reject,13.48,1018
5204,5204,A,17.85,1023
5205,5205,B,16.94,1123
5206,5206,A,16.28,1067
5207,5207,A,17.48,962
5208,5208,B,9.61,1175
5209,5209,B,15.86,938
5210,5210,A,8.82,990
5211,5211,A,11.58,957
5212,5212,A,12.47,1156
5213,5213,C,11.69,1032
5214,5214,A,9.57,1198
5215,5215,B,12.07,1039
5216,5216,B,11.66,1171
5217,5217,B,12.46,1176
5218,5218,B,11.03,1148
5219,5219,C,11.33,1175
5220,5220,B,17.04,918
5221,5221,C,10.42,954
5222,5222,B,11.48,968
5223,5223,A,17.35,995
5224,5224,A,8.05,1181
5225,5225,B,8.07,1120
5226,5226,A,10.77,1146
5227,5227,C,10.24,909
5228,5228,A,9.17,939
5229,5229,A,14.36,913
5230,5230,A,12.38,948
5231,5231,C,16.05,942
5232,5232,A,17.25,907
5233,5233,B,13.45,1176
5234,5234,A,10.38,1186
5235,5235,A,10.27,1025
5236,5236,B,12.54,1099
5237,5237,A,10.94,1172
5238,5238,B,16.86,1184
5239,5239,B,14.33,1007
5240,5240,A,9.71,1182
5241,5241,C,10.47,1109
5242,5242,A,13.73,1029
5243,5243,B,8.04,1132
5244,5244,B,14.18,1195
5245,5245,C,9.93,920
5246,5246,A,14.73,929
