delivery_id,supplier_id,store_id,expected_date,received_date,status
1,3810,10,2026-06-08,,pending
2,3673,18,2026-06-17,2026-06-17,received
3,1551,29,2026-04-27,2026-04-28,received
4,1694,8,2026-06-19,2026-06-22,received
5,4534,10,2026-06-27,2026-06-30,received
6,6353,17,2026-05-14,2026-05-15,received
7,7740,44,2026-05-11,2026-05-11,received
8,5217,5,2026-05-16,,pending
9,151,49,2026-06-17,2026-06-19,received
10,1053,32,2026-05-19,2026-05-21,received
11,3022,23,2026-05-20,2026-05-25,received
12,1913,32,2026-06-25,2026-06-25,received
13,2676,62,2026-05-24,2026-05-27,received
14,1772,43,2026-05-30,,in_transit
15,4356,27,2026-05-07,2026-05-07,received
16,4155,10,2026-04-12,,pending
17,4147,10,2026-04-03,2026-04-03,received
18,4391,64,2026-06-27,2026-06-27,received
19,924,29,2026-06-07,2026-06-10,received
20,1127,16,2026-04-29,2026-05-04,received
21,1533,2,2026-06-25,,in_transit
22,5171,21,2026-06-27,2026-07-01,received
23,3361,33,2026-04-23,2026-04-28,received
24,1096,68,2026-05-24,2026-05-24,received
25,1420,57,2026-04-09,,pending
26,3601,38,2026-05-22,2026-05-27,received
27,3470,4,2026-04-28,2026-04-27,received
28,1,64,2026-06-16,2026-06-20,received
29,5298,33,2026-05-22,2026-05-21,received
30,4014,4,2026-04-23,2026-04-28,received
31,96,2,2026-05-09,2026-05-11,received
32,7765,1,2026-04-19,2026-04-18,received
33,3516,30,2026-04-25,2026-04-30,received
34,3360,59,2026-06-30,2026-07-05,received
35,550,1,2026-05-10,2026-05-09,received
36,4031,23,2026-05-18,,in_transit
37,5851,17,2026-04-07,2026-04-10,received
38,3458,20,2026-04-25,2026-04-28,received
39,1704,16,2026-06-24,2026-06-24,received
40,4625,62,2026-06-06,2026-06-07,received
41,7466,24,2026-06-15,,in_transit
42,4658,1,2026-04-27,,pending
43,1721,9,2026-06-10,2026-06-09,received
44,867,4,2026-05-12,2026-05-15,received
45,5464,48,2026-05-08,2026-05-07,received
46,4886,60,2026-05-17,2026-05-18,received
47,5571,47,2026-06-25,,in_transit
48,334,38,2026-06-25,2026-06-30,received
49,1407,32,2026-04-23,2026-04-27,received
50,1571,21,2026-05-28,2026-06-02,received
51,3290,12,2026-05-27,2026-05-31,received
52,2982,29,2026-06-06,2026-06-05,received
53,3743,45,2026-04-06,2026-04-06,received
54,1846,12,2026-06-06,,in_transit
55,364,34,2026-05-16,2026-05-20,received
56,1527,31,2026-05-20,,pending
57,6401,63,2026-06-27,,in_transit
58,6498,68,2026-06-23,2026-06-28,received
59,3263,40,2026-06-22,,pending
60,7311,52,2026-05-23,2026-05-27,received
61,7991,25,2026-05-25,,pending
62,920,1,2026-04-13,2026-04-14,received
63,3923,19,2026-05-09,,pending
64,6571,59,2026-04-24,2026-04-26,received
65,2226,67,2026-06-11,,pending
66,1776,38,2026-06-02,2026-06-03,received
67,2446,4,2026-06-18,,in_transit
68,4140,49,2026-04-02,2026-04-06,received
69,3477,13,2026-05-12,2026-05-11,received
70,2874,20,2026-06-28,2026-06-30,received
71,620,65,2026-05-16,2026-05-17,received
72,1646,48,2026-05-31,2026-05-31,received
73,1787,11,2026-05-26,,in_transit
74,3765,31,2026-06-13,2026-06-16,received
75,1775,48,2026-04-04,2026-04-04,received
76,4289,26,2026-06-01,2026-06-02,received
77,4415,28,2026-05-17,2026-05-22,received
78,4819,30,2026-06-09,,cancelled
79,4315,56,2026-05-05,2026-05-06,received
80,2230,2,2026-04-25,2026-04-29,received
81,269,23,2026-05-02,,pending
82,5555,68,2026-06-23,2026-06-24,received
83,598,44,2026-04-20,2026-04-21,received
84,2036,38,2026-04-02,2026-04-03,received
85,4691,54,2026-06-22,2026-06-25,received
86,5228,48,2026-06-20,2026-06-23,received
87,1809,59,2026-04-21,,cancelled
88,233,15,2026-05-03,,pending
89,3271,23,2026-05-29,2026-05-29,received
90,2366,10,2026-06-07,2026-06-12,received
91,7617,14,2026-05-06,,cancelled
92,1281,68,2026-04-28,2026-05-01,received
93,2558,5,2026-06-17,2026-06-21,received
94,7994,7,2026-05-13,,in_transit
95,1584,62,2026-05-25,2026-05-28,received
96,7753,47,2026-06-04,2026-06-08,received
97,7589,2,2026-04-19,,pending
98,499,55,2026-06-13,2026-06-13,received
99,6952,66,2026-05-20,2026-05-22,received
100,4878,9,2026-04-17,,pending
101,5490,16,2026-06-09,,pending
102,2148,29,2026-05-23,2026-05-24,received
103,501,35,2026-06-12,,pending
104,2781,58,2026-05-14,,in_transit
105,1063,53,2026-06-26,2026-06-26,received
106,4123,6,2026-04-03,2026-04-06,received
107,4743,56,2026-04-07,,pending
108,2679,52,2026-04-27,2026-04-26,received
109,7537,67,2026-06-24,,cancelled
110,484,27,2026-06-16,2026-06-18,received
111,1490,11,2026-04-21,2026-04-25,received
112,4722,55,2026-06-05,2026-06-05,received
113,2397,35,2026-05-04,,pending
114,3827,25,2026-05-10,2026-05-10,received
115,5181,39,2026-05-06,,in_transit
116,4315,26,2026-06-07,2026-06-12,received
117,5075,49,2026-04-07,2026-04-10,received
118,243,48,2026-05-21,2026-05-24,received
119,1330,42,2026-04-06,,in_transit
120,2936,22,2026-04-21,,pending
121,432,48,2026-04-24,2026-04-29,received
122,3768,42,2026-06-25,,pending
123,4780,50,2026-06-19,2026-06-20,received
124,65,68,2026-06-14,2026-06-19,received
125,4289,67,2026-05-09,,in_transit
126,2912,46,2026-05-06,,pending
127,1828,9,2026-05-17,2026-05-19,received
128,1904,25,2026-06-17,2026-06-21,received
129,3447,19,2026-06-11,2026-06-12,received
130,6188,64,2026-05-07,2026-05-07,received
131,5513,53,2026-06-16,2026-06-21,received
132,2656,58,2026-05-22,2026-05-27,received
133,2671,8,2026-05-21,2026-05-20,received
134,5220,46,2026-05-21,2026-05-21,received
135,3198,36,2026-05-29,,pending
136,530,43,2026-04-04,2026-04-06,received
137,7483,29,2026-06-16,2026-06-18,received
138,3832,48,2026-06-23,2026-06-28,received
139,6375,36,2026-06-26,,cancelled
140,4893,31,2026-04-14,,pending
141,2354,20,2026-04-21,,cancelled
142,3225,61,2026-06-06,2026-06-06,received
143,3823,68,2026-05-31,2026-05-30,received
144,4665,25,2026-05-15,2026-05-14,received
145,7101,34,2026-05-09,2026-05-13,received
146,2527,43,2026-04-04,2026-04-08,received
147,1565,7,2026-05-11,,in_transit
148,2644,68,2026-05-15,2026-05-17,received
149,3058,35,2026-04-15,2026-04-19,received
150,3998,18,2026-06-06,2026-06-06,received
151,4052,49,2026-04-09,2026-04-12,received
152,1503,8,2026-04-09,2026-04-14,received
153,5845,17,2026-06-09,2026-06-11,received
154,4046,2,2026-05-13,2026-05-15,received
155,682,13,2026-05-16,2026-05-18,received
156,2498,23,2026-05-02,,pending
157,4326,17,2026-04-16,2026-04-16,received
158,1978,49,2026-05-19,,in_transit
159,527,2,2026-04-07,,in_transit
160,2161,64,2026-05-20,2026-05-20,received
161,499,13,2026-04-08,,in_transit
162,1685,68,2026-05-29,2026-06-03,received
163,353,3,2026-05-11,2026-05-11,received
164,4826,46,2026-05-12,2026-05-13,received
165,3161,60,2026-04-30,2026-04-29,received
166,4390,36,2026-06-14,2026-06-18,received
167,2579,13,2026-04-28,2026-04-27,received
168,4307,23,2026-05-12,,pending
169,1177,67,2026-05-23,2026-05-26,received
170,2577,13,2026-05-26,2026-05-28,received
171,3690,45,2026-06-02,2026-06-03,received
172,7625,38,2026-06-22,,pending
173,2950,13,2026-04-23,2026-04-28,received
174,4665,23,2026-06-17,,in_transit
175,5750,30,2026-05-26,2026-05-25,received
176,3305,10,2026-06-17,,pending
177,2539,9,2026-06-02,2026-06-05,received
178,2677,67,2026-04-09,2026-04-10,received
179,3738,8,2026-05-14,2026-05-15,received
180,5746,17,2026-05-28,,pending
181,6099,6,2026-06-26,2026-06-28,received
182,343,65,2026-04-11,2026-04-16,received
183,4995,52,2026-06-13,2026-06-12,received
184,1290,32,2026-05-30,,in_transit
185,3939,50,2026-04-01,,pending
186,808,7,2026-06-09,2026-06-08,received
187,4581,1,2026-05-22,2026-05-26,received
188,1265,51,2026-06-08,,pending
189,7326,42,2026-04-20,2026-04-21,received
190,2583,49,2026-06-25,2026-06-30,received
191,853,12,2026-04-13,2026-04-17,received
192,3724,4,2026-06-13,2026-06-13,received
193,2241,11,2026-06-02,,pending
194,3610,38,2026-06-22,2026-06-24,received
195,1852,57,2026-06-29,2026-06-30,received
196,800,48,2026-05-04,2026-05-06,received
197,5118,17,2026-06-24,2026-06-28,received
198,1269,13,2026-05-11,2026-05-14,received
199,1813,53,2026-05-01,2026-05-03,received
200,1291,34,2026-06-23,2026-06-22,received
201,3887,28,2026-05-08,,pending
202,1787,11,2026-06-09,2026-06-10,received
203,5421,13,2026-04-20,2026-04-21,received
204,1686,52,2026-05-17,,cancelled
205,4901,32,2026-06-25,2026-06-28,received
206,3967,32,2026-06-13,,pending
207,3873,62,2026-06-23,,pending
208,635,27,2026-06-27,2026-06-28,received
209,686,59,2026-05-20,2026-05-19,received
210,2376,24,2026-06-23,,pending
211,2650,12,2026-04-30,,cancelled
212,1101,10,2026-04-02,2026-04-01,received
213,4103,67,2026-05-09,2026-05-08,received
214,5103,50,2026-06-17,2026-06-22,received
215,1650,62,2026-06-11,2026-06-16,received
216,4085,14,2026-04-16,,pending
217,4040,58,2026-06-09,2026-06-14,received
218,5298,61,2026-04-19,,cancelled
219,2339,6,2026-06-10,2026-06-15,received
220,7072,53,2026-06-28,2026-06-28,received
221,7932,55,2026-05-29,,pending
222,6027,64,2026-05-05,2026-05-07,received
223,4179,45,2026-05-15,2026-05-19,received
224,1308,17,2026-05-27,2026-05-30,received
225,4603,38,2026-04-18,2026-04-21,received
226,3882,65,2026-04-11,2026-04-12,received
227,2315,27,2026-05-24,2026-05-23,received
228,6994,60,2026-05-06,2026-05-08,received
229,5112,43,2026-06-29,2026-07-02,received
230,1676,49,2026-06-12,2026-06-12,received
231,2686,17,2026-06-29,2026-06-28,received
232,1747,50,2026-06-09,2026-06-08,received
233,3053,61,2026-06-29,,in_transit
234,420,42,2026-05-23,2026-05-28,received
235,1617,49,2026-06-12,2026-06-17,received
236,5583,9,2026-05-04,2026-05-04,received
237,3192,34,2026-05-16,2026-05-15,received
238,1645,41,2026-06-20,2026-06-22,received
239,1729,31,2026-05-07,2026-05-12,received
240,4773,41,2026-04-22,,pending
241,4252,23,2026-05-20,2026-05-22,received
242,4885,8,2026-04-16,2026-04-16,received
243,3159,29,2026-06-18,2026-06-23,received
244,2062,11,2026-04-04,,cancelled
245,4065,32,2026-04-21,2026-04-24,received
246,271,22,2026-04-14,,pending
247,7806,58,2026-06-02,2026-06-03,received
248,7384,49,2026-06-16,2026-06-17,received
249,1387,5,2026-06-30,2026-07-02,received
250,5760,46,2026-05-23,2026-05-28,received
251,3917,58,2026-04-23,2026-04-24,received
252,1216,45,2026-05-31,2026-06-01,received
253,7219,19,2026-04-23,2026-04-24,received
254,3307,15,2026-04-17,2026-04-17,received
255,159,23,2026-06-11,,in_transit
256,2103,17,2026-04-12,2026-04-16,received
257,2075,7,2026-06-16,2026-06-15,received
258,5340,53,2026-06-18,2026-06-22,received
259,4411,40,2026-04-02,2026-04-07,received
260,115,4,2026-05-03,2026-05-03,received
261,3954,58,2026-06-23,,pending
262,7573,43,2026-06-25,2026-06-27,received
263,6605,43,2026-06-05,2026-06-06,received
264,3458,10,2026-04-16,2026-04-21,received
265,362,25,2026-06-10,,in_transit
266,6983,59,2026-04-02,,pending
267,3174,57,2026-04-13,2026-04-18,received
268,2705,45,2026-05-13,2026-05-15,received
269,5544,49,2026-05-04,2026-05-04,received
270,2818,68,2026-04-15,2026-04-18,received
271,5084,64,2026-04-21,2026-04-20,received
272,5613,33,2026-05-22,2026-05-25,received
273,1567,20,2026-06-01,2026-06-01,received
274,109,36,2026-04-08,2026-04-11,received
275,1413,60,2026-06-26,2026-06-30,received
276,2597,52,2026-06-20,,in_transit
277,7995,42,2026-06-13,2026-06-13,received
278,188,24,2026-04-16,2026-04-19,received
279,1628,60,2026-06-29,2026-06-29,received
280,5527,58,2026-05-22,2026-05-25,received
281,4751,19,2026-05-29,2026-06-02,received
282,2647,16,2026-05-27,2026-06-01,received
283,2159,26,2026-06-16,2026-06-19,received
284,2905,67,2026-05-14,2026-05-14,received
285,1932,45,2026-04-30,2026-05-03,received
286,5697,34,2026-04-18,2026-04-18,received
287,7362,67,2026-04-17,2026-04-17,received
288,387,29,2026-05-06,,in_transit
289,5543,45,2026-05-11,,in_transit
290,2831,51,2026-04-24,2026-04-23,received
291,698,35,2026-04-24,,pending
292,3432,40,2026-06-17,2026-06-22,received
293,3304,43,2026-06-10,2026-06-09,received
294,5552,12,2026-04-15,2026-04-14,received
295,3617,48,2026-04-22,,pending
296,3605,3,2026-04-13,2026-04-15,received
297,1225,17,2026-06-04,,in_transit
298,2905,19,2026-06-03,,in_transit
299,4675,15,2026-05-26,2026-05-28,received
300,6984,4,2026-06-07,2026-06-09,received
301,2450,14,2026-04-11,,pending
302,6736,29,2026-06-19,2026-06-21,received
303,4620,1,2026-05-24,2026-05-23,received
304,382,9,2026-04-16,2026-04-19,received
305,2724,56,2026-05-03,2026-05-03,received
306,2884,49,2026-06-18,,in_transit
307,3872,13,2026-05-09,2026-05-12,received
308,5800,55,2026-04-15,2026-04-19,received
309,3202,54,2026-05-28,2026-05-31,received
310,103,8,2026-05-17,2026-05-17,received
311,325,51,2026-04-13,2026-04-13,received
312,4190,64,2026-06-26,2026-06-26,received
313,3614,58,2026-06-13,2026-06-15,received
314,4512,16,2026-05-30,,pending
315,4879,37,2026-05-23,2026-05-22,received
316,5726,34,2026-04-08,,pending
317,5449,23,2026-04-10,2026-04-15,received
318,2558,25,2026-04-19,2026-04-20,received
319,4624,62,2026-05-16,2026-05-17,received
320,129,24,2026-05-12,2026-05-16,received
321,2888,67,2026-06-17,,cancelled
322,562,46,2026-05-23,2026-05-24,received
323,4589,50,2026-05-19,2026-05-19,received
324,681,20,2026-05-26,2026-05-26,received
325,5011,56,2026-04-23,2026-04-23,received
326,3360,35,2026-06-14,2026-06-16,received
327,6892,60,2026-04-18,2026-04-17,received
328,982,65,2026-05-02,2026-05-05,received
329,5978,56,2026-05-19,2026-05-21,received
330,4226,38,2026-05-29,2026-05-29,received
331,4957,61,2026-05-26,2026-05-25,received
332,320,6,2026-06-27,,in_transit
333,748,57,2026-06-24,,pending
334,6817,46,2026-04-10,,pending
335,1031,51,2026-05-31,2026-06-04,received
336,1642,16,2026-05-17,,pending
337,4104,61,2026-05-14,2026-05-16,received
338,3158,57,2026-04-07,2026-04-06,received
339,6124,38,2026-04-16,2026-04-21,received
340,5522,66,2026-04-29,2026-04-29,received
341,7481,6,2026-05-22,2026-05-22,received
342,2605,5,2026-05-21,2026-05-20,received
343,3391,41,2026-04-13,2026-04-13,received
344,1820,50,2026-05-18,2026-05-23,received
345,6233,21,2026-05-26,2026-05-28,received
346,4440,19,2026-05-10,2026-05-13,received
347,1228,56,2026-06-22,2026-06-22,received
348,1138,23,2026-06-18,2026-06-20,received
349,3604,59,2026-06-22,2026-06-27,received
350,2041,37,2026-05-14,2026-05-17,received
351,2047,1,2026-04-04,2026-04-08,received
352,4727,34,2026-06-03,2026-06-03,received
353,5500,27,2026-05-18,,in_transit
354,1133,51,2026-06-23,2026-06-28,received
355,7101,21,2026-05-17,2026-05-20,received
356,1790,31,2026-06-06,2026-06-06,received
357,2726,62,2026-06-11,2026-06-10,received
358,1073,60,2026-04-03,2026-04-07,received
359,2970,45,2026-06-03,,cancelled
360,7167,2,2026-06-30,,cancelled
361,7855,59,2026-04-05,2026-04-08,received
362,149,19,2026-05-18,2026-05-22,received
363,1260,2,2026-04-06,2026-04-08,received
364,4083,53,2026-06-28,,cancelled
365,4908,56,2026-06-28,2026-06-27,received
366,4859,3,2026-04-22,,cancelled
367,1241,29,2026-06-12,2026-06-17,received
368,1722,52,2026-04-28,2026-04-27,received
369,2523,20,2026-05-16,2026-05-17,received
370,5902,26,2026-05-24,,in_transit
371,1014,33,2026-06-17,2026-06-16,received
372,92,21,2026-05-02,2026-05-05,received
373,4755,26,2026-04-15,2026-04-17,received
374,2090,25,2026-04-26,,in_transit
375,1918,50,2026-04-13,2026-04-16,received
376,6078,20,2026-06-02,,pending
377,3532,14,2026-05-09,2026-05-12,received
378,77,25,2026-06-28,2026-06-28,received
379,3670,21,2026-04-16,,in_transit
380,1337,19,2026-05-02,2026-05-05,received
381,3645,13,2026-06-01,2026-06-05,received
382,5331,61,2026-04-05,2026-04-04,received
383,7163,44,2026-06-23,2026-06-25,received
384,3525,7,2026-06-19,,pending
385,2327,66,2026-05-02,2026-05-07,received
386,4499,19,2026-04-10,2026-04-09,received
387,1361,17,2026-04-19,2026-04-22,received
388,1596,46,2026-05-20,2026-05-21,received
389,6817,23,2026-04-13,,cancelled
390,4911,2,2026-06-08,2026-06-08,received
391,3591,49,2026-05-17,2026-05-17,received
392,1902,4,2026-05-04,2026-05-05,received
393,1210,36,2026-05-05,2026-05-06,received
394,2457,1,2026-05-26,2026-05-28,received
395,6782,63,2026-04-28,2026-05-02,received
396,1108,26,2026-04-24,2026-04-25,received
397,7519,30,2026-05-19,,pending
398,2947,7,2026-05-31,2026-06-04,received
399,6116,32,2026-05-16,2026-05-21,received
400,7306,20,2026-06-11,,in_transit
401,889,16,2026-04-09,2026-04-08,received
402,3173,17,2026-05-01,,in_transit
403,3331,35,2026-06-20,2026-06-19,received
404,3962,21,2026-05-08,2026-05-08,received
405,7406,67,2026-04-14,,cancelled
406,1068,54,2026-05-30,2026-06-04,received
407,4832,40,2026-05-03,2026-05-06,received
408,2523,28,2026-05-06,,cancelled
409,4068,56,2026-05-12,,pending
410,3005,7,2026-06-03,2026-06-02,received
411,4741,62,2026-06-28,2026-07-03,received
412,7715,54,2026-06-06,2026-06-07,received
413,1399,24,2026-04-09,2026-04-12,received
414,4456,65,2026-05-15,2026-05-14,received
415,3308,46,2026-05-13,2026-05-17,received
416,639,1,2026-05-18,,pending
417,1475,45,2026-05-10,,in_transit
418,2421,38,2026-06-30,2026-07-05,received
419,5434,32,2026-06-11,,in_transit
420,3130,4,2026-06-17,2026-06-17,received
421,2353,67,2026-06-21,2026-06-23,received
422,1314,68,2026-05-17,2026-05-18,received
423,7960,45,2026-04-02,,cancelled
424,6357,55,2026-06-27,,pending
425,3800,23,2026-06-01,,pending
426,5149,42,2026-05-04,2026-05-07,received
427,466,3,2026-05-26,2026-05-25,received
428,4934,31,2026-05-06,,in_transit
429,1257,23,2026-05-14,2026-05-17,received
430,976,48,2026-05-22,,in_transit
431,2121,58,2026-05-31,2026-06-05,received
432,4987,40,2026-04-12,2026-04-11,received
433,5461,4,2026-06-14,,in_transit
434,3942,49,2026-04-06,2026-04-09,received
435,320,8,2026-04-10,2026-04-10,received
436,3215,55,2026-04-06,2026-04-11,received
437,3365,41,2026-06-23,2026-06-28,received
438,890,7,2026-06-29,,in_transit
439,3413,24,2026-05-03,2026-05-05,received
440,3816,61,2026-05-17,2026-05-22,received
441,2197,61,2026-04-08,2026-04-07,received
442,1453,17,2026-06-19,,in_transit
443,1027,63,2026-06-21,2026-06-22,received
444,4339,3,2026-04-26,,cancelled
445,2890,67,2026-06-13,2026-06-14,received
446,2865,61,2026-05-01,2026-05-06,received
447,6716,46,2026-04-05,2026-04-04,received
448,1584,45,2026-05-04,2026-05-07,received
449,3096,22,2026-04-11,,pending
450,1614,12,2026-06-05,2026-06-04,received
451,610,58,2026-05-22,2026-05-24,received
452,2020,23,2026-06-05,,pending
453,216,43,2026-06-06,2026-06-10,received
454,2729,26,2026-05-04,2026-05-06,received
455,4887,55,2026-06-13,,pending
456,3277,49,2026-04-28,2026-04-28,received
457,5554,40,2026-04-25,,in_transit
458,3936,40,2026-05-25,2026-05-25,received
459,5301,55,2026-04-24,,in_transit
460,3509,61,2026-04-21,2026-04-20,received
461,5177,8,2026-04-08,2026-04-09,received
462,4754,44,2026-05-12,2026-05-17,received
463,7440,49,2026-06-20,2026-06-22,received
464,5104,44,2026-04-07,2026-04-10,received
465,5802,32,2026-04-12,,cancelled
466,4946,19,2026-05-21,2026-05-26,received
467,6389,34,2026-04-18,2026-04-22,received
468,3619,58,2026-05-16,2026-05-19,received
469,5250,34,2026-06-17,2026-06-16,received
470,751,20,2026-05-12,2026-05-16,received
471,4191,1,2026-04-10,2026-04-14,received
472,4288,32,2026-05-10,2026-05-13,received
473,7869,32,2026-06-07,,in_transit
474,5941,28,2026-04-24,2026-04-25,received
475,439,41,2026-06-10,,in_transit
476,794,23,2026-06-28,2026-06-30,received
477,5392,36,2026-05-04,,cancelled
478,1340,21,2026-05-29,2026-06-02,received
479,4916,67,2026-05-19,,in_transit
480,5280,8,2026-04-12,2026-04-13,received
481,3041,19,2026-06-25,2026-06-27,received
482,919,38,2026-05-14,2026-05-13,received
483,5851,37,2026-04-10,,in_transit
484,7070,16,2026-04-24,2026-04-27,received
485,386,36,2026-05-06,2026-05-07,received
486,2227,22,2026-04-26,2026-04-30,received
487,4308,4,2026-06-13,2026-06-13,received
488,5760,14,2026-06-12,2026-06-14,received
489,3986,22,2026-05-07,2026-05-08,received
490,6529,11,2026-06-10,2026-06-10,received
491,192,18,2026-04-19,2026-04-20,received
492,868,57,2026-04-19,2026-04-20,received
493,62,29,2026-05-29,,in_transit
494,3747,67,2026-05-20,2026-05-20,received
495,2646,53,2026-06-10,2026-06-10,received
496,213,50,2026-05-03,2026-05-07,received
497,439,25,2026-04-16,,in_transit
498,4313,12,2026-05-21,2026-05-21,received
499,5169,61,2026-05-01,,pending
500,2412,44,2026-04-15,2026-04-14,received
501,5638,58,2026-06-27,,cancelled
502,6310,36,2026-05-27,2026-05-30,received
503,6997,27,2026-05-04,2026-05-06,received
504,907,39,2026-05-11,2026-05-15,received
505,5216,43,2026-06-21,2026-06-20,received
506,1892,57,2026-06-10,2026-06-10,received
507,7853,43,2026-04-11,2026-04-14,received
508,985,58,2026-05-30,2026-06-02,received
509,4131,14,2026-06-18,2026-06-18,received
510,3455,26,2026-04-09,2026-04-14,received
511,4199,53,2026-05-07,2026-05-10,received
512,6257,46,2026-06-25,2026-06-24,received
513,3336,60,2026-05-26,2026-05-27,received
514,4858,31,2026-06-21,2026-06-21,received
515,2024,3,2026-05-26,2026-05-27,received
516,2090,67,2026-04-22,2026-04-24,received
517,3485,56,2026-06-14,2026-06-16,received
518,663,30,2026-06-03,,in_transit
519,3291,17,2026-06-11,2026-06-11,received
520,1292,54,2026-04-26,2026-04-25,received
521,5160,27,2026-05-03,2026-05-03,received
522,1978,17,2026-04-13,2026-04-14,received
523,687,8,2026-06-14,2026-06-14,received
524,2636,1,2026-06-01,2026-06-03,received
525,927,7,2026-06-05,,pending
526,7884,24,2026-06-23,2026-06-24,received
527,6621,27,2026-04-09,2026-04-08,received
528,3579,2,2026-04-10,2026-04-11,received
529,7448,4,2026-04-02,2026-04-03,received
530,4718,6,2026-05-16,2026-05-21,received
531,389,35,2026-05-01,2026-05-05,received
532,2428,28,2026-04-01,,pending
533,1738,68,2026-04-04,2026-04-08,received
534,3908,31,2026-05-06,2026-05-05,received
535,5594,6,2026-05-02,2026-05-05,received
536,5370,60,2026-05-11,,pending
537,1142,62,2026-04-13,,in_transit
538,2181,32,2026-05-28,,cancelled
539,4649,51,2026-04-06,,in_transit
540,2311,30,2026-04-13,2026-04-14,received
541,1897,8,2026-05-06,,in_transit
542,4898,37,2026-05-11,2026-05-15,received
543,4982,67,2026-04-14,2026-04-15,received
544,2098,47,2026-05-09,2026-05-10,received
545,1426,55,2026-06-03,2026-06-03,received
546,5579,42,2026-04-06,2026-04-07,received
547,7348,42,2026-04-19,2026-04-19,received
548,4094,3,2026-04-08,,in_transit
549,1055,54,2026-05-09,,in_transit
550,2011,56,2026-04-24,2026-04-27,received
551,4003,33,2026-05-17,,pending
552,7441,60,2026-04-20,2026-04-24,received
553,4012,42,2026-05-22,2026-05-23,received
554,5779,5,2026-06-02,2026-06-02,received
555,1765,26,2026-06-19,,pending
556,6796,35,2026-05-12,2026-05-11,received
557,574,4,2026-04-21,,cancelled
558,4383,38,2026-04-13,2026-04-12,received
559,2386,11,2026-05-23,,cancelled
560,1385,68,2026-04-06,2026-04-08,received
561,4862,6,2026-05-18,2026-05-18,received
562,3323,36,2026-05-11,,in_transit
563,2721,44,2026-06-05,,cancelled
564,1072,62,2026-04-11,2026-04-14,received
565,5237,58,2026-06-27,,in_transit
566,3259,34,2026-06-16,2026-06-16,received
567,4974,2,2026-04-16,,pending
568,2404,56,2026-04-07,2026-04-11,received
569,4331,11,2026-06-15,2026-06-19,received
570,1902,61,2026-06-28,2026-06-27,received
571,1985,30,2026-04-26,2026-04-26,received
572,447,45,2026-06-05,2026-06-05,received
573,4069,11,2026-06-26,2026-07-01,received
574,3571,30,2026-05-29,2026-06-02,received
575,7394,37,2026-06-12,,in_transit
576,4394,34,2026-06-18,2026-06-17,received
577,7320,16,2026-06-21,,pending
578,494,14,2026-04-29,,pending
579,442,65,2026-05-29,,cancelled
580,1403,56,2026-05-07,2026-05-12,received
581,4797,6,2026-05-05,2026-05-06,received
582,506,65,2026-05-05,2026-05-09,received
583,3542,26,2026-05-12,,in_transit
584,849,22,2026-06-12,,cancelled
585,1571,67,2026-05-10,2026-05-13,received
586,2534,36,2026-05-23,2026-05-23,received
587,1281,47,2026-05-08,2026-05-07,received
588,6761,31,2026-05-26,,pending
589,4871,23,2026-05-29,,in_transit
590,5754,7,2026-05-14,2026-05-19,received
591,3248,66,2026-04-12,2026-04-16,received
592,2415,29,2026-06-16,2026-06-15,received
593,6048,52,2026-05-14,2026-05-19,received
594,1475,56,2026-06-19,,pending
595,7108,52,2026-06-20,2026-06-19,received
596,6341,40,2026-05-20,2026-05-24,received
597,4411,28,2026-05-15,2026-05-16,received
598,1919,9,2026-06-10,2026-06-15,received
599,7149,50,2026-06-30,2026-07-04,received
600,4037,37,2026-05-13,,in_transit
601,3067,47,2026-05-02,,pending
602,2684,46,2026-04-14,2026-04-16,received
603,990,31,2026-05-01,2026-04-30,received
604,6494,6,2026-05-30,2026-06-04,received
605,3892,48,2026-05-15,,pending
606,4595,51,2026-05-29,2026-05-29,received
607,145,47,2026-04-12,,in_transit
608,5520,65,2026-04-04,2026-04-04,received
609,1324,48,2026-05-31,,pending
610,30,23,2026-06-05,2026-06-04,received
611,1772,67,2026-06-21,,pending
612,1375,43,2026-06-06,2026-06-11,received
613,6253,30,2026-06-20,2026-06-25,received
614,5131,58,2026-04-05,2026-04-09,received
615,5077,57,2026-06-02,2026-06-02,received
616,2929,2,2026-05-08,2026-05-09,received
617,4647,42,2026-06-03,2026-06-03,received
618,3839,20,2026-04-15,2026-04-19,received
619,3951,61,2026-06-13,,cancelled
620,586,16,2026-05-12,2026-05-14,received
621,3231,38,2026-04-01,2026-04-05,received
622,4268,22,2026-05-10,,in_transit
623,633,9,2026-06-25,2026-06-26,received
624,3868,59,2026-05-10,2026-05-12,received
625,3896,68,2026-04-03,2026-04-03,received
626,2408,28,2026-05-07,,in_transit
627,4816,42,2026-06-30,,pending
628,5225,35,2026-05-07,2026-05-10,received
629,6081,34,2026-06-14,2026-06-18,received
630,471,42,2026-05-03,2026-05-07,received
631,2788,36,2026-04-06,2026-04-06,received
632,297,39,2026-06-09,2026-06-14,received
633,2619,61,2026-05-27,2026-05-30,received
634,3906,50,2026-05-20,2026-05-19,received
635,3375,17,2026-04-17,2026-04-20,received
636,3294,24,2026-06-09,2026-06-14,received
637,6226,48,2026-06-23,2026-06-25,received
638,7457,3,2026-04-05,2026-04-05,received
639,5332,10,2026-05-07,2026-05-10,received
640,3595,11,2026-05-08,2026-05-10,received
641,892,12,2026-04-23,2026-04-22,received
642,1614,45,2026-04-27,2026-04-29,received
643,1645,6,2026-06-12,2026-06-15,received
644,2234,46,2026-06-03,,pending
645,1389,19,2026-06-11,2026-06-14,received
646,2385,46,2026-06-01,2026-06-02,received
647,5007,41,2026-06-20,,cancelled
648,52,9,2026-05-31,2026-05-30,received
649,3019,16,2026-04-09,2026-04-14,received
650,3832,25,2026-05-13,2026-05-18,received
651,3984,58,2026-06-17,,in_transit
652,2622,66,2026-05-12,2026-05-12,received
653,3423,61,2026-04-06,2026-04-05,received
654,7678,4,2026-04-09,2026-04-09,received
655,1908,68,2026-05-11,2026-05-15,received
656,4036,3,2026-04-25,,pending
657,568,40,2026-05-13,2026-05-16,received
658,4188,55,2026-06-10,,in_transit
659,3348,61,2026-06-03,,in_transit
660,3730,58,2026-06-22,2026-06-21,received
661,1976,2,2026-05-08,2026-05-07,received
662,2016,27,2026-04-22,,pending
663,2351,57,2026-06-13,2026-06-16,received
664,2425,6,2026-04-14,,in_transit
665,1221,50,2026-05-11,,cancelled
666,5715,45,2026-05-13,,in_transit
667,4309,8,2026-04-08,2026-04-10,received
668,992,39,2026-05-10,,in_transit
669,447,23,2026-05-22,,pending
670,7932,50,2026-05-21,2026-05-22,received
671,5663,26,2026-06-11,,cancelled
672,6484,24,2026-06-08,,cancelled
673,2485,30,2026-04-07,2026-04-11,received
674,1131,23,2026-06-03,,cancelled
675,4285,20,2026-04-30,2026-05-04,received
676,2366,46,2026-06-25,,in_transit
677,1848,57,2026-05-04,2026-05-08,received
678,204,39,2026-06-13,2026-06-13,received
679,1747,3,2026-06-11,2026-06-13,received
680,4275,52,2026-04-11,2026-04-10,received
681,3647,6,2026-04-29,2026-05-01,received
682,5370,53,2026-05-19,2026-05-24,received
683,6293,62,2026-05-14,2026-05-13,received
684,4511,31,2026-04-24,2026-04-24,received
685,3091,31,2026-04-01,,in_transit
686,3265,61,2026-04-06,2026-04-11,received
687,3175,10,2026-05-30,2026-05-29,received
688,1172,24,2026-04-24,2026-04-23,received
689,2063,16,2026-04-26,2026-04-27,received
690,6254,41,2026-06-12,2026-06-11,received
691,7266,34,2026-06-25,,pending
692,4153,35,2026-04-26,,cancelled
693,6949,58,2026-04-21,2026-04-20,received
694,1632,34,2026-05-11,2026-05-15,received
695,4330,53,2026-05-26,2026-05-25,received
696,7255,21,2026-05-04,2026-05-07,received
697,4275,44,2026-06-12,,in_transit
698,4107,3,2026-05-14,2026-05-19,received
699,4144,39,2026-05-01,2026-05-06,received
700,3229,66,2026-04-05,2026-04-08,received
701,4953,68,2026-06-21,2026-06-22,received
702,2320,67,2026-06-11,,in_transit
703,5971,67,2026-04-05,,in_transit
704,1301,37,2026-05-17,2026-05-17,received
705,359,40,2026-05-02,2026-05-05,received
706,101,25,2026-04-13,,cancelled
707,5851,32,2026-05-11,,cancelled
708,7591,34,2026-04-06,2026-04-05,received
709,4807,9,2026-04-24,2026-04-29,received
710,503,41,2026-05-09,2026-05-08,received
711,3930,7,2026-05-30,2026-06-03,received
712,5219,63,2026-04-14,2026-04-16,received
713,56,42,2026-04-07,2026-04-08,received
714,7059,5,2026-05-16,,in_transit
715,4038,60,2026-04-22,,pending
716,2427,56,2026-05-10,2026-05-10,received
717,504,33,2026-04-29,2026-05-02,received
718,2071,6,2026-05-22,2026-05-25,received
719,7837,13,2026-05-04,2026-05-07,received
720,4558,6,2026-06-22,2026-06-27,received
721,389,61,2026-04-21,2026-04-20,received
722,5334,2,2026-05-18,2026-05-19,received
723,2289,2,2026-06-10,2026-06-11,received
724,5224,41,2026-05-19,2026-05-23,received
725,7907,3,2026-04-05,2026-04-09,received
726,4489,7,2026-04-27,2026-05-01,received
727,632,14,2026-04-22,2026-04-27,received
728,2478,24,2026-04-29,2026-05-03,received
729,5205,21,2026-06-10,2026-06-13,received
730,7906,26,2026-05-09,,in_transit
731,3780,50,2026-06-30,2026-07-05,received
732,7922,12,2026-05-31,,in_transit
733,2699,7,2026-05-16,2026-05-19,received
734,4720,66,2026-05-18,,pending
735,7711,55,2026-05-09,2026-05-13,received
736,408,62,2026-05-11,,in_transit
737,2956,42,2026-05-19,2026-05-23,received
738,142,32,2026-05-09,2026-05-10,received
739,1471,8,2026-06-18,2026-06-22,received
740,1982,10,2026-05-31,2026-05-31,received
741,836,30,2026-05-06,2026-05-08,received
742,190,13,2026-04-15,2026-04-16,received
743,727,60,2026-04-05,,pending
744,3401,9,2026-05-25,2026-05-24,received
745,3786,44,2026-04-17,2026-04-20,received
746,4215,62,2026-04-17,2026-04-16,received
747,1049,29,2026-05-14,2026-05-17,received
748,2377,54,2026-06-13,2026-06-14,received
749,6137,54,2026-05-10,,in_transit
750,5137,18,2026-06-11,2026-06-12,received
751,4122,16,2026-06-05,2026-06-10,received
752,3710,32,2026-05-14,,in_transit
753,4331,13,2026-06-02,2026-06-02,received
754,5907,30,2026-06-14,2026-06-19,received
755,4285,17,2026-06-18,2026-06-17,received
756,1367,15,2026-05-21,,pending
757,7525,33,2026-05-06,,pending
758,5914,48,2026-06-06,2026-06-08,received
759,4539,6,2026-06-24,2026-06-28,received
760,1990,47,2026-04-29,2026-04-30,received
761,3924,49,2026-06-04,2026-06-04,received
762,37,22,2026-04-05,2026-04-07,received
763,4218,2,2026-05-27,2026-05-26,received
764,1504,61,2026-06-14,2026-06-18,received
765,1928,37,2026-04-13,2026-04-14,received
766,5740,38,2026-04-05,2026-04-05,received
767,1356,17,2026-05-25,2026-05-29,received
768,4795,20,2026-04-01,,pending
769,3795,56,2026-06-02,2026-06-07,received
770,2354,46,2026-06-06,,pending
771,5650,1,2026-06-28,,cancelled
772,7922,17,2026-06-08,,pending
773,3988,63,2026-05-09,2026-05-13,received
774,5810,40,2026-05-19,2026-05-22,received
775,4307,29,2026-05-11,2026-05-11,received
776,4861,54,2026-04-06,2026-04-11,received
777,5581,54,2026-05-03,,pending
778,3925,27,2026-06-17,,pending
779,1103,55,2026-05-22,2026-05-24,received
780,5190,10,2026-05-29,2026-05-29,received
781,399,52,2026-05-03,2026-05-06,received
782,5583,56,2026-04-09,2026-04-10,received
783,3158,51,2026-04-19,,in_transit
784,1218,25,2026-04-29,2026-05-02,received
785,5135,37,2026-05-11,,in_transit
786,4166,54,2026-05-22,2026-05-21,received
787,999,43,2026-05-29,,cancelled
788,4373,56,2026-04-01,2026-04-02,received
789,2473,48,2026-04-27,2026-04-27,received
790,7336,52,2026-05-10,,cancelled
791,1987,57,2026-04-15,,cancelled
792,5699,56,2026-04-25,2026-04-24,received
793,6505,63,2026-04-01,2026-04-06,received
794,116,22,2026-04-22,2026-04-27,received
795,6431,54,2026-06-14,2026-06-17,received
796,705,54,2026-05-05,2026-05-10,received
797,4055,46,2026-04-26,2026-04-25,received
798,3487,4,2026-06-08,2026-06-08,received
799,427,26,2026-05-23,,pending
800,7587,18,2026-05-04,2026-05-08,received
801,3900,64,2026-06-02,2026-06-07,received
802,1473,40,2026-05-02,,pending
803,7959,58,2026-05-22,2026-05-23,received
804,1683,18,2026-06-05,,cancelled
805,5397,51,2026-05-07,2026-05-08,received
806,5593,63,2026-06-19,2026-06-23,received
807,4201,31,2026-04-20,2026-04-25,received
808,5505,51,2026-04-05,,cancelled
809,3733,8,2026-06-18,2026-06-19,received
810,6572,16,2026-05-03,2026-05-05,received
811,2821,60,2026-06-14,,pending
812,3972,60,2026-05-29,,in_transit
813,5457,46,2026-04-28,2026-04-29,received
814,1699,67,2026-05-08,,in_transit
815,1941,34,2026-04-07,,in_transit
816,328,17,2026-04-06,2026-04-09,received
817,5119,23,2026-05-09,2026-05-09,received
818,2001,38,2026-05-08,2026-05-09,received
819,688,56,2026-04-03,2026-04-04,received
820,3969,12,2026-05-10,,in_transit
821,4767,21,2026-04-26,2026-05-01,received
822,2168,1,2026-05-26,,in_transit
823,1806,47,2026-05-31,2026-06-03,received
824,2652,11,2026-06-02,,pending
825,2777,62,2026-05-14,2026-05-16,received
826,5292,66,2026-06-14,2026-06-15,received
827,4803,41,2026-04-27,2026-04-30,received
828,7149,26,2026-04-06,2026-04-06,received
829,2882,57,2026-05-17,,in_transit
830,1714,44,2026-05-02,,cancelled
831,3741,38,2026-06-21,2026-06-26,received
832,840,50,2026-05-23,2026-05-27,received
833,1776,10,2026-05-08,2026-05-11,received
834,445,36,2026-06-01,2026-06-03,received
835,2537,30,2026-06-22,2026-06-24,received
836,4161,31,2026-06-02,,in_transit
837,5001,4,2026-04-17,,pending
838,3851,41,2026-05-10,2026-05-13,received
839,3853,54,2026-05-24,2026-05-28,received
840,5064,6,2026-05-13,2026-05-12,received
841,1967,53,2026-06-04,,in_transit
842,6465,66,2026-06-22,2026-06-25,received
843,266,45,2026-05-24,2026-05-23,received
844,300,26,2026-04-19,2026-04-18,received
845,5456,44,2026-05-21,,pending
846,5827,4,2026-05-29,2026-05-29,received
847,855,20,2026-05-23,,in_transit
848,48,49,2026-04-04,2026-04-03,received
849,1229,1,2026-06-04,2026-06-05,received
850,2402,32,2026-06-20,2026-06-19,received
851,2209,21,2026-04-13,2026-04-14,received
852,4231,68,2026-04-15,2026-04-17,received
853,3600,27,2026-05-01,2026-04-30,received
854,3789,15,2026-06-04,2026-06-04,received
855,3133,1,2026-04-05,2026-04-08,received
856,4743,63,2026-04-21,2026-04-23,received
857,7963,65,2026-06-05,2026-06-10,received
858,1956,6,2026-04-18,,pending
859,219,47,2026-04-27,,pending
860,4618,59,2026-06-20,,pending
861,563,32,2026-06-22,2026-06-21,received
862,49,3,2026-06-23,,pending
863,1771,10,2026-05-02,2026-05-04,received
864,5079,5,2026-04-07,2026-04-07,received
865,3977,23,2026-05-08,2026-05-10,received
866,1519,18,2026-06-27,2026-06-27,received
867,490,33,2026-05-04,2026-05-07,received
868,5333,40,2026-05-20,2026-05-19,received
869,3279,66,2026-05-17,2026-05-18,received
870,821,57,2026-06-17,2026-06-20,received
871,6028,52,2026-04-28,2026-04-29,received
872,241,17,2026-04-03,,in_transit
873,1957,45,2026-05-05,2026-05-06,received
874,4417,45,2026-05-04,2026-05-08,received
875,2864,25,2026-05-30,,pending
876,95,52,2026-06-09,2026-06-10,received
877,4430,9,2026-04-28,2026-05-01,received
878,6558,52,2026-04-24,2026-04-28,received
879,7058,18,2026-06-07,2026-06-10,received
880,5268,42,2026-06-24,2026-06-27,received
881,6626,17,2026-05-13,2026-05-12,received
882,7437,63,2026-05-30,2026-05-29,received
883,596,18,2026-05-15,2026-05-14,received
884,2023,53,2026-04-18,2026-04-17,received
885,456,44,2026-06-14,,pending
886,5579,12,2026-04-23,2026-04-25,received
887,6300,54,2026-05-23,,pending
888,5259,33,2026-04-07,2026-04-10,received
889,5102,45,2026-06-06,2026-06-06,received
890,2242,8,2026-06-24,,in_transit
891,2132,54,2026-05-18,2026-05-17,received
892,1237,21,2026-06-02,2026-06-02,received
893,5349,31,2026-05-06,,pending
894,498,14,2026-04-18,2026-04-23,received
895,7329,44,2026-05-31,,cancelled
896,6932,41,2026-06-28,2026-06-27,received
897,2346,28,2026-04-09,2026-04-10,received
898,2708,37,2026-04-15,2026-04-18,received
899,3528,63,2026-06-02,2026-06-02,received
900,3898,51,2026-04-09,2026-04-12,received
901,1528,45,2026-06-01,,cancelled
902,1175,51,2026-04-05,2026-04-07,received
903,6617,30,2026-06-16,2026-06-19,received
904,5390,30,2026-06-01,2026-06-02,received
905,228,15,2026-04-29,2026-05-03,received
906,4792,43,2026-05-13,2026-05-12,received
907,2973,53,2026-05-05,,pending
908,878,34,2026-04-03,2026-04-06,received
909,7432,65,2026-04-28,,in_transit
910,1928,61,2026-06-16,,in_transit
911,1028,42,2026-06-24,2026-06-29,received
912,2665,45,2026-04-04,2026-04-07,received
913,2138,63,2026-04-18,2026-04-18,received
914,2580,7,2026-06-02,2026-06-04,received
915,1996,57,2026-05-02,2026-05-04,received
916,3140,27,2026-05-23,,pending
917,5361,8,2026-05-01,2026-05-04,received
918,1644,42,2026-05-13,2026-05-18,received
919,2979,50,2026-05-02,,cancelled
920,4664,64,2026-06-21,,in_transit
921,4733,47,2026-04-25,2026-04-27,received
922,4100,57,2026-04-09,2026-04-11,received
923,3239,44,2026-05-22,2026-05-25,received
924,1781,15,2026-05-27,2026-06-01,received
925,382,22,2026-04-13,2026-04-14,received
926,280,43,2026-04-20,2026-04-25,received
927,3194,29,2026-06-08,,in_transit
928,103,25,2026-05-13,2026-05-14,received
929,700,56,2026-05-24,2026-05-28,received
930,7987,61,2026-05-30,2026-05-30,received
931,895,20,2026-05-10,2026-05-11,received
932,1939,24,2026-05-08,2026-05-13,received
933,3249,32,2026-04-30,,in_transit
934,7477,37,2026-06-18,2026-06-21,received
935,356,31,2026-04-27,2026-04-28,received
936,4141,53,2026-05-07,2026-05-07,received
937,375,12,2026-05-09,2026-05-14,received
938,4256,50,2026-05-19,2026-05-20,received
939,3018,68,2026-06-11,2026-06-14,received
940,166,49,2026-06-26,2026-07-01,received
941,1375,20,2026-04-10,2026-04-10,received
942,5018,13,2026-06-18,2026-06-20,received
943,4221,26,2026-05-06,2026-05-05,received
944,723,22,2026-05-28,,pending
945,3819,44,2026-05-30,2026-06-03,received
946,4523,21,2026-05-27,2026-06-01,received
947,4421,3,2026-04-02,2026-04-07,received
948,4483,14,2026-05-21,2026-05-26,received
949,802,54,2026-05-13,,in_transit
950,4256,34,2026-05-09,2026-05-12,received
951,6396,53,2026-06-07,,in_transit
952,1474,55,2026-04-11,2026-04-15,received
953,4824,9,2026-06-01,2026-06-03,received
954,6315,10,2026-04-22,2026-04-25,received
955,1995,2,2026-06-08,,pending
956,3857,19,2026-06-30,,pending
957,6088,50,2026-05-11,2026-05-13,received
958,6639,31,2026-04-04,2026-04-03,received
959,4550,39,2026-04-18,2026-04-20,received
960,7238,60,2026-05-09,2026-05-08,received
961,3731,4,2026-06-14,,pending
962,6617,66,2026-06-10,2026-06-11,received
963,3858,29,2026-05-26,2026-05-28,received
964,35,23,2026-06-02,2026-06-06,received
965,1896,33,2026-05-19,2026-05-18,received
966,3285,60,2026-05-15,2026-05-19,received
967,6239,65,2026-05-11,2026-05-16,received
968,5780,65,2026-04-29,2026-05-04,received
969,2957,7,2026-04-22,2026-04-27,received
970,4693,35,2026-04-03,2026-04-04,received
971,488,44,2026-06-04,2026-06-04,received
972,7990,1,2026-06-05,2026-06-07,received
973,859,54,2026-04-13,2026-04-17,received
974,3942,37,2026-06-04,2026-06-04,received
975,7797,4,2026-06-06,2026-06-05,received
976,1796,59,2026-05-11,2026-05-13,received
977,512,21,2026-06-30,2026-07-02,received
978,3762,48,2026-06-23,2026-06-25,received
979,4526,18,2026-05-01,,pending
980,1832,59,2026-06-21,,pending
981,6261,27,2026-04-20,2026-04-20,received
982,7942,62,2026-06-01,2026-06-01,received
983,5239,15,2026-06-24,,pending
984,1757,23,2026-04-06,,cancelled
985,4655,40,2026-04-01,2026-04-03,received
986,4237,34,2026-04-06,2026-04-11,received
987,3764,27,2026-04-28,2026-05-02,received
988,1603,33,2026-04-14,2026-04-13,received
989,6134,40,2026-06-07,2026-06-11,received
990,5140,64,2026-04-16,2026-04-19,received
991,5250,64,2026-04-23,,pending
992,4159,8,2026-04-01,2026-04-02,received
993,2218,41,2026-04-22,2026-04-27,received
994,291,62,2026-06-13,2026-06-16,received
995,3740,38,2026-06-30,2026-07-04,received
996,120,45,2026-06-13,2026-06-13,received
997,630,4,2026-05-09,2026-05-10,received
998,6105,16,2026-06-25,2026-06-30,received
999,2849,48,2026-05-30,2026-06-01,received
1000,5161,30,2026-04-06,2026-04-08,received
1001,6718,68,2026-04-22,2026-04-21,received
1002,1099,26,2026-06-08,2026-06-09,received
1003,5939,66,2026-04-30,,pending
1004,4007,21,2026-04-16,2026-04-16,received
1005,2472,24,2026-06-06,2026-06-05,received
1006,2310,35,2026-05-15,2026-05-18,received
1007,5882,65,2026-06-26,,cancelled
1008,3988,56,2026-06-21,2026-06-21,received
1009,3703,51,2026-04-16,,in_transit
1010,2802,55,2026-04-24,2026-04-25,received
1011,475,54,2026-04-21,2026-04-20,received
1012,815,62,2026-06-06,,pending
1013,3809,37,2026-04-17,,cancelled
1014,7761,14,2026-05-13,,cancelled
1015,2185,65,2026-05-19,,pending
1016,7277,10,2026-05-08,2026-05-07,received
1017,3684,53,2026-04-14,2026-04-19,received
1018,1666,62,2026-05-08,2026-05-08,received
1019,7602,4,2026-04-09,2026-04-08,received
1020,3804,34,2026-06-12,2026-06-17,received
1021,1496,55,2026-06-22,,in_transit
1022,2970,17,2026-04-25,2026-04-27,received
1023,310,61,2026-06-08,2026-06-09,received
1024,3624,44,2026-05-14,2026-05-19,received
1025,4670,54,2026-05-05,2026-05-04,received
1026,6014,38,2026-05-20,2026-05-20,received
1027,6317,62,2026-05-05,2026-05-04,received
1028,1481,13,2026-06-17,2026-06-16,received
1029,5342,11,2026-06-14,,pending
1030,5560,66,2026-06-05,2026-06-10,received
1031,827,33,2026-04-29,2026-05-04,received
1032,1153,20,2026-04-05,2026-04-04,received
1033,3613,47,2026-06-05,2026-06-08,received
1034,6300,11,2026-04-01,2026-04-03,received
1035,5809,39,2026-06-28,,in_transit
1036,7207,54,2026-06-07,2026-06-08,received
1037,2513,50,2026-04-20,2026-04-25,received
1038,2784,17,2026-05-28,2026-05-31,received
1039,609,57,2026-04-14,2026-04-14,received
1040,2518,49,2026-06-18,2026-06-23,received
1041,2685,55,2026-04-02,,pending
1042,7369,51,2026-04-07,,pending
1043,6393,60,2026-05-18,2026-05-22,received
1044,4263,53,2026-05-01,,in_transit
1045,54,63,2026-04-08,,pending
1046,7942,48,2026-05-21,2026-05-25,received
1047,6786,7,2026-06-30,,cancelled
1048,2755,18,2026-05-29,2026-06-02,received
1049,2242,30,2026-06-09,2026-06-10,received
1050,3828,16,2026-06-19,,in_transit
1051,5345,61,2026-06-16,2026-06-16,received
1052,1117,55,2026-05-23,,cancelled
1053,578,35,2026-04-28,2026-05-02,received
1054,7208,31,2026-06-07,2026-06-08,received
1055,4,64,2026-05-08,2026-05-13,received
1056,3389,5,2026-05-28,2026-05-27,received
1057,7200,20,2026-04-12,2026-04-14,received
1058,5028,43,2026-04-20,2026-04-20,received
1059,4756,51,2026-05-28,2026-06-01,received
1060,2245,15,2026-04-15,2026-04-17,received
1061,4074,66,2026-04-18,2026-04-19,received
1062,647,26,2026-06-04,2026-06-08,received
1063,2767,65,2026-06-03,2026-06-07,received
1064,4430,30,2026-05-29,2026-06-03,received
1065,1847,6,2026-06-21,,cancelled
1066,3149,28,2026-05-01,2026-05-06,received
1067,4711,7,2026-05-22,2026-05-22,received
1068,1127,19,2026-06-21,2026-06-21,received
1069,4846,67,2026-04-02,,in_transit
1070,2611,62,2026-06-04,2026-06-03,received
1071,2379,53,2026-05-28,2026-06-02,received
1072,2758,62,2026-05-15,2026-05-14,received
1073,1167,33,2026-04-16,2026-04-17,received
1074,2364,32,2026-05-23,2026-05-28,received
1075,817,3,2026-06-24,2026-06-27,received
1076,3746,43,2026-05-01,2026-05-06,received
1077,147,32,2026-06-18,2026-06-22,received
1078,4191,11,2026-06-25,2026-06-24,received
1079,3587,17,2026-04-28,2026-05-02,received
1080,125,7,2026-04-04,,in_transit
1081,921,37,2026-04-22,2026-04-22,received
1082,1320,60,2026-06-21,2026-06-22,received
1083,1748,48,2026-05-22,2026-05-24,received
1084,1443,24,2026-06-12,2026-06-12,received
1085,3156,4,2026-06-16,2026-06-21,received
1086,2242,32,2026-06-20,,in_transit
1087,895,62,2026-05-16,2026-05-21,received
1088,2667,36,2026-05-30,2026-06-04,received
1089,5644,55,2026-06-25,2026-06-29,received
1090,1626,64,2026-05-22,2026-05-25,received
1091,4222,8,2026-06-18,,in_transit
1092,2655,40,2026-04-15,2026-04-15,received
1093,3068,20,2026-04-28,,in_transit
1094,954,47,2026-06-10,2026-06-13,received
1095,6108,62,2026-05-30,,in_transit
1096,1714,27,2026-05-11,2026-05-16,received
1097,895,3,2026-05-20,,pending
1098,2543,38,2026-04-04,,pending
1099,4740,39,2026-06-12,,in_transit
1100,3054,64,2026-04-24,2026-04-26,received
1101,5089,23,2026-05-11,2026-05-15,received
1102,3767,14,2026-05-30,2026-06-01,received
1103,4130,55,2026-06-20,2026-06-21,received
1104,5537,11,2026-06-01,2026-06-01,received
1105,436,14,2026-04-22,,pending
1106,1516,24,2026-05-22,2026-05-27,received
1107,572,8,2026-04-24,2026-04-24,received
1108,2904,67,2026-05-20,2026-05-19,received
1109,1625,14,2026-04-08,2026-04-13,received
1110,450,30,2026-05-07,2026-05-07,received
1111,3338,51,2026-04-12,,pending
1112,3255,51,2026-06-17,2026-06-22,received
1113,2565,35,2026-05-04,2026-05-05,received
1114,5514,2,2026-05-20,2026-05-25,received
1115,238,12,2026-06-17,,pending
1116,3973,27,2026-05-19,2026-05-20,received
1117,2434,7,2026-05-06,,in_transit
1118,3237,59,2026-05-29,2026-05-28,received
1119,2795,64,2026-06-11,,pending
1120,1231,33,2026-04-26,,pending
1121,7503,51,2026-06-13,2026-06-14,received
1122,5585,11,2026-04-04,2026-04-06,received
1123,3570,31,2026-06-20,2026-06-22,received
1124,7386,18,2026-05-14,2026-05-17,received
1125,1926,37,2026-04-02,2026-04-01,received
1126,2705,16,2026-06-04,2026-06-04,received
1127,2767,53,2026-06-05,2026-06-07,received
1128,6670,44,2026-06-15,2026-06-15,received
1129,141,56,2026-05-25,,pending
1130,963,43,2026-04-17,2026-04-20,received
1131,1772,48,2026-05-09,,in_transit
1132,181,17,2026-04-17,2026-04-19,received
1133,987,14,2026-05-10,2026-05-10,received
1134,5023,20,2026-05-17,2026-05-20,received
1135,5509,12,2026-06-05,2026-06-08,received
1136,2863,27,2026-04-19,2026-04-21,received
1137,2665,1,2026-05-26,,pending
1138,5793,42,2026-06-19,2026-06-22,received
1139,652,17,2026-05-10,2026-05-11,received
1140,1603,42,2026-05-24,2026-05-24,received
1141,271,65,2026-04-07,2026-04-12,received
1142,7400,61,2026-06-08,2026-06-07,received
1143,3232,15,2026-06-18,2026-06-23,received
1144,6367,1,2026-04-30,2026-05-02,received
1145,7711,21,2026-05-06,2026-05-05,received
1146,1901,45,2026-06-04,2026-06-06,received
1147,5287,42,2026-04-26,2026-04-29,received
1148,2508,19,2026-06-22,,in_transit
1149,7475,5,2026-06-17,2026-06-20,received
1150,7589,49,2026-05-29,2026-06-01,received
1151,5373,61,2026-04-18,2026-04-23,received
1152,3884,2,2026-05-23,2026-05-28,received
1153,1583,12,2026-04-22,,in_transit
1154,4416,29,2026-04-19,2026-04-18,received
1155,3933,7,2026-05-31,2026-06-04,received
1156,1872,29,2026-04-20,2026-04-24,received
1157,4495,43,2026-04-09,2026-04-10,received
1158,5174,38,2026-06-12,2026-06-13,received
1159,440,46,2026-05-06,,in_transit
1160,7540,62,2026-04-02,2026-04-05,received
1161,2396,59,2026-06-07,2026-06-06,received
1162,3885,14,2026-04-01,2026-04-01,received
1163,4676,20,2026-06-08,2026-06-13,received
1164,4053,43,2026-05-24,2026-05-25,received
1165,4816,59,2026-06-28,,pending
1166,3327,51,2026-04-25,,pending
1167,6906,42,2026-06-22,2026-06-27,received
1168,2929,33,2026-06-22,2026-06-24,received
1169,5489,33,2026-04-25,,pending
1170,494,2,2026-05-06,2026-05-07,received
1171,6366,26,2026-05-06,,in_transit
1172,3402,19,2026-05-04,,pending
1173,1332,3,2026-05-11,2026-05-15,received
1174,2238,46,2026-05-04,2026-05-06,received
1175,6277,36,2026-04-13,2026-04-16,received
1176,2380,15,2026-06-30,2026-07-02,received
1177,2997,54,2026-04-15,,cancelled
1178,730,9,2026-05-14,2026-05-17,received
1179,2593,33,2026-04-04,2026-04-09,received
1180,462,52,2026-04-06,2026-04-11,received
1181,1013,13,2026-04-01,,pending
1182,5146,24,2026-06-08,2026-06-12,received
1183,4651,59,2026-05-05,2026-05-06,received
1184,1774,4,2026-05-11,2026-05-16,received
1185,1167,49,2026-05-22,,pending
1186,1928,43,2026-05-07,2026-05-10,received
1187,5722,42,2026-06-11,2026-06-14,received
1188,1599,45,2026-04-08,2026-04-11,received
1189,3229,13,2026-04-20,2026-04-19,received
1190,1675,8,2026-05-13,,pending
1191,3415,5,2026-05-27,,cancelled
1192,662,55,2026-06-30,,in_transit
1193,51,13,2026-06-12,2026-06-14,received
1194,4266,58,2026-05-25,,pending
1195,272,61,2026-06-04,2026-06-09,received
1196,3398,46,2026-05-17,,pending
1197,975,33,2026-04-09,2026-04-14,received
1198,6166,55,2026-04-30,2026-05-04,received
1199,1706,53,2026-06-22,2026-06-22,received
1200,5328,45,2026-04-20,2026-04-21,received
1201,1759,13,2026-05-17,,pending
1202,1149,3,2026-05-04,2026-05-04,received
1203,2833,45,2026-05-03,2026-05-02,received
1204,4001,22,2026-04-10,2026-04-14,received
1205,211,49,2026-05-30,2026-06-01,received
1206,317,44,2026-06-01,,in_transit
1207,4868,48,2026-05-31,2026-06-05,received
1208,5506,25,2026-04-13,,in_transit
1209,3932,40,2026-05-18,2026-05-18,received
1210,7865,12,2026-06-05,,in_transit
1211,4424,62,2026-06-30,,in_transit
1212,3373,36,2026-04-17,2026-04-20,received
1213,7761,4,2026-06-09,2026-06-13,received
1214,3830,8,2026-06-19,2026-06-24,received
1215,4806,37,2026-05-31,2026-06-03,received
1216,4405,30,2026-06-06,2026-06-07,received
1217,1123,22,2026-05-04,2026-05-08,received
1218,4615,22,2026-05-24,,pending
1219,4038,2,2026-04-08,,pending
1220,1390,57,2026-05-02,2026-05-02,received
1221,3850,45,2026-06-22,2026-06-22,received
1222,1901,51,2026-05-24,,cancelled
1223,4766,29,2026-04-11,,pending
1224,2542,30,2026-05-12,2026-05-16,received
1225,2512,12,2026-05-21,2026-05-23,received
1226,3187,50,2026-04-16,,pending
1227,7151,63,2026-05-21,2026-05-25,received
1228,1741,59,2026-05-18,2026-05-18,received
1229,3287,42,2026-04-11,,cancelled
1230,4147,47,2026-06-21,2026-06-20,received
1231,3001,15,2026-05-07,2026-05-06,received
1232,4228,57,2026-04-23,2026-04-27,received
1233,610,18,2026-06-11,,pending
1234,530,21,2026-05-18,2026-05-21,received
1235,588,29,2026-06-22,2026-06-21,received
1236,163,13,2026-06-22,2026-06-26,received
1237,976,56,2026-06-01,,in_transit
1238,3656,58,2026-04-22,2026-04-22,received
1239,3663,46,2026-06-06,2026-06-07,received
1240,548,42,2026-04-30,2026-04-30,received
1241,4415,14,2026-06-13,2026-06-17,received
1242,3819,44,2026-04-29,,in_transit
1243,5424,63,2026-04-15,2026-04-16,received
1244,2359,32,2026-05-15,2026-05-16,received
1245,3050,49,2026-04-17,2026-04-17,received
1246,243,15,2026-05-22,,pending
1247,873,21,2026-05-25,2026-05-27,received
1248,1313,37,2026-05-29,,in_transit
1249,5472,14,2026-05-31,2026-06-02,received
1250,5138,30,2026-04-06,2026-04-05,received
1251,149,19,2026-05-01,2026-05-01,received
1252,7045,19,2026-05-13,2026-05-18,received
1253,5271,42,2026-04-02,2026-04-03,received
1254,391,66,2026-04-03,2026-04-02,received
1255,4461,38,2026-05-24,2026-05-26,received
1256,1201,53,2026-05-31,2026-06-01,received
1257,4582,59,2026-05-19,2026-05-21,received
1258,358,45,2026-06-14,2026-06-16,received
1259,465,13,2026-06-06,,pending
1260,4552,65,2026-05-27,2026-05-28,received
1261,2686,61,2026-04-30,2026-05-03,received
1262,702,32,2026-04-19,,in_transit
1263,2203,50,2026-04-01,,cancelled
1264,1337,11,2026-05-13,2026-05-17,received
1265,5928,55,2026-06-11,2026-06-15,received
1266,6188,4,2026-06-24,2026-06-24,received
1267,2316,33,2026-06-07,2026-06-11,received
1268,5144,45,2026-04-14,2026-04-13,received
1269,1244,48,2026-05-10,2026-05-12,received
1270,699,32,2026-04-28,,in_transit
1271,4070,43,2026-04-09,2026-04-14,received
1272,1027,36,2026-06-17,2026-06-18,received
1273,4961,21,2026-05-07,2026-05-09,received
1274,6474,54,2026-06-19,,cancelled
1275,110,7,2026-06-24,2026-06-23,received
1276,536,13,2026-06-02,,in_transit
1277,4001,32,2026-05-06,2026-05-06,received
1278,4357,27,2026-05-19,2026-05-20,received
1279,918,22,2026-05-03,,cancelled
1280,1742,2,2026-05-28,,in_transit
1281,1296,45,2026-04-21,,in_transit
1282,2478,2,2026-04-27,2026-05-01,received
1283,3260,26,2026-06-10,2026-06-14,received
1284,6281,3,2026-05-19,2026-05-21,received
1285,2309,23,2026-06-23,2026-06-23,received
1286,3571,15,2026-06-29,,in_transit
1287,3385,31,2026-05-10,2026-05-15,received
1288,3164,4,2026-05-18,2026-05-23,received
1289,1704,36,2026-04-26,2026-04-28,received
1290,4907,14,2026-06-11,,pending
1291,5309,25,2026-06-22,2026-06-27,received
1292,3516,18,2026-05-15,2026-05-18,received
1293,5248,8,2026-06-26,2026-06-30,received
1294,3329,37,2026-06-25,2026-06-25,received
1295,443,59,2026-05-01,,in_transit
1296,6389,26,2026-06-28,,pending
1297,979,60,2026-04-15,,in_transit
1298,1836,50,2026-04-08,2026-04-09,received
1299,2931,13,2026-06-23,2026-06-25,received
1300,4398,5,2026-05-07,2026-05-09,received
1301,2489,54,2026-06-03,2026-06-07,received
1302,4650,34,2026-04-03,,cancelled
1303,6484,61,2026-04-20,2026-04-24,received
1304,389,46,2026-05-20,2026-05-24,received
1305,28,54,2026-04-17,2026-04-19,received
1306,4672,45,2026-05-20,2026-05-20,received
1307,3633,4,2026-04-18,,pending
1308,64,31,2026-06-13,,pending
1309,3890,51,2026-04-12,2026-04-12,received
1310,4880,1,2026-06-19,2026-06-23,received
1311,2427,10,2026-05-28,2026-05-27,received
1312,842,4,2026-04-10,,pending
1313,117,26,2026-05-06,2026-05-06,received
1314,3326,3,2026-06-15,2026-06-19,received
1315,7608,66,2026-04-05,2026-04-09,received
1316,3237,44,2026-04-30,,cancelled
1317,2183,18,2026-06-16,,pending
1318,3391,31,2026-05-02,,cancelled
1319,4089,14,2026-05-17,2026-05-18,received
1320,1962,57,2026-05-07,2026-05-07,received
1321,7206,13,2026-04-29,2026-04-28,received
1322,3182,48,2026-06-02,2026-06-05,received
1323,2999,59,2026-04-10,2026-04-15,received
1324,1459,17,2026-06-04,2026-06-06,received
1325,5783,17,2026-06-25,2026-06-27,received
1326,4770,42,2026-04-04,,in_transit
1327,7855,68,2026-05-14,2026-05-19,received
1328,2521,53,2026-04-07,2026-04-09,received
1329,3997,22,2026-04-14,,cancelled
1330,3888,19,2026-04-02,2026-04-07,received
1331,2536,44,2026-05-28,2026-05-27,received
1332,717,24,2026-04-18,2026-04-23,received
1333,292,65,2026-04-12,2026-04-16,received
1334,1618,60,2026-05-13,2026-05-15,received
1335,2489,47,2026-05-10,2026-05-10,received
1336,5001,60,2026-05-05,2026-05-05,received
1337,2746,8,2026-04-28,2026-04-29,received
1338,106,66,2026-04-21,2026-04-26,received
1339,200,49,2026-06-13,2026-06-18,received
1340,536,65,2026-04-27,2026-04-27,received
1341,2461,23,2026-05-24,,pending
1342,7258,25,2026-06-15,2026-06-16,received
1343,2004,54,2026-06-04,2026-06-06,received
1344,5473,29,2026-04-06,2026-04-09,received
1345,6004,13,2026-05-09,2026-05-12,received
1346,3783,6,2026-04-21,2026-04-23,received
1347,7186,16,2026-04-22,2026-04-24,received
1348,5512,6,2026-04-02,2026-04-06,received
1349,4651,29,2026-06-06,2026-06-11,received
1350,3034,20,2026-06-18,2026-06-23,received
1351,7610,37,2026-05-03,2026-05-04,received
1352,4694,39,2026-04-15,2026-04-16,received
1353,6078,32,2026-05-27,,cancelled
1354,2612,57,2026-04-08,,in_transit
1355,1184,30,2026-04-07,2026-04-08,received
1356,4345,19,2026-06-28,2026-06-27,received
1357,908,5,2026-04-28,2026-05-01,received
1358,5197,19,2026-05-13,2026-05-12,received
1359,6376,35,2026-04-21,2026-04-25,received
1360,5154,41,2026-04-20,,cancelled
1361,327,44,2026-06-09,2026-06-10,received
1362,4512,9,2026-06-22,,pending
1363,5173,33,2026-06-20,2026-06-24,received
1364,3890,63,2026-04-08,,in_transit
1365,4885,37,2026-06-01,2026-06-05,received
1366,7313,67,2026-05-11,2026-05-14,received
1367,6123,15,2026-05-25,2026-05-25,received
1368,1396,64,2026-04-07,2026-04-11,received
1369,1880,13,2026-06-25,2026-06-29,received
1370,5763,40,2026-05-05,2026-05-05,received
1371,3681,61,2026-06-07,,in_transit
1372,5524,61,2026-04-08,2026-04-07,received
1373,2883,26,2026-04-15,,cancelled
1374,2259,35,2026-04-24,,in_transit
1375,2029,66,2026-05-24,,in_transit
1376,638,8,2026-06-05,2026-06-07,received
1377,6081,47,2026-05-03,2026-05-02,received
1378,2054,23,2026-04-28,,pending
1379,4734,21,2026-05-24,,pending
1380,1362,56,2026-04-27,2026-04-28,received
1381,265,37,2026-06-16,2026-06-17,received
1382,3107,50,2026-05-13,,in_transit
1383,3019,10,2026-05-18,2026-05-17,received
1384,6732,30,2026-04-24,,in_transit
1385,1411,22,2026-04-22,,in_transit
1386,4474,53,2026-06-13,2026-06-16,received
1387,241,18,2026-05-03,2026-05-05,received
1388,1387,57,2026-04-07,,pending
1389,4972,32,2026-04-14,2026-04-16,received
1390,285,19,2026-04-27,2026-04-27,received
1391,967,53,2026-06-02,2026-06-02,received
1392,5881,55,2026-06-04,,pending
1393,5459,18,2026-04-23,2026-04-27,received
1394,4653,47,2026-05-27,2026-05-29,received
1395,893,32,2026-04-10,2026-04-11,received
1396,5882,8,2026-06-11,2026-06-13,received
1397,4886,4,2026-06-08,2026-06-07,received
1398,2688,48,2026-05-27,2026-05-31,received
1399,1493,46,2026-06-15,2026-06-19,received
1400,550,9,2026-06-13,2026-06-15,received
1401,6377,64,2026-04-02,2026-04-07,received
1402,3517,23,2026-04-09,,cancelled
1403,2980,39,2026-06-23,2026-06-23,received
1404,7720,21,2026-04-01,2026-04-01,received
1405,1263,22,2026-06-15,,pending
1406,4487,32,2026-05-11,2026-05-10,received
1407,1217,21,2026-04-29,,in_transit
1408,1113,17,2026-06-16,2026-06-19,received
1409,2782,11,2026-04-02,2026-04-03,received
1410,4005,65,2026-06-03,2026-06-06,received
1411,1202,67,2026-04-16,2026-04-18,received
1412,5326,62,2026-06-14,2026-06-19,received
1413,2626,2,2026-06-27,2026-06-26,received
1414,440,35,2026-04-24,2026-04-23,received
1415,2181,5,2026-06-21,2026-06-21,received
1416,627,19,2026-06-08,2026-06-11,received
1417,4131,44,2026-05-30,2026-06-04,received
1418,3431,59,2026-05-11,2026-05-10,received
1419,1002,9,2026-06-15,2026-06-18,received
1420,89,42,2026-04-26,2026-05-01,received
1421,7501,57,2026-04-14,2026-04-18,received
1422,7149,40,2026-05-08,,in_transit
1423,1629,18,2026-06-04,2026-06-04,received
1424,2293,68,2026-05-16,2026-05-21,received
1425,3697,54,2026-06-06,2026-06-05,received
1426,7915,33,2026-06-12,,in_transit
1427,4668,8,2026-05-22,2026-05-26,received
1428,1447,52,2026-06-17,,pending
1429,711,1,2026-04-30,2026-05-03,received
1430,6819,28,2026-05-25,2026-05-27,received
1431,5196,15,2026-04-02,2026-04-07,received
1432,2492,29,2026-05-15,2026-05-18,received
1433,1823,41,2026-06-15,,cancelled
1434,4289,37,2026-05-27,2026-05-31,received
1435,1438,66,2026-04-07,2026-04-12,received
1436,5586,42,2026-05-20,2026-05-22,received
1437,4001,56,2026-04-03,2026-04-05,received
1438,7369,28,2026-04-20,2026-04-23,received
1439,146,36,2026-05-25,2026-05-29,received
1440,627,31,2026-05-30,2026-06-02,received
1441,2682,14,2026-05-31,2026-05-30,received
1442,2649,59,2026-05-13,2026-05-12,received
1443,3137,50,2026-06-09,2026-06-09,received
1444,1174,34,2026-05-09,2026-05-12,received
1445,3323,51,2026-06-15,2026-06-14,received
1446,2206,13,2026-05-26,2026-05-30,received
1447,693,68,2026-04-16,2026-04-17,received
1448,3545,59,2026-04-26,2026-05-01,received
1449,1270,3,2026-04-13,2026-04-18,received
1450,3399,45,2026-05-28,2026-06-01,received
1451,2835,33,2026-06-04,2026-06-05,received
1452,4924,37,2026-06-21,2026-06-25,received
1453,383,7,2026-05-26,,in_transit
1454,4237,36,2026-06-23,2026-06-28,received
1455,4502,65,2026-05-17,,in_transit
1456,1211,1,2026-06-23,,in_transit
1457,6903,44,2026-06-06,,pending
1458,2457,15,2026-06-28,2026-06-27,received
1459,3508,2,2026-04-21,,pending
1460,3130,45,2026-06-29,2026-07-04,received
1461,6261,17,2026-04-17,2026-04-16,received
1462,4481,33,2026-05-25,,pending
1463,5217,42,2026-06-30,2026-06-29,received
1464,6621,63,2026-05-30,2026-05-29,received
1465,4488,20,2026-04-17,,pending
1466,7157,8,2026-04-03,,pending
1467,604,22,2026-06-11,2026-06-12,received
1468,5001,29,2026-06-15,2026-06-15,received
1469,4785,63,2026-06-03,2026-06-05,received
1470,2813,35,2026-04-15,2026-04-20,received
1471,670,40,2026-06-26,2026-06-25,received
1472,1506,23,2026-05-31,2026-05-31,received
1473,1475,64,2026-06-02,,in_transit
1474,7547,53,2026-04-02,,pending
1475,5007,41,2026-05-19,,pending
1476,4292,65,2026-06-07,2026-06-07,received
1477,6597,37,2026-05-05,2026-05-07,received
1478,857,53,2026-04-15,2026-04-18,received
1479,1290,33,2026-05-24,,pending
1480,4857,19,2026-05-09,,pending
1481,3431,11,2026-04-10,2026-04-13,received
1482,2212,64,2026-06-02,2026-06-05,received
1483,3844,6,2026-06-03,2026-06-05,received
1484,6612,3,2026-05-14,2026-05-14,received
1485,2271,36,2026-05-02,2026-05-02,received
1486,5180,17,2026-06-24,2026-06-29,received
1487,5242,29,2026-04-26,,cancelled
1488,4718,67,2026-04-27,,in_transit
1489,3086,4,2026-05-17,2026-05-18,received
1490,2602,25,2026-05-16,2026-05-20,received
1491,3846,15,2026-04-01,2026-04-01,received
1492,3576,29,2026-05-19,2026-05-18,received
1493,2785,45,2026-06-24,,pending
1494,788,19,2026-06-26,2026-06-28,received
1495,7634,55,2026-06-24,2026-06-26,received
1496,112,14,2026-06-08,,pending
1497,5921,53,2026-05-21,2026-05-24,received
1498,3690,56,2026-06-19,2026-06-24,received
1499,3251,63,2026-06-25,2026-06-30,received
1500,1532,14,2026-06-03,2026-06-07,received
1501,4401,16,2026-06-28,,cancelled
1502,676,31,2026-05-03,2026-05-05,received
1503,1368,40,2026-04-29,2026-04-29,received
1504,1947,4,2026-04-01,2026-04-04,received
1505,5352,12,2026-04-16,2026-04-19,received
1506,4097,46,2026-05-10,2026-05-12,received
1507,303,40,2026-04-01,,pending
1508,5987,24,2026-05-21,2026-05-24,received
1509,6225,31,2026-06-24,,in_transit
1510,7746,33,2026-04-18,2026-04-19,received
1511,3252,38,2026-05-08,2026-05-09,received
1512,944,17,2026-04-27,2026-04-30,received
1513,1833,37,2026-05-24,,cancelled
1514,4405,13,2026-06-06,2026-06-11,received
1515,2022,57,2026-04-12,2026-04-11,received
1516,4881,1,2026-04-17,2026-04-21,received
1517,1039,8,2026-06-27,2026-07-01,received
1518,4756,18,2026-04-26,2026-04-30,received
1519,7503,60,2026-06-30,2026-06-30,received
1520,343,54,2026-06-09,2026-06-12,received
1521,4611,62,2026-04-26,2026-04-29,received
1522,6148,11,2026-06-10,2026-06-11,received
1523,6159,49,2026-05-18,2026-05-20,received
1524,3659,40,2026-05-03,2026-05-03,received
1525,1650,16,2026-06-07,2026-06-09,received
1526,3641,10,2026-05-13,2026-05-18,received
1527,228,57,2026-04-30,2026-04-29,received
1528,2199,36,2026-06-01,2026-06-05,received
1529,2117,46,2026-06-28,2026-07-03,received
1530,4575,12,2026-04-24,2026-04-26,received
1531,2503,20,2026-04-06,,pending
1532,6334,34,2026-06-01,2026-06-04,received
1533,1293,4,2026-06-24,2026-06-29,received
1534,7327,4,2026-06-11,2026-06-12,received
1535,5305,3,2026-06-05,2026-06-07,received
1536,211,50,2026-04-14,2026-04-17,received
1537,267,33,2026-05-27,2026-06-01,received
1538,791,68,2026-04-04,2026-04-06,received
1539,2684,22,2026-06-08,2026-06-11,received
1540,5560,26,2026-06-07,2026-06-08,received
1541,3740,20,2026-06-10,2026-06-10,received
1542,6099,19,2026-06-05,2026-06-07,received
1543,1961,63,2026-05-02,,cancelled
1544,6642,32,2026-06-17,2026-06-18,received
1545,4023,9,2026-05-10,,in_transit
1546,783,65,2026-06-10,,in_transit
1547,1915,59,2026-05-10,2026-05-11,received
1548,5053,2,2026-04-29,2026-04-28,received
1549,1771,67,2026-06-30,2026-06-29,received
1550,2303,23,2026-06-16,2026-06-16,received
1551,743,29,2026-05-10,2026-05-09,received
1552,5981,26,2026-04-21,2026-04-24,received
1553,6186,13,2026-05-13,,in_transit
1554,352,3,2026-04-03,2026-04-02,received
1555,2139,63,2026-04-25,2026-04-29,received
1556,2111,24,2026-05-14,2026-05-17,received
1557,4262,2,2026-05-05,2026-05-05,received
1558,4961,35,2026-05-20,2026-05-24,received
1559,7126,62,2026-05-30,2026-06-04,received
1560,6595,42,2026-06-26,2026-06-27,received
1561,4683,61,2026-06-28,,in_transit
1562,6505,60,2026-04-05,2026-04-06,received
1563,2246,19,2026-04-25,2026-04-24,received
1564,3006,14,2026-04-06,,cancelled
1565,596,4,2026-06-13,2026-06-16,received
1566,2578,32,2026-05-02,2026-05-02,received
1567,6028,1,2026-06-18,2026-06-19,received
1568,4976,6,2026-05-14,2026-05-13,received
1569,4116,14,2026-05-26,,pending
1570,439,56,2026-06-26,2026-06-30,received
1571,979,25,2026-04-25,2026-04-27,received
1572,3185,3,2026-04-21,2026-04-21,received
1573,7070,50,2026-04-10,2026-04-12,received
1574,4601,50,2026-05-08,,cancelled
1575,5013,61,2026-06-18,,in_transit
1576,7722,17,2026-05-21,2026-05-25,received
1577,2107,10,2026-04-07,,pending
1578,1771,20,2026-05-18,2026-05-19,received
1579,1311,2,2026-05-26,,pending
1580,2238,27,2026-06-26,2026-06-28,received
1581,7643,32,2026-04-28,,in_transit
1582,2076,7,2026-04-29,2026-05-04,received
1583,3371,13,2026-06-12,2026-06-11,received
1584,3341,53,2026-06-19,2026-06-21,received
1585,2270,1,2026-06-30,2026-07-02,received
1586,5089,22,2026-04-04,2026-04-05,received
1587,2480,43,2026-05-31,2026-06-05,received
1588,190,40,2026-06-07,2026-06-06,received
1589,568,10,2026-05-18,2026-05-20,received
1590,977,66,2026-05-22,2026-05-21,received
1591,3964,60,2026-05-02,2026-05-06,received
1592,1676,41,2026-06-27,2026-07-02,received
1593,6295,17,2026-05-12,,pending
1594,110,17,2026-06-24,2026-06-24,received
1595,3451,62,2026-05-18,2026-05-20,received
1596,3783,53,2026-05-27,2026-05-27,received
1597,5534,43,2026-04-03,2026-04-05,received
1598,325,13,2026-04-24,2026-04-29,received
1599,2279,51,2026-04-11,2026-04-15,received
1600,1817,5,2026-04-07,2026-04-06,received
1601,4017,26,2026-06-29,2026-06-28,received
1602,3851,2,2026-06-25,,in_transit
1603,2269,10,2026-06-30,,pending
1604,4422,58,2026-06-11,,pending
1605,3291,43,2026-04-30,,in_transit
1606,1303,30,2026-05-27,2026-05-30,received
1607,3179,62,2026-04-12,2026-04-12,received
1608,4936,33,2026-04-22,2026-04-24,received
1609,5762,54,2026-04-06,2026-04-07,received
1610,3015,10,2026-06-29,2026-06-29,received
1611,1754,17,2026-05-23,2026-05-24,received
1612,3575,7,2026-06-06,2026-06-09,received
1613,7416,27,2026-06-01,2026-06-01,received
1614,740,33,2026-06-23,2026-06-26,received
1615,1002,15,2026-06-21,,pending
1616,4654,49,2026-04-30,2026-04-29,received
1617,147,61,2026-04-13,2026-04-14,received
1618,7892,12,2026-05-18,,cancelled
1619,3925,26,2026-04-27,2026-05-02,received
1620,226,51,2026-06-16,2026-06-19,received
1621,5794,49,2026-06-29,,cancelled
1622,6334,16,2026-05-15,2026-05-15,received
1623,3370,38,2026-06-23,,pending
1624,3509,4,2026-04-14,,in_transit
1625,5567,27,2026-06-16,2026-06-21,received
1626,4982,22,2026-06-23,2026-06-28,received
1627,4267,52,2026-05-17,,pending
1628,7006,54,2026-05-29,2026-05-28,received
1629,5574,27,2026-05-22,2026-05-25,received
1630,2408,15,2026-05-16,2026-05-18,received
1631,1230,13,2026-05-04,2026-05-05,received
1632,865,32,2026-06-03,2026-06-07,received
1633,2067,50,2026-05-15,2026-05-18,received
1634,2831,17,2026-06-17,2026-06-20,received
1635,1582,5,2026-06-29,2026-07-03,received
1636,1909,61,2026-06-17,2026-06-18,received
1637,4574,10,2026-05-05,2026-05-09,received
1638,186,13,2026-05-28,2026-05-31,received
1639,689,51,2026-05-12,,in_transit
1640,4547,45,2026-05-04,,in_transit
1641,3940,51,2026-06-03,2026-06-03,received
1642,5590,8,2026-06-13,,in_transit
1643,2626,64,2026-05-11,2026-05-14,received
1644,3787,14,2026-04-06,2026-04-08,received
1645,1567,11,2026-06-16,2026-06-16,received
1646,3004,23,2026-05-23,2026-05-28,received
1647,2949,1,2026-04-29,,in_transit
1648,715,17,2026-04-10,,pending
1649,140,40,2026-05-10,2026-05-10,received
1650,7995,32,2026-06-22,,pending
1651,7626,59,2026-04-29,2026-05-02,received
1652,2796,57,2026-04-04,2026-04-04,received
1653,2119,31,2026-06-22,2026-06-21,received
1654,26,63,2026-05-05,,in_transit
1655,397,58,2026-05-13,,cancelled
1656,1550,35,2026-04-18,2026-04-21,received
1657,1612,62,2026-05-22,,in_transit
1658,5153,25,2026-04-09,,pending
1659,7827,6,2026-06-21,2026-06-26,received
1660,3557,46,2026-05-26,2026-05-30,received
1661,7990,17,2026-06-08,,in_transit
1662,3367,44,2026-05-17,,pending
1663,2724,43,2026-06-28,,cancelled
1664,4849,26,2026-04-24,2026-04-23,received
1665,639,21,2026-04-09,2026-04-08,received
1666,2565,50,2026-06-19,,pending
1667,2060,9,2026-05-22,2026-05-24,received
1668,2157,62,2026-04-18,2026-04-22,received
1669,6081,58,2026-06-25,,pending
1670,3150,4,2026-05-05,2026-05-08,received
1671,223,3,2026-04-06,2026-04-05,received
1672,2516,64,2026-04-08,,cancelled
1673,778,1,2026-04-20,2026-04-20,received
1674,5096,54,2026-05-04,2026-05-04,received
1675,4641,12,2026-05-08,,cancelled
1676,6294,10,2026-06-29,2026-07-02,received
1677,7572,27,2026-04-04,2026-04-05,received
1678,802,23,2026-06-27,2026-06-27,received
1679,3678,3,2026-05-12,2026-05-14,received
1680,556,14,2026-04-17,2026-04-19,received
1681,4820,49,2026-05-11,,pending
1682,3541,4,2026-04-18,2026-04-17,received
1683,3519,43,2026-04-17,2026-04-19,received
1684,2753,28,2026-06-11,2026-06-12,received
1685,3776,18,2026-04-19,2026-04-21,received
1686,3194,21,2026-06-04,2026-06-03,received
1687,736,57,2026-04-23,2026-04-27,received
1688,40,58,2026-06-19,2026-06-22,received
1689,4271,43,2026-05-16,2026-05-15,received
1690,2625,36,2026-04-13,2026-04-16,received
1691,4826,67,2026-06-24,,pending
1692,320,7,2026-05-29,2026-06-01,received
1693,5406,61,2026-05-16,,cancelled
1694,4802,17,2026-06-04,2026-06-07,received
1695,2057,7,2026-05-09,,pending
1696,7902,2,2026-06-25,2026-06-25,received
1697,7330,57,2026-05-31,2026-06-02,received
1698,3542,38,2026-05-22,,in_transit
1699,928,63,2026-04-23,,pending
1700,1518,67,2026-05-19,2026-05-18,received
1701,1726,46,2026-05-27,,pending
1702,7610,64,2026-05-13,2026-05-14,received
1703,101,60,2026-05-19,2026-05-22,received
1704,3427,37,2026-04-05,2026-04-08,received
1705,323,51,2026-06-21,2026-06-26,received
1706,4136,14,2026-06-25,2026-06-29,received
1707,4354,63,2026-05-25,,in_transit
1708,1829,13,2026-04-09,2026-04-10,received
1709,6667,24,2026-06-08,2026-06-11,received
1710,4743,14,2026-04-04,2026-04-05,received
1711,3683,57,2026-05-29,2026-06-02,received
1712,2468,29,2026-04-25,2026-04-28,received
1713,3589,68,2026-04-28,2026-04-27,received
1714,2554,68,2026-05-23,2026-05-26,received
1715,6048,34,2026-04-30,,in_transit
1716,5166,11,2026-04-01,,cancelled
1717,3053,31,2026-06-27,2026-06-30,received
1718,1157,36,2026-05-02,2026-05-05,received
1719,3642,24,2026-05-08,2026-05-07,received
1720,1254,41,2026-04-24,,in_transit
1721,3102,16,2026-06-09,2026-06-11,received
1722,192,8,2026-04-08,2026-04-13,received
1723,346,57,2026-05-14,2026-05-18,received
1724,2012,59,2026-05-07,2026-05-06,received
1725,7227,11,2026-06-22,,in_transit
1726,3103,51,2026-04-12,,cancelled
1727,2131,58,2026-04-11,2026-04-16,received
1728,3199,22,2026-06-25,2026-06-24,received
1729,3777,45,2026-04-20,2026-04-25,received
1730,2189,38,2026-04-29,2026-05-01,received
1731,941,33,2026-04-09,2026-04-10,received
1732,427,64,2026-05-29,2026-05-31,received
1733,642,8,2026-06-22,2026-06-23,received
1734,4784,42,2026-05-02,2026-05-05,received
1735,3347,45,2026-05-30,2026-06-01,received
1736,1856,68,2026-04-18,2026-04-17,received
1737,2971,54,2026-05-22,2026-05-25,received
1738,6154,26,2026-04-03,2026-04-05,received
1739,4251,44,2026-05-16,,in_transit
1740,1158,29,2026-05-18,,in_transit
1741,4371,20,2026-04-16,2026-04-19,received
1742,1141,28,2026-05-20,2026-05-24,received
1743,260,11,2026-06-05,2026-06-07,received
1744,2050,30,2026-06-30,2026-07-04,received
1745,398,6,2026-04-11,2026-04-10,received
1746,3823,56,2026-05-10,2026-05-09,received
1747,2773,25,2026-04-03,,in_transit
1748,3808,47,2026-05-18,2026-05-22,received
1749,6181,21,2026-05-22,2026-05-26,received
1750,7208,39,2026-06-18,2026-06-17,received
1751,1648,34,2026-04-08,2026-04-09,received
1752,1892,21,2026-06-24,2026-06-29,received
1753,1766,7,2026-05-15,2026-05-15,received
1754,117,39,2026-06-19,2026-06-19,received
1755,4273,24,2026-05-13,,in_transit
1756,2218,54,2026-06-08,2026-06-07,received
1757,1688,47,2026-04-30,2026-05-01,received
1758,4147,40,2026-06-15,2026-06-19,received
1759,3487,58,2026-04-15,2026-04-15,received
1760,3895,43,2026-05-04,2026-05-09,received
1761,2974,34,2026-06-15,2026-06-16,received
1762,1160,41,2026-04-02,2026-04-04,received
1763,2180,22,2026-05-17,2026-05-19,received
1764,2449,67,2026-04-21,,in_transit
1765,512,14,2026-05-11,2026-05-11,received
1766,2100,18,2026-06-03,2026-06-04,received
1767,5715,14,2026-05-24,2026-05-24,received
1768,5239,21,2026-04-26,2026-04-30,received
1769,814,64,2026-06-09,2026-06-14,received
1770,3058,21,2026-06-24,2026-06-28,received
1771,7576,59,2026-04-09,,in_transit
1772,843,39,2026-06-12,2026-06-14,received
1773,391,27,2026-05-12,2026-05-12,received
1774,2111,52,2026-04-08,2026-04-07,received
1775,5425,8,2026-04-08,2026-04-11,received
1776,4859,60,2026-05-29,,pending
1777,1894,12,2026-04-16,,pending
1778,7480,50,2026-04-17,2026-04-20,received
1779,420,60,2026-04-17,2026-04-16,received
1780,4570,61,2026-05-27,2026-06-01,received
1781,4632,17,2026-04-17,2026-04-19,received
1782,2865,65,2026-05-14,2026-05-14,received
1783,1555,1,2026-06-18,2026-06-19,received
1784,5399,57,2026-04-05,2026-04-04,received
1785,4167,45,2026-06-07,2026-06-10,received
1786,3150,11,2026-05-31,,pending
1787,3710,20,2026-05-30,2026-05-31,received
1788,7790,36,2026-05-29,2026-05-29,received
1789,904,39,2026-04-24,,in_transit
1790,4907,62,2026-04-04,2026-04-03,received
1791,373,63,2026-06-22,,pending
1792,4224,16,2026-05-02,2026-05-01,received
1793,3300,41,2026-04-17,2026-04-16,received
1794,6330,65,2026-06-14,2026-06-13,received
1795,461,48,2026-05-07,2026-05-06,received
1796,7151,67,2026-04-16,,in_transit
1797,3945,26,2026-05-08,2026-05-12,received
1798,411,38,2026-05-05,2026-05-07,received
1799,424,57,2026-04-14,2026-04-14,received
1800,4567,22,2026-04-26,2026-04-25,received
1801,295,24,2026-04-15,2026-04-19,received
1802,3926,11,2026-05-30,2026-05-29,received
1803,3979,32,2026-06-01,2026-06-01,received
1804,7126,13,2026-06-25,2026-06-30,received
1805,1189,15,2026-06-15,2026-06-18,received
1806,2250,36,2026-06-16,2026-06-19,received
1807,4158,53,2026-04-18,2026-04-19,received
1808,7247,2,2026-05-18,2026-05-22,received
1809,1857,23,2026-04-20,2026-04-21,received
1810,5525,61,2026-05-08,2026-05-10,received
1811,6970,42,2026-04-19,2026-04-23,received
1812,1014,22,2026-05-18,,in_transit
1813,4766,41,2026-06-20,2026-06-20,received
1814,3381,61,2026-04-26,,in_transit
1815,3794,15,2026-05-13,2026-05-13,received
1816,1099,11,2026-04-30,2026-04-29,received
1817,1127,33,2026-04-22,2026-04-25,received
1818,386,4,2026-05-31,,in_transit
1819,1842,33,2026-04-20,2026-04-22,received
1820,4959,20,2026-06-29,,pending
1821,2179,3,2026-06-05,2026-06-04,received
1822,3621,41,2026-05-10,2026-05-14,received
1823,5856,42,2026-04-29,2026-04-30,received
1824,1951,28,2026-06-26,2026-06-29,received
1825,5329,9,2026-04-30,2026-05-04,received
1826,3711,43,2026-04-29,2026-05-03,received
1827,7765,24,2026-06-16,2026-06-19,received
1828,1872,61,2026-06-10,,cancelled
1829,1620,57,2026-05-31,,in_transit
1830,768,54,2026-05-04,,pending
1831,1167,36,2026-06-22,2026-06-22,received
1832,2388,1,2026-04-29,2026-04-28,received
1833,1238,27,2026-04-25,2026-04-24,received
1834,3963,68,2026-05-12,2026-05-15,received
1835,1670,36,2026-04-25,2026-04-28,received
1836,7177,40,2026-05-30,2026-06-03,received
1837,4892,35,2026-05-28,2026-05-31,received
1838,4523,46,2026-05-21,2026-05-25,received
1839,2606,35,2026-04-23,,in_transit
1840,427,15,2026-05-13,,in_transit
1841,214,42,2026-04-01,2026-04-05,received
1842,3835,35,2026-05-13,2026-05-13,received
1843,3776,66,2026-06-23,2026-06-28,received
1844,1392,26,2026-06-22,,cancelled
1845,4905,25,2026-06-09,2026-06-08,received
1846,3341,24,2026-04-18,2026-04-18,received
1847,5451,40,2026-04-15,2026-04-20,received
1848,2032,11,2026-06-19,,in_transit
1849,7894,4,2026-05-22,2026-05-21,received
1850,1274,9,2026-04-14,2026-04-17,received
1851,5163,12,2026-05-10,2026-05-13,received
1852,2097,60,2026-04-25,2026-04-25,received
1853,4302,63,2026-05-04,2026-05-08,received
1854,203,56,2026-06-09,2026-06-10,received
1855,2129,64,2026-06-24,,in_transit
1856,688,1,2026-04-11,2026-04-11,received
1857,3729,40,2026-06-26,,in_transit
1858,613,5,2026-05-14,,pending
1859,4377,12,2026-06-11,2026-06-14,received
1860,4394,30,2026-04-26,2026-04-30,received
1861,3474,60,2026-05-04,2026-05-09,received
1862,168,12,2026-05-07,,pending
1863,6461,28,2026-06-16,2026-06-16,received
1864,171,60,2026-04-06,,pending
1865,5471,42,2026-05-31,2026-05-31,received
1866,4048,17,2026-04-20,2026-04-23,received
1867,4325,34,2026-05-31,2026-05-31,received
1868,3669,54,2026-04-06,2026-04-09,received
1869,6092,19,2026-05-22,,in_transit
1870,4144,48,2026-05-01,2026-05-03,received
1871,5974,67,2026-06-18,2026-06-19,received
1872,5287,36,2026-05-10,,pending
1873,3135,28,2026-04-10,2026-04-10,received
1874,4260,15,2026-04-23,2026-04-28,received
1875,1485,27,2026-06-26,2026-06-25,received
1876,2245,14,2026-06-22,,in_transit
1877,213,51,2026-06-10,2026-06-09,received
1878,3396,49,2026-05-05,2026-05-07,received
1879,5428,53,2026-06-05,,in_transit
1880,4441,21,2026-04-23,2026-04-26,received
1881,1735,11,2026-04-03,2026-04-06,received
1882,5139,62,2026-05-30,2026-05-30,received
1883,1301,20,2026-04-27,2026-05-02,received
1884,2883,29,2026-05-11,,in_transit
1885,3953,31,2026-06-05,,pending
1886,3423,33,2026-05-07,2026-05-06,received
1887,4541,44,2026-06-04,,in_transit
1888,1544,53,2026-04-04,2026-04-06,received
1889,3047,16,2026-05-05,,in_transit
1890,6557,47,2026-06-09,2026-06-13,received
1891,1855,18,2026-06-12,2026-06-16,received
1892,5343,43,2026-05-30,2026-06-01,received
1893,5180,34,2026-05-17,2026-05-16,received
1894,1533,52,2026-06-14,,in_transit
1895,2338,46,2026-05-07,2026-05-08,received
1896,7790,20,2026-05-06,2026-05-05,received
1897,2475,15,2026-06-26,2026-07-01,received
1898,2652,26,2026-05-16,,in_transit
1899,2082,56,2026-04-03,2026-04-05,received
1900,1700,34,2026-04-01,2026-03-31,received
1901,4297,8,2026-06-16,2026-06-16,received
1902,162,21,2026-05-18,,pending
1903,7331,11,2026-06-09,,in_transit
1904,991,66,2026-04-09,2026-04-08,received
1905,3497,11,2026-05-13,2026-05-18,received
1906,2286,50,2026-06-25,2026-06-25,received
1907,1629,59,2026-06-26,2026-06-29,received
1908,182,37,2026-06-14,,in_transit
1909,6391,42,2026-04-05,2026-04-10,received
1910,5707,57,2026-06-20,2026-06-20,received
1911,2095,47,2026-06-02,2026-06-04,received
1912,1985,53,2026-05-11,2026-05-13,received
1913,5033,59,2026-05-05,2026-05-08,received
1914,1683,33,2026-04-30,,pending
1915,831,56,2026-05-04,2026-05-04,received
1916,5188,37,2026-04-12,2026-04-16,received
1917,2681,57,2026-04-30,2026-05-04,received
1918,3952,27,2026-05-31,2026-06-05,received
1919,3373,66,2026-05-14,2026-05-19,received
1920,5827,61,2026-05-20,,in_transit
1921,7045,26,2026-06-27,2026-06-27,received
1922,4029,42,2026-05-21,2026-05-20,received
1923,6742,36,2026-05-10,2026-05-13,received
1924,2017,12,2026-05-16,2026-05-15,received
1925,5055,46,2026-05-06,2026-05-11,received
1926,2601,47,2026-06-12,2026-06-16,received
1927,298,24,2026-05-23,2026-05-28,received
1928,4085,46,2026-05-09,2026-05-11,received
1929,7043,34,2026-06-10,2026-06-15,received
1930,3399,1,2026-04-22,2026-04-27,received
1931,1181,35,2026-06-25,,pending
1932,6571,27,2026-05-27,2026-05-26,received
1933,3033,37,2026-06-08,2026-06-10,received
1934,2501,66,2026-06-09,2026-06-14,received
1935,5930,23,2026-04-06,2026-04-05,received
1936,3377,16,2026-06-21,2026-06-26,received
1937,2958,55,2026-04-25,2026-04-27,received
1938,6765,31,2026-06-27,,in_transit
1939,2958,1,2026-04-11,2026-04-10,received
1940,1344,31,2026-04-13,2026-04-13,received
1941,3349,20,2026-04-26,,pending
1942,857,16,2026-05-26,,in_transit
1943,5858,26,2026-05-15,2026-05-14,received
1944,4979,56,2026-04-17,,pending
1945,4606,61,2026-06-24,,in_transit
1946,4037,35,2026-04-18,2026-04-21,received
1947,5161,41,2026-05-21,2026-05-26,received
1948,4689,49,2026-05-02,2026-05-01,received
1949,5740,47,2026-05-13,,pending
1950,5845,31,2026-04-22,2026-04-22,received
1951,3240,45,2026-06-17,2026-06-22,received
1952,1135,33,2026-06-10,2026-06-14,received
1953,2856,55,2026-06-29,2026-07-04,received
1954,3959,31,2026-05-23,2026-05-27,received
1955,5274,19,2026-06-24,,pending
1956,5197,21,2026-04-07,2026-04-11,received
1957,342,20,2026-04-14,2026-04-16,received
1958,4397,31,2026-04-26,,pending
1959,6873,50,2026-06-21,2026-06-21,received
1960,4873,65,2026-06-18,2026-06-20,received
1961,3578,32,2026-05-06,2026-05-05,received
1962,3662,30,2026-05-09,2026-05-12,received
1963,5014,6,2026-04-29,2026-05-01,received
1964,6762,8,2026-05-13,2026-05-13,received
1965,3169,18,2026-05-04,,cancelled
1966,3202,22,2026-05-26,,cancelled
1967,541,22,2026-04-30,2026-05-05,received
1968,5442,24,2026-05-24,2026-05-27,received
1969,482,43,2026-05-07,2026-05-09,received
1970,5534,53,2026-04-18,,in_transit
1971,5502,29,2026-04-03,2026-04-02,received
1972,6210,16,2026-04-07,2026-04-11,received
1973,4714,47,2026-05-08,,pending
1974,5295,13,2026-06-16,2026-06-19,received
1975,7430,38,2026-04-02,,pending
1976,301,32,2026-06-30,2026-07-02,received
1977,3160,34,2026-04-17,2026-04-16,received
1978,5558,57,2026-06-11,,in_transit
1979,3286,48,2026-06-27,2026-07-01,received
1980,461,61,2026-06-18,,in_transit
1981,4499,34,2026-06-27,2026-06-27,received
1982,4121,48,2026-04-12,2026-04-17,received
1983,4941,10,2026-04-24,2026-04-26,received
1984,1921,36,2026-04-23,2026-04-23,received
1985,3636,28,2026-06-07,,pending
1986,7986,44,2026-05-28,,in_transit
1987,309,2,2026-05-06,2026-05-07,received
1988,4913,34,2026-04-29,2026-04-30,received
1989,726,36,2026-04-18,,pending
1990,7817,10,2026-05-22,2026-05-27,received
1991,464,20,2026-05-07,2026-05-10,received
1992,3833,14,2026-05-27,,cancelled
1993,2486,18,2026-04-20,,cancelled
1994,2535,58,2026-05-13,,cancelled
1995,3728,7,2026-05-11,2026-05-16,received
1996,2775,45,2026-06-16,,in_transit
1997,1346,27,2026-06-01,2026-06-02,received
1998,3442,39,2026-04-16,2026-04-16,received
1999,5556,43,2026-05-29,,in_transit
2000,317,46,2026-05-01,2026-05-03,received
2001,2196,14,2026-04-03,,in_transit
2002,6091,19,2026-04-11,2026-04-14,received
2003,202,46,2026-05-13,2026-05-18,received
2004,2004,30,2026-06-03,2026-06-03,received
2005,4164,32,2026-04-09,2026-04-10,received
2006,3469,22,2026-06-19,2026-06-24,received
2007,2687,43,2026-06-24,,in_transit
2008,5176,15,2026-06-23,,in_transit
2009,2449,56,2026-04-16,2026-04-20,received
2010,6377,20,2026-04-21,2026-04-23,received
2011,5360,17,2026-05-27,,pending
2012,396,64,2026-06-25,2026-06-30,received
2013,3787,43,2026-05-11,2026-05-12,received
2014,3908,26,2026-05-06,2026-05-05,received
2015,667,45,2026-04-24,,cancelled
2016,7637,51,2026-05-06,2026-05-05,received
2017,5910,48,2026-05-22,2026-05-23,received
2018,69,35,2026-04-19,2026-04-24,received
2019,3344,50,2026-05-23,2026-05-23,received
2020,5384,52,2026-06-04,2026-06-06,received
2021,7342,43,2026-06-05,2026-06-10,received
2022,555,57,2026-05-20,2026-05-20,received
2023,3017,51,2026-04-23,2026-04-27,received
2024,1132,19,2026-05-10,2026-05-12,received
2025,5805,19,2026-06-23,2026-06-28,received
2026,4959,9,2026-06-19,2026-06-21,received
2027,3237,63,2026-06-06,2026-06-06,received
2028,4369,43,2026-06-15,2026-06-18,received
2029,4958,47,2026-05-06,2026-05-08,received
2030,2835,38,2026-05-15,2026-05-20,received
2031,154,25,2026-04-08,,pending
2032,3895,9,2026-05-06,2026-05-11,received
2033,4724,53,2026-06-27,2026-06-28,received
2034,2685,19,2026-05-04,2026-05-08,received
2035,4329,7,2026-06-03,,in_transit
2036,987,29,2026-06-25,2026-06-29,received
2037,5454,5,2026-04-08,2026-04-13,received
2038,7074,32,2026-05-03,2026-05-06,received
2039,5156,57,2026-06-06,2026-06-05,received
2040,2565,61,2026-05-17,,pending
2041,3757,43,2026-04-29,2026-05-01,received
2042,3045,6,2026-04-21,2026-04-25,received
2043,821,23,2026-06-19,,in_transit
2044,2447,46,2026-05-30,2026-06-03,received
2045,1190,14,2026-06-19,,pending
2046,3991,7,2026-04-01,2026-04-05,received
2047,4594,45,2026-06-26,2026-06-30,received
2048,7681,27,2026-04-01,,pending
2049,7200,52,2026-06-25,2026-06-25,received
2050,3382,66,2026-05-26,,in_transit
2051,3334,55,2026-04-24,2026-04-26,received
2052,5430,39,2026-05-31,2026-06-03,received
2053,1801,67,2026-04-22,2026-04-24,received
2054,6984,47,2026-04-10,2026-04-11,received
2055,226,59,2026-05-12,2026-05-15,received
2056,5861,4,2026-05-09,2026-05-08,received
2057,7917,12,2026-05-21,,pending
2058,409,37,2026-04-10,2026-04-12,received
2059,1710,48,2026-04-30,2026-04-29,received
2060,5021,49,2026-06-03,2026-06-05,received
2061,3727,65,2026-04-22,2026-04-22,received
2062,3089,63,2026-05-02,2026-05-01,received
2063,2795,21,2026-05-12,2026-05-14,received
2064,745,41,2026-04-06,2026-04-08,received
2065,2122,9,2026-06-28,2026-06-27,received
2066,6629,48,2026-05-04,2026-05-06,received
2067,6069,26,2026-06-21,2026-06-26,received
2068,1541,2,2026-06-25,2026-06-29,received
2069,7220,23,2026-04-18,2026-04-18,received
2070,5279,16,2026-06-12,2026-06-16,received
2071,6092,38,2026-04-21,2026-04-21,received
2072,3876,65,2026-05-12,2026-05-16,received
2073,308,22,2026-06-28,,in_transit
2074,1170,33,2026-06-25,2026-06-29,received
2075,1035,60,2026-04-18,,in_transit
2076,1450,51,2026-06-12,2026-06-16,received
2077,4874,2,2026-04-16,,in_transit
2078,3870,63,2026-04-11,2026-04-14,received
2079,1814,10,2026-06-29,2026-06-29,received
2080,2904,2,2026-06-28,2026-06-27,received
2081,4572,5,2026-05-13,2026-05-16,received
2082,734,67,2026-06-29,2026-07-01,received
2083,1688,31,2026-04-10,2026-04-11,received
2084,5103,3,2026-06-27,2026-07-02,received
2085,3497,49,2026-05-25,,pending
2086,1595,23,2026-04-08,2026-04-08,received
2087,2073,15,2026-05-15,,pending
2088,5256,8,2026-04-15,2026-04-20,received
2089,4279,36,2026-06-03,2026-06-06,received
2090,6325,29,2026-06-06,2026-06-11,received
2091,5126,7,2026-05-07,2026-05-08,received
2092,3638,51,2026-04-21,2026-04-25,received
2093,162,33,2026-04-05,2026-04-06,received
2094,6409,33,2026-05-03,2026-05-02,received
2095,1198,61,2026-05-13,,in_transit
2096,3455,30,2026-04-30,2026-04-30,received
2097,129,68,2026-04-17,2026-04-21,received
2098,1715,16,2026-04-01,,in_transit
2099,7630,31,2026-04-25,2026-04-25,received
2100,2757,31,2026-06-02,2026-06-05,received
2101,5420,5,2026-04-09,2026-04-12,received
2102,1346,20,2026-04-28,,pending
2103,2002,5,2026-06-07,,pending
2104,29,53,2026-06-03,2026-06-05,received
2105,2651,50,2026-04-14,2026-04-16,received
2106,2493,13,2026-05-01,2026-05-06,received
2107,710,27,2026-04-09,2026-04-11,received
2108,1980,20,2026-05-22,,pending
2109,6119,29,2026-06-01,2026-05-31,received
2110,7416,51,2026-06-18,2026-06-18,received
2111,5087,47,2026-05-08,2026-05-11,received
2112,6270,48,2026-06-27,2026-07-02,received
2113,1841,45,2026-05-19,2026-05-22,received
2114,5250,32,2026-06-18,2026-06-20,received
2115,3363,37,2026-06-23,,in_transit
2116,2214,22,2026-05-25,,cancelled
2117,2573,66,2026-05-23,2026-05-28,received
2118,4163,46,2026-05-07,2026-05-09,received
2119,1953,21,2026-04-08,,pending
2120,4958,63,2026-04-07,2026-04-11,received
2121,579,35,2026-05-07,,cancelled
2122,2047,14,2026-05-23,2026-05-24,received
2123,7025,53,2026-06-24,2026-06-23,received
2124,4378,34,2026-06-28,2026-06-30,received
2125,5585,25,2026-04-16,2026-04-21,received
2126,165,9,2026-04-25,,in_transit
2127,3971,37,2026-06-19,,pending
2128,4793,11,2026-04-03,,in_transit
2129,5200,62,2026-06-10,2026-06-09,received
2130,6885,13,2026-06-01,2026-06-06,received
2131,1103,2,2026-05-21,2026-05-25,received
2132,4820,35,2026-05-02,2026-05-01,received
2133,6584,52,2026-06-19,,in_transit
2134,2827,40,2026-04-29,2026-05-01,received
2135,2921,33,2026-05-27,2026-05-26,received
2136,10,2,2026-06-05,2026-06-10,received
2137,3409,39,2026-05-31,,cancelled
2138,2253,33,2026-04-26,2026-05-01,received
2139,298,54,2026-06-10,2026-06-14,received
2140,4445,33,2026-04-08,2026-04-09,received
2141,392,20,2026-04-01,2026-04-05,received
2142,3534,26,2026-06-03,,pending
2143,3402,21,2026-05-10,2026-05-09,received
2144,5419,9,2026-06-11,2026-06-10,received
2145,3328,7,2026-04-01,2026-04-01,received
2146,5550,13,2026-06-18,2026-06-17,received
2147,297,28,2026-06-11,,cancelled
2148,753,57,2026-04-11,,pending
2149,1964,52,2026-04-09,2026-04-14,received
2150,6731,44,2026-05-09,2026-05-14,received
2151,5378,16,2026-04-13,2026-04-15,received
2152,3187,45,2026-06-02,2026-06-02,received
2153,1065,43,2026-06-17,2026-06-17,received
2154,3044,32,2026-06-16,2026-06-18,received
2155,6816,49,2026-06-11,2026-06-10,received
2156,4231,44,2026-05-24,,in_transit
2157,6285,28,2026-05-09,2026-05-14,received
2158,105,52,2026-05-04,2026-05-07,received
2159,2787,37,2026-04-08,2026-04-09,received
2160,3800,11,2026-04-21,2026-04-25,received
2161,2709,21,2026-04-30,2026-04-30,received
2162,2964,59,2026-06-11,,pending
2163,4131,65,2026-04-09,2026-04-14,received
2164,6499,18,2026-05-29,2026-05-31,received
2165,3224,24,2026-05-27,2026-05-30,received
2166,4692,7,2026-05-17,,cancelled
2167,2358,59,2026-04-15,2026-04-20,received
2168,4754,19,2026-04-18,2026-04-23,received
2169,7088,12,2026-06-04,,in_transit
2170,2088,1,2026-05-05,2026-05-09,received
2171,6422,13,2026-05-09,2026-05-11,received
2172,4805,48,2026-05-04,2026-05-05,received
2173,3586,49,2026-06-02,,cancelled
2174,3496,4,2026-04-13,2026-04-18,received
2175,4369,26,2026-05-14,2026-05-17,received
2176,3607,25,2026-06-21,2026-06-26,received
2177,459,60,2026-06-20,2026-06-20,received
2178,415,33,2026-06-24,2026-06-25,received
2179,4054,51,2026-06-27,,cancelled
2180,3874,28,2026-05-25,,pending
2181,5572,10,2026-05-10,2026-05-12,received
2182,2169,61,2026-06-02,,in_transit
2183,1724,65,2026-06-08,2026-06-10,received
2184,3158,4,2026-06-25,2026-06-27,received
2185,882,1,2026-06-05,,in_transit
2186,5782,13,2026-05-06,2026-05-05,received
2187,5117,25,2026-04-03,2026-04-04,received
2188,5067,21,2026-05-08,2026-05-07,received
2189,560,45,2026-05-18,,pending
2190,418,53,2026-06-08,2026-06-11,received
2191,3531,4,2026-04-30,2026-05-02,received
2192,4031,22,2026-06-20,2026-06-19,received
2193,4804,22,2026-05-17,2026-05-16,received
2194,2750,45,2026-04-22,2026-04-25,received
2195,7606,45,2026-04-04,2026-04-03,received
2196,2549,6,2026-05-15,2026-05-16,received
2197,1696,38,2026-06-07,2026-06-09,received
2198,7775,38,2026-05-02,,pending
2199,3462,51,2026-05-25,,pending
2200,4350,43,2026-04-14,2026-04-14,received
2201,5379,60,2026-04-08,2026-04-10,received
2202,6431,18,2026-06-03,2026-06-05,received
2203,2052,50,2026-04-14,2026-04-17,received
2204,3902,2,2026-05-16,2026-05-18,received
2205,1978,32,2026-04-09,,pending
2206,6377,54,2026-05-14,2026-05-17,received
2207,863,61,2026-06-30,2026-07-01,received
2208,4044,37,2026-05-31,2026-06-01,received
2209,32,9,2026-04-22,,in_transit
2210,5240,27,2026-06-18,2026-06-19,received
2211,351,6,2026-05-16,2026-05-17,received
2212,1802,48,2026-04-13,2026-04-13,received
2213,5012,32,2026-04-16,2026-04-16,received
2214,386,12,2026-06-19,2026-06-22,received
2215,4692,18,2026-05-22,,pending
2216,852,48,2026-06-03,2026-06-06,received
2217,5499,48,2026-04-04,2026-04-06,received
2218,2216,57,2026-04-12,2026-04-11,received
2219,4428,6,2026-04-04,2026-04-06,received
2220,7368,51,2026-04-01,2026-04-04,received
2221,1349,19,2026-04-16,2026-04-19,received
2222,3901,21,2026-04-13,,in_transit
2223,7453,48,2026-06-04,2026-06-09,received
2224,7765,50,2026-04-20,,cancelled
2225,7912,16,2026-05-14,2026-05-19,received
2226,42,39,2026-04-12,2026-04-13,received
2227,4047,24,2026-05-18,2026-05-17,received
2228,4277,61,2026-06-28,2026-06-29,received
2229,4698,21,2026-04-16,2026-04-18,received
2230,1648,42,2026-05-05,,in_transit
2231,6065,65,2026-06-21,,in_transit
2232,633,56,2026-05-03,2026-05-06,received
2233,2276,59,2026-04-08,2026-04-13,received
2234,958,39,2026-06-27,2026-07-02,received
2235,4491,25,2026-05-02,,cancelled
2236,3449,18,2026-04-13,,cancelled
2237,2263,23,2026-04-12,2026-04-17,received
2238,1444,15,2026-06-08,2026-06-07,received
2239,292,42,2026-04-27,2026-05-02,received
2240,5199,8,2026-04-30,2026-05-02,received
2241,6684,16,2026-04-23,2026-04-24,received
2242,3767,28,2026-04-01,2026-04-02,received
2243,3386,37,2026-05-01,,pending
2244,3399,42,2026-05-04,2026-05-07,received
2245,3204,34,2026-04-14,2026-04-18,received
2246,3043,31,2026-04-01,,in_transit
2247,7276,60,2026-06-09,2026-06-12,received
2248,154,25,2026-06-10,2026-06-11,received
2249,7932,9,2026-05-05,2026-05-10,received
2250,5101,54,2026-05-28,2026-05-27,received
2251,2974,7,2026-04-09,2026-04-09,received
2252,6407,43,2026-05-14,,pending
2253,3320,8,2026-05-24,2026-05-28,received
2254,4544,15,2026-04-02,2026-04-02,received
2255,2267,61,2026-05-06,2026-05-11,received
2256,1467,2,2026-06-07,,in_transit
2257,3654,61,2026-04-30,2026-04-30,received
2258,1602,24,2026-05-12,,cancelled
2259,827,29,2026-06-03,2026-06-04,received
2260,2161,17,2026-06-08,2026-06-12,received
2261,2326,48,2026-04-05,,cancelled
2262,3732,13,2026-06-20,2026-06-19,received
2263,2546,63,2026-06-05,2026-06-08,received
2264,3691,2,2026-05-24,2026-05-29,received
2265,401,12,2026-05-10,2026-05-15,received
2266,5739,4,2026-04-19,,cancelled
2267,3785,33,2026-05-30,,pending
2268,5077,68,2026-04-26,,pending
2269,2773,22,2026-06-14,,in_transit
2270,6390,25,2026-04-16,2026-04-21,received
2271,2406,22,2026-05-09,2026-05-11,received
2272,7525,24,2026-04-09,2026-04-08,received
2273,3236,40,2026-05-02,2026-05-04,received
2274,3303,28,2026-06-17,2026-06-22,received
2275,4742,67,2026-05-16,2026-05-15,received
2276,4586,20,2026-04-21,2026-04-22,received
2277,4075,24,2026-05-19,2026-05-24,received
2278,4035,50,2026-04-15,2026-04-17,received
2279,1037,62,2026-05-16,,in_transit
2280,798,3,2026-05-05,2026-05-08,received
2281,2626,56,2026-04-23,,pending
2282,5207,18,2026-04-16,2026-04-21,received
2283,202,52,2026-04-23,2026-04-28,received
2284,3485,41,2026-05-07,2026-05-09,received
2285,146,29,2026-05-28,2026-05-28,received
2286,776,64,2026-04-08,2026-04-12,received
2287,5890,1,2026-04-27,,in_transit
2288,5287,53,2026-05-15,,in_transit
2289,483,17,2026-06-22,2026-06-25,received
2290,4825,67,2026-06-24,2026-06-28,received
2291,4279,34,2026-04-04,,in_transit
2292,3013,30,2026-06-02,2026-06-07,received
2293,3810,13,2026-05-26,2026-05-25,received
2294,492,63,2026-05-11,2026-05-14,received
2295,4583,59,2026-04-01,2026-04-01,received
2296,162,41,2026-05-08,2026-05-12,received
2297,1331,47,2026-05-26,,cancelled
2298,4160,33,2026-05-27,2026-05-29,received
2299,5381,49,2026-05-20,2026-05-20,received
2300,3623,68,2026-05-17,2026-05-17,received
2301,4820,11,2026-04-09,2026-04-13,received
2302,3648,39,2026-04-18,2026-04-19,received
2303,4571,33,2026-04-25,,pending
2304,5782,39,2026-06-30,2026-07-04,received
2305,7010,3,2026-05-20,2026-05-19,received
2306,2105,53,2026-06-22,,pending
2307,1550,31,2026-05-28,2026-05-29,received
2308,360,8,2026-05-08,2026-05-10,received
2309,2894,43,2026-05-15,2026-05-18,received
2310,2452,60,2026-04-24,2026-04-23,received
2311,3868,42,2026-04-21,2026-04-20,received
2312,7935,67,2026-06-08,2026-06-12,received
2313,932,51,2026-06-16,2026-06-20,received
2314,1344,61,2026-06-01,,pending
2315,708,10,2026-04-02,,in_transit
2316,3494,1,2026-06-03,2026-06-08,received
2317,1439,31,2026-05-16,,pending
2318,6910,6,2026-06-07,2026-06-10,received
2319,7991,38,2026-06-17,2026-06-20,received
2320,705,22,2026-04-19,,in_transit
2321,724,58,2026-05-31,2026-06-03,received
2322,1373,8,2026-06-26,,pending
2323,522,56,2026-05-26,,in_transit
2324,412,21,2026-06-17,,pending
2325,7443,33,2026-04-29,2026-05-04,received
2326,846,4,2026-06-18,,in_transit
2327,1945,60,2026-06-07,2026-06-07,received
2328,4659,35,2026-05-10,,in_transit
2329,2939,67,2026-05-17,2026-05-16,received
2330,1800,40,2026-05-29,2026-06-03,received
2331,1764,14,2026-06-29,2026-06-28,received
2332,402,63,2026-04-10,2026-04-11,received
2333,4521,6,2026-06-07,2026-06-10,received
2334,41,41,2026-04-14,2026-04-14,received
2335,4262,4,2026-06-12,2026-06-17,received
2336,2105,31,2026-05-11,2026-05-15,received
2337,4029,8,2026-06-10,2026-06-14,received
2338,4321,40,2026-06-14,,cancelled
2339,1906,13,2026-04-23,2026-04-28,received
2340,5666,46,2026-04-30,2026-05-01,received
2341,2,8,2026-06-10,2026-06-15,received
2342,6259,64,2026-06-08,2026-06-11,received
2343,2750,21,2026-05-06,,pending
2344,1709,2,2026-06-27,2026-06-28,received
2345,4229,23,2026-04-02,2026-04-07,received
2346,2453,15,2026-04-07,2026-04-12,received
2347,3847,3,2026-06-14,2026-06-14,received
2348,1732,60,2026-06-19,,pending
2349,867,52,2026-05-22,2026-05-22,received
2350,6524,41,2026-05-07,2026-05-08,received
2351,1501,8,2026-05-20,2026-05-21,received
2352,5276,21,2026-04-20,2026-04-23,received
2353,5319,34,2026-06-26,,pending
2354,370,44,2026-06-27,2026-06-28,received
2355,3423,16,2026-06-29,2026-06-28,received
2356,1857,28,2026-05-01,2026-05-02,received
2357,4413,7,2026-06-15,2026-06-16,received
2358,5810,46,2026-05-02,,pending
2359,1642,59,2026-05-11,,in_transit
2360,4927,45,2026-04-17,2026-04-18,received
2361,4335,36,2026-05-03,2026-05-07,received
2362,5385,29,2026-05-29,,cancelled
2363,6404,5,2026-05-26,2026-05-30,received
2364,6174,37,2026-05-13,,in_transit
2365,708,15,2026-04-25,,in_transit
2366,3409,38,2026-06-04,2026-06-06,received
2367,1816,33,2026-04-02,2026-04-05,received
2368,3661,37,2026-04-19,2026-04-19,received
2369,7348,24,2026-06-10,2026-06-09,received
2370,3680,12,2026-05-09,2026-05-09,received
2371,4040,6,2026-04-11,2026-04-11,received
2372,2139,4,2026-04-05,2026-04-06,received
2373,246,4,2026-06-12,2026-06-11,received
2374,2784,8,2026-05-25,2026-05-26,received
2375,1634,46,2026-06-18,2026-06-20,received
2376,4817,7,2026-06-12,,pending
2377,38,31,2026-04-19,2026-04-19,received
2378,1749,13,2026-06-10,2026-06-12,received
2379,3773,26,2026-04-02,,in_transit
2380,5394,43,2026-04-05,2026-04-07,received
2381,3589,52,2026-05-03,2026-05-06,received
2382,822,23,2026-05-04,,in_transit
2383,5400,8,2026-04-11,2026-04-11,received
2384,3297,47,2026-04-25,2026-04-28,received
2385,523,2,2026-04-11,2026-04-14,received
2386,3469,55,2026-06-02,2026-06-06,received
2387,5377,15,2026-04-05,2026-04-04,received
2388,2332,21,2026-05-21,2026-05-20,received
2389,7549,15,2026-04-16,2026-04-21,received
2390,427,42,2026-06-15,,cancelled
2391,1672,33,2026-05-17,2026-05-22,received
2392,4767,4,2026-05-26,2026-05-26,received
2393,3753,22,2026-06-18,2026-06-19,received
2394,1801,27,2026-04-23,2026-04-28,received
2395,3934,5,2026-05-09,2026-05-10,received
2396,1103,17,2026-04-06,2026-04-06,received
2397,2806,15,2026-04-06,2026-04-07,received
2398,2256,14,2026-06-03,2026-06-06,received
2399,5456,65,2026-04-18,,pending
2400,218,37,2026-06-12,2026-06-15,received
2401,6033,62,2026-04-29,2026-04-28,received
2402,3073,11,2026-04-02,2026-04-02,received
2403,5890,17,2026-05-01,2026-05-05,received
2404,1511,64,2026-05-23,2026-05-26,received
2405,6188,11,2026-04-05,,in_transit
2406,6638,50,2026-04-11,2026-04-13,received
2407,5500,63,2026-04-08,2026-04-13,received
2408,7166,44,2026-04-20,2026-04-20,received
2409,1064,41,2026-06-15,,in_transit
2410,2960,1,2026-06-11,2026-06-13,received
2411,1044,13,2026-06-05,,pending
2412,4260,23,2026-06-20,2026-06-24,received
2413,1036,46,2026-04-21,,pending
2414,642,59,2026-05-21,2026-05-25,received
2415,3310,9,2026-05-23,2026-05-23,received
2416,4357,4,2026-05-15,,pending
2417,7390,64,2026-06-23,2026-06-27,received
2418,5092,6,2026-06-25,2026-06-28,received
2419,984,60,2026-05-29,2026-06-02,received
2420,2250,29,2026-06-05,,in_transit
2421,5337,33,2026-06-09,2026-06-13,received
2422,4520,40,2026-05-28,2026-05-28,received
2423,4486,57,2026-05-05,2026-05-05,received
2424,3193,26,2026-05-14,2026-05-19,received
2425,3307,63,2026-05-26,,in_transit
2426,3201,38,2026-05-18,,pending
2427,6817,58,2026-06-27,,in_transit
2428,606,51,2026-05-13,,pending
2429,3325,68,2026-04-15,2026-04-14,received
2430,1391,46,2026-06-15,2026-06-16,received
2431,7270,42,2026-06-14,2026-06-18,received
2432,6243,58,2026-04-12,2026-04-12,received
2433,15,6,2026-06-03,,cancelled
2434,4305,13,2026-05-13,2026-05-17,received
2435,3922,58,2026-06-21,2026-06-25,received
2436,375,25,2026-06-04,,pending
2437,2111,19,2026-04-20,,cancelled
2438,3693,17,2026-04-10,,cancelled
2439,918,40,2026-05-06,,pending
2440,4867,54,2026-05-06,2026-05-06,received
2441,3997,21,2026-04-29,2026-05-04,received
2442,2791,16,2026-05-25,,cancelled
2443,821,44,2026-05-16,,in_transit
2444,3403,31,2026-04-26,2026-05-01,received
2445,3064,18,2026-06-12,2026-06-17,received
2446,3428,42,2026-04-09,2026-04-08,received
2447,2865,3,2026-06-25,2026-06-28,received
2448,5594,54,2026-06-29,2026-06-28,received
2449,670,1,2026-06-22,,pending
2450,3285,53,2026-06-14,,cancelled
2451,2776,68,2026-04-06,,in_transit
2452,5177,59,2026-05-05,2026-05-10,received
2453,6028,43,2026-06-22,2026-06-21,received
2454,2675,11,2026-06-14,2026-06-13,received
2455,4027,40,2026-04-04,2026-04-09,received
2456,6944,13,2026-04-13,2026-04-14,received
2457,5000,42,2026-06-17,2026-06-19,received
2458,7147,63,2026-04-07,2026-04-07,received
2459,5067,33,2026-06-12,2026-06-17,received
2460,4804,30,2026-05-26,,in_transit
2461,7437,17,2026-05-18,2026-05-21,received
2462,386,11,2026-06-23,2026-06-28,received
2463,1207,1,2026-06-06,2026-06-06,received
2464,2944,51,2026-06-01,2026-06-06,received
2465,7369,38,2026-06-19,2026-06-18,received
2466,514,26,2026-04-20,,cancelled
2467,6933,16,2026-06-22,2026-06-22,received
2468,7377,3,2026-06-07,2026-06-07,received
2469,3566,3,2026-05-26,2026-05-28,received
2470,2576,5,2026-04-07,2026-04-08,received
2471,3189,67,2026-04-17,2026-04-20,received
2472,788,17,2026-06-29,2026-06-29,received
2473,4297,27,2026-06-03,2026-06-08,received
2474,5693,53,2026-05-20,2026-05-21,received
2475,4505,10,2026-04-08,2026-04-07,received
2476,2699,3,2026-06-24,2026-06-24,received
2477,81,67,2026-06-16,2026-06-19,received
2478,5333,34,2026-06-07,2026-06-12,received
2479,1961,45,2026-06-06,2026-06-09,received
2480,7598,23,2026-05-11,2026-05-11,received
2481,5210,3,2026-04-29,2026-04-30,received
2482,4233,66,2026-05-18,2026-05-20,received
2483,44,55,2026-06-17,2026-06-21,received
2484,5040,51,2026-06-04,2026-06-07,received
2485,4641,64,2026-06-08,2026-06-07,received
2486,7335,49,2026-05-07,2026-05-09,received
2487,5117,5,2026-06-18,2026-06-22,received
2488,5471,39,2026-04-27,,in_transit
2489,5928,34,2026-06-25,2026-06-28,received
2490,3196,37,2026-05-11,2026-05-16,received
2491,3167,31,2026-04-21,2026-04-20,received
2492,5561,36,2026-05-29,2026-05-29,received
2493,899,67,2026-05-24,2026-05-28,received
2494,5894,38,2026-05-10,2026-05-11,received
2495,2587,60,2026-04-08,2026-04-12,received
2496,3428,19,2026-04-23,2026-04-22,received
2497,1007,14,2026-06-11,,in_transit
2498,1352,59,2026-06-23,,pending
2499,1862,29,2026-04-30,2026-05-05,received
2500,889,46,2026-06-03,2026-06-03,received
2501,3733,63,2026-05-30,,in_transit
2502,3992,65,2026-06-06,,in_transit
2503,4227,6,2026-06-19,2026-06-22,received
2504,3792,7,2026-04-13,2026-04-14,received
2505,2935,38,2026-04-07,2026-04-10,received
2506,1144,43,2026-06-02,2026-06-07,received
2507,3162,3,2026-06-19,2026-06-24,received
2508,2986,43,2026-06-26,2026-06-30,received
2509,5448,20,2026-04-27,2026-04-30,received
2510,5388,66,2026-06-09,2026-06-10,received
2511,1569,11,2026-06-05,,pending
2512,5503,37,2026-06-17,,in_transit
2513,2792,68,2026-04-05,2026-04-06,received
2514,3545,30,2026-06-30,,cancelled
2515,3195,55,2026-04-11,2026-04-15,received
2516,7963,7,2026-04-15,2026-04-14,received
2517,485,13,2026-05-22,2026-05-26,received
2518,1496,4,2026-06-07,2026-06-08,received
2519,7376,36,2026-04-21,2026-04-24,received
2520,5863,33,2026-05-01,2026-05-06,received
2521,1682,21,2026-05-03,2026-05-08,received
2522,3109,33,2026-06-05,2026-06-06,received
2523,3412,47,2026-04-08,2026-04-08,received
2524,3020,68,2026-06-24,,in_transit
2525,2382,16,2026-04-11,,pending
2526,1423,58,2026-06-23,2026-06-26,received
2527,3141,3,2026-06-20,2026-06-23,received
2528,5369,29,2026-06-21,,cancelled
2529,1496,32,2026-04-22,,pending
2530,1653,64,2026-05-11,,cancelled
2531,2209,4,2026-06-19,2026-06-20,received
2532,4000,33,2026-05-14,,in_transit
2533,2166,4,2026-05-24,2026-05-26,received
2534,4764,36,2026-06-07,2026-06-08,received
2535,330,4,2026-04-14,,pending
2536,3550,46,2026-06-28,2026-06-29,received
2537,5255,8,2026-05-29,2026-06-01,received
2538,5545,3,2026-06-19,2026-06-22,received
2539,2349,33,2026-05-04,2026-05-03,received
2540,3539,62,2026-06-16,2026-06-21,received
2541,1936,65,2026-06-30,2026-07-04,received
2542,929,46,2026-06-29,2026-07-02,received
2543,721,44,2026-05-09,,pending
2544,1298,16,2026-05-06,,cancelled
2545,985,1,2026-05-28,2026-05-27,received
2546,2587,3,2026-06-16,2026-06-21,received
2547,2226,31,2026-06-03,2026-06-02,received
2548,3288,66,2026-06-03,2026-06-05,received
2549,6151,12,2026-05-03,2026-05-03,received
2550,2024,23,2026-05-06,,in_transit
2551,1432,20,2026-05-10,,in_transit
2552,7149,62,2026-04-23,2026-04-22,received
2553,2152,50,2026-04-28,2026-05-01,received
2554,5411,65,2026-04-22,2026-04-24,received
2555,1083,15,2026-04-21,2026-04-22,received
2556,2966,54,2026-06-30,2026-06-29,received
2557,6065,24,2026-05-09,2026-05-13,received
2558,1569,43,2026-05-20,,pending
2559,3520,24,2026-05-23,,pending
2560,7207,8,2026-06-03,2026-06-05,received
2561,3097,67,2026-05-02,,cancelled
2562,5283,7,2026-06-13,2026-06-12,received
2563,4855,37,2026-06-29,2026-07-03,received
2564,2717,41,2026-06-10,2026-06-15,received
2565,1250,50,2026-05-28,2026-05-30,received
2566,415,3,2026-05-19,,cancelled
2567,428,8,2026-04-16,2026-04-20,received
2568,5011,8,2026-05-09,2026-05-09,received
2569,815,42,2026-06-06,2026-06-09,received
2570,2328,9,2026-06-14,2026-06-18,received
2571,2945,68,2026-05-30,2026-06-03,received
2572,809,10,2026-05-03,2026-05-02,received
2573,4399,38,2026-06-09,,in_transit
2574,1539,19,2026-06-10,2026-06-15,received
2575,7517,27,2026-05-04,2026-05-03,received
2576,5224,30,2026-04-10,2026-04-10,received
2577,161,65,2026-05-16,2026-05-15,received
2578,5289,65,2026-04-26,2026-05-01,received
2579,5168,23,2026-06-26,2026-06-29,received
2580,3524,36,2026-05-20,,cancelled
2581,3014,62,2026-05-25,2026-05-28,received
2582,5812,30,2026-04-03,2026-04-05,received
2583,2263,60,2026-05-14,2026-05-17,received
2584,2027,61,2026-04-28,,pending
2585,52,12,2026-06-02,2026-06-05,received
2586,994,42,2026-05-23,2026-05-25,received
2587,768,21,2026-06-13,2026-06-16,received
2588,2562,55,2026-05-24,2026-05-29,received
2589,2734,63,2026-06-11,2026-06-10,received
2590,6524,58,2026-06-30,2026-07-02,received
2591,4489,15,2026-05-25,2026-05-30,received
2592,1763,24,2026-04-02,,in_transit
2593,3084,36,2026-05-14,2026-05-16,received
2594,3345,52,2026-05-06,2026-05-06,received
2595,4872,27,2026-06-19,2026-06-20,received
2596,3581,32,2026-05-14,2026-05-18,received
2597,7578,64,2026-05-21,2026-05-23,received
2598,4051,36,2026-05-07,2026-05-11,received
2599,75,29,2026-05-28,2026-05-30,received
2600,7311,34,2026-06-11,2026-06-15,received
2601,1102,28,2026-05-08,,pending
2602,7631,49,2026-04-22,2026-04-25,received
2603,4001,19,2026-04-26,2026-04-29,received
2604,6454,6,2026-06-12,2026-06-17,received
2605,1481,20,2026-04-17,2026-04-21,received
2606,4198,3,2026-06-18,2026-06-22,received
2607,3108,17,2026-04-10,,in_transit
2608,2752,58,2026-05-22,2026-05-23,received
2609,1351,20,2026-06-10,2026-06-09,received
2610,1757,46,2026-05-11,,pending
2611,2967,26,2026-06-18,2026-06-20,received
2612,1603,3,2026-05-17,,in_transit
2613,5361,24,2026-04-19,2026-04-20,received
2614,3790,43,2026-04-30,2026-04-29,received
2615,5363,23,2026-06-23,,pending
2616,2961,36,2026-04-08,2026-04-12,received
2617,4070,35,2026-04-26,2026-04-26,received
2618,1652,27,2026-06-05,2026-06-09,received
2619,935,27,2026-05-06,2026-05-07,received
2620,3311,62,2026-05-22,,pending
2621,4196,40,2026-04-23,2026-04-24,received
2622,4541,55,2026-04-24,2026-04-25,received
2623,1404,38,2026-05-31,,cancelled
2624,5585,30,2026-04-22,,in_transit
2625,4362,44,2026-06-24,2026-06-27,received
2626,3059,24,2026-04-01,,in_transit
2627,551,57,2026-04-15,2026-04-17,received
2628,5553,23,2026-06-12,2026-06-14,received
2629,5851,22,2026-06-30,2026-07-05,received
2630,1018,10,2026-06-20,2026-06-19,received
2631,1732,31,2026-04-26,2026-04-25,received
2632,2210,28,2026-06-18,2026-06-22,received
2633,185,35,2026-05-04,,cancelled
2634,4072,10,2026-06-24,,in_transit
2635,5570,39,2026-04-08,2026-04-09,received
2636,5342,10,2026-05-17,2026-05-16,received
2637,1736,60,2026-05-21,,pending
2638,4533,59,2026-04-26,2026-05-01,received
2639,1299,19,2026-04-09,,pending
2640,2725,49,2026-04-12,2026-04-13,received
2641,4306,49,2026-05-27,2026-05-28,received
2642,1966,56,2026-06-14,,in_transit
2643,2597,50,2026-04-05,2026-04-04,received
2644,4494,53,2026-06-17,2026-06-18,received
2645,1993,40,2026-06-02,,in_transit
2646,7548,60,2026-05-20,2026-05-25,received
2647,40,14,2026-05-20,2026-05-20,received
2648,2561,18,2026-05-30,2026-05-30,received
2649,5187,41,2026-06-18,2026-06-20,received
2650,1450,33,2026-04-06,2026-04-08,received
2651,2584,64,2026-05-31,2026-06-04,received
2652,5286,52,2026-06-15,2026-06-17,received
2653,5414,11,2026-05-23,,pending
2654,1094,58,2026-04-12,,pending
2655,4801,42,2026-05-04,,in_transit
2656,3663,13,2026-06-21,2026-06-25,received
2657,58,21,2026-05-18,2026-05-18,received
2658,1757,6,2026-05-31,,in_transit
2659,3665,54,2026-04-01,2026-04-01,received
2660,2771,53,2026-06-26,2026-07-01,received
2661,4257,33,2026-05-08,2026-05-10,received
2662,3099,67,2026-04-11,2026-04-13,received
2663,3992,31,2026-06-18,2026-06-17,received
2664,2245,26,2026-06-03,2026-06-08,received
2665,5413,9,2026-04-30,2026-05-02,received
2666,303,3,2026-06-30,2026-07-03,received
2667,778,23,2026-04-25,2026-04-24,received
2668,4191,27,2026-06-17,2026-06-17,received
2669,7301,38,2026-05-17,2026-05-21,received
2670,588,2,2026-04-25,2026-04-28,received
2671,1403,53,2026-06-10,2026-06-14,received
2672,5545,13,2026-06-05,2026-06-09,received
2673,2502,24,2026-04-15,2026-04-20,received
2674,4099,48,2026-06-04,2026-06-04,received
2675,749,53,2026-06-11,,in_transit
2676,2566,17,2026-04-19,2026-04-19,received
2677,7744,31,2026-06-09,2026-06-12,received
2678,575,8,2026-04-02,,in_transit
2679,6939,67,2026-06-27,2026-07-01,received
2680,2964,59,2026-06-01,2026-06-01,received
2681,4998,50,2026-06-12,2026-06-11,received
2682,4046,7,2026-04-03,2026-04-05,received
2683,2830,26,2026-04-11,2026-04-10,received
2684,7300,3,2026-04-14,,pending
2685,2095,21,2026-06-14,2026-06-14,received
2686,6270,55,2026-05-01,,pending
2687,6352,53,2026-04-04,2026-04-07,received
2688,2808,55,2026-04-03,,in_transit
2689,4084,38,2026-04-19,2026-04-24,received
2690,3904,56,2026-06-14,,cancelled
2691,426,23,2026-06-05,,in_transit
2692,3886,60,2026-06-16,,cancelled
2693,4894,35,2026-06-30,2026-07-04,received
2694,2458,50,2026-05-09,,in_transit
2695,5177,54,2026-05-02,2026-05-06,received
2696,6266,65,2026-06-19,2026-06-21,received
2697,3328,20,2026-06-09,2026-06-13,received
2698,1229,53,2026-04-15,2026-04-17,received
2699,2109,12,2026-06-09,2026-06-14,received
2700,7634,11,2026-06-24,2026-06-24,received
2701,3105,33,2026-05-12,2026-05-16,received
2702,4980,59,2026-04-26,2026-04-30,received
2703,4358,28,2026-06-12,2026-06-13,received
2704,4367,31,2026-04-26,2026-04-28,received
2705,2502,25,2026-06-04,,in_transit
2706,3954,56,2026-05-20,2026-05-19,received
2707,6935,19,2026-05-06,2026-05-07,received
2708,4527,65,2026-06-08,2026-06-07,received
2709,973,45,2026-06-07,2026-06-06,received
2710,5727,25,2026-06-19,2026-06-19,received
2711,7196,64,2026-05-20,,pending
2712,878,59,2026-05-04,2026-05-06,received
2713,7095,31,2026-06-17,2026-06-20,received
2714,5437,13,2026-05-17,2026-05-17,received
2715,7112,26,2026-06-01,2026-06-02,received
2716,2483,24,2026-04-15,,in_transit
2717,4408,47,2026-05-16,,pending
2718,3621,65,2026-06-13,2026-06-15,received
2719,7458,41,2026-04-14,2026-04-15,received
2720,3765,27,2026-05-10,,in_transit
2721,4163,59,2026-05-09,2026-05-10,received
2722,3332,15,2026-06-25,2026-06-29,received
2723,4206,10,2026-04-05,,pending
2724,2649,58,2026-06-21,2026-06-21,received
2725,4501,62,2026-06-07,2026-06-06,received
2726,170,61,2026-05-09,,pending
2727,4285,8,2026-04-19,2026-04-20,received
2728,1779,50,2026-04-18,2026-04-21,received
2729,69,67,2026-05-22,,cancelled
2730,99,58,2026-05-20,2026-05-20,received
2731,4218,26,2026-05-03,,pending
2732,3286,65,2026-05-23,2026-05-27,received
2733,2689,30,2026-04-01,,pending
2734,2815,38,2026-04-01,,pending
2735,7548,48,2026-04-11,2026-04-12,received
2736,5046,59,2026-04-19,2026-04-19,received
2737,6790,19,2026-04-10,2026-04-12,received
2738,739,59,2026-04-16,2026-04-19,received
2739,1292,7,2026-04-21,,pending
2740,3577,21,2026-05-19,2026-05-19,received
2741,4248,66,2026-06-17,2026-06-16,received
2742,2454,23,2026-04-09,2026-04-10,received
2743,2523,32,2026-05-07,2026-05-06,received
2744,5528,67,2026-05-23,2026-05-27,received
2745,2401,55,2026-05-11,2026-05-16,received
2746,2691,33,2026-04-17,2026-04-17,received
2747,417,40,2026-05-10,2026-05-09,received
2748,5729,62,2026-05-23,,cancelled
2749,358,53,2026-06-03,,in_transit
2750,367,54,2026-04-09,2026-04-13,received
2751,3853,59,2026-05-17,,cancelled
2752,2623,35,2026-05-20,2026-05-25,received
2753,1554,35,2026-05-25,,pending
2754,3573,26,2026-04-03,2026-04-03,received
2755,6675,7,2026-05-26,2026-05-28,received
2756,4612,28,2026-05-13,2026-05-14,received
2757,3406,15,2026-06-09,2026-06-13,received
2758,2523,42,2026-04-06,2026-04-08,received
2759,6822,24,2026-05-05,,pending
2760,4414,52,2026-04-09,2026-04-12,received
2761,3663,57,2026-06-02,,cancelled
2762,1646,53,2026-04-25,2026-04-28,received
2763,4479,28,2026-04-24,,in_transit
2764,4171,49,2026-06-30,2026-07-03,received
2765,2139,39,2026-05-12,2026-05-14,received
2766,7207,57,2026-04-19,2026-04-21,received
2767,681,27,2026-04-28,2026-05-02,received
2768,3644,62,2026-06-21,2026-06-21,received
2769,2197,38,2026-04-16,2026-04-15,received
2770,2836,59,2026-05-03,,pending
2771,256,49,2026-05-15,2026-05-19,received
2772,525,40,2026-05-18,,cancelled
2773,85,64,2026-04-02,2026-04-02,received
2774,7352,36,2026-06-26,2026-06-30,received
2775,4939,67,2026-05-12,2026-05-16,received
2776,4546,17,2026-06-24,,in_transit
2777,1356,28,2026-04-22,2026-04-23,received
2778,3585,41,2026-06-30,2026-07-02,received
2779,5967,51,2026-04-10,2026-04-15,received
2780,4512,26,2026-04-19,2026-04-23,received
2781,2659,49,2026-04-24,2026-04-26,received
2782,4881,29,2026-06-09,2026-06-11,received
2783,5252,64,2026-04-18,2026-04-20,received
2784,1187,49,2026-04-24,2026-04-23,received
2785,4037,18,2026-05-28,2026-05-31,received
2786,4410,44,2026-04-20,2026-04-23,received
2787,4594,10,2026-05-21,,cancelled
2788,1186,60,2026-06-13,,cancelled
2789,1800,49,2026-04-23,2026-04-25,received
2790,476,6,2026-05-01,2026-05-06,received
2791,7247,68,2026-05-18,2026-05-22,received
2792,2907,15,2026-05-13,2026-05-16,received
2793,832,52,2026-06-19,2026-06-20,received
2794,3235,13,2026-04-13,2026-04-14,received
2795,3734,24,2026-04-21,,in_transit
2796,5023,40,2026-04-10,,pending
2797,4938,1,2026-05-02,2026-05-01,received
2798,391,26,2026-05-01,2026-05-01,received
2799,4976,43,2026-05-14,2026-05-17,received
2800,5043,38,2026-04-28,2026-05-03,received
2801,981,61,2026-06-30,2026-07-01,received
2802,962,27,2026-04-25,2026-04-24,received
2803,1593,9,2026-06-21,2026-06-23,received
2804,45,54,2026-04-18,2026-04-22,received
2805,7551,15,2026-04-12,,pending
2806,4854,39,2026-05-09,2026-05-08,received
2807,4559,64,2026-06-07,2026-06-10,received
2808,6267,15,2026-06-16,2026-06-19,received
2809,464,63,2026-05-12,2026-05-15,received
2810,3241,4,2026-04-03,2026-04-08,received
2811,6018,53,2026-06-20,2026-06-22,received
2812,4243,43,2026-06-13,,in_transit
2813,1927,13,2026-04-21,2026-04-20,received
2814,3587,36,2026-04-05,2026-04-04,received
2815,4135,5,2026-06-06,2026-06-08,received
2816,1786,31,2026-04-14,,pending
2817,4384,54,2026-06-10,,pending
2818,1481,48,2026-05-14,2026-05-14,received
2819,3876,45,2026-06-09,2026-06-12,received
2820,1769,30,2026-04-08,2026-04-08,received
2821,2431,50,2026-05-28,,pending
2822,1199,5,2026-04-24,2026-04-24,received
2823,4211,39,2026-04-02,,cancelled
2824,3279,62,2026-05-11,2026-05-14,received
2825,2766,35,2026-05-10,2026-05-12,received
2826,1937,8,2026-05-17,2026-05-22,received
2827,4868,7,2026-05-04,2026-05-05,received
2828,4466,52,2026-04-10,2026-04-14,received
2829,1689,42,2026-05-21,2026-05-26,received
2830,4559,27,2026-06-24,2026-06-29,received
2831,4357,47,2026-05-18,2026-05-23,received
2832,1371,44,2026-06-28,2026-06-30,received
2833,2519,21,2026-04-02,2026-04-05,received
2834,1742,30,2026-06-14,2026-06-13,received
2835,3734,59,2026-04-01,2026-03-31,received
2836,3683,47,2026-06-30,2026-07-05,received
2837,979,12,2026-04-28,2026-04-29,received
2838,1025,43,2026-05-09,,pending
2839,2328,24,2026-06-15,2026-06-14,received
2840,5454,54,2026-04-29,2026-04-28,received
2841,2404,62,2026-05-27,,pending
2842,1615,49,2026-04-25,2026-04-25,received
2843,4444,43,2026-05-16,2026-05-15,received
2844,4146,47,2026-04-19,2026-04-24,received
2845,1636,43,2026-06-11,2026-06-12,received
2846,710,67,2026-04-18,,cancelled
2847,1756,38,2026-05-02,2026-05-06,received
2848,3373,65,2026-06-25,2026-06-29,received
2849,571,39,2026-05-24,2026-05-23,received
2850,4961,35,2026-05-05,2026-05-09,received
2851,3411,23,2026-04-21,2026-04-26,received
2852,4015,25,2026-04-15,2026-04-14,received
2853,4105,51,2026-04-10,2026-04-09,received
2854,5500,35,2026-05-14,,pending
2855,3348,66,2026-04-14,2026-04-13,received
2856,4010,3,2026-04-18,2026-04-23,received
2857,3599,36,2026-06-19,2026-06-18,received
2858,3859,38,2026-04-03,2026-04-06,received
2859,203,44,2026-06-10,2026-06-09,received
2860,145,28,2026-06-17,2026-06-17,received
2861,7664,21,2026-05-01,2026-05-03,received
2862,1840,54,2026-04-05,2026-04-07,received
2863,3787,11,2026-06-16,2026-06-17,received
2864,6839,62,2026-05-10,2026-05-10,received
2865,5611,23,2026-04-28,,pending
2866,4419,45,2026-05-31,2026-06-03,received
2867,1751,25,2026-05-03,2026-05-05,received
2868,5113,23,2026-06-22,2026-06-26,received
2869,2315,28,2026-06-03,2026-06-02,received
2870,769,25,2026-05-05,,pending
2871,421,68,2026-05-11,,in_transit
2872,7892,58,2026-06-07,2026-06-10,received
2873,4204,46,2026-05-23,,pending
2874,5076,50,2026-05-16,2026-05-20,received
2875,2696,1,2026-06-02,2026-06-06,received
2876,7959,26,2026-06-06,,cancelled
2877,2874,44,2026-05-12,,pending
2878,24,2,2026-04-24,,pending
2879,566,11,2026-05-25,2026-05-28,received
2880,2708,43,2026-06-01,2026-06-06,received
2881,930,40,2026-04-16,2026-04-21,received
2882,3044,48,2026-05-15,,in_transit
2883,2419,54,2026-06-13,2026-06-14,received
2884,2982,50,2026-04-13,2026-04-12,received
2885,1900,31,2026-05-11,2026-05-11,received
2886,1913,29,2026-05-16,2026-05-17,received
2887,1035,53,2026-06-08,2026-06-13,received
2888,1888,27,2026-04-10,,in_transit
2889,3555,39,2026-04-28,2026-04-29,received
2890,223,7,2026-05-08,2026-05-11,received
2891,7702,1,2026-06-27,2026-06-27,received
2892,3758,60,2026-05-02,2026-05-07,received
2893,1697,31,2026-04-04,,cancelled
2894,7904,60,2026-04-25,2026-04-27,received
2895,1814,53,2026-06-18,2026-06-21,received
2896,3158,4,2026-04-09,2026-04-11,received
2897,6027,61,2026-04-28,2026-05-01,received
2898,4159,31,2026-06-28,2026-06-30,received
2899,1065,61,2026-06-26,2026-06-27,received
2900,6931,35,2026-05-16,2026-05-15,received
2901,6028,51,2026-04-19,2026-04-19,received
2902,2428,52,2026-05-27,2026-05-30,received
2903,5327,53,2026-04-11,2026-04-13,received
2904,6327,54,2026-06-16,,pending
2905,2251,59,2026-06-15,2026-06-15,received
2906,2449,63,2026-04-05,,in_transit
2907,3809,40,2026-06-01,2026-06-05,received
2908,3817,4,2026-05-16,2026-05-16,received
2909,998,18,2026-05-25,2026-05-29,received
2910,1142,25,2026-04-16,2026-04-19,received
2911,156,4,2026-05-30,2026-05-30,received
2912,5909,27,2026-05-11,,cancelled
2913,1765,32,2026-04-12,2026-04-14,received
2914,429,35,2026-05-28,2026-06-01,received
2915,2016,49,2026-05-01,2026-04-30,received
2916,7001,7,2026-06-05,2026-06-07,received
2917,1900,27,2026-04-27,2026-05-02,received
2918,6975,28,2026-04-12,2026-04-15,received
2919,3191,41,2026-05-25,2026-05-29,received
2920,1909,38,2026-04-12,2026-04-17,received
2921,3623,52,2026-04-30,2026-05-05,received
2922,6752,33,2026-04-20,2026-04-24,received
2923,5588,2,2026-04-20,2026-04-23,received
2924,1163,26,2026-05-14,,cancelled
2925,4010,53,2026-06-20,2026-06-19,received
2926,3804,35,2026-05-14,2026-05-13,received
2927,3849,59,2026-06-22,2026-06-24,received
2928,6978,11,2026-06-18,2026-06-21,received
2929,5817,8,2026-05-08,2026-05-08,received
2930,4362,64,2026-04-10,2026-04-15,received
2931,1872,42,2026-04-22,2026-04-24,received
2932,568,42,2026-04-12,2026-04-15,received
2933,1141,18,2026-04-27,2026-05-01,received
2934,1341,40,2026-04-21,2026-04-25,received
2935,4983,13,2026-04-13,2026-04-18,received
2936,7555,53,2026-04-04,,pending
2937,1832,64,2026-05-22,2026-05-21,received
2938,1734,42,2026-06-13,2026-06-14,received
2939,6345,8,2026-05-22,2026-05-27,received
2940,948,18,2026-04-27,,cancelled
2941,6931,61,2026-04-27,2026-04-30,received
2942,5286,34,2026-04-02,2026-04-01,received
2943,2877,20,2026-06-05,2026-06-05,received
2944,3585,19,2026-05-23,2026-05-25,received
2945,3462,23,2026-05-04,2026-05-06,received
2946,63,18,2026-06-09,2026-06-13,received
2947,4215,20,2026-04-16,2026-04-20,received
2948,5184,64,2026-06-26,2026-06-27,received
2949,2361,30,2026-06-03,2026-06-06,received
2950,1606,58,2026-04-30,2026-05-01,received
2951,4331,24,2026-06-10,2026-06-11,received
2952,4047,11,2026-05-18,2026-05-22,received
2953,27,10,2026-05-05,2026-05-09,received
2954,2174,46,2026-05-17,2026-05-22,received
2955,1999,35,2026-06-13,2026-06-15,received
2956,6738,45,2026-06-14,,in_transit
2957,3307,19,2026-06-15,,cancelled
2958,6980,47,2026-06-05,,pending
2959,4431,42,2026-06-26,2026-06-27,received
2960,4108,28,2026-05-25,2026-05-27,received
2961,2768,65,2026-06-08,2026-06-12,received
2962,6617,31,2026-04-11,,pending
2963,5481,51,2026-05-10,2026-05-11,received
2964,1706,59,2026-04-29,2026-05-02,received
2965,5056,57,2026-05-31,,pending
2966,254,22,2026-06-04,2026-06-09,received
2967,4346,5,2026-04-18,2026-04-20,received
2968,6807,5,2026-04-06,,pending
2969,5575,3,2026-04-12,2026-04-17,received
2970,6470,25,2026-06-27,2026-06-26,received
2971,2308,39,2026-06-03,2026-06-02,received
2972,2086,2,2026-04-23,2026-04-26,received
2973,4007,18,2026-04-30,2026-05-05,received
2974,4118,10,2026-04-24,,pending
2975,4994,59,2026-04-25,2026-04-24,received
2976,5559,43,2026-05-06,2026-05-08,received
2977,2019,33,2026-05-13,2026-05-15,received
2978,5345,44,2026-06-02,2026-06-07,received
2979,835,44,2026-04-02,2026-04-07,received
2980,2734,27,2026-04-16,2026-04-19,received
2981,6890,52,2026-05-29,2026-05-29,received
2982,2170,24,2026-06-16,2026-06-15,received
2983,6597,46,2026-05-12,2026-05-12,received
2984,1206,26,2026-05-02,2026-05-06,received
2985,1100,32,2026-06-02,,in_transit
2986,83,16,2026-04-14,,in_transit
2987,4229,4,2026-04-09,2026-04-14,received
2988,346,51,2026-06-17,2026-06-21,received
2989,2921,55,2026-04-17,2026-04-22,received
2990,6092,16,2026-05-09,,pending
2991,1969,36,2026-04-21,2026-04-24,received
2992,351,4,2026-05-28,2026-05-31,received
2993,7588,3,2026-04-16,2026-04-16,received
2994,2879,51,2026-05-03,2026-05-04,received
2995,776,63,2026-06-29,2026-07-01,received
2996,6230,40,2026-04-02,2026-04-04,received
2997,2003,52,2026-06-14,,in_transit
2998,238,12,2026-04-21,2026-04-23,received
2999,725,41,2026-06-02,2026-06-04,received
3000,251,58,2026-05-28,2026-05-29,received
3001,5647,48,2026-04-09,2026-04-12,received
3002,3624,12,2026-04-06,2026-04-10,received
3003,5058,35,2026-06-20,,cancelled
3004,1580,7,2026-04-26,2026-04-29,received
3005,5576,32,2026-06-13,2026-06-17,received
3006,4625,46,2026-05-27,,cancelled
3007,931,31,2026-05-01,2026-05-02,received
3008,7247,62,2026-04-19,,in_transit
3009,2923,5,2026-05-09,2026-05-14,received
3010,1141,41,2026-05-07,2026-05-10,received
3011,234,26,2026-06-25,,cancelled
3012,3891,16,2026-05-04,2026-05-03,received
3013,5442,44,2026-05-13,2026-05-18,received
3014,6401,8,2026-05-23,2026-05-22,received
3015,6372,30,2026-04-12,2026-04-15,received
3016,3897,57,2026-05-24,,in_transit
3017,4498,19,2026-04-16,2026-04-15,received
3018,5654,57,2026-04-16,2026-04-16,received
3019,2407,39,2026-06-06,2026-06-06,received
3020,4383,62,2026-04-04,2026-04-04,received
3021,5375,32,2026-04-04,2026-04-08,received
3022,584,3,2026-06-26,,in_transit
3023,3957,56,2026-06-01,2026-06-01,received
3024,4643,22,2026-04-04,2026-04-04,received
3025,4003,8,2026-04-08,2026-04-09,received
3026,148,24,2026-05-20,2026-05-25,received
3027,45,12,2026-04-29,2026-05-02,received
3028,591,46,2026-05-06,2026-05-05,received
3029,3972,13,2026-05-06,2026-05-09,received
3030,2286,16,2026-06-23,2026-06-22,received
3031,2512,67,2026-04-30,2026-05-02,received
3032,2242,68,2026-05-17,2026-05-19,received
3033,4852,35,2026-04-14,2026-04-16,received
3034,1477,14,2026-06-21,2026-06-25,received
3035,4689,53,2026-05-07,,pending
3036,6444,48,2026-04-26,2026-04-25,received
3037,6060,65,2026-06-23,2026-06-24,received
3038,5255,23,2026-04-24,,cancelled
3039,3652,29,2026-04-25,2026-04-26,received
3040,7330,9,2026-05-08,2026-05-09,received
3041,3927,5,2026-04-02,2026-04-02,received
3042,3228,28,2026-06-30,2026-07-02,received
3043,1016,30,2026-04-03,2026-04-05,received
3044,1272,4,2026-06-06,,pending
3045,3382,6,2026-06-30,,in_transit
3046,2777,2,2026-06-25,,in_transit
3047,996,59,2026-04-10,2026-04-15,received
3048,7206,17,2026-04-07,2026-04-08,received
3049,7397,19,2026-04-14,2026-04-13,received
3050,900,8,2026-04-09,2026-04-10,received
3051,3258,30,2026-04-22,2026-04-25,received
3052,1377,54,2026-06-23,2026-06-22,received
3053,3230,38,2026-06-16,2026-06-18,received
3054,4836,65,2026-06-25,2026-06-30,received
3055,6769,60,2026-06-23,2026-06-25,received
3056,4549,36,2026-04-11,,pending
3057,2232,22,2026-04-15,2026-04-17,received
3058,18,4,2026-06-20,2026-06-20,received
3059,6282,34,2026-05-14,2026-05-14,received
3060,1503,9,2026-04-08,2026-04-11,received
3061,1004,21,2026-04-17,2026-04-20,received
3062,7438,16,2026-05-31,2026-06-03,received
3063,2714,43,2026-04-13,2026-04-13,received
3064,5289,26,2026-04-02,2026-04-07,received
3065,33,43,2026-06-02,2026-06-03,received
3066,4806,27,2026-04-02,2026-04-01,received
3067,3022,17,2026-05-16,2026-05-21,received
3068,1688,19,2026-05-04,2026-05-09,received
3069,5302,19,2026-06-06,2026-06-09,received
3070,4122,65,2026-06-16,2026-06-20,received
3071,7340,37,2026-05-13,,cancelled
3072,1193,33,2026-05-03,2026-05-06,received
3073,2186,55,2026-06-15,,cancelled
3074,154,5,2026-05-26,2026-05-25,received
3075,1790,19,2026-06-19,2026-06-19,received
3076,3877,34,2026-04-04,,pending
3077,101,58,2026-06-08,2026-06-13,received
3078,1472,64,2026-04-19,2026-04-21,received
3079,6005,1,2026-05-07,2026-05-07,received
3080,5215,10,2026-04-15,2026-04-18,received
3081,2784,61,2026-06-07,2026-06-12,received
3082,1466,42,2026-06-22,2026-06-27,received
3083,4838,37,2026-04-14,,pending
3084,5087,56,2026-04-09,2026-04-12,received
3085,2978,47,2026-05-03,2026-05-04,received
3086,3503,26,2026-06-14,2026-06-19,received
3087,3381,30,2026-05-30,2026-06-02,received
3088,2511,56,2026-04-28,2026-04-28,received
3089,7702,44,2026-04-08,,in_transit
3090,203,30,2026-05-03,,in_transit
3091,2877,64,2026-05-03,2026-05-02,received
3092,6479,54,2026-04-09,2026-04-11,received
3093,2591,9,2026-05-16,2026-05-15,received
3094,2926,51,2026-06-12,,pending
3095,3522,65,2026-06-22,2026-06-22,received
3096,6745,25,2026-06-09,2026-06-08,received
3097,139,8,2026-04-24,,in_transit
3098,5394,60,2026-04-20,2026-04-25,received
3099,1345,39,2026-06-16,2026-06-20,received
3100,3998,6,2026-04-24,2026-04-23,received
3101,4447,41,2026-06-11,2026-06-13,received
3102,1881,49,2026-04-14,,in_transit
3103,3020,42,2026-06-06,,in_transit
3104,3952,58,2026-04-25,2026-04-30,received
3105,1715,11,2026-04-05,,cancelled
3106,440,8,2026-06-29,,cancelled
3107,2784,60,2026-06-20,2026-06-19,received
3108,32,51,2026-04-17,,in_transit
3109,6023,35,2026-05-16,2026-05-18,received
3110,552,50,2026-06-30,2026-06-29,received
3111,1365,36,2026-06-28,2026-06-28,received
3112,2683,45,2026-05-20,2026-05-20,received
3113,1120,7,2026-05-02,2026-05-06,received
3114,3836,5,2026-06-07,2026-06-06,received
3115,4765,3,2026-04-03,2026-04-05,received
3116,3963,56,2026-05-22,2026-05-22,received
3117,4796,44,2026-06-11,,cancelled
3118,5120,27,2026-05-11,2026-05-10,received
3119,3201,24,2026-04-24,2026-04-25,received
3120,5597,54,2026-05-17,,pending
3121,4913,17,2026-04-26,2026-04-25,received
3122,2750,20,2026-06-16,2026-06-18,received
3123,3834,1,2026-05-14,2026-05-14,received
3124,1784,2,2026-05-28,2026-05-30,received
3125,645,28,2026-05-10,2026-05-11,received
3126,1626,55,2026-05-13,2026-05-12,received
3127,5265,67,2026-06-09,2026-06-14,received
3128,5376,55,2026-05-30,2026-05-31,received
3129,2731,60,2026-06-22,,pending
3130,5098,49,2026-04-20,,in_transit
3131,428,37,2026-05-28,2026-05-28,received
3132,3266,21,2026-05-09,2026-05-11,received
3133,3587,32,2026-06-12,2026-06-12,received
3134,5046,19,2026-06-01,,in_transit
3135,7576,53,2026-04-19,,pending
3136,5179,64,2026-06-15,2026-06-16,received
3137,4458,38,2026-05-17,2026-05-19,received
3138,1720,15,2026-04-09,,pending
3139,7162,65,2026-05-02,2026-05-02,received
3140,2582,58,2026-06-12,2026-06-17,received
3141,4464,61,2026-04-26,,in_transit
3142,3741,33,2026-04-01,,pending
3143,465,41,2026-04-20,2026-04-25,received
3144,2655,58,2026-04-22,,in_transit
3145,4660,50,2026-04-16,2026-04-16,received
3146,6231,14,2026-05-08,2026-05-10,received
3147,3978,23,2026-06-05,2026-06-10,received
3148,5438,68,2026-06-22,,in_transit
3149,4648,47,2026-06-17,2026-06-20,received
3150,1118,12,2026-04-17,2026-04-17,received
3151,3982,10,2026-04-19,2026-04-19,received
3152,782,49,2026-04-24,2026-04-26,received
3153,3997,43,2026-05-07,2026-05-09,received
3154,3120,39,2026-05-28,2026-06-02,received
3155,1807,32,2026-04-04,2026-04-05,received
3156,137,22,2026-04-02,2026-04-02,received
3157,6466,16,2026-04-14,2026-04-15,received
3158,4789,49,2026-04-12,,pending
3159,615,30,2026-06-25,2026-06-29,received
3160,7010,8,2026-06-22,2026-06-22,received
3161,1271,14,2026-05-22,,in_transit
3162,6470,41,2026-05-29,2026-06-03,received
3163,7850,51,2026-06-08,2026-06-08,received
3164,5955,15,2026-04-27,2026-04-26,received
3165,3793,51,2026-04-19,,pending
3166,1561,31,2026-04-07,2026-04-07,received
3167,1191,46,2026-06-18,,pending
3168,285,38,2026-04-24,,pending
3169,48,60,2026-06-29,2026-07-02,received
3170,6870,42,2026-04-07,2026-04-10,received
3171,5461,13,2026-04-16,,cancelled
3172,5195,52,2026-06-24,,in_transit
3173,2447,26,2026-04-13,2026-04-14,received
3174,4796,25,2026-05-01,2026-05-03,received
3175,6441,16,2026-05-27,,in_transit
3176,1395,41,2026-06-21,2026-06-23,received
3177,1687,29,2026-06-16,2026-06-19,received
3178,1481,65,2026-05-31,2026-06-04,received
3179,6233,26,2026-06-04,,cancelled
3180,4345,49,2026-04-18,,pending
3181,215,63,2026-04-09,,in_transit
3182,5913,20,2026-05-16,2026-05-19,received
3183,3292,5,2026-05-23,,cancelled
3184,2473,47,2026-05-29,,pending
3185,2053,34,2026-06-21,2026-06-25,received
3186,369,60,2026-06-15,2026-06-17,received
3187,5514,34,2026-05-11,2026-05-12,received
3188,4754,56,2026-05-05,2026-05-04,received
3189,1460,45,2026-04-29,,in_transit
3190,5138,21,2026-04-12,2026-04-13,received
3191,176,10,2026-04-30,2026-04-30,received
3192,2663,45,2026-04-24,,cancelled
3193,3757,27,2026-06-02,2026-06-04,received
3194,5589,59,2026-06-27,,in_transit
3195,3605,52,2026-06-11,2026-06-14,received
3196,1618,66,2026-04-29,2026-04-28,received
3197,3409,27,2026-04-17,,pending
3198,2335,13,2026-04-24,2026-04-27,received
3199,7911,41,2026-06-10,2026-06-13,received
3200,1185,57,2026-05-28,2026-05-27,received
3201,5521,4,2026-04-11,2026-04-12,received
3202,1280,58,2026-06-08,2026-06-10,received
3203,2797,42,2026-05-28,,pending
3204,41,48,2026-05-31,2026-06-05,received
3205,2853,2,2026-04-17,2026-04-16,received
3206,219,5,2026-05-19,2026-05-22,received
3207,293,50,2026-05-31,2026-06-02,received
3208,6016,5,2026-04-17,2026-04-22,received
3209,5958,64,2026-04-06,2026-04-06,received
3210,4354,55,2026-06-09,2026-06-13,received
3211,3866,62,2026-04-11,2026-04-16,received
3212,2938,64,2026-05-15,2026-05-19,received
3213,6746,37,2026-06-14,2026-06-14,received
3214,487,19,2026-05-21,2026-05-20,received
3215,2954,11,2026-04-21,2026-04-20,received
3216,5849,13,2026-04-27,,in_transit
3217,1529,32,2026-05-20,2026-05-20,received
3218,7406,14,2026-06-01,2026-06-06,received
3219,1644,20,2026-05-16,2026-05-20,received
3220,2327,29,2026-05-03,2026-05-08,received
3221,2336,6,2026-05-16,2026-05-18,received
3222,2164,35,2026-05-28,2026-05-30,received
3223,1715,61,2026-05-24,,cancelled
3224,3214,19,2026-04-22,2026-04-21,received
3225,7797,16,2026-06-04,2026-06-07,received
3226,2551,9,2026-06-24,,in_transit
3227,4954,48,2026-06-12,2026-06-13,received
3228,5304,4,2026-04-22,2026-04-21,received
3229,547,14,2026-04-30,2026-05-04,received
3230,1590,9,2026-06-30,,cancelled
3231,4813,63,2026-05-17,2026-05-19,received
3232,3705,11,2026-06-08,2026-06-07,received
3233,4443,49,2026-05-07,2026-05-06,received
3234,4570,10,2026-04-15,2026-04-15,received
3235,7275,56,2026-04-16,2026-04-17,received
3236,960,26,2026-06-13,2026-06-16,received
3237,2389,14,2026-06-08,2026-06-11,received
3238,4894,37,2026-06-10,,cancelled
3239,3806,56,2026-04-13,2026-04-16,received
3240,4411,26,2026-04-28,2026-04-28,received
3241,1075,9,2026-04-05,2026-04-05,received
3242,605,27,2026-05-03,2026-05-06,received
3243,5186,4,2026-06-14,2026-06-16,received
3244,1573,3,2026-06-11,2026-06-14,received
3245,4123,50,2026-06-22,2026-06-23,received
3246,3103,42,2026-06-13,2026-06-14,received
3247,218,4,2026-04-29,2026-05-01,received
3248,2332,27,2026-04-21,2026-04-25,received
3249,6092,9,2026-06-30,2026-07-04,received
3250,3844,53,2026-06-12,2026-06-14,received
3251,585,10,2026-05-03,2026-05-04,received
3252,1094,12,2026-05-30,2026-05-30,received
3253,3054,11,2026-06-13,,cancelled
3254,1396,57,2026-06-01,2026-06-05,received
3255,1979,49,2026-04-06,2026-04-08,received
3256,3321,39,2026-05-01,,in_transit
3257,2029,65,2026-04-03,2026-04-05,received
3258,5490,52,2026-04-29,2026-04-30,received
3259,885,45,2026-05-22,,cancelled
3260,2231,27,2026-05-28,2026-05-28,received
3261,2608,5,2026-06-19,2026-06-23,received
3262,4121,64,2026-04-10,2026-04-15,received
3263,7290,30,2026-06-18,2026-06-20,received
3264,915,61,2026-05-20,2026-05-23,received
3265,1423,29,2026-04-27,2026-04-27,received
3266,7598,48,2026-04-06,2026-04-11,received
3267,5855,7,2026-06-30,2026-06-30,received
3268,6821,6,2026-06-17,,in_transit
3269,1649,54,2026-06-17,2026-06-19,received
3270,4161,5,2026-06-27,2026-07-01,received
3271,3876,1,2026-06-07,2026-06-09,received
3272,3804,54,2026-05-13,2026-05-12,received
3273,3176,49,2026-04-05,2026-04-09,received
3274,4370,18,2026-04-08,2026-04-07,received
3275,5548,48,2026-05-23,2026-05-23,received
3276,721,38,2026-04-24,2026-04-23,received
3277,2753,33,2026-04-13,2026-04-12,received
3278,4676,43,2026-05-25,2026-05-25,received
3279,2478,7,2026-06-19,2026-06-19,received
3280,131,39,2026-05-03,2026-05-02,received
3281,5729,3,2026-05-05,,in_transit
3282,5585,39,2026-04-18,2026-04-20,received
3283,806,8,2026-05-18,2026-05-22,received
3284,531,47,2026-06-25,2026-06-26,received
3285,2443,12,2026-06-26,2026-06-29,received
3286,4559,22,2026-06-09,2026-06-13,received
3287,4230,45,2026-06-24,,pending
3288,4618,5,2026-06-07,2026-06-07,received
3289,5454,55,2026-04-10,2026-04-11,received
3290,3022,64,2026-05-03,2026-05-05,received
3291,884,34,2026-04-22,2026-04-24,received
3292,183,19,2026-06-28,2026-07-02,received
3293,7095,23,2026-04-19,2026-04-22,received
3294,3849,58,2026-04-29,,in_transit
3295,4252,50,2026-05-30,2026-06-02,received
3296,7765,53,2026-06-06,2026-06-06,received
3297,6421,41,2026-05-13,2026-05-16,received
3298,3806,29,2026-05-06,2026-05-07,received
3299,4193,60,2026-04-06,2026-04-11,received
3300,1770,60,2026-04-20,2026-04-21,received
3301,3454,12,2026-06-09,2026-06-12,received
3302,6138,62,2026-06-08,2026-06-09,received
3303,1225,26,2026-05-02,,pending
3304,1403,54,2026-05-06,2026-05-09,received
3305,3352,16,2026-05-06,2026-05-09,received
3306,1107,59,2026-04-03,2026-04-08,received
3307,4366,60,2026-05-25,,cancelled
3308,5390,66,2026-04-11,,in_transit
3309,5412,56,2026-05-29,,cancelled
3310,1509,5,2026-05-20,2026-05-23,received
3311,2445,12,2026-05-23,2026-05-22,received
3312,4076,37,2026-06-26,2026-07-01,received
3313,6967,15,2026-05-30,2026-05-31,received
3314,2176,22,2026-04-03,2026-04-02,received
3315,854,47,2026-04-02,2026-04-02,received
3316,4830,68,2026-04-26,2026-04-25,received
3317,5763,51,2026-06-28,2026-06-27,received
3318,4595,58,2026-06-28,2026-06-28,received
3319,1942,5,2026-04-03,2026-04-05,received
3320,5097,59,2026-04-17,2026-04-19,received
3321,4714,50,2026-05-28,2026-05-27,received
3322,2942,24,2026-05-27,2026-05-30,received
3323,5089,16,2026-06-26,,pending
3324,2173,44,2026-06-08,2026-06-10,received
3325,3936,55,2026-05-09,2026-05-13,received
3326,2076,2,2026-06-17,2026-06-19,received
3327,826,15,2026-04-01,2026-04-03,received
3328,6822,2,2026-04-23,2026-04-27,received
3329,1485,35,2026-05-06,2026-05-10,received
3330,5171,14,2026-06-19,2026-06-24,received
3331,4697,55,2026-05-08,2026-05-12,received
3332,808,26,2026-06-07,,in_transit
3333,3113,51,2026-06-22,2026-06-26,received
3334,5154,59,2026-06-08,2026-06-08,received
3335,1504,9,2026-04-03,2026-04-05,received
3336,2438,60,2026-04-13,2026-04-18,received
3337,2250,49,2026-06-12,,pending
3338,3597,28,2026-04-04,,in_transit
3339,1341,67,2026-04-14,,cancelled
3340,4197,67,2026-06-10,2026-06-11,received
3341,3877,40,2026-04-14,2026-04-18,received
3342,86,13,2026-05-20,2026-05-22,received
3343,2160,63,2026-06-29,2026-07-01,received
3344,536,2,2026-05-18,2026-05-22,received
3345,5493,53,2026-05-23,2026-05-28,received
3346,2585,20,2026-06-25,,pending
3347,137,51,2026-05-10,2026-05-13,received
3348,1361,59,2026-05-16,,in_transit
3349,4380,41,2026-05-06,2026-05-09,received
3350,4014,21,2026-06-05,2026-06-05,received
3351,1829,63,2026-04-09,2026-04-14,received
3352,5780,5,2026-04-08,2026-04-13,received
3353,4275,48,2026-04-01,2026-04-04,received
3354,6909,17,2026-04-24,2026-04-25,received
3355,5031,65,2026-04-16,2026-04-18,received
3356,257,4,2026-05-23,2026-05-22,received
3357,807,49,2026-06-21,,in_transit
3358,7024,3,2026-06-10,2026-06-14,received
3359,3354,21,2026-05-19,2026-05-20,received
3360,990,48,2026-06-06,2026-06-11,received
3361,3364,39,2026-06-28,2026-07-03,received
3362,3661,55,2026-04-10,2026-04-11,received
3363,2099,23,2026-06-19,2026-06-21,received
3364,6422,17,2026-06-19,2026-06-18,received
3365,795,68,2026-05-14,,cancelled
3366,2993,4,2026-06-21,2026-06-25,received
3367,1194,52,2026-05-13,2026-05-17,received
3368,242,23,2026-06-10,2026-06-09,received
3369,3805,24,2026-04-01,2026-04-02,received
3370,3904,41,2026-05-21,2026-05-20,received
3371,6293,63,2026-06-22,2026-06-26,received
3372,316,24,2026-05-24,2026-05-26,received
3373,4500,48,2026-04-07,2026-04-11,received
3374,6517,55,2026-05-12,2026-05-11,received
3375,367,25,2026-05-12,2026-05-16,received
3376,6605,68,2026-04-28,2026-04-28,received
3377,4380,34,2026-04-15,2026-04-16,received
3378,6523,62,2026-05-30,2026-06-02,received
3379,5218,12,2026-05-19,2026-05-19,received
3380,4880,48,2026-05-21,2026-05-21,received
3381,7439,7,2026-05-14,,cancelled
3382,6798,54,2026-04-03,2026-04-02,received
3383,309,62,2026-06-27,2026-06-30,received
3384,5135,59,2026-06-02,2026-06-07,received
3385,2647,45,2026-05-21,2026-05-24,received
3386,693,38,2026-05-04,,pending
3387,7368,52,2026-04-09,2026-04-08,received
3388,4987,55,2026-06-17,2026-06-22,received
3389,949,53,2026-06-04,,in_transit
3390,2269,56,2026-04-18,2026-04-17,received
3391,460,23,2026-06-26,2026-07-01,received
3392,5038,5,2026-06-27,2026-06-26,received
3393,49,27,2026-04-24,2026-04-29,received
3394,2399,65,2026-04-18,2026-04-22,received
3395,4944,10,2026-04-07,2026-04-09,received
3396,7556,28,2026-06-27,2026-07-01,received
3397,362,61,2026-04-13,2026-04-13,received
3398,6389,54,2026-06-30,2026-07-05,received
3399,5458,47,2026-04-08,,in_transit
3400,3554,5,2026-05-23,2026-05-25,received
3401,874,40,2026-05-22,2026-05-23,received
3402,2981,44,2026-05-07,2026-05-08,received
3403,2056,26,2026-04-29,,in_transit
3404,1892,25,2026-04-23,2026-04-24,received
3405,606,33,2026-05-16,2026-05-20,received
3406,3450,17,2026-05-17,,pending
3407,3809,66,2026-05-23,2026-05-26,received
3408,4726,49,2026-04-13,2026-04-16,received
3409,4904,3,2026-06-21,2026-06-25,received
3410,351,51,2026-04-03,,pending
3411,3014,26,2026-05-06,2026-05-06,received
3412,775,37,2026-04-28,,pending
3413,2631,1,2026-05-01,,cancelled
3414,3425,26,2026-04-22,2026-04-26,received
3415,3762,20,2026-05-04,,cancelled
3416,1759,26,2026-05-08,2026-05-13,received
3417,3854,19,2026-05-27,2026-05-27,received
3418,3002,6,2026-05-08,2026-05-13,received
3419,5074,68,2026-06-08,2026-06-11,received
3420,3451,47,2026-06-08,2026-06-11,received
3421,3991,35,2026-06-16,2026-06-20,received
3422,1228,52,2026-04-27,2026-04-26,received
3423,7011,26,2026-05-30,2026-06-02,received
3424,1651,28,2026-06-01,2026-06-05,received
3425,913,4,2026-06-04,,cancelled
3426,12,22,2026-04-06,2026-04-07,received
3427,2557,42,2026-06-20,2026-06-21,received
3428,3423,1,2026-04-10,2026-04-14,received
3429,6792,50,2026-06-27,2026-06-29,received
3430,4324,29,2026-06-06,,pending
3431,6827,9,2026-05-24,,in_transit
3432,3169,66,2026-06-15,2026-06-14,received
3433,919,61,2026-04-05,2026-04-09,received
3434,2804,64,2026-05-12,2026-05-11,received
3435,5396,12,2026-05-10,2026-05-09,received
3436,4875,30,2026-06-15,2026-06-16,received
3437,3316,55,2026-05-20,2026-05-20,received
3438,2819,5,2026-06-18,,pending
3439,1645,65,2026-05-14,2026-05-15,received
3440,3463,3,2026-06-28,,cancelled
3441,3580,36,2026-05-07,2026-05-09,received
3442,2523,64,2026-04-17,,cancelled
3443,2971,60,2026-06-19,,in_transit
3444,2386,25,2026-05-31,2026-05-31,received
3445,4335,57,2026-04-14,2026-04-15,received
3446,2398,21,2026-05-29,2026-06-03,received
3447,4344,50,2026-04-10,2026-04-13,received
3448,4376,55,2026-05-25,2026-05-24,received
3449,1882,31,2026-04-17,2026-04-16,received
3450,4562,55,2026-06-28,2026-06-28,received
3451,6246,28,2026-05-18,2026-05-21,received
3452,7208,66,2026-04-24,,pending
3453,473,16,2026-04-08,2026-04-08,received
3454,2658,22,2026-04-19,,in_transit
3455,6404,13,2026-06-13,,cancelled
3456,1856,25,2026-06-21,,pending
3457,3072,57,2026-04-28,2026-04-29,received
3458,5511,67,2026-05-13,,in_transit
3459,592,45,2026-05-10,,pending
3460,3130,52,2026-04-01,2026-04-02,received
3461,6738,4,2026-06-07,2026-06-11,received
3462,7732,29,2026-06-25,,cancelled
3463,5368,20,2026-04-13,2026-04-13,received
3464,4361,31,2026-06-18,2026-06-23,received
3465,867,32,2026-05-17,,pending
3466,3497,47,2026-05-12,,in_transit
3467,736,26,2026-06-29,2026-06-28,received
3468,3701,60,2026-04-15,,in_transit
3469,583,49,2026-06-07,2026-06-10,received
3470,3937,8,2026-05-06,,cancelled
3471,164,66,2026-06-10,2026-06-09,received
3472,2469,49,2026-06-16,2026-06-16,received
3473,2335,17,2026-05-21,2026-05-22,received
3474,6612,35,2026-06-05,2026-06-10,received
3475,2356,42,2026-04-12,2026-04-14,received
3476,2346,49,2026-04-27,2026-05-01,received
3477,4562,31,2026-06-11,,pending
3478,2909,23,2026-06-15,,pending
3479,2480,40,2026-04-22,2026-04-23,received
3480,2489,59,2026-05-31,,in_transit
3481,73,68,2026-04-28,,in_transit
3482,3007,11,2026-05-21,2026-05-24,received
3483,4153,63,2026-06-03,2026-06-07,received
3484,1216,2,2026-05-13,2026-05-14,received
3485,1889,31,2026-06-08,2026-06-13,received
3486,4409,59,2026-06-20,2026-06-21,received
3487,3481,20,2026-06-13,,in_transit
3488,1221,48,2026-05-23,2026-05-22,received
3489,905,19,2026-05-31,2026-06-03,received
3490,1807,18,2026-04-23,2026-04-26,received
3491,1522,12,2026-04-13,2026-04-15,received
3492,6720,65,2026-05-20,,in_transit
3493,7828,59,2026-04-24,2026-04-23,received
3494,4765,11,2026-04-27,2026-04-27,received
3495,300,68,2026-04-30,2026-05-04,received
3496,6660,62,2026-05-30,,pending
3497,2438,58,2026-06-26,2026-06-27,received
3498,3845,51,2026-05-20,2026-05-20,received
3499,3774,44,2026-05-22,2026-05-22,received
3500,2526,22,2026-04-26,2026-04-25,received
3501,4036,7,2026-05-03,,cancelled
3502,795,52,2026-06-20,2026-06-19,received
3503,4875,53,2026-05-22,2026-05-23,received
3504,4491,58,2026-05-26,2026-05-30,received
3505,4532,12,2026-04-03,,cancelled
3506,3628,45,2026-04-22,2026-04-23,received
3507,324,45,2026-04-28,2026-05-02,received
3508,6903,41,2026-06-23,2026-06-24,received
3509,5481,16,2026-04-06,2026-04-07,received
3510,6605,63,2026-06-18,2026-06-18,received
3511,51,6,2026-04-21,2026-04-25,received
3512,2792,33,2026-06-11,2026-06-14,received
3513,4653,60,2026-04-24,2026-04-29,received
3514,4219,36,2026-06-07,2026-06-06,received
3515,6850,26,2026-05-28,,in_transit
3516,5189,57,2026-06-21,,in_transit
3517,2009,47,2026-06-25,2026-06-30,received
3518,1163,19,2026-06-07,2026-06-11,received
3519,5683,17,2026-06-20,2026-06-24,received
3520,956,30,2026-04-02,2026-04-06,received
3521,5304,6,2026-05-18,2026-05-17,received
3522,4455,4,2026-06-30,2026-07-03,received
3523,4201,39,2026-06-07,2026-06-11,received
3524,3253,29,2026-06-09,2026-06-11,received
3525,1298,62,2026-06-13,2026-06-12,received
3526,5440,46,2026-04-06,2026-04-06,received
3527,1546,54,2026-05-04,2026-05-09,received
3528,4942,50,2026-05-11,2026-05-10,received
3529,4277,15,2026-04-20,2026-04-19,received
3530,1499,20,2026-04-19,2026-04-18,received
3531,5607,67,2026-05-05,2026-05-06,received
3532,289,8,2026-04-16,2026-04-20,received
3533,4942,43,2026-06-30,2026-06-29,received
3534,5374,5,2026-06-14,2026-06-14,received
3535,4262,52,2026-06-16,2026-06-16,received
3536,3068,7,2026-06-16,2026-06-15,received
3537,6751,25,2026-05-06,2026-05-08,received
3538,4049,66,2026-04-23,2026-04-26,received
3539,1235,7,2026-05-22,2026-05-23,received
3540,2186,60,2026-05-21,2026-05-26,received
3541,528,26,2026-06-27,,pending
3542,2515,27,2026-04-07,2026-04-09,received
3543,3874,66,2026-04-25,2026-04-28,received
3544,547,56,2026-06-11,2026-06-16,received
3545,2646,9,2026-06-22,,in_transit
3546,5010,39,2026-04-15,,pending
3547,980,55,2026-05-11,2026-05-16,received
3548,135,45,2026-04-18,2026-04-17,received
3549,7322,52,2026-05-08,2026-05-07,received
3550,3895,18,2026-04-10,2026-04-12,received
3551,7861,15,2026-04-01,2026-04-06,received
3552,5070,6,2026-04-05,2026-04-04,received
3553,3729,68,2026-04-19,,pending
3554,3836,40,2026-05-16,,in_transit
3555,6547,2,2026-06-17,2026-06-20,received
3556,4745,17,2026-04-14,2026-04-17,received
3557,1388,24,2026-05-07,2026-05-06,received
3558,595,33,2026-06-07,,in_transit
3559,4559,26,2026-06-26,,cancelled
3560,1917,29,2026-05-05,2026-05-08,received
3561,395,25,2026-06-11,2026-06-14,received
3562,7090,58,2026-06-22,2026-06-26,received
3563,7593,2,2026-05-01,2026-05-03,received
3564,1052,10,2026-04-27,2026-05-02,received
3565,7840,5,2026-06-06,,pending
3566,3593,61,2026-05-11,2026-05-14,received
3567,5587,3,2026-04-29,2026-05-02,received
3568,3190,31,2026-05-12,,cancelled
3569,6401,16,2026-05-12,,cancelled
3570,2524,14,2026-06-18,,cancelled
3571,369,34,2026-04-10,2026-04-15,received
3572,3522,47,2026-06-09,,cancelled
3573,4265,10,2026-04-30,2026-04-30,received
3574,789,43,2026-05-03,2026-05-03,received
3575,4409,10,2026-06-13,2026-06-18,received
3576,576,29,2026-06-20,2026-06-23,received
3577,4000,65,2026-04-19,2026-04-19,received
3578,3303,18,2026-05-16,2026-05-15,received
3579,6134,5,2026-05-02,2026-05-07,received
3580,3594,23,2026-04-16,2026-04-21,received
3581,367,2,2026-04-20,2026-04-22,received
3582,2520,33,2026-05-09,2026-05-11,received
3583,3868,54,2026-06-29,,cancelled
3584,6819,29,2026-04-07,2026-04-07,received
3585,5556,68,2026-06-21,,in_transit
3586,7807,62,2026-06-08,2026-06-08,received
3587,2849,39,2026-06-25,2026-06-25,received
3588,2252,35,2026-06-06,2026-06-09,received
3589,1328,29,2026-05-01,2026-05-04,received
3590,2520,37,2026-04-14,2026-04-18,received
3591,1882,51,2026-04-30,2026-04-30,received
3592,6294,52,2026-04-10,2026-04-10,received
3593,463,26,2026-06-29,2026-06-28,received
3594,2139,29,2026-04-21,2026-04-22,received
3595,312,41,2026-05-24,,cancelled
3596,2508,25,2026-05-12,,pending
3597,6804,23,2026-04-05,,pending
3598,4920,16,2026-06-23,2026-06-22,received
3599,3798,36,2026-06-20,2026-06-20,received
3600,1699,51,2026-06-09,2026-06-14,received
3601,1110,9,2026-05-26,2026-05-28,received
3602,3815,52,2026-05-11,2026-05-15,received
3603,6736,37,2026-05-22,2026-05-24,received
3604,4152,33,2026-05-08,2026-05-08,received
3605,5586,60,2026-04-17,2026-04-18,received
3606,5489,1,2026-06-20,,in_transit
3607,1895,45,2026-06-26,2026-06-29,received
3608,3227,21,2026-05-09,,cancelled
3609,2786,20,2026-06-29,,pending
3610,286,56,2026-04-03,,in_transit
3611,1216,41,2026-04-18,,cancelled
3612,4731,22,2026-04-18,,pending
3613,1636,39,2026-06-26,2026-06-29,received
3614,4838,68,2026-06-06,,in_transit
3615,771,13,2026-04-10,2026-04-12,received
3616,2570,28,2026-05-01,2026-05-03,received
3617,2680,31,2026-06-06,2026-06-06,received
3618,1819,23,2026-04-04,,pending
3619,2591,53,2026-04-09,,pending
3620,327,31,2026-04-02,,pending
3621,917,17,2026-06-25,2026-06-25,received
3622,6116,33,2026-04-16,2026-04-15,received
3623,7440,30,2026-04-27,2026-04-26,received
3624,6638,1,2026-06-29,,pending
3625,1272,52,2026-04-25,2026-04-25,received
3626,2810,40,2026-06-14,2026-06-19,received
3627,5199,54,2026-06-18,2026-06-19,received
3628,7643,62,2026-06-17,2026-06-17,received
3629,1866,63,2026-04-05,2026-04-07,received
3630,3429,9,2026-06-21,2026-06-24,received
3631,2400,23,2026-06-15,,in_transit
3632,4855,17,2026-05-04,2026-05-04,received
3633,3826,20,2026-05-10,2026-05-13,received
3634,7001,51,2026-05-24,2026-05-25,received
3635,2560,52,2026-06-29,2026-07-01,received
3636,76,40,2026-04-01,2026-04-02,received
3637,5127,53,2026-04-17,2026-04-16,received
3638,6151,15,2026-06-23,2026-06-26,received
3639,1276,24,2026-04-28,2026-05-01,received
3640,810,26,2026-05-14,,cancelled
3641,7697,58,2026-06-18,2026-06-17,received
3642,1480,9,2026-06-13,,pending
3643,679,13,2026-06-10,,pending
3644,6354,62,2026-05-21,,cancelled
3645,1708,25,2026-06-01,2026-06-03,received
3646,3087,31,2026-04-19,2026-04-19,received
3647,1093,11,2026-05-29,2026-06-03,received
3648,6400,48,2026-04-19,2026-04-21,received
3649,3184,32,2026-05-29,2026-06-02,received
3650,2651,49,2026-04-25,2026-04-27,received
3651,3873,46,2026-06-04,,pending
3652,1357,4,2026-04-08,2026-04-07,received
3653,151,61,2026-05-18,,cancelled
3654,3410,45,2026-04-29,,cancelled
3655,2783,67,2026-05-09,2026-05-13,received
3656,2692,7,2026-05-04,2026-05-03,received
3657,5337,30,2026-05-07,,pending
3658,2505,44,2026-05-28,,in_transit
3659,3022,51,2026-05-08,2026-05-11,received
3660,5358,38,2026-04-26,2026-05-01,received
3661,2820,27,2026-05-14,2026-05-13,received
3662,1056,14,2026-04-10,2026-04-12,received
3663,7836,25,2026-04-21,2026-04-21,received
3664,3029,38,2026-04-28,,in_transit
3665,1042,52,2026-04-05,,pending
3666,6779,20,2026-06-02,2026-06-03,received
3667,7748,42,2026-04-06,2026-04-08,received
3668,681,37,2026-06-21,2026-06-21,received
3669,1891,21,2026-06-17,2026-06-20,received
3670,664,25,2026-06-21,2026-06-26,received
3671,3239,50,2026-04-05,2026-04-05,received
3672,6593,4,2026-06-11,2026-06-15,received
3673,5274,50,2026-04-26,,in_transit
3674,2427,67,2026-05-05,2026-05-07,received
3675,1407,24,2026-04-20,2026-04-25,received
3676,1401,59,2026-05-06,2026-05-11,received
3677,7668,57,2026-04-06,,cancelled
3678,2526,42,2026-06-13,,cancelled
3679,5066,19,2026-05-13,2026-05-16,received
3680,1090,46,2026-04-13,2026-04-13,received
3681,5114,36,2026-05-21,2026-05-21,received
3682,3667,31,2026-06-20,2026-06-19,received
3683,4912,43,2026-06-13,,in_transit
3684,3778,45,2026-06-02,2026-06-05,received
3685,4296,20,2026-05-09,2026-05-13,received
3686,955,44,2026-05-27,,in_transit
3687,3726,48,2026-06-29,,pending
3688,1540,4,2026-06-24,,pending
3689,3659,41,2026-05-17,,cancelled
3690,4572,37,2026-05-07,,pending
3691,2153,38,2026-05-02,,cancelled
3692,6484,31,2026-04-13,2026-04-15,received
3693,4332,55,2026-04-23,2026-04-23,received
3694,7960,41,2026-05-17,2026-05-16,received
3695,574,7,2026-05-16,2026-05-16,received
3696,3781,3,2026-05-02,2026-05-04,received
3697,329,55,2026-04-01,,pending
3698,6114,14,2026-04-29,2026-05-01,received
3699,3861,44,2026-04-20,2026-04-22,received
3700,1333,60,2026-05-14,,pending
3701,1337,3,2026-04-08,2026-04-10,received
3702,7384,33,2026-06-12,2026-06-15,received
3703,3197,15,2026-05-20,2026-05-20,received
3704,5382,58,2026-05-06,2026-05-05,received
3705,5966,21,2026-04-03,2026-04-03,received
3706,1647,42,2026-04-30,2026-05-02,received
3707,375,42,2026-06-02,2026-06-07,received
3708,7372,64,2026-05-08,2026-05-12,received
3709,7337,19,2026-05-19,2026-05-19,received
3710,160,64,2026-04-15,2026-04-20,received
3711,7528,25,2026-06-08,2026-06-08,received
3712,4926,25,2026-06-02,2026-06-06,received
3713,2689,61,2026-06-10,2026-06-12,received
3714,2611,67,2026-06-19,2026-06-23,received
3715,3094,19,2026-04-01,2026-04-06,received
3716,4664,57,2026-06-25,2026-06-30,received
3717,3405,3,2026-05-03,2026-05-04,received
3718,155,42,2026-05-10,,pending
3719,4685,44,2026-06-19,,in_transit
3720,3479,32,2026-05-26,2026-05-26,received
3721,2056,63,2026-05-19,2026-05-18,received
3722,644,53,2026-04-04,2026-04-04,received
3723,4680,31,2026-04-29,2026-05-02,received
3724,510,1,2026-04-03,2026-04-02,received
3725,2806,30,2026-06-08,,in_transit
3726,3342,37,2026-05-30,2026-05-31,received
3727,5735,26,2026-05-13,,pending
3728,1181,60,2026-06-24,2026-06-25,received
3729,4733,37,2026-06-10,2026-06-12,received
3730,2044,28,2026-05-31,2026-05-30,received
3731,1589,16,2026-05-01,,cancelled
3732,3713,31,2026-04-22,2026-04-26,received
3733,4385,37,2026-05-15,2026-05-18,received
3734,2717,63,2026-04-16,2026-04-15,received
3735,254,18,2026-05-30,2026-06-01,received
3736,1604,32,2026-06-17,2026-06-20,received
3737,1395,29,2026-06-15,2026-06-16,received
3738,2567,5,2026-04-23,,in_transit
3739,1788,11,2026-04-28,2026-04-30,received
3740,5681,15,2026-05-30,,in_transit
3741,5802,49,2026-04-10,2026-04-13,received
3742,2666,9,2026-06-04,2026-06-07,received
3743,5427,53,2026-04-25,2026-04-29,received
3744,7263,43,2026-05-16,2026-05-16,received
3745,5272,13,2026-05-11,2026-05-12,received
3746,7594,17,2026-04-24,2026-04-26,received
3747,4006,67,2026-04-20,2026-04-23,received
3748,3715,53,2026-05-11,2026-05-10,received
3749,4381,43,2026-06-25,,cancelled
3750,4357,9,2026-06-22,,pending
3751,554,34,2026-06-30,2026-06-30,received
3752,5139,23,2026-06-26,2026-06-27,received
3753,4564,53,2026-04-30,2026-05-03,received
3754,1739,58,2026-04-21,2026-04-21,received
3755,500,50,2026-06-08,2026-06-12,received
3756,3250,35,2026-06-15,2026-06-14,received
3757,1067,62,2026-06-27,,pending
3758,4048,58,2026-05-06,2026-05-08,received
3759,1711,46,2026-04-12,2026-04-14,received
3760,3176,29,2026-04-17,2026-04-18,received
3761,2336,45,2026-06-27,2026-06-28,received
3762,2461,7,2026-05-12,2026-05-14,received
3763,5727,48,2026-06-08,,in_transit
3764,4792,12,2026-05-18,2026-05-21,received
3765,1175,30,2026-04-22,2026-04-24,received
3766,1098,57,2026-04-15,2026-04-19,received
3767,390,56,2026-05-26,2026-05-26,received
3768,3454,1,2026-06-28,2026-07-02,received
3769,6371,12,2026-06-07,2026-06-06,received
3770,2368,15,2026-05-25,,pending
3771,959,60,2026-05-07,2026-05-12,received
3772,1230,31,2026-05-23,2026-05-22,received
3773,1479,25,2026-04-28,2026-04-27,received
3774,6864,55,2026-05-24,,pending
3775,4125,1,2026-06-15,2026-06-15,received
3776,4231,40,2026-06-11,2026-06-15,received
3777,6891,14,2026-04-17,2026-04-16,received
3778,5727,5,2026-06-23,2026-06-26,received
3779,3463,8,2026-04-21,,pending
3780,1700,46,2026-06-22,2026-06-22,received
3781,4436,52,2026-05-05,2026-05-10,received
3782,5244,22,2026-06-29,2026-06-30,received
3783,4022,18,2026-04-27,,in_transit
3784,3036,11,2026-05-18,2026-05-22,received
3785,7485,23,2026-04-05,,pending
3786,5504,53,2026-05-08,,cancelled
3787,2684,22,2026-05-22,,in_transit
3788,1462,14,2026-05-07,,pending
3789,4683,66,2026-04-26,2026-04-27,received
3790,5184,19,2026-05-20,2026-05-21,received
3791,3639,13,2026-04-26,2026-05-01,received
3792,3750,51,2026-06-10,2026-06-12,received
3793,6107,56,2026-04-15,2026-04-14,received
3794,1134,68,2026-05-06,2026-05-06,received
3795,5771,35,2026-06-29,2026-06-30,received
3796,5954,36,2026-06-07,2026-06-12,received
3797,2362,63,2026-05-30,2026-06-02,received
3798,1273,44,2026-04-06,2026-04-10,received
3799,2754,37,2026-06-26,2026-07-01,received
3800,5242,29,2026-04-18,2026-04-20,received
3801,1868,24,2026-06-05,2026-06-06,received
3802,7644,12,2026-04-17,,pending
3803,2173,20,2026-05-15,2026-05-16,received
3804,1949,68,2026-04-21,2026-04-20,received
3805,880,48,2026-04-03,2026-04-07,received
3806,1409,16,2026-06-17,2026-06-22,received
3807,5613,5,2026-05-24,2026-05-27,received
3808,3301,39,2026-05-19,2026-05-21,received
3809,547,64,2026-05-25,2026-05-24,received
3810,5365,29,2026-06-21,2026-06-20,received
3811,1523,9,2026-06-22,2026-06-25,received
3812,2464,40,2026-06-04,,pending
3813,3092,15,2026-04-30,,pending
3814,7876,42,2026-06-30,2026-06-30,received
3815,3781,14,2026-04-20,2026-04-20,received
3816,2237,10,2026-06-15,2026-06-19,received
3817,4389,46,2026-06-08,,pending
3818,4384,46,2026-06-14,2026-06-15,received
3819,7483,20,2026-05-24,2026-05-25,received
3820,3127,23,2026-06-27,2026-06-28,received
3821,4724,48,2026-06-28,,cancelled
3822,5485,64,2026-05-01,2026-05-03,received
3823,6458,18,2026-04-04,2026-04-09,received
3824,1793,8,2026-05-13,2026-05-12,received
3825,242,59,2026-06-05,2026-06-10,received
3826,5412,37,2026-05-09,2026-05-14,received
3827,5262,22,2026-04-07,2026-04-06,received
3828,6892,61,2026-04-21,2026-04-24,received
3829,5586,38,2026-04-04,2026-04-04,received
3830,133,32,2026-05-11,,in_transit
3831,1306,54,2026-06-23,,in_transit
3832,140,53,2026-04-26,,in_transit
3833,4268,15,2026-04-28,2026-04-27,received
3834,2459,15,2026-05-08,2026-05-11,received
3835,3520,4,2026-06-21,2026-06-24,received
3836,6324,59,2026-06-06,,cancelled
3837,335,50,2026-06-05,2026-06-10,received
3838,4884,66,2026-06-20,2026-06-23,received
3839,2774,32,2026-05-16,2026-05-21,received
3840,874,1,2026-06-18,2026-06-23,received
3841,2499,27,2026-06-17,2026-06-19,received
3842,255,1,2026-06-12,2026-06-17,received
3843,825,65,2026-04-07,2026-04-12,received
3844,2032,20,2026-04-13,2026-04-15,received
3845,3878,34,2026-05-03,2026-05-05,received
3846,3583,66,2026-05-06,,pending
3847,4715,52,2026-05-23,2026-05-23,received
3848,3015,9,2026-04-07,2026-04-10,received
3849,4552,53,2026-04-12,2026-04-13,received
3850,2952,56,2026-04-08,2026-04-08,received
3851,6531,6,2026-05-17,2026-05-20,received
3852,1662,36,2026-06-12,2026-06-11,received
3853,667,33,2026-05-20,2026-05-23,received
3854,1121,65,2026-05-03,,cancelled
3855,1325,8,2026-06-07,2026-06-12,received
3856,1534,49,2026-06-27,2026-07-01,received
3857,544,25,2026-05-12,2026-05-12,received
3858,4652,15,2026-05-11,,in_transit
3859,172,1,2026-06-28,,cancelled
3860,1338,50,2026-05-21,,cancelled
3861,5304,65,2026-06-22,2026-06-25,received
3862,2684,51,2026-05-05,2026-05-06,received
3863,4768,12,2026-04-10,2026-04-15,received
3864,3659,33,2026-05-19,2026-05-24,received
3865,1898,43,2026-06-05,,cancelled
3866,2734,66,2026-06-20,2026-06-25,received
3867,551,62,2026-04-08,2026-04-10,received
3868,1159,64,2026-04-03,,in_transit
3869,7062,19,2026-05-08,2026-05-12,received
3870,2471,36,2026-04-27,2026-05-02,received
3871,3818,15,2026-05-29,2026-05-28,received
3872,4587,65,2026-05-04,2026-05-03,received
3873,1512,23,2026-05-17,2026-05-19,received
3874,5360,45,2026-04-04,2026-04-08,received
3875,5110,13,2026-06-30,2026-07-05,received
3876,2175,55,2026-06-03,2026-06-02,received
3877,2844,61,2026-04-26,2026-04-26,received
3878,1018,33,2026-06-15,2026-06-15,received
3879,435,10,2026-05-27,2026-05-27,received
3880,438,45,2026-05-13,2026-05-16,received
3881,913,18,2026-05-12,,in_transit
3882,893,28,2026-06-06,,in_transit
3883,1476,59,2026-05-18,,in_transit
3884,74,64,2026-04-29,2026-04-29,received
3885,4453,21,2026-04-11,2026-04-10,received
3886,1054,42,2026-06-03,2026-06-04,received
3887,4170,17,2026-04-27,2026-04-28,received
3888,1267,38,2026-04-30,2026-04-30,received
3889,1944,5,2026-06-11,,pending
3890,4711,50,2026-05-01,2026-04-30,received
3891,1715,64,2026-06-09,2026-06-11,received
3892,592,7,2026-05-27,2026-05-31,received
3893,1545,50,2026-04-22,2026-04-23,received
3894,5914,11,2026-04-10,2026-04-11,received
3895,2963,47,2026-05-22,2026-05-25,received
3896,3778,38,2026-06-10,,in_transit
3897,548,51,2026-06-15,2026-06-15,received
3898,4106,48,2026-06-05,2026-06-04,received
3899,4933,31,2026-05-23,2026-05-28,received
3900,3076,45,2026-05-18,2026-05-23,received
3901,630,1,2026-06-09,2026-06-10,received
3902,3661,60,2026-05-21,2026-05-21,received
3903,5057,45,2026-04-24,2026-04-24,received
3904,4076,16,2026-04-05,2026-04-06,received
3905,4125,34,2026-04-05,2026-04-07,received
3906,2150,38,2026-04-02,2026-04-07,received
3907,328,46,2026-04-10,,in_transit
3908,1092,61,2026-06-29,2026-06-29,received
3909,804,63,2026-05-26,2026-05-25,received
3910,4951,66,2026-06-06,2026-06-07,received
3911,3495,67,2026-06-22,2026-06-26,received
3912,2663,8,2026-05-06,2026-05-09,received
3913,129,52,2026-05-03,2026-05-03,received
3914,5200,63,2026-05-30,2026-05-30,received
3915,3135,5,2026-04-19,2026-04-19,received
3916,3977,33,2026-04-13,2026-04-16,received
3917,4937,21,2026-05-16,2026-05-16,received
3918,6124,40,2026-06-04,,cancelled
3919,3129,12,2026-06-29,2026-07-04,received
3920,949,5,2026-05-21,2026-05-21,received
3921,6336,43,2026-06-03,2026-06-08,received
3922,2025,4,2026-05-02,2026-05-04,received
3923,286,49,2026-05-29,2026-05-28,received
3924,8,28,2026-04-10,2026-04-15,received
3925,1511,8,2026-04-26,2026-04-26,received
3926,5873,22,2026-05-26,2026-05-27,received
3927,1880,36,2026-04-25,2026-04-25,received
3928,2276,32,2026-04-07,2026-04-12,received
3929,5409,20,2026-04-05,,in_transit
3930,5025,27,2026-05-01,2026-05-04,received
3931,6449,5,2026-04-29,,in_transit
3932,730,33,2026-04-26,2026-05-01,received
3933,3895,38,2026-05-13,2026-05-15,received
3934,6772,52,2026-04-27,2026-04-29,received
3935,3139,10,2026-05-21,2026-05-21,received
3936,2491,59,2026-06-22,2026-06-25,received
3937,4279,18,2026-06-07,2026-06-08,received
3938,3059,31,2026-04-29,2026-05-01,received
3939,3003,27,2026-05-20,2026-05-25,received
3940,1892,58,2026-06-19,,in_transit
3941,4136,62,2026-05-02,,in_transit
3942,1852,68,2026-06-30,2026-07-03,received
3943,7843,62,2026-04-07,2026-04-11,received
3944,5290,5,2026-04-03,2026-04-08,received
3945,5385,57,2026-04-05,2026-04-07,received
3946,971,15,2026-05-15,,in_transit
3947,3298,63,2026-04-01,2026-04-05,received
3948,3482,48,2026-05-03,,in_transit
3949,7123,56,2026-04-22,,in_transit
3950,532,12,2026-05-16,2026-05-19,received
3951,1242,59,2026-04-21,,pending
3952,5500,8,2026-05-05,2026-05-07,received
3953,2646,31,2026-06-05,2026-06-05,received
3954,5819,25,2026-06-03,2026-06-02,received
3955,1598,56,2026-05-10,2026-05-14,received
3956,3536,31,2026-04-08,2026-04-10,received
3957,583,63,2026-04-28,,pending
3958,1542,4,2026-04-10,2026-04-10,received
3959,4462,14,2026-05-17,2026-05-18,received
3960,3333,54,2026-04-16,2026-04-16,received
3961,2622,55,2026-06-05,,cancelled
3962,3789,66,2026-05-24,2026-05-29,received
3963,6660,26,2026-05-15,2026-05-14,received
3964,1514,15,2026-05-31,2026-06-04,received
3965,3544,52,2026-06-25,,cancelled
3966,2898,58,2026-06-12,2026-06-17,received
3967,1965,42,2026-04-01,2026-04-03,received
3968,3511,14,2026-04-11,,cancelled
3969,1885,10,2026-05-04,2026-05-04,received
3970,4621,37,2026-05-20,2026-05-20,received
3971,484,26,2026-06-24,,pending
3972,5962,22,2026-06-26,2026-06-26,received
3973,2878,17,2026-06-29,2026-07-02,received
3974,3624,47,2026-06-23,2026-06-24,received
3975,913,9,2026-05-25,,pending
3976,2665,35,2026-05-24,2026-05-23,received
3977,3124,6,2026-06-16,,in_transit
3978,92,22,2026-05-15,,pending
3979,2978,61,2026-04-18,2026-04-22,received
3980,3204,34,2026-06-22,2026-06-22,received
3981,5488,40,2026-05-24,2026-05-25,received
3982,3201,44,2026-06-28,2026-07-02,received
3983,3419,48,2026-05-28,2026-05-29,received
3984,2098,10,2026-04-26,2026-04-29,received
3985,4257,59,2026-05-14,2026-05-15,received
3986,4597,35,2026-05-21,2026-05-21,received
3987,4101,18,2026-06-21,2026-06-22,received
3988,5821,49,2026-04-04,2026-04-09,received
3989,4451,35,2026-05-15,2026-05-19,received
3990,2702,30,2026-04-07,2026-04-07,received
3991,6033,50,2026-04-23,2026-04-25,received
3992,4581,20,2026-05-29,2026-05-28,received
3993,2001,56,2026-05-19,,in_transit
3994,3889,4,2026-05-30,,cancelled
3995,3751,1,2026-06-03,2026-06-08,received
3996,6072,68,2026-06-20,2026-06-20,received
3997,888,11,2026-05-05,2026-05-07,received
3998,4046,11,2026-06-15,2026-06-14,received
3999,3459,62,2026-04-24,2026-04-26,received
4000,7960,39,2026-05-13,2026-05-17,received
